# Domain: ellipse_minus_quadrant (FD, convergence sweep, dense eig full spectrum)
# Resolution M = 135, dofs = 5374
# Computation time: 2.7649 s
# Eigenvalues stored: 5374 of 5374
n,lambda_n
1,5.7844962533933995
2,11.366501179059117
3,14.933694526259247
4,15.629229474766962
5,20.816091167209507
6,26.618196140108722
7,27.180563598691712
8,29.336926562512584
9,34.257220626483395
10,40.613369062539022
11,41.625290625629852
12,43.949688569454885
13,46.054308296277426
14,49.283852493234384
15,51.694003110691796
16,56.76063790651056
17,60.613055944863142
18,62.744671994326133
19,65.097901848216665
20,66.417528077888463
21,71.942637284855678
22,73.240871727645143
23,76.323094559372066
24,83.494160331759147
25,84.01974475526022
26,87.240101226525425
27,89.464740192348884
28,90.414307139782665
29,96.045462798584765
30,98.794717827040628
31,99.881487307657238
32,101.85327420527028
33,109.26419426874497
34,110.37540855197234
35,112.0312253376146
36,112.97659123720813
37,118.33809065527564
38,119.34142738169122
39,125.5390171241016
40,126.01344147680361
41,129.15371925794065
42,133.48190342041386
43,136.54381705944658
44,140.7928351026064
45,141.07065162371575
46,141.09476092857764
47,145.81251464872821
48,151.21026405957858
49,152.29861701451645
50,156.64617941896043
51,158.12051176767199
52,162.66489264165548
53,163.98789038970713
54,167.82005699749902
55,172.64804101718317
56,173.41572357746406
57,174.83467386742598
58,175.46471373354149
59,176.93852416828278
60,182.70437988831094
61,186.17603165869289
62,187.32178972086297
63,192.0001597492026
64,193.76946788343628
65,199.14775387922904
66,200.26524368259433
67,203.31835665790663
68,209.84748134884313
69,211.43038496673623
70,212.70869415631194
71,213.51351063130991
72,213.56594354806393
73,216.8407027176608
74,218.44236908548697
75,226.57855886396197
76,226.92664401296238
77,231.13006301642113
78,235.73130033103621
79,236.13660544001635
80,240.83560590911489
81,243.45828696559573
82,247.86933159276467
83,250.46472063101996
84,253.39538025183512
85,255.03259301025807
86,255.15291665787731
87,255.29285716612711
88,256.70304013119198
89,261.83702100856271
90,262.85180490493974
91,269.79457639393269
92,272.27834625922299
93,274.01566256743797
94,275.88314902843763
95,278.19647317575692
96,284.83503293329227
97,285.8408306435079
98,291.52292897833433
99,294.58338980747601
100,295.33206224056914
101,296.85813150072664
102,299.25233210815543
103,300.1199275575953
104,302.70167675969117
105,303.75783519916121
106,310.65728827258994
107,311.60431078151913
108,315.30661127580584
109,316.06722520968663
110,319.61847220451187
111,321.41582367364663
112,325.44983365441118
113,332.13965032855231
114,332.91413848247799
115,337.86615716692398
116,341.0538896468737
117,341.72033775483158
118,343.80502279367408
119,346.47539247164252
120,348.35840386140148
121,348.39783011829746
122,353.10296870253569
123,355.04425326100318
124,356.75269260696865
125,360.36853451427083
126,365.36631598821293
127,366.48114234817274
128,367.89061105667344
129,367.89189105507387
130,372.57199080878991
131,378.7783582262187
132,379.65498406404782
133,382.60341372701561
134,386.20370583410028
135,391.48851398800156
136,391.76973145252532
137,394.46805132911481
138,395.39715730379362
139,398.76997779113111
140,399.88771804935232
141,403.14344378373778
142,403.24071001876371
143,408.63305666281678
144,412.05203464322614
145,412.67518051112319
146,417.76105405748694
147,419.21791617915801
148,424.69053321560676
149,424.71978680448501
150,426.65773546531381
151,428.14141379046356
152,431.11007054187985
153,436.20690437776466
154,440.29820176498606
155,444.1673913124198
156,445.56522101831268
157,447.36220939542636
158,450.91452012866216
159,451.00779544561107
160,453.86143985058493
161,454.42751959421469
162,456.81214826723999
163,462.57428144811678
164,466.10285190706549
165,467.91270956092541
166,473.04564194665403
167,473.09026955503037
168,474.60347101377488
169,476.29674340477436
170,479.58303312925062
171,482.45269188732766
172,486.83481810476434
173,489.12715602587946
174,490.30208879373566
175,492.93025987484208
176,498.05216704912038
177,500.20241510465371
178,503.26988324137295
179,503.94041849726085
180,504.36984185210667
181,507.57972509142587
182,509.2980130673642
183,512.43318069561451
184,512.93279585296193
185,516.44829087166022
186,523.84937377543997
187,526.42403625606971
188,527.15221723923287
189,530.13062633688128
190,531.99280357811517
191,533.63876880740952
192,536.02410185303859
193,540.64081725782614
194,541.12599177040818
195,548.24553701813147
196,552.36719007402473
197,553.31049804488532
198,554.77065989750145
199,555.54039146424941
200,558.96340897562527
201,560.20835655359838
202,564.84767696832148
203,565.86937312006626
204,566.16881062141078
205,569.9634478532704
206,570.69980016449358
207,574.55275401080848
208,575.85122146688946
209,582.56470909020265
210,582.75845429438368
211,590.47663129635441
212,591.26345608334339
213,592.69422940896743
214,594.15820300347173
215,596.5385814520406
216,597.35355283032982
217,603.50446111780832
218,609.05508667466916
219,611.27062424866995
220,612.22490195727926
221,613.21480587179553
222,617.42006347910512
223,619.66301342462157
224,623.05925674989021
225,624.3001223829242
226,627.01031963245225
227,627.19068634350504
228,629.20739657596778
229,630.79822826964892
230,633.87320071649674
231,634.6376891939575
232,637.52890664896449
233,639.4596555160964
234,641.53373803562522
235,645.22757945006128
236,651.03822642919772
237,654.83416172374791
238,655.89839425050877
239,658.08697481371337
240,659.19770123394801
241,663.24154249191588
242,665.91710769738506
243,665.93460512423542
244,671.01314672609317
245,673.8038288452808
246,677.99354817482345
247,684.21495510499801
248,685.30418620640955
249,685.89196037310955
250,688.50063751652533
251,688.60231960019621
252,693.37492168672497
253,694.9605208797235
254,697.70711646968152
255,700.23630059420577
256,700.28515729761909
257,701.01458360388244
258,701.79883477155761
259,704.66558006214768
260,709.05998691002912
261,709.42332798517282
262,714.09343969196937
263,721.50374404675188
264,722.92159250342729
265,725.06909516542225
266,726.26850539629595
267,728.70084831141344
268,729.88826643348659
269,733.34094407439511
270,736.67754531325591
271,740.38670710193264
272,742.99233885677518
273,745.86886145478945
274,752.91753469790103
275,754.96453941098832
276,755.81273735007028
277,756.66921865303493
278,760.69178061319656
279,760.8622355840912
280,763.09741651246895
281,763.66648174013369
282,767.25943599825575
283,767.81102770863754
284,771.06547409841755
285,771.67744485902813
286,773.42454340573772
287,778.8296744758436
288,780.12113521366575
289,781.52998810274153
290,783.09449212137338
291,790.96126787057869
292,792.29501158584628
293,792.37758249234184
294,793.68159101457115
295,799.87823443440527
296,800.46452024268842
297,803.98153118438972
298,805.02797832041335
299,806.35245643116116
300,809.68310171093594
301,816.11359811531088
302,820.3373026893936
303,821.36128841829259
304,823.87945548335222
305,825.84047902456382
306,828.0854761095535
307,830.88371796406193
308,832.52353227975198
309,835.17426326731879
310,835.35354482272646
311,839.24705741958076
312,840.41360412486154
313,842.90032941512288
314,843.44493454226449
315,847.70380200160491
316,849.49065898286221
317,855.15260183597081
318,855.72716679583607
319,860.26087625984849
320,860.58119520851267
321,862.02456680762259
322,864.09718539502455
323,866.79902775759706
324,869.6113523305504
325,871.87908553052159
326,874.67288164643742
327,877.70494565903164
328,882.58520183348867
329,883.9559329862127
330,885.89991734013756
331,889.01348256411757
332,890.78760797221946
333,893.85061705221699
334,899.65753291582382
335,902.0209527282625
336,903.218522784161
337,905.25081514914018
338,908.11500819241166
339,908.63545651073537
340,910.05756638443813
341,913.27033771619392
342,915.3437390888555
343,916.91825901502057
344,919.25371589160522
345,923.0084357861565
346,926.81439333868184
347,927.1132702614816
348,929.30385003545746
349,933.19553872828942
350,933.87699308674075
351,936.5713385731907
352,938.21475947787735
353,941.96269312506899
354,944.58577702405114
355,946.11812328954568
356,947.11903242143001
357,950.33004014731046
358,956.81245830255784
359,958.18912617419915
360,959.62492529557267
361,960.550002019565
362,963.74455817604257
363,965.29427951598598
364,969.14653224728886
365,971.58064738095118
366,974.95825725884674
367,975.96787529744415
368,978.78553758174746
369,983.23158897243866
370,985.50020261825068
371,988.39582628185724
372,990.27885297414957
373,991.67819716718884
374,991.97399559725977
375,992.76478632858834
376,993.25322608975728
377,994.91427518233945
378,1003.3332285183939
379,1004.422780577478
380,1008.6386394949997
381,1011.7701748017507
382,1012.389290064564
383,1014.7960357332171
384,1014.8578929809222
385,1017.1492588560025
386,1019.0406377317106
387,1025.3039468646077
388,1029.7009405484171
389,1030.8091378274996
390,1032.3025001742878
391,1036.2639149209942
392,1038.1563443297193
393,1039.4093435931889
394,1040.0790080010504
395,1042.5397738381055
396,1043.267500866923
397,1047.3362331451708
398,1052.2262262161557
399,1054.2553902203867
400,1058.4469239983403
401,1062.4401855340595
402,1063.6314462823525
403,1064.5856801264258
404,1066.522808001188
405,1068.0846820068457
406,1069.1048390260733
407,1071.3445356009995
408,1074.3948983635689
409,1075.3704380446472
410,1076.9327500642785
411,1081.9200945013054
412,1081.9481780398175
413,1088.460283472873
414,1090.8888557200246
415,1093.7423688922086
416,1094.6594455360225
417,1095.6290201378238
418,1098.7782296476832
419,1100.3194135341373
420,1101.9827643294361
421,1105.5459232206717
422,1107.8989958095626
423,1110.8926029390536
424,1114.6288282756188
425,1118.0142281066373
426,1120.3190131948779
427,1120.9077423144024
428,1122.8169383647219
429,1123.5431421349851
430,1126.63907505876
431,1129.1338346857149
432,1130.6546981036258
433,1135.4601785291632
434,1136.6854133933482
435,1141.2691275134869
436,1143.2274771896816
437,1145.2763338117909
438,1146.0851065974734
439,1149.0316404439316
440,1149.8416017211987
441,1150.8736231337107
442,1154.4564386604388
443,1157.0644660872815
444,1157.1833248696005
445,1159.8489153920091
446,1161.1866158466185
447,1167.6841015891339
448,1172.2550777801162
449,1173.363525873742
450,1173.9683450050443
451,1175.780237679113
452,1175.8979323654762
453,1179.0768359064164
454,1182.7200245273621
455,1184.6111666607871
456,1185.8089455518755
457,1190.1060043226432
458,1194.4411750761114
459,1196.195427558021
460,1197.8892747853936
461,1201.5812057412315
462,1205.1547384890232
463,1208.4810201019179
464,1210.879197129984
465,1212.0055438639349
466,1212.9211995893731
467,1214.7911393514667
468,1215.5605591217118
469,1216.2619686480884
470,1222.3558661015347
471,1223.458200263746
472,1227.5416022627203
473,1227.7123620919633
474,1229.7877833303696
475,1230.9830839583719
476,1232.8068337753516
477,1236.3024040834421
478,1241.1889199723621
479,1242.1831489436317
480,1245.173267318127
481,1245.9812752854905
482,1251.2128586526476
483,1252.8110868077781
484,1255.578311698956
485,1256.8263469751801
486,1258.9596013396617
487,1261.5645056548776
488,1261.8549298475464
489,1265.8134352250099
490,1265.8849290221394
491,1267.6767073389567
492,1271.1168510765347
493,1273.8401087589539
494,1276.2326313987846
495,1281.7056268725407
496,1284.1625194807359
497,1286.0958297556224
498,1289.4395012641935
499,1291.1728027621493
500,1294.5095536844879
501,1298.0363424883221
502,1298.3265067453513
503,1299.4271688096608
504,1301.3054609644294
505,1302.2134429831119
506,1305.4386297429842
507,1306.9429409826355
508,1308.7582740056057
509,1310.7103285146402
510,1311.725901183574
511,1314.0059894319388
512,1315.0402820734444
513,1320.7123901250548
514,1325.8959266347181
515,1326.6308994039184
516,1327.7629791300199
517,1328.958657988803
518,1332.2927103277545
519,1333.6396802714485
520,1334.4785306314457
521,1339.8028136589378
522,1341.7622433145452
523,1342.8018690771644
524,1344.9682301933547
525,1348.4932580116815
526,1348.8753654173431
527,1353.4813499943407
528,1354.7571156563479
529,1357.9882543799304
530,1358.0116626281872
531,1362.4129530618929
532,1363.9725321675603
533,1368.9597743131085
534,1370.4292653087516
535,1371.3253595828555
536,1371.3901004947393
537,1375.0712761953635
538,1378.3922295770299
539,1384.2472282239703
540,1385.5849609482882
541,1387.6830482783314
542,1389.1725128157796
543,1389.5610749861264
544,1390.6744062013852
545,1392.511648484694
546,1397.7360983715389
547,1399.5610044780492
548,1401.0043402903771
549,1404.0661001759693
550,1406.1091255596511
551,1406.5162597865408
552,1408.3761862967988
553,1413.0983730307189
554,1415.4789430830212
555,1417.2218092771338
556,1420.3955868221421
557,1422.3250512483803
558,1423.1034980624981
559,1425.0543828428611
560,1427.3206034448633
561,1427.3471638931724
562,1430.0490373834598
563,1432.2938910357366
564,1433.8177516519681
565,1442.0833697120854
566,1443.8427169918903
567,1446.5111136828641
568,1449.0165443164019
569,1451.3259500553991
570,1452.5126865433399
571,1453.4076046980153
572,1456.9524022770429
573,1457.7605944773584
574,1460.5576892088714
575,1461.5954204648731
576,1463.0262821761974
577,1468.2101985909144
578,1469.228152194082
579,1471.2946843229165
580,1475.5545675469914
581,1478.441697108708
582,1480.8635366055264
583,1482.5889493801199
584,1484.0574357210091
585,1484.4962459377173
586,1489.2997750941422
587,1490.6037853737494
588,1492.2488897464584
589,1493.4361202150424
590,1496.7838069385716
591,1498.2159865565598
592,1498.7114448173527
593,1504.4973424173277
594,1504.5629081172763
595,1507.0747353726358
596,1508.7087994087012
597,1509.1420989115181
598,1512.7767954366902
599,1513.9749768089202
600,1516.418161556202
601,1519.3897152972479
602,1522.1541787882306
603,1523.3660853714423
604,1523.5371499883186
605,1531.2276336270534
606,1531.7635981066016
607,1533.9019502442122
608,1536.3538400616462
609,1541.4644526348243
610,1541.6686343577508
611,1542.8437726569903
612,1543.6756639733619
613,1545.9332975807781
614,1546.7395822961389
615,1547.6870320227833
616,1553.1280530990693
617,1556.2898847027582
618,1560.0891048062749
619,1560.8646796722442
620,1562.5291091525942
621,1566.8630709301437
622,1568.6934465558581
623,1571.1230809501742
624,1574.2569764325081
625,1575.7824323787861
626,1576.1546727153702
627,1577.4670054806838
628,1578.9007990480882
629,1580.4757929083244
630,1582.4733452232065
631,1585.4119767218226
632,1589.0046965824772
633,1592.4453891986789
634,1595.6865990079211
635,1598.1165738052148
636,1599.0852710222091
637,1602.0135430444866
638,1603.9851972808142
639,1606.5991692400548
640,1607.2503177551212
641,1608.8327456152226
642,1610.2620183142571
643,1612.327247611169
644,1615.0514425388481
645,1615.8238729016896
646,1617.3775881163506
647,1619.9240990916567
648,1624.4381615879686
649,1627.2852365541244
650,1627.3314974820821
651,1632.0634695067617
652,1635.0958929185067
653,1635.2469128362522
654,1637.2214404766826
655,1639.0535774560769
656,1640.2346940527232
657,1644.5366759417138
658,1648.3727081836857
659,1651.7996003603823
660,1652.5197588524961
661,1653.9922629755404
662,1658.1219576096637
663,1659.9051447249244
664,1661.9810576395391
665,1663.6850964842013
666,1666.1268382360774
667,1666.5437225552841
668,1670.7493053176315
669,1670.959508729467
670,1672.6189330985057
671,1672.9054356590218
672,1674.1506437687299
673,1676.8982016758523
674,1681.5639215535655
675,1684.9573846427486
676,1688.453703239325
677,1689.6358000803605
678,1692.4076032505959
679,1696.4009623168383
680,1697.3861847000214
681,1699.3228658480887
682,1700.2302177702506
683,1702.8781065923799
684,1703.8027633325978
685,1707.3920412022387
686,1707.6670244692637
687,1708.7234093636985
688,1709.4673984155113
689,1712.1731299895789
690,1712.8131641385892
691,1713.1835585889498
692,1714.9836237923064
693,1718.4470131745866
694,1722.6541103176562
695,1725.3264902232008
696,1730.1520008928981
697,1730.1824177864082
698,1733.7523974026628
699,1737.4764339998007
700,1740.957850060702
701,1743.4477074027129
702,1743.5234605827088
703,1744.5867673396447
704,1746.662638529164
705,1746.947029488206
706,1750.1764397919878
707,1751.7757433391212
708,1754.6613819400818
709,1755.2203520023697
710,1757.0020242851535
711,1760.7817265858803
712,1764.948742970807
713,1765.5058041344134
714,1766.2164684656243
715,1767.0268557374607
716,1770.5221855096647
717,1773.7088239051957
718,1774.1309122664109
719,1781.8046180321112
720,1782.1185996773429
721,1786.8571856161891
722,1787.6226307906109
723,1790.0004362656134
724,1791.3957391589836
725,1792.4542012134855
726,1792.819453866028
727,1796.1941126433217
728,1798.4276320498889
729,1800.2094671213376
730,1800.6975517602966
731,1804.8108589934222
732,1806.733178719426
733,1808.6168548735088
734,1810.0194293346435
735,1813.290429866797
736,1813.8857914243217
737,1815.476661619779
738,1817.7572921748542
739,1820.5417068055813
740,1822.3244883589421
741,1827.2431955440907
742,1827.806191363665
743,1830.7926248768927
744,1831.8418839945025
745,1835.1739993101128
746,1835.5777227023134
747,1838.4911394343462
748,1839.2092769870776
749,1841.8045170930441
750,1844.9537264277124
751,1846.0381025557224
752,1848.2017779131797
753,1851.5814881121394
754,1853.2950464063492
755,1855.0506286137763
756,1858.353803902924
757,1860.9883029624871
758,1862.7393433753361
759,1865.3956640504191
760,1867.6329149608284
761,1869.3365616922699
762,1871.2566692126065
763,1873.9767758653009
764,1875.48877843269
765,1876.4063321607744
766,1879.9223289741317
767,1881.5363788042066
768,1882.9338909669166
769,1883.0531226317873
770,1888.4053930297837
771,1888.788090213304
772,1889.8832934656289
773,1895.9300413956182
774,1898.1891003873941
775,1898.4850084437708
776,1901.4225333874354
777,1902.1082723530449
778,1905.9837875014296
779,1908.1886396117966
780,1908.4375630217417
781,1910.597256210641
782,1912.3489609905878
783,1916.122771727026
784,1917.1315751796512
785,1917.6103638866205
786,1918.522803874685
787,1923.7667839620165
788,1924.0498400756469
789,1925.4748489408857
790,1926.3270829185847
791,1928.9446400436436
792,1931.8342542908376
793,1932.134540101104
794,1936.7880681749921
795,1939.9083776415471
796,1940.0657473668591
797,1943.2703297572043
798,1944.2561149453918
799,1944.7651702704643
800,1947.2157109485568
801,1949.4572231605878
802,1953.5648814939871
803,1960.612466618255
804,1961.4700990516376
805,1962.0140153990278
806,1963.9898953164895
807,1964.2400983188734
808,1967.0982909134211
809,1968.2353675640295
810,1969.0890234241867
811,1971.2151350642139
812,1974.4348263024867
813,1975.6199538276701
814,1976.4917449632871
815,1981.5511055561087
816,1981.9548877093191
817,1983.9796884411996
818,1985.0445548287455
819,1987.1692551722576
820,1992.1334082950209
821,1994.2756632996059
822,1997.3889990393861
823,2001.2132812997759
824,2003.7435365695601
825,2004.7827156477033
826,2006.0277542750246
827,2007.2591976897288
828,2008.0473642027266
829,2010.214342666123
830,2011.9157061939559
831,2013.2929745580097
832,2017.8312360365665
833,2018.0336975395642
834,2020.6525909377788
835,2022.1591766678555
836,2023.3211550224287
837,2024.3138690000594
838,2028.248022831483
839,2028.9403093373317
840,2030.3858783050066
841,2032.3620774018582
842,2035.201329216708
843,2038.2333462629288
844,2041.2767013818122
845,2043.082578769737
846,2043.9934783833239
847,2047.7043132266622
848,2050.0343494908921
849,2050.2070673140984
850,2052.2678494600314
851,2055.6311970402166
852,2058.4645688732862
853,2059.3435900327681
854,2061.311307306672
855,2063.6920507872842
856,2064.4732611740874
857,2067.2619110895707
858,2068.3845648998658
859,2073.5994410264984
860,2073.7797281995581
861,2077.5833899281101
862,2078.3437414144687
863,2078.5497162962502
864,2080.6996088195183
865,2085.7557099063602
866,2088.1191644305122
867,2089.4168089251907
868,2090.3448955819754
869,2092.9895565970405
870,2097.1749811610612
871,2099.8321621268947
872,2100.1280964611847
873,2100.7403942605297
874,2101.2007776904466
875,2104.1768484354016
876,2107.5444111461629
877,2108.6102048669582
878,2110.7109542721628
879,2111.1143900358556
880,2112.6473112367216
881,2116.2661624213783
882,2118.4643967929123
883,2118.4854577031469
884,2122.3168871208986
885,2123.7410252242589
886,2124.3715057756863
887,2128.2637525629307
888,2128.4941104154677
889,2131.5957766437427
890,2132.7430840654474
891,2133.8225702155742
892,2139.6876687098311
893,2139.8858140386287
894,2140.1351688719583
895,2142.1347508108552
896,2143.7305763363474
897,2145.7876163328001
898,2147.9214759650276
899,2151.4639609534361
900,2151.8019279521773
901,2157.266850106937
902,2157.4921581185122
903,2159.1850694577079
904,2162.5014088149492
905,2164.2309446510567
906,2167.1994773904657
907,2168.4332226156457
908,2168.7299739433397
909,2173.6103430751973
910,2176.027557376663
911,2176.6445992895615
912,2178.1075019909053
913,2182.088207886603
914,2183.4435340833656
915,2183.5247750354029
916,2186.6900967043716
917,2187.5177989417452
918,2190.7053334948978
919,2190.8501232512963
920,2195.1836816775221
921,2197.2239587594436
922,2199.4490090535069
923,2201.3256122214161
924,2203.6551393871241
925,2206.7367289382778
926,2208.1119619690544
927,2209.9484675376661
928,2212.7929075560505
929,2214.5965971442838
930,2215.9045674923718
931,2216.8000236963571
932,2219.287976535988
933,2219.4930377449036
934,2222.3120466506348
935,2222.9812374703338
936,2224.5223087449504
937,2226.5445521010042
938,2227.8928458309524
939,2230.5506027838919
940,2231.4571834191379
941,2237.0253718764502
942,2238.5290281872153
943,2239.2173633786679
944,2243.6866118275434
945,2245.608819351256
946,2245.7722493175052
947,2247.6576344296659
948,2250.0619341669408
949,2251.7278209907513
950,2253.257792994048
951,2254.6491828923631
952,2255.6294024319436
953,2258.3297011226491
954,2259.4162322298421
955,2262.7177776732274
956,2266.7255707894078
957,2270.4810812651131
958,2271.307085035422
959,2272.967401831067
960,2274.2299404716455
961,2277.1638971622101
962,2279.3439404486016
963,2280.4645607910802
964,2282.9847837877232
965,2285.7381733728771
966,2286.4343713174544
967,2286.8840118878757
968,2289.4163854343301
969,2290.8516351598223
970,2293.2308471239012
971,2295.3614086387561
972,2299.3463807025828
973,2301.1384928664893
974,2304.6679916606677
975,2305.3717723849654
976,2308.4274936133938
977,2311.048602464291
978,2311.2604209391188
979,2313.0017008388163
980,2314.0045142162448
981,2316.4145408228255
982,2317.6387088081101
983,2320.739822909421
984,2320.9322643591372
985,2324.294251727456
986,2326.5857167131553
987,2327.4072796637724
988,2328.0228202533763
989,2329.3362002428921
990,2330.8555294660559
991,2333.2188914608751
992,2335.9599689344991
993,2339.3938507127182
994,2339.7060795357866
995,2342.5445668025254
996,2343.2559930884486
997,2344.5122155222934
998,2347.0107674949613
999,2349.2180611151384
1000,2351.0551565927776
1001,2352.1302179038216
1002,2354.6294964658618
1003,2355.262553012019
1004,2358.0309920739819
1005,2359.8520106188867
1006,2360.4157832415181
1007,2365.5194540287898
1008,2371.0712817931817
1009,2372.2817112350781
1010,2374.3066162808
1011,2374.637719828318
1012,2375.4666228333454
1013,2376.2215838934685
1014,2376.7888188854681
1015,2382.0878672950339
1016,2384.8309910461917
1017,2385.018551720801
1018,2385.5683495088469
1019,2387.584025435774
1020,2390.3127606051894
1021,2391.1158230185843
1022,2393.3758645031539
1023,2394.9984435349552
1024,2397.8850986292646
1025,2398.6166663656186
1026,2402.0152600469269
1027,2407.2086941669995
1028,2408.380095552156
1029,2411.0035979456898
1030,2411.2728409866354
1031,2412.6630455688746
1032,2412.903500553859
1033,2415.3797718052092
1034,2417.664042453941
1035,2418.9266562755633
1036,2419.5050902890907
1037,2425.0138823536436
1038,2425.9767066041795
1039,2426.0515929512271
1040,2426.8693737896338
1041,2429.2894054980297
1042,2432.6529299469603
1043,2434.3493005222654
1044,2435.6511774938554
1045,2436.9555600368362
1046,2439.2086700787813
1047,2442.3799191831877
1048,2444.6260285401827
1049,2447.0056803183747
1050,2447.5505203228254
1051,2447.5749007953013
1052,2451.8171546857529
1053,2454.2260442071588
1054,2455.9850408910575
1055,2456.9422786703094
1056,2458.7997290864655
1057,2459.6845676411776
1058,2461.4657537426865
1059,2464.8314981458748
1060,2466.388265211328
1061,2467.168989398047
1062,2471.1409189464853
1063,2471.8788645648915
1064,2473.2959446693517
1065,2476.5113505630529
1066,2478.1587114316958
1067,2480.8793087691147
1068,2482.4111615430302
1069,2483.4875396320886
1070,2485.1399316172788
1071,2489.4098570270312
1072,2490.9419095403832
1073,2490.9932025337434
1074,2495.2827950813553
1075,2496.2200152795317
1076,2498.1890573296555
1077,2499.4727197177358
1078,2500.2460917673993
1079,2504.5430557610539
1080,2506.1846982561447
1081,2508.0644543806402
1082,2510.7810727226074
1083,2510.9932477520515
1084,2513.3350068384616
1085,2516.415205190237
1086,2517.5632553543273
1087,2518.4601250447072
1088,2521.8981286812495
1089,2523.3206837201883
1090,2523.7702162040637
1091,2526.0180963725102
1092,2527.3443300836298
1093,2531.3587993092337
1094,2532.3593930963075
1095,2532.7995070369097
1096,2533.4346911587686
1097,2535.5599449968945
1098,2539.9856843838252
1099,2540.5718196855833
1100,2540.6700169577357
1101,2543.9531564057629
1102,2546.0723294241902
1103,2546.6853039735988
1104,2547.5769381899622
1105,2553.4455526047718
1106,2553.7575799890415
1107,2554.8629262563973
1108,2556.323074851658
1109,2558.1711455922868
1110,2563.9328769171402
1111,2564.5569737421106
1112,2564.7424928942487
1113,2565.3352813594734
1114,2567.1718467944083
1115,2568.270407247102
1116,2572.5215579386445
1117,2574.0543042745421
1118,2574.8748727588736
1119,2576.4745631128321
1120,2577.9088100944341
1121,2578.1987438354581
1122,2581.3839027007898
1123,2582.9591500637407
1124,2586.3801657002959
1125,2588.805762695401
1126,2590.9671626460945
1127,2592.5379742561786
1128,2595.7427712185772
1129,2597.5445165517576
1130,2600.9085870825584
1131,2601.997266133184
1132,2603.6639334366191
1133,2605.8524045060917
1134,2606.1391250490292
1135,2607.2332525072643
1136,2607.8619669418672
1137,2608.2049120876782
1138,2611.0205527243247
1139,2615.8290464737524
1140,2617.569531407245
1141,2618.3553456607506
1142,2619.6208200177748
1143,2620.2254280698576
1144,2624.0967481608832
1145,2625.7361280756763
1146,2628.0392317638975
1147,2629.7244357845352
1148,2630.9777672966366
1149,2632.581630961316
1150,2633.9885916536505
1151,2638.2478692240102
1152,2638.7567671536576
1153,2639.7433994733537
1154,2642.0500471020714
1155,2645.9744508408021
1156,2646.3630714395686
1157,2646.9338133909423
1158,2647.7637617369942
1159,2647.9772044635411
1160,2651.4078704389658
1161,2654.0739108058451
1162,2659.6143289648007
1163,2660.4017651411982
1164,2661.1060455964162
1165,2664.5562357348872
1166,2665.6079157160248
1167,2667.3435212800409
1168,2667.4352805202748
1169,2670.1686979976821
1170,2671.1588119710036
1171,2671.6591717166116
1172,2673.9210531964886
1173,2677.450621899859
1174,2678.0057330115255
1175,2678.2758268772991
1176,2679.3400744172814
1177,2682.1929508988328
1178,2684.5069201089318
1179,2688.9170362249324
1180,2689.7513601019677
1181,2691.3570619202555
1182,2693.4947752750413
1183,2698.6472162729287
1184,2698.9028283356993
1185,2699.6129402529996
1186,2702.7881364615655
1187,2703.5079616361154
1188,2705.5778188390959
1189,2705.7735756410734
1190,2707.4559657285081
1191,2710.2267523613427
1192,2711.5382668640982
1193,2711.9817259083984
1194,2713.303544944868
1195,2716.4919361708899
1196,2717.4873790466904
1197,2722.4726650278408
1198,2724.1264060405242
1199,2725.9592569601868
1200,2726.8236600586365
1201,2728.7657005561014
1202,2729.2121731117863
1203,2733.043062695921
1204,2733.1382319774061
1205,2734.650837594475
1206,2738.7978647423552
1207,2740.3086223841401
1208,2742.0692934850872
1209,2744.0090220167058
1210,2744.4382900473006
1211,2746.4365595706372
1212,2746.9063977364876
1213,2748.5399629780604
1214,2749.2063201297278
1215,2751.5754896325843
1216,2754.4732785575193
1217,2754.5297758206466
1218,2759.6577224029324
1219,2759.9390227635049
1220,2762.0831719932521
1221,2763.1238808262697
1222,2764.7931667164303
1223,2767.39454184242
1224,2768.9742395424496
1225,2771.4070750836427
1226,2773.2479478873106
1227,2773.4698721997274
1228,2776.6666256589101
1229,2779.2822690523071
1230,2780.4553038040062
1231,2780.5971862074116
1232,2783.4272839326277
1233,2784.5641089206629
1234,2786.6354353795564
1235,2787.7193464737602
1236,2788.4645565873002
1237,2789.8870780562725
1238,2790.5051473286153
1239,2791.3796185446763
1240,2794.9577347470963
1241,2796.2436665887876
1242,2800.6247107588038
1243,2802.688268046044
1244,2802.8472393143734
1245,2805.6527480276281
1246,2807.1447423048207
1247,2808.0576700403903
1248,2809.9492627176396
1249,2813.6557053755241
1250,2815.650989205672
1251,2817.737182685446
1252,2819.9562124531963
1253,2820.6349348247099
1254,2825.0010110776425
1255,2825.8675675304194
1256,2827.8365862009259
1257,2828.533267302163
1258,2828.8825723004229
1259,2829.2005397734993
1260,2832.0030058982557
1261,2832.5548373879651
1262,2835.089715302016
1263,2835.6547014987477
1264,2837.2379085889379
1265,2840.9682201471805
1266,2845.5523236725212
1267,2846.8007829844141
1268,2847.2147366373533
1269,2848.8567075868636
1270,2852.8241199426911
1271,2853.3424133069348
1272,2854.7088944683233
1273,2856.5819938061136
1274,2857.9792718607796
1275,2858.7915068494676
1276,2861.8438684836142
1277,2863.3156703328109
1278,2864.280360612242
1279,2864.9412563386136
1280,2867.8104392028781
1281,2869.8253588755392
1282,2869.9571634848571
1283,2870.5339743972213
1284,2875.0859827450613
1285,2875.1099126889685
1286,2876.8611868892044
1287,2879.0263921233782
1288,2880.3263668779723
1289,2881.6392584861578
1290,2882.607427677754
1291,2885.202171883122
1292,2889.254549541663
1293,2891.7385295413037
1294,2893.1926484188789
1295,2895.5531473747624
1296,2897.3909953919015
1297,2897.7171602400026
1298,2899.6771157073504
1299,2900.8475777241147
1300,2903.5191971645399
1301,2904.3243724839608
1302,2904.7496940351457
1303,2906.0275180748336
1304,2909.6760113313085
1305,2910.2911952741488
1306,2912.7430316747827
1307,2915.7646365283517
1308,2916.9918919393408
1309,2918.5267280598246
1310,2920.5472642701766
1311,2920.920233076386
1312,2923.824496832498
1313,2925.1550926474506
1314,2928.3234898552269
1315,2928.3716732661287
1316,2930.5560232491443
1317,2931.4251270849336
1318,2937.1532842978236
1319,2937.6660594284835
1320,2939.1118463962675
1321,2939.498596319977
1322,2941.3372188162575
1323,2942.876002830827
1324,2944.7953319850976
1325,2945.2375016307574
1326,2946.8153751601831
1327,2948.3946644810744
1328,2949.0504684205821
1329,2950.1199227234779
1330,2952.1780402730301
1331,2956.889402259048
1332,2959.433770604508
1333,2961.4247011612783
1334,2961.631893541457
1335,2962.7886874328801
1336,2964.8543338712161
1337,2966.8914430285013
1338,2967.4218113355646
1339,2968.9295221558373
1340,2969.3296333749972
1341,2972.0691443525739
1342,2973.078336413188
1343,2976.5562563103931
1344,2976.989407652597
1345,2981.1522462446192
1346,2983.9947472933413
1347,2985.4672148330251
1348,2986.0493588949948
1349,2986.4477348115379
1350,2989.45777270394
1351,2989.7718843449056
1352,2990.9976592315561
1353,2991.3164658014421
1354,2993.4346982180041
1355,2994.3662945409515
1356,2997.0897294746323
1357,2997.6008613935041
1358,2998.5145775567216
1359,3001.2999393955256
1360,3002.1666038457929
1361,3006.6018128039732
1362,3009.2813665055714
1363,3009.4227446165528
1364,3010.2384443074166
1365,3013.1288417231717
1366,3017.337268272322
1367,3018.6978687645596
1368,3020.1777234162396
1369,3021.3564986296856
1370,3022.9429337971151
1371,3023.7671333744788
1372,3024.6574778945919
1373,3026.8182961693969
1374,3028.7503493873687
1375,3032.7069630674387
1376,3032.8359164307244
1377,3033.3577068974428
1378,3034.456078324401
1379,3034.4625317869145
1380,3036.9131819869262
1381,3039.5131314360819
1382,3039.7809658055562
1383,3044.5426505191235
1384,3046.9105871618062
1385,3047.6001911030339
1386,3048.7072533468822
1387,3050.6814848668346
1388,3052.2791066027385
1389,3056.0768439992307
1390,3056.7921164924769
1391,3057.1040287688788
1392,3061.1241644523097
1393,3061.3469292826417
1394,3062.5244454189374
1395,3065.088316713834
1396,3065.7248997263587
1397,3066.4049663263281
1398,3069.4254683695826
1399,3069.7618600134178
1400,3071.6656204100495
1401,3075.7795478392791
1402,3076.0970573910513
1403,3076.344072948456
1404,3077.7949094466967
1405,3080.7807404215232
1406,3082.5959564661221
1407,3083.1094740363192
1408,3083.1968049700549
1409,3086.0331928600722
1410,3086.8527641768396
1411,3088.851807808082
1412,3089.592128056966
1413,3093.3740152612631
1414,3094.7331278486458
1415,3095.1263282749896
1416,3097.0035434345727
1417,3100.7799275534894
1418,3101.4521695776862
1419,3104.5373670895065
1420,3105.3608729773691
1421,3105.4427495764685
1422,3111.0625829277806
1423,3112.1471723367326
1424,3112.4414459469858
1425,3113.8254306739564
1426,3115.8122910146408
1427,3116.3473238594825
1428,3118.6339771440144
1429,3120.2893069738948
1430,3122.0920451206034
1431,3125.2485313859743
1432,3125.9070519822349
1433,3128.7093150484757
1434,3128.9961227288804
1435,3129.4180321915028
1436,3132.3704246493094
1437,3134.015872820431
1438,3136.4002122659626
1439,3137.6649812002706
1440,3139.4820561769329
1441,3140.4600852287958
1442,3141.0925047854698
1443,3144.8752833856574
1444,3145.1418176540778
1445,3146.7112776098747
1446,3151.2592479183627
1447,3151.4845632870347
1448,3153.4842976553464
1449,3153.8231449489017
1450,3154.8497330229211
1451,3157.8202968194651
1452,3159.2997841183169
1453,3159.3061301102207
1454,3162.3370716658505
1455,3163.1095703551987
1456,3164.5129739793765
1457,3166.250965986389
1458,3168.1377717157043
1459,3168.6484077552204
1460,3170.3569250566584
1461,3170.7962341152343
1462,3175.3249679015125
1463,3176.0469889279625
1464,3176.7586055716074
1465,3177.6140819962989
1466,3179.8797164677808
1467,3182.4464549361796
1468,3184.8452059838082
1469,3184.8682201646479
1470,3185.8716112080765
1471,3187.5214148467421
1472,3191.0418777472628
1473,3192.9766086079057
1474,3194.8778387853763
1475,3195.9931864620721
1476,3196.1662913981017
1477,3197.3736586300506
1478,3197.9625893456159
1479,3198.9332315703418
1480,3203.2317865444124
1481,3203.8131175163535
1482,3204.4531970578591
1483,3204.9146182184813
1484,3205.3274622221174
1485,3208.3552271459926
1486,3211.5411779178107
1487,3214.1216180268048
1488,3217.4442175116997
1489,3218.3570756434192
1490,3221.9886380571934
1491,3222.607730787694
1492,3227.0010913259021
1493,3227.4779012465833
1494,3228.0795611736212
1495,3228.762792463478
1496,3230.2017281255371
1497,3230.9327339890588
1498,3232.2408467805212
1499,3233.5543510082989
1500,3234.4728273743276
1501,3236.0054619215562
1502,3237.6430203769582
1503,3239.7170641561365
1504,3240.3758599368643
1505,3243.6663786407057
1506,3244.6589977597168
1507,3247.1457763265444
1508,3248.429523366216
1509,3249.7125594791746
1510,3250.6099705944739
1511,3252.5951773322727
1512,3254.0141539927581
1513,3255.6381277309906
1514,3258.5019203798802
1515,3259.5372434169494
1516,3260.1648554757244
1517,3263.6084478289426
1518,3265.1512733624158
1519,3265.8514328779279
1520,3267.9656348582603
1521,3268.9475924615358
1522,3271.8766562792298
1523,3272.75848116416
1524,3273.7890621076922
1525,3275.9758532810888
1526,3278.634592506954
1527,3280.1327523890018
1528,3281.1599782326803
1529,3281.3801248009545
1530,3282.1176434306235
1531,3285.4861542562417
1532,3287.4915176003315
1533,3288.9647943820405
1534,3290.001348808888
1535,3290.3605267818098
1536,3293.8094785763014
1537,3294.185306994535
1538,3295.7629885434526
1539,3297.6419895759982
1540,3298.7810696230381
1541,3300.0855549606636
1542,3301.3308551170112
1543,3302.0165267262519
1544,3302.6140174789216
1545,3305.189934205494
1546,3305.3879765929464
1547,3306.2738867381554
1548,3306.3630439526364
1549,3310.7994290298311
1550,3312.3255124517018
1551,3315.8616412445672
1552,3316.639980555683
1553,3321.0604208240925
1554,3321.8558879987281
1555,3323.4453157577077
1556,3323.8228983166996
1557,3324.6873497537076
1558,3326.6606141964317
1559,3327.6820823539188
1560,3331.496515536463
1561,3332.9822618741523
1562,3334.3561849210764
1563,3336.2819199200621
1564,3339.8612534023018
1565,3340.7400877809696
1566,3341.0934595646868
1567,3341.7100664853097
1568,3344.2077484841338
1569,3345.8671800962416
1570,3347.4467518742367
1571,3348.3912517304116
1572,3350.6108930948194
1573,3351.5388539858232
1574,3352.4347789936874
1575,3353.2242616141843
1576,3353.904602213097
1577,3357.0214433646233
1578,3358.8423659769473
1579,3359.9162863216684
1580,3362.2469878263837
1581,3363.1067782835908
1582,3364.1712854752263
1583,3365.0772169043094
1584,3365.9402442163141
1585,3367.332823563137
1586,3367.6743706412144
1587,3370.0420940731751
1588,3372.2296046278461
1589,3373.5157980758368
1590,3376.7940074865355
1591,3377.7597010476111
1592,3380.622806774747
1593,3381.4412426494437
1594,3381.7396974652934
1595,3384.2953917699915
1596,3384.8766004616109
1597,3386.4918802292386
1598,3389.1232972256407
1599,3391.812076719204
1600,3392.6476441547252
1601,3394.9283396438859
1602,3395.4350218495392
1603,3398.3102103833435
1604,3399.7759815894169
1605,3401.0819067057987
1606,3401.5090220407187
1607,3403.0891720927343
1608,3403.9682180480122
1609,3405.2963023006255
1610,3406.3813288927836
1611,3407.4243147280731
1612,3408.6102671008457
1613,3410.6936261385608
1614,3411.8490342154419
1615,3412.4300593559606
1616,3414.0853365849825
1617,3416.12283100074
1618,3417.2849074633318
1619,3419.2593489764413
1620,3421.6248119174115
1621,3421.8306906631001
1622,3425.2991166034608
1623,3426.8013210987065
1624,3428.0133261130136
1625,3428.5059451255729
1626,3429.2762021494905
1627,3431.5924170127314
1628,3432.5768802771836
1629,3435.633789547066
1630,3435.7267709790954
1631,3437.1995735533965
1632,3437.763749052056
1633,3440.0942863451319
1634,3444.5978970486344
1635,3444.7375817781081
1636,3447.7504074635553
1637,3448.3120798847544
1638,3450.7323084190721
1639,3452.1369826360906
1640,3452.4130070247961
1641,3453.0569062757068
1642,3453.6654086226695
1643,3457.7938197783028
1644,3460.1905799396955
1645,3461.1408165582748
1646,3463.3586928317741
1647,3463.6625628321067
1648,3464.9288559761035
1649,3465.2417215469395
1650,3466.980439765191
1651,3467.8977961779151
1652,3470.3798626568037
1653,3470.9227574373053
1654,3471.9760506837197
1655,3474.8046938475977
1656,3477.0288917355338
1657,3480.2693926128172
1658,3480.4342132414718
1659,3481.3080077745549
1660,3483.8733874182844
1661,3484.0178682460687
1662,3485.6051723945297
1663,3487.554086548545
1664,3489.038616287547
1665,3491.0140328925563
1666,3493.5590920269447
1667,3493.7142740726649
1668,3494.8568701516542
1669,3497.4885943801123
1670,3499.6484177796697
1671,3500.9263194003224
1672,3502.2046161900316
1673,3502.5709094798181
1674,3503.2046311204776
1675,3505.1779777584647
1676,3507.3380942064696
1677,3509.1271583331677
1678,3509.4539053716207
1679,3511.0449329711428
1680,3512.0528350872696
1681,3513.9264992003659
1682,3516.0679805758414
1683,3517.2973214753392
1684,3517.4874655576541
1685,3519.5731503300372
1686,3520.482694148433
1687,3522.2343299900699
1688,3522.4245659560438
1689,3525.93314765389
1690,3527.2847663607167
1691,3528.9397559917438
1692,3530.5098417325935
1693,3532.6276400323504
1694,3532.7990128950019
1695,3535.3240635833131
1696,3536.7099348637375
1697,3536.7581684853726
1698,3538.2707775837571
1699,3540.0624315213372
1700,3541.0847853040741
1701,3541.5359202723735
1702,3544.1045329234835
1703,3544.3261677919595
1704,3546.4573512549064
1705,3549.0842542727551
1706,3551.7466731375507
1707,3553.2666108715484
1708,3553.3109853257774
1709,3555.6135079527062
1710,3557.0965999756254
1711,3559.4371044731192
1712,3560.0481356679488
1713,3560.8676155083667
1714,3563.3494820989063
1715,3563.9688052721726
1716,3564.0182464954923
1717,3565.3084229203896
1718,3566.6432621638301
1719,3568.2512474975779
1720,3572.2559844110287
1721,3572.8425553696202
1722,3572.9647765555383
1723,3576.3288681564977
1724,3576.9141214912961
1725,3577.9251212997892
1726,3579.3519095678153
1727,3579.4461999412179
1728,3580.8494402921638
1729,3581.0456285365135
1730,3582.8988182985927
1731,3585.7368088580934
1732,3587.0717750060921
1733,3588.7242858425907
1734,3589.9017350552035
1735,3593.802922060544
1736,3595.891923321029
1737,3596.3550860214896
1738,3596.8800358511685
1739,3597.7255419710482
1740,3601.4718203543107
1741,3603.6295280671316
1742,3604.6960430793024
1743,3605.011001075658
1744,3606.2660479064657
1745,3606.7947812417833
1746,3608.1303982035724
1747,3610.3139024006077
1748,3610.8453320444264
1749,3611.7926642514744
1750,3614.9192862166938
1751,3615.6184063387796
1752,3616.1446025951846
1753,3618.4682263366144
1754,3619.1676632709296
1755,3620.4679240390587
1756,3622.9134003179001
1757,3624.1333762143863
1758,3625.4761896556188
1759,3626.2935351712185
1760,3628.8185503454697
1761,3629.8871134998008
1762,3629.9448859007939
1763,3631.9812508716486
1764,3632.2626606778294
1765,3633.481483482909
1766,3634.3912051681914
1767,3634.9537643118124
1768,3636.0960074804684
1769,3638.1521459367514
1770,3638.7566426065955
1771,3643.8171168817166
1772,3644.7376910279486
1773,3646.7314427261599
1774,3647.7902264762288
1775,3650.7774258461181
1776,3650.8938053345628
1777,3651.7626972138601
1778,3652.2474196718176
1779,3654.5940287634735
1780,3656.5254609401359
1781,3657.4680373803508
1782,3658.7804894553233
1783,3659.8814738047458
1784,3662.4714434665152
1785,3662.95982389357
1786,3666.6693248802758
1787,3669.8002887894108
1788,3669.8824658128956
1789,3670.6603748759035
1790,3673.3913810945246
1791,3674.0352567245141
1792,3674.4228374269373
1793,3675.4208333058023
1794,3676.1627420612308
1795,3678.1889843556978
1796,3680.6733104091477
1797,3681.6400880197348
1798,3683.0898783892449
1799,3686.7007387421554
1800,3687.1850188139515
1801,3687.1895247227171
1802,3689.8611510990827
1803,3690.4158739797945
1804,3691.6284692038539
1805,3691.8637262408106
1806,3692.4440103595175
1807,3694.8905003816344
1808,3695.9566727743813
1809,3696.6909743457572
1810,3698.2933895696669
1811,3700.103342921348
1812,3700.6626404410722
1813,3702.8088535899974
1814,3704.1818025168154
1815,3704.6600986821081
1816,3705.122223218717
1817,3706.8862443352014
1818,3708.2004168502899
1819,3711.5496926221094
1820,3713.2661055785447
1821,3714.5301269854131
1822,3714.7216370537758
1823,3716.9987883207059
1824,3719.4104525082398
1825,3721.1151162594556
1826,3723.7129400955432
1827,3725.1080283350348
1828,3725.1182590304729
1829,3726.4945800223582
1830,3726.8361929657203
1831,3727.9675700774646
1832,3728.3383994756118
1833,3729.8476068877367
1834,3731.8336460248729
1835,3733.1253125346307
1836,3733.8314665784783
1837,3735.0269552720415
1838,3738.806279804618
1839,3739.4138850855875
1840,3739.8746383697762
1841,3740.7310911583281
1842,3741.3659609690785
1843,3743.6812430057039
1844,3746.1980227403928
1845,3746.2972137349225
1846,3748.9634101533288
1847,3749.2107411415209
1848,3749.9953893224883
1849,3750.7686898903321
1850,3751.2760945835266
1851,3754.3111345276052
1852,3755.1623691988498
1853,3755.6641724222191
1854,3756.9540053892829
1855,3759.9629619220045
1856,3760.9513459281447
1857,3761.2889628988596
1858,3762.6735062170355
1859,3762.8976162321951
1860,3764.4030831427804
1861,3767.5519046807985
1862,3770.3805997342779
1863,3771.4851286478497
1864,3772.2644370390262
1865,3773.8222350624801
1866,3774.5635012885414
1867,3776.8572637721677
1868,3778.7358848386943
1869,3779.0031270547415
1870,3781.5078385610241
1871,3783.1776147746309
1872,3784.2036592916215
1873,3786.1049913062479
1874,3787.177394625578
1875,3788.354247359182
1876,3789.6399879818077
1877,3790.224996946316
1878,3791.4521982125675
1879,3792.2460183629373
1880,3793.4160587423717
1881,3796.5957331008144
1882,3798.0136460743925
1883,3798.4063637174791
1884,3800.6305520835772
1885,3802.9184162197557
1886,3803.5915311309368
1887,3804.9223396156376
1888,3805.25896287452
1889,3807.8748751134776
1890,3809.5581625768818
1891,3809.6909812359695
1892,3812.1463384749704
1893,3812.9884330751365
1894,3813.5067670612266
1895,3814.5403079869479
1896,3816.0284988438348
1897,3816.175627161846
1898,3817.3538187452032
1899,3817.3871084814568
1900,3819.3777865041502
1901,3820.9827269047896
1902,3823.6438002819586
1903,3824.4674842549994
1904,3827.4406989037334
1905,3829.0333965037858
1906,3830.7205805102285
1907,3831.139409543799
1908,3832.8632036591466
1909,3833.6699961249815
1910,3833.6748645319576
1911,3835.396098529754
1912,3839.3170339250955
1913,3839.4054683019094
1914,3840.8059319668414
1915,3841.9605028356077
1916,3843.8775932052758
1917,3845.0484642793285
1918,3845.5757416792303
1919,3847.0486329813375
1920,3847.4204509182055
1921,3849.8075714876477
1922,3850.4084092650905
1923,3851.6002791174828
1924,3853.573720209532
1925,3855.78413052622
1926,3857.7143968110954
1927,3859.3912385708786
1928,3859.5892093098255
1929,3862.3850987832598
1930,3863.3099640495534
1931,3863.7454023195842
1932,3864.29144654006
1933,3864.9116752480254
1934,3867.2890906176135
1935,3868.0808393595908
1936,3868.9154306927007
1937,3870.321033149778
1938,3871.3109450084735
1939,3872.1206876940828
1940,3873.1750168610902
1941,3873.8805602347393
1942,3874.3355408310645
1943,3876.3748267696506
1944,3878.289135008376
1945,3878.3992006387089
1946,3880.7000644966806
1947,3881.1225858172579
1948,3882.0538805883689
1949,3884.1098731059014
1950,3884.5818798436858
1951,3885.8533185924671
1952,3887.9642960621754
1953,3888.9646877641276
1954,3889.9591083396294
1955,3892.5636423840006
1956,3892.8186535088144
1957,3893.6887119382682
1958,3896.5647283334479
1959,3898.5443536417561
1960,3898.6600215140943
1961,3899.8210917291563
1962,3900.4738825361128
1963,3904.0322819590065
1964,3904.4530103687812
1965,3905.092450986022
1966,3906.0168387033955
1967,3907.6911401432021
1968,3908.0008405315734
1969,3910.731058440741
1970,3912.4022430317282
1971,3914.6168545504406
1972,3915.8665582430399
1973,3917.5269719504927
1974,3917.7207972046867
1975,3920.5582719056047
1976,3920.6111253641088
1977,3921.2342453762421
1978,3923.8399069677448
1979,3924.2855783697319
1980,3926.9786062010762
1981,3928.0240848331919
1982,3928.3341761950815
1983,3929.5332521946493
1984,3929.8777321475086
1985,3931.3286263034206
1986,3933.2109527028747
1987,3936.0674864055636
1988,3936.5966744241232
1989,3937.5926645745735
1990,3940.253338215748
1991,3940.3945156264358
1992,3941.603455644351
1993,3942.8392862744904
1994,3943.1432957757634
1995,3944.2637562810119
1996,3946.3281850168291
1997,3947.8651648489254
1998,3947.9269177244255
1999,3949.7594353810923
2000,3950.0824780737371
2001,3950.463509646283
2002,3953.3385743942613
2003,3954.7544300943136
2004,3955.9144825545413
2005,3955.9906717525628
2006,3956.1220384914664
2007,3959.1500076308484
2008,3959.4861842923151
2009,3961.1824029407835
2010,3962.0914190955395
2011,3964.1121479379312
2012,3966.2904410378037
2013,3966.7094965768756
2014,3968.4056509869151
2015,3968.5439331091638
2016,3969.7728869949915
2017,3970.4420199001343
2018,3971.9316403316111
2019,3972.7176897155168
2020,3976.5353867303711
2021,3976.6052475607557
2022,3979.2911849049242
2023,3980.6257030368529
2024,3981.7420696182294
2025,3982.7211600495657
2026,3982.9600467676337
2027,3984.2837461576046
2028,3986.1920455853042
2029,3987.9019981203724
2030,3988.8535945034246
2031,3989.6238274968887
2032,3990.1053622030036
2033,3990.1689031607361
2034,3991.5871177668787
2035,3991.6491215841161
2036,3992.4691252798048
2037,3996.2968709185129
2038,3998.4864901483893
2039,3999.4367048989152
2040,4000.2865314443666
2041,4001.1572285288416
2042,4003.3934715374985
2043,4003.9555578076565
2044,4005.3942325802632
2045,4006.516662718439
2046,4006.8566951129019
2047,4010.0231758075247
2048,4010.779191902629
2049,4011.0089793785783
2050,4013.6315264530499
2051,4014.3330044028171
2052,4015.1232832752312
2053,4016.8069528791452
2054,4018.7333111118387
2055,4020.3196337212589
2056,4022.2487576112212
2057,4022.7371722832027
2058,4024.3671542446295
2059,4025.4293158946839
2060,4025.9040639847894
2061,4026.1365921628276
2062,4029.7856168260396
2063,4030.3256951125081
2064,4030.7254399216094
2065,4032.3822261274322
2066,4032.982370127284
2067,4033.0970527117292
2068,4035.8273650521187
2069,4036.9289460617902
2070,4037.3824124163712
2071,4039.2974784838671
2072,4040.1613886932359
2073,4040.3504842514203
2074,4042.6984053776378
2075,4042.7751309721593
2076,4043.3319073357879
2077,4045.8307410722614
2078,4047.3765531330046
2079,4048.0522727527782
2080,4049.4778679835895
2081,4049.4874062160857
2082,4052.1947561876059
2083,4054.338718488269
2084,4055.165277423228
2085,4055.1735363299031
2086,4056.7577644458856
2087,4057.1333428691651
2088,4059.1732789015373
2089,4062.4906604502685
2090,4062.9189765532728
2091,4063.2474508548821
2092,4064.0752001190708
2093,4064.6714046726574
2094,4065.23830834407
2095,4066.703665702219
2096,4067.3741140627071
2097,4070.5113936255784
2098,4071.1070828762863
2099,4072.2550076730131
2100,4073.6611911641558
2101,4073.7302929649536
2102,4075.0880992468628
2103,4076.519121665513
2104,4077.2507705621688
2105,4078.7769324857236
2106,4079.0734706817111
2107,4080.2609726642095
2108,4080.406171792491
2109,4082.1553976563387
2110,4083.817783435421
2111,4085.1720976042257
2112,4086.7319427946113
2113,4087.9131461006973
2114,4089.6142354930139
2115,4091.3985670039533
2116,4092.0266187119478
2117,4093.6473410611193
2118,4095.1663770275013
2119,4096.8524913275669
2120,4096.935002588476
2121,4098.3605960852974
2122,4099.0747378430933
2123,4102.0949213249696
2124,4102.1378626500864
2125,4103.4852433025826
2126,4105.3900252865242
2127,4105.722647713369
2128,4106.0010507386505
2129,4107.7602361383324
2130,4109.6630187297596
2131,4109.7091212024689
2132,4112.8271104127398
2133,4113.2143390076199
2134,4114.414051704548
2135,4114.7099557798492
2136,4116.682107375992
2137,4117.2651927092256
2138,4119.2759212606716
2139,4119.8538420074901
2140,4121.4660733580185
2141,4121.9636254454308
2142,4122.2919679640745
2143,4123.3138612255007
2144,4124.9461025545043
2145,4125.9699294931206
2146,4126.5523337789464
2147,4127.5764891722856
2148,4128.6783364971634
2149,4130.0307935301271
2150,4130.8775627963823
2151,4133.9709760529868
2152,4135.5297090318854
2153,4135.6713327433254
2154,4136.6936362164397
2155,4137.5447890458145
2156,4138.848771855869
2157,4139.2112375853048
2158,4140.7617680410358
2159,4142.9192489492398
2160,4143.65308193696
2161,4146.0417767374593
2162,4147.6268197080353
2163,4148.0302843562149
2164,4148.1488845641279
2165,4150.1842347692618
2166,4151.2759001629011
2167,4151.879197055785
2168,4152.0074212715517
2169,4154.2758830081448
2170,4157.3840013284371
2171,4158.6909196528986
2172,4159.0086609578384
2173,4160.2535177075015
2174,4160.6830556435225
2175,4161.3786259137132
2176,4162.3416833867814
2177,4164.8223202225972
2178,4165.0632578863833
2179,4166.3828138340741
2180,4167.0713386360958
2181,4168.2605504125368
2182,4169.5964687461892
2183,4170.2805330137662
2184,4170.3454314721876
2185,4171.1145763659088
2186,4171.6018975694333
2187,4173.7273767027073
2188,4174.6044819180534
2189,4176.1736356457805
2190,4176.7620102407254
2191,4177.7716620064348
2192,4180.0581350034499
2193,4180.2403728211257
2194,4180.7431054489261
2195,4181.2896747470613
2196,4182.961365363919
2197,4184.8757385780045
2198,4186.8047009774527
2199,4186.8199259582398
2200,4188.1216262315929
2201,4188.9235066600941
2202,4189.4132587745162
2203,4191.2834495999159
2204,4192.4058376646199
2205,4193.7146808301295
2206,4194.1105961419835
2207,4196.2237298341352
2208,4197.7767277277253
2209,4197.9560157521464
2210,4199.073133885061
2211,4201.2356599200475
2212,4202.4579553407912
2213,4202.6936609754848
2214,4203.4345315399523
2215,4204.6295829378869
2216,4205.9545563840657
2217,4207.0002988562719
2218,4208.4801145186257
2219,4209.0471314720244
2220,4209.6183797940039
2221,4210.5370387139483
2222,4211.7636260882073
2223,4212.4581508453493
2224,4212.8329445247109
2225,4215.0864541137053
2226,4215.7467852546197
2227,4218.1115313151486
2228,4218.7554450745884
2229,4220.784692228548
2230,4221.7343773388038
2231,4221.7821460685636
2232,4224.8148877876847
2233,4225.8966434749573
2234,4227.1700948048738
2235,4228.4439543333519
2236,4230.1584377652889
2237,4230.9951541760784
2238,4231.2584377613475
2239,4233.3346457714906
2240,4234.6217466468306
2241,4236.3899330689956
2242,4236.9693256180826
2243,4237.6434468321177
2244,4238.3450672659174
2245,4240.1395695228757
2246,4240.3519940215174
2247,4240.864804181947
2248,4241.7964762704632
2249,4242.4297233806501
2250,4243.8304345196539
2251,4244.8222492726172
2252,4245.6243286704375
2253,4246.0306415138366
2254,4248.6794636063287
2255,4248.9028611514414
2256,4250.4688207771251
2257,4250.9834919744299
2258,4251.4251513853033
2259,4253.6118978775921
2260,4255.6817821321929
2261,4255.7557777524698
2262,4256.6068861945096
2263,4257.0848150567272
2264,4257.4846159238195
2265,4258.6617622097874
2266,4260.2666135895706
2267,4261.2290267314193
2268,4264.4807884573502
2269,4265.4332655934713
2270,4265.831155657931
2271,4266.6560006713116
2272,4268.6984872206249
2273,4269.2395663837706
2274,4270.6613494242192
2275,4271.6406019659762
2276,4272.7006953253331
2277,4273.6046946059832
2278,4274.3969916235492
2279,4274.8957301323808
2280,4275.4836463142537
2281,4276.8769828557779
2282,4277.8609972668792
2283,4278.5876062121861
2284,4280.3690188158071
2285,4281.6441583311553
2286,4282.0421657971001
2287,4282.8178209626649
2288,4284.6733451251221
2289,4285.5078065292828
2290,4285.8475342982056
2291,4286.2367667327162
2292,4287.9979118915135
2293,4289.3348903981905
2294,4289.5293554607842
2295,4290.6798961877148
2296,4292.304627364525
2297,4292.734077728659
2298,4293.7740806333568
2299,4294.29679997532
2300,4295.2905881725592
2301,4297.0028416499545
2302,4298.2233476330111
2303,4299.525536481603
2304,4300.1787947898174
2305,4302.0262253924157
2306,4302.2885898285303
2307,4304.0697848329419
2308,4306.4422297000056
2309,4307.1145189787048
2310,4308.7125251249427
2311,4308.720144594995
2312,4310.0854071043541
2313,4311.6202610683058
2314,4312.0980768326181
2315,4312.4545158829424
2316,4313.4349306446484
2317,4314.9966054939723
2318,4315.6417190305019
2319,4316.1504276022451
2320,4316.2697021979475
2321,4317.9999434547481
2322,4318.5477996303762
2323,4319.1763311468167
2324,4319.3054499104464
2325,4320.7878790156292
2326,4322.0689866347875
2327,4323.4271081408269
2328,4324.8813373414341
2329,4325.7382039342756
2330,4327.5152772118872
2331,4328.2098299780073
2332,4329.0981163439073
2333,4329.6728021424015
2334,4331.0761711538735
2335,4331.8807442355956
2336,4334.1614380355859
2337,4335.5021979560161
2338,4336.7489193458432
2339,4336.8034135436837
2340,4338.3193218006854
2341,4339.2946160809815
2342,4340.5758061834531
2343,4341.7424705994626
2344,4343.0974350612059
2345,4344.6476645315879
2346,4345.7322600972702
2347,4346.3597515487336
2348,4347.1739116199515
2349,4348.1870820169079
2350,4349.666191445961
2351,4351.1865213884003
2352,4351.2675601361479
2353,4351.6078433798339
2354,4352.3474432759667
2355,4352.892666110236
2356,4354.790092893867
2357,4355.3313437074567
2358,4358.039696048826
2359,4358.2234895487381
2360,4358.5839001434833
2361,4359.3208133306753
2362,4360.4830144770413
2363,4360.9625327853382
2364,4361.6585251463375
2365,4362.5429389498622
2366,4363.1945700404767
2367,4364.6687988986432
2368,4366.7659013112943
2369,4367.2695029111219
2370,4367.5611214647843
2371,4369.4624678763539
2372,4370.0236893005758
2373,4370.1204622785044
2374,4372.339503053573
2375,4373.6902783426531
2376,4373.9594148686019
2377,4374.4229607655288
2378,4374.8370204764733
2379,4375.5332892779325
2380,4376.6865937491284
2381,4378.2259040460494
2382,4379.5199679219204
2383,4380.8127677656194
2384,4381.5529075359382
2385,4382.7664874648426
2386,4383.4769366840164
2387,4385.171770360359
2388,4385.6693484178777
2389,4387.5432071488976
2390,4388.1590066579656
2391,4388.2553562049461
2392,4388.5950218034441
2393,4388.8623750889237
2394,4391.5699288633459
2395,4392.1543292164815
2396,4393.0420251537262
2397,4393.0857687268463
2398,4393.3822286456279
2399,4395.6943900548249
2400,4397.4457330580399
2401,4398.1964970643703
2402,4399.6478770324666
2403,4399.7015344018255
2404,4400.2607279196263
2405,4401.1674091905925
2406,4401.392040103734
2407,4402.3523124095182
2408,4404.1575628381561
2409,4405.2510343696604
2410,4405.8475554607257
2411,4406.5986289181101
2412,4408.3720040056505
2413,4409.1375368579884
2414,4409.3939396958804
2415,4410.9138792876784
2416,4411.3335176972378
2417,4412.2390208398674
2418,4413.7311584177669
2419,4415.1585514666585
2420,4415.4818105701797
2421,4416.2848055483028
2422,4417.6311855336489
2423,4418.5262091596469
2424,4419.8399426548567
2425,4421.2291624243298
2426,4421.2988603462218
2427,4421.8602079074326
2428,4422.9622394408616
2429,4423.7983103336901
2430,4425.371875398595
2431,4425.633313966584
2432,4425.8792589884697
2433,4426.3585354879588
2434,4427.4712235784591
2435,4429.4492922685549
2436,4430.3723568507539
2437,4430.8258853465832
2438,4432.3342864813776
2439,4432.6236644434939
2440,4433.2828550449849
2441,4434.0475014429612
2442,4434.1244361182908
2443,4435.3433680587941
2444,4435.7961146534426
2445,4437.8432356550684
2446,4438.3338325029308
2447,4439.3333386079803
2448,4440.0497326234363
2449,4441.1517322224572
2450,4441.7653611415308
2451,4445.2458714867544
2452,4445.7538585846369
2453,4446.2025500566815
2454,4446.7889053186163
2455,4447.0506128454381
2456,4447.5361084584838
2457,4448.1267767985264
2458,4448.284913259512
2459,4449.7859945654118
2460,4451.6246136288637
2461,4452.8753453253721
2462,4453.2425658842421
2463,4454.7894409594292
2464,4456.7423662672127
2465,4457.4500988049276
2466,4458.8187510136986
2467,4458.9871567766686
2468,4460.2738684775568
2469,4460.3316947850899
2470,4461.3659204688365
2471,4463.1242382951232
2472,4464.8223846984265
2473,4465.5584541253338
2474,4466.4979810876139
2475,4467.5706094366105
2476,4468.6692184805224
2477,4469.0918246074125
2478,4470.2925661220406
2479,4470.3261482037224
2480,4471.1312284035585
2481,4472.1750033551152
2482,4472.2509538667746
2483,4473.3066186152246
2484,4475.6084386190705
2485,4475.7036621435745
2486,4475.7120736409779
2487,4476.8858456755333
2488,4477.1589174551627
2489,4479.0401194907636
2490,4479.4397002426404
2491,4479.665984832327
2492,4480.1115290155813
2493,4482.1886077727195
2494,4484.337240048636
2495,4484.7651667448245
2496,4485.1615410527484
2497,4486.4413703157061
2498,4487.0580721754641
2499,4488.3233883216408
2500,4488.5665947516836
2501,4489.2888061960712
2502,4489.3335210684472
2503,4489.8948049194305
2504,4490.7496946076344
2505,4492.8395935673807
2506,4493.6876340112158
2507,4494.9881347818209
2508,4495.4701070820001
2509,4495.631784184362
2510,4495.8948435457814
2511,4497.1331407790349
2512,4498.4652953668356
2513,4499.4872055604947
2514,4500.5158896068488
2515,4500.6459745400307
2516,4501.895773433791
2517,4502.0951266266075
2518,4502.7185573702609
2519,4504.0410648610514
2520,4504.1522328435321
2521,4504.8694230628234
2522,4506.3888379010923
2523,4506.6806456714439
2524,4506.818075566589
2525,4507.6523252248435
2526,4508.1101860612644
2527,4509.9665520178751
2528,4511.8315612413617
2529,4511.9529806579922
2530,4513.2127244458752
2531,4515.3175480961945
2532,4515.4277015054458
2533,4517.1528309942805
2534,4517.549972106166
2535,4518.5925191560673
2536,4518.8124019850138
2537,4519.0740247518934
2538,4520.1689314845871
2539,4521.0453795347476
2540,4521.6324898245266
2541,4521.9765947699416
2542,4523.2391662916916
2543,4523.9323495722929
2544,4524.6159801473968
2545,4525.540931305587
2546,4525.6625428682546
2547,4526.6267176797473
2548,4527.719794427775
2549,4528.1620509010108
2550,4528.5196976091302
2551,4530.7008715794173
2552,4530.9544944985428
2553,4532.943611238763
2554,4533.2220008803379
2555,4533.7466767877577
2556,4534.0205115560839
2557,4535.1684340090369
2558,4536.1284954225721
2559,4536.2132020961271
2560,4536.7980810885992
2561,4538.6341891183447
2562,4539.4071239362238
2563,4540.1164629485293
2564,4540.9892008373727
2565,4541.1084734930409
2566,4541.7229518137765
2567,4542.2553488545127
2568,4542.333020738728
2569,4543.1503868758218
2570,4544.3216741387796
2571,4544.7102090630415
2572,4545.651629696481
2573,4545.848441621305
2574,4545.9743920457322
2575,4546.7342242833001
2576,4547.9875157508286
2577,4549.6518724282223
2578,4550.3890377270154
2579,4550.874108539314
2580,4550.8866989856078
2581,4551.4635967357872
2582,4553.3432355897976
2583,4554.2049995278257
2584,4554.5622188832858
2585,4555.2683550121419
2586,4557.5860051328264
2587,4557.9617071517341
2588,4558.0033403573088
2589,4558.445711530584
2590,4559.4366066243756
2591,4559.5868660765063
2592,4561.4300894553226
2593,4561.4904348144973
2594,4563.2637600949474
2595,4563.7261161950964
2596,4563.9313353590769
2597,4566.0434249400168
2598,4566.2960564998557
2599,4566.6649105913411
2600,4567.1593470251137
2601,4568.325457697214
2602,4568.5024634222627
2603,4569.2075811824179
2604,4569.9292639294381
2605,4569.9373222588547
2606,4571.1010411632296
2607,4571.6652241858028
2608,4571.77108109854
2609,4572.7027571790622
2610,4573.5432478962675
2611,4574.939758850157
2612,4576.73436450188
2613,4578.2638319321031
2614,4578.3629727213965
2615,4580.4709236473664
2616,4581.0825396352102
2617,4581.4237722697435
2618,4582.0706108205914
2619,4582.8977066756361
2620,4583.4929199639673
2621,4583.7273798218976
2622,4584.0305632702029
2623,4585.399434984136
2624,4585.7996449112479
2625,4587.3522576621335
2626,4588.486485808462
2627,4588.9278349235456
2628,4589.053145157608
2629,4589.3758997968944
2630,4590.0445873836825
2631,4590.8149828927417
2632,4591.1511961008009
2633,4592.1558153827345
2634,4593.4363261033313
2635,4593.47040911363
2636,4594.3441300699669
2637,4594.8416450015102
2638,4595.860291221531
2639,4596.1227747106041
2640,4596.6052418153204
2641,4597.7081058088161
2642,4598.3364320043429
2643,4599.4204721841079
2644,4600.1392704766713
2645,4600.3407615453534
2646,4601.1947624252134
2647,4602.2352425429972
2648,4602.5263667823301
2649,4602.9186130939697
2650,4603.3670588361229
2651,4603.5703190521281
2652,4603.7316733296093
2653,4603.9202558362622
2654,4605.8831998832602
2655,4606.5236803586522
2656,4607.3762464927522
2657,4607.7426475571838
2658,4608.4414490094014
2659,4609.9219958253543
2660,4610.2049446441206
2661,4611.0847880188721
2662,4611.2910479042002
2663,4612.7536911768902
2664,4613.5685820486424
2665,4613.6221582924791
2666,4613.7955202250505
2667,4614.496027075018
2668,4614.9737100395487
2669,4615.2909868593879
2670,4615.977570538078
2671,4616.7981701469062
2672,4617.2271120785035
2673,4618.1858100405971
2674,4618.4842801107379
2675,4619.436523986943
2676,4619.8010074626882
2677,4622.5261463202169
2678,4622.6945469791981
2679,4623.9999999999854
2680,4623.9999999999854
2681,4623.9999999999882
2682,4623.9999999999891
2683,4623.99999999999
2684,4623.9999999999918
2685,4623.9999999999936
2686,4623.9999999999973
2687,4623.9999999999991
2688,4624
2689,4624.0000000000027
2690,4624.0000000000036
2691,4624.0000000000045
2692,4624.0000000000082
2693,4624.0000000000091
2694,4624.0000000000127
2695,4624.0000000000146
2696,4624.0000000000155
2697,4625.3054530207964
2698,4625.4738536797731
2699,4628.1989925373073
2700,4628.5634760130624
2701,4629.5157198892621
2702,4629.8141899594066
2703,4630.7728879214974
2704,4631.2018298530975
2705,4632.0224294619211
2706,4632.7090131406057
2707,4633.0262899604504
2708,4633.5039729249811
2709,4634.2044797749513
2710,4634.3778417075137
2711,4634.4314179513585
2712,4635.2463088231125
2713,4636.7089520957934
2714,4636.9152119811224
2715,4637.7950553558794
2716,4638.078004174643
2717,4639.558550990595
2718,4640.2573524428135
2719,4640.623753507246
2720,4641.4763196413423
2721,4642.1168001167343
2722,4644.0797441637378
2723,4644.2683266703852
2724,4644.4296809478674
2725,4644.6329411638781
2726,4645.0813869060266
2727,4645.4736332176653
2728,4645.7647574569955
2729,4646.805237574782
2730,4647.6592384546484
2731,4647.8607295233287
2732,4648.5795278158885
2733,4649.6635679956498
2734,4650.2918941911785
2735,4651.3947581846787
2736,4651.8772252893959
2737,4652.1397087784708
2738,4653.1583549984853
2739,4653.6558699300331
2740,4654.5295908863609
2741,4654.563673896665
2742,4655.8441846172636
2743,4656.8488038991909
2744,4657.185017107252
2745,4657.955412616313
2746,4658.6241002031011
2747,4658.9468548423902
2748,4659.0721650764563
2749,4659.5135141915325
2750,4660.6477423378656
2751,4662.2003550887466
2752,4662.600565015855
2753,4663.9694367297943
2754,4664.2726201781043
2755,4664.5070800360281
2756,4665.1022933243567
2757,4665.9293891794077
2758,4666.5762277302538
2759,4666.9174603647816
2760,4667.5290763526282
2761,4669.6370272785989
2762,4669.7361680679023
2763,4671.2656354981164
2764,4673.0602411498357
2765,4674.4567521037325
2766,4675.2972428209259
2767,4676.2289189014609
2768,4676.334775814189
2769,4676.8989588367594
2770,4678.0626777411399
2771,4678.0707360705546
2772,4678.7924188175684
2773,4679.4975365777218
2774,4679.674542302786
2775,4680.8406529748845
2776,4681.3350894086543
2777,4681.7039435001388
2778,4681.9565750599795
2779,4684.068664640924
2780,4684.2738838048981
2781,4684.7362399050562
2782,4686.5095651855027
2783,4686.5699105446765
2784,4688.4131339234946
2785,4688.5633933756208
2786,4689.5542884694105
2787,4689.9966596426875
2788,4690.0382928482559
2789,4690.4139948671709
2790,4692.7316449878645
2791,4693.4377811167078
2792,4693.7950004721642
2793,4694.6567644102015
2794,4696.5364032642055
2795,4697.1133010143913
2796,4697.1258914606833
2797,4697.6109622729864
2798,4698.3481275717741
2799,4700.0124842491723
2800,4701.2657757166971
2801,4702.0256079542633
2802,4702.1515583786868
2803,4702.3483703035208
2804,4703.2897909369576
2805,4703.6783258612177
2806,4704.8496131241764
2807,4705.6669792612793
2808,4705.7446511454891
2809,4706.277048186229
2810,4706.8915265069554
2811,4707.0107991626273
2812,4707.8835370514671
2813,4708.592876063768
2814,4709.365810881658
2815,4711.2019189113953
2816,4711.7867979038765
2817,4711.8715045774325
2818,4712.8315659909576
2819,4713.979488443907
2820,4714.2533232122341
2821,4714.7779991196612
2822,4715.0563887612334
2823,4717.0455055014554
2824,4717.2991284205864
2825,4719.4803023908753
2826,4719.837949098991
2827,4720.2802055722259
2828,4721.3732823202454
2829,4722.3374571317418
2830,4722.459068694413
2831,4723.3840198526023
2832,4724.0676504277099
2833,4724.7608337083066
2834,4726.0234052300593
2835,4726.3675101754752
2836,4726.9546204652552
2837,4727.8310685154029
2838,4728.9259752481148
2839,4729.187598014988
2840,4729.4074808439318
2841,4730.4500278938367
2842,4730.8471690057195
2843,4732.5722984945542
2844,4732.6824519038055
2845,4734.7872755541284
2846,4736.0470193420042
2847,4736.1684387586365
2848,4738.033447982124
2849,4739.889813938732
2850,4740.347674775162
2851,4741.1819244334101
2852,4741.3193543285533
2853,4741.6111620989086
2854,4743.1305769371775
2855,4743.8477671564606
2856,4743.9589351389459
2857,4745.2814426297382
2858,4745.9048733733944
2859,4746.1042265662063
2860,4747.3540254599702
2861,4747.4841103931476
2862,4748.5127944395008
2863,4749.5347046331617
2864,4750.8668592209688
2865,4752.1051564542176
2866,4752.3682158156334
2867,4752.5298929179899
2868,4753.0118652181745
2869,4754.3123659887824
2870,4755.160406432622
2871,4757.2503053923683
2872,4758.1051950805586
2873,4758.6664789315482
2874,4758.7111938039325
2875,4759.4334052483136
2876,4759.6766116783674
2877,4760.9419278245341
2878,4761.5586296842966
2879,4762.838458947248
2880,4763.2348332551719
2881,4763.6627599513622
2882,4765.8113922272814
2883,4767.888470984406
2884,4768.3340151676757
2885,4768.5602997573551
2886,4768.9598805092382
2887,4770.8410825448364
2888,4771.1141543244712
2889,4772.2879263590185
2890,4772.2963378564209
2891,4772.3915613809231
2892,4774.6933813847791
2893,4775.7490461332218
2894,4775.824996644882
2895,4776.868771596437
2896,4777.6738517962785
2897,4777.7074338779594
2898,4778.9081753925839
2899,4779.3307815194767
2900,4780.4293905633913
2901,4781.5020189123843
2902,4782.441545874658
2903,4783.1776153015762
2904,4784.8757617048741
2905,4786.6340795311635
2906,4787.6683052149065
2907,4787.726131522445
2908,4789.0128432233223
2909,4789.1812489863023
2910,4790.5499011950697
2911,4791.2576337327937
2912,4793.2105590405718
2913,4794.7574341157542
2914,4795.124654674627
2915,4796.3753863711299
2916,4798.2140054345846
2917,4799.7150867404798
2918,4799.8732232014736
2919,4800.4638915415053
2920,4800.9493871545701
2921,4801.2110946813827
2922,4801.7974499433167
2923,4802.2461414153677
2924,4802.7541285132393
2925,4806.2346388584701
2926,4806.8482677775464
2927,4807.9502673765646
2928,4808.6666613920206
2929,4809.6661674970628
2930,4810.1567643449307
2931,4812.2038853465638
2932,4812.6566319412095
2933,4813.8755638817056
2934,4813.9524985570397
2935,4814.7171449550124
2936,4815.3763355564988
2937,4815.6657135186306
2938,4817.1741146534123
2939,4817.6276431492442
2940,4818.5507077314487
2941,4820.5287764215454
2942,4821.6414645120321
2943,4822.1207410115348
2944,4822.3666860334124
2945,4822.6281246014105
2946,4824.2016896663081
2947,4825.0377605591329
2948,4826.1397920925647
2949,4826.7011396537837
2950,4826.7708375756747
2951,4828.1600573451424
2952,4829.4737908403522
2953,4830.3688144663474
2954,4831.7151944516982
2955,4832.518189429813
2956,4832.8414485333342
2957,4834.2688415822322
2958,4835.7609791601244
2959,4836.6664823027622
2960,4837.0861207123253
2961,4838.6060603041115
2962,4838.8624631420134
2963,4839.6279959943467
2964,4841.4013710818917
2965,4842.1524445392661
2966,4842.7489656303387
2967,4843.8424371618512
2968,4845.6476875904855
2969,4846.6079598962669
2970,4846.8325908094112
2971,4847.7392720803664
2972,4848.2984655981681
2973,4848.352122967538
2974,4849.8035029356261
2975,4850.5542669419638
2976,4852.3056099451724
2977,4854.6177713543721
2978,4854.9142312731556
2979,4854.9579748462784
2980,4855.8456707835139
2981,4856.4300711366423
2982,4859.1376249110717
2983,4859.4049781965496
2984,4859.7446437950466
2985,4859.8409933420371
2986,4860.4567928510996
2987,4862.3306515821132
2988,4862.828229639641
2989,4864.523063315979
2990,4865.2335125351519
2991,4866.4470924640646
2992,4867.1872322343734
2993,4868.4800320780705
2994,4869.7740959539442
2995,4871.3134062508725
2996,4872.4667107220621
2997,4873.1629795235222
2998,4873.5770392344602
2999,4874.0405851313908
3000,4874.3097216573424
3001,4875.6604969464215
3002,4877.8795377214947
3003,4877.9763106994233
3004,4878.5375321236443
3005,4880.4388785352112
3006,4880.7304970888817
3007,4881.234098688702
3008,4883.3312011013595
3009,4884.8054299595242
3010,4885.4570610501314
3011,4886.3414748536616
3012,4887.0374672146627
3013,4887.5169855229615
3014,4888.6791866693211
3015,4889.4160998565085
3016,4889.7765104512546
3017,4889.9603039511685
3018,4892.6686562925433
3019,4893.2099071061248
3020,4895.107333889764
3021,4895.6525567240278
3022,4896.3921566201652
3023,4896.7324398638439
3024,4896.8134786115916
3025,4898.3338085540381
3026,4899.8129179830948
3027,4900.8260883800422
3028,4901.6402484512664
3029,4902.2677399027189
3030,4903.3523354684176
3031,4904.9025649387977
3032,4906.2575294005483
3033,4907.4241938165487
3034,4908.7053839190148
3035,4909.6806781993155
3036,4911.1965864563199
3037,4911.2510806541468
3038,4912.4978020439758
3039,4913.8385619644196
3040,4916.1192557644017
3041,4916.9238288461202
3042,4918.3271978575995
3043,4918.9018836560908
3044,4919.7901700219927
3045,4920.4847227881146
3046,4922.2617960657262
3047,4923.1186626585668
3048,4924.5728918591649
3049,4925.9310133652061
3050,4927.2121209843608
3051,4928.6945500895499
3052,4928.8236688531879
3053,4929.4522003696211
3054,4930.0000565452428
3055,4931.7302978020489
3056,4931.8495723977458
3057,4932.3582809694972
3058,4933.0033945060186
3059,4934.5650693553471
3060,4935.5454841170576
3061,4935.9019231673783
3062,4936.3797389316978
3063,4937.9145928956495
3064,4939.2798554049996
3065,4939.2874748750537
3066,4940.885481021297
3067,4941.5577702999944
3068,4943.9302151670499
3069,4945.7114101714687
3070,4945.9737746075843
3071,4947.8212052101708
3072,4948.4744635183933
3073,4949.7766523669998
3074,4950.9971583500492
3075,4952.7094118274417
3076,4953.7032000246782
3077,4954.2259193666478
3078,4955.2659222713455
3079,4955.6953726354786
3080,4957.3201038122943
3081,4958.4706445392139
3082,4958.6651096018086
3083,4960.002088108492
3084,4961.7632332672774
3085,4962.1524657018008
3086,4962.4921934707145
3087,4963.326654874877
3088,4965.1821790373288
3089,4965.9578342028972
3090,4966.3558416688547
3091,4967.6309811842002
3092,4969.4123937878103
3093,4970.1390027331117
3094,4971.1230171442185
3095,4972.5163536857372
3096,4973.1042698676174
3097,4973.6030083764426
3098,4974.395305394014
3099,4975.2993046746615
3100,4976.3593980340247
3101,4977.3386505757744
3102,4978.760433616234
3103,4979.3015127793806
3104,4981.3439993286902
3105,4982.168844342079
3106,4982.5667344065341
3107,4983.5192115426516
3108,4986.7709732685817
3109,4987.733386410433
3110,4989.3382377902126
3111,4990.515384076175
3112,4990.9151849432765
3113,4991.3931138054895
3114,4992.2442222475183
3115,4992.3182178678062
3116,4994.3881021224142
3117,4996.5748486147013
3118,4997.0165080255774
3119,4997.5311792228713
3120,4999.0971388485559
3121,4999.320536393674
3122,5001.969358486167
3123,5002.3756713295725
3124,5003.1777507273864
3125,5004.1695654803443
3126,5005.5702766193408
3127,5006.2035237295349
3128,5007.1351958180458
3129,5007.6480059784835
3130,5007.8604304771279
3131,5009.654932734089
3132,5010.3565531678769
3133,5011.030674381911
3134,5011.6100669310053
3135,5013.3782533531739
3136,5014.6653542285121
3137,5016.7415622386707
3138,5017.0048458239144
3139,5017.8415622347175
3140,5019.556045666649
3141,5020.8299051951235
3142,5022.1033565250436
3143,5023.1851122123089
3144,5026.2178539314327
3145,5026.2656226611907
3146,5027.2153077714474
3147,5029.2445549254153
3148,5029.8884686848432
3149,5032.253214745384
3150,5032.9135458862929
3151,5035.1670554752818
3152,5035.5418491546452
3153,5036.2363739117873
3154,5037.4629612860508
3155,5038.3816202059952
3156,5038.9528685279774
3157,5039.5198854813698
3158,5040.9997011437272
3159,5042.0454436159289
3160,5043.3704170621177
3161,5044.5654684600486
3162,5045.3063390245097
3163,5045.5420446592061
3164,5046.7643400799561
3165,5048.9268661149372
3166,5050.0439842478618
3167,5050.223272272282
3168,5051.7762701658721
3169,5053.8894038580174
3170,5054.285319169875
3171,5055.5941623353856
3172,5056.7165504000895
3173,5058.5867412254847
3174,5059.0764933398923
3175,5059.8783737684089
3176,5061.1800740417721
3177,5061.1952990225564
3178,5063.1242614219991
3179,5065.0386346360765
3180,5066.7103252529441
3181,5067.2568945510648
3182,5067.7596271788716
3183,5067.9418649965473
3184,5070.2283379935634
3185,5071.2379897592718
3186,5071.8263643542105
3187,5073.3955180819448
3188,5074.2726232972918
3189,5076.3981024305695
3190,5076.885423634094
3191,5077.6545685278043
3192,5077.7194669862383
3193,5078.4035312538008
3194,5079.7394495874642
3195,5080.928661363906
3196,5081.6171861659241
3197,5082.9367421136149
3198,5083.1776797774091
3199,5085.6583166132195
3200,5086.6213740862859
3201,5087.3169443564775
3202,5087.7464822925031
3203,5088.991339042168
3204,5089.3090803471123
3205,5090.6159986715593
3206,5093.7241169918534
3207,5095.9925787284428
3208,5096.1208029442078
3209,5096.724099837098
3210,5097.8157652307382
3211,5099.8511154358685
3212,5099.9697156437724
3213,5100.373180291961
3214,5101.9582232625407
3215,5104.3469180630364
3216,5105.0807510507593
3217,5107.2382319589578
3218,5108.7887624146906
3219,5109.1512281441355
3220,5110.4552109541855
3221,5111.3063637835558
3222,5112.3286672566828
3223,5112.47029096812
3224,5114.0290239470032
3225,5117.122437203614
3226,5117.9692064698802
3227,5119.3216635028366
3228,5120.4235108277117
3229,5121.4476662210482
3230,5122.0300705068803
3231,5123.0538974454912
3232,5124.686138774503
3233,5125.7080320359237
3234,5126.0363745545765
3235,5126.5339266419824
3236,5128.1461579925108
3237,5128.7240787393339
3238,5130.734807290778
3239,5131.3178926240143
3240,5133.2900442201462
3241,5133.5859482954565
3242,5134.7856609923801
3243,5135.1728895872648
3244,5138.2908787975257
3245,5138.3369812702449
3246,5140.2397638616767
3247,5141.9989492613549
3248,5142.2773522866319
3249,5142.6099747134813
3250,5144.5147566974192
3251,5145.8621373499163
3252,5145.9050786750367
3253,5148.9252621569067
3254,5149.6394039146953
3255,5151.0649974115267
3256,5151.1475086724322
3257,5152.833622972501
3258,5154.3526589388894
3259,5155.9733812880486
3260,5156.6014329960426
3261,5158.3857645069957
3262,5160.0868538993045
3263,5161.268057205385
3264,5162.8279023957748
3265,5164.1822165645826
3266,5165.8446023436582
3267,5167.5938282075149
3268,5167.7390273357832
3269,5168.9265293182852
3270,5169.22306751427
3271,5170.7492294378335
3272,5171.4808783344806
3273,5172.911900753139
3274,5174.269707035045
3275,5174.3388088358442
3276,5175.7449923269814
3277,5176.8929171237169
3278,5177.4886063744243
3279,5180.6258859372911
3280,5181.296334297781
3281,5182.7616916559336
3282,5183.3285953273426
3283,5183.9247998809278
3284,5184.7525491451233
3285,5185.0810234467244
3286,5185.5093395497233
3287,5188.8267210984641
3288,5190.8666571308358
3289,5191.2422355541157
3290,5192.8264636701051
3291,5192.8347225767757
3292,5193.661281511726
3293,5195.8052438123841
3294,5198.5125937839093
3295,5198.522132016411
3296,5199.9477272472195
3297,5200.6234468670009
3298,5202.1692589277391
3299,5204.6680926642102
3300,5205.2248690278366
3301,5205.301594622365
3302,5207.649515748566
3303,5207.8386113067527
3304,5208.7025215161339
3305,5210.6175875836161
3306,5211.0710539382044
3307,5212.1726349478722
3308,5214.9029472882721
3309,5215.0176298727147
3310,5215.6177738725628
3311,5217.274560078391
3312,5217.6743048874978
3313,5218.2143831739577
3314,5221.8634078371788
3315,5222.0959360152165
3316,5222.5706841053207
3317,5223.6328457553764
3318,5225.2628277167996
3319,5225.7512423887829
3320,5227.6803662787506
3321,5229.266688888164
3322,5231.1930471208552
3323,5232.8767167247679
3324,5233.6669955971802
3325,5234.3684735469542
3326,5236.991020621429
3327,5237.2208080973769
3328,5237.9768241924776
3329,5241.1433048870986
3330,5241.4833372815601
3331,5242.6057674197391
3332,5244.0444421923439
3333,5244.606528462492
3334,5246.8427714711652
3335,5247.7134685556284
3336,5248.563295101083
3337,5249.5135098516093
3338,5251.7031290814812
3339,5255.5308747201907
3340,5256.3508784158867
3341,5256.4128822331222
3342,5257.8310968392689
3343,5257.8946377969996
3344,5258.3761725031081
3345,5259.14640549658
3346,5260.0980018796317
3347,5261.8079544146976
3348,5263.7162538423945
3349,5265.03995323237
3350,5265.2788399504379
3351,5266.2579303817602
3352,5267.3742969631539
3353,5268.7088150950749
3354,5271.3947524392552
3355,5271.4646132696389
3356,5275.2823102844904
3357,5276.0683596683948
3358,5277.557980099873
3359,5278.227113005014
3360,5279.4560668908434
3361,5279.5943490130921
3362,5281.2905034231271
3363,5281.7095589621968
3364,5283.8878520620719
3365,5285.9085809044609
3366,5286.8175970592301
3367,5288.5138157076926
3368,5288.8499923691606
3369,5291.8779615085359
3370,5292.0093282474354
3371,5292.0855174454573
3372,5293.2455699056954
3373,5294.6614256057428
3374,5297.5364903537184
3375,5297.9175219262561
3376,5298.2405646189072
3377,5300.0730822755777
3378,5300.1348351510696
3379,5301.6718149831777
3380,5303.7362437189913
3381,5304.8567042242285
3382,5305.160713725506
3383,5306.3965443556472
3384,5307.6054843735737
3385,5307.7466617842674
3386,5310.4073354254324
3387,5311.403325575885
3388,5311.9325135944364
3389,5314.789047297133
3390,5316.6713736965785
3391,5318.1222678525055
3392,5318.4667478053525
3393,5319.6658238049231
3394,5319.9759151668077
3395,5321.0213937989265
3396,5323.7144216302622
3397,5324.1600930322493
3398,5326.7657546237606
3399,5327.3888746358907
3400,5327.4417280943935
3401,5330.2792027953265
3402,5330.4730280495105
3403,5332.1334417569551
3404,5333.3831454495548
3405,5335.5977569682764
3406,5337.2689415592604
3407,5339.9991594684325
3408,5340.308859856812
3409,5341.9831612966118
3410,5342.907549013984
3411,5343.5469896312234
3412,5343.9677180409981
3413,5347.5261174638872
3414,5348.1789082708456
3415,5349.3399784859012
3416,5349.4556463582467
3417,5351.4352716665417
3418,5354.3112880617246
3419,5355.1813464911829
3420,5355.4363576160058
3421,5358.0408916603701
3422,5359.0353122358711
3423,5360.0357039378341
3424,5362.1466814075429
3425,5363.4181201563142
3426,5363.8901268940999
3427,5365.9461194116384
3428,5366.8774141827471
3429,5367.2999355033262
3430,5369.6007993612893
3431,5369.7108649916199
3432,5371.6251732303544
3433,5373.6644591689428
3434,5374.1194397652635
3435,5374.8249831389194
3436,5375.8793123059186
3437,5376.6890549915206
3438,5377.6789668502224
3439,5379.0845693072997
3440,5379.9191606404174
3441,5380.7109093823847
3442,5383.0883247519687
3443,5383.7085534599482
3444,5384.2545976804067
3445,5384.6900359504425
3446,5385.6149012167416
3447,5388.4107906901718
3448,5388.6087614291264
3449,5390.2856031888978
3450,5392.2158694737727
3451,5394.4262797904739
3452,5396.3997208825176
3453,5397.5915907349181
3454,5398.1924285123523
3455,5400.5795490817954
3456,5400.951367018657
3457,5402.4242583207651
3458,5402.9515357206774
3459,5404.1224067947251
3460,5406.0394971643991
3461,5407.1940680331554
3462,5408.5945316981079
3463,5408.6829660749117
3464,5412.6039014702528
3465,5414.3251354680242
3466,5414.330003875024
3467,5415.1367963408502
3468,5416.8605904562046
3469,5417.2794194897788
3470,5418.9666034962183
3471,5420.5593010962739
3472,5423.5325157450116
3473,5424.3561997180532
3474,5427.0172730952172
3475,5428.6222134958589
3476,5430.6128915185409
3477,5430.6461812547986
3478,5431.8243728381549
3479,5431.9715011561602
3480,5433.4596920130543
3481,5434.4932329387766
3482,5435.0115669248644
3483,5435.8536615250387
3484,5438.30901876404
3485,5438.4418374231291
3486,5440.1251248865201
3487,5442.7410371254864
3488,5443.0776603843697
3489,5444.4084688690664
3490,5445.0815837802493
3491,5447.3694479164242
3492,5449.5936362825187
3493,5449.9863539256057
3494,5451.4042668991824
3495,5454.5839412576142
3496,5455.7539816370745
3497,5456.5478017874429
3498,5457.7750030536863
3499,5458.3600120181964
3500,5459.6457526408158
3501,5460.8226053744374
3502,5461.8950086937757
3503,5463.7963407083807
3504,5464.8223852253686
3505,5466.4921614389878
3506,5468.996872945263
3507,5469.2641151613097
3508,5471.1427362278309
3509,5473.4364987114614
3510,5474.1777649375226
3511,5475.7355629609756
3512,5476.5148713521503
3513,5477.6194002657239
3514,5480.4480953192024
3515,5483.5969168572165
3516,5485.1023837678022
3517,5485.3264937829581
3518,5486.711037101134
3519,5487.0486540718521
3520,5488.0370380780023
3521,5491.0459946107103
3522,5492.3358275777864
3523,5492.8376308011539
3524,5493.6888654723971
3525,5496.7239054164747
3526,5497.2313101096634
3527,5498.0046106775235
3528,5498.7892588584837
3529,5499.0365898466844
3530,5501.7027862650921
3531,5501.8019772596153
3532,5504.3187569943002
3533,5506.6340390309197
3534,5507.2689088416764
3535,5508.1253616302238
3536,5508.5861149144093
3537,5509.1937201953706
3538,5512.9730447279553
3539,5514.1685334215144
3540,5514.8746874653643
3541,5516.1663539751125
3542,5518.1523931122538
3543,5519.6616005243877
3544,5520.0324299225367
3545,5521.1638070342788
3546,5521.5054199776378
3547,5522.8817409695275
3548,5522.8919716649625
3549,5524.2870599044563
3550,5526.8848837405358
3551,5528.5895474917625
3552,5531.0012116792923
3553,5533.2783629462192
3554,5533.4698730145801
3555,5534.7338944214653
3556,5536.4503073778897
3557,5539.7995831497101
3558,5541.1137556647936
3559,5542.877776781289
3560,5543.3399013178951
3561,5543.8181974832023
3562,5545.191146409994
3563,5547.3373595589192
3564,5547.8966570786524
3565,5549.7066104303276
3566,5551.3090256542473
3567,5552.0433272256168
3568,5553.1094996183601
3569,5555.5559896404829
3570,5556.1362737591971
3571,5556.3715307961465
3572,5557.5841260202124
3573,5558.1388489009287
3574,5560.8104752772815
3575,5560.814981186044
3576,5561.29926125785
3577,5564.9101216107438
3578,5566.3599119802584
3579,5567.3266895908437
3580,5569.8110156442972
3581,5571.8372579387633
3582,5572.5791666941941
3583,5573.577162573064
3584,5573.9647432754864
3585,5574.6086189054795
3586,5577.3396251240993
3587,5578.1175341871003
3588,5578.1997112105864
3589,5581.3306751197242
3590,5585.0401761064322
3591,5585.5285565334834
3592,5588.118526195256
3593,5589.2195105446681
3594,5590.531962619656
3595,5591.4745390598628
3596,5593.4059712365188
3597,5595.7525803281833
3598,5596.2373027861349
3599,5597.1061946654436
3600,5597.2225741538869
3601,5600.2097735237785
3602,5601.2685572738419
3603,5603.2623089720555
3604,5604.1828831182929
3605,5609.243357393414
3606,5609.8478540632468
3607,5611.9039925195366
3608,5613.0462356881853
3609,5613.6087948318118
3610,5614.5185165170815
3611,5615.7373393221633
3612,5616.0187491283596
3613,5618.0551140992093
3614,5618.1128865001911
3615,5619.1814496545348
3616,5621.7064648287933
3617,5622.5238103443844
3618,5623.8666237856214
3619,5625.0865996821085
3620,5627.5320759609458
3621,5628.8323367290723
3622,5629.5317736633842
3623,5631.8553974048173
3624,5632.3815936612264
3625,5633.0807137833108
3626,5636.2073357485269
3627,5637.154667955574
3628,5637.6860975993986
3629,5639.8696017964357
3630,5641.2052187582231
3631,5641.7339520935348
3632,5642.9889989243438
3633,5643.3039569206967
3634,5644.3704719328707
3635,5646.5281796456857
3636,5650.2744580289464
3637,5651.1199641488329
3638,5651.6449139785191
3639,5652.1080766789773
3640,5654.1970779394533
3641,5658.0982649447951
3642,5659.2757141574148
3643,5660.9282249939042
3644,5662.2631911419085
3645,5665.1011817014087
3646,5666.9543714634929
3647,5667.1505597078285
3648,5668.553800058784
3649,5668.6480904321697
3650,5670.0748787002058
3651,5671.0858785087103
3652,5671.6711318435036
3653,5675.0352234444645
3654,5675.1574446303903
3655,5675.7440155889744
3656,5679.748752502428
3657,5681.3567378361722
3658,5682.6915770796104
3659,5683.9817535045122
3660,5684.0311947278315
3661,5684.6505179010983
3662,5687.1323844916333
3663,5687.9518643320462
3664,5688.562895526883
3665,5690.9034000243701
3666,5692.3864920473152
3667,5694.6890146742235
3668,5694.7333891284434
3669,5696.2533268624411
3670,5698.9157457272477
3671,5701.5426487450804
3672,5703.67383220804
3673,5703.8954670765197
3674,5706.4640797276206
3675,5706.9152146959232
3676,5707.9375684786655
3677,5709.7292224162347
3678,5711.2418315146197
3679,5711.2900651362625
3680,5712.675936416691
3681,5715.2009871049904
3682,5715.3723599676432
3683,5717.4901582674202
3684,5719.060244008253
3685,5720.715233639291
3686,5722.0668523461063
3687,5725.5754340439544
3688,5725.7656700099378
3689,5727.5173058515793
3690,5728.4268496699615
3691,5730.5125344423395
3692,5730.7026785246635
3693,5731.9320194241645
3694,5734.0735007996382
3695,5735.9471649127372
3696,5736.9550670288636
3697,5738.546094628382
3698,5738.8728416668264
3699,5740.6619057935268
3700,5742.8220222415457
3701,5744.7953688795269
3702,5745.4290905201933
3703,5745.7953838099738
3704,5747.0736805996812
3705,5748.3515822203271
3706,5750.5114056198972
3707,5753.1431298483603
3708,5754.2857259273414
3709,5754.4409079730467
3710,5756.9859671074555
3711,5758.9613837124489
3712,5760.4459134514545
3713,5762.3948276054707
3714,5763.9821317539281
3715,5764.1266125817183
3716,5766.691992225431
3717,5767.5657867585469
3718,5767.730607387176
3719,5770.971108264469
3720,5773.1953061523909
3721,5776.0239493162753
3722,5777.0772425626765
3723,5777.6201373431923
3724,5780.1022038220644
3725,5781.0195602348131
3726,5782.7582784530714
3727,5783.0711440239047
3728,5784.3374371678829
3729,5784.6413071682218
3730,5786.8591834417202
3731,5787.8094200603027
3732,5790.206180221684
3733,5794.3345913773164
3734,5794.9430937242905
3735,5795.5869929751962
3736,5795.8630173639031
3737,5797.2676915809297
3738,5799.6879201152451
3739,5800.2495925364374
3740,5803.2624182218851
3741,5803.4021029513597
3742,5807.9057136548736
3743,5810.2362509479444
3744,5810.8004264466053
3745,5812.273229020916
3746,5812.366210452934
3747,5815.4231197228119
3748,5816.4075829872572
3749,5818.7237978505018
3750,5819.4940548744262
3751,5819.986673886985
3752,5821.1986789012835
3753,5822.7008833965392
3754,5826.1693093369013
3755,5826.3751880825912
3756,5828.7406510235542
3757,5830.7150925366632
3758,5831.8771689992518
3759,5833.9146634150156
3760,5835.5699406440372
3761,5836.1509657845545
3762,5837.3063738614464
3763,5839.3897328991543
3764,5840.5756852719369
3765,5841.6186711072123
3766,5842.7036976993695
3767,5844.0317819519823
3768,5844.9108279072707
3769,5846.4909779592872
3770,5846.9180932942127
3771,5848.2240184105931
3772,5849.6897896166547
3773,5852.5649781504608
3774,5853.0716603561204
3775,5855.3523558452789
3776,5856.1879232807969
3777,5858.8767027743697
3778,5861.5081197707732
3779,5863.1233995383855
3780,5863.7046082299994
3781,5866.2603025347016
3782,5866.5587573505591
3783,5867.3771932252603
3784,5870.2402989523898
3785,5871.2059925134654
3786,5874.4842019241569
3787,5875.7703953721457
3788,5877.9579059268162
3789,5880.3256293587847
3790,5880.667176436873
3791,5882.0597557836873
3792,5882.9227830956888
3793,5883.8287145247687
3794,5884.8932217164102
3795,5885.7530121736118
3796,5888.0837136783393
3797,5889.1576340230613
3798,5890.9785566353721
3799,5894.0953977869085
3800,5894.7757383858207
3801,5895.5652210063035
3802,5896.461146014175
3803,5897.3891069051797
3804,5899.6087482695939
3805,5900.5532481257587
3806,5902.132819903748
3807,5903.792251515858
3808,5906.289933514694
3809,5906.9065404353241
3810,5907.2599122190286
3811,5908.1387465977059
3812,5911.7180800799315
3813,5913.6438150789199
3814,5915.0177381258491
3815,5916.5034844635184
3816,5920.3179176460817
3817,5921.3393858035724
3818,5923.3126502462937
3819,5924.1771016832927
3820,5924.5546842422891
3821,5926.1441120012669
3822,5926.9395791759134
3823,5931.3600194443115
3824,5932.1383587554237
3825,5935.6744875482873
3826,5937.2005709701716
3827,5941.636956047364
3828,5941.7261132618441
3829,5942.6120234070568
3830,5942.8100657945015
3831,5945.3859825210875
3832,5945.9834732737554
3833,5946.6691448829952
3834,5947.9144450393396
3835,5949.2189303769737
3836,5950.3580104240082
3837,5952.237011456552
3838,5953.814693005459
3839,5954.1905214236958
3840,5957.6394732181916
3841,5957.9986511911138
3842,5959.035205617959
3843,5960.5084823996658
3844,5962.5138457437552
3845,5965.8823565693738
3846,5966.6198751990451
3847,5966.8400217673234
3848,5967.8672476109905
3849,5969.3654074930337
3850,5972.0241467188916
3851,5974.2109378923142
3852,5975.2415188358445
3853,5976.123343720772
3854,5979.0524075384656
3855,5980.0343651417397
3856,5982.1485671220726
3857,5982.848726637586
3858,5984.3915521710569
3859,5987.8351445242797
3860,5988.462756583046
3861,5989.4980796201198
3862,5992.3618722690089
3863,5993.9858460072464
3864,5995.4048226677314
3865,5997.3900294055202
3866,5998.287440520824
3867,5999.5704766337722
3868,6000.8542236734474
3869,6003.3410022402713
3870,6004.3336213592811
3871,6007.6241400631407
3872,6008.2829358438667
3873,6010.3569796230304
3874,6011.9945380784311
3875,6013.5271726256715
3876,6014.445648991702
3877,6015.7591532194801
3878,6017.0672660109412
3879,6017.7982718744579
3880,6019.2372075365229
3881,6019.9204388263806
3882,6020.522098753404
3883,6020.9989086741034
3884,6025.3922692123078
3885,6026.0113619428066
3886,6029.6429243565835
3887,6030.5557824882944
3888,6033.8783819731798
3889,6036.4588220821834
3890,6039.6447728540043
3891,6042.6725377778839
3892,6043.0853817815214
3893,6043.5468029421208
3894,6044.1868824836538
3895,6044.7682134555853
3896,6049.0667684296559
3897,6050.0374106543832
3898,6050.6263413699371
3899,6051.8337086019092
3900,6052.0068135379097
3901,6053.1221612146128
3902,6055.0233913920965
3903,6056.958122252744
3904,6060.4785851532561
3905,6062.128388791919
3906,6063.1317798353566
3907,6063.1547940162036
3908,6065.553545063809
3909,6068.1202835322101
3910,6070.3859180037016
3911,6071.2413944283862
3912,6071.9530110720316
3913,6072.6750320984784
3914,6077.203765884753
3915,6077.6430749433302
3916,6079.3515922447759
3917,6079.8622282842907
3918,6081.7490340135973
3919,6083.4870260206326
3920,6084.8904296448009
3921,6085.6629283341463
3922,6088.6938698897775
3923,6088.7002158816858
3924,6090.1797031805309
3925,6093.150266977078
3926,6094.1768550510851
3927,6094.5157023446418
3928,6096.5154367129617
3929,6096.7407520816359
3930,6101.2887223901207
3931,6102.8581823459199
3932,6103.1247166143348
3933,6106.9074952145365
3934,6107.5399147712033
3935,6108.517943823078
3936,6110.3350187997257
3937,6111.5997877340433
3938,6113.9841271795785
3939,6115.6295753506911
3940,6118.5819678085008
3941,6119.0038772711268
3942,6119.2906849515275
3943,6122.0929480177638
3944,6122.7514686140303
3945,6125.9079548793889
3946,6127.7106930260979
3947,6129.3660228559829
3948,6131.6526761405212
3949,6132.1877089853579
3950,6134.1745693260427
3951,6135.5585540530183
3952,6135.8528276632724
3953,6136.9374170722258
3954,6142.5572504235379
3955,6142.6391270226195
3956,6143.4626329104949
3957,6146.5478304223125
3958,6147.2200724465047
3959,6150.9964565654291
3960,6152.8736717250049
3961,6153.2668721513573
3962,6154.6259847387437
3963,6158.4078719430381
3964,6159.1481921919212
3965,6161.1472358231558
3966,6161.9668071399274
3967,6164.8031950299455
3968,6164.890525963684
3969,6165.4040435338775
3970,6167.2192595784672
3971,6170.205090553286
3972,6171.6559270515327
3973,6171.9029426089255
3974,6172.2204521606973
3975,6176.3343795899473
3976,6178.2381399865881
3977,6178.5745316304119
3978,6181.5950336736751
3979,6182.2751002736395
3980,6182.9116832861628
3981,6185.4755545810631
3982,6186.6530707173652
3983,6186.8758355476966
3984,6190.8959712311125
3985,6191.2078835075172
3986,6191.9231560007693
3987,6195.720893397247
3988,6197.3185151331709
3989,6199.2927466531146
3990,6200.399808896972
3991,6201.0894128381897
3992,6203.4573494808692
3993,6208.2190341944452
3994,6208.4868685639221
3995,6211.0868180130738
3996,6213.537468213076
3997,6213.5439216755885
3998,6214.6422931025554
3999,6215.1640835692806
4000,6215.2930369325559
4001,6219.2496506126372
4002,6221.1817038305981
4003,6223.3425221054213
4004,6224.2328666255144
4005,6225.0570662028877
4006,6226.6435013703031
4007,6227.8222765837645
4008,6229.3021312354413
4009,6230.6627317276834
4010,6234.8711582768383
4011,6237.7615556925894
4012,6238.5772553834386
4013,6238.7186334944436
4014,6241.398187196035
4015,6245.8333961542112
4016,6246.7000606044739
4017,6249.4854224432811
4018,6250.3991386064918
4019,6250.9102705253672
4020,6253.6337054590404
4021,6254.5653017819941
4022,6256.6835341985588
4023,6257.0023407684457
4024,6258.2281156551053
4025,6258.5422272960641
4026,6261.552265188443
4027,6261.9506411049997
4028,6262.5327851669608
4029,6264.0052527066464
4030,6266.8477537553845
4031,6271.0105923473957
4032,6271.443743689606
4033,6274.9216635868197
4034,6275.9308556474307
4035,6278.6703666250087
4036,6279.0704778441586
4037,6280.5781886644227
4038,6281.1085569715033
4039,6283.1456661287693
4040,6285.2113125671058
4041,6286.3681064585398
4042,6286.5752988387158
4043,6288.5662293954929
4044,6291.1105977409488
4045,6295.8219597269717
4046,6297.8800772765217
4047,6298.9495315794238
4048,6299.6053355189279
4049,6301.1846248398142
4050,6302.7624983692458
4051,6303.2046680148997
4052,6305.1239971691757
4053,6306.6627811837452
4054,6308.5014036800239
4055,6308.8881536037406
4056,6310.3339405715133
4057,6310.846715702186
4058,6316.57487291506
4059,6317.443976750852
4060,6319.6283267338767
4061,6319.6765101447718
4062,6322.8449073525589
4063,6324.1755031675102
4064,6327.079766923599
4065,6327.4527357298293
4066,6329.4732719401636
4067,6331.0081080606669
4068,6332.2353634716319
4069,6335.2569683252186
4070,6337.7088047258467
4071,6338.323988668687
4072,6341.972481925156
4073,6343.2503059648579
4074,6343.6756275160433
4075,6344.48080283545
4076,6347.1524222758881
4077,6348.322884292651
4078,6350.2828397599988
4079,6350.6090046081008
4080,6352.4468526252322
4081,6354.8073515811202
4082,6356.2614704586913
4083,6358.7454504583302
4084,6362.7978281168953
4085,6365.3925723222355
4086,6366.3607415138376
4087,6367.6736331220227
4088,6368.9736078766164
4089,6371.1388131108106
4090,6372.8900873110288
4091,6372.9140172549342
4092,6377.4660256027792
4093,6378.0428365151565
4094,6378.174641124484
4095,6380.189560797131
4096,6383.0587436613869
4097,6383.7196393877493
4098,6384.6843296671777
4099,6386.1561315163808
4100,6389.2084931505342
4101,6390.0207281392168
4102,6391.4180061938869
4103,6393.2911055316708
4104,6394.6575866930589
4105,6395.1758800573098
4106,6399.1432924131259
4107,6400.7852633626517
4108,6401.1992170155872
4109,6402.4476763274815
4110,6407.0317798528176
4111,6410.7620914110748
4112,6412.3452985012555
4113,6412.9102846979758
4114,6415.4451626120481
4115,6415.9969941017516
4116,6418.7994602265217
4117,6419.1174276995971
4118,6419.4667326978251
4119,6420.1634137990704
4120,6422.1324324695788
4121,6422.9989889223762
4122,6427.3650651752869
4123,6428.0437875467951
4124,6430.2628173145613
4125,6432.3490107943235
4126,6434.3442946244822
4127,6438.0507372823713
4128,6439.9423299596092
4129,6440.8552576951752
4130,6442.3472519723855
4131,6445.1527606856343
4132,6445.3117319539533
4133,6447.3752892411985
4134,6451.756333411201
4135,6453.0422652529078
4136,6456.6203814553255
4137,6457.4948526713879
4138,6458.1129219437298
4139,6459.5354434127112
4140,6460.2806535262453
4141,6461.3645646204377
4142,6463.4358910793389
4143,6464.572716067375
4144,6467.4028137925943
4145,6467.5446961959979
4146,6468.7177309476956
4147,6471.3333743410931
4148,6474.5301278002835
4149,6474.752052112678
4150,6476.5929249163446
4151,6479.0257604575509
4152,6480.6054581575845
4153,6483.2068332835643
4154,6484.8761191737449
4155,6485.916828006737
4156,6488.0609772365124
4157,6488.3422775970776
4158,6493.4702241793557
4159,6493.5267214424766
4160,6496.4245103674293
4161,6498.793679870284
4162,6499.4600370219323
4163,6501.0936022635115
4164,6501.563440429366
4165,6503.5617099527008
4166,6503.9909779832942
4167,6505.930706514916
4168,6507.6913776158699
4169,6509.2021352576503
4170,6513.349162405525
4171,6514.8617680225825
4172,6514.9569373040786
4173,6518.7878268882087
4174,6519.2342994439041
4175,6521.1763399413467
4176,6522.0407430398118
4177,6523.8735939594917
4178,6525.5273349721656
4179,6530.5126209533173
4180,6531.5080638291183
4181,6534.6964550551356
4182,6536.0182740916034
4183,6536.4617331359023
4184,6537.77324763865
4185,6540.5440342714928
4186,6542.2264243589234
4187,6542.4221811609086
4188,6544.4920383638846
4189,6545.211863538435
4190,6548.3870597469959
4191,6549.0971716643026
4192,6549.3527837270813
4193,6554.5052247249623
4194,6556.6429380797472
4195,6558.2486398980172
4196,6559.0829637750512
4197,6563.4930798910536
4198,6565.8070491011631
4199,6568.659925582715
4200,6569.7241731226877
4201,6569.9942669884631
4202,6570.5493781001633
4203,6574.0789468034982
4204,6576.3408282833798
4205,6576.8411880289896
4206,6577.8313020023234
4207,6580.564719479722
4208,6580.6564787199504
4209,6582.3920842839825
4210,6583.4437642651255
4211,6586.8939544035684
4212,6587.5982348588013
4213,6588.3856710351956
4214,6593.9260891941594
4215,6596.5921295610351
4216,6600.0227955364653
4217,6600.236238263009
4218,6601.0661866090541
4219,6601.6369285604342
4220,6602.0255491592015
4221,6605.949952897935
4222,6608.2566005266563
4223,6609.2432328463419
4224,6609.7521307759916
4225,6614.0114083463513
4226,6615.418369038689
4227,6617.0222327033698
4228,6618.2755642154789
4229,6619.9607682360911
4230,6622.2638719243132
4231,6623.9032518391132
4232,6627.7745719301302
4233,6628.3791799822238
4234,6629.644654339234
4235,6630.4304685927655
4236,6632.1709535262316
4237,6636.9794472756757
4238,6639.7950879123264
4239,6640.138033058126
4240,6640.7667474927339
4241,6641.8608749509604
4242,6642.1475954939015
4243,6644.3360665633836
4244,6646.002733866816
4245,6647.0914129174389
4246,6650.4554834482396
4247,6652.257228781421
4248,6655.4620257438237
4249,6657.0328373539223
4250,6659.1942373045886
4251,6661.6198342997159
4252,6665.0408499362629
4253,6666.6160972991956
4254,6669.8012561645419
4255,6670.0911899055691
4256,6671.525436887172
4257,6673.12512724113
4258,6673.9456957254552
4259,6675.4784420613696
4260,6679.729592752894
4261,6680.8281532055871
4262,6682.6647186405089
4263,6683.2575071057399
4264,6683.4430262578917
4265,6684.0671230828475
4266,6689.828854407715
4267,6691.6769251483502
4268,6693.13707374361
4269,6694.2424200109681
4270,6694.5544473952104
4271,6700.4230618100401
4272,6701.3146960264066
4273,6701.9276705757984
4274,6704.0468435942348
4275,6707.3299830422666
4276,6707.4281803144313
4277,6708.0143156161776
4278,6712.4400550031096
4279,6714.5653088412419
4280,6715.2004929630848
4281,6715.6406069036921
4282,6716.6412006907658
4283,6720.6556699163684
4284,6721.9819036274939
4285,6724.229783795945
4286,6724.6793162798167
4287,6726.1018713187577
4288,6729.5398749552869
4289,6730.4367446456808
4290,6731.5847948097689
4291,6734.6649931615348
4292,6737.0067522479321
4293,6737.2189272773876
4294,6739.9355456193689
4295,6741.8153017438526
4296,6743.4569442389411
4297,6747.7539082325948
4298,6748.5272802822674
4299,6749.8109426703595
4300,6751.7799847204642
4301,6752.7172049186374
4302,6757.0067974662561
4303,6757.0580904596227
4304,6758.5901429729774
4305,6762.8600683827253
4306,6764.5124603679214
4307,6765.5888384569807
4308,6767.1206912308817
4309,6769.8412885682792
4310,6771.4886494369503
4311,6774.7040553306397
4312,6776.1211354350926
4313,6776.8590810535079
4314,6780.8310106019526
4315,6781.611734788672
4316,6783.1685018541175
4317,6786.5342462573208
4318,6788.315432358826
4319,6789.2002709135413
4320,6791.0577213296956
4321,6792.0149591089394
4322,6793.7739557928498
4323,6796.1828453142398
4324,6800.4250992046909
4325,6800.4494796771669
4326,6800.9943196816121
4327,6803.3739714598287
4328,6805.6200808168069
4329,6808.7913299212141
4330,6811.044439963167
4331,6812.3488225061374
4332,6813.6506994777346
4333,6815.347070053037
4334,6818.7105945019684
4335,6821.1306262103799
4336,6821.948407048787
4337,6822.023293395835
4338,6822.9861176463528
4339,6828.4949097109065
4340,6829.0733437244426
4341,6830.3359575460627
4342,6832.6202281948008
4343,6835.0964994461419
4344,6835.3369544311317
4345,6836.7271590133951
4346,6836.9964020543193
4347,6839.6199044478408
4348,6840.7913058329987
4349,6845.9847399530854
4350,6849.383333634376
4351,6850.1149013707209
4352,6853.0015564650603
4353,6854.6241354968488
4354,6856.8841769814117
4355,6857.6872393948061
4356,6860.4159745642255
4357,6862.4316504911476
4358,6862.981448279189
4359,6863.1690089538042
4360,6865.9121327049606
4361,6871.2111811145342
4362,6871.7784161065329
4363,6872.5333771666519
4364,6873.3622801716838
4365,6873.6933837191982
4366,6875.7182887649187
4367,6876.928718206811
4368,6882.4805459712115
4369,6887.5842167584888
4370,6888.1479893811129
4371,6889.9690079260154
4372,6892.7374469879642
4373,6893.3705035341509
4374,6895.8697820961734
4375,6896.9448434072228
4376,6898.7819388848538
4377,6900.9892325050369
4378,6903.4877844777129
4379,6904.7440069115355
4380,6905.4554331974687
4381,6908.2939204642244
4382,6908.6061492872723
4383,6912.0400310655168
4384,6914.7811085391359
4385,6917.1444705339309
4386,6918.6637997571042
4387,6919.9771797466192
4388,6920.5927203362262
4389,6921.4142832868483
4390,6923.705748272544
4391,6927.0677356408596
4392,6927.2601770905803
4393,6930.3612911918972
4394,6931.5854591771931
4395,6933.9954857837638
4396,6934.9982991611851
4397,6936.7395790608753
4398,6936.9513975357077
4399,6939.5725063866112
4400,6942.6282276150268
4401,6943.3320083393392
4402,6946.8615071334925
4403,6948.6536192974081
4404,6952.6385913612376
4405,6954.7691528760852
4406,6957.1483648401845
4407,6958.5836145656667
4408,6961.1159881121166
4409,6961.565628682546
4410,6962.2618266271029
4411,6965.0152162122677
4412,6967.5354392089221
4413,6968.6560595514111
4414,6970.8361028377849
4415,6973.7700595283586
4416,6975.0325981689348
4417,6976.6929149645839
4418,6977.5189187348988
4419,6981.2744292105826
4420,6985.2822223267858
4421,6988.5837677701766
4422,6989.6702988773332
4423,6992.370597568055
4424,6993.3508171076373
4425,6994.7422070059465
4426,6996.2721790092282
4427,6997.938065833061
4428,7000.3423655703264
4429,7002.2277506825103
4430,7002.3911806487513
4431,7004.3133881724661
4432,7008.7826366213367
4433,7009.4709718127815
4434,7010.9746281235293
4435,7016.5428165808589
4436,7017.4493972161017
4437,7020.1071541690362
4438,7021.4554478990003
4439,7023.4776912550487
4440,7025.0187625296485
4441,7025.6879533493739
4442,7028.5069622550945
4443,7028.7120234640379
4444,7031.1999763036374
4445,7032.0954325076509
4446,7033.4034028557153
4447,7035.2070924439513
4448,7038.0515324623348
4449,7039.8880380309538
4450,7041.2632710617163
4451,7044.3448606128813
4452,7046.6743877785884
4453,7048.5509909464954
4454,7050.7760412405542
4455,7052.8163183224679
4456,7057.1498767486974
4457,7057.2946665050931
4458,7060.4822010582593
4459,7061.3099032956352
4460,7064.4752249645799
4461,7064.5564659166184
4462,7065.9117921134048
4463,7069.8924980091106
4464,7071.3554007104394
4465,7071.9724426233497
4466,7074.3896569247991
4467,7079.2700260566553
4468,7079.5667773843425
4469,7080.8005226095293
4470,7083.7690553489429
4471,7085.4985911850372
4472,7088.8149305422767
4473,7090.5078418814692
4474,7090.7331498930535
4475,7096.1980720478177
4476,7096.5360390465585
4477,7100.0785240349542
4478,7102.2123836671944
4479,7104.2694236636507
4480,7105.8652491891226
4481,7107.8648311280467
4482,7108.1141859613699
4483,7108.312331290178
4484,7114.1774297844177
4485,7115.2569159345521
4486,7116.4042233562614
4487,7119.5058895845332
4488,7119.7362474370802
4489,7123.6284942243037
4490,7124.2589747757411
4491,7125.6831128790955
4492,7129.5145422968408
4493,7129.5356032070749
4494,7131.7338375786194
4495,7135.3526887632788
4496,7136.8856099641453
4497,7137.289045727839
4498,7139.3897951330437
4499,7140.4555888538516
4500,7143.8231515645721
4501,7146.7992223095462
4502,7147.2596057394685
4503,7147.8719035388167
4504,7148.1678378730994
4505,7150.8250188389302
4506,7155.0104434029436
4507,7157.6551044180269
4508,7158.5831910748029
4509,7159.8808355694882
4510,7162.2442900936494
4511,7167.3003911804763
4512,7169.4502837037307
4513,7169.6562585855227
4514,7170.4166100718976
4515,7174.2202718004573
4516,7174.4005589734734
4517,7179.6154351001251
4518,7180.7380889104252
4519,7183.5267388259199
4520,7184.3079492127008
4521,7186.688692693333
4522,7188.6564099672178
4523,7189.5354311267074
4524,7192.3688029597697
4525,7195.7321505399523
4526,7197.7929326859112
4527,7197.965650509087
4528,7200.2956867733274
4529,7204.0065216166804
4530,7204.9174212302642
4531,7206.7232986182016
4532,7209.7666537370787
4533,7212.7986707832752
4534,7215.6379225981345
4535,7217.6141216949827
4536,7219.0596906626779
4537,7219.751977168512
4538,7223.6861309999349
4539,7224.6788449775477
4540,7225.8408233321488
4541,7227.3474090622012
4542,7229.966302460437
4543,7230.168763963421
4544,7234.7070254419968
4545,7236.0842938060359
4546,7237.7856573338959
4547,7239.95263579728
4548,7240.7408023102935
4549,7241.9722457249809
4550,7243.2172843522912
4551,7244.2564634304454
4552,7246.7867187002248
4553,7250.6110009606282
4554,7253.7243367004048
4555,7255.8665917049912
4556,7260.8307448277583
4557,7262.955445171272
4558,7264.0203115587947
4559,7266.0451122906834
4560,7266.4488944438917
4561,7271.508255036716
4562,7272.3800461723313
4563,7273.5651736975342
4564,7276.7848649357948
4565,7278.9109765758139
4566,7279.7646324359766
4567,7280.9017090865791
4568,7283.75990168114
4569,7284.0101046835161
4570,7285.9859846009704
4571,7286.5299009483642
4572,7287.3875333817496
4573,7294.4351185060204
4574,7298.5427768394238
4575,7300.7842890514512
4576,7303.2348297295421
4577,7303.7438850546132
4578,7304.7296702428048
4579,7307.9342526331329
4580,7308.0916223584518
4581,7311.2119318250152
4582,7315.8654598988951
4583,7316.1657457091687
4584,7319.0553599563646
4585,7321.6729170814187
4586,7322.5251510591088
4587,7323.9501599243495
4588,7324.2332160379938
4589,7329.4771961253309
4590,7330.3896361133902
4591,7330.8684248203544
4592,7331.8772282729697
4593,7335.6510390094036
4594,7337.4027437893519
4595,7339.5624369782654
4596,7339.8113603882057
4597,7342.0162124985718
4598,7345.8917276469519
4599,7346.5774666125681
4600,7349.5149915562279
4601,7349.8108996126111
4602,7352.0699586043993
4603,7358.116706534377
4604,7359.2119097866971
4605,7359.5946069702431
4606,7364.9468773682202
4607,7365.0661090330686
4608,7366.4636211958186
4609,7368.0776710258651
4610,7371.5936678392309
4611,7372.5112215673307
4612,7374.0232241347067
4613,7376.7433307873953
4614,7378.6634383077353
4615,7380.3670850391509
4616,7382.6043359495789
4617,7385.2606566246714
4618,7387.0116970374866
4619,7389.6461960970819
4620,7392.9493713862112
4621,7394.7049535936403
4622,7396.418511887864
4623,7399.7982220868189
4624,7401.9618974442801
4625,7403.0462735722904
4626,7406.1954829069591
4627,7408.7907230129122
4628,7409.5088605656456
4629,7412.4222772976873
4630,7412.8260006898927
4631,7416.1581160054975
4632,7417.2073751231001
4633,7420.1938086363252
4634,7420.7568044559121
4635,7425.6755116410677
4636,7427.4582931944196
4637,7430.2427078251494
4638,7432.5233383802097
4639,7434.1142085756819
4640,7434.7095701332073
4641,7437.9805706653397
4642,7439.3831451264778
4643,7441.2668212805693
4644,7443.1891410065546
4645,7447.302448239685
4646,7447.7905328786574
4647,7449.5723679501098
4648,7451.8058873566642
4649,7455.1805461339472
4650,7455.5457987864875
4651,7456.6042608410089
4652,7457.9995637343836
4653,7460.3773692093819
4654,7461.1428143837975
4655,7465.881400322658
4656,7466.1953819678938
4657,7473.8690877335557
4658,7474.2911760948064
4659,7477.4778144903348
4660,7480.9731442625462
4661,7481.7835315343636
4662,7482.4941958656
4663,7483.0512570292058
4664,7487.2182734141197
4665,7490.9979757148412
4666,7492.7796479976178
4667,7493.3386180599064
4668,7496.2242566608784
4669,7497.8235602080022
4670,7501.0529705117879
4671,7501.337361470838
4672,7503.4132326603494
4673,7504.4765394172819
4674,7504.5522925972673
4675,7507.0421499392914
4676,7510.5235660002054
4677,7514.2476025973474
4678,7517.8175822135872
4679,7517.8479991071008
4680,7522.6735097768023
4681,7525.3458896823295
4682,7529.5529868254198
4683,7533.0163762076709
4684,7534.8164414110506
4685,7535.1868358614192
4686,7535.8268700104072
4687,7538.5326015844876
4688,7539.2765906362774
4689,7540.3329755307186
4690,7540.6079587977501
4691,7544.1972366674108
4692,7545.1218934076251
4693,7547.7697822297623
4694,7548.6771341519134
4695,7550.6138152999938
4696,7551.5990376831587
4697,7555.5923967494164
4698,7558.3641999196489
4699,7559.5462967606763
4700,7563.0426153572607
4701,7566.4360784464325
4702,7571.1017983241554
4703,7573.8493562312733
4704,7575.0945643409723
4705,7575.3810669014902
4706,7577.0404912705199
4707,7577.2506946823469
4708,7581.4562774447095
4709,7581.8731617639014
4710,7584.3149035157958
4711,7586.0189423604497
4712,7588.0948552750624
4713,7589.8780423903372
4714,7594.0077370244553
4715,7595.4802411474893
4716,7596.2003996396097
4717,7599.6272918162949
4718,7603.4633240582825
4719,7607.765305947275
4720,7608.9464225439078
4721,7610.7785595233281
4722,7612.7530871637582
4723,7612.9041070815074
4724,7615.9365304932289
4725,7620.6685025179331
4726,7620.7147634458688
4727,7623.5618384120253
4728,7628.0759009083358
4729,7630.6224118836444
4730,7632.1761270983179
4731,7632.9485574611581
4732,7635.6727523888294
4733,7637.7379816857592
4734,7639.1672543847844
4735,7640.7496822448902
4736,7641.4008307599515
4737,7644.0148027191854
4738,7645.9864569555157
4739,7648.9147289778048
4740,7649.8834261947877
4741,7652.3134009920814
4742,7655.5546108013259
4743,7658.9953034175196
4744,7662.5880232781765
4745,7665.5266547768051
4746,7667.5242070916793
4747,7669.0992009518877
4748,7670.5329945193171
4749,7671.8453272846064
4750,7672.2175676212055
4751,7673.7430235674774
4752,7676.8769190498224
4753,7679.3065534441494
4754,7681.1369290698531
4755,7685.4708908474031
4756,7687.1353203277586
4757,7687.9108951937278
4758,7691.7101152972618
4759,7694.8719469009238
4760,7700.3129679772264
4761,7701.2604177038475
4762,7702.0667024192117
4763,7704.3243360266351
4764,7705.1562273430318
4765,7706.331365642247
4766,7706.5355473651716
4767,7711.6461599383629
4768,7714.0980497557966
4769,7716.2364018934068
4770,7716.7723663729712
4771,7724.4628500116823
4772,7724.6339146285691
4773,7725.8458212117584
4774,7728.6102847027632
4775,7731.5818384438053
4776,7734.0250231910813
4777,7735.2232045633191
4778,7738.8579010884923
4779,7739.2912005913022
4780,7740.9252646273835
4781,7743.4370918827281
4782,7743.5026575826741
4783,7749.2885551826375
4784,7749.7840134434346
4785,7751.2161930614275
4786,7754.5638797849469
4787,7755.7511102535436
4788,7757.3962146262438
4789,7758.7002249058405
4790,7763.503754062277
4791,7763.9425642789947
4792,7765.4110506198967
4793,7767.1364633944731
4794,7769.5583028912779
4795,7772.445432453007
4796,7776.705315677088
4797,7778.7718478059214
4798,7779.7898014090861
4799,7784.9737178238138
4800,7786.4045795351431
4801,7787.4423107911207
4802,7790.2394055226423
4803,7791.0475977229544
4804,7794.5923953019701
4805,7795.4873134566578
4806,7796.6740499445987
4807,7798.9834556836058
4808,7801.4888863171363
4809,7804.1572830080895
4810,7805.9166302878948
4811,7814.1822483480355
4812,7815.706108964263
4813,7817.9509626165427
4814,7820.6528361068458
4815,7820.6793965551524
4816,7822.9456171571219
4817,7824.8965019374891
4818,7825.6749487516308
4819,7827.6044131778508
4820,7830.7781907228682
4821,7832.5210569169894
4822,7834.9016269692702
4823,7839.6238137032033
4824,7841.4837402134781
4825,7841.8908744403434
4826,7843.9338998240328
4827,7846.9956597096207
4828,7848.4389955219613
4829,7850.2639016284747
4830,7855.4883515153142
4831,7857.325593798626
4832,7858.4389250138856
4833,7858.8274871842332
4834,7860.3169517216611
4835,7862.4150390517034
4836,7863.7527717760377
4837,7869.6077704229838
4838,7872.9287238046372
4839,7876.6098995052844
4840,7876.6746404171317
4841,7877.5707346912423
4842,7879.0402256868738
4843,7884.0274678324467
4844,7885.5870469380943
4845,7889.9883373718158
4846,7890.0117456200687
4847,7893.2428843436592
4848,7894.518650005668
4849,7899.1246345826748
4850,7899.506741988318
4851,7903.0317698066337
4852,7905.1981309228504
4853,7906.237756685472
4854,7908.197186341059
4855,7913.5214693685348
4856,7914.3603197285565
4857,7915.7072896722539
4858,7919.0413420112036
4859,7920.2370208699913
4860,7921.3691005960964
4861,7922.1040733652817
4862,7927.2876098749521
4863,7932.959717926552
4864,7933.9940105680553
4865,7936.2740988164151
4866,7937.2896714853541
4867,7939.2417259944004
4868,7941.0570590173484
4869,7942.5613702570254
4870,7945.7865570168933
4871,7946.6945390355786
4872,7948.5728311903358
4873,7949.6734932546369
4874,7949.9636575116865
4875,7953.490446315519
4876,7956.8271972378261
4877,7958.5604987357956
4878,7961.9041702443837
4879,7963.8374805192734
4880,7966.2943731274763
4881,7971.7673686012085
4882,7974.1598912410554
4883,7976.8831489234626
4884,7980.3232926610435
4885,7982.1150709778594
4886,7982.1865647749937
4887,7986.1450701524373
4888,7986.4354943451208
4889,7989.0403986603433
4890,7991.1736530248145
4891,7992.4216883010504
4892,7995.1889131922344
4893,7996.7871413473513
4894,8002.0187247145122
4895,8002.8267326818723
4896,8005.8168510563773
4897,8006.8110800276381
4898,8011.697595916562
4899,8015.1931662246234
4900,8017.0169160416135
4901,8018.2122166696099
4902,8020.2876379080371
4903,8020.4583977372795
4904,8024.5417997362729
4905,8025.6441338984778
4906,8031.7380313519125
4907,8032.43944087828
4908,8033.2088606485358
4909,8035.0788004106125
4910,8035.9944561360689
4911,8037.1208028699984
4912,8039.5189798980755
4913,8042.8452615109645
4914,8046.4187942587569
4915,8050.1107252145894
4916,8051.8045724419708
4917,8053.5588249238735
4918,8057.8939956773638
4919,8062.1910544481125
4920,8063.3888333392051
4921,8065.2799754726266
4922,8068.9231640935659
4923,8072.1020676345161
4924,8072.2197623208667
4925,8074.031654994953
4926,8074.6364741262369
4927,8075.7449222199002
4928,8080.3158984108695
4929,8086.8133841533781
4930,8088.1510846079818
4931,8090.816675130377
4932,8090.9355339127123
4933,8093.5435613395557
4934,8097.1263768662766
4935,8098.1583982787897
4936,8098.9683595560682
4937,8101.9148934025216
4938,8102.7236661882071
4939,8104.7725228103354
4940,8106.7308724865079
4941,8111.3145866066552
4942,8112.5398214708221
4943,8117.3453018963719
4944,8118.8661653142681
4945,8121.3609249412157
4946,8124.4568578650105
4947,8125.1830616352845
4948,8127.0922576855801
4949,8127.680986805115
4950,8129.9857718933663
4951,8133.3711717243759
4952,8137.1073970609177
4953,8140.1010041904328
4954,8142.4540767793033
4955,8146.0172356705662
4956,8147.6805864658681
4957,8149.2217703523247
4958,8152.3709798621576
4959,8153.3405544639654
4960,8154.2576311077974
4961,8157.1111442799556
4962,8159.5397165270842
4963,8166.0518219601818
4964,8166.0799054986992
4965,8171.0672499357106
4966,8172.6295619553539
4967,8173.605101636429
4968,8176.6554643989803
4969,8178.8951609739433
4970,8179.9153179931436
4971,8181.4771919988207
4972,8183.4143198735637
4973,8184.3685537176279
4974,8185.5598144659234
4975,8189.5530760016472
4976,8193.7446097796219
4977,8195.7737737838579
4978,8200.6637668548155
4979,8204.7324991330861
4980,8205.4602261619093
4981,8207.9209919989607
4982,8208.5906564068373
4983,8209.8436556702873
4984,8211.7360850790119
4985,8215.6974998257247
4986,8217.1908621725015
4987,8218.2990594515795
4988,8222.6960531354089
4989,8228.9593622683133
4990,8230.8507411440132
4991,8233.1421070190809
4992,8233.2039642667914
4993,8235.6107099354485
4994,8236.2298251982465
4995,8239.3613605049904
4996,8243.5772194225228
4997,8244.6667714816031
4998,8253.0857248176762
4999,8254.746773910254
5000,8255.2352136714235
5001,8256.0260044027382
5002,8256.3218028328192
5003,8257.7211470258517
5004,8259.6041737181386
5005,8262.499797381739
5006,8264.7684110275586
5007,8269.2144624182438
5008,8272.0321247025731
5009,8273.0417427411758
5010,8276.4193526190684
5011,8278.8534677527332
5012,8282.7057204840203
5013,8284.2554418239542
5014,8287.4499979804386
5015,8288.3750747044433
5016,8289.8108738258106
5017,8291.1875416974708
5018,8297.6699598526775
5019,8300.8809675785833
5020,8301.8818767104694
5021,8303.4142229759618
5022,8306.0373068748995
5023,8309.7852405221347
5024,8311.4286614268203
5025,8314.1230069132562
5026,8314.8044612717131
5027,8318.6961499645658
5028,8320.8867297385332
5029,8321.1856066613182
5030,8324.9915642138349
5031,8328.7462841084052
5032,8331.0817409849842
5033,8332.6562609111334
5034,8334.7296622838057
5035,8337.9424336155571
5036,8339.3645434892442
5037,8339.8849918075539
5038,8342.7491848508453
5039,8344.7814772158363
5040,8345.9790472717596
5041,8348.3424670841523
5042,8354.1493829477567
5043,8357.2123920277627
5044,8358.9865174358874
5045,8362.1000826598338
5046,8364.0440670137905
5047,8365.4147981665283
5048,8370.2950543409879
5049,8373.327118353558
5050,8376.1209144694694
5051,8378.3886476694788
5052,8381.2009722424009
5053,8383.9028146049623
5054,8385.9754331923723
5055,8387.4188047914813
5056,8387.739123740148
5057,8392.2728332041715
5058,8392.84739816402
5059,8398.5093410171485
5060,8400.2961979984084
5061,8404.5550654577655
5062,8405.0996705848829
5063,8407.5863958751233
5064,8408.752942580426
5065,8412.6464551772224
5066,8412.8257367326969
5067,8415.4764677202402
5068,8417.1162820359314
5069,8419.9145238904548
5070,8422.1595209754305
5071,8424.1205445166343
5072,8426.638711581707
5073,8427.6626973106231
5074,8431.8864018847016
5075,8438.3168982890566
5076,8441.6475435688299
5077,8442.9720216795649
5078,8444.0184688155914
5079,8447.5354797573182
5080,8448.1217655655928
5081,8454.318408985424
5082,8455.6224175076422
5083,8455.7049884141397
5084,8457.0387321294256
5085,8464.9055078786296
5086,8466.4700118972505
5087,8467.8788647863203
5088,8469.1703255241482
5089,8474.5754565942952
5090,8476.3225551409651
5091,8476.9345259015499
5092,8480.1889722913565
5093,8480.7405640017405
5094,8484.3335182598657
5095,8484.9025834875374
5096,8487.1377644159147
5097,8487.3082193867867
5098,8491.3307813469673
5099,8492.1872626499371
5100,8493.0354605890243
5101,8495.0824653020973
5102,8502.1311385452245
5103,8505.0076611432287
5104,8507.6132928980587
5105,8511.322454686735
5106,8514.6590559255874
5107,8518.1117335664821
5108,8519.2991516885631
5109,8521.7314946037059
5110,8522.930904834564
5111,8525.0784074965868
5112,8526.4962559532341
5113,8533.9065603080398
5114,8538.5766720147985
5115,8538.9400130899558
5116,8543.3344199378589
5117,8546.2011652284491
5118,8546.9854163961372
5119,8547.7148427023749
5120,8547.763699405783
5121,8550.292883530321
5122,8553.0394791202616
5123,8554.6250783132746
5124,8559.3976803998248
5125,8559.4993624834806
5126,8562.1080396268899
5127,8562.6958137935871
5128,8563.7850448949848
5129,8570.0064518251711
5130,8574.1961711547065
5131,8576.9868532738819
5132,8582.0653948757717
5133,8582.0828923025947
5134,8584.7584575080837
5135,8588.8022987660279
5136,8589.9130251862898
5137,8592.101605749478
5138,8593.1658382762507
5139,8596.961773570798
5140,8602.7724205499198
5141,8606.4662619644441
5142,8608.5403444839067
5143,8610.4710933510414
5144,8613.3623108060492
5145,8614.1267992835092
5146,8617.2017717303406
5147,8618.792603424019
5148,8620.8093136564712
5149,8620.9896803675256
5150,8623.6998776170694
5151,8624.9407432501121
5152,8628.3369865753921
5153,8630.579936520895
5154,8634.7851941282042
5155,8635.775098042699
5156,8636.7293757513489
5157,8638.9449133253365
5158,8644.4955388821581
5159,8650.646447169669
5160,8651.4614185479459
5161,8653.8417969965376
5162,8655.3057705910323
5163,8656.7365439166824
5164,8657.5233687036398
5165,8665.2415457056395
5166,8665.4352909098034
5167,8672.1487785331119
5168,8673.4472459892004
5169,8677.3001998355176
5170,8678.0365521467247
5171,8681.8311893786049
5172,8682.1306268799526
5173,8683.152323031698
5174,8687.7916434464278
5175,8689.0365910243927
5176,8692.4596085357589
5177,8693.2293401025181
5178,8694.6895019551412
5179,8695.6328099260027
5180,8699.7544629818749
5181,8706.8740082295881
5182,8707.3591827421787
5183,8711.9758981469804
5184,8714.3612311925899
5185,8716.0071964218896
5186,8717.8693736631321
5187,8720.8477827608003
5188,8721.5759637439478
5189,8724.1506262245803
5190,8731.5517091283436
5191,8735.067204147048
5192,8735.5668193044075
5193,8738.7019869326086
5194,8740.4202749085471
5195,8743.630158147882
5196,8744.0595815027355
5197,8744.730116758632
5198,8747.7975848953483
5199,8749.9478329508893
5200,8755.0697401251746
5201,8757.6979112062636
5202,8758.872843974139
5203,8761.165181895256
5204,8765.5473081126802
5205,8768.4169668707655
5206,8771.7032565951995
5207,8773.396528986239
5208,8774.9097304449751
5209,8774.95435805337
5210,8780.0872904390835
5211,8781.897148092954
5212,8785.4257185519036
5213,8791.1878517327459
5214,8793.5724804058045
5215,8794.1385601494258
5216,8796.9922045543844
5217,8797.0854798713553
5218,8800.6377906046018
5219,8802.4347789816984
5220,8803.8326086876041
5221,8807.7017982350008
5222,8811.7930956222881
5223,8816.8899294581279
5224,8819.8585862095315
5225,8821.3422645346764
5226,8823.2802131955141
5227,8823.3094667844034
5228,8828.7820838208336
5229,8830.2389459425067
5230,8835.3248194888729
5231,8835.9479653567523
5232,8839.3669433371815
5233,8844.7592899812207
5234,8844.8565562162421
5235,8848.1122819506509
5236,8849.2300222088688
5237,8852.6028426962184
5238,8853.5319486708977
5239,8856.2302685474569
5240,8856.5114860119975
5241,8861.7962941659025
5242,8865.3965862729819
5243,8868.3450159359727
5244,8869.2216417737891
5245,8875.428009191226
5246,8880.1081089449654
5247,8880.1093889433414
5248,8881.5188576518067
5249,8882.6336840117601
5250,8887.6314654856851
5251,8891.2473073930269
5252,8892.9557467389786
5253,8894.8970312974525
5254,8899.6021698817003
5255,8899.6415961385901
5256,8901.5246075283285
5257,8904.1949772063199
5258,8906.2796622451733
5259,8906.9461103531357
5260,8910.13384283306
5261,8915.0858615174839
5262,8915.8603496714168
5263,8922.5501663455907
5264,8926.5841763263434
5265,8928.3815277954764
5266,8931.9327747902862
5267,8932.6933887241394
5268,8936.3956892184724
5269,8937.3427117273659
5270,8944.2421648008076
5271,8945.2983232403021
5272,8947.8800724423891
5273,8948.7476678918683
5274,8951.1418684992641
5275,8952.6679377594119
5276,8953.4166101925421
5277,8956.4770710216508
5278,8962.1591693564751
5279,8963.1649670667084
5280,8969.8035268242456
5281,8972.1168509715699
5282,8973.9843374325847
5283,8975.7216537407876
5284,8978.2054236060758
5285,8985.1481950950583
5286,8986.1629789914277
5287,8991.2969598687941
5288,8992.7071428338895
5289,8992.8470833421397
5290,8992.9674069897228
5291,8994.6046197481792
5292,8997.5352793689872
5293,9000.130668407237
5294,9004.5417130343976
5295,9007.1643940909053
5296,9011.8633945599668
5297,9012.2686996689717
5298,9016.8699369835995
5299,9021.073355987075
5300,9021.4214411360845
5301,9029.5576309145054
5302,9031.1592972823219
5303,9034.4340564519644
5304,9034.4864893687045
5305,9035.2913058436934
5306,9036.5696150332769
5307,9038.1525186512081
5308,9044.6816433421136
5309,9047.734756317428
5310,9048.8522461208013
5311,9054.2305321165786
5312,9055.9998402507717
5313,9060.6782102791549
5314,9061.8239683413631
5315,9065.2956201117122
5316,9071.0614758317242
5317,9072.5352862664768
5318,9073.1653261326028
5319,9074.5842764225235
5320,9075.351958982812
5321,9080.1799430024694
5322,9084.0121096103085
5323,9085.3351073583253
5324,9089.8794882323473
5325,9091.3538205810692
5326,9095.7013829854332
5327,9096.7897359404069
5328,9102.1874853512763
5329,9106.9052390714569
5330,9106.9293483763267
5331,9107.2071648974052
5332,9111.4561829405593
5333,9114.5180965795935
5334,9118.8462807420619
5335,9121.9865585231855
5336,9122.4609828758803
5337,9128.6585726183002
5338,9129.661909344748
5339,9135.0234087627996
5340,9135.9687746624149
5341,9137.6245914480405
5342,9138.7358057312485
5343,9146.1467257947152
5344,9148.1185126923356
5345,9149.2052821729485
5346,9151.9545372014145
5347,9157.5856928601752
5348,9158.535259807637
5349,9160.7598987734782
5350,9163.98025524474
5351,9164.5058396682216
5352,9171.6769054406141
5353,9174.7591282723079
5354,9176.0573627151334
5355,9181.5824719221146
5356,9182.9020981517515
5357,9185.2553280056836
5358,9187.3869440551243
5359,9191.239362093509
5360,9196.3059968893449
5361,9198.7161475067478
5362,9201.9456917037351
5363,9204.0503114305375
5364,9206.3747093743877
5365,9207.3866309375135
5366,9213.742779373486
5367,9218.6630734375103
5368,9220.8194364013143
5369,9221.3818038598947
5370,9227.1839088328288
5371,9232.3707705252473
5372,9233.0663054737433
5373,9236.6334988209546
5374,9242.2155037466146
