# Domain: ellipse_minus_quadrant (FD, convergence sweep, dense eig full spectrum)
# Resolution M = 191, dofs = 10762
# Computation time: 18.7606 s
# Eigenvalues stored: 10762 of 10762
n,lambda_n
1,5.8048344823243703
2,11.400934072861245
3,14.980093233128891
4,15.700974126704208
5,20.902529378293309
6,26.770654460377905
7,27.256150723409416
8,29.470601782306701
9,34.365623220221899
10,40.82043441955107
11,41.741366932880624
12,44.083796151859836
13,46.337014714235842
14,49.549986743775833
15,51.820709300538248
16,57.038932466726976
17,60.720314203789982
18,63.027399873678306
19,65.400471852621905
20,66.893260386065663
21,72.413869866336725
22,73.470359040957533
23,76.855353250844971
24,83.810318953452807
25,84.343823677981192
26,87.863645059405769
27,89.880700873394105
28,90.934048071491745
29,96.786148780216806
30,99.191316237715327
31,100.60613665341897
32,102.64002590515828
33,109.79909001770477
34,110.98241609475389
35,112.71970624873549
36,113.54303687261731
37,119.05716370149142
38,120.17612857491663
39,126.41161491893538
40,126.65998710988057
41,129.979991077601
42,134.60458694428019
43,137.79268806319487
44,141.43609161674834
45,141.82878829887318
46,142.11324168403323
47,147.00609723168793
48,152.27686993740937
49,153.5987998642982
50,157.47930638470166
51,158.98245693336094
52,163.86148406535767
53,165.71961737501459
54,169.20889420873871
55,174.16637016827607
56,174.74615627383866
57,175.94822726779211
58,177.00115074273106
59,178.44555490012701
60,184.48717256327154
61,187.72540417097878
62,188.86023050838367
63,193.10507413052073
64,195.39704695753721
65,200.95305497647831
66,202.05921984580939
67,204.94446618174229
68,211.10182011540871
69,213.16568648178176
70,214.7870455543123
71,215.49820788974668
72,215.65497801551433
73,219.12905695334678
74,220.9076012313825
75,228.79860038352135
76,229.09899455424201
77,232.6425767322703
78,237.79674800562063
79,238.54154474202068
80,243.10117419465092
81,245.65677204755809
82,250.71339754310239
83,252.35667419700098
84,255.45833371227639
85,257.32382299263764
86,257.89737709682441
87,258.10534180107874
88,259.41776169899418
89,265.55966935440767
90,266.42386255484922
91,272.59097169810775
92,275.46775472740302
93,276.32278784458902
94,278.5055943405572
95,281.27324349962055
96,287.9628450599634
97,289.19152853651764
98,294.7105043566113
99,297.72210870621052
100,298.02906919434406
101,299.47624541531042
102,302.19728578672607
103,303.69902948982508
104,306.3158570475739
105,307.5633331267054
106,315.26991325145946
107,316.05698585242033
108,319.71400307874319
109,320.03344734227625
110,322.2235351143961
111,325.75746929844831
112,329.6100918980211
113,336.22150571348749
114,337.20872068249827
115,342.19718415863849
116,344.45518429227377
117,345.48931364991648
118,347.6208734536217
119,350.14405704162209
120,352.62212608318191
121,353.15329789046706
122,358.06331496391471
123,360.23420228703992
124,361.67331640333668
125,365.74016284458764
126,370.23520540530274
127,370.72390602411747
128,373.14973662637158
129,374.71337423578757
130,377.71378511060811
131,383.74764964033011
132,385.24379451569496
133,387.90435990943234
134,392.34063050133318
135,395.22960441352245
136,396.7580064551583
137,399.20999448188991
138,401.32316858045175
139,404.37372448424304
140,405.77010220329981
141,407.941679028431
142,408.63396712119891
143,414.97362909231458
144,417.80598177443761
145,419.62905584727673
146,423.48923117228077
147,424.23259245573627
148,431.64910164348476
149,432.04151836031156
150,433.18915493745322
151,435.37123967285459
152,438.21854094571785
153,442.98747817582955
154,447.73556493330943
155,449.8248466152354
156,452.73386705207184
157,452.94875714313247
158,457.74329069905065
159,458.25218651277356
160,459.89408325854612
161,461.87176075087183
162,464.18938444565447
163,469.27930234424275
164,474.43491125634722
165,475.90600834969013
166,480.58373823596048
167,481.53028119982582
168,481.53473310155567
169,484.4551203132674
170,486.47402849126155
171,491.6490425969132
172,495.86440766857362
173,497.74561799721357
174,501.43082126357342
175,501.75047355752559
176,506.27476115507852
177,508.33643172242489
178,511.23777759564518
179,513.26003858347053
180,513.52184881175231
181,515.22137248502872
182,519.59412110408095
183,521.41448530126593
184,521.79383226597338
185,525.02159589058567
186,534.02207862293619
187,535.49225914333545
188,537.48747898995248
189,539.52251390332594
190,541.5284954575194
191,542.39866335410909
192,544.14844308404929
193,550.42559084491802
194,551.30266461916301
195,560.13199887333644
196,562.63027152900247
197,563.41168551719841
198,565.34996215981459
199,568.72346652145256
200,569.95680275985467
201,570.99695495972458
202,573.69704911189649
203,574.01281087829568
204,577.18092923077938
205,581.86335716342558
206,583.45852848070285
207,585.59552366200126
208,587.2189275768194
209,592.84563174234199
210,593.94813539764471
211,603.55936887902294
212,603.78617616565066
213,603.97443932680869
214,605.39535920677736
215,607.40683448504569
216,608.66622835098781
217,617.22296220142925
218,621.03658119482532
219,621.35956888829833
220,625.63078352473667
221,626.82753890520962
222,630.16726015486051
223,634.58932880961822
224,635.72930381678589
225,635.76951508367983
226,638.04957874462036
227,639.65498854435145
228,643.6233862418967
229,646.08010572128421
230,646.72031077905831
231,649.53815933476892
232,652.36551884243818
233,653.85569796317816
234,654.50083224724312
235,659.04229003533499
236,665.55767221930455
237,670.45067961950099
238,670.89253398191829
239,671.73213027211978
240,674.12480209280375
241,677.97079376378213
242,681.08690794968572
243,681.62640786048678
244,685.03931213191436
245,689.1437468569776
246,695.04302831078746
247,698.50398325521758
248,701.45651297639711
249,701.96531731788934
250,702.22973261591483
251,703.38357458349049
252,707.76914041437703
253,708.25931992918117
254,713.4551912605059
255,716.52168599524612
256,718.13649498661857
257,718.94792280495278
258,719.29584576564514
259,721.47774811897057
260,725.85939239474089
261,726.56012627711834
262,730.68798223172632
263,739.57235963696246
264,740.19534326231781
265,742.01983986802509
266,744.70274449748069
267,746.13204115547182
268,748.3900111987241
269,751.09023663532878
270,752.90478575414181
271,760.47877786988329
272,761.43473877867928
273,766.20561511823871
274,772.13323992815481
275,773.04624435725225
276,775.70373383513197
277,776.07416686524368
278,777.72445661156701
279,778.33568635361416
280,779.54551254503997
281,782.12982339795576
282,785.56430688131127
283,786.10127255756845
284,790.79556591507117
285,794.62220031787945
286,795.52035758842567
287,797.29997561508787
288,801.82874355514696
289,802.36682632438703
290,807.53111314569446
291,810.20663442898569
292,811.24183656769878
293,812.74725582860879
294,815.14538552921522
295,819.60967906765393
296,821.65488972705668
297,824.54558331791713
298,828.14174873190029
299,828.78292839965093
300,834.06042474515471
301,840.10605537471406
302,842.09607310120987
303,844.26600983413744
304,846.59608881634085
305,848.34862214807163
306,851.93740781182771
307,853.09177673548027
308,854.40428240152687
309,855.43553424720619
310,856.29616986859219
311,860.97758932997385
312,863.87774005592382
313,866.01552036335227
314,869.10551836012428
315,869.8487596920711
316,875.86189508347638
317,878.44155858203669
318,879.51111670505031
319,880.70645809925293
320,885.57470083098622
321,889.9861846314717
322,890.16356593122032
323,891.00602375199071
324,892.84157605225755
325,895.14163323213324
326,898.00280779694981
327,905.63276786656547
328,908.82883466600913
329,910.32386273741679
330,913.22666657900174
331,916.61125598721856
332,917.38275049328797
333,919.90426065745532
334,926.86588061842315
335,927.10069296170911
336,931.58036218591531
337,932.43719045889611
338,933.24106749121393
339,934.00809000020672
340,936.01915066533695
341,941.0916511170135
342,941.75255804525727
343,943.97955062860751
344,949.83906340793942
345,951.25986903835087
346,952.63112556620672
347,954.6305114057476
348,959.94065213104659
349,961.20833553199236
350,962.78809635983134
351,967.24547364217301
352,969.37433977223304
353,971.10987418119294
354,971.40964196111804
355,972.94819275241969
356,978.27626247473415
357,984.49154110423922
358,985.0793132148932
359,987.56519201905985
360,989.31033695281644
361,991.55253652455053
362,992.74039205515828
363,997.42791209725942
364,1000.5975602864318
365,1004.3563404820759
366,1006.5596018380795
367,1007.0158645785536
368,1012.5608021560893
369,1014.1713734754534
370,1014.4131557057482
371,1017.6495797102605
372,1020.5001916781846
373,1023.4429800156202
374,1024.5030026224088
375,1024.7159974606416
376,1028.4099073180214
377,1029.1532062874539
378,1030.8268375706205
379,1037.0206646168526
380,1043.9088928805272
381,1046.03212882256
382,1047.7820915250634
383,1050.1730365191054
384,1051.9291490926996
385,1052.7162539851031
386,1053.5438951104516
387,1056.8744796657434
388,1058.645933373858
389,1059.8382048054132
390,1068.8444262135868
391,1070.5336264034452
392,1075.7227579078358
393,1077.0581285750557
394,1078.247687849363
395,1080.0458246635162
396,1080.2564503781673
397,1082.9243687759358
398,1088.665935253309
399,1090.5572961739658
400,1096.054555018469
401,1096.6307096397177
402,1098.6469725011361
403,1098.9059227608966
404,1100.6107668304508
405,1104.6074859439723
406,1107.1280779056744
407,1108.1053000575967
408,1108.8843742064869
409,1109.7564821068538
410,1117.1898830091379
411,1121.1119592249565
412,1122.4500753023888
413,1124.5327839875711
414,1133.882949813076
415,1135.8740943416917
416,1136.77610769533
417,1137.7642456895194
418,1139.6264442166014
419,1139.7454396469786
420,1141.3899506375105
421,1144.739687968663
422,1145.1495546326489
423,1150.0869425047417
424,1152.7967302688926
425,1157.3942951268782
426,1164.25769427159
427,1165.4263906358281
428,1167.4838101747946
429,1170.2511650582278
430,1172.3078671988449
431,1174.7618340753311
432,1175.8035370724938
433,1176.2993789663585
434,1178.0354966696625
435,1179.5443975358814
436,1183.3839855546858
437,1185.0473155219374
438,1186.0626992654643
439,1192.8800457521959
440,1194.6417660165052
441,1195.2393952502885
442,1196.5961437271785
443,1196.8264719106974
444,1198.0624182870115
445,1204.2933172884823
446,1208.9332681377909
447,1210.4942002857329
448,1218.2643330617823
449,1220.8991836816049
450,1221.1683844760046
451,1223.1850566181872
452,1224.2273273773653
453,1225.6045150982231
454,1227.7693902837091
455,1229.4206766530983
456,1233.4541636593376
457,1236.0327724888959
458,1239.7249314565647
459,1240.8061548888043
460,1247.4417897010439
461,1252.495948127611
462,1254.3476911432447
463,1256.9459934422866
464,1258.5426771582172
465,1259.6777285957173
466,1260.2732837309625
467,1266.659984978088
468,1266.9978978266327
469,1270.2025225769253
470,1271.4580485418949
471,1274.6844500985803
472,1275.7647733431659
473,1276.2601006711473
474,1277.1055211474945
475,1282.1436984247528
476,1283.3680331868766
477,1285.7971953295698
478,1288.1912112086388
479,1290.082928423891
480,1292.0648497650309
481,1297.7716359149154
482,1297.936383063683
483,1300.3587125806293
484,1303.9148708304356
485,1307.0699072101386
486,1310.3509047198008
487,1315.1259052853181
488,1316.4184050458985
489,1319.7717646136282
490,1321.7698583180263
491,1323.0690352938525
492,1326.3250242915517
493,1326.5557745807287
494,1328.3562027712435
495,1336.7169960245919
496,1340.212395783052
497,1341.3632288983108
498,1345.7030616627401
499,1346.4828169532382
500,1347.4789338300518
501,1350.9544765299431
502,1354.5122248735065
503,1357.4974558065358
504,1358.2699386402433
505,1361.8763804225921
506,1364.5980317544809
507,1365.9648765730883
508,1367.933403934484
509,1368.8019756354811
510,1371.8257583243258
511,1374.3732053470601
512,1377.2191474144256
513,1377.6115335052375
514,1380.1557797097489
515,1381.5714861368895
516,1384.5615129253508
517,1386.1057931577413
518,1386.6201202877533
519,1389.0906821693948
520,1392.0579690592135
521,1393.5896012033927
522,1401.4913924109219
523,1403.8856930639308
524,1404.8812906864966
525,1407.5775382077813
526,1407.8002199301009
527,1412.1838817698367
528,1415.7661172286685
529,1418.3292099305402
530,1421.0463641255424
531,1424.9020273902734
532,1426.3724047032263
533,1427.5869667691775
534,1432.4084554778735
535,1434.6401971299665
536,1436.3488373657233
537,1437.0071505195342
538,1440.2623670480295
539,1445.5034443311704
540,1449.0138489645446
541,1451.8411650467283
542,1452.8072225984172
543,1455.0512166887338
544,1460.702333947148
545,1463.6586285054818
546,1464.3832604451882
547,1465.6778530769368
548,1466.4584685209095
549,1470.907085698024
550,1471.538336051492
551,1471.6755093217937
552,1474.3709322850218
553,1476.807338012705
554,1477.7540324067129
555,1484.7728922530075
556,1485.8534869766593
557,1487.7526038961569
558,1489.0932236548915
559,1491.0071433111459
560,1491.7773513282862
561,1497.7354418538371
562,1501.5233442109304
563,1501.8642228357655
564,1504.1685722314046
565,1506.627271854916
566,1512.9508749742656
567,1513.8744170407208
568,1514.0349087020397
569,1516.4006081831187
570,1518.1054586931182
571,1520.2893647961541
572,1526.2027737938295
573,1528.2105946703482
574,1531.002963856105
575,1536.1464462167228
576,1537.402304728196
577,1538.1186166823045
578,1543.957613853865
579,1544.7570262587008
580,1549.8023929321662
581,1552.0250119224438
582,1554.3420685735864
583,1556.9568601579208
584,1558.9575721925853
585,1560.8239773257442
586,1564.1249082219119
587,1564.6702743620472
588,1566.5000619276723
589,1568.6967307019083
590,1569.4527974844686
591,1572.0407974076056
592,1574.9271999841394
593,1578.6509758880602
594,1579.9508799456362
595,1580.9032060866534
596,1585.3542690376805
597,1588.6036707203612
598,1590.8793480493584
599,1592.3771324428124
600,1595.0567303009323
601,1601.4452904362377
602,1602.4191072871738
603,1602.6845008992377
604,1603.9979397508816
605,1605.2939537626471
606,1607.4793526385597
607,1608.4460868393471
608,1612.8515404017157
609,1613.6688863523561
610,1615.1348964534441
611,1621.5724284923854
612,1625.901414642733
613,1628.3299261615491
614,1629.036844023394
615,1632.1035541403362
616,1634.2977008859036
617,1635.1947926698463
618,1641.3000239216408
619,1643.9645450750186
620,1647.3245808626787
621,1648.4989425822637
622,1650.6608416528741
623,1651.4817856807322
624,1658.2598044603376
625,1658.6928901261006
626,1659.5844362634323
627,1661.9419297018012
628,1663.7441832955988
629,1664.8972501912838
630,1669.1710452545433
631,1670.8292315773133
632,1673.1884373182027
633,1674.7488941482766
634,1677.5382522472698
635,1678.2511385904288
636,1685.2890200688303
637,1687.3470819325264
638,1691.619804599954
639,1692.443124366212
640,1694.0291755730002
641,1698.1099202147759
642,1698.1754038564993
643,1700.9727127720239
644,1702.1037385282905
645,1704.4444399300185
646,1705.6981860427243
647,1710.4006713384467
648,1713.1317576324811
649,1716.9328426585537
650,1717.9425825464668
651,1718.5190218663995
652,1720.9981544452351
653,1725.8246693177723
654,1727.7624695542486
655,1728.5297800707317
656,1731.5121132407755
657,1736.2523548073852
658,1741.2831273670736
659,1744.308722755366
660,1745.695758633799
661,1745.8168385708263
662,1747.449739187819
663,1748.0064663616174
664,1751.8548896577631
665,1753.296210647396
666,1758.0897627892691
667,1761.7035135104231
668,1765.3579040447398
669,1766.7710612452061
670,1767.6698265451751
671,1769.2440413975821
672,1770.7480837058733
673,1775.7090932015199
674,1777.4785615882095
675,1778.897064711487
676,1780.2725573413807
677,1784.5142337948269
678,1788.0940069584183
679,1790.8892756976795
680,1791.4116682093761
681,1794.8681109776087
682,1797.4337029776311
683,1800.8405325013432
684,1802.9749888157992
685,1803.8295657981587
686,1806.5395854194062
687,1806.5578683213275
688,1809.0982581798753
689,1813.5990786232073
690,1816.1225096229136
691,1817.5200881213532
692,1819.3451805352827
693,1822.2537740071987
694,1825.7136395961206
695,1826.6193643132654
696,1835.1248941705353
697,1836.0282548307791
698,1838.915191949377
699,1839.1064894559761
700,1839.7620072668897
701,1840.8574325468453
702,1843.9102523628828
703,1846.1496672507092
704,1850.2776614262764
705,1851.1226937939534
706,1852.8950655559499
707,1856.6784359553367
708,1859.4803650545634
709,1863.2765246165479
710,1865.5082159531116
711,1866.4966214226463
712,1868.2739658950622
713,1874.1983732376827
714,1874.9310123468608
715,1876.5926737466018
716,1877.1580030911973
717,1881.4960176521115
718,1884.8022111540465
719,1886.0954357934202
720,1887.9028042258331
721,1888.5536696891666
722,1889.7625507856683
723,1893.8003576638018
724,1897.3441075103381
725,1899.2954816404128
726,1899.9752003135034
727,1904.8605572566821
728,1908.3607859442113
729,1909.4909963584237
730,1910.3934293381903
731,1913.4066058229919
732,1914.9511268642045
733,1917.1203616682701
734,1923.3260406511899
735,1926.9865690760514
736,1928.2030604275196
737,1930.4585272824893
738,1931.1943708710028
739,1935.5100708738141
740,1937.0167511827919
741,1937.5512434470149
742,1944.5931954231883
743,1945.821564180603
744,1947.2954395605129
745,1947.4808650219875
746,1950.1144482331044
747,1954.8185259434895
748,1960.0559300243663
749,1960.8223030717643
750,1961.4971006680623
751,1963.0601160449366
752,1965.7498843075205
753,1966.6938126144016
754,1970.6049723275016
755,1971.9681186950743
756,1974.4492438497598
757,1980.0278741480852
758,1981.9648718209405
759,1984.7787514788761
760,1988.6300354922794
761,1988.8142940734431
762,1989.510067338789
763,1990.5202893758424
764,1993.5061592272239
765,1993.6750913746507
766,1997.8980922052242
767,2000.6994417285289
768,2001.6375268952813
769,2005.4857950182693
770,2006.916593375046
771,2011.8020378577548
772,2011.8647223637488
773,2017.8076491707893
774,2019.5686868022201
775,2020.1853321636572
776,2022.3777333559426
777,2024.8827339697286
778,2027.5140337632872
779,2030.2988692373665
780,2036.7140454449268
781,2037.9848812797686
782,2038.988743694581
783,2041.8511056449693
784,2042.8364848045464
785,2044.1877719943157
786,2048.5058153212963
787,2049.287901325436
788,2054.0626779327918
789,2054.1698436386855
790,2060.1154947895507
791,2060.9010318897226
792,2061.9263933682146
793,2064.0392925766328
794,2064.4547139748461
795,2072.2739019304277
796,2073.7481840842365
797,2075.9460573914494
798,2077.4628869020748
799,2078.9236184344181
800,2084.2218916290994
801,2087.5872645837353
802,2088.1437411297666
803,2089.0972700606671
804,2089.4450497967991
805,2090.7686840058218
806,2092.7667963581571
807,2095.2914342197569
808,2096.7319683980299
809,2099.5978207704766
810,2104.1333786319897
811,2105.6537745779656
812,2110.70647663515
813,2112.4189728013816
814,2114.1458374406075
815,2114.9516416183692
816,2115.4027823222982
817,2119.5725642722568
818,2121.1361959680103
819,2123.561793243085
820,2127.4993449481881
821,2127.9893107963003
822,2134.3444602237346
823,2136.1992386963252
824,2138.9532281119987
825,2139.6871227749007
826,2139.8499384372749
827,2144.9342790344858
828,2146.6111284666235
829,2149.27073699122
830,2149.6005020397643
831,2152.424307384626
832,2153.0787381443647
833,2157.2016001038755
834,2160.5476287727915
835,2163.2835048092325
836,2164.6013800162932
837,2167.572337221015
838,2173.086584753436
839,2176.9596925934397
840,2178.9853771759495
841,2179.5754462508835
842,2183.3499721883704
843,2183.4047878808715
844,2188.353260413352
845,2189.0351832155093
846,2189.7745147561495
847,2191.1062844826192
848,2192.4047255750243
849,2199.8311044894617
850,2200.9956616742547
851,2202.8113714592873
852,2204.0308155313105
853,2208.2799226053639
854,2209.0232724778321
855,2211.6083398471774
856,2212.6050592956021
857,2215.5674941694574
858,2218.5817799046977
859,2221.6503972207142
860,2222.9938473892125
861,2226.1000724405922
862,2227.0923421758389
863,2228.846112611971
864,2231.6339773982331
865,2234.2700370817829
866,2236.8141226232151
867,2241.9424816749388
868,2242.0175386237129
869,2243.0562532684985
870,2245.407017516929
871,2246.5764046997497
872,2251.3733273842336
873,2252.1848459318262
874,2253.4190422553029
875,2255.0705318785758
876,2262.2745262377184
877,2262.7630586787059
878,2263.6152120449356
879,2267.3919896512493
880,2270.4389120707065
881,2272.6654187218851
882,2274.6297131649471
883,2276.7868635885561
884,2279.0665426391156
885,2281.0916745516397
886,2284.5688833438253
887,2290.3317774823286
888,2296.6340207897092
889,2297.2787854567478
890,2298.2255672752131
891,2300.4241592053208
892,2300.5642209122166
893,2300.7734952395908
894,2301.8705140532934
895,2305.5050598333687
896,2306.4089259935081
897,2309.3051634356052
898,2312.7633168465431
899,2315.2226189549706
900,2317.3817105933376
901,2319.6391433016306
902,2322.2115647567507
903,2323.8567504662933
904,2324.2950465473164
905,2327.9884065349788
906,2329.9880720559727
907,2333.4575924326255
908,2341.6153680188763
909,2342.2098479019774
910,2344.2094248758044
911,2345.7013058259581
912,2346.830988246476
913,2348.2916230574847
914,2351.1510494186978
915,2352.7528819159534
916,2352.8277643529823
917,2354.0806366813795
918,2355.2171453174838
919,2358.1080539388772
920,2362.0366350562967
921,2365.0279374461061
922,2366.0923239521399
923,2370.086322969853
924,2372.1108656664796
925,2374.0555892986777
926,2376.0576094166736
927,2379.8510852457184
928,2380.4738462061132
929,2383.898270460832
930,2385.026278586407
931,2388.9687903688418
932,2391.9619234564134
933,2392.048656636654
934,2396.0445763451007
935,2401.9471965971825
936,2404.0202271837798
937,2404.2144366177426
938,2405.0756234414353
939,2409.3236175768961
940,2411.9602684305955
941,2412.7792505745001
942,2414.2244767335433
943,2418.1008189937761
944,2420.7650819726964
945,2422.9225933952985
946,2423.3391587100436
947,2426.3936359302083
948,2429.9845130506937
949,2431.4257300950358
950,2432.5291979856415
951,2433.328164486144
952,2438.255625897315
953,2441.2629076684775
954,2442.7896613325215
955,2444.806022004047
956,2447.1337558078967
957,2449.366189604073
958,2456.8918325597856
959,2457.179224848765
960,2460.3017632215724
961,2464.1724141057202
962,2464.4628281020682
963,2466.019352329849
964,2467.9166145073186
965,2468.5045413032894
966,2469.4334798700311
967,2471.3490655518344
968,2472.8727231353209
969,2473.600913926241
970,2478.3839306390605
971,2481.7368157941687
972,2484.8444681854157
973,2486.6094987496658
974,2489.1225819665478
975,2489.297151193623
976,2492.9471329533758
977,2495.0976731554715
978,2498.3356307146955
979,2499.0455686830255
980,2506.0982537286577
981,2507.8400122414005
982,2509.1096525438625
983,2509.6712287958594
984,2512.2277469124488
985,2512.5025303643069
986,2515.4303838160504
987,2521.539794584874
988,2522.183767376348
989,2526.286342069222
990,2527.2842110276133
991,2528.4181841755126
992,2531.4102954613827
993,2537.3430689877
994,2537.6186579501759
995,2538.3151470431631
996,2540.2339690361291
997,2543.4507626318486
998,2545.6236045941414
999,2548.2012571199239
1000,2550.4216170680038
1001,2551.1327339465288
1002,2554.5026599734319
1003,2555.9586578308435
1004,2559.9648177420295
1005,2562.9740577422594
1006,2565.9405788215777
1007,2566.5315793419295
1008,2567.5433020092228
1009,2571.4199669897471
1010,2573.7875455963872
1011,2574.6455568505826
1012,2580.6094068195853
1013,2581.9604882089779
1014,2584.572612372363
1015,2586.0953442974751
1016,2587.4429989304335
1017,2590.0181083813181
1018,2590.9952738809634
1019,2594.0069253368133
1020,2595.9681454385509
1021,2597.6363159177517
1022,2598.1836781462157
1023,2599.1164510547151
1024,2602.0761253497221
1025,2607.8101894066403
1026,2608.5178334893631
1027,2611.3300443632475
1028,2613.1737833811972
1029,2618.2559429293415
1030,2620.6593388839347
1031,2622.7595685908359
1032,2623.916169927712
1033,2626.0108622671064
1034,2626.8277267322164
1035,2627.8451448300507
1036,2628.1847464766174
1037,2634.4466421826091
1038,2636.3570924620653
1039,2638.6617257383537
1040,2639.3025688026014
1041,2642.3001761304317
1042,2646.1932649660234
1043,2646.5884000994083
1044,2650.0492260716096
1045,2651.9402511590806
1046,2654.3775400245413
1047,2658.000658329976
1048,2659.3212278836013
1049,2662.6496803343289
1050,2665.0135753248351
1051,2668.2290496902688
1052,2668.3321098597544
1053,2672.9018600482304
1054,2676.8992489989837
1055,2679.7400392110853
1056,2679.9672550776468
1057,2680.8026536821862
1058,2682.1750453332861
1059,2682.8456747388582
1060,2684.843302656368
1061,2687.0783056926011
1062,2688.2323942910971
1063,2693.3315391093042
1064,2697.3948528751025
1065,2698.2852113171834
1066,2702.2270189970545
1067,2705.0130947711928
1068,2706.0746235505076
1069,2706.3935394099803
1070,2710.7125957637572
1071,2713.40252424555
1072,2716.0614403484642
1073,2716.5805676145187
1074,2721.0591796313161
1075,2723.4995406530852
1076,2724.0277266447847
1077,2724.7141229652757
1078,2730.2334991895132
1079,2730.9674315292546
1080,2736.1634189729693
1081,2736.6517186206675
1082,2738.0661511265989
1083,2739.0800451753689
1084,2741.5502782807307
1085,2743.1830306275706
1086,2744.8475889416959
1087,2745.1824635855874
1088,2748.1300654703996
1089,2749.7303349196231
1090,2755.0214382965378
1091,2756.7454097411901
1092,2760.9197819136343
1093,2764.2818512332897
1094,2764.7336759827663
1095,2766.5212564010603
1096,2767.0264252856628
1097,2769.7825346252098
1098,2771.9726750391987
1099,2776.8240396904139
1100,2779.3438234714285
1101,2781.2853693312604
1102,2785.139926679371
1103,2785.2005409654284
1104,2786.8205480028969
1105,2789.639767737006
1106,2792.2919665380387
1107,2792.5798849263665
1108,2799.4149336390637
1109,2801.8928765823894
1110,2802.1515251305032
1111,2804.1563778604841
1112,2806.3593370723434
1113,2806.6983205186284
1114,2810.2751115953797
1115,2810.6469103445297
1116,2811.3131318067853
1117,2815.0865691545528
1118,2818.9146070372394
1119,2820.8686487212321
1120,2823.2666178182862
1121,2826.7210181380337
1122,2829.5721737168628
1123,2830.404724183576
1124,2833.671824908613
1125,2836.8133202346321
1126,2839.0005706620104
1127,2841.734721020805
1128,2845.410034191415
1129,2846.4306913413284
1130,2848.218014043593
1131,2849.2780301320536
1132,2850.4606633307076
1133,2853.9310008000843
1134,2856.6065333501288
1135,2857.2320687172387
1136,2858.6837769375375
1137,2861.8029549698799
1138,2864.9717660432925
1139,2865.6260153602843
1140,2866.8997328579298
1141,2868.7629857997381
1142,2869.7817929168205
1143,2874.8874375406021
1144,2875.9655266271188
1145,2880.2814249673506
1146,2880.8331758125237
1147,2881.7651961588067
1148,2883.4660054786027
1149,2887.5668540554466
1150,2893.0055097591726
1151,2893.6397085801691
1152,2897.9547400041979
1153,2899.3791938477948
1154,2900.5935095842597
1155,2901.7343537319452
1156,2905.7463041780052
1157,2908.0474097879724
1158,2908.6052072395637
1159,2909.1191295432568
1160,2910.3664792049403
1161,2912.1724890478044
1162,2914.258683784542
1163,2918.0193042799874
1164,2922.0259115920458
1165,2924.7151051695228
1166,2928.7370690460239
1167,2929.5564995245377
1168,2930.3465133390046
1169,2931.6956143081866
1170,2936.0979353860612
1171,2939.4479464209503
1172,2939.5589960029138
1173,2940.4465996253898
1174,2943.7409893119138
1175,2948.1808215206074
1176,2949.1453961636612
1177,2950.9611223961701
1178,2951.9002030376769
1179,2956.07569569728
1180,2961.2509407602515
1181,2963.5149010638706
1182,2964.9971230081264
1183,2967.1378421994291
1184,2968.7328113536969
1185,2972.9365567895547
1186,2973.1693682344303
1187,2974.3803776968793
1188,2975.7297053979528
1189,2979.4852090685558
1190,2979.9649264483346
1191,2981.3294212597261
1192,2983.3659164800633
1193,2986.6194052692986
1194,2990.4171435600356
1195,2990.6583299509957
1196,2991.3800542070549
1197,2993.6083484491837
1198,2996.6175327056708
1199,3000.0110751852681
1200,3000.0218246719342
1201,3003.3599486549801
1202,3007.5675552073644
1203,3008.8637105620392
1204,3012.0143689555152
1205,3020.3614409108709
1206,3022.5787365086862
1207,3024.2209912344952
1208,3024.5597140283917
1209,3026.0480457873227
1210,3026.5919177070286
1211,3027.8271936868673
1212,3028.4745671231335
1213,3029.406823938069
1214,3030.8346436559923
1215,3033.6048009000842
1216,3034.1133268159701
1217,3037.3860830178323
1218,3041.2599554689832
1219,3041.5699766283346
1220,3045.2787791022147
1221,3045.6840596108409
1222,3050.3066518671399
1223,3051.7213915396637
1224,3054.8920370757514
1225,3058.3160106272449
1226,3060.3057408899003
1227,3063.1580176075499
1228,3065.9397912774393
1229,3070.7859627521211
1230,3071.0599499955169
1231,3071.984634455685
1232,3075.1464320624609
1233,3076.5240027023647
1234,3081.9725825400546
1235,3084.4895688681322
1236,3084.7670685785592
1237,3087.5576210273498
1238,3089.4713806229083
1239,3090.2954584314493
1240,3093.6379263782637
1241,3096.9908264636488
1242,3098.0347832788075
1243,3098.6017311101728
1244,3098.7976267293329
1245,3102.1132464329357
1246,3107.347724882402
1247,3109.340448455619
1248,3112.0182678209726
1249,3113.8526818330865
1250,3116.0054401036468
1251,3118.0382602765449
1252,3119.4879515922589
1253,3121.3156706467275
1254,3121.6050659137104
1255,3124.8020219715677
1256,3126.6360580484579
1257,3127.939079682862
1258,3130.2669759616592
1259,3133.5942413067705
1260,3137.0078100921992
1261,3138.0150715525465
1262,3141.3488596588313
1263,3146.9085614370956
1264,3148.2958481947298
1265,3148.337252148202
1266,3152.5697446073896
1267,3153.1386608786238
1268,3154.3345008389547
1269,3157.0271165798099
1270,3158.1250012339196
1271,3160.1813134269119
1272,3160.9576655835849
1273,3162.1355347253289
1274,3164.2815881914803
1275,3164.548248929385
1276,3170.1706998668856
1277,3171.6589388032148
1278,3173.7311362748083
1279,3174.2807021132949
1280,3174.8018660814414
1281,3177.4573108449499
1282,3183.5346646817461
1283,3187.8801824912453
1284,3190.0970640099326
1285,3191.5074592738738
1286,3193.4688104820461
1287,3196.5541361622127
1288,3199.7802640182772
1289,3200.3864541990333
1290,3203.0735475923375
1291,3203.7123429850558
1292,3203.8495549184095
1293,3206.5830436095798
1294,3209.7751086863682
1295,3212.7425382781048
1296,3215.0179608675812
1297,3217.1127083703855
1298,3218.5771418755762
1299,3220.0024961206377
1300,3223.7811368942289
1301,3224.2108346948007
1302,3227.1076433188318
1303,3232.5180367136713
1304,3233.3475352432947
1305,3236.011386860218
1306,3236.7260524852136
1307,3240.934609066765
1308,3242.7290601030604
1309,3244.2270366093258
1310,3247.2859924542236
1311,3248.7564676387901
1312,3249.6388900872121
1313,3254.208377172974
1314,3255.0282028274864
1315,3257.4270241810086
1316,3263.6683799145608
1317,3263.8338814364474
1318,3264.1401746555821
1319,3268.0386415457697
1320,3268.543432696556
1321,3269.0450580077118
1322,3269.203008101827
1323,3272.7470547979237
1324,3274.5146273382388
1325,3276.8867620486067
1326,3281.3622525751739
1327,3281.8201121097009
1328,3284.4408766437205
1329,3287.8835932410539
1330,3288.7514532261198
1331,3290.185937185026
1332,3292.7823168928653
1333,3293.6709176273807
1334,3295.9895571978914
1335,3299.5835025760298
1336,3301.057250117512
1337,3301.2056559102939
1338,3304.5929293513141
1339,3308.4411586818696
1340,3311.8596310438616
1341,3314.1724075428338
1342,3315.559230270926
1343,3319.8070519971438
1344,3320.959275967803
1345,3322.4664499892938
1346,3324.4359112829916
1347,3325.8443183998647
1348,3327.4091944426241
1349,3329.3503950579743
1350,3331.5061174774614
1351,3334.8272884898538
1352,3335.9218121108856
1353,3337.8244046858863
1354,3339.5592597029581
1355,3343.8851986638879
1356,3345.9261599443516
1357,3347.718037236742
1358,3348.9280199213049
1359,3350.9046258141211
1360,3353.7038267547518
1361,3354.7436266327163
1362,3357.818203508572
1363,3364.0022486292278
1364,3365.2849112947229
1365,3366.1851574197308
1366,3368.9959127516108
1367,3373.3442785064176
1368,3376.2551563605743
1369,3377.1780360077996
1370,3378.0213816148348
1371,3383.1900856802285
1372,3383.2150418016945
1373,3386.7382774754565
1374,3387.2823776514097
1375,3388.5033505197525
1376,3390.6305947048259
1377,3392.5206860915587
1378,3394.1623334259089
1379,3395.9608855592974
1380,3399.3753577404486
1381,3399.8502636660037
1382,3403.8714175165551
1383,3405.388944180107
1384,3407.2939458275955
1385,3409.1053975791006
1386,3409.60628771232
1387,3413.9586797582883
1388,3415.3989670713995
1389,3416.7420063263667
1390,3419.1047395793166
1391,3420.1151455190834
1392,3423.4000360535956
1393,3425.9943302200372
1394,3427.0565841332514
1395,3428.1675177344428
1396,3433.5134805670637
1397,3437.0805299429999
1398,3438.7671449350491
1399,3439.1624566229589
1400,3441.6996017050583
1401,3444.0660746412486
1402,3445.6236877149709
1403,3446.9359254970027
1404,3450.8822025498748
1405,3451.521444802378
1406,3452.9615703666532
1407,3453.5208650010559
1408,3454.5756889774739
1409,3456.681790759983
1410,3460.414777928198
1411,3462.9069482931559
1412,3463.2463198741434
1413,3466.2925593624277
1414,3468.9607313911888
1415,3473.1472167965831
1416,3476.7132525244438
1417,3480.1995722637857
1418,3482.5909770127814
1419,3483.4949251088665
1420,3484.1922719725685
1421,3484.2071022077412
1422,3487.947315318539
1423,3488.8529972638812
1424,3492.0407158272446
1425,3495.0983179130176
1426,3497.152291746826
1427,3499.5925920518698
1428,3500.7828248845781
1429,3501.5170800890769
1430,3504.5486587461064
1431,3506.4322971474385
1432,3510.4060899607116
1433,3511.6926826990516
1434,3511.7217325203583
1435,3514.9998160149025
1436,3520.0888506594433
1437,3520.1340731165405
1438,3522.8912685124769
1439,3525.8463451172761
1440,3526.3353099326318
1441,3528.2897697248741
1442,3535.1088592051901
1443,3537.0943891553306
1444,3537.1765934578007
1445,3538.0141062331932
1446,3540.8521402036931
1447,3541.4638777538166
1448,3542.8592440052848
1449,3545.4350418236736
1450,3547.6323059679216
1451,3549.3253799166205
1452,3553.3442648109781
1453,3555.655299642417
1454,3556.5614301813648
1455,3557.9840334207588
1456,3561.6674356203621
1457,3565.3117756216589
1458,3567.4492458487011
1459,3568.506939738691
1460,3569.6319802572775
1461,3571.193007002611
1462,3573.1091946960164
1463,3574.703321378804
1464,3578.0727468144728
1465,3578.8460701219551
1466,3580.9214190918606
1467,3582.6382210135653
1468,3583.7602375461247
1469,3584.8377168773486
1470,3586.9170182598946
1471,3593.2337678091394
1472,3595.03394800666
1473,3598.5131389133539
1474,3599.6546842972425
1475,3601.2936598285382
1476,3601.4352721724722
1477,3604.2494438573144
1478,3606.7406951054413
1479,3607.9299445896604
1480,3616.2544918583931
1481,3616.452433076417
1482,3619.8660573047787
1483,3621.2135537627546
1484,3621.8487659779121
1485,3625.1179180891072
1486,3625.8627143208405
1487,3627.0853595812796
1488,3629.0782878729483
1489,3632.4831115112879
1490,3632.8761044849207
1491,3633.445907205607
1492,3636.8419738221787
1493,3637.3867196748733
1494,3641.1094406975717
1495,3641.1305446836959
1496,3644.7686364342167
1497,3647.9854201577346
1498,3648.2157222987926
1499,3651.5357648055456
1500,3656.7822026398908
1501,3657.352653390758
1502,3662.9452086831643
1503,3665.6282409189071
1504,3665.8069208593711
1505,3667.3289557824496
1506,3669.2700112254242
1507,3670.3519605422948
1508,3672.5561337536865
1509,3675.8273730843707
1510,3677.8095232483802
1511,3679.7059448976916
1512,3680.5093402496232
1513,3684.2040772696269
1514,3685.8145569277485
1515,3686.0789524550532
1516,3688.4944642597311
1517,3690.4178401586796
1518,3695.9180012619418
1519,3696.9582990976187
1520,3697.0275494291482
1521,3699.0563777792686
1522,3702.2403047935236
1523,3703.0527315427398
1524,3705.2184235068498
1525,3707.3718061089298
1526,3708.1799192153712
1527,3710.9136260985088
1528,3712.3568172932291
1529,3714.2123973499029
1530,3715.7772923866687
1531,3718.3452060293912
1532,3720.3205005636823
1533,3722.1360109877924
1534,3723.4380502026547
1535,3726.7861528421531
1536,3730.0444928286852
1537,3734.3236095459092
1538,3736.9795194410112
1539,3739.3235787558533
1540,3739.3974226028945
1541,3742.3339619407434
1542,3744.1746272404835
1543,3746.6813065566885
1544,3749.0886366631448
1545,3753.209982669784
1546,3753.9332324946804
1547,3756.8324116198078
1548,3757.7839457347186
1549,3758.3588883518355
1550,3758.8297347862899
1551,3761.6252728374088
1552,3762.0972797260715
1553,3764.1201402368047
1554,3765.8103733930907
1555,3767.1886077427621
1556,3769.8317591698337
1557,3771.946074297517
1558,3776.4518939384502
1559,3776.7337841011276
1560,3780.6265385600564
1561,3784.5033191918847
1562,3786.0044304538114
1563,3786.010548222579
1564,3788.5486270843785
1565,3793.5414812570357
1566,3795.0702440866348
1567,3795.2851142658683
1568,3798.922694411086
1569,3802.1595955185708
1570,3803.4369306944345
1571,3805.1274415742528
1572,3806.9389184469583
1573,3808.1853439228339
1574,3811.0899294514797
1575,3811.8753983324223
1576,3815.5350394916804
1577,3817.1154694524394
1578,3818.0881865615743
1579,3819.9128777363726
1580,3821.0657486172436
1581,3822.4445578890763
1582,3825.9566434441522
1583,3826.032659279062
1584,3831.354203397837
1585,3831.8630575895399
1586,3832.1498178963634
1587,3838.2008073585689
1588,3839.6668147502978
1589,3841.9729654246062
1590,3843.4006367198708
1591,3845.4727618075181
1592,3847.1038169455164
1593,3849.2523267322376
1594,3849.4716971239541
1595,3852.3772671516899
1596,3856.2537966195541
1597,3856.3300591375623
1598,3857.3212585932747
1599,3861.7720160558756
1600,3864.0095670518958
1601,3864.8243217911681
1602,3867.3395935372905
1603,3868.2513715924906
1604,3872.8730812995282
1605,3874.1365818219438
1606,3877.5278305123293
1607,3880.4553563895734
1608,3880.9451184625236
1609,3882.5627596300474
1610,3883.8287979886245
1611,3888.963534879661
1612,3889.0237986719908
1613,3892.0907161346208
1614,3895.3206047725553
1615,3896.6194430366154
1616,3898.619292766668
1617,3900.0567064119559
1618,3901.2025080553531
1619,3901.4720101483149
1620,3903.7805323063176
1621,3906.6122332964637
1622,3912.1674859182726
1623,3912.3304436029839
1624,3914.8157799281171
1625,3915.8884925490588
1626,3918.4174116397903
1627,3922.3778824515557
1628,3923.0267774938784
1629,3926.2368453910203
1630,3929.6544062020321
1631,3930.1204011463342
1632,3933.7370093599752
1633,3934.0171902297475
1634,3935.373212475552
1635,3935.5589582156945
1636,3937.1537067316785
1637,3938.5720922101177
1638,3944.349654063587
1639,3945.3181325943688
1640,3945.8263126454121
1641,3947.5857799361374
1642,3949.287557720475
1643,3952.953378819454
1644,3957.5336009142729
1645,3958.5553099756748
1646,3960.1758500978171
1647,3962.0426740079101
1648,3964.2025878327709
1649,3964.6891472127077
1650,3970.1550283014294
1651,3972.5277983317828
1652,3973.1231507026514
1653,3975.5724529463878
1654,3977.1250075879939
1655,3978.400320785835
1656,3981.8179104248438
1657,3984.5710953371686
1658,3985.5985827877857
1659,3987.1128706494796
1660,3989.6691230982615
1661,3989.7093786878877
1662,3991.8291441793344
1663,3993.482300682987
1664,3994.9370481651017
1665,3998.7615288162197
1666,4000.352521969166
1667,4003.9545879262018
1668,4005.9698662484238
1669,4006.7429528313833
1670,4009.0145471927949
1671,4013.1013876812299
1672,4013.397868335182
1673,4014.2866538558137
1674,4016.890939162829
1675,4018.1541080376155
1676,4022.8462336638563
1677,4023.6013874056448
1678,4024.6442730752547
1679,4027.6165193159904
1680,4028.977704652028
1681,4031.7216808446537
1682,4033.0337510672261
1683,4033.4844795863237
1684,4036.1018926010879
1685,4039.9003223564646
1686,4041.109156204056
1687,4042.4801926877458
1688,4048.6998115286192
1689,4049.9217621870557
1690,4052.2807191486145
1691,4052.8204464447149
1692,4056.196719561201
1693,4057.2952994123898
1694,4059.7191582540177
1695,4061.5614401499465
1696,4061.7837083446134
1697,4067.174629690724
1698,4068.6580652877224
1699,4070.5404656119554
1700,4072.4790996072484
1701,4072.5628448420957
1702,4074.4739653154165
1703,4075.0635317990291
1704,4078.7451530319745
1705,4079.6510103133573
1706,4081.9913445380948
1707,4083.7404488878337
1708,4085.0043108910168
1709,4088.2938992311283
1710,4088.8702665592045
1711,4092.0930239709323
1712,4092.6362711553493
1713,4096.9374933477693
1714,4100.6773824441016
1715,4102.4685027996065
1716,4103.1841170044327
1717,4105.5987298276059
1718,4109.4763621196016
1719,4111.4514255671293
1720,4113.9324438320837
1721,4114.7968408775778
1722,4115.5489439792909
1723,4116.2119659975579
1724,4117.2764872883672
1725,4118.9890440706176
1726,4120.7372079993665
1727,4126.0691803501604
1728,4127.7089150994343
1729,4127.8761857016325
1730,4132.1030142245299
1731,4132.1147130602258
1732,4134.8554348294356
1733,4135.8545686261459
1734,4139.5118891057818
1735,4140.8077768037756
1736,4143.8701002872567
1737,4145.5503491426743
1738,4148.2958578011649
1739,4149.2751804464206
1740,4151.0165017849331
1741,4153.1131683720678
1742,4157.5343215603816
1743,4158.3540386732047
1744,4160.0063774910759
1745,4161.6997906552197
1746,4164.7565907662438
1747,4165.6807092683866
1748,4169.6898881385869
1749,4171.9142202904122
1750,4172.1530082513273
1751,4172.8087446604359
1752,4174.2981283788613
1753,4174.9637691705148
1754,4177.7774403751273
1755,4183.6551491416039
1756,4188.1779375677243
1757,4189.2988524136654
1758,4190.6561117798892
1759,4192.5423731312121
1760,4194.1687559921756
1761,4194.5979623743779
1762,4196.6128457137183
1763,4200.9533000158308
1764,4201.6827256256829
1765,4202.9494520825519
1766,4203.8236249924248
1767,4206.702073339392
1768,4207.9237454265758
1769,4210.9094005659463
1770,4211.4940200760002
1771,4214.4991496306984
1772,4215.1130348477018
1773,4217.3364926483946
1774,4219.5129320184742
1775,4221.7373560440283
1776,4222.9444965262383
1777,4223.9543696031506
1778,4230.6838841818662
1779,4231.5633531601807
1780,4232.5302813803983
1781,4233.4625812053391
1782,4235.5454988133606
1783,4240.2539137784388
1784,4242.0414739431835
1785,4245.6317433605855
1786,4247.53861620512
1787,4249.3158686536935
1788,4250.2630295302706
1789,4252.9730059176864
1790,4254.3519067253746
1791,4255.2250395973197
1792,4256.6487873656843
1793,4259.5349900697147
1794,4259.9877040713391
1795,4260.3168070278934
1796,4264.7433621379605
1797,4266.0185285581965
1798,4270.0065313708819
1799,4270.7252658215157
1800,4274.1813201578407
1801,4277.5979928854949
1802,4278.1513347342398
1803,4278.9689051588912
1804,4280.8952146902684
1805,4283.9409814422934
1806,4285.6598964994319
1807,4287.2364029046084
1808,4288.5181301963303
1809,4292.5427449983399
1810,4294.4092696660609
1811,4296.9619431754336
1812,4301.293625858023
1813,4301.5027430927312
1814,4303.7549870995799
1815,4303.8474381986434
1816,4304.8577630895015
1817,4305.5766050785505
1818,4310.6734229793719
1819,4312.3164752214452
1820,4312.6368274975357
1821,4314.4572600908859
1822,4316.2342182920529
1823,4317.4558630997435
1824,4318.5806868403988
1825,4322.3780016619876
1826,4327.8081468414057
1827,4330.2343842592836
1828,4331.2190748436269
1829,4333.1428257979069
1830,4334.1664304306978
1831,4335.5437644882613
1832,4337.8922343555441
1833,4339.2216299447846
1834,4340.8901314648583
1835,4345.0305971148346
1836,4345.9705322610262
1837,4348.1773092226922
1838,4349.6784866172193
1839,4350.378905360004
1840,4352.5867392456048
1841,4353.6850267448399
1842,4354.7207321306187
1843,4357.3501799216301
1844,4358.3367562852045
1845,4361.8394046615558
1846,4364.5234541602304
1847,4365.5471269014733
1848,4367.5085424435147
1849,4368.8809117436585
1850,4371.8995499528382
1851,4372.9539504459945
1852,4376.1439908945067
1853,4380.2567620369291
1854,4380.2765831988299
1855,4382.4248362401013
1856,4386.2327137339407
1857,4387.9930392668366
1858,4389.7919678992794
1859,4390.7696215193891
1860,4392.3401643452344
1861,4395.1059264745318
1862,4397.1489320671772
1863,4401.2205287965517
1864,4401.4256923751582
1865,4404.1929718479523
1866,4404.872790802031
1867,4406.2128660286462
1868,4408.8267494797237
1869,4409.8790926087677
1870,4412.7145723123849
1871,4413.4033173729595
1872,4418.5023182907426
1873,4421.4992523639212
1874,4422.395561360313
1875,4423.7923723478871
1876,4425.4532319393074
1877,4425.7610233247742
1878,4429.3758712092913
1879,4429.9365673597276
1880,4433.2870976882541
1881,4433.8255145895064
1882,4435.6827921192007
1883,4437.2137542184437
1884,4437.8706505609807
1885,4439.7045822024875
1886,4444.2960618847583
1887,4445.0340719979895
1888,4447.6249986831053
1889,4449.2060612439782
1890,4451.7906181358594
1891,4451.8030530945098
1892,4454.4810923582418
1893,4457.7317727653663
1894,4459.9578236150783
1895,4462.4382594561166
1896,4463.8475074462795
1897,4468.9473642998373
1898,4470.5464505140944
1899,4471.6135218502559
1900,4472.379446537283
1901,4475.0130210774441
1902,4477.185470070759
1903,4478.9227564833354
1904,4479.8249289528494
1905,4484.877347238973
1906,4486.0651493144624
1907,4487.4238938856388
1908,4489.0459066896592
1909,4489.7121712124526
1910,4490.4106258135498
1911,4493.9694755589417
1912,4495.8225438934669
1913,4497.0308033055771
1914,4499.5095866731726
1915,4500.5022361771207
1916,4504.7377669343787
1917,4505.2142718561927
1918,4506.5313139900272
1919,4508.6238046372991
1920,4511.6429532174143
1921,4513.7505544895821
1922,4513.8073019622225
1923,4516.2190448903639
1924,4519.4571690913317
1925,4522.8245838137127
1926,4524.5098958806111
1927,4527.6784977180332
1928,4528.4861196816828
1929,4529.4976410183854
1930,4531.0562967757187
1931,4532.2244111344771
1932,4536.8436295863312
1933,4540.0669279388385
1934,4540.9781949381595
1935,4541.6713440574476
1936,4542.7133377613436
1937,4543.531492060295
1938,4547.1531339393005
1939,4548.9216409537048
1940,4549.5784882966991
1941,4550.7916751151506
1942,4555.5341549228988
1943,4557.1915254615687
1944,4557.8667008648781
1945,4562.1930974640691
1946,4563.6683189321902
1947,4563.9995166144217
1948,4566.2149419483849
1949,4567.611727941864
1950,4573.5957485511708
1951,4574.121003712834
1952,4576.3561478099537
1953,4577.1505041558639
1954,4579.0857196834477
1955,4581.2161964338529
1956,4583.1118852125892
1957,4584.1216968414165
1958,4587.3182004099699
1959,4589.4490836810801
1960,4592.3086426995196
1961,4594.2333351293219
1962,4596.7820350246684
1963,4597.7098825131934
1964,4598.0523601808109
1965,4600.0648932462391
1966,4601.7851243537361
1967,4601.8744583024209
1968,4605.396612181733
1969,4606.0108214272168
1970,4607.7844192001894
1971,4610.9388255844142
1972,4612.1270752861556
1973,4617.4295475464933
1974,4617.6531010575445
1975,4619.4239885608386
1976,4621.8369366433217
1977,4622.656314197935
1978,4628.2115458274111
1979,4629.5415822722689
1980,4630.1722155086045
1981,4633.341534098493
1982,4634.1744273834393
1983,4636.4001387138724
1984,4636.5557715682344
1985,4639.0557899619535
1986,4641.6812078422436
1987,4642.3407819212262
1988,4646.2849617510492
1989,4647.2472772823057
1990,4647.9259572853762
1991,4650.0803380683465
1992,4651.9183702804785
1993,4653.0089947472416
1994,4653.4736847268423
1995,4656.3649145903637
1996,4657.1703888929451
1997,4659.1548484304385
1998,4661.2770910237468
1999,4664.1553520464149
2000,4668.4182822012954
2001,4669.2185946236923
2002,4669.9540282489006
2003,4673.2696901844783
2004,4675.6689106046197
2005,4677.6273888112746
2006,4680.3063542609889
2007,4681.440860735127
2008,4684.062682301359
2009,4686.2776001666343
2010,4689.1092920320671
2011,4689.5972884280527
2012,4691.6515353138775
2013,4692.3568088922675
2014,4692.4462667339485
2015,4694.6478973478197
2016,4699.1716743212392
2017,4701.6539623014205
2018,4703.120077429453
2019,4705.1946023632881
2020,4705.3187760893961
2021,4709.5875385806712
2022,4713.7598379195979
2023,4713.8624348278781
2024,4716.3693574980098
2025,4716.8329212713597
2026,4717.8236412714305
2027,4718.8021996616289
2028,4721.432860685336
2029,4725.7503674646323
2030,4726.6042261223474
2031,4727.0217522711564
2032,4730.1072792143368
2033,4732.3188175955374
2034,4733.063239835049
2035,4734.1947767886013
2036,4738.5979433189787
2037,4738.7318893505453
2038,4740.8231854218975
2039,4741.6440287052064
2040,4745.6058915896174
2041,4746.7248082410451
2042,4747.2412741132812
2043,4748.9666224934044
2044,4749.4309710114185
2045,4752.3806084463931
2046,4756.0517074495838
2047,4757.5996969405724
2048,4759.1775609717133
2049,4761.7392488086161
2050,4762.8780890311109
2051,4765.7187390218915
2052,4766.7608266091283
2053,4770.1864204566191
2054,4771.5031262968014
2055,4772.1217076821849
2056,4776.6422347242724
2057,4777.5431624773855
2058,4781.2228263377492
2059,4782.7221444937486
2060,4784.5959899970258
2061,4785.0509300972535
2062,4787.8019297997362
2063,4790.8766319811666
2064,4791.230692967717
2065,4792.5611900264794
2066,4794.7948756579444
2067,4794.9446300634836
2068,4799.100467287848
2069,4801.2239249768672
2070,4804.9105562047653
2071,4805.6611996065494
2072,4806.3431114007699
2073,4807.703143476172
2074,4810.0775724766063
2075,4813.1777590627462
2076,4813.7421743850236
2077,4815.7991456454511
2078,4815.9624257523237
2079,4817.689386824095
2080,4821.5485812463558
2081,4823.5092750236126
2082,4826.3207488154931
2083,4829.691873434499
2084,4830.9925861232605
2085,4833.0026652924007
2086,4834.7212519367313
2087,4835.1249625282926
2088,4837.3950021263663
2089,4839.7848538890439
2090,4841.414367048983
2091,4843.0050761825278
2092,4843.5418013496583
2093,4845.1970356028669
2094,4850.017553878647
2095,4852.7125100064404
2096,4852.7317539741034
2097,4854.887509040479
2098,4854.9443575267678
2099,4856.6377562063508
2100,4858.919453053385
2101,4864.0999261870411
2102,4865.3234407178734
2103,4866.8995662936759
2104,4867.0162994709317
2105,4871.4171073232146
2106,4871.5085904414082
2107,4872.0398592370993
2108,4876.8230252044668
2109,4877.8645180859494
2110,4880.0358508663812
2111,4881.0310403071135
2112,4882.5667004712159
2113,4885.1422124699793
2114,4885.3532606025956
2115,4887.3202877181529
2116,4888.6860088047642
2117,4889.272339465927
2118,4895.9049898701996
2119,4897.9536587770926
2120,4899.3184046272245
2121,4899.379725158693
2122,4904.0679209857981
2123,4904.1318527428894
2124,4906.3199952359046
2125,4908.6017719641859
2126,4909.0052192653193
2127,4911.9673663136882
2128,4913.6832231964372
2129,4914.8832379466794
2130,4916.3881389059106
2131,4918.3287430317605
2132,4918.654058267487
2133,4923.0042714210676
2134,4925.0034249984019
2135,4926.1478771901875
2136,4928.1585997726352
2137,4930.1769928650701
2138,4932.5567375173232
2139,4934.0460163575135
2140,4934.8275186485562
2141,4937.9058101556338
2142,4942.3611393498004
2143,4943.408285556493
2144,4945.4314303864494
2145,4945.6498560927557
2146,4945.8991171571442
2147,4949.5548188518833
2148,4950.132930398554
2149,4952.9335824979862
2150,4956.8560791585896
2151,4957.1744005145019
2152,4957.2224411867328
2153,4960.6408437328155
2154,4962.0028191004785
2155,4962.7034951664646
2156,4965.2638717982372
2157,4967.0089696318846
2158,4969.2385388794009
2159,4969.9184568543324
2160,4970.6779147061125
2161,4973.7788345072277
2162,4973.8029882030978
2163,4978.5798652039102
2164,4980.3467821907525
2165,4983.1524500163287
2166,4986.2193184381413
2167,4986.3781476425193
2168,4989.0717106122074
2169,4990.5897540530877
2170,4991.7305026034337
2171,4995.2162988307691
2172,4998.541690658104
2173,4998.5463268502162
2174,4999.9400274839254
2175,5003.5997742186482
2176,5004.1790410826206
2177,5005.1747017558264
2178,5008.9386449919921
2179,5009.9927651550715
2180,5011.3999691288336
2181,5014.8819637751567
2182,5014.9202764732154
2183,5015.5079652463728
2184,5017.693378469583
2185,5019.6477619805282
2186,5020.8453276141536
2187,5024.578706571162
2188,5024.9626496851242
2189,5028.0590905641457
2190,5028.7523800332847
2191,5031.9312339676553
2192,5032.0946846265733
2193,5034.10249538076
2194,5035.4762936280513
2195,5038.8214504984726
2196,5041.6502921250285
2197,5045.6215289440206
2198,5045.7092521543445
2199,5048.3124920641167
2200,5048.8338503097266
2201,5050.7792029496222
2202,5051.0069327104347
2203,5052.6178313289556
2204,5052.8029415157434
2205,5056.0283876714529
2206,5059.240887992637
2207,5060.181876810957
2208,5060.7740266295741
2209,5063.4367090019477
2210,5066.5728279549649
2211,5068.0554759997049
2212,5070.0358358291151
2213,5072.4180570682083
2214,5073.8649304277869
2215,5074.5052649812214
2216,5078.4855405058588
2217,5081.5417944906585
2218,5084.1640369773777
2219,5085.3512589703123
2220,5086.669611287959
2221,5090.1125700667462
2222,5091.0607892151684
2223,5093.2154122163656
2224,5093.6356912525607
2225,5094.2947086512086
2226,5098.7315763766655
2227,5099.4086812652449
2228,5100.2368513563197
2229,5102.9332595058968
2230,5105.6696225703326
2231,5105.6763042556213
2232,5105.8029941494406
2233,5109.7137178007497
2234,5110.2934730412453
2235,5113.218731848573
2236,5114.0019773301565
2237,5114.4879932545355
2238,5116.4823048106518
2239,5119.3295129526323
2240,5120.1487265865753
2241,5121.6238386722353
2242,5125.4903855941266
2243,5127.6415398972213
2244,5132.3897663545013
2245,5135.8230142826087
2246,5137.0114359643439
2247,5139.071613494898
2248,5141.2440923357181
2249,5141.4902914638051
2250,5142.2066203171453
2251,5145.7180453275214
2252,5148.7113527347628
2253,5149.5361739857626
2254,5150.0359251283699
2255,5151.3613312900579
2256,5153.9498804633567
2257,5154.3250996449251
2258,5157.6350979590507
2259,5157.7528352072859
2260,5159.7016736600708
2261,5161.7691205164856
2262,5162.7226024851625
2263,5164.6644416475337
2264,5166.1112502203714
2265,5169.0546497597825
2266,5169.866414170554
2267,5173.3763051249543
2268,5175.2292010694346
2269,5175.3239069205365
2270,5176.8222479725046
2271,5179.6872008908922
2272,5182.4108227274655
2273,5184.0612530900653
2274,5185.2051878205111
2275,5186.5008829106282
2276,5192.039050280775
2277,5194.8102529676453
2278,5196.7446453656694
2279,5197.3178021677795
2280,5197.6816934322715
2281,5199.3558088060454
2282,5201.544485297065
2283,5201.5974203111309
2284,5204.8990457251721
2285,5205.7368497554244
2286,5208.9159636962277
2287,5209.8122835574295
2288,5210.722267322667
2289,5211.0549046523211
2290,5212.7047379229125
2291,5219.5308172172454
2292,5220.3554816292872
2293,5220.5024519564349
2294,5222.2288033037667
2295,5222.7859299297161
2296,5225.7506101681174
2297,5229.4323627353961
2298,5229.884399479618
2299,5232.4877912065913
2300,5234.9505285242931
2301,5237.0585707812133
2302,5238.748864130931
2303,5239.5195286969356
2304,5241.680657791152
2305,5243.3352335298223
2306,5244.3781149287433
2307,5246.6584927614422
2308,5249.589033500286
2309,5249.7733519419726
2310,5252.5516932519895
2311,5253.7556619947554
2312,5255.0629606969214
2313,5256.4753345805066
2314,5257.9780129296114
2315,5261.4574148263728
2316,5262.420653968411
2317,5263.4975089049822
2318,5264.2091472261145
2319,5266.3844053145604
2320,5268.9680899260175
2321,5272.5799625735781
2322,5272.8121976248349
2323,5274.2351446123212
2324,5276.7365676504542
2325,5279.5661163577843
2326,5281.3913705988316
2327,5283.0783310774541
2328,5283.266961808481
2329,5283.9557493843822
2330,5287.5614207129029
2331,5288.7318502765966
2332,5291.6345446950445
2333,5292.2280792277188
2334,5294.0043673831233
2335,5296.5338800560248
2336,5298.1023269156958
2337,5300.3162813828267
2338,5304.6831609361734
2339,5304.7127926575313
2340,5306.4870938681843
2341,5310.1774345300937
2342,5310.5238343404917
2343,5313.7293916435328
2344,5315.505667731557
2345,5315.8765954845976
2346,5319.0112108780859
2347,5322.5280479163039
2348,5322.8238726125292
2349,5323.7699969845889
2350,5326.0240261257268
2351,5326.4954222354818
2352,5326.7424530526787
2353,5327.7455442160363
2354,5332.1562838909776
2355,5334.3488872901235
2356,5335.4623306169415
2357,5336.7592273846603
2358,5337.3097767467543
2359,5342.8156282030559
2360,5343.3643286531214
2361,5346.3010276264149
2362,5346.5063281325038
2363,5348.2300869871178
2364,5351.1485807627187
2365,5351.220649235237
2366,5351.8847696499597
2367,5352.6961137986182
2368,5357.8945213568213
2369,5359.1663356553663
2370,5361.8960864514165
2371,5362.0595989287713
2372,5363.3866596111866
2373,5367.8044963994944
2374,5367.8553997978433
2375,5370.7856116985258
2376,5371.652426412792
2377,5372.8228785628953
2378,5375.7209604306809
2379,5380.7290651246531
2380,5380.9769536433732
2381,5383.368998506674
2382,5384.9274852456874
2383,5386.1490937570743
2384,5390.1313991466759
2385,5391.1136272829181
2386,5391.2667676295569
2387,5391.6253240978876
2388,5392.9617909363451
2389,5393.7105411297653
2390,5396.0101778921398
2391,5396.8176622998471
2392,5398.6160926069797
2393,5402.1726289048866
2394,5402.5615789851063
2395,5404.6818624710377
2396,5406.1800920696951
2397,5409.1079946437339
2398,5410.7340574718573
2399,5412.5190017904515
2400,5414.2028928551999
2401,5418.0376767528323
2402,5418.8917493747904
2403,5422.440832594717
2404,5424.4195498019117
2405,5425.873892892826
2406,5426.0097223856146
2407,5428.4755882785976
2408,5429.3624640124335
2409,5430.2694686056466
2410,5431.8197828432067
2411,5436.8091983840422
2412,5438.5945109755839
2413,5438.6530197301254
2414,5440.4294111797808
2415,5442.5453886081086
2416,5444.0580610045026
2417,5446.0170788757132
2418,5446.9335811665042
2419,5449.3942409891961
2420,5450.7692333423565
2421,5452.3339491610313
2422,5454.2382436101088
2423,5455.420167409442
2424,5457.9949915246225
2425,5463.037672550051
2426,5463.4053339712173
2427,5464.2845533772406
2428,5467.0225600980066
2429,5467.9582463859406
2430,5469.6136644555872
2431,5472.8016769743572
2432,5474.6868003936597
2433,5476.4994191642018
2434,5478.1737003656135
2435,5479.134952388521
2436,5480.0854866352056
2437,5482.8555835756742
2438,5485.3061134221234
2439,5486.4602561576767
2440,5486.9713730679696
2441,5487.6612404114385
2442,5489.6086374462166
2443,5491.7008426093198
2444,5492.7764605498014
2445,5495.65233866995
2446,5497.4882814664361
2447,5499.3080982894426
2448,5503.0294073954365
2449,5503.1374801096254
2450,5504.6928438777877
2451,5508.6491232055223
2452,5510.0808612440869
2453,5511.3542097688905
2454,5513.2426411200113
2455,5514.448564864284
2456,5517.960922806802
2457,5519.1747724502447
2458,5521.8755026598983
2459,5522.7692106472787
2460,5523.1179054719469
2461,5524.7818792429243
2462,5527.4771939469301
2463,5528.8332612827098
2464,5529.3477773143977
2465,5529.9148264515979
2466,5531.2945726723374
2467,5533.1376744896288
2468,5539.0072724517795
2469,5539.57278225759
2470,5540.5787058848236
2471,5541.7228342800963
2472,5543.026558857433
2473,5545.3966348280137
2474,5547.833619464388
2475,5548.4045271567584
2476,5548.9063271872101
2477,5553.608072607838
2478,5555.2341949522761
2479,5556.1254236812983
2480,5556.9210332505436
2481,5562.0212240530391
2482,5563.0607775309782
2483,5563.642405350216
2484,5565.7894657682073
2485,5568.6930787184874
2486,5569.3168170240515
2487,5571.409147331703
2488,5571.7177787306609
2489,5574.247745392021
2490,5574.9504175671445
2491,5576.6105745758878
2492,5578.2251680240797
2493,5582.1713370413918
2494,5583.620235334236
2495,5585.0318161064733
2496,5585.5095681359935
2497,5588.3225490097457
2498,5590.4191340271364
2499,5590.9672693944585
2500,5591.0449498277112
2501,5592.7101013908896
2502,5593.6711425215908
2503,5595.9813872387031
2504,5599.9744029901731
2505,5600.9826856458076
2506,5602.4069129678192
2507,5605.4340601115828
2508,5605.9164520305239
2509,5607.5541738008906
2510,5612.0797213498727
2511,5614.1993593347679
2512,5615.3375576249855
2513,5618.4861878952133
2514,5619.7547588862672
2515,5621.1408989796073
2516,5622.8571866830125
2517,5624.7858752030061
2518,5624.8766907932286
2519,5626.9705134477481
2520,5630.3243805192005
2521,5632.4126226776971
2522,5632.8843773705339
2523,5633.6116630140041
2524,5635.1132040572293
2525,5639.1404494103454
2526,5639.2534127272138
2527,5641.1338448507804
2528,5642.3085012996689
2529,5646.0754820732373
2530,5647.2112446025112
2531,5647.6520795492215
2532,5650.5403841201714
2533,5650.693451897514
2534,5653.3254506281555
2535,5653.5404995870977
2536,5654.8774462329402
2537,5657.6438468932329
2538,5661.6739834628179
2539,5661.9189662012695
2540,5662.9938262282503
2541,5666.6005178160531
2542,5668.6464637847421
2543,5671.1127131785652
2544,5674.3479395260456
2545,5674.8673149556289
2546,5675.1567675128463
2547,5676.1259389014422
2548,5678.0837874662993
2549,5680.4816837640838
2550,5680.6138076098523
2551,5683.3338546679543
2552,5686.0207130674571
2553,5686.828151608237
2554,5690.1012971526061
2555,5691.8609796733017
2556,5692.4647673444497
2557,5694.1204588605733
2558,5695.8239134118257
2559,5699.123483765582
2560,5700.7421375452777
2561,5701.5727859976669
2562,5703.3408574747009
2563,5704.15197310245
2564,5706.7933538537472
2565,5707.5465544566914
2566,5708.0919291578166
2567,5709.4383917059349
2568,5710.6862585251929
2569,5713.3993251829697
2570,5716.565386273779
2571,5717.7227121974156
2572,5718.3862273264176
2573,5719.205167255036
2574,5722.3806493325019
2575,5723.5188899445284
2576,5726.0358032665163
2577,5728.2039644566166
2578,5729.3925525766226
2579,5729.4406176512348
2580,5732.3341325809861
2581,5736.1245229138831
2582,5736.494759302077
2583,5739.7383111565105
2584,5742.1385807670604
2585,5745.0706449712106
2586,5747.1375638214167
2587,5747.4558316742596
2588,5748.6453122624207
2589,5751.5303064842365
2590,5752.4393936898068
2591,5754.3596455606812
2592,5757.0146133882863
2593,5759.4367965317124
2594,5761.7432789051809
2595,5762.4234437330033
2596,5762.9041645605921
2597,5764.554536802746
2598,5764.5884577140559
2599,5764.796359004109
2600,5765.4243171299422
2601,5766.2249967651269
2602,5766.9827518076181
2603,5771.5116449591624
2604,5773.8664566325733
2605,5777.219007367341
2606,5778.1194723091057
2607,5782.4358340425106
2608,5783.6684803476091
2609,5784.8121727657399
2610,5787.0125690374398
2611,5787.2115959598923
2612,5788.9387682946272
2613,5792.8790200806816
2614,5794.3008977843965
2615,5796.0686493018429
2616,5798.2652335868197
2617,5799.7746960073991
2618,5800.2218549386962
2619,5802.3510830741416
2620,5804.6133195389293
2621,5806.8825164449663
2622,5807.8061416901137
2623,5810.732900073579
2624,5811.4232747567639
2625,5812.7202682207489
2626,5813.3395186755879
2627,5814.3782042911735
2628,5817.4509554601664
2629,5819.3874147601127
2630,5819.6745951000657
2631,5820.4153576147764
2632,5821.8110593505289
2633,5823.8130066948916
2634,5826.3975954921088
2635,5830.20590922065
2636,5831.1253274894525
2637,5831.8140763673709
2638,5835.9651794619722
2639,5836.7764577031312
2640,5839.4643829969273
2641,5840.2385214192363
2642,5841.0396400630116
2643,5843.0071102623469
2644,5845.2163756546088
2645,5846.1177189129294
2646,5848.9607920986782
2647,5849.5768640748329
2648,5851.2930942090334
2649,5852.6482581054333
2650,5855.6769855293569
2651,5856.24081453285
2652,5858.6788147113293
2653,5860.5560952440537
2654,5860.9651805111362
2655,5861.924316859433
2656,5864.5709545454547
2657,5866.3048037459221
2658,5868.2150651309885
2659,5868.4544091413809
2660,5870.1663266560581
2661,5872.9788928107137
2662,5873.3227396290422
2663,5875.0286925126575
2664,5876.8058164837939
2665,5879.0748279293111
2666,5879.9361517768721
2667,5880.6269294092281
2668,5884.1770463752609
2669,5886.9702523110927
2670,5890.4165570743562
2671,5892.5461557765957
2672,5893.1074783407739
2673,5895.248713715986
2674,5896.8143161474291
2675,5897.5137188123308
2676,5901.2723588400613
2677,5902.2867351348013
2678,5902.6490102495127
2679,5904.6884396515379
2680,5905.6998298551334
2681,5905.9545347240701
2682,5907.3540085725526
2683,5911.4357214346874
2684,5914.1066862546968
2685,5915.465483822526
2686,5916.8225825879581
2687,5919.6221223059702
2688,5920.5134222897414
2689,5922.2346934040252
2690,5922.4471555841083
2691,5923.6767980922032
2692,5925.1662629649745
2693,5929.253798792799
2694,5930.6912406669862
2695,5931.545397042546
2696,5934.4326960681346
2697,5934.6917083832104
2698,5937.4597801102573
2699,5938.0607624580462
2700,5940.1019415124892
2701,5940.7261917496653
2702,5943.7919897280481
2703,5944.2269960183175
2704,5946.5327018571297
2705,5947.0749052961037
2706,5949.0505883561009
2707,5949.5290652970652
2708,5950.2780317223223
2709,5952.5767230691217
2710,5955.6471901557179
2711,5958.6946040414869
2712,5959.5641530304392
2713,5961.8157706787906
2714,5964.1881892700058
2715,5964.8437373944016
2716,5966.9246952001204
2717,5969.7791547213337
2718,5970.7057483434801
2719,5973.4565588857859
2720,5974.6037523078676
2721,5977.3530731510118
2722,5978.7193029704085
2723,5981.3938937057364
2724,5983.5125270854414
2725,5984.570748531658
2726,5985.8714661259728
2727,5986.9216460514353
2728,5987.4232595224194
2729,5990.6437146396711
2730,5991.0671826276284
2731,5991.9563105524858
2732,5993.9816600273452
2733,5995.248642202132
2734,5997.6872914407222
2735,5998.1315874121019
2736,6000.4690960745766
2737,6002.0771210483499
2738,6003.2218969055994
2739,6005.8435128684077
2740,6007.8026698069261
2741,6008.4652016306236
2742,6011.0450980294327
2743,6012.7444173588665
2744,6014.4479280757751
2745,6014.977054043733
2746,6018.897871026933
2747,6019.9185152569316
2748,6020.4041641005169
2749,6021.8682640309517
2750,6026.1476778556362
2751,6028.266674184938
2752,6030.2249880171039
2753,6031.1342747045364
2754,6034.1277116714082
2755,6034.7178034052631
2756,6035.8430365074055
2757,6036.9700783730068
2758,6038.7614454751083
2759,6039.0020615264211
2760,6040.8502238843703
2761,6043.5758771463288
2762,6044.899588200492
2763,6044.9578004074065
2764,6047.912489060297
2765,6049.8835650310184
2766,6051.2079183108972
2767,6052.893338402373
2768,6055.8979207886614
2769,6056.3427755006633
2770,6057.6364619455671
2771,6059.7872736528479
2772,6065.1209965135431
2773,6067.1442441833578
2774,6068.3922895330816
2775,6068.784795851946
2776,6070.04249399734
2777,6072.9261441112194
2778,6073.112973092937
2779,6074.5284596296233
2780,6075.5966704418943
2781,6076.210928373489
2782,6077.1990320330679
2783,6079.6167987772869
2784,6081.873211048076
2785,6083.6478074921697
2786,6084.7747142684466
2787,6086.3435088584793
2788,6089.3261039529816
2789,6089.404802670475
2790,6091.7116686155859
2791,6094.01659150673
2792,6097.9387928571077
2793,6098.8087041330991
2794,6099.0623645097412
2795,6100.0399233384833
2796,6101.6765818493004
2797,6102.6724435693013
2798,6103.3128260541416
2799,6104.9341441002343
2800,6107.1241569388467
2801,6108.7530530820868
2802,6111.7732625978269
2803,6112.6546657759372
2804,6115.5954359279976
2805,6115.7042394703558
2806,6117.4623103636122
2807,6119.3520252602002
2808,6120.2813028840592
2809,6120.8927921689474
2810,6122.7998836541719
2811,6126.6582841770078
2812,6129.4512110381456
2813,6132.5003785634826
2814,6133.1295729152253
2815,6134.86536284046
2816,6135.2625196309637
2817,6136.3442203077939
2818,6136.4746339083786
2819,6139.0050150018278
2820,6142.160474092655
2821,6142.4673616517903
2822,6144.5810451136049
2823,6146.4214898651144
2824,6146.7130049203988
2825,6149.0378470514088
2826,6150.7262917646476
2827,6152.3246792218415
2828,6153.5414117450837
2829,6156.343193744362
2830,6157.4422800991106
2831,6160.6308748766651
2832,6161.0972842405581
2833,6161.7666087606958
2834,6162.5299915683618
2835,6165.8328816856729
2836,6171.129381134293
2837,6171.9938111454421
2838,6172.8003134542705
2839,6174.2748607734438
2840,6175.4045602045171
2841,6176.2833186785256
2842,6177.9853796347979
2843,6179.1730620334056
2844,6181.6593236855733
2845,6182.1412817559312
2846,6184.7599577309638
2847,6185.0584671048891
2848,6185.8048650318196
2849,6190.4466297796289
2850,6192.8429431103896
2851,6194.2020864876504
2852,6195.882794397462
2853,6196.5233294820928
2854,6198.1760776105421
2855,6199.064559449972
2856,6200.0575997379683
2857,6203.3532856475676
2858,6204.1320323786613
2859,6207.5883237438529
2860,6208.5453187094554
2861,6211.1462362265456
2862,6212.3677588729297
2863,6213.1991676682446
2864,6216.2295309179326
2865,6216.5933908690622
2866,6217.0181410534515
2867,6219.0394700134329
2868,6219.4250457422277
2869,6221.4846103373184
2870,6222.0005478666153
2871,6226.1722973187425
2872,6227.4845879577369
2873,6228.2757231327369
2874,6231.5823467381597
2875,6233.9979694362746
2876,6236.7059554696598
2877,6236.8789867573287
2878,6237.2866664765361
2879,6238.9366372791383
2880,6240.5943116957369
2881,6241.1283386134501
2882,6245.4937941299877
2883,6246.3539058271808
2884,6247.3461401443901
2885,6249.0194389385015
2886,6249.8281007588612
2887,6253.905571467335
2888,6255.953974691537
2889,6256.6732131588251
2890,6257.5829461825633
2891,6259.2795629311486
2892,6259.9710990973645
2893,6261.2957598408902
2894,6261.940294236897
2895,6265.5432892042363
2896,6265.7758765768995
2897,6266.5350813371188
2898,6267.4724616309841
2899,6269.6430009350552
2900,6270.7193743242224
2901,6272.9920795472717
2902,6275.1169397999356
2903,6279.2513490279234
2904,6281.9099969018371
2905,6281.9380349634512
2906,6282.4919240475056
2907,6282.9109376602428
2908,6286.4619993171591
2909,6286.878467024786
2910,6289.1769793318135
2911,6289.4196175990282
2912,6292.1793499917403
2913,6292.8126741252172
2914,6293.4422119662895
2915,6295.0219738624519
2916,6299.0793219373836
2917,6301.0407493257835
2918,6301.0447782101646
2919,6302.5284748427366
2920,6303.0620218939493
2921,6306.3847289712076
2922,6308.7070087187822
2923,6309.785173444131
2924,6311.0751691467203
2925,6314.0485706934442
2926,6315.5788028656825
2927,6317.6154927333037
2928,6321.797071656345
2929,6323.8062276373439
2930,6324.0023607520834
2931,6324.4799261113503
2932,6326.4414358585664
2933,6328.8246234986455
2934,6329.2162800135311
2935,6331.1978485805166
2936,6333.3067446311834
2937,6333.3150044095173
2938,6334.376176326733
2939,6336.6690839252396
2940,6338.331308486333
2941,6338.9386248811352
2942,6343.1192756639193
2943,6344.3734369618132
2944,6346.9691631847563
2945,6347.9103300155311
2946,6348.9045183953385
2947,6351.6176236725523
2948,6352.8763235182405
2949,6354.4945508131723
2950,6355.4637942547015
2951,6355.6663315827936
2952,6357.4201087863394
2953,6360.2487757262752
2954,6362.5113728643619
2955,6363.3658789189267
2956,6363.5804087284823
2957,6363.8195109835433
2958,6366.8095766414262
2959,6368.219846262873
2960,6368.4146864941085
2961,6370.4347033185968
2962,6373.4870386948423
2963,6375.0194492815608
2964,6375.0945518433891
2965,6378.6185150671163
2966,6379.7176217007736
2967,6381.2359717316886
2968,6381.9443420857797
2969,6383.5618074802651
2970,6385.9471196340401
2971,6387.619009234365
2972,6390.5385222718787
2973,6393.4605430340571
2974,6393.805971165345
2975,6396.1780157087233
2976,6396.3887448579917
2977,6398.0030179701034
2978,6398.3155974354941
2979,6400.7489931317841
2980,6403.0640296617394
2981,6404.2285836136552
2982,6407.2304364934607
2983,6408.7103925472884
2984,6409.8190269032521
2985,6411.09719078955
2986,6411.0982474793263
2987,6414.1724372857107
2988,6415.2631120810065
2989,6416.1702454433989
2990,6417.6635239898505
2991,6421.0058418717763
2992,6423.9500430502712
2993,6424.6896815030232
2994,6428.6578133035291
2995,6428.7357701806786
2996,6429.2040877612326
2997,6431.000204740305
2998,6431.3829376875819
2999,6432.4326872966603
3000,6433.7926348947549
3001,6434.3140298025064
3002,6436.2616777049971
3003,6437.0499377428796
3004,6437.8976079899812
3005,6438.9923797483734
3006,6442.9721206890663
3007,6445.2314122066618
3008,6445.7971319802773
3009,6448.6849686702562
3010,6449.5612980346914
3011,6451.3928511586746
3012,6452.0534794072137
3013,6452.3721665590137
3014,6455.8360946739722
3015,6456.5143519331423
3016,6458.3491584226167
3017,6459.4146019432255
3018,6462.4868612107803
3019,6465.0219669589233
3020,6465.1613541245888
3021,6467.4988027776253
3022,6470.1760707735084
3023,6472.3917681397152
3024,6473.0178497481502
3025,6474.1389293823759
3026,6475.8386164908752
3027,6477.696712951727
3028,6481.1747686878889
3029,6482.5998252592281
3030,6482.8258735766167
3031,6484.2908455580528
3032,6486.1476747729957
3033,6489.2989420861386
3034,6490.395781991584
3035,6491.1897467432964
3036,6492.481532369422
3037,6494.1604381703073
3038,6495.0838493184956
3039,6497.1030472622388
3040,6497.4406790270677
3041,6501.6760476136624
3042,6501.7822161481936
3043,6502.8180371971221
3044,6505.2863453040682
3045,6507.5926121273515
3046,6508.6642262495207
3047,6509.7704336999595
3048,6512.44011437267
3049,6513.4351582853405
3050,6513.6302104601436
3051,6515.5650419736839
3052,6518.1675836989352
3053,6520.5201452569272
3054,6520.5788094252339
3055,6523.1160580538744
3056,6523.2345172657342
3057,6524.6387043602872
3058,6525.8971766548157
3059,6528.5622077738553
3060,6531.1593375147468
3061,6532.2520983584782
3062,6532.5490618488539
3063,6535.0501368335472
3064,6536.7570109522221
3065,6538.3308119687426
3066,6540.1637328217967
3067,6544.0347105017981
3068,6544.6805876646513
3069,6545.6659323603253
3070,6547.201389202778
3071,6547.7163339762483
3072,6550.2485217926314
3073,6550.7753261495318
3074,6553.698948568288
3075,6554.43276209941
3076,6555.6488152218662
3077,6556.3375804994448
3078,6557.6955165142435
3079,6558.3358915969311
3080,6560.6037781436107
3081,6562.5444834319724
3082,6563.7298557626746
3083,6567.1141826234489
3084,6567.4946741368558
3085,6568.0695343815642
3086,6569.7996633214243
3087,6572.6664533066523
3088,6574.7125314431178
3089,6575.8274332477631
3090,6577.4808201002998
3091,6579.009609072431
3092,6579.3511994395285
3093,6580.0405794781336
3094,6581.1851901140171
3095,6581.4039869086382
3096,6585.8017501955355
3097,6585.9958967761113
3098,6586.8294478482667
3099,6591.6446055817205
3100,6592.2632999884399
3101,6596.3071785327875
3102,6597.0502935571594
3103,6597.4154927360378
3104,6601.1100060331701
3105,6603.2970301451369
3106,6603.7929832351283
3107,6604.1068699180705
3108,6605.2874497513394
3109,6606.4005754621321
3110,6609.2920495938215
3111,6609.9600283300433
3112,6611.6298143492177
3113,6613.8256882953756
3114,6616.1510205104541
3115,6617.8045787274914
3116,6621.3363122710425
3117,6621.4729339193482
3118,6622.1612370863459
3119,6622.8006962733816
3120,6623.6201711085441
3121,6625.2510635116487
3122,6626.1368944055248
3123,6628.2552440420832
3124,6630.6576751861139
3125,6632.4605376872505
3126,6633.2231684567805
3127,6633.5619479066436
3128,6636.049942079113
3129,6638.1265000567219
3130,6640.5657141369857
3131,6642.7022140646986
3132,6644.9544238463322
3133,6645.572209078503
3134,6647.4597161101374
3135,6650.1430177015236
3136,6650.4530527747102
3137,6652.743267885945
3138,6652.943620156756
3139,6653.7648341969998
3140,6655.5977496958149
3141,6656.2268519265754
3142,6659.2547833940007
3143,6661.1944600448369
3144,6661.4472336521721
3145,6662.9085806008534
3146,6665.7600368796211
3147,6666.1770027225739
3148,6666.9531148285068
3149,6671.2172257472848
3150,6671.2583298295149
3151,6672.9915279563447
3152,6674.4952330717879
3153,6676.726020575943
3154,6677.3774513294939
3155,6678.4192160595703
3156,6680.2018722161738
3157,6680.898781851316
3158,6685.0211932504671
3159,6685.3863889963159
3160,6686.4691202754993
3161,6687.0596127679837
3162,6687.5870302453004
3163,6690.2560416659089
3164,6691.3595215713249
3165,6691.8024136332251
3166,6693.0815145603992
3167,6695.3198797974337
3168,6695.7286826301124
3169,6698.3182968121509
3170,6699.9070674991281
3171,6703.9932920613783
3172,6704.2000572212391
3173,6704.882298972323
3174,6707.2466120482122
3175,6709.3681738979358
3176,6709.8267845820419
3177,6712.0950166188677
3178,6713.4635305198235
3179,6714.1425553381268
3180,6714.4792690677341
3181,6716.9034988145095
3182,6719.6188605323241
3183,6721.7829736820886
3184,6722.7406380204957
3185,6723.6462401403505
3186,6724.4825655228296
3187,6727.0882822270905
3188,6728.6417645774909
3189,6730.132715097182
3190,6732.6247594447595
3191,6733.2107544685932
3192,6734.9046324423534
3193,6737.2909311285157
3194,6737.3310588767354
3195,6739.9886465145182
3196,6740.1692723708929
3197,6743.371390213154
3198,6744.2775986973747
3199,6746.7066469662168
3200,6747.4349521143149
3201,6751.3357602000815
3202,6751.9184387004252
3203,6753.3401120632161
3204,6753.8968534543919
3205,6753.9624700602317
3206,6754.9786960308356
3207,6758.1206767763597
3208,6760.6287079038148
3209,6763.3922551654596
3210,6764.1324818631238
3211,6765.2560693254491
3212,6765.4829724255032
3213,6765.9696289547264
3214,6769.3346044127538
3215,6771.1536853848729
3216,6771.2265658710221
3217,6773.9691771775369
3218,6774.1209343804157
3219,6777.3928272595031
3220,6777.5197179806764
3221,6779.621686813146
3222,6782.6945096110185
3223,6783.0839049929191
3224,6784.2621669304908
3225,6786.4170104481109
3226,6787.9535589661
3227,6788.6947804799938
3228,6791.0414821394643
3229,6791.5887327731616
3230,6792.7318331401393
3231,6795.3812084134706
3232,6797.5561990811448
3233,6799.1105529135812
3234,6799.6730414475296
3235,6800.2086709266059
3236,6800.5979240285787
3237,6803.2666469673759
3238,6804.4668115931354
3239,6806.5501999367807
3240,6807.4191783202759
3241,6809.1346950143416
3242,6811.6699736476467
3243,6814.7936060150778
3244,6815.9671178239914
3245,6816.8085182219784
3246,6818.5140416652612
3247,6821.8824267765058
3248,6822.3872876494406
3249,6822.6336117087321
3250,6823.3218699537629
3251,6827.0610625088784
3252,6829.2181296727704
3253,6830.0419058055795
3254,6830.5012927444413
3255,6831.7946412119227
3256,6832.4734350480321
3257,6833.109834485871
3258,6835.3802726455588
3259,6835.4065646172112
3260,6838.4483619680996
3261,6839.5471488918365
3262,6840.8656634958634
3263,6844.1366808517678
3264,6846.7203405780747
3265,6848.8351032294067
3266,6849.5069542615456
3267,6849.8027614056891
3268,6850.7609876385586
3269,6852.661332053246
3270,6853.7522452210633
3271,6855.3130104280262
3272,6856.5063405713809
3273,6857.7791436661219
3274,6860.5129019922124
3275,6861.0522850421776
3276,6862.5703561644805
3277,6863.6514685869897
3278,6865.2818807716549
3279,6867.297469183045
3280,6867.8087615768291
3281,6869.5786585661417
3282,6872.737305596942
3283,6873.4769332902933
3284,6874.2849596683245
3285,6874.8491211117844
3286,6878.0757092547237
3287,6881.2143463187285
3288,6882.9666981285654
3289,6883.6546580875502
3290,6885.8614015206267
3291,6886.1047871910532
3292,6886.6337975426213
3293,6888.788853353537
3294,6889.3798986572838
3295,6890.6795927665034
3296,6891.9256963409753
3297,6897.2720217008382
3298,6897.9625347092278
3299,6899.8468850196514
3300,6902.0564166363729
3301,6902.2758075992133
3302,6902.8765008463679
3303,6903.6248114683558
3304,6905.9571185698778
3305,6906.7970365246683
3306,6908.5751387115743
3307,6910.4258864251678
3308,6911.4415839716594
3309,6911.4901096738313
3310,6912.5596724304405
3311,6913.3088660467001
3312,6915.4365401559053
3313,6916.7164609475685
3314,6918.7186156245298
3315,6920.3070517231281
3316,6922.6671639366268
3317,6925.7906940788871
3318,6927.0443140603311
3319,6929.0425512736738
3320,6930.4335689039917
3321,6932.0900022241049
3322,6932.8608243752251
3323,6934.385706304688
3324,6934.564358185753
3325,6936.6102925179339
3326,6939.5131610150438
3327,6939.9189869080456
3328,6941.0136196876438
3329,6944.6838532060601
3330,6944.852989990618
3331,6946.0424724962177
3332,6947.2775466942485
3333,6949.2955345915507
3334,6952.9418743762235
3335,6953.0847147306285
3336,6953.5696799505431
3337,6955.1921301784259
3338,6955.4120050743395
3339,6956.8473609045423
3340,6958.00155217058
3341,6959.2499073154477
3342,6963.1373633215453
3343,6963.8621819544451
3344,6964.9611283704389
3345,6965.1929453256153
3346,6965.9267840231714
3347,6967.5297818428498
3348,6969.0906617994251
3349,6971.7533314798193
3350,6972.8949082000454
3351,6974.4067305632552
3352,6975.1149458676018
3353,6976.0848863621841
3354,6977.1629250385486
3355,6980.4973496907205
3356,6982.0328736964839
3357,6983.2824208697148
3358,6984.893781862882
3359,6988.4919061818136
3360,6989.1977623814364
3361,6989.6643287848619
3362,6990.5847052589124
3363,6991.4087624138956
3364,6991.8096323022246
3365,6994.7614360246034
3366,6997.6193077149273
3367,6998.2104689562148
3368,7002.079513833266
3369,7002.676973925044
3370,7004.7914294173561
3371,7004.8995142892909
3372,7008.5323508857982
3373,7009.0275926870454
3374,7009.8724829636503
3375,7011.9664942325744
3376,7013.3196569982902
3377,7013.5147797736508
3378,7015.4969588109798
3379,7015.7604714698937
3380,7017.5086080808751
3381,7019.0270259028721
3382,7021.4885061561172
3383,7021.961207989184
3384,7024.8421067391528
3385,7025.9596212798997
3386,7027.168191070311
3387,7028.896842045312
3388,7031.7111696705942
3389,7033.4636412000618
3390,7034.2421778571979
3391,7036.7603660557252
3392,7037.6547981800404
3393,7038.6529583777965
3394,7039.7088307304866
3395,7041.2248257426127
3396,7041.7785863770441
3397,7042.2517306078107
3398,7043.5963561615645
3399,7045.0793101944564
3400,7046.1636932801066
3401,7047.2445663753851
3402,7047.6470686953217
3403,7052.0922170413342
3404,7053.5656063760844
3405,7055.3339902168627
3406,7056.3760529675465
3407,7058.3147282426289
3408,7060.0739073938294
3409,7060.5618816432134
3410,7062.1364207491697
3411,7063.3983841573563
3412,7067.0723507850626
3413,7067.3686744045508
3414,7070.3908200065007
3415,7070.4620419368903
3416,7070.9255280015177
3417,7072.3683021493289
3418,7073.8002265538935
3419,7074.0998677924827
3420,7076.564240248822
3421,7077.4145439063523
3422,7079.9373819001412
3423,7080.4356713959278
3424,7082.3975019949812
3425,7083.9286592031794
3426,7085.1579665273075
3427,7086.3883668469234
3428,7087.7781895251464
3429,7089.3488977989382
3430,7089.7133894155377
3431,7093.3784041541385
3432,7094.2127831807511
3433,7096.0157755674227
3434,7098.0212327266681
3435,7098.8769702882892
3436,7099.8488683090191
3437,7103.1980424184803
3438,7104.4711760679229
3439,7104.5553648200221
3440,7106.4051236567766
3441,7106.7492831688996
3442,7108.8026552980855
3443,7111.1276632004528
3444,7111.4724944169566
3445,7113.9096171339997
3446,7114.3120913143412
3447,7117.0395860996068
3448,7117.3809497624006
3449,7119.3183028864514
3450,7121.6319801113914
3451,7123.0713683413987
3452,7123.4666832098819
3453,7124.1393765647172
3454,7126.2295809468151
3455,7126.9844935248684
3456,7128.0730499464235
3457,7129.6292747195266
3458,7132.4677898462842
3459,7134.6155847977943
3460,7135.1369654280697
3461,7137.0312684548198
3462,7138.671900578096
3463,7139.3964198483518
3464,7141.194133149339
3465,7142.016787681393
3466,7144.5702407491872
3467,7145.2156870681501
3468,7145.3455870625439
3469,7147.2297932752317
3470,7148.271257728913
3471,7148.4179026197971
3472,7150.7950301124938
3473,7152.3278419862145
3474,7152.7579484234038
3475,7157.129902065305
3476,7158.6728737462181
3477,7160.9848859230215
3478,7161.0259115461304
3479,7162.559837985782
3480,7164.3410387465328
3481,7165.198549957895
3482,7165.8519865947655
3483,7169.4727683318733
3484,7169.6553382795018
3485,7172.7906694540525
3486,7173.5965587415767
3487,7175.627584479108
3488,7177.0662890803978
3489,7178.7115674755551
3490,7180.0477595545026
3491,7181.4501412129212
3492,7181.9684962566262
3493,7183.5601678067278
3494,7184.2925311093131
3495,7184.4897576956291
3496,7184.9583538311545
3497,7185.5418855865601
3498,7189.3535732287746
3499,7190.9130105951481
3500,7191.9029991388197
3501,7192.7693573072938
3502,7194.2666054497977
3503,7194.7189205711338
3504,7197.0829846192537
3505,7198.8244717720199
3506,7199.7546126751795
3507,7202.5856337277328
3508,7202.8717903984098
3509,7203.378710677036
3510,7205.4337650357729
3511,7207.4246778973011
3512,7208.3340682404141
3513,7210.6444426623248
3514,7211.6838261174998
3515,7212.6807686810344
3516,7214.6085166861894
3517,7215.3828029595916
3518,7218.340720240104
3519,7220.9772374048907
3520,7221.334180516862
3521,7224.4789757399212
3522,7224.5035344663956
3523,7224.6885426649014
3524,7226.8697121235791
3525,7227.9364673062337
3526,7229.9756686657283
3527,7230.4350054537763
3528,7231.9962902586158
3529,7234.1479747124067
3530,7234.8381270933687
3531,7235.0328185691988
3532,7236.1344352931483
3533,7237.3197205946835
3534,7239.5170079371383
3535,7240.211258723446
3536,7241.3772517283369
3537,7243.2485347407101
3538,7245.3552247461648
3539,7246.6636796400344
3540,7249.0005341981532
3541,7250.5922666362585
3542,7251.9176623057765
3543,7252.4962983020732
3544,7255.2786354767186
3545,7256.3544612520809
3546,7256.7421277818885
3547,7258.4925280320394
3548,7258.8343833056979
3549,7261.8319615409409
3550,7262.0708490157549
3551,7265.7204379410059
3552,7265.7450010404455
3553,7268.1069429427798
3554,7268.6643774222603
3555,7268.7745666884366
3556,7270.9770638492128
3557,7272.2758718716923
3558,7274.2085280962065
3559,7275.6852968662779
3560,7276.669112109872
3561,7278.3416484699601
3562,7279.910219011068
3563,7281.7978517497704
3564,7283.6917121237893
3565,7285.1759990298106
3566,7286.8463059369515
3567,7287.0737457537598
3568,7290.3010443070634
3569,7291.3127900402569
3570,7293.0722610078601
3571,7293.4373194384807
3572,7295.1834225155071
3573,7296.4106698607457
3574,7299.9680767774753
3575,7300.1841175514064
3576,7300.773265494302
3577,7302.0111355505624
3578,7303.7239020359148
3579,7303.9664953969123
3580,7305.6148725997728
3581,7308.4725232976471
3582,7308.5673992544789
3583,7309.1669338087067
3584,7311.3545486466828
3585,7312.1302002065249
3586,7313.4026172828417
3587,7313.9534089073823
3588,7314.2980691672346
3589,7316.5336169232969
3590,7318.6812368327146
3591,7320.0543100369196
3592,7321.5307581347224
3593,7321.6088498519475
3594,7323.5193431523048
3595,7324.9614030618541
3596,7327.8347725113836
3597,7329.5715289117816
3598,7330.5428730384265
3599,7331.0333777381884
3600,7332.9067160394361
3601,7336.8653286090539
3602,7337.2023392637857
3603,7338.4697159442521
3604,7341.5604526464531
3605,7341.6485245416634
3606,7342.6821032793341
3607,7343.9207754865238
3608,7346.4916301107896
3609,7347.2795234555433
3610,7348.4528750718227
3611,7349.7590854801183
3612,7350.2434068513066
3613,7352.4907828276382
3614,7353.7967522672234
3615,7355.5162981802168
3616,7355.5764695415082
3617,7356.8504686791512
3618,7358.6508381318345
3619,7360.3139609102036
3620,7362.1164254982268
3621,7363.427804502111
3622,7365.7234121828988
3623,7366.2554710688582
3624,7369.0583482576221
3625,7369.9019415958628
3626,7370.8710654565621
3627,7372.502502108744
3628,7373.4677003603301
3629,7373.7380443075226
3630,7374.0784369050925
3631,7376.0212789699599
3632,7377.4121162472593
3633,7377.902156652196
3634,7379.390010054527
3635,7382.5199007063411
3636,7384.1570377848666
3637,7385.8228765045587
3638,7389.1300314821547
3639,7389.725831584421
3640,7390.1581646079121
3641,7391.27815407462
3642,7394.5166954012848
3643,7394.6885852915939
3644,7398.9405123408615
3645,7399.1449345771271
3646,7399.2738729398852
3647,7400.8501757888416
3648,7402.0566753080593
3649,7402.6340547670561
3650,7403.8706347476427
3651,7404.4981955348021
3652,7405.242163992767
3653,7407.3401517790908
3654,7408.0658193301078
3655,7410.241881369845
3656,7410.8098644112933
3657,7412.6192679309761
3658,7413.0342649042177
3659,7416.229352025196
3660,7416.9782068334589
3661,7418.2742430104681
3662,7418.7340166771583
3663,7419.9395494246837
3664,7420.5609978483208
3665,7422.7669044369286
3666,7424.08220468125
3667,7426.8324701763568
3668,7427.6117030484802
3669,7429.4656902933211
3670,7429.9236400468408
3671,7430.8043287727151
3672,7433.7394506148557
3673,7435.8683684693015
3674,7436.6174062247637
3675,7438.6779840200261
3676,7438.7816505329956
3677,7439.5399557274322
3678,7443.4841622934937
3679,7444.2610105771655
3680,7445.0578094177918
3681,7446.9314280630952
3682,7447.4921438622578
3683,7449.1261756187696
3684,7449.2905802075138
3685,7450.7071479113174
3686,7453.2316119815041
3687,7453.5111788088234
3688,7454.5286094011053
3689,7455.158740463221
3690,7456.1260803140212
3691,7457.4666837112445
3692,7457.9403293912856
3693,7461.9872921564947
3694,7463.3646278323231
3695,7465.0406718133599
3696,7466.8886157968891
3697,7467.2816593876014
3698,7469.8922622170803
3699,7471.2095173131147
3700,7471.7708594064552
3701,7474.5387326121954
3702,7475.5159257768291
3703,7475.6167397146555
3704,7478.521067318844
3705,7479.8294343646639
3706,7480.7174456026423
3707,7482.9744830702621
3708,7484.0399167231899
3709,7485.3108780926714
3710,7485.5066935698069
3711,7487.2203020604029
3712,7489.3927874177034
3713,7490.7837256944513
3714,7491.0331479056558
3715,7491.9608527777591
3716,7492.9794091225658
3717,7494.0507178858561
3718,7497.9748168294145
3719,7498.9639143045079
3720,7500.5370413531491
3721,7501.1058110118283
3722,7501.7884310634163
3723,7503.0191468652511
3724,7505.5141551830056
3725,7506.6120839200994
3726,7507.2259852928082
3727,7508.5388952790463
3728,7509.4296713310832
3729,7510.6714908061185
3730,7512.1966082204835
3731,7513.1067884556032
3732,7517.1760162795154
3733,7519.1652576160259
3734,7520.4670948015009
3735,7520.95670844505
3736,7522.0338304432335
3737,7522.0595914364176
3738,7523.7418218628472
3739,7526.5388036343184
3740,7527.5390156243866
3741,7528.2099653223504
3742,7528.3475777131953
3743,7529.7971818831975
3744,7530.6656244834503
3745,7533.3130820727283
3746,7536.5033336089764
3747,7537.1114553622956
3748,7538.1534227773218
3749,7538.8753771905949
3750,7539.1808319198826
3751,7542.6214687624797
3752,7544.0304130233253
3753,7544.7578315891478
3754,7545.1503180650016
3755,7545.9550438360493
3756,7548.3207117721367
3757,7548.700588894465
3758,7549.2560317838115
3759,7554.5580715602373
3760,7555.3703691120254
3761,7555.5651435954951
3762,7556.4593197139793
3763,7556.8826163535978
3764,7559.4332182673543
3765,7560.0056142755784
3766,7560.8215786824112
3767,7562.3995670015847
3768,7563.7846478451402
3769,7564.5388034275556
3770,7567.8089921848532
3771,7567.9643205960047
3772,7569.8653479795075
3773,7570.5055363377842
3774,7570.7389762813827
3775,7571.4804066921661
3776,7572.1166019760458
3777,7574.6193580376948
3778,7576.5472390373343
3779,7577.5992946644783
3780,7578.5595214402238
3781,7578.8128536296899
3782,7581.5830811333672
3783,7581.8120209867993
3784,7583.0821380594534
3785,7584.3956410168548
3786,7586.8641677924224
3787,7590.328837768976
3788,7590.7605728508843
3789,7591.186895558606
3790,7595.1402278357518
3791,7595.5908435651272
3792,7595.9265510767846
3793,7596.0360534940774
3794,7597.3935048828826
3795,7599.3438542132908
3796,7602.0341790364955
3797,7602.7235315885982
3798,7605.7468118225679
3799,7606.3721091022799
3800,7608.0297752609395
3801,7609.0671806030932
3802,7609.1746512789387
3803,7610.4069625408165
3804,7611.9096573991792
3805,7612.5174230835073
3806,7614.0199331586391
3807,7616.7407496246378
3808,7616.777795529897
3809,7617.7815562779933
3810,7619.4046763424221
3811,7622.2008547699406
3812,7622.301550093046
3813,7623.5764379604925
3814,7624.003510478251
3815,7625.8126053872857
3816,7626.8369115162704
3817,7628.6853737909796
3818,7631.9254300974262
3819,7633.1098417654539
3820,7633.55677568185
3821,7636.952030747073
3822,7638.0460323792413
3823,7641.2938490491397
3824,7642.3594535523207
3825,7643.5024919761308
3826,7644.1543352581984
3827,7644.9210319465083
3828,7645.8024584194609
3829,7647.0732039029126
3830,7648.463390292527
3831,7649.8034959791203
3832,7650.4253446400598
3833,7652.645892366435
3834,7653.439706903182
3835,7654.0929897850747
3836,7656.8614200701077
3837,7657.504230191711
3838,7657.5498162304621
3839,7658.869747762079
3840,7661.3589406588289
3841,7661.3814867044402
3842,7662.2134770489483
3843,7664.6222952224134
3844,7665.5291023464606
3845,7666.5387027622855
3846,7667.470199883086
3847,7669.4682685184662
3848,7670.4281674451768
3849,7670.7713433515592
3850,7672.5636095398368
3851,7673.523365154042
3852,7674.8903955128353
3853,7675.5513977584878
3854,7677.7325443612526
3855,7677.7907856343718
3856,7679.1201025541177
3857,7681.3991204863696
3858,7681.587267136817
3859,7682.7551486927032
3860,7683.7030263076622
3861,7684.8821114833972
3862,7686.4466231452552
3863,7689.0204671930442
3864,7690.7375754456989
3865,7692.0496084380129
3866,7693.5591495413109
3867,7694.457492504891
3868,7694.6078622299556
3869,7696.2408702726852
3870,7697.6977367181535
3871,7698.1901052326239
3872,7698.9766105945491
3873,7700.1082778025911
3874,7701.86777114496
3875,7702.6457397822487
3876,7704.6310744862685
3877,7706.113580172163
3878,7707.6572067243951
3879,7710.4654884943893
3880,7711.3752007787098
3881,7712.4240515826132
3882,7713.3545436553895
3883,7715.5527731354996
3884,7716.3598639824486
3885,7717.8588908745269
3886,7719.3444656501624
3887,7721.5148539279753
3888,7721.8567874578039
3889,7723.4410738551906
3890,7724.430794840755
3891,7725.2884459493634
3892,7728.4199218949525
3893,7730.1795903559414
3894,7730.9663342457716
3895,7732.3898724734709
3896,7733.4584056795011
3897,7734.5472958461096
3898,7734.7971690923978
3899,7737.437406418795
3900,7738.9016056999335
3901,7738.9972118470014
3902,7740.4901054942784
3903,7741.2088729402012
3904,7742.1502679189207
3905,7743.0064345738256
3906,7745.6089042909443
3907,7746.1364607318073
3908,7747.4276777859568
3909,7749.3087941021968
3910,7750.3578596305815
3911,7751.7290844660984
3912,7752.6221276007127
3913,7754.2895679632056
3914,7755.2212017519305
3915,7755.2352672987226
3916,7757.4086494947505
3917,7759.732909456513
3918,7761.3882160587882
3919,7761.3954583096256
3920,7763.413034220287
3921,7764.1130764603122
3922,7767.0169324317631
3923,7768.1599597423174
3924,7769.4324799713841
3925,7770.2188870649588
3926,7773.0592681257949
3927,7773.0790130036194
3928,7774.3410568013169
3929,7774.942572782259
3930,7777.1329838529136
3931,7777.6712476049488
3932,7779.1411685869234
3933,7780.3600086555462
3934,7781.7502111470703
3935,7782.2392741723697
3936,7785.6722219078865
3937,7785.9832552127336
3938,7787.3750602161617
3939,7788.6721746736894
3940,7789.246650141029
3941,7790.3486637754704
3942,7791.7289900610613
3943,7792.6449094061591
3944,7793.6203159664265
3945,7795.0983323022947
3946,7795.1882934914947
3947,7800.0279047390468
3948,7800.6023771187129
3949,7802.8204062474388
3950,7804.0963060519753
3951,7804.1897269433275
3952,7805.3668425783626
3953,7806.8258022510327
3954,7809.8635755432624
3955,7811.1389313650716
3956,7811.2630081739508
3957,7812.043261615001
3958,7813.4285759190452
3959,7814.8421538431367
3960,7814.958016381388
3961,7816.7848914396754
3962,7816.8053254129809
3963,7817.9926315740349
3964,7820.8474746168667
3965,7822.235840202884
3966,7823.9833431471743
3967,7824.31302737429
3968,7825.2444306083989
3969,7825.7434154108851
3970,7827.7650783766503
3971,7828.9424094563356
3972,7831.1938790368431
3973,7832.3898443129074
3974,7833.3754007230209
3975,7835.190280509054
3976,7836.3943553096697
3977,7837.1699354541215
3978,7839.5701331659357
3979,7840.8160407182068
3980,7841.1934218067054
3981,7842.2905247136841
3982,7843.9461806014633
3983,7846.1419562631136
3984,7847.7668575542548
3985,7847.9099872877887
3986,7850.6044899134477
3987,7851.2655356874011
3988,7852.0961903664656
3989,7853.005360182322
3990,7853.75585893262
3991,7856.5981529880964
3992,7857.2068394546568
3993,7858.4616243409637
3994,7858.676971000421
3995,7860.5658081568054
3996,7860.8168073127536
3997,7861.4433344341551
3998,7862.337425945464
3999,7863.3694572280601
4000,7864.4720196080998
4001,7865.8144847765479
4002,7866.9672957580997
4003,7867.5901391459247
4004,7870.1234488251985
4005,7870.3979868011211
4006,7873.9818471686976
4007,7875.1770611850725
4008,7875.7255201421012
4009,7876.1249326797088
4010,7877.2264100719776
4011,7879.4005089909051
4012,7881.4853078459037
4013,7883.1684288056904
4014,7883.4030539210298
4015,7883.9838766130897
4016,7886.4532190080963
4017,7889.0828171338135
4018,7890.3919976449451
4019,7891.1311890954248
4020,7891.1864721804641
4021,7893.6761171566723
4022,7893.8719253725903
4023,7894.1355665986666
4024,7895.9541143157812
4025,7898.597672857888
4026,7899.1567576110419
4027,7899.7597360543759
4028,7901.9170189686793
4029,7902.530152762517
4030,7903.3991704327354
4031,7904.6707614996121
4032,7907.1419010574009
4033,7907.9455327104361
4034,7908.5120348160372
4035,7908.614329508061
4036,7909.8946426364637
4037,7911.6699754175861
4038,7912.942004876486
4039,7913.7806677955878
4040,7913.8990118674865
4041,7914.1877848573831
4042,7917.1450397211347
4043,7919.001425195248
4044,7921.2097261235012
4045,7922.1615632606663
4046,7924.5588909242979
4047,7925.7787008030091
4048,7926.1948094362615
4049,7928.3046696884549
4050,7928.7483818659721
4051,7929.7296656224162
4052,7931.7188534627521
4053,7932.0182217389456
4054,7933.4393479199844
4055,7933.8939719616274
4056,7934.4668605530942
4057,7937.8960924019739
4058,7939.2194769792586
4059,7939.8982989921124
4060,7940.4688373306244
4061,7941.993740444329
4062,7942.1661702219681
4063,7943.8657470349481
4064,7945.2099213314677
4065,7946.7981480572525
4066,7947.2232045164101
4067,7947.368863292003
4068,7950.2736721174324
4069,7951.3215243688528
4070,7951.8726848545803
4071,7953.8898794067318
4072,7956.3661314676137
4073,7958.6626371621296
4074,7959.5029660518885
4075,7962.2514032658282
4076,7963.5910346791634
4077,7965.3440044557174
4078,7965.770805660517
4079,7966.9816663464026
4080,7968.2383815694138
4081,7968.792162599686
4082,7970.366588141701
4083,7971.9850034801011
4084,7973.173840808764
4085,7974.37594596291
4086,7974.6218655278226
4087,7975.1106755949459
4088,7977.4162885461055
4089,7978.6971656586848
4090,7979.9883757710541
4091,7980.6971213793113
4092,7981.515572478138
4093,7982.5697649532722
4094,7983.0540786653428
4095,7985.3492186968388
4096,7986.146563944536
4097,7986.6834714461338
4098,7988.1324967187911
4099,7990.2095243443018
4100,7990.2346607522304
4101,7991.345930420739
4102,7991.8354308679363
4103,7995.0163714684968
4104,7995.6045384903609
4105,7996.01289393755
4106,7998.2495757562319
4107,7999.7853407952953
4108,8000.5446386619469
4109,8002.9034204817017
4110,8004.5624257832305
4111,8005.073270961876
4112,8005.9899699708249
4113,8006.7735824765996
4114,8007.7368139746095
4115,8009.0456191732455
4116,8010.1953221096883
4117,8010.5212091643007
4118,8011.858284233861
4119,8012.8751055415933
4120,8015.3835466572073
4121,8017.0666714824711
4122,8017.8093429838555
4123,8017.986423791448
4124,8018.6664571462443
4125,8020.7987006426492
4126,8022.3640877064508
4127,8023.4582327837406
4128,8024.4504725037059
4129,8026.4079756780447
4130,8028.241553482062
4131,8028.4410572528868
4132,8029.1556938310368
4133,8029.9936057879631
4134,8031.7981433446485
4135,8032.0148379474485
4136,8035.100615301063
4137,8036.189783145267
4138,8036.4943621355078
4139,8037.6102026851977
4140,8039.0085536934057
4141,8040.7636050452938
4142,8041.7882655134172
4143,8042.1012332496894
4144,8043.8873998315748
4145,8044.0820531941326
4146,8045.2505417948396
4147,8045.9890875684141
4148,8046.5908734630802
4149,8049.0800135291365
4150,8049.3399233838518
4151,8050.5659527170974
4152,8051.216996294841
4153,8052.4062926783918
4154,8053.2562406637117
4155,8054.6473763027625
4156,8056.0221493292183
4157,8059.5315174748548
4158,8060.4536182775119
4159,8061.763116199435
4160,8062.7080274517612
4161,8063.9686867060318
4162,8066.2966027363063
4163,8067.1894186492
4164,8069.2370697218657
4165,8070.2780801863755
4166,8072.2766694445436
4167,8073.09475177065
4168,8073.2198327696215
4169,8073.9683998954297
4170,8075.6960949198083
4171,8076.9135210687746
4172,8076.9745707351331
4173,8080.1194057496759
4174,8080.4143052964791
4175,8080.5312953409193
4176,8081.0631955925883
4177,8081.2360710599614
4178,8084.9000507911078
4179,8085.1954877350945
4180,8087.2455740950099
4181,8087.8383285127256
4182,8089.3822053088115
4183,8089.695025142345
4184,8089.98972388334
4185,8092.0646297013272
4186,8093.9982383301631
4187,8094.9826393290095
4188,8095.6764915774684
4189,8097.5941865208415
4190,8099.09581172664
4191,8100.2087891798919
4192,8102.9253268187949
4193,8103.7994836130802
4194,8104.7571526507772
4195,8105.997531752535
4196,8106.2173255154612
4197,8107.4389277917307
4198,8107.9274755749648
4199,8109.6202220416153
4200,8110.7981568364748
4201,8112.4075209192824
4202,8114.6400959475295
4203,8115.6312568439798
4204,8116.1713998446585
4205,8117.7543911613247
4206,8117.9088990327291
4207,8121.3338030391933
4208,8121.3509219808766
4209,8122.5972853219064
4210,8124.3549972691408
4211,8125.0134219398233
4212,8125.0513862296257
4213,8127.2256208318649
4214,8127.7263862117134
4215,8128.4126898040877
4216,8130.8519513041138
4217,8132.2093761209162
4218,8133.2900145645508
4219,8133.7939006185443
4220,8135.2486324647753
4221,8135.60141342114
4222,8136.3015678848924
4223,8136.797813670285
4224,8138.8184862158596
4225,8141.766347016277
4226,8143.4510180951056
4227,8144.2030972106186
4228,8144.3838077523842
4229,8145.1014642808104
4230,8145.1559908228555
4231,8147.6738305831523
4232,8147.7607044317101
4233,8148.1187532931481
4234,8152.0173148680697
4235,8152.2383283332138
4236,8152.8258037596879
4237,8153.9916851212965
4238,8154.338600340313
4239,8158.7502963071402
4240,8159.7416566129004
4241,8159.7965644613541
4242,8160.5898989952775
4243,8160.6208810969183
4244,8163.0749708613803
4245,8163.799789661618
4246,8165.7356938323019
4247,8166.8918676554013
4248,8166.9860928354001
4249,8169.818085945989
4250,8170.0365069723221
4251,8171.4340678136914
4252,8172.6140615477716
4253,8174.9936006752614
4254,8176.2355162256945
4255,8177.2358185140602
4256,8178.9858135548657
4257,8179.5445939596502
4258,8179.5660834928312
4259,8180.942396033839
4260,8180.9524521442936
4261,8182.7575530658023
4262,8183.2340084705247
4263,8183.3174071339208
4264,8185.8144675031235
4265,8187.9850723267282
4266,8188.7858141812221
4267,8190.6141820060466
4268,8192.1655725290348
4269,8192.6848460036817
4270,8193.3894693353923
4271,8194.9795703274576
4272,8196.8917243746382
4273,8197.4565889408404
4274,8198.1870160961007
4275,8200.8219044906764
4276,8201.2979704631089
4277,8202.7967774163335
4278,8203.7645553548373
4279,8205.346191218583
4280,8205.9241573003801
4281,8206.6577149138648
4282,8207.8981332578223
4283,8209.4455410324026
4284,8209.703454348637
4285,8211.3516480740964
4286,8214.2879522112235
4287,8214.7503253190553
4288,8216.0276308399934
4289,8216.7930019728356
4290,8218.8936977205485
4291,8220.3000715457238
4292,8220.5455437416931
4293,8220.7335002610944
4294,8221.2782588747905
4295,8222.2225935429124
4296,8223.9610147201438
4297,8224.606318884933
4298,8226.3658570959051
4299,8227.7714507892942
4300,8229.4407744934506
4301,8229.4628676983666
4302,8231.0450328794759
4303,8232.4268312916138
4304,8234.8467324956637
4305,8236.0616185560048
4306,8236.43713941237
4307,8237.2522832788109
4308,8240.2061811210588
4309,8240.6456992013736
4310,8240.6479641235928
4311,8242.5842146714058
4312,8243.6395820605812
4313,8244.3642951862385
4314,8245.260857810119
4315,8246.112770359121
4316,8247.2522560648576
4317,8248.8027037859501
4318,8250.00155922661
4319,8250.5500889863997
4320,8250.8172094671991
4321,8251.2451246794772
4322,8252.8475453705487
4323,8254.8232250680394
4324,8255.9828067026392
4325,8256.6404679871939
4326,8257.5324937236655
4327,8257.7892810641024
4328,8259.0395837197902
4329,8261.9069722453805
4330,8263.3065996948135
4331,8264.0983920090202
4332,8265.4674979631927
4333,8265.7552927097913
4334,8265.8174042536411
4335,8267.1948729965134
4336,8269.3105992849014
4337,8271.1497166566896
4338,8272.9996971137225
4339,8273.7202037440929
4340,8274.9048251439508
4341,8277.3871045511642
4342,8277.9056403913346
4343,8279.8181255688705
4344,8280.9844594624592
4345,8281.9110772663589
4346,8283.1363578582514
4347,8283.2060341658853
4348,8285.0891282268494
4349,8285.4758643178175
4350,8285.5508223494453
4351,8285.8735796563924
4352,8288.8579573909883
4353,8289.3489124560801
4354,8289.7852733644449
4355,8290.8698244811621
4356,8291.1116358209201
4357,8292.2864170743978
4358,8293.7154900065052
4359,8295.9517151368127
4360,8298.6779776512431
4361,8299.3068540819895
4362,8300.7064330676985
4363,8301.7945608927657
4364,8303.6033123986872
4365,8303.8247410746189
4366,8305.071499667396
4367,8306.4050487289787
4368,8307.3551624122047
4369,8307.815034151743
4370,8309.4559320750286
4371,8312.8790153701884
4372,8313.6000829537315
4373,8314.2577092390311
4374,8315.184436855061
4375,8315.2221614400751
4376,8315.593275354282
4377,8315.6627271357083
4378,8316.7759476611554
4379,8317.7242819842231
4380,8319.1780943966187
4381,8321.6486316883365
4382,8322.3212315407091
4383,8323.3952854806448
4384,8323.5497764250977
4385,8326.6061447239081
4386,8326.7801056953322
4387,8328.4783951779827
4388,8329.5378899629031
4389,8331.4058528011356
4390,8331.4962127069393
4391,8332.1275541133127
4392,8334.3745003404601
4393,8334.8509555302007
4394,8336.1667439855864
4395,8337.1990266880093
4396,8338.2749270114618
4397,8338.5495299976465
4398,8339.4312638059164
4399,8341.4773677084413
4400,8342.1353052265094
4401,8342.5492390946092
4402,8342.8800772548166
4403,8344.2101958063467
4404,8345.749341641842
4405,8346.1141101161138
4406,8346.2374120422501
4407,8348.5949008837833
4408,8349.6137226482406
4409,8350.1103346952259
4410,8352.5563346087984
4411,8353.619869520704
4412,8354.1736818074678
4413,8354.6709625789917
4414,8356.9937725284453
4415,8358.1465469378472
4416,8358.1586121580112
4417,8361.3667579392022
4418,8362.8675500297104
4419,8364.0597243809952
4420,8365.2046886006992
4421,8365.8530255532696
4422,8367.7689667111299
4423,8368.3393519512665
4424,8368.8552761383853
4425,8369.4813415207609
4426,8370.3773914846461
4427,8372.2558372918138
4428,8373.2399574925603
4429,8374.1751824535695
4430,8375.2656700074149
4431,8375.8783925443204
4432,8378.3337733429016
4433,8379.2201897986743
4434,8379.4834992059004
4435,8379.9706144091087
4436,8381.316258613946
4437,8383.409320748473
4438,8384.5360640818926
4439,8386.4464762518764
4440,8386.8786487180405
4441,8387.763814793183
4442,8388.5938387435835
4443,8389.0957296040706
4444,8389.5571425681283
4445,8390.6829994456366
4446,8393.4707620406825
4447,8393.5472503838209
4448,8397.4414843497852
4449,8398.4840870343814
4450,8399.4418402386127
4451,8401.0909240894052
4452,8401.1379603161058
4453,8403.4599368950931
4454,8405.4247550410255
4455,8405.4563433994117
4456,8406.4992209238462
4457,8407.1505421729998
4458,8408.9543294904015
4459,8410.2438586442386
4460,8411.0575387218287
4461,8412.7898501960462
4462,8413.5300243662459
4463,8414.0839109219323
4464,8415.4970408806239
4465,8417.608589622394
4466,8418.3035797537086
4467,8419.7900896519495
4468,8420.6108850821111
4469,8420.7305640368813
4470,8421.7497087748379
4471,8422.6408606803088
4472,8423.3125034083587
4473,8424.8688900372163
4474,8425.4166703976371
4475,8426.3346566254313
4476,8426.3575151729001
4477,8427.4669867366356
4478,8428.1163801696584
4479,8428.8259722832681
4480,8430.7277105236117
4481,8431.4692150668907
4482,8432.2308353556982
4483,8434.1010013450432
4484,8434.3244231254503
4485,8435.2343485180081
4486,8435.4794275995682
4487,8437.2865590138244
4488,8438.0316429347495
4489,8439.2161225633336
4490,8439.3087231751415
4491,8440.0790985331932
4492,8440.8470935261139
4493,8442.2709076244628
4494,8442.3771975291056
4495,8442.6454322707959
4496,8445.663922308413
4497,8446.0090670926875
4498,8446.4214336494188
4499,8446.8706436388038
4500,8449.4727246309412
4501,8450.5615865574473
4502,8453.1511898925928
4503,8454.2790781339936
4504,8454.3380606087867
4505,8457.4836862292432
4506,8458.0293888014803
4507,8458.6003139313761
4508,8460.8335645550869
4509,8461.9107345578705
4510,8463.7508685525008
4511,8464.8366046736337
4512,8465.472016890144
4513,8467.0034349326961
4514,8467.454500425898
4515,8468.5870863004311
4516,8470.5254587216805
4517,8470.5724079793708
4518,8473.8598639841184
4519,8474.127110095671
4520,8474.1823324949055
4521,8475.9337866539463
4522,8476.3168760385252
4523,8477.5878354521028
4524,8478.9957333454513
4525,8479.0221291156031
4526,8481.6023327757266
4527,8481.6117857227673
4528,8483.1030850367406
4529,8483.1509952225715
4530,8483.9242941359516
4531,8484.6057832504248
4532,8485.9926018892129
4533,8487.6068767504967
4534,8488.5563006653083
4535,8488.5660521884547
4536,8490.3769142454057
4537,8491.2796895467782
4538,8492.4706350068464
4539,8493.1845386392506
4540,8494.5081308080353
4541,8495.6929174583565
4542,8498.1855809977151
4543,8499.7971318103646
4544,8500.751631853429
4545,8501.3323132390597
4546,8501.4725176499796
4547,8501.852798241187
4548,8502.6967207307698
4549,8503.8510863018946
4550,8506.4046360492739
4551,8506.9883393978816
4552,8507.309363870183
4553,8508.730480420616
4554,8508.9206573680167
4555,8509.2010201861503
4556,8510.1115179884855
4557,8512.5187607506687
4558,8513.2507350351771
4559,8513.7672181099642
4560,8514.8087892609183
4561,8517.758818532835
4562,8518.0536592199314
4563,8518.1407139406147
4564,8518.9642350853355
4565,8520.8799743194922
4566,8521.7629822838735
4567,8522.5251512934956
4568,8523.3611466808761
4569,8525.0360849520093
4570,8527.8475456606575
4571,8528.4006281780512
4572,8529.5963349213471
4573,8530.1438999865168
4574,8530.9562538759237
4575,8531.6957002680883
4576,8532.0468159039447
4577,8533.5550543708196
4578,8534.1420534713125
4579,8536.3073996507701
4580,8536.4224328007112
4581,8538.6711063114235
4582,8539.8604747813715
4583,8541.4941143929482
4584,8541.9863583860824
4585,8542.4438148001118
4586,8542.6281772107286
4587,8543.3447541309306
4588,8544.7582618833512
4589,8545.2250656136221
4590,8546.6230669640336
4591,8550.1678042393505
4592,8551.4897468284307
4593,8552.2672343581635
4594,8553.0152806064198
4595,8554.301777419636
4596,8554.6421812635126
4597,8555.2071905001085
4598,8557.1148040753196
4599,8557.6362853006467
4600,8558.8263703434477
4601,8560.5279519817977
4602,8562.2938385657417
4603,8562.6369829301948
4604,8565.0238951846641
4605,8565.2595718919456
4606,8565.8333060529076
4607,8566.7218041850556
4608,8566.8883807852708
4609,8567.7281383670543
4610,8569.2068146292386
4611,8570.50791475798
4612,8571.398737845886
4613,8571.900213112016
4614,8573.5777289874277
4615,8574.9261800934019
4616,8575.1929094324914
4617,8577.0843531978826
4618,8578.5435685482607
4619,8581.1133146283591
4620,8581.3650715359599
4621,8581.8805720275923
4622,8583.7752517326608
4623,8584.4473899661662
4624,8585.642319512468
4625,8586.575170293665
4626,8588.2021275752104
4627,8589.1240804896734
4628,8590.3904636131647
4629,8591.6310613013393
4630,8591.8207785485574
4631,8592.5268930593047
4632,8593.3698568688123
4633,8594.5723040812318
4634,8595.9212502241171
4635,8596.0316482593007
4636,8596.4959127483871
4637,8597.3586186081429
4638,8597.7994094185815
4639,8598.144514967511
4640,8599.0057768502593
4641,8599.0936547117435
4642,8600.4174903016828
4643,8600.8662214288343
4644,8602.1255609527088
4645,8603.5845099182789
4646,8603.8965623899821
4647,8604.240840281127
4648,8605.2113462629659
4649,8606.1498948148837
4650,8606.8281411554435
4651,8607.097048346739
4652,8609.3885815736539
4653,8610.269318522207
4654,8611.8143479336977
4655,8613.3016443385441
4656,8614.5969780786181
4657,8616.3485859868779
4658,8617.7446436601767
4659,8618.0868318700632
4660,8618.7051477450386
4661,8619.6823884208698
4662,8620.8944685841871
4663,8621.6977249103184
4664,8623.2663544169227
4665,8623.5744325719261
4666,8624.5801692571422
4667,8625.3990776203336
4668,8626.8734587076051
4669,8627.9216625266199
4670,8628.1638427358575
4671,8628.7465625188925
4672,8630.6982034097346
4673,8631.7588526704676
4674,8634.3714176381727
4675,8635.1424464683259
4676,8636.0499084999028
4677,8636.8076182598124
4678,8638.6346550096732
4679,8639.9087762036688
4680,8640.3160056858851
4681,8640.6818078078468
4682,8640.9066534396588
4683,8643.4073603900815
4684,8644.436394037788
4685,8645.4083335885698
4686,8646.1963897218302
4687,8646.7125667981272
4688,8648.2006504124329
4689,8648.4209520985023
4690,8650.8166270453821
4691,8652.3457149126916
4692,8652.6963534999431
4693,8654.4007154427345
4694,8655.2778870594393
4695,8657.1236132909944
4696,8657.7268732109696
4697,8658.6601931804362
4698,8659.697706568506
4699,8660.4587557870764
4700,8662.3891896019159
4701,8663.000525164809
4702,8663.6667990538353
4703,8664.5558240826558
4704,8664.9155149065409
4705,8666.2390016879162
4706,8668.1462187883353
4707,8668.8327191408698
4708,8671.7832151481234
4709,8672.226050215877
4710,8673.4309608746444
4711,8673.8903602255323
4712,8674.5366590293725
4713,8675.6648177296174
4714,8676.7254903705489
4715,8677.7911237558274
4716,8679.2030346104711
4717,8679.7485363548076
4718,8679.8290175550883
4719,8680.360960152062
4720,8682.2815854749988
4721,8683.0311180845656
4722,8683.650627909281
4723,8683.6858520650512
4724,8684.4956391164469
4725,8686.0252232281255
4726,8687.0617260641684
4727,8688.0931348745435
4728,8688.720830604223
4729,8689.0026476030744
4730,8689.5334371431145
4731,8692.2646396038908
4732,8693.9155133205622
4733,8694.2266906024761
4734,8695.083113427756
4735,8695.6100283122669
4736,8696.4308305584236
4737,8696.8681832051461
4738,8698.7656350849447
4739,8699.704168074506
4740,8700.274031911069
4741,8701.1531023447551
4742,8701.5271315587361
4743,8703.6311923804496
4744,8703.7918350403761
4745,8705.9354973261816
4746,8705.9936509113923
4747,8706.3715766855676
4748,8706.6037960075901
4749,8707.8327201269567
4750,8708.4440003738673
4751,8709.6102346017615
4752,8710.9496445437399
4753,8711.3408518499291
4754,8712.6177285149133
4755,8713.0138580143157
4756,8714.8563943480622
4757,8715.244466274411
4758,8715.6198027012633
4759,8716.7253158179083
4760,8718.6158001642161
4761,8719.0591977480381
4762,8721.1064135529996
4763,8721.7465490143222
4764,8723.0005546534339
4765,8723.4619222019064
4766,8725.1268922112613
4767,8725.2289865216462
4768,8725.8452182643887
4769,8726.9141144018213
4770,8729.1141124570586
4771,8729.7451169652668
4772,8730.9157416054277
4773,8732.40504520787
4774,8733.4624200934104
4775,8735.1008765728402
4776,8736.0040634179295
4777,8736.8794514098972
4778,8738.2177489852675
4779,8738.5619876310775
4780,8739.4393627222416
4781,8741.4427809646095
4782,8742.3287247161006
4783,8742.5530540801246
4784,8742.8199607053957
4785,8743.4421039169938
4786,8744.837453199214
4787,8745.8941011168718
4788,8747.0825561743713
4789,8747.845784514695
4790,8749.9224804584119
4791,8750.6238593652706
4792,8752.5612109144458
4793,8752.9151681639814
4794,8753.8919604486873
4795,8754.3521676228338
4796,8754.560159929064
4797,8756.1272016454641
4798,8756.553901243029
4799,8757.4706078104118
4800,8759.1289019917403
4801,8759.7566352228769
4802,8760.2921158288518
4803,8760.3956404353685
4804,8762.2069591267773
4805,8763.2778863229196
4806,8763.4605101163379
4807,8764.1346740808913
4808,8765.1995412897613
4809,8766.5129548104196
4810,8767.5951162626316
4811,8768.1243138763966
4812,8769.5843862293514
4813,8770.0154501467223
4814,8772.0776125773773
4815,8772.9008772581547
4816,8773.1129556985106
4817,8773.4267449459203
4818,8773.9881281529033
4819,8775.158369232995
4820,8776.7437347314499
4821,8778.7879470300468
4822,8778.8117447041313
4823,8779.4181645794797
4824,8779.8950028361705
4825,8780.4053399223558
4826,8780.9716343272976
4827,8783.2871728085593
4828,8784.0517785242337
4829,8784.9108315637204
4830,8785.257893697195
4831,8787.6216359356386
4832,8787.6261156964738
4833,8788.2842932478798
4834,8790.1021157256746
4835,8790.5546554163939
4836,8790.8908919518253
4837,8792.0357988710894
4838,8795.1184263449595
4839,8795.6840079263238
4840,8796.3781739590195
4841,8797.360647247915
4842,8798.2914866584179
4843,8798.8171155145101
4844,8799.3919750965761
4845,8800.6920624359609
4846,8802.3729213132883
4847,8802.8264936318319
4848,8802.9780352854286
4849,8804.4494750560898
4850,8804.7127759717841
4851,8805.2431969818408
4852,8806.1306612329245
4853,8806.9688650359512
4854,8808.6149646230151
4855,8810.1489560517657
4856,8811.6586284284076
4857,8812.5427097357515
4858,8812.9778015833708
4859,8814.1089628781101
4860,8815.1799432552543
4861,8815.4840467117374
4862,8817.1406293884756
4863,8817.4893847378917
4864,8818.6285926963465
4865,8819.5984525874392
4866,8820.7126228389898
4867,8821.3356012928325
4868,8821.5686098612478
4869,8823.6215166342226
4870,8825.2804866710831
4871,8825.8870099117848
4872,8825.9425555066555
4873,8826.5454642879431
4874,8826.6802612629035
4875,8828.8313447908113
4876,8829.2068850256965
4877,8831.2902575293847
4878,8832.2505900836259
4879,8832.971605025481
4880,8833.1640735263609
4881,8834.3217355806519
4882,8834.6543003481092
4883,8836.3555050171908
4884,8836.5970796361398
4885,8836.8336929980596
4886,8838.4176057028762
4887,8840.0660496752262
4888,8840.6570169187871
4889,8842.198866453944
4890,8843.0864186719482
4891,8843.6306492908134
4892,8846.4696640439633
4893,8847.9396601848621
4894,8848.489024729437
4895,8849.3084684760579
4896,8849.4817434206507
4897,8851.3645588924755
4898,8852.8024321624343
4899,8853.4524897382325
4900,8853.4864794417372
4901,8854.3896273306636
4902,8854.7387063840251
4903,8854.7879606525075
4904,8855.6141916162305
4905,8855.9115069397776
4906,8856.5356826561074
4907,8858.1275438536322
4908,8859.6480437699101
4909,8860.9452221435695
4910,8861.2618720565042
4911,8861.7716566602448
4912,8862.2130287187883
4913,8864.2759097735852
4914,8864.66705558387
4915,8865.8629526419427
4916,8866.379191549524
4917,8867.0261474116724
4918,8868.0583255750189
4919,8868.522440602168
4920,8868.7384741681963
4921,8870.5701089426566
4922,8871.0237893379563
4923,8871.2117528783456
4924,8873.0403358935437
4925,8873.2227239446675
4926,8875.1927358612447
4927,8875.8194202700834
4928,8876.3379246022851
4929,8877.4351150382026
4930,8877.6961340636299
4931,8878.2407262323122
4932,8880.2860143903417
4933,8880.8308502569762
4934,8881.6558152660073
4935,8882.5362352610882
4936,8882.8512540277661
4937,8883.7483143343634
4938,8884.7427120878274
4939,8886.6275646213871
4940,8887.6914112001905
4941,8888.0043101997944
4942,8888.1443594911871
4943,8889.5101245457936
4944,8890.2905730465773
4945,8890.335447549829
4946,8892.3844725001236
4947,8894.2643280659177
4948,8895.8547149986607
4949,8897.2303168401122
4950,8897.7492124966029
4951,8898.0474397232774
4952,8899.0321236812542
4953,8899.2748296649697
4954,8899.6953084142442
4955,8900.7090691478497
4956,8901.3850827338174
4957,8902.175863530163
4958,8902.8469623151814
4959,8904.0916016991214
4960,8905.0897839869976
4961,8906.7005318741903
4962,8907.432655159635
4963,8908.2434712090417
4964,8908.7712986779861
4965,8909.9605021317238
4966,8911.1560710141384
4967,8911.6512787812662
4968,8913.0304706989191
4969,8914.1048617133165
4970,8915.5412871488661
4971,8915.6561186439903
4972,8916.5502387144243
4973,8917.7171012920717
4974,8918.5516757103014
4975,8919.1134661474098
4976,8919.253686347125
4977,8920.8504138334647
4978,8921.4402719174905
4979,8921.4520681841532
4980,8922.140422657556
4981,8922.9584489004337
4982,8925.1686234089248
4983,8925.4092267292581
4984,8926.4092777735841
4985,8929.1855798435154
4986,8929.8805922038937
4987,8929.9279566685545
4988,8930.9772356676312
4989,8931.8468898609317
4990,8932.0882764949019
4991,8933.3584452383511
4992,8934.7911866353243
4993,8935.9187527399881
4994,8936.5698112346836
4995,8937.4533941971167
4996,8937.9089925137796
4997,8938.1053400427372
4998,8938.4833392135261
4999,8939.7780269785453
5000,8941.0586427405469
5001,8941.3462893071319
5002,8942.7858323636792
5003,8943.6323366032702
5004,8944.1555770314499
5005,8945.5126610115349
5006,8946.4202577169253
5007,8946.7401157567838
5008,8947.4337739662478
5009,8947.4518599240328
5010,8948.7664293230591
5011,8949.7777172248771
5012,8951.2028934669579
5013,8951.5048834080553
5014,8952.7659861163047
5015,8953.5576854865576
5016,8954.0148765446284
5017,8954.2757944268742
5018,8955.7187715916771
5019,8956.0680132049929
5020,8957.6493999322374
5021,8958.1607686153402
5022,8958.8361699871748
5023,8959.90925141343
5024,8960.4942451254483
5025,8962.9914106943634
5026,8963.3032295896282
5027,8963.8604329176887
5028,8964.4575519103964
5029,8964.6849017070599
5030,8965.670979760991
5031,8966.2794816275909
5032,8967.9863139260615
5033,8968.8582031413789
5034,8969.3738205410791
5035,8969.951690397229
5036,8971.9314316099262
5037,8972.1791439626522
5038,8972.4613778016756
5039,8972.9052148920309
5040,8973.125027323209
5041,8974.959246543016
5042,8974.961965975941
5043,8975.5306293372068
5044,8977.2745669898013
5045,8977.2935003295861
5046,8977.6621148703907
5047,8980.7495689168773
5048,8980.9951068569153
5049,8982.0528637381194
5050,8982.7355698028568
5051,8984.2243388049119
5052,8985.2454294575709
5053,8985.4935833623549
5054,8986.5334982452805
5055,8986.8768689266453
5056,8988.1207710527106
5057,8988.5683444482875
5058,8988.6542911352844
5059,8989.3571552679005
5060,8991.3187778570245
5061,8991.6924393582685
5062,8992.4061431452592
5063,8994.0741805723283
5064,8994.6576197258837
5065,8995.2720056948201
5066,8996.2076735250812
5067,8996.6931351414478
5068,8998.392992462972
5069,8998.6845734330145
5070,8998.9851249235726
5071,8999.2186394556538
5072,9000.3085066897092
5073,9001.742758809396
5074,9001.8458454255724
5075,9002.8386853472839
5076,9003.3970515069886
5077,9003.695615179864
5078,9004.4980803485341
5079,9005.3695226456093
5080,9006.2173815379247
5081,9006.4639234324295
5082,9007.5278150975846
5083,9008.3462641474944
5084,9009.5708044535186
5085,9010.2594555246196
5086,9010.5173426667643
5087,9010.9034486490746
5088,9011.6347048059233
5089,9012.4837008692703
5090,9013.5058943467429
5091,9014.2235219173745
5092,9014.9871965743514
5093,9015.7920200029112
5094,9016.3796401847212
5095,9016.8276584785235
5096,9018.9786905563069
5097,9019.403107679911
5098,9021.123717128241
5099,9022.5273947748265
5100,9023.5556258909437
5101,9023.9553885667283
5102,9024.7679624509838
5103,9024.8445956765518
5104,9026.2072618746333
5105,9027.8373759099541
5106,9028.1652601462192
5107,9029.0951330117441
5108,9029.8153698169262
5109,9030.6432004657236
5110,9031.8795654869409
5111,9032.3750707722684
5112,9033.1398779595493
5113,9033.1742341133013
5114,9034.3977232396464
5115,9036.3174652292691
5116,9036.8408581751301
5117,9037.0109921211588
5118,9037.8548334759344
5119,9038.1826870609402
5120,9039.4445276332117
5121,9040.9945753016236
5122,9041.4164850560537
5123,9042.1559629421026
5124,9042.90539407291
5125,9043.6505341940228
5126,9044.7299403891611
5127,9045.5467176823167
5128,9045.6383683305176
5129,9046.6572456939648
5130,9047.592954529895
5131,9048.6150670127518
5132,9049.3759687440452
5133,9049.4280808104395
5134,9049.6205826039622
5135,9050.2655114680201
5136,9051.4209532623972
5137,9052.5248711174208
5138,9054.3084593711792
5139,9055.1216454236546
5140,9055.3198794185901
5141,9055.3385195330211
5142,9057.2676376898453
5143,9057.480572465558
5144,9059.0098109032733
5145,9059.6978956364819
5146,9060.0948680438196
5147,9060.2411432705521
5148,9061.7892209312049
5149,9062.1742970829127
5150,9062.5937422346196
5151,9064.1765134601992
5152,9064.6637335606611
5153,9065.2768447309754
5154,9065.3946441665958
5155,9066.0360274969644
5156,9066.7254563851093
5157,9067.710220318053
5158,9069.2805079974041
5159,9069.5583506110288
5160,9070.7401450602738
5161,9071.6771738092957
5162,9071.8391622131257
5163,9073.1497577590526
5164,9073.7829195274662
5165,9074.5919233572913
5166,9074.6600596370099
5167,9074.8685476910014
5168,9075.4565996078109
5169,9076.5574671516715
5170,9078.3607339806458
5171,9079.0257445721072
5172,9079.104562197479
5173,9081.3954230643012
5174,9082.0243128309594
5175,9083.1883586255681
5176,9083.2876279830907
5177,9083.8871747037429
5178,9083.9817895745637
5179,9084.709854456627
5180,9085.8645140183125
5181,9085.9247293558856
5182,9087.1179152087261
5183,9087.8133897176085
5184,9088.0506938569451
5185,9089.5105714920428
5186,9090.314413889997
5187,9091.3071993829144
5188,9091.6498521097437
5189,9092.0276425321117
5190,9092.7626025655372
5191,9093.2793256227069
5192,9094.8328677186146
5193,9095.2935303734448
5194,9096.3789729493201
5195,9097.0895545477433
5196,9097.2264914795524
5197,9097.4791880904631
5198,9097.6671879766527
5199,9100.5487340657182
5200,9101.301665862482
5201,9101.448675536365
5202,9102.2474095514444
5203,9103.1230136791382
5204,9105.4467654762539
5205,9105.868931257095
5206,9106.9745903625644
5207,9107.2411873489764
5208,9108.3432526331562
5209,9109.3082711405241
5210,9109.6374030979441
5211,9109.7184221422685
5212,9110.2141241056997
5213,9111.9701085782526
5214,9112.6108715394985
5215,9112.9193143987977
5216,9113.4433156436116
5217,9114.1227819402338
5218,9114.2292540188719
5219,9115.4864540638519
5220,9116.3401864444058
5221,9117.0391522542704
5222,9117.7369695917478
5223,9118.111969016647
5224,9119.6347389422444
5225,9120.8865528112437
5226,9122.0025062919995
5227,9123.2352667856103
5228,9124.8660749929004
5229,9124.8955579759768
5230,9125.8909473177009
5231,9127.2150550507722
5232,9127.6946811009057
5233,9127.7477281721403
5234,9128.2386014963522
5235,9128.9769509217131
5236,9129.6391316660392
5237,9130.4712538865624
5238,9130.8298856971942
5239,9131.159568553383
5240,9131.2464752784563
5241,9132.0063472151287
5242,9132.5020772070129
5243,9132.7673211933507
5244,9132.8906903200386
5245,9133.5867389280138
5246,9133.9024529938506
5247,9134.0788903263292
5248,9134.5829125910896
5249,9135.3019003045683
5250,9135.6398235130855
5251,9136.3036676895517
5252,9136.8646880300148
5253,9136.9637800795554
5254,9138.0585211328198
5255,9138.8957660787328
5256,9138.9886577281359
5257,9139.2177105613591
5258,9140.0276777104064
5259,9140.5205618060463
5260,9140.7059537622026
5261,9141.0695967777683
5262,9142.287981614767
5263,9143.3232041381652
5264,9144.4641313369648
5265,9144.8675460476934
5266,9145.1741706802022
5267,9145.6125107149128
5268,9146.040317944964
5269,9146.9476046679138
5270,9147.4795978676666
5271,9147.5648046744354
5272,9148.9728734815053
5273,9149.3794763396454
5274,9149.5963705962531
5275,9150.2006517742175
5276,9151.719987678689
5277,9152.0384571871418
5278,9152.2096355862795
5279,9152.5382712935425
5280,9154.5041443846512
5281,9154.8503420088291
5282,9155.0736183409535
5283,9156.2324694402196
5284,9157.2257272901788
5285,9158.7998958982535
5286,9159.8513612796523
5287,9160.3732804605661
5288,9160.9449497580972
5289,9161.9078318389202
5290,9162.9493532557153
5291,9163.6303327177357
5292,9164.3640424442729
5293,9164.9667433532341
5294,9165.1274090677853
5295,9165.7251343518874
5296,9166.115400222945
5297,9167.3216628355185
5298,9167.4681920084404
5299,9168.7248610588103
5300,9169.2183802104082
5301,9169.5592660698931
5302,9170.1708703714321
5303,9171.0390187607591
5304,9171.8355861239179
5305,9172.2906703881526
5306,9173.6702237922418
5307,9174.3545016610806
5308,9175.5158228028868
5309,9175.5815152780669
5310,9176.3052433382618
5311,9177.0939930222739
5312,9177.1094381266685
5313,9177.8559603860867
5314,9177.8726870891078
5315,9178.2769958766658
5316,9179.236969473779
5317,9179.7297306789442
5318,9180.6814945570422
5319,9181.1479167968537
5320,9181.6281143507185
5321,9182.1042202934259
5322,9182.2869003912456
5323,9183.6671248768434
5324,9184.3523888231375
5325,9184.4373550485852
5326,9184.6648944299868
5327,9185.0444720751948
5328,9185.2679386533673
5329,9185.7718757924868
5330,9186.7371250009601
5331,9187.939116970083
5332,9188.4000754207082
5333,9188.8324445927938
5334,9189.6459290755829
5335,9189.9765289529132
5336,9190.3773059414962
5337,9190.8617195471597
5338,9191.1198427377512
5339,9192.9157241128451
5340,9194.2334359150991
5341,9194.4429641641
5342,9195.0311804611974
5343,9195.3258586816228
5344,9195.4604253850703
5345,9196.313719102016
5346,9196.4255532508651
5347,9197.9918823316475
5348,9198.2128993350871
5349,9199.9662718533236
5350,9200.0265269994179
5351,9201.2859427767526
5352,9202.3135871058148
5353,9202.6428537298489
5354,9203.0265908065157
5355,9203.2552456851354
5356,9203.9202761353918
5357,9205.2364258144371
5358,9206.3297946099992
5359,9206.6034138994855
5360,9208.294991068773
5361,9208.499568657111
5362,9208.9325805209373
5363,9209.3098997099769
5364,9209.8536010048756
5365,9211.1621431132517
5366,9211.5771182843273
5367,9212.5062423950585
5368,9214.1253960461854
5369,9214.6494596249067
5370,9215.9999999999582
5371,9215.99999999998
5372,9215.9999999999818
5373,9215.9999999999873
5374,9215.9999999999873
5375,9215.9999999999909
5376,9215.9999999999945
5377,9215.9999999999982
5378,9216
5379,9216.0000000000018
5380,9216.0000000000091
5381,9216.0000000000109
5382,9216.0000000000109
5383,9216.0000000000164
5384,9216.00000000002
5385,9216.0000000000218
5386,9216.0000000000273
5387,9216.0000000000309
5388,9216.0000000000327
5389,9216.0000000000418
5390,9216.0000000000437
5391,9216.0000000000582
5392,9216.0000000000728
5393,9216.0000000001273
5394,9217.350540375106
5395,9217.8746039538219
5396,9219.4937576049251
5397,9220.4228817156745
5398,9220.8378568867483
5399,9222.146398995128
5400,9222.6901002900704
5401,9223.0674194790663
5402,9223.5004313428963
5403,9223.7050089312343
5404,9225.3965861005345
5405,9225.6702053900171
5406,9226.7635741855738
5407,9228.0797238646082
5408,9228.7447543148719
5409,9228.9734091934988
5410,9229.3571462701548
5411,9229.6864128941979
5412,9230.7140572232547
5413,9231.9734730005985
5414,9232.0337281466873
5415,9233.7871006649257
5416,9234.0081176683634
5417,9235.5744467491659
5418,9235.6862808979877
5419,9236.5395746149679
5420,9236.6741413183863
5421,9236.9688195388208
5422,9237.5570358359473
5423,9237.76656408491
5424,9239.0842758871822
5425,9240.880157262256
5426,9241.1382804528512
5427,9241.6226940585166
5428,9242.0234710470904
5429,9242.3540709244135
5430,9243.1675554072262
5431,9243.5999245793155
5432,9244.0608830299207
5433,9245.2628749990417
5434,9246.2281242075278
5435,9246.7320613466309
5436,9246.9555279248088
5437,9247.3351055700168
5438,9247.5626449514311
5439,9247.6476111768843
5440,9248.3328751231747
5441,9249.7130996087762
5442,9249.8957797065978
5443,9250.3718856492906
5444,9250.8520832031518
5445,9251.3185054429632
5446,9252.2702693210613
5447,9252.7630305262264
5448,9253.7230041233379
5449,9254.1273129109031
5450,9254.1440396139278
5451,9254.8905618733424
5452,9254.9060069777624
5453,9255.6947566617382
5454,9256.418484721924
5455,9256.4841771971205
5456,9257.6454983389231
5457,9258.32977620776
5458,9259.7093296118474
5459,9260.1644138760857
5460,9260.9609812392591
5461,9261.8291296285715
5462,9262.4407339301215
5463,9262.7816197895972
5464,9263.2751389411987
5465,9264.5318079915578
5466,9264.6783371644869
5467,9265.8845997770532
5468,9266.2748656481199
5469,9266.8725909322056
5470,9267.0332566467696
5471,9267.6359575557308
5472,9268.3696672822716
5473,9269.0506467442883
5474,9270.0921681610889
5475,9271.0550502418992
5476,9271.6267195394375
5477,9272.1486387203895
5478,9273.2001041017356
5479,9274.7742727098248
5480,9275.7675305597841
5481,9276.9263816590556
5482,9277.14965799118
5483,9277.4958556153524
5484,9279.461728706463
5485,9279.7903644137277
5486,9279.9615428128764
5487,9280.2800123213256
5488,9281.7993482257953
5489,9282.4036294037523
5490,9282.6205236603691
5491,9283.0271265185002
5492,9284.4351953255718
5493,9284.5204021323407
5494,9285.0523953320899
5495,9285.9596820550323
5496,9286.3874892851018
5497,9286.825829319796
5498,9287.1324539523084
5499,9287.5358686630461
5500,9288.6767958618402
5501,9289.7120183852421
5502,9290.9304032222299
5503,9291.2940462378156
5504,9291.4794381939882
5505,9291.9723222896027
5506,9292.7822894386481
5507,9293.0113422718769
5508,9293.1042339212763
5509,9293.9414788672093
5510,9295.0362199204592
5511,9295.1353119699852
5512,9295.6963323104574
5513,9296.3601764869254
5514,9296.6980996954408
5515,9297.4170874089214
5516,9297.9211096736744
5517,9298.0975470061512
5518,9298.4132610719771
5519,9299.1093096799705
5520,9299.2326788066566
5521,9299.4979227929962
5522,9299.9936527848749
5523,9300.7535247215528
5524,9300.8404314466407
5525,9301.1701143028131
5526,9301.528746113443
5527,9302.3608683339698
5528,9303.0230490782869
5529,9303.7613985036496
5530,9304.2522718278651
5531,9304.3053188991016
5532,9304.7849449492296
5533,9306.1090526822827
5534,9307.1044420240178
5535,9307.1339250070978
5536,9308.7647332143843
5537,9309.9974937080078
5538,9311.1134471887526
5539,9312.3652610577647
5540,9313.8880309833457
5541,9314.2630304082486
5542,9314.9608477457459
5543,9315.659813555596
5544,9316.5135459361481
5545,9317.7707459811263
5546,9317.8772180597534
5547,9318.5566843563884
5548,9319.0806856012077
5549,9319.3891284605088
5550,9320.0298914217492
5551,9321.7858758943021
5552,9322.281577857726
5553,9322.3625969020613
5554,9322.6917288594796
5555,9323.6567473668329
5556,9324.7588126510182
5557,9325.0254096374538
5558,9326.1310687429122
5559,9326.5532345237425
5560,9328.8769863208618
5561,9329.7525904485592
5562,9330.551324463635
5563,9330.6983341375289
5564,9331.4512659342818
5565,9334.33281202336
5566,9334.5208119095532
5567,9334.7735085204713
5568,9334.9104454522767
5569,9335.6210270507036
5570,9336.7064696265697
5571,9337.1671322814109
5572,9338.7206743772895
5573,9339.2373974344755
5574,9339.9723574678883
5575,9340.3501478902472
5576,9340.6928006170911
5577,9341.6855861100084
5578,9342.4894285079481
5579,9343.949306143073
5580,9344.1866102824097
5581,9344.8820847912775
5582,9346.0752706441162
5583,9346.135485981702
5584,9347.2901455433894
5585,9348.0182104254382
5586,9348.1128252962517
5587,9348.7123720169056
5588,9348.8116413744228
5589,9349.9756871690406
5590,9350.6045769356988
5591,9352.8954378025337
5592,9352.974255427891
5593,9353.6392660193524
5594,9355.4425328483285
5595,9356.5434003921928
5596,9357.1314523090077
5597,9357.3399403629792
5598,9357.4080766427087
5599,9358.2170804725411
5600,9358.850242240951
5601,9360.1608377868542
5602,9360.322826190697
5603,9361.2598549397298
5604,9362.4416493889639
5605,9362.719492002585
5606,9364.2897796819489
5607,9365.274543614898
5608,9365.9639725030484
5609,9366.6053558334061
5610,9366.7231552690046
5611,9367.3362664393408
5612,9367.8234865397972
5613,9369.4062577653749
5614,9369.8257029170836
5615,9370.2107790688078
5616,9371.758856729457
5617,9371.9051319561786
5618,9372.3021043635217
5619,9372.9901890967358
5620,9374.5194275344456
5621,9374.7323623101493
5622,9376.6614804669698
5623,9376.6801205814045
5624,9376.8783545763508
5625,9377.6915406288172
5626,9379.4751288825664
5627,9380.5790467375937
5628,9381.7344885319835
5629,9382.3794173960378
5630,9382.5719191895587
5631,9382.6240312559476
5632,9383.384932987261
5633,9384.4070454700868
5634,9385.3427543060297
5635,9386.3616316694843
5636,9386.453282317676
5637,9387.2700596108334
5638,9388.3494658059717
5639,9389.0946059270809
5640,9389.8440370578846
5641,9390.5835149439536
5642,9391.00542469838
5643,9392.5554723667901
5644,9393.8173129390489
5645,9394.1451665240675
5646,9394.9890078788339
5647,9395.1591418248681
5648,9395.6825347707418
5649,9397.6022767603663
5650,9398.8257658867078
5651,9398.8601220404216
5652,9399.6249292277407
5653,9400.1204345130518
5654,9401.3567995342819
5655,9402.1846301830683
5656,9402.9048669882523
5657,9403.8347398537862
5658,9404.1626240900605
5659,9405.7927381253503
5660,9407.1554043234464
5661,9407.2320375490199
5662,9408.0446114332681
5663,9408.4443741090454
5664,9409.4726052251954
5665,9410.8762828717572
5666,9412.5968923200908
5667,9413.0213094436658
5668,9415.172341521471
5669,9415.6203598152715
5670,9416.2079799970743
5671,9417.0128034256468
5672,9417.7764780826183
5673,9418.4941056532625
5674,9419.516299130737
5675,9420.365295194104
5676,9421.0965513509236
5677,9421.4826573332357
5678,9421.7405444753967
5679,9422.4291955464832
5680,9423.653735852502
5681,9424.4721849024208
5682,9425.5360765675705
5683,9425.7826184620826
5684,9426.6304773543943
5685,9427.501919651475
5686,9428.3043848201432
5687,9428.602948493015
5688,9429.1613146527052
5689,9430.1541545744221
5690,9430.2572411906076
5691,9431.6914933102835
5692,9432.7813605443644
5693,9433.0148750764311
5694,9433.31542656698
5695,9433.6070075370244
5696,9435.3068648585577
5697,9435.7923264748988
5698,9436.7279943051817
5699,9437.3423802741272
5700,9437.9258194276736
5701,9439.5938568547535
5702,9440.3075606417387
5703,9440.68122214297
5704,9442.6428447321014
5705,9443.3457088647083
5706,9443.4316555516943
5707,9443.879228947264
5708,9445.1231310733674
5709,9445.4665017547231
5710,9446.5064166376615
5711,9446.7545705424272
5712,9447.7756611950826
5713,9449.2644301971468
5714,9449.9471362618824
5715,9451.0048931430738
5716,9451.2504310831227
5717,9454.3378851296147
5718,9454.7064996704157
5719,9454.7254330102132
5720,9456.4693706627695
5721,9457.0380340240481
5722,9457.0407534569822
5723,9458.8749726767746
5724,9459.0947851079618
5725,9459.5386221983263
5726,9459.8208560373532
5727,9460.068568390072
5728,9462.0483096027765
5729,9462.6261794589154
5730,9463.1417968586084
5731,9464.0136860739476
5732,9465.7205183724018
5733,9466.3290202390217
5734,9467.3150982929583
5735,9467.542448089589
5736,9468.1395670823349
5737,9468.696770410379
5738,9469.0085893056239
5739,9471.5057548745372
5740,9472.0907485865664
5741,9473.1638300128034
5742,9473.8392313846653
5743,9474.3506000677589
5744,9475.9319867950016
5745,9476.281228408312
5746,9477.7242055731203
5747,9477.9851234553898
5748,9478.4423145134515
5749,9479.2340138837098
5750,9480.4951165919465
5751,9480.7971065330403
5752,9482.2222827751357
5753,9483.2335706769336
5754,9484.5481400759654
5755,9484.5662260337795
5756,9485.2598842432344
5757,9485.5797422830765
5758,9486.4873389884651
5759,9487.8444229685301
5760,9488.3676633967316
5761,9489.2141676363226
5762,9490.6537106928536
5763,9490.9413572594549
5764,9492.2219730214747
5765,9493.5166607864994
5766,9493.8946599572701
5767,9494.091007486204
5768,9494.5466058029033
5769,9495.4301887653
5770,9496.0812472600155
5771,9497.2088133646666
5772,9498.6415547616543
5773,9499.9117235051053
5774,9500.1531101390665
5775,9501.0227643323524
5776,9502.0720433314327
5777,9502.1194077960918
5778,9502.8144201564774
5779,9505.5907222264232
5780,9506.5907732707274
5781,9506.8313765910807
5782,9509.0415510995517
5783,9509.8595773424131
5784,9510.5479318158523
5785,9510.5597280825205
5786,9511.149586166548
5787,9512.7463136528895
5788,9512.8865338525557
5789,9513.4483242897095
5790,9514.2828987079556
5791,9515.4497612855739
5792,9516.3438813559987
5793,9516.4587128511284
5794,9517.8951382867162
5795,9518.9695293010864
5796,9520.3487212187192
5797,9520.8439289858707
5798,9522.0394978682925
5799,9523.2287013220375
5800,9523.7565287909802
5801,9524.5673448403722
5802,9525.2994681258078
5803,9526.9102160130078
5804,9527.9083983008859
5805,9529.153037684815
5806,9529.824136469806
5807,9530.6149172661753
5808,9531.2909308521412
5809,9532.3046915857431
5810,9532.725170335023
5811,9532.9678763187167
5812,9533.9525602766917
5813,9534.2507875033825
5814,9534.7696831598678
5815,9536.1452850013193
5816,9537.7356719340678
5817,9539.6155274998873
5818,9541.6645524501437
5819,9541.7094269534173
5820,9542.4898754541937
5821,9543.855640508802
5822,9543.9956898001983
5823,9544.3085887998168
5824,9545.3724353786001
5825,9547.2572879121581
5826,9548.2516856656257
5827,9549.1487459722375
5828,9549.4637647389245
5829,9550.3441847340036
5830,9551.1691497430584
5831,9551.7139856096856
5832,9553.7592737676878
5833,9554.3038659363701
5834,9554.5648849617974
5835,9555.6620753977331
5836,9556.1805797299294
5837,9556.807264138748
5838,9558.7772760553253
5839,9558.9596641064581
5840,9560.7882471216381
5841,9560.9762106620165
5842,9561.4298910573416
5843,9563.2615258317983
5844,9563.4775593978356
5845,9563.9416744249738
5846,9564.9738525883204
5847,9565.6208084504615
5848,9566.1370473580519
5849,9567.3329444161227
5850,9567.7240902264148
5851,9569.7869712812208
5852,9570.2283433397515
5853,9570.7381279435031
5854,9571.054777856436
5855,9572.3519562300935
5856,9573.8724561463823
5857,9575.4643173438835
5858,9576.088493060206
5859,9576.3858083837622
5860,9577.2120393474615
5861,9577.2612936159585
5862,9577.6103726693236
5863,9578.5135205582246
5864,9578.5475102617584
5865,9579.1975678375511
5866,9580.6354411075208
5867,9582.5182565793511
5868,9582.6915315239457
5869,9583.5109752705775
5870,9584.0603398151379
5871,9585.5303359560403
5872,9588.3693507091975
5873,9588.9135813280282
5874,9589.8011335460451
5875,9591.3429830812202
5876,9591.9339503247684
5877,9593.5823942971183
5878,9595.1663070019495
5879,9595.4029203638565
5880,9595.6444949828274
5881,9597.3456996519017
5882,9597.6782644193372
5883,9598.8359264736373
5884,9599.0283949745226
5885,9599.7494099163741
5886,9600.7097424706189
5887,9602.7931149743126
5888,9603.1686552091887
5889,9605.3197387370947
5890,9605.4545357120842
5891,9606.0574444933445
5892,9606.1129900881933
5893,9606.7195133289442
5894,9608.3784833657664
5895,9610.4313901387413
5896,9610.6643987071602
5897,9611.2873771610175
5898,9612.4015474125608
5899,9613.371407303659
5900,9614.5106152621302
5901,9614.8593706115462
5902,9616.5159532882535
5903,9616.8200567447457
5904,9617.8910371218808
5905,9619.0221984166219
5906,9619.4572902642467
5907,9620.3413715715906
5908,9621.8510439482325
5909,9623.3850353769831
5910,9625.0311349640433
5911,9625.8693387670737
5912,9626.7568030181592
5913,9627.2872240282104
5914,9627.5505249439211
5915,9629.0219647145605
5916,9629.1735063681517
5917,9629.6270786866953
5918,9631.3079375640318
5919,9632.6080249034312
5920,9633.1828844854917
5921,9633.7085133415585
5922,9634.6393527520868
5923,9635.6218260409878
5924,9636.3159920736816
5925,9636.8815736550205
5926,9639.9642011288961
5927,9641.1091080481747
5928,9641.4453445836098
5929,9641.897884274309
5930,9643.7157067521202
5931,9644.3738843035371
5932,9644.3783640643705
5933,9646.7421063028014
5934,9647.0891684362814
5935,9647.9482214757463
5936,9648.7128271914335
5937,9651.028365672686
5938,9651.5946600776388
5939,9652.1049971638167
5940,9652.5818354205276
5941,9653.188255295865
5942,9653.212052969935
5943,9655.2562652685556
5944,9656.8416307670032
5945,9658.0118718470858
5946,9658.573255054067
5947,9658.8870443014857
5948,9659.099122741829
5949,9659.92238742263
5950,9661.984549853265
5951,9662.4156137706323
5952,9663.8756861235779
5953,9664.4048837373412
5954,9665.4870451895749
5955,9666.8004587102259
5956,9667.8653259191069
5957,9668.5394898836585
5958,9668.7221136770731
5959,9669.7930408732354
5960,9671.6043595646261
5961,9671.70788417115
5962,9672.2433647771322
5963,9672.8710980082578
5964,9674.5293921895882
5965,9675.4460987569782
5966,9675.872798354545
5967,9677.4398400709415
5968,9677.6478323771698
5969,9678.1080395513127
5970,9679.0848318360022
5971,9679.438789085556
5972,9681.3761406347057
5973,9682.077519541579
5974,9684.1542154852941
5975,9684.9174438256396
5976,9686.1058988831501
5977,9687.1625468007933
5978,9688.5578960829826
5979,9689.1800392946006
5980,9689.446945919839
5981,9689.6712752838757
5982,9690.5572190353778
5983,9692.5606372777256
5984,9693.4380123688989
5985,9693.7822510147125
5986,9695.12054859009
5987,9695.995936582045
5988,9696.8991234271543
5989,9698.5375799065823
5990,9699.5949547921264
5991,9701.0842583945559
5992,9702.2548830347441
5993,9702.8858875429505
5994,9705.0858855981805
5995,9706.1547817356004
5996,9706.7710134783702
5997,9706.8731077887569
5998,9708.5380777980663
5999,9708.9994453465733
6000,9710.2534509856687
6001,9710.893586447015
6002,9712.9408022519492
6003,9713.3841998357584
6004,9715.274684182079
6005,9716.3801972987621
6006,9716.7555337255872
6007,9717.1436056519397
6008,9718.9861419856752
6009,9719.3822714850958
6010,9720.6591481500818
6011,9721.0503554562511
6012,9722.3897653982422
6013,9723.5559996261127
6014,9724.167279873036
6015,9725.3962039924154
6016,9725.6284233144306
6017,9726.0063490886132
6018,9726.0645026738384
6019,9728.2081649596257
6020,9728.3688076195449
6021,9730.4728684412257
6022,9730.8468976552285
6023,9731.7259680889238
6024,9732.2958319254685
6025,9733.2343649150207
6026,9735.1318167948593
6027,9735.5691694415746
6028,9736.3899716877295
6029,9736.9168865722404
6030,9737.7733093975239
6031,9738.0844866794432
6032,9739.7353603961001
6033,9742.4665628568837
6034,9742.9973523969584
6035,9743.2791693957715
6036,9743.9068651254638
6037,9744.9382739358498
6038,9745.9747767719
6039,9747.5043608835349
6040,9748.3141479349379
6041,9748.3493720907263
6042,9748.9688819154344
6043,9749.7184145250103
6044,9751.6390398479361
6045,9752.1709824449117
6046,9752.2514636451924
6047,9752.7969653895398
6048,9754.2088762441781
6049,9755.2745096294384
6050,9756.3351822703826
6051,9757.4633409706221
6052,9758.1096397744404
6053,9758.5690391253593
6054,9759.7739497840939
6055,9760.2167848518566
6056,9763.167280859112
6057,9763.8537812116738
6058,9765.7609983120692
6059,9767.08448509345
6060,9767.4441759173387
6061,9768.3332009461465
6062,9768.9994748351837
6063,9769.6108103980841
6064,9771.5412442129382
6065,9772.302293431474
6066,9773.3398068195656
6067,9774.2731267890485
6068,9774.876386709022
6069,9776.7221129405607
6070,9777.5992845572564
6071,9779.3036465000478
6072,9779.654285087292
6073,9781.1833729546361
6074,9783.579047901485
6075,9783.7993495875417
6076,9785.2874332018673
6077,9785.8036102781753
6078,9786.5916664114193
6079,9787.5636059621938
6080,9788.5926396098985
6081,9791.0933465603375
6082,9791.3181921921405
6083,9791.6839943141313
6084,9792.0912237963112
6085,9793.3653449903704
6086,9795.1923817401712
6087,9795.9500915001026
6088,9796.8575535316722
6089,9797.6285823618327
6090,9800.2411473295288
6091,9801.30179659028
6092,9803.2534374811239
6093,9803.8361572641479
6094,9804.0783374734037
6095,9805.1265412924186
6096,9806.6009223796555
6097,9807.4198307428451
6098,9808.4255674280757
6099,9808.7336455830664
6100,9810.3022750896744
6101,9811.1055314157966
6102,9812.3176115791412
6103,9813.2948522549614
6104,9813.9131681299368
6105,9814.2553563398378
6106,9815.6514140131148
6107,9817.4030219213746
6108,9818.6983556614396
6109,9820.1856520662786
6110,9821.730681477773
6111,9822.611418426377
6112,9824.9029516532391
6113,9825.171858844551
6114,9825.8501051850762
6115,9826.7886537370432
6116,9827.7591597188512
6117,9828.1034376100197
6118,9828.4154900817121
6119,9829.874439047293
6120,9831.1337785711585
6121,9831.582509698319
6122,9832.906345288251
6123,9832.9942231497371
6124,9833.8554850324817
6125,9834.2005905813876
6126,9834.6413813918552
6127,9835.5040872516256
6128,9835.9683517406975
6129,9836.0787497758611
6130,9837.4276959187373
6131,9838.6301431311604
6132,9839.4731069406844
6133,9840.1792214514262
6134,9840.3689386986425
6135,9841.6095363867989
6136,9842.8759195103139
6137,9843.7978724247678
6138,9845.4248297063241
6139,9846.3576804875374
6140,9847.5526100338247
6141,9848.2247482673156
6142,9850.1194279724095
6143,9850.6349284640637
6144,9850.8866853716245
6145,9853.4564314517156
6146,9854.9156468021229
6147,9856.8070905675158
6148,9857.0738199066072
6149,9858.4222710125614
6150,9860.0997868879895
6151,9860.6012621541031
6152,9861.4920852420364
6153,9862.7931853707614
6154,9864.271861632933
6155,9865.1116192147347
6156,9865.278195814939
6157,9866.1666939470888
6158,9866.7404281080726
6159,9866.9761048153323
6160,9869.3630170697852
6161,9869.7061614342438
6162,9871.4720480182114
6163,9873.1736296565159
6164,9874.3637146993751
6165,9874.885195924684
6166,9876.7928094998824
6167,9877.3578187365056
6168,9877.6982225803622
6169,9878.9847193935784
6170,9879.7327656418074
6171,9880.5102531715529
6172,9881.8321957606495
6173,9885.3769330359428
6174,9886.7749343863943
6175,9887.2417381166506
6176,9888.6552458690694
6177,9889.3718227892496
6178,9889.5561851998536
6179,9890.0136416139085
6180,9890.5058856070373
6181,9892.1395252186339
6182,9893.3288936885601
6183,9895.5775671992651
6184,9895.6926003492081
6185,9897.857946528693
6186,9898.4449456291895
6187,9899.9531840960608
6188,9900.3042997319226
6189,9901.0437461240781
6190,9901.8561000134723
6191,9902.4036650786402
6192,9903.5993718219688
6193,9904.1524543393843
6194,9906.9639150480216
6195,9908.6388533191057
6196,9909.4748487065117
6197,9910.2370177161065
6198,9911.1200256805259
6199,9913.0357649146554
6200,9913.8592860593908
6201,9913.9463407800704
6202,9914.2411814671523
6203,9917.1912107390544
6204,9918.2327818900267
6205,9918.7492649648211
6206,9919.4812392493404
6207,9921.8884820115018
6208,9922.7989798138533
6209,9923.0793426319615
6210,9923.2695195793694
6211,9924.6906361298188
6212,9925.0116606021402
6213,9925.5953639507297
6214,9928.1489136981018
6215,9929.3032792692229
6216,9930.1472017588057
6217,9930.5274823499931
6218,9930.6676867609513
6219,9931.2483681465692
6220,9932.2028681896081
6221,9933.8144190022758
6222,9936.3070825416507
6223,9937.491869191972
6224,9938.8154613608003
6225,9939.5293649931664
6226,9940.7203104532418
6227,9941.6230857545961
6228,9943.4339478115362
6229,9943.4436993346844
6230,9944.3931232495215
6231,9946.0073981107798
6232,9947.3942167495588
6233,9948.0757058640393
6234,9948.849004777423
6235,9948.896914963243
6236,9950.38821427724
6237,9950.3976672242643
6238,9952.9778708843678
6239,9953.0042666545269
6240,9954.4121645478608
6241,9955.6831239614694
6242,9956.0662133460373
6243,9957.8176675050618
6244,9957.8728899043199
6245,9958.1401360158616
6246,9961.4275920206455
6247,9961.4745412783413
6248,9963.4129136995616
6249,9964.5454995740947
6250,9964.9965650672839
6251,9966.5279831098505
6252,9967.1633953263918
6253,9968.2491314475174
6254,9970.0892654421168
6255,9971.166435444904
6256,9973.3996860686129
6257,9973.9706111985251
6258,9974.5163137707295
6259,9977.6619393911969
6260,9977.7209218660428
6261,9978.8488101074126
6262,9981.4384134425345
6263,9982.5272753690606
6264,9985.1293563611816
6265,9985.5785663505976
6266,9985.9909329073216
6267,9986.3360776915688
6268,9989.3545677292004
6269,9989.6228024708871
6270,9989.7290923755245
6271,9991.1529064738716
6272,9991.9209014668104
6273,9992.6912768248694
6274,9992.7838774366755
6275,9993.9683570652323
6276,9994.7134409861774
6277,9996.5205724004281
6278,9996.7656514819791
6279,9997.6755768745679
6280,9997.8989986549623
6281,9999.7691646442981
6282,10000.530784933102
6283,10001.272289476399
6284,10003.174027716748
6285,10003.883619830336
6286,10004.533013263366
6287,10005.642484827113
6288,10005.665343374576
6289,10006.583329602359
6290,10007.131109962786
6291,10008.687496591654
6292,10009.359139319711
6293,10010.250291225153
6294,10011.26943596312
6295,10011.389114917909
6296,10012.209910347987
6297,10013.696420246288
6298,10014.391410377595
6299,10016.502959119356
6300,10017.916089078068
6301,10018.46997563374
6302,10019.210149803968
6303,10020.94246127818
6304,10021.756141355783
6305,10023.045670509602
6306,10024.84945782696
6307,10025.500779076119
6308,10026.543656600605
6309,10026.575244958978
6310,10028.540063104903
6311,10030.862039683901
6312,10030.909075910595
6313,10032.558159761382
6314,10033.51591296564
6315,10034.558515650213
6316,10038.452749616183
6317,10038.529237959319
6318,10041.317000554358
6319,10042.442857431886
6320,10042.90427039592
6321,10043.406161256407
6322,10044.236185206828
6323,10045.121351281956
6324,10045.553523748138
6325,10047.463935918106
6326,10048.590679251511
6327,10050.683741386045
6328,10052.029385590871
6329,10052.516500794107
6330,10052.779810201317
6331,10053.666226657075
6332,10056.121607455652
6333,10056.734329992571
6334,10057.824817546409
6335,10058.760042507452
6336,10059.744162708186
6337,10061.622608515341
6338,10062.518658479217
6339,10063.144723861602
6340,10063.660648048721
6341,10064.231033288868
6342,10066.146974446709
6343,10066.795311399295
6344,10067.940275619001
6345,10069.132449970271
6346,10070.633242060811
6347,10073.841387841991
6348,10073.853453062189
6349,10075.006227471547
6350,10077.329037421023
6351,10077.826318192487
6352,10078.380130479287
6353,10079.443665391207
6354,10081.889665304769
6355,10082.386277351769
6356,10083.405099116226
6357,10085.762587957728
6358,10085.885889883893
6359,10086.250658358171
6360,10087.789804193659
6361,10089.119922745198
6362,10089.45076090538
6363,10089.864694773514
6364,10090.522632291539
6365,10092.568736194095
6366,10093.45047000239
6367,10093.72507298858
6368,10094.800973311971
6369,10095.833256014397
6370,10097.149044469794
6371,10097.625499659558
6372,10099.872445886695
6373,10100.503787293042
6374,10100.594147198864
6375,10102.462110037097
6376,10103.521604822019
6377,10105.219894304668
6378,10105.39385527609
6379,10108.450223574913
6380,10108.604714519362
6381,10109.678768459315
6382,10110.351368311643
6383,10112.821905603387
6384,10114.275718015753
6385,10115.224052338861
6386,10116.337272864273
6387,10116.406724645718
6388,10116.77783855993
6389,10116.815563144914
6390,10117.742290760969
6391,10118.399917046281
6392,10119.120984629815
6393,10122.544067924977
6394,10124.184965848239
6395,10124.644837587772
6396,10125.59495127099
6397,10126.928500332599
6398,10128.17525892535
6399,10128.39668760128
6400,10130.205439107236
6401,10131.293566932287
6402,10132.693145918005
6403,10133.322022348775
6404,10136.048284863153
6405,10138.284509993473
6406,10139.713582925608
6407,10140.888364179076
6408,10141.130175518845
6409,10142.214726635533
6410,10142.651087543923
6411,10143.142042608999
6412,10146.126420343602
6413,10146.449177650547
6414,10146.524135682177
6415,10146.910871773152
6416,10148.793965834089
6417,10148.863642141754
6418,10150.088922733627
6419,10151.015540537554
6420,10152.181874431124
6421,10154.094359608691
6422,10154.612895448834
6423,10157.095174856036
6424,10158.279796255878
6425,10159.000302886267
6426,10160.850283343309
6427,10162.689400715079
6428,10164.805127003518
6429,10166.18259574639
6430,10166.244707290216
6431,10166.53250203682
6432,10167.901607991003
6433,10168.693400305183
6434,10170.093027754639
6435,10172.960416280215
6436,10174.210718935912
6437,10174.467506276349
6438,10175.359532012793
6439,10176.017193297348
6440,10177.17677493193
6441,10179.152454629459
6442,10180.75487532053
6443,10181.182790532835
6444,10181.449911013602
6445,10181.99844077339
6446,10183.197296214032
6447,10184.747743935144
6448,10185.887229640901
6449,10186.739142189846
6450,10187.635704813771
6451,10188.360417939428
6452,10189.415785328612
6453,10191.352035876373
6454,10191.354300798635
6455,10191.793818878898
6456,10194.7477167212
6457,10195.562860587615
6458,10195.938381443997
6459,10197.153267504322
6460,10199.573168708372
6461,10200.954967120528
6462,10202.537132301655
6463,10202.559225506529
6464,10204.228549210702
6465,10205.63414290408
6466,10207.393681115058
6467,10208.038985279836
6468,10209.777406457086
6469,10210.72174112521
6470,10211.266499738897
6471,10211.4544562583
6472,10211.699928454278
6473,10213.106302279444
6474,10215.206998027154
6475,10215.972369160021
6476,10217.249674680912
6477,10217.712047788758
6478,10220.648351925916
6479,10222.296545651374
6480,10222.554458967596
6481,10224.101866742172
6482,10225.342285086117
6483,10226.075842699614
6484,10226.65380878143
6485,10228.235444645161
6486,10229.203222583654
6487,10230.702029536897
6488,10231.178095509329
6489,10233.812983903883
6490,10234.543411059143
6491,10235.108275625367
6492,10237.020429672521
6493,10238.610530664615
6494,10239.315153996302
6495,10239.834427470974
6496,10241.385817993931
6497,10243.214185818757
6498,10244.014927673259
6499,10246.185532496882
6500,10248.682592866078
6501,10248.765991529479
6502,10249.242446934184
6503,10251.047547855687
6504,10251.057603966201
6505,10252.433916507183
6506,10252.455406040332
6507,10253.014186445158
6508,10254.764181485927
6509,10255.764483774325
6510,10257.00639932474
6511,10259.385938452233
6512,10260.565932186317
6513,10261.963493027666
6514,10262.181914054014
6515,10265.013907164594
6516,10265.108132344609
6517,10266.264306167703
6518,10268.200210338378
6519,10268.925029138636
6520,10271.379118903098
6521,10271.410101004702
6522,10272.203435538644
6523,10272.258343387095
6524,10273.249703692862
6525,10277.661399659695
6526,10278.008314878705
6527,10279.174196240299
6528,10279.761671666814
6529,10279.982685131921
6530,10283.881246706836
6531,10284.239295568297
6532,10284.326169416869
6533,10286.844009177134
6534,10286.898535719189
6535,10287.616192247619
6536,10287.79690278938
6537,10288.548981904907
6538,10290.233652983716
6539,10293.181513784104
6540,10295.20218632971
6541,10295.698432115109
6542,10296.398586578867
6543,10296.751367535242
6544,10298.206099381458
6545,10298.709985435453
6546,10299.790623879078
6547,10301.148048695826
6548,10303.587310195893
6549,10304.273613788273
6550,10304.774379168142
6551,10306.948613770383
6552,10306.986578060169
6553,10307.645002730869
6554,10309.40271467809
6555,10310.649078019122
6556,10310.666196960821
6557,10314.091100967267
6558,10314.245608838664
6559,10315.828600155348
6560,10316.368743156017
6561,10317.35990405245
6562,10319.592479080709
6563,10321.201843163533
6564,10322.379777958393
6565,10324.072524425044
6566,10324.561072208298
6567,10325.782674484542
6568,10326.002468247465
6569,10327.242847349249
6570,10328.200516386951
6571,10329.074673181189
6572,10331.791210820124
6573,10332.90418827336
6574,10334.405813479159
6575,10336.323508422522
6576,10337.017360670954
6577,10338.001761669828
6578,10339.935370298695
6579,10342.010276116673
6580,10342.30497485763
6581,10342.617794691181
6582,10344.161671487271
6583,10344.754425904976
6584,10346.804512264887
6585,10347.099949208859
6586,10350.763928940023
6587,10350.936804407424
6588,10351.468704659081
6589,10351.58569470351
6590,10351.880594250331
6591,10355.025429264855
6592,10355.086478931242
6593,10356.303905080207
6594,10358.031600104576
6595,10358.780167230369
6596,10358.905248229376
6597,10359.723330555471
6598,10361.721919813615
6599,10362.76293027815
6600,10364.810581350805
6601,10365.703397263718
6602,10368.031313293988
6603,10369.291972548193
6604,10370.236883800548
6605,10371.54638172249
6606,10372.468482525142
6607,10375.97785067077
6608,10377.352623697248
6609,10378.743759336314
6610,10379.593707321646
6611,10380.783003705141
6612,10381.434047282904
6613,10382.660076616126
6614,10382.919986470853
6615,10385.409126536921
6616,10386.010912431593
6617,10386.74945820517
6618,10387.917946805906
6619,10388.112600168401
6620,10389.898766750282
6621,10390.211734486569
6622,10391.236394954693
6623,10392.991446306592
6624,10394.389797314776
6625,10395.505637864488
6626,10395.810216854768
6627,10396.899384698918
6628,10399.985162052542
6629,10400.201856655343
6630,10402.00639421204
6631,10402.844306168941
6632,10403.55894274711
6633,10403.758446517888
6634,10405.59202432195
6635,10407.549527496285
6636,10408.541767216268
6637,10409.635912293554
6638,10411.201299357337
6639,10413.333542853752
6640,10414.013576208561
6641,10414.190657016139
6642,10414.933328517523
6643,10416.616453342773
6644,10419.124894458382
6645,10420.14171576614
6646,10421.478790835701
6647,10421.804677890323
6648,10422.954380826735
6649,10424.263186025393
6650,10425.226417523423
6651,10426.010030029174
6652,10426.92672903815
6653,10427.43757421681
6654,10429.096579518293
6655,10431.455361338061
6656,10432.214659204708
6657,10433.750424243788
6658,10435.987106062439
6659,10436.395461509652
6660,10436.983628531509
6661,10440.164569132057
6662,10440.654069579257
6663,10441.765339247766
6664,10441.79047565568
6665,10443.867503281179
6666,10445.316528553876
6667,10445.853436055471
6668,10446.65078130318
6669,10448.945921334667
6670,10449.430235046726
6671,10450.484427521864
6672,10451.302878620705
6673,10452.011624228935
6674,10453.302834341303
6675,10454.583711453874
6676,10456.88932440504
6677,10457.378134472179
6678,10457.624054037073
6679,10458.826159191256
6680,10460.014996519896
6681,10461.633411858296
6682,10463.207837400316
6683,10463.761618430572
6684,10465.018333653587
6685,10466.229194339476
6686,10466.655995544286
6687,10468.408965320856
6688,10469.748596734174
6689,10472.497033948081
6690,10473.33736283785
6691,10475.63386853239
6692,10478.110120593274
6693,10480.127315145424
6694,10480.678475631141
6695,10481.726327882545
6696,10484.63113670798
6697,10484.77679548362
6698,10485.201851942755
6699,10486.790078668531
6700,10488.134252965068
6701,10489.833829778052
6702,10490.00625955565
6703,10491.531162669351
6704,10492.101701007885
6705,10492.78052302073
6706,10494.10390759803
6707,10497.53313944691
6708,10498.106028038361
6709,10498.56065208001
6710,10499.981778261063
6711,10500.281146537254
6712,10502.270334377587
6713,10503.251618134023
6714,10503.695330311539
6715,10505.805190563753
6716,10506.221299197012
6717,10507.441109075717
6718,10509.838436739326
6719,10510.790273876482
6720,10512.99857480474
6721,10514.854960278861
6722,10517.812215142638
6723,10518.100988132497
6724,10518.219332204402
6725,10519.057995123516
6726,10520.33002458243
6727,10522.105357363549
6728,10523.385670491947
6729,10523.487965183975
6730,10524.054467289534
6731,10524.858098942599
6732,10527.329238500357
6733,10528.600829567262
6734,10529.469847237489
6735,10530.08298103133
6736,10532.240263945621
6737,10532.843242388974
6738,10533.402327142125
6739,10536.045885684212
6740,10537.864433401328
6741,10538.128074627419
6742,10538.323882843293
6743,10540.813527819522
6744,10540.868810904585
6745,10541.608002355051
6746,10542.917182866173
6747,10545.546780991881
6748,10548.016123386918
6749,10548.596946078964
6750,10548.831571194289
6751,10550.514692154111
6752,10552.59949100911
6753,10554.773589928018
6754,10555.875067320285
6755,10556.274479857897
6756,10556.822938814927
6757,10558.018152831313
6758,10561.60201319889
6759,10561.876551174808
6760,10564.409860854064
6761,10565.032704241896
6762,10566.185515223433
6763,10567.527980391902
6764,10568.630542771907
6765,10569.662574054524
6766,10570.556665565846
6767,10571.183192687236
6768,10571.434191843193
6769,10573.323028999557
6770,10573.538375659024
6771,10574.79316054534
6772,10575.401847011894
6773,10578.244141067367
6774,10578.994639817671
6775,10579.903809633483
6776,10580.734464312589
6777,10581.395510086517
6778,10584.090012712231
6779,10584.23314244571
6780,10585.8580437369
6781,10588.053819398583
6782,10589.709475286338
6783,10590.806578193326
6784,10591.183959281778
6785,10592.429866834049
6786,10594.830064545878
6787,10595.605644690329
6788,10596.809719490908
6789,10598.624599276993
6790,10599.610155687089
6791,10600.806120963185
6792,10603.057590543682
6793,10604.23492162338
6794,10606.256584589113
6795,10606.755569391587
6796,10607.686972625695
6797,10608.016656852809
6798,10609.764159797103
6799,10611.152525383119
6800,10614.007368425973
6801,10615.194674587035
6802,10615.215108560315
6803,10617.041983618603
6804,10617.157846156842
6805,10618.571424080954
6806,10619.956738385019
6807,10620.736991826045
6808,10620.861068634931
6809,10622.136424456783
6810,10625.174197748987
6811,10626.633157421629
6812,10627.810273056695
6813,10627.903693948023
6814,10629.179593752579
6815,10631.397622881314
6816,10631.972095260955
6817,10636.811706508506
6818,10636.901667697695
6819,10638.379684033594
6820,10639.355090593839
6821,10640.271009938971
6822,10641.651336224508
6823,10642.753349858946
6824,10643.327825326294
6825,10644.624939783842
6826,10646.016744787257
6827,10646.327778092096
6828,10649.760725827626
6829,10650.249788852947
6830,10651.639991344467
6831,10652.858831413092
6832,10654.328752395033
6833,10654.867016147082
6834,10657.057427217775
6835,10657.658943198707
6836,10658.920986996405
6837,10658.940731874178
6838,10661.781112935065
6839,10662.567520028608
6840,10663.840040257668
6841,10664.983067568237
6842,10667.886923539671
6843,10668.58696577973
6844,10670.604541690374
6845,10670.611783941216
6846,10672.267090543479
6847,10674.591350505212
6848,10676.764732701273
6849,10676.778798248088
6850,10677.710432036807
6851,10679.377872399311
6852,10680.270915533889
6853,10681.642140369418
6854,10682.691205897787
6855,10684.572322214042
6856,10685.863539268234
6857,10686.391095709072
6858,10688.993565426192
6859,10689.849732081113
6860,10690.791127059831
6861,10691.509894505685
6862,10693.002788153017
6863,10693.098394300074
6864,10694.56259358121
6865,10697.202830907576
6866,10697.452704153868
6867,10698.541594320455
6868,10699.610127526539
6869,10701.033665754221
6870,10701.82040964409
6871,10703.580078105038
6872,10706.711554050627
6873,10707.569205159265
6874,10708.5589261448
6875,10710.1432125422
6876,10710.485146072006
6877,10712.655534349842
6878,10714.141109125499
6879,10715.640136017559
6880,10716.447226864502
6881,10718.645456344624
6882,10719.575948417394
6883,10720.62479922129
6884,10721.534511505599
6885,10724.3427932756
6886,10725.886419827822
6887,10727.368925513723
6888,10729.354260217733
6889,10730.132228855049
6890,10731.891722197381
6891,10733.023389405413
6892,10733.809894767355
6893,10734.302263281832
6894,10735.759129727323
6895,10737.392137770035
6896,10737.54250749516
6897,10738.440850458681
6898,10739.950391562004
6899,10741.262424554319
6900,10742.979532806998
6901,10745.553376854759
6902,10747.117888516621
6903,10748.296973692355
6904,10749.244851307323
6905,10750.41273286314
6906,10750.600879513602
6907,10752.879897445895
6908,10754.209214365641
6909,10754.267455638768
6910,10756.448602241506
6911,10757.109604487161
6912,10758.476634845962
6913,10759.436390460163
6914,10761.228656648422
6915,10761.5718325548
6916,10762.531731481542
6917,10764.529800116934
6918,10765.461297237698
6919,10766.470897653548
6920,10767.377704777578
6921,10769.786522951048
6922,10770.618513295543
6923,10770.641059341151
6924,10773.13025223795
6925,10774.450183769521
6926,10774.495769808282
6927,10775.138579929873
6928,10777.907010214927
6929,10778.560293096796
6930,10779.35410763357
6931,10781.574655359957
6932,10782.196504020909
6933,10783.53660970748
6934,10784.926796097066
6935,10786.197541580545
6936,10787.078968053482
6937,10787.845664741799
6938,10788.497508023855
6939,10789.640546447657
6940,10790.706150950855
6941,10793.953967620742
6942,10795.047969252935
6943,10798.443224318162
6944,10798.890158234566
6945,10800.074569902608
6946,10803.314626209001
6947,10805.163088483703
6948,10806.187394612685
6949,10807.996489521751
6950,10808.423562039496
6951,10809.69844990692
6952,10809.799145230048
6953,10812.59532365755
6954,10814.218443721978
6955,10815.222204470112
6956,10815.25925037534
6957,10817.980066841337
6958,10819.482576916469
6959,10820.09034260081
6960,10821.593037459161
6961,10822.825348721073
6962,10822.93281939687
6963,10823.970224739056
6964,10825.627890897709
6965,10826.253188177412
6966,10829.276468411401
6967,10829.965820963469
6968,10832.656145786708
6969,10834.606495117112
6970,10835.96394650591
6971,10836.073448923222
6972,10836.409156434851
6973,10836.859772164231
6974,10840.813104441404
6975,10841.23942714911
6976,10841.671162231021
6977,10845.135832207599
6978,10847.604358983142
6979,10848.917861940523
6980,10850.187979013188
6981,10850.416918866602
6982,10853.187146370285
6983,10853.440478559769
6984,10854.400705335511
6985,10855.452760962673
6986,10857.380641962294
6987,10859.883398023936
6988,10860.519593307805
6989,10861.261023718611
6990,10861.494463662206
6991,10862.134652020512
6992,10864.035679404005
6993,10864.19100781516
6994,10867.461196572443
6995,10868.215352154875
6996,10869.600432998403
6997,10871.178421317589
6998,10871.994385724427
6999,10872.566781732648
7000,10875.117383646413
7001,10875.540680286009
7002,10876.434856404483
7003,10876.629630887961
7004,10877.441928439748
7005,10882.743968216182
7006,10883.299411105527
7007,10883.679288227846
7008,10886.04495616396
7009,10886.849681934993
7010,10887.242168410841
7011,10887.96958697668
7012,10889.378531237542
7013,10892.819168080136
7014,10893.124622809419
7015,10893.84657722269
7016,10894.888544637715
7017,10895.496666391027
7018,10898.686917927287
7019,10901.334375516577
7020,10902.202818116806
7021,10903.652422286796
7022,10903.790034677637
7023,10904.460984375624
7024,10905.46119636569
7025,10908.258178137132
7026,10909.940408563596
7027,10909.966169556737
7028,10911.043291554974
7029,10911.532905198523
7030,10912.834742383939
7031,10914.823983720458
7032,10918.893211544397
7033,10919.803391779509
7034,10921.328509193892
7035,10922.5703286689
7036,10923.461104720933
7037,10924.774014707182
7038,10925.387916079861
7039,10926.485844816994
7040,10928.980853134755
7041,10930.211568936567
7042,10930.89418898817
7043,10931.462958646865
7044,10933.03608569549
7045,10934.025183170586
7046,10937.949282114128
7047,10939.020590877437
7048,10940.039147222229
7049,10940.966852094323
7050,10941.216274305551
7051,10942.607212582323
7052,10944.77969793959
7053,10946.493306430191
7054,10946.689121907331
7055,10947.960083276792
7056,10949.025516929758
7057,10951.282554397343
7058,10952.170565635304
7059,10953.478932681168
7060,10956.383260285349
7061,10956.484074223159
7062,10957.461267387785
7063,10960.229140593536
7064,10960.790482686849
7065,10962.107737782899
7066,10964.71834061239
7067,10965.111384203121
7068,10966.959328186638
7069,10968.635372167699
7070,10970.0127078435
7071,10974.059670608713
7072,10974.53331628874
7073,10975.873919685973
7074,10976.841259536788
7075,10977.471390598905
7076,10978.488821191178
7077,10978.768388018518
7078,10981.292852088704
7079,10982.709419792467
7080,10982.87382438122
7081,10984.507856137727
7082,10985.068571936896
7083,10986.942190582184
7084,10987.738989422838
7085,10988.515837706485
7086,10992.460044272566
7087,10993.218349467021
7088,10993.322015979966
7089,10995.38259377523
7090,10996.131631530756
7091,10998.260549385141
7092,11001.195671227264
7093,11002.076359953149
7094,11002.534309706682
7095,11004.388296951527
7096,11005.167529823599
7097,11007.917795318739
7098,11009.233095563088
7099,11011.439002151661
7100,11012.060450575309
7101,11013.26598332281
7102,11013.725756989495
7103,11015.02179316655
7104,11015.770647974809
7105,11018.965735095757
7106,11019.380732069063
7107,11021.190135588715
7108,11021.75811863015
7109,11023.934180669894
7110,11024.659848220925
7111,11026.757836007246
7112,11027.501804465206
7113,11028.129365252351
7114,11029.365945232947
7115,11029.943324691965
7116,11031.149824211161
7117,11032.726127060108
7118,11032.855065422858
7119,11033.059487659162
7120,11037.311414708429
7121,11037.483304598703
7122,11040.721845925367
7123,11041.841835392084
7124,11042.274168415568
7125,11042.869968517851
7126,11046.177123495454
7127,11047.842962215123
7128,11049.48009929364
7129,11052.609989945455
7130,11054.097843347794
7131,11054.587883752758
7132,11055.978721030036
7133,11057.921563094898
7134,11058.261955692471
7135,11058.532299639668
7136,11059.497497891283
7137,11061.128934543458
7138,11062.098058404141
7139,11062.941651742376
7140,11065.744528931109
7141,11066.276587817085
7142,11068.5721954979
7143,11069.88357450179
7144,11071.686039089755
7145,11073.349161868153
7146,11075.149531320836
7147,11076.423530458454
7148,11076.48370181978
7149,11078.20324773277
7150,11079.509217172359
7151,11081.756593148699
7152,11082.240914519911
7153,11083.547124928178
7154,11084.720476544435
7155,11085.508369889201
7156,11088.079224513454
7157,11089.31789672064
7158,11090.35147545833
7159,11090.439547353537
7160,11093.530284055767
7161,11094.797660736192
7162,11095.134671390942
7163,11099.093283960592
7164,11100.966622261789
7165,11101.457126961583
7166,11102.428471088198
7167,11104.165227488596
7168,11107.03859693813
7169,11108.480656847694
7170,11110.391150148038
7171,11110.469241865254
7172,11111.945689963079
7173,11113.318763167279
7174,11115.4663830767
7175,11117.701930832753
7176,11118.046591092623
7177,11118.597382717164
7178,11119.8697997935
7179,11120.645451353297
7180,11122.833066191271
7181,11123.432600745513
7182,11123.527476702353
7183,11126.385127400205
7184,11128.033504603067
7185,11128.276097964086
7186,11129.988864449439
7187,11131.226734505683
7188,11131.815882448609
7189,11132.03192322255
7190,11135.58933013925
7191,11136.816577484489
7192,11138.562680561539
7193,11138.927738992134
7194,11140.687209959759
7195,11141.698955692942
7196,11144.926254246278
7197,11145.153694063047
7198,11146.824000970202
7199,11148.308287876243
7200,11150.202148250224
7201,11152.08978098893
7202,11153.658351530026
7203,11155.330887890083
7204,11156.314703133721
7205,11157.791471903767
7206,11159.724128128297
7207,11161.022936150781
7208,11163.225433311578
7209,11163.335622577744
7210,11163.893057057197
7211,11166.254998959541
7212,11166.279562058982
7213,11169.92915098425
7214,11170.168038459064
7215,11173.165616694296
7216,11173.507471967971
7217,11175.257872218112
7218,11175.645538747927
7219,11176.72136452328
7220,11179.50370169796
7221,11180.082337694234
7222,11181.407733363756
7223,11182.99946580184
7224,11185.336320359971
7225,11186.644775253841
7226,11188.751465259291
7227,11190.62274827164
7228,11191.788741276532
7229,11192.482992062876
7230,11194.680279405306
7231,11195.865564706846
7232,11196.967181430802
7233,11197.161872906636
7234,11197.852025287561
7235,11200.003709741344
7236,11201.564994546208
7237,11202.024331334298
7238,11204.063532693741
7239,11205.130287876418
7240,11207.311457335074
7241,11207.496465533597
7242,11207.521024260071
7243,11210.665819483143
7244,11211.022762595094
7245,11213.65927975993
7246,11216.617197040418
7247,11217.391483313795
7248,11219.319231318956
7249,11220.31617388248
7250,11221.355557337671
7251,11223.665931759608
7252,11224.575322102701
7253,11226.566234964223
7254,11228.62128932294
7255,11229.128209601568
7256,11229.414366272269
7257,11232.245387324812
7258,11233.175528228008
7259,11234.917015380734
7260,11237.28107942892
7261,11237.733394550223
7262,11239.230642692701
7263,11240.097000861155
7264,11241.086989404843
7265,11242.646426771236
7266,11246.458114413421
7267,11247.041646168826
7268,11247.510242304403
7269,11247.707468890718
7270,11248.439832193284
7271,11250.031503743374
7272,11250.549858787075
7273,11251.952240445482
7274,11253.288432524461
7275,11254.933710919615
7276,11256.372415520937
7277,11258.403441258453
7278,11259.209330545951
7279,11262.344661720494
7280,11262.527231668142
7281,11266.148013405233
7282,11266.80145004211
7283,11267.658961253475
7284,11269.440162014213
7285,11270.974088453859
7286,11271.015114076972
7287,11273.327126253749
7288,11274.870097934709
7289,11279.242051576581
7290,11279.672158013815
7291,11281.204969887482
7292,11283.582097380186
7293,11283.728742271123
7294,11284.770206724806
7295,11286.654412937462
7296,11286.784312931861
7297,11287.42975925081
7298,11289.983212318612
7299,11290.805866850678
7300,11292.603580151657
7301,11293.328099421913
7302,11294.96873154519
7303,11296.86303457193
7304,11297.384415202192
7305,11299.53221015368
7306,11302.370725280491
7307,11303.926950053616
7308,11305.015506475154
7309,11305.770419053193
7310,11307.860623435272
7311,11308.533316790132
7312,11308.928631658597
7313,11310.368019888596
7314,11312.681697113561
7315,11314.619050237607
7316,11314.960413900417
7317,11317.687908685672
7318,11318.090382865983
7319,11320.52750558301
7320,11320.872336799512
7321,11323.197344701866
7322,11325.250716831082
7323,11325.594876343164
7324,11327.444635179945
7325,11327.52882393206
7326,11328.80195758152
7327,11332.151131690971
7328,11333.1230297117
7329,11333.978767273324
7330,11335.984224432626
7331,11337.787216819212
7332,11338.621595845822
7333,11342.286610584466
7334,11342.651102201055
7335,11344.221810474868
7336,11345.611633153112
7337,11346.842033472692
7338,11348.071340796827
7339,11349.602498005013
7340,11351.56432860411
7341,11352.062618099879
7342,11354.585456093622
7343,11355.435759751148
7344,11357.900132207536
7345,11358.199773446107
7346,11359.631697850646
7347,11361.074471998487
7348,11361.537958063085
7349,11361.609179993493
7350,11364.63132559543
7351,11364.927649214944
7352,11368.601615842608
7353,11369.863579250805
7354,11371.438118356782
7355,11371.926092606154
7356,11373.685271757377
7357,11375.623947032456
7358,11376.66600978313
7359,11378.434393623895
7360,11379.907782958619
7361,11384.352931304698
7362,11384.755433624641
7363,11385.83630671989
7364,11386.920689805556
7365,11388.40364383843
7366,11389.748269392181
7367,11390.221413622941
7368,11390.775174257393
7369,11392.291169269518
7370,11393.347041622184
7371,11394.345201819964
7372,11395.23963394428
7373,11397.757822142754
7374,11398.536358799938
7375,11400.28883032942
7376,11403.10315795468
7377,11404.831808929683
7378,11406.040378720058
7379,11407.157893260814
7380,11410.038792010817
7381,11410.511493843875
7382,11412.972974097074
7383,11414.491391919128
7384,11416.239528530126
7385,11416.503041189015
7386,11418.485220226346
7387,11418.680343001699
7388,11420.033505767391
7389,11422.127517036341
7390,11422.972407312922
7391,11423.46764911416
7392,11427.100485710713
7393,11427.20857058265
7394,11429.323026074942
7395,11429.920486166719
7396,11433.78953104376
7397,11434.380692285062
7398,11437.238563975377
7399,11440.190367697805
7400,11440.591237586092
7401,11441.415294741073
7402,11442.335671215134
7403,11442.802237618565
7404,11443.508093818169
7405,11447.106218137105
7406,11448.717579130311
7407,11449.967126303505
7408,11451.502650309247
7409,11454.837074961451
7410,11455.915113637817
7411,11456.885054132401
7412,11457.593269436755
7413,11459.105091799953
7414,11460.246668520158
7415,11462.909338200583
7416,11464.470218157143
7417,11466.073215976832
7418,11466.807054674338
7419,11467.038871629529
7420,11468.137818045514
7421,11468.862636678436
7422,11472.750092684562
7423,11473.998447829434
7424,11475.15263909549
7425,11476.587994925645
7426,11476.807869821578
7427,11478.430320049465
7428,11478.915285269362
7429,11479.058125623784
7430,11482.7044654085
7431,11484.722453305776
7432,11485.957527503782
7433,11487.147010009392
7434,11487.316146793941
7435,11490.986380312324
7436,11492.081013091936
7437,11492.486838984965
7438,11495.389707482085
7439,11497.435641814242
7440,11497.614293695293
7441,11499.139175624809
7442,11499.909997775883
7443,11501.566431096035
7444,11502.957448726336
7445,11504.955685939663
7446,11506.209305921142
7447,11509.332836063368
7448,11511.692948276886
7449,11513.281384375481
7450,11515.28353905242
7451,11516.563459844087
7452,11518.691133953316
7453,11519.440327569557
7454,11520.509890326131
7455,11520.558416028389
7456,11521.574113574801
7457,11523.424861288435
7458,11525.202963475309
7459,11526.04288143009
7460,11528.375188531607
7461,11529.123499153629
7462,11529.724192400809
7463,11529.943583363598
7464,11532.15311498038
7465,11534.037465290785
7466,11534.727978299172
7467,11540.074303658979
7468,11541.320407233492
7469,11542.620101342674
7470,11543.211146646496
7471,11545.366202457344
7472,11545.895212808959
7473,11546.138598479367
7474,11548.345341912427
7475,11549.033301871459
7476,11550.785653681218
7477,11553.924290745294
7478,11557.150878888218
7479,11557.715040331699
7480,11558.523066709697
7481,11559.262694403047
7482,11562.421341433786
7483,11564.191238423155
7484,11564.702530816952
7485,11566.718119228319
7486,11568.348531412967
7487,11569.429643835487
7488,11570.9477149578
7489,11571.487098007779
7490,11574.220856333839
7491,11575.493659428625
7492,11576.686989571952
7493,11578.247754778937
7494,11579.338667946742
7495,11581.239012361413
7496,11582.197238594288
7497,11582.493045738434
7498,11583.164896770582
7499,11585.279659421951
7500,11587.863319148242
7501,11591.134336504145
7502,11592.452851108139
7503,11593.551638031871
7504,11596.593435382778
7505,11596.61972735442
7506,11598.890165514122
7507,11599.52656495197
7508,11600.205358788064
7509,11601.498707255532
7510,11601.958094194404
7511,11602.781870327213
7512,11604.938937491148
7513,11608.678130046212
7514,11609.366388291262
7515,11609.612712350536
7516,11610.117573223466
7517,11613.485958334733
7518,11615.191481777991
7519,11616.032882175943
7520,11617.206393984949
7521,11620.330026352356
7522,11622.865304985673
7523,11624.5808216797
7524,11625.449800063221
7525,11627.533188406875
7526,11628.733353032632
7527,11631.402075971388
7528,11631.791329073378
7529,11632.326958552472
7530,11632.889447086412
7531,11634.443800918809
7532,11636.618791586512
7533,11639.268166859903
7534,11640.411267226786
7535,11640.958517860507
7536,11643.305219520018
7537,11644.046441033894
7538,11645.582989551867
7539,11647.737833069519
7540,11648.916095007035
7541,11649.305490388977
7542,11652.378313186864
7543,11654.48028201932
7544,11654.607172740514
7545,11657.879065619576
7546,11658.030822822475
7547,11660.773434128971
7548,11660.846314615097
7549,11662.665395587248
7550,11666.030371045266
7551,11666.517027574479
7552,11666.743930674536
7553,11667.867518136864
7554,11668.607744834517
7555,11671.371292096217
7556,11673.879323223666
7557,11677.021303969126
7558,11678.037529939786
7559,11678.103146545636
7560,11678.659887936785
7561,11680.081561299537
7562,11680.664239799882
7563,11684.565047885601
7564,11685.293353033807
7565,11687.722401302657
7566,11688.628609786847
7567,11691.830727629042
7568,11692.011353485481
7569,11694.668941123251
7570,11694.709068871478
7571,11697.095367557644
7572,11698.789245531443
7573,11699.375240555224
7574,11701.867284902815
7575,11703.358235422516
7576,11704.911717772888
7577,11707.517434477144
7578,11708.353759859669
7579,11709.259361979501
7580,11710.217026317931
7581,11712.381139467663
7582,11715.096501185484
7583,11717.520730932318
7584,11717.8574446619
7585,11718.536469480183
7586,11719.904983381159
7587,11722.173215417961
7588,11722.631826102017
7589,11724.753387951769
7590,11727.117701027706
7591,11727.799942778769
7592,11728.006707938608
7593,11732.092932500855
7594,11733.681703187825
7595,11736.271317369848
7596,11736.68012020256
7597,11738.918485439563
7598,11740.197586366747
7599,11740.640478428651
7600,11741.743958334091
7601,11744.412969754674
7602,11744.940387232
7603,11745.530879724492
7604,11746.613611003628
7605,11746.978806749492
7606,11751.101218148702
7607,11751.79812778381
7608,11753.580783940457
7609,11754.62254867053
7610,11755.273979424057
7611,11757.504766928225
7612,11759.008472043646
7613,11760.741670170448
7614,11760.782774252648
7615,11765.046885171492
7616,11765.822997277413
7617,11766.239963120368
7618,11769.091419399165
7619,11770.552766347819
7620,11770.805539955129
7621,11772.745216606017
7622,11775.773148073464
7623,11776.40225030418
7624,11778.235165803011
7625,11779.056379843189
7626,11779.25673211409
7627,11781.546947225246
7628,11781.856982298441
7629,11784.540283889859
7630,11786.427790921491
7631,11787.045576153645
7632,11789.297785935327
7633,11791.434285863019
7634,11793.873499943236
7635,11795.950057920871
7636,11798.438052093348
7637,11798.776831543184
7638,11799.539462312714
7639,11801.342324813875
7640,11803.744755957907
7641,11805.863105594433
7642,11806.748936488335
7643,11808.37982889142
7644,11809.199303726577
7645,11809.838762913614
7646,11810.5270660806
7647,11810.663687728911
7648,11814.195421272525
7649,11815.848979489576
7650,11818.174311704603
7651,11820.370185650761
7652,11822.039971669938
7653,11822.707950406164
7654,11825.59942453783
7655,11826.712550248621
7656,11827.893130081924
7657,11828.207016764902
7658,11828.702969854887
7659,11830.889993966857
7660,11834.584507263977
7661,11834.949706442825
7662,11835.692821467197
7663,11839.73670001153
7664,11840.355394418293
7665,11845.170552151701
7666,11846.004103223864
7667,11846.198249804464
7668,11850.596013091323
7669,11850.814809885949
7670,11851.959420521851
7671,11852.648800560482
7672,11852.990390927565
7673,11854.519179899717
7674,11856.172566752253
7675,11857.287468556897
7676,11859.333546693335
7677,11862.200336678578
7678,11863.930465618449
7679,11864.505325863165
7680,11864.885817376538
7681,11868.270144237282
7682,11869.455516568005
7683,11871.396221856374
7684,11873.664108403022
7685,11874.304483485743
7686,11875.66241950053
7687,11876.351184778145
7688,11877.567237900557
7689,11878.301051431714
7690,11881.224673850431
7691,11881.751478207359
7692,11884.283666023734
7693,11884.798610797216
7694,11886.3340676397
7695,11887.319412335302
7696,11887.965289498225
7697,11891.836267178183
7698,11893.669188031243
7699,11895.242989047789
7700,11896.949863166457
7701,11899.45093815112
7702,11899.747901641505
7703,11900.840662485291
7704,11903.437792226166
7705,11906.102823345183
7706,11907.361295639699
7707,11908.765482734239
7708,11908.883941946126
7709,11911.421190574752
7710,11911.47985474308
7711,11913.832416301053
7712,11916.434958026306
7713,11918.369789539896
7714,11918.564841714691
7715,11919.559885627334
7716,11922.22956630006
7717,11923.335773750485
7718,11924.407387872627
7719,11926.713654695925
7720,11929.181962802906
7721,11930.217783851822
7722,11930.323952386385
7723,11934.559320972909
7724,11934.896952737727
7725,11936.9161506815
7726,11937.839561829674
7727,11939.518467630583
7728,11940.810253256695
7729,11941.604218008448
7730,11942.701057913871
7731,11945.852325226999
7732,11947.709154441915
7733,11949.174126423373
7734,11949.400174740771
7735,11950.82523131207
7736,11954.303287048251
7737,11956.161383509105
7738,11957.861070617624
7739,11958.982150251843
7740,11959.608231860277
7741,11961.823929226493
7742,11964.501197222356
7743,11966.83864587537
7744,11966.978033041072
7745,11969.513138789202
7746,11972.585398056779
7747,11973.650841577379
7748,11975.485648066842
7749,11976.163905325953
7750,11979.627833440998
7751,11979.946520592799
7752,11980.607148841334
7753,11982.438701965313
7754,11983.31503132973
7755,11986.202868019749
7756,11986.768587793322
7757,11989.027879310937
7758,11993.007620251625
7759,11994.10239201004
7760,11994.950062257121
7761,11995.738322294999
7762,11997.68597019751
7763,11998.207365105247
7764,11999.567312703353
7765,12000.617062312418
7766,12000.999795259686
7767,12002.795912238758
7768,12003.264229819311
7769,12003.342186696451
7770,12007.310318496968
7771,12008.049956949711
7772,12010.994158128166
7773,12014.336476010158
7774,12015.829754556606
7775,12016.736887919
7776,12017.827562714292
7777,12020.90175252062
7778,12020.902809210491
7779,12022.180973096751
7780,12023.289607452713
7781,12024.769563506577
7782,12027.771416386331
7783,12028.93597033828
7784,12031.2510068682
7785,12033.684402564528
7786,12033.996982029905
7787,12035.611255142012
7788,12035.82198429128
7789,12038.194028834694
7790,12038.539456965929
7791,12041.461477728122
7792,12044.380990765638
7793,12046.052880365951
7794,12048.438192519749
7795,12050.055657914203
7796,12050.764028268346
7797,12052.28237829922
7798,12053.38148493285
7799,12056.905448156609
7800,12056.980550718441
7801,12058.512961305116
7802,12061.565296681418
7803,12063.585313505873
7804,12063.780153737196
7805,12065.190423358579
7806,12068.180489016435
7807,12068.41959127154
7808,12068.634121081062
7809,12069.488627135637
7810,12071.751224273719
7811,12074.5798912137
7812,12076.333668417195
7813,12076.536205745277
7814,12077.50544918682
7815,12079.123676481759
7816,12080.382376327489
7817,12083.095481604654
7818,12084.089669984471
7819,12085.030836815216
7820,12087.626563038179
7821,12088.880724336062
7822,12093.061375118883
7823,12093.668691513634
7824,12095.330916074789
7825,12097.623823673261
7826,12098.684995590442
7827,12098.693255368813
7828,12100.80215141951
7829,12102.783719986459
7830,12103.175376501336
7831,12105.558564141385
7832,12107.520073888618
7833,12107.997639247924
7834,12108.193772362645
7835,12110.202928343662
7836,12114.384507266754
7837,12116.421197134259
7838,12117.951429306524
7839,12120.924830853268
7840,12122.214826555833
7841,12123.292991281236
7842,12125.615271028804
7843,12128.937978106034
7844,12129.471525157247
7845,12130.955221789854
7846,12130.959250674234
7847,12132.920678062668
7848,12136.978026137544
7849,12138.55778803371
7850,12139.18732587478
7851,12139.820650008262
7852,12142.580382401013
7853,12142.823020668198
7854,12145.121532975223
7855,12145.538000682842
7856,12149.089062339743
7857,12149.508075952472
7858,12150.061965036572
7859,12150.09000309817
7860,12152.748650972091
7861,12156.883060200063
7862,12159.007920452776
7863,12161.28062567577
7864,12162.35699906495
7865,12164.527538369051
7866,12165.464918662872
7867,12166.224123423117
7868,12166.456710795765
7869,12170.059705763053
7870,12170.704240159113
7871,12172.028900902615
7872,12172.720437068836
7873,12174.417053817453
7874,12175.326786841197
7875,12176.046025308464
7876,12178.094428532664
7877,12182.171899241097
7878,12182.980561061499
7879,12184.653859855593
7880,12185.646094172813
7881,12186.506205870026
7882,12190.871661386538
7883,12191.405688304276
7884,12193.063362720864
7885,12194.71333352347
7886,12195.121013242699
7887,12195.29404453037
7888,12198.002030563701
7889,12200.417653261818
7890,12203.72427686725
7891,12204.515412042239
7892,12205.827702681261
7893,12209.999452133412
7894,12210.515389662671
7895,12212.574954257734
7896,12212.960529986573
7897,12214.98185894651
7898,12215.406609130903
7899,12215.770469082048
7900,12218.800832331754
7901,12219.632241127085
7902,12220.85376377343
7903,12223.45468129053
7904,12224.411676256139
7905,12227.867967621356
7906,12228.646714352448
7907,12231.942400262016
7908,12232.935440550023
7909,12233.823922389478
7910,12235.476670517925
7911,12236.117205602521
7912,12237.797913512422
7913,12239.157056889606
7914,12241.553370220401
7915,12246.195134968193
7916,12246.941532895093
7917,12247.24004226903
7918,12249.858718244084
7919,12250.340676314405
7920,12252.826937966605
7921,12254.014620365222
7922,12255.716681321466
7923,12256.595439795494
7924,12257.725139226566
7925,12259.19968654578
7926,12260.00618885459
7927,12260.870618865749
7928,12266.167118314312
7929,12269.470008431641
7930,12270.233391239281
7931,12270.902715759437
7932,12271.369125123334
7933,12274.557719900866
7934,12275.656806255605
7935,12278.458588254913
7936,12279.675320778144
7937,12281.273708235367
7938,12282.962152948612
7939,12285.286995079585
7940,12285.578510134863
7941,12287.418954886367
7942,12289.532638348213
7943,12289.839525907359
7944,12292.994984998149
7945,12295.525366091601
7946,12295.655779692186
7947,12296.737480369015
7948,12297.134637159486
7949,12298.870427084717
7950,12299.499621436506
7951,12302.548788961809
7952,12305.341715823039
7953,12309.200116345843
7954,12311.107207831079
7955,12311.718697115935
7956,12312.647974739797
7957,12314.537689636411
7958,12316.295760529632
7959,12316.404564072007
7960,12319.345334224083
7961,12320.226737402163
7962,12323.246946917925
7963,12324.875843061167
7964,12327.065855899753
7965,12328.687173945842
7966,12329.327556430722
7967,12330.323418150683
7968,12331.960076661509
7969,12332.937635490276
7970,12333.191295866882
7971,12334.061207142924
7972,12337.983408493277
7973,12340.288331384374
7974,12342.59519732954
7975,12342.673896047019
7976,12345.656491141524
7977,12347.225285731571
7978,12348.352192507869
7979,12350.12678895194
7980,12352.383201222667
7981,12354.800967966932
7982,12355.789071626423
7983,12356.403329558103
7984,12357.471540370392
7985,12358.887026907048
7986,12359.073855888782
7987,12361.957506002653
7988,12363.21520414808
7989,12363.60771046694
7990,12364.855755816627
7991,12366.879003486458
7992,12372.212726347227
7993,12374.36353805442
7994,12375.657224499393
7995,12376.102079211358
7996,12379.106661597631
7997,12380.792081689076
7998,12382.116434968979
7999,12384.087510939675
8000,12387.04219959259
8001,12387.100411799494
8002,12388.424122853679
8003,12391.149776115635
8004,12392.997938473573
8005,12393.238554524882
8006,12395.029921626978
8007,12396.156963492595
8008,12397.282196594748
8009,12397.872288328548
8010,12400.865725295498
8011,12401.775011982894
8012,12403.733325815077
8013,12405.852322144363
8014,12410.131735969031
8015,12411.595835899474
8016,12412.081484743023
8017,12413.102128973063
8018,12417.022945956265
8019,12417.552071924252
8020,12419.255582641181
8021,12420.954901970556
8022,12423.534798369392
8023,12424.197330193118
8024,12426.156487131586
8025,12428.778103094359
8026,12429.922878951673
8027,12431.530903925437
8028,12433.868412587923
8029,12434.312708559248
8030,12436.751357797881
8031,12438.018339972608
8032,12440.043689447526
8033,12440.932817372417
8034,12441.356285360369
8035,12444.576740477571
8036,12445.078353948511
8037,12446.128533874025
8038,12447.429251468357
8039,12448.48747291457
8040,12450.606106294259
8041,12453.280697029555
8042,12454.646926848975
8043,12457.396247692139
8044,12458.543441114183
8045,12461.294251656478
8046,12462.220845278596
8047,12465.075304799919
8048,12467.156262605598
8049,12467.811810729991
8050,12470.184229321256
8051,12472.43584696954
8052,12473.305395958485
8053,12476.352809844275
8054,12479.423276930893
8055,12481.72196827765
8056,12482.470934702918
8057,12482.949411643865
8058,12484.925094703827
8059,12485.467298142865
8060,12487.773003981709
8061,12488.208010271957
8062,12491.273808250322
8063,12491.898058487515
8064,12493.939237541941
8065,12494.540219889755
8066,12497.308291616806
8067,12497.56730393185
8068,12500.454602957499
8069,12501.308759333007
8070,12502.746201207181
8071,12506.833737034947
8072,12508.323201907764
8073,12509.552844415839
8074,12509.765306595944
8075,12511.486577710259
8076,12512.377877694022
8077,12515.177417411998
8078,12516.534516177435
8079,12517.893313745279
8080,12520.564278565276
8081,12524.645991427429
8082,12526.045465275931
8083,12526.300170144861
8084,12527.311560348373
8085,12529.350989750479
8086,12529.713264865146
8087,12530.72764115994
8088,12534.486281187679
8089,12535.185683852558
8090,12536.75128628403
8091,12538.892521659191
8092,12539.453844223461
8093,12541.583442925585
8094,12545.029747688917
8095,12547.822953624696
8096,12551.373070590751
8097,12552.063848223119
8098,12552.925172070672
8099,12555.194183516222
8100,12556.971307487316
8101,12558.677260370954
8102,12559.021107189305
8103,12561.833673343899
8104,12563.545590858597
8105,12563.784934868989
8106,12565.69519625407
8107,12567.429045454501
8108,12570.075683140552
8109,12571.034819488859
8110,12571.443904755921
8111,12573.321185288618
8112,12575.759185467146
8113,12576.323014470614
8114,12579.351741894547
8115,12580.706905790967
8116,12582.423135925168
8117,12583.039207901302
8118,12585.882281087052
8119,12586.783624345369
8120,12588.992889737643
8121,12590.960359937013
8122,12591.761478580778
8123,12592.53561700305
8124,12595.223542296841
8125,12596.034820538049
8126,12600.185923632656
8127,12600.874672510574
8128,12601.794090779307
8129,12605.602404507878
8130,12608.186993305084
8131,12610.188940649445
8132,12611.584642385191
8133,12612.325404899924
8134,12612.612585239862
8135,12614.549044539819
8136,12617.621795708797
8137,12618.660481324343
8138,12619.279731779168
8139,12620.576725243272
8140,12621.267099926366
8141,12624.193858309876
8142,12625.117483555032
8143,12627.386680461108
8144,12629.648916925893
8145,12631.778145061295
8146,12632.22530399258
8147,12633.734766413154
8148,12635.931350698187
8149,12637.699102215622
8150,12639.120979919284
8151,12643.061231705409
8152,12644.788404040073
8153,12644.987430962539
8154,12647.187827234224
8155,12648.331519652356
8156,12649.564165957489
8157,12653.88052769089
8158,12654.780992632628
8159,12658.133543367379
8160,12660.488355040901
8161,12665.017248192369
8162,12665.775003234858
8163,12666.575682870054
8164,12667.203640995886
8165,12667.411542285952
8166,12667.445463197248
8167,12669.095835439379
8168,12669.576556266977
8169,12670.256721094778
8170,12672.563203468262
8171,12674.985386611739
8172,12677.640354439316
8173,12679.560606310197
8174,12680.469693515786
8175,12683.354687737557
8176,12684.544168325749
8177,12684.862436178599
8178,12686.929355028829
8179,12689.861419232953
8180,12692.26168884346
8181,12695.505240697896
8182,12695.875477086131
8183,12699.665867419038
8184,12702.559382348758
8185,12702.607447423421
8186,12703.79603554339
8187,12705.96419673353
8188,12708.481110055425
8189,12709.619350667477
8190,12712.794832744998
8191,12713.61377267356
8192,12714.277287802584
8193,12715.434613726176
8194,12718.600674817024
8195,12721.313741474789
8196,12722.561608294052
8197,12723.908070842133
8198,12724.453445543262
8199,12725.206646146231
8200,12727.848026897533
8201,12728.659142525266
8202,12730.427214002322
8203,12731.257862454726
8204,12732.876516234424
8205,12736.176086588164
8206,12737.879541139435
8207,12739.535232655562
8208,12740.139020326687
8209,12741.898702847391
8210,12745.171848391707
8211,12745.979286932503
8212,12748.666145332025
8213,12751.386192390131
8214,12751.518316235886
8215,12753.916212533666
8216,12755.874061098553
8217,12756.843232487196
8218,12757.132685044346
8219,12757.652060473931
8220,12760.887286821442
8221,12763.353536215203
8222,12765.399482183933
8223,12769.006173771735
8224,12770.081033798777
8225,12770.326016537168
8226,12774.356153106779
8227,12777.122553767085
8228,12778.459500412871
8229,12778.674549371854
8230,12781.306548102484
8231,12781.459615879758
8232,12784.347920450777
8233,12784.788755397471
8234,12785.924517926771
8235,12789.691498700358
8236,12790.866155149248
8237,12792.74658727277
8238,12792.859550589646
8239,12796.886795942759
8240,12798.388336986005
8241,12799.115622629462
8242,12799.587377322268
8243,12801.675619480784
8244,12805.029486552294
8245,12807.123309206794
8246,12807.214124797019
8247,12809.142813316992
8248,12810.859101020409
8249,12812.245241113724
8250,12813.513812104824
8251,12816.662442375009
8252,12817.800640665197
8253,12819.920278650117
8254,12824.445826199159
8255,12826.083547969458
8256,12826.5659398884
8257,12829.593087032192
8258,12831.017314354196
8259,12832.025597009788
8260,12836.018612761278
8261,12838.328857478364
8262,12839.289898609115
8263,12840.955050172306
8264,12841.032730605615
8265,12841.580865972877
8266,12843.677450990237
8267,12846.490431864013
8268,12846.968183893494
8269,12848.379764665724
8270,12849.828662958593
8271,12853.77483197589
8272,12855.389425424097
8273,12857.049582432806
8274,12857.75225460796
8275,12860.282221269319
8276,12860.590852668294
8277,12862.683182975938
8278,12863.306921281504
8279,12866.210534231805
8280,12868.357594649813
8281,12868.93922246906
8282,12869.978775946996
8283,12875.078966749388
8284,12875.874576318623
8285,12876.765805047738
8286,12878.391927392118
8287,12883.093672812754
8288,12883.595472843243
8289,12884.166380535587
8290,12886.603365172019
8291,12888.973441142547
8292,12890.277165719839
8293,12891.421294115171
8294,12892.427217742425
8295,12892.992727548213
8296,12898.862325510367
8297,12900.70542732767
8298,12902.085173548363
8299,12902.652222685581
8300,12903.166738717275
8301,12904.522806053046
8302,12907.218120757097
8303,12908.882094528035
8304,12909.230789352643
8305,12910.124497340114
8306,12912.825227549713
8307,12914.039077193132
8308,12917.551435135694
8309,12918.757358880011
8310,12920.645790231069
8311,12921.919138755888
8312,12923.350876794519
8313,12927.307156122211
8314,12928.862519890354
8315,12928.970592604524
8316,12932.691901710572
8317,12934.511718533573
8318,12936.347661330072
8319,12939.223539450191
8320,12940.299157390666
8321,12942.391362553804
8322,12944.338759588527
8323,12945.02862693203
8324,12945.539743842308
8325,12946.693886577881
8326,12949.144416424329
8327,12951.914513364789
8328,12952.865047611458
8329,12953.826299634355
8330,12955.500580835753
8331,12957.313199606304
8332,12959.198323025576
8333,12962.386335544434
8334,12964.041753614049
8335,12964.977439901995
8336,12967.715446622782
8337,12968.594666028761
8338,12968.962327449926
8339,12974.005008475406
8340,12976.57983259056
8341,12977.761756389902
8342,12979.66605083895
8343,12981.23076665764
8344,12982.605759010796
8345,12985.066418833512
8346,12985.982921124276
8347,12987.941938995438
8348,12989.454611391866
8349,12991.570588820174
8350,12993.346980269887
8351,12993.405489024346
8352,12995.190801615952
8353,13000.180217156782
8354,13001.730531394382
8355,13002.637535987578
8356,13003.524411721381
8357,13005.990277614394
8358,13006.126107107171
8359,13007.580450198162
8360,13009.559167405292
8361,13013.108250625204
8362,13013.962323247179
8363,13017.797107144814
8364,13019.480998209579
8365,13021.265942528189
8366,13022.892005356236
8367,13025.819907930283
8368,13027.318137528946
8369,13029.438421014829
8370,13029.827371095071
8371,13033.383907393014
8372,13035.182337700058
8373,13035.98982210784
8374,13038.289458870204
8375,13039.038209063629
8376,13040.374675902087
8377,13040.733232370441
8378,13040.886372717052
8379,13041.868600853284
8380,13045.850906242888
8381,13047.072514754318
8382,13048.631001493348
8383,13051.023046356609
8384,13051.270934875356
8385,13056.279039569295
8386,13059.177121437069
8387,13060.347573587245
8388,13061.214388301471
8389,13064.144600202162
8390,13064.195503600498
8391,13068.613340388789
8392,13069.940401071226
8393,13070.103913548581
8394,13072.833664344587
8395,13074.105478643181
8396,13079.303886201376
8397,13080.115230350037
8398,13080.779350764735
8399,13080.85141923728
8400,13083.769913012935
8401,13085.493671867483
8402,13085.698972373608
8403,13088.635671346887
8404,13089.184371796977
8405,13094.690223253203
8406,13095.240772615311
8407,13096.537669383097
8408,13097.651112709882
8409,13099.843716109001
8410,13104.254455783983
8411,13105.257546947356
8412,13105.504577764556
8413,13105.975973874254
8414,13108.230003015397
8415,13109.176127387444
8416,13109.471952083666
8417,13112.988789121906
8418,13116.123404515347
8419,13116.494332268414
8420,13118.270608356475
8421,13121.476165659516
8422,13121.822565469936
8423,13125.512906131782
8424,13127.287207342462
8425,13127.316839063831
8426,13131.683718617083
8427,13133.897673084284
8428,13135.466119943947
8429,13137.995632616823
8430,13139.771920772284
8431,13140.365455304986
8432,13143.268149723395
8433,13144.438579287043
8434,13148.044250615607
8435,13148.733038191511
8436,13148.921668922518
8437,13150.608629401173
8438,13152.433883642219
8439,13155.263432349533
8440,13157.764855387664
8441,13159.187802375181
8442,13159.420037426396
8443,13163.03191007396
8444,13165.615594685392
8445,13167.790852773869
8446,13168.502491094985
8447,13169.579346031533
8448,13170.542585173574
8449,13174.02198707039
8450,13175.524665419502
8451,13176.937039303102
8452,13178.244338005257
8453,13179.448306747991
8454,13182.226648058022
8455,13182.41096649972
8456,13185.341507238547
8457,13187.621885071205
8458,13188.664766470229
8459,13190.319342208755
8460,13192.480471303053
8461,13193.251135869044
8462,13194.941429218776
8463,13197.049471475764
8464,13199.512208793391
8465,13202.115600520383
8466,13202.567637264656
8467,13206.249389831899
8468,13209.214070070166
8469,13209.771196696216
8470,13211.497548043551
8471,13211.644518370744
8472,13212.469182782732
8473,13219.295262077059
8474,13220.945095347714
8475,13221.277732677339
8476,13222.187716442557
8477,13223.084036303799
8478,13226.263150244566
8479,13227.100954274811
8480,13230.402579688844
8481,13230.455514702919
8482,13232.644191193962
8483,13234.318306567746
8484,13234.682197832237
8485,13235.255354634328
8486,13237.189747032307
8487,13239.960949719207
8488,13245.499117089326
8489,13246.794812179462
8490,13247.938746909909
8491,13249.589177272472
8492,13252.31279910909
8493,13255.177752027535
8494,13256.676093079499
8495,13256.770798930533
8496,13258.623694875072
8497,13262.133585829426
8498,13262.945350240214
8499,13265.88874977963
8500,13267.335558352466
8501,13269.277397514827
8502,13270.230879483544
8503,13272.298326339947
8504,13274.24716479273
8505,13274.364902040985
8506,13277.674900355094
8507,13278.050119536643
8508,13280.63866870992
8509,13281.964074871627
8510,13282.463826014258
8511,13283.288647265232
8512,13286.28195467246
8513,13289.793379682878
8514,13290.509708536167
8515,13290.755907664246
8516,13292.928386505097
8517,13294.988564035668
8518,13296.176985717386
8519,13299.610233645444
8520,13304.358460102849
8521,13306.509614405843
8522,13310.376161327775
8523,13311.851273413462
8524,13312.670487047357
8525,13315.517695189326
8526,13317.512006745454
8527,13317.998022669859
8528,13318.781268151428
8529,13321.706526958773
8530,13322.286282199189
8531,13326.197005850538
8532,13326.323695744342
8533,13326.330377429669
8534,13329.066740494132
8535,13331.763148643668
8536,13332.591318734749
8537,13333.268423623302
8538,13337.705291348748
8539,13338.364308747392
8540,13338.784587783581
8541,13340.939210784851
8542,13341.887429933204
8543,13345.330388712018
8544,13346.64874102969
8545,13347.83596302259
8546,13350.458205509289
8547,13353.514459494181
8548,13357.494735018827
8549,13358.135069572189
8550,13359.581942931796
8551,13361.964164170884
8552,13363.944524000304
8553,13365.427172045016
8554,13368.563290998056
8555,13371.225973370416
8556,13371.818123188972
8557,13372.759112007412
8558,13375.971612328491
8559,13379.197058484286
8560,13379.38216867102
8561,13380.99306728955
8562,13381.22079705037
8563,13383.166149690274
8564,13383.687507935856
8565,13386.290747845585
8566,13386.378471055941
8567,13390.349707874941
8568,13393.178549501537
8569,13396.523706371951
8570,13397.897504619204
8571,13399.905315373411
8572,13400.068766032369
8573,13403.247619966703
8574,13403.940909435809
8575,13407.037350314817
8576,13407.421293428799
8577,13411.154672385857
8578,13412.352238019525
8579,13414.306621530464
8580,13416.492034753603
8581,13417.079723526758
8582,13417.118036224814
8583,13420.600030871135
8584,13422.007234844927
8585,13423.061355008007
8586,13426.825298244179
8587,13427.820958917357
8588,13428.400225781374
8589,13432.059972516034
8590,13433.453673149745
8591,13433.458309341891
8592,13436.783701169225
8593,13440.269497396625
8594,13441.410245946976
8595,13442.928289387815
8596,13445.621852357463
8597,13445.780681561835
8598,13448.847549983737
8599,13451.653217809277
8600,13453.420134796082
8601,13458.197011796849
8602,13458.221165492809
8603,13461.322085293907
8604,13462.081543145678
8605,13462.761461120617
8606,13464.991030368088
8607,13466.736128201832
8608,13469.296504833561
8609,13469.997180899541
8610,13471.359156267172
8611,13474.777558813266
8612,13474.82559948545
8613,13475.14392084137
8614,13479.066417502003
8615,13481.867069601407
8616,13482.445181148116
8617,13486.100882842808
8618,13486.350143907213
8619,13486.568569613519
8620,13488.591714443526
8621,13489.638860650142
8622,13494.094189844433
8623,13497.172481351403
8624,13497.953983642508
8625,13499.443262482651
8626,13501.823007134913
8627,13503.841400227382
8628,13505.852122809851
8629,13506.99657500162
8630,13508.995728578884
8631,13513.345941732494
8632,13513.67125696827
8633,13515.611861094088
8634,13517.116762053356
8635,13518.316776803547
8636,13520.032633686336
8637,13522.994780734654
8638,13523.398228035823
8639,13525.68000476409
8640,13527.86814725709
8641,13527.932079014194
8642,13532.620274841305
8643,13532.681595372775
8644,13534.046341222886
8645,13536.095010129802
8646,13542.727660534052
8647,13543.313991195242
8648,13544.679712281813
8649,13546.646739397418
8650,13546.857787530105
8651,13549.433299528795
8652,13550.968959692858
8653,13551.964149133615
8654,13554.135481914022
8655,13555.176974795522
8656,13559.960140762943
8657,13560.491409558568
8658,13560.58289267679
8659,13564.983700529125
8660,13565.100433706346
8661,13566.676559282156
8662,13567.900073812994
8663,13573.08054694665
8664,13575.362243793643
8665,13577.055642473229
8666,13577.112490959526
8667,13579.268246025847
8668,13579.287489993521
8669,13581.982446121332
8670,13586.802964397186
8671,13588.458198650336
8672,13588.994923817469
8673,13590.585632951019
8674,13592.215146110957
8675,13594.604997873641
8676,13596.875037471755
8677,13597.278748063294
8678,13598.997334707637
8679,13601.007413876709
8680,13602.308126565587
8681,13605.679251184534
8682,13608.490724976389
8683,13610.451418753602
8684,13614.310613175849
8685,13616.037574247746
8686,13616.200854354523
8687,13618.257825614981
8688,13618.822240937252
8689,13621.922427523426
8690,13624.296856523775
8691,13625.656888599229
8692,13626.33880039344
8693,13627.089443795232
8694,13630.776075023117
8695,13632.899532712099
8696,13637.05536993651
8697,13637.205124342079
8698,13639.438809973582
8699,13640.769307032257
8700,13641.123368018832
8701,13644.198070200266
8702,13646.949069902768
8703,13647.404010003034
8704,13649.277855506321
8705,13650.777173662267
8706,13654.456837522648
8707,13655.357765275739
8708,13659.878292317893
8709,13660.496873703309
8710,13661.813579543414
8711,13665.23917339087
8712,13666.281260978072
8713,13669.121910968914
8714,13670.260751191334
8715,13672.822439028278
8716,13674.400303059387
8717,13675.948292550396
8718,13679.61939155361
8719,13682.569028988528
8720,13683.033377506606
8721,13684.758725886717
8722,13685.275191758943
8723,13686.394108410384
8724,13690.355971294797
8725,13691.176814578082
8726,13693.2681106495
8727,13693.40205668095
8728,13697.805223211322
8729,13698.936760164903
8730,13699.681182404509
8731,13701.89272078564
8732,13704.978247728855
8733,13705.395773877637
8734,13706.24963253539
8735,13710.567139314671
8736,13713.197800338412
8737,13714.176358728542
8738,13715.167078728622
8739,13715.630642501985
8740,13718.137565172134
8741,13718.240162080414
8742,13722.412461419359
8743,13726.681223910637
8744,13726.805397636777
8745,13728.879922570564
8746,13730.346037698611
8747,13732.828325678807
8748,13737.35210265217
8749,13739.553733266073
8750,13739.643191107749
8751,13740.348464686087
8752,13742.402711572007
8753,13742.890707967934
8754,13745.722399833376
8755,13747.937317698672
8756,13750.559139264891
8757,13751.693645738998
8758,13754.372611188697
8759,13756.33108939532
8760,13758.730309815581
8761,13762.045971751042
8762,13762.781405376249
8763,13763.581717798683
8764,13767.84464795354
8765,13770.722908976211
8766,13772.845151569552
8767,13774.829611107092
8768,13775.635085409669
8769,13778.526315273184
8770,13778.991005252752
8771,13780.081629719538
8772,13781.919661931708
8773,13784.074042714563
8774,13784.752722717703
8775,13785.715038248949
8776,13789.659218078777
8777,13790.318792157746
8778,13792.944210038017
8779,13795.444228431708
8780,13795.599861286106
8781,13797.82557261647
8782,13798.658465901444
8783,13801.827784491361
8784,13802.458417727754
8785,13803.78845417254
8786,13809.34368580205
8787,13810.163063356709
8788,13812.576011439116
8789,13814.346898942496
8790,13814.570452453474
8791,13819.872924713816
8792,13821.061174415592
8793,13824.215580799846
8794,13825.989178572836
8795,13826.603387818284
8796,13830.125541697569
8797,13830.21487564627
8798,13831.935106753772
8799,13833.947639819144
8800,13834.290117486767
8801,13835.217964975311
8802,13837.766664870625
8803,13839.69135730048
8804,13842.550916318936
8805,13844.681799590015
8806,13847.878303158481
8807,13848.888114787447
8808,13850.783803566153
8809,13852.91428031656
8810,13854.849495844184
8811,13855.643852189985
8812,13857.878996287169
8813,13858.404251448806
8814,13864.388272058117
8815,13865.785058051631
8816,13868.000483385609
8817,13868.331681067861
8818,13869.806902535991
8819,13874.133299135126
8820,13874.808474538393
8821,13876.465845077037
8822,13881.208324884868
8823,13882.421511703298
8824,13883.078359046218
8825,13884.84686606063
8826,13888.468507939715
8827,13889.286662238726
8828,13890.328655942561
8829,13891.021805061851
8830,13891.933072061167
8831,13895.156370413701
8832,13899.775588865497
8833,13900.943703224328
8834,13902.502358981503
8835,13903.513880318351
8836,13904.321502281993
8837,13907.490104119415
8838,13909.17541618629
8839,13912.542830908658
8840,13915.780955109598
8841,13918.192698037756
8842,13918.249445510453
8843,13920.357046782523
8844,13923.376195362687
8845,13925.468686009981
8846,13926.78572814381
8847,13927.262233065647
8848,13931.497763822859
8849,13932.490413326803
8850,13934.969196694443
8851,13936.177456106556
8852,13938.030524441087
8853,13941.589374186415
8854,13942.287828787556
8855,13942.954093310362
8856,13944.576106114318
8857,13945.934850685473
8858,13947.122652760958
8859,13952.175071047208
8860,13953.077243516591
8861,13954.814529929321
8862,13956.9869789226
8863,13959.620553462752
8864,13960.386478149765
8865,13961.453549485934
8866,13963.052635700182
8867,13968.152492553672
8868,13969.561740543833
8869,13972.04217638485
8870,13974.268227234574
8871,13977.518907641717
8872,13980.196946905471
8873,13980.20938186407
8874,13982.793938755987
8875,13984.375001316917
8876,13986.965928002006
8877,13987.703938115281
8878,13992.295417797463
8879,13994.129349438976
8880,13994.786245781594
8881,13996.317207880738
8882,13998.174485410434
8883,13998.712902311632
8884,14002.063432640263
8885,14002.624128790661
8886,14006.238976675158
8887,14006.546768060731
8888,14008.207627652164
8889,14009.604438639657
8890,14010.500747636026
8891,14013.497681709287
8892,14018.596682627089
8893,14019.285427687655
8894,14022.120907391285
8895,14023.173250520336
8896,14025.787133971338
8897,14027.127209197917
8898,14027.80702815205
8899,14030.574307624815
8900,14030.779471203476
8901,14034.851067932832
8902,14036.894073525478
8903,14039.659835654698
8904,14041.230378480612
8905,14042.208032100711
8906,14044.006960733168
8907,14045.767286266
8908,14049.575163759937
8909,14051.723416801015
8910,14051.743237962952
8911,14055.856009105493
8912,14059.046049554081
8913,14060.100450047104
8914,14063.119088256324
8915,14064.491457556514
8916,14066.452873098529
8917,14067.476545839834
8918,14070.160595338422
8919,14073.663243714787
8920,14074.64982007843
8921,14077.279267869395
8922,14078.314973255197
8923,14079.41326075446
8924,14081.621094640006
8925,14082.321513382774
8926,14083.822690777293
8927,14086.029467738901
8928,14086.969402885139
8929,14091.10986853515
8930,14092.778370055166
8931,14094.107765644461
8932,14096.45623551165
8933,14097.833569569268
8934,14098.857174202072
8935,14100.780925156345
8936,14101.765615740727
8937,14104.191853158532
8938,14109.621998338022
8939,14113.419313159664
8940,14114.544136900282
8941,14115.765781707998
8942,14117.542739909148
8943,14119.363172502448
8944,14119.683524778531
8945,14121.326577020596
8946,14126.423394921538
8947,14127.142236910551
8948,14128.152561801389
8949,14128.245012900408
8950,14130.497256907222
8951,14130.706374141992
8952,14135.038056824633
8953,14137.590730333966
8954,14139.457255001671
8955,14143.48186980362
8956,14144.763597095372
8957,14146.340103500515
8958,14148.059018557642
8959,14151.104785309706
8960,14153.031094841144
8961,14153.848665265741
8962,14154.402007114526
8963,14157.818679842185
8964,14161.274734178407
8965,14161.99346862908
8966,14165.981471441815
8967,14167.256637862021
8968,14171.683192972107
8969,14172.012295928653
8970,14172.465009930242
8971,14175.351212634312
8972,14176.774960402694
8973,14177.64809327458
8974,14179.026994082269
8975,14181.736970469728
8976,14182.684131346339
8977,14184.461383794851
8978,14186.368256639429
8979,14189.958526056778
8980,14191.746086221468
8981,14196.454501186636
8982,14198.537418794745
8983,14199.46971861961
8984,14200.436646839855
8985,14201.316115818139
8986,14208.045630396842
8987,14209.055503473706
8988,14210.262643955934
8989,14212.487067981514
8990,14214.663507351564
8991,14216.886965152309
8992,14217.50085036933
8993,14220.505979924052
8994,14221.09059943405
8995,14224.076254573369
8996,14225.297926660554
8997,14228.176375007497
8998,14229.050547917512
8999,14230.317274374253
9000,14231.046699984206
9001,14235.387154286333
9002,14237.402037625607
9003,14237.83124400785
9004,14239.457626868787
9005,14241.343888220124
9006,14242.701147586273
9007,14243.822062432255
9008,14248.344850858372
9009,14254.222559624824
9010,14257.036230829537
9011,14257.701871621126
9012,14259.19125533956
9013,14259.846991748705
9014,14260.085779709583
9015,14262.310111861427
9016,14266.319290731544
9017,14267.243409233704
9018,14270.300209344741
9019,14271.993622508839
9020,14273.645961326774
9021,14274.465678439599
9022,14278.886831627935
9023,14280.983498215091
9024,14282.724819553543
9025,14283.704142198781
9026,14286.449650857297
9027,14288.129899712736
9028,14291.192223196278
9029,14292.48811089423
9030,14296.14543137393
9031,14297.144565170673
9032,14299.885286939811
9033,14299.896985775529
9034,14304.123814298349
9035,14304.2910849005
9036,14305.930819649921
9037,14311.262792000669
9038,14313.010955929405
9039,14314.723512711642
9040,14315.788034002451
9041,14316.451056020653
9042,14317.20315912242
9043,14318.067556167913
9044,14320.548574432896
9045,14322.523637880435
9046,14326.40127017244
9047,14328.815882995537
9048,14329.531497200413
9049,14331.32261755587
9050,14335.062506652217
9051,14339.363728844615
9052,14339.906976029133
9053,14343.129733440781
9054,14343.706100768821
9055,14346.995689108993
9056,14348.259551112144
9057,14350.008655461939
9058,14352.34898968667
9059,14353.25484696798
9060,14356.93646820092
9061,14357.526034684579
9062,14359.437155157893
9063,14359.52090039275
9064,14361.459534388081
9065,14363.341934712256
9066,14364.825370309316
9067,14370.216291655379
9068,14370.438559849965
9069,14372.280841746004
9070,14374.70470058765
9071,14375.803280438877
9072,14379.179553555314
9073,14379.71928085141
9074,14382.078237812942
9075,14383.300188471327
9076,14389.519807312294
9077,14390.890843795922
9078,14392.099677643555
9079,14395.898107398869
9080,14398.515520413641
9081,14398.966248932717
9082,14400.278319155364
9083,14403.022295347953
9084,14404.383480683995
9085,14407.355726924743
9086,14408.398612594381
9087,14409.153766336129
9088,14413.845891962381
9089,14415.109060837151
9090,14417.713346144141
9091,14418.602131664822
9092,14418.898612318791
9093,14422.985452807143
9094,14425.257047168643
9095,14426.030133751588
9096,14428.045412073778
9097,14431.647478030833
9098,14433.238471183771
9099,14437.062951834861
9100,14438.517699316948
9101,14440.170855820661
9102,14442.290621312139
9103,14442.330876901678
9104,14444.887129350547
9105,14446.40141721225
9106,14447.428904662895
9107,14450.182089575081
9108,14453.5996792142
9109,14454.874992412018
9110,14456.427547053587
9111,14458.876849297356
9112,14459.472201668174
9113,14461.844971698569
9114,14467.310852787296
9115,14467.797412167236
9116,14469.957325992074
9117,14471.82414990223
9118,14473.444690024357
9119,14474.466399085675
9120,14479.046621180611
9121,14482.712442279511
9122,14484.414220063936
9123,14486.173687354623
9124,14486.681867405632
9125,14487.650345936505
9126,14493.427907789919
9127,14494.846293268347
9128,14496.44104178427
9129,14496.626787524434
9130,14497.982809770197
9131,14498.262990639987
9132,14501.879598853689
9133,14502.345593797918
9134,14505.76315460894
9135,14508.973222506052
9136,14509.622117548415
9137,14513.582588360183
9138,14516.111507450962
9139,14517.184220071877
9140,14519.669556396955
9141,14519.832514081792
9142,14525.387766703521
9143,14528.219467693687
9144,14530.527989851635
9145,14530.797491944595
9146,14531.943293588063
9147,14533.380707233362
9148,14535.380556963428
9149,14536.679395227433
9150,14539.909283865374
9151,14542.97620132802
9152,14543.036465120327
9153,14548.171202011385
9154,14549.437240369973
9155,14551.05488153748
9156,14551.544643610456
9157,14554.472169487637
9158,14557.863418177996
9159,14559.126918700467
9160,14563.748628407517
9161,14564.660406462664
9162,14567.175678208834
9163,14567.990432948081
9164,14570.227983944058
9165,14574.678741406771
9166,14575.669940862395
9167,14575.746203380399
9168,14579.622732848246
9169,14582.52830287602
9170,14582.747673267762
9171,14584.89618305456
9172,14586.527238192357
9173,14588.599363280186
9174,14590.027034575456
9175,14592.333185249792
9176,14593.799192641416
9177,14599.85018210359
9178,14600.136942410456
9179,14600.645796602141
9180,14605.967340720927
9181,14606.043356555827
9182,14609.555442110966
9183,14610.9342513827
9184,14612.087122263645
9185,14613.911813438363
9186,14614.884530547619
9187,14616.464960508303
9188,14620.124601667592
9189,14620.910070548531
9190,14623.814656077127
9191,14625.061081553114
9192,14626.872558425755
9193,14628.563069305603
9194,14629.840404481383
9195,14633.077305588909
9196,14636.714885734142
9197,14636.929755913327
9198,14638.458518742958
9199,14643.451372915557
9200,14645.989451777383
9201,14645.995569546214
9202,14647.496680808066
9203,14651.373461439904
9204,14655.266215898822
9205,14655.548106061528
9206,14660.053925702512
9207,14662.168240830199
9208,14664.811392257212
9209,14666.189626606958
9210,14667.879859763148
9211,14669.902720273942
9212,14670.374727162562
9213,14673.170265213706
9214,14673.641111648132
9215,14674.216054265289
9216,14675.167588380193
9217,14678.066767505332
9218,14678.790017330111
9219,14682.911363336867
9220,14685.318693443274
9221,14687.825372759489
9222,14689.666038059313
9223,14692.602577397187
9224,14692.676421244239
9225,14695.020480559062
9226,14697.676390454089
9227,14701.955507171297
9228,14705.213847157813
9229,14708.561949797289
9230,14709.863989012163
9231,14711.679499436317
9232,14713.654793970602
9233,14716.222707613364
9234,14717.787602650018
9235,14719.643182706735
9236,14721.086373901459
9237,14723.82008078459
9238,14724.628193890965
9239,14726.781576493189
9240,14728.947268457239
9241,14729.759695206452
9242,14732.943622220748
9243,14734.972450570869
9244,14735.041700902369
9245,14736.081998738122
9246,14741.582159841322
9247,14743.505535740298
9248,14745.921047544982
9249,14746.185443072243
9250,14747.795922730318
9251,14751.49065975038
9252,14752.294055102284
9253,14754.19047675161
9254,14756.172626915628
9255,14759.443866246298
9256,14761.648039457761
9257,14762.729988774576
9258,14764.671044217514
9259,14766.19307914071
9260,14766.371759081105
9261,14769.054791316785
9262,14774.647346609221
9263,14775.217797360037
9264,14780.464235194455
9265,14783.784277701132
9266,14784.014579842151
9267,14787.231363565728
9268,14790.869455316326
9269,14790.890559302528
9270,14794.61328032518
9271,14795.158026177838
9272,14798.554092794373
9273,14799.123895515111
9274,14799.516888488695
9275,14802.921712127003
9276,14804.91464041874
9277,14806.13728567916
9278,14806.882081910991
9279,14810.151234022151
9280,14810.786446237227
9281,14812.133942695269
9282,14815.547566923651
9283,14815.745508141634
9284,14824.070055410375
9285,14825.2593048946
9286,14827.750556142753
9287,14830.564727827516
9288,14830.70634017142
9289,14832.345315702745
9290,14833.486861086709
9291,14836.966051993286
9292,14838.766232190912
9293,14845.082981740134
9294,14847.1622831227
9295,14848.239762453873
9296,14849.361778986591
9297,14851.078580908139
9298,14853.153929878014
9299,14853.927253185548
9300,14857.296678621178
9301,14858.890805303939
9302,14860.806992997421
9303,14862.368019742671
9304,14863.493060261317
9305,14864.550754151298
9306,14866.688224378287
9307,14870.332564379567
9308,14874.01596657922
9309,14875.438569818629
9310,14876.344700357678
9311,14878.655735188986
9312,14882.674620083417
9313,14884.367694031924
9314,14886.564958176305
9315,14889.140755994702
9316,14890.536122246169
9317,14891.147859796365
9318,14893.985893766769
9319,14894.823406542131
9320,14894.905610844662
9321,14896.891140794753
9322,14903.710230275108
9323,14905.664690067428
9324,14906.153654882652
9325,14909.108731487499
9326,14911.865926883507
9327,14911.911149340542
9328,14917.000183985074
9329,14920.278267479605
9330,14920.307317300902
9331,14921.59391003929
9332,14925.567702852621
9333,14927.451341253871
9334,14930.482919910844
9335,14931.217175115424
9336,14932.407407948142
9337,14934.847708253186
9338,14936.901682086991
9339,14939.959284172712
9340,14943.14700273615
9341,14944.05268468151
9342,14947.792897792275
9343,14947.807728027434
9344,14948.505074891071
9345,14949.409022987213
9346,14951.800427736282
9347,14955.286747475609
9348,14958.852783203451
9349,14963.039268608794
9350,14965.707440637583
9351,14968.753680125759
9352,14969.093051706785
9353,14971.58522207175
9354,14975.318209240033
9355,14977.424311022658
9356,14978.479134998915
9357,14979.038429633336
9358,14980.47855519762
9359,14981.117797450133
9360,14985.064074503009
9361,14986.376312285027
9362,14987.93392535875
9363,14990.300398294909
9364,14992.837543377031
9365,14993.232855064965
9366,14994.919470056877
9367,14998.486519432949
9368,15003.83248226557
9369,15004.943415866741
9370,15006.005669779914
9371,15008.599963946404
9372,15011.884854480881
9373,15012.895260420681
9374,15015.257993673556
9375,15016.601032928695
9376,15018.041320241671
9377,15022.393712287703
9378,15022.894602420936
9379,15024.7060541724
9380,15026.611055819916
9381,15028.128582483434
9382,15032.149736333979
9383,15032.624642259596
9384,15036.039114440751
9385,15037.837666574142
9386,15039.479313908509
9387,15041.369405295134
9388,15043.496649480336
9389,15044.717622348589
9390,15045.261722524569
9391,15048.784958198334
9392,15048.809914319823
9393,15053.978618385137
9394,15054.821963992134
9395,15055.744843639424
9396,15058.65572149366
9397,15063.004087248424
9398,15065.814842580239
9399,15066.715088705278
9400,15067.997751370765
9401,15074.181796491452
9402,15077.256373367229
9403,15078.296173245153
9404,15081.095374185865
9405,15083.071980078706
9406,15084.281962763322
9407,15086.073840055702
9408,15088.114801336094
9409,15092.440740297101
9410,15094.175595314193
9411,15096.078187889074
9412,15097.172711510095
9413,15100.493882522545
9414,15102.649604942028
9415,15104.590805557349
9416,15106.155681600214
9417,15107.564088716961
9418,15109.53355001075
9419,15111.040724032229
9420,15112.192948002827
9421,15116.440769729112
9422,15117.827592457179
9423,15120.140368956125
9424,15123.558841318121
9425,15127.407070648689
9426,15130.794344089691
9427,15130.942749882457
9428,15132.416497423954
9429,15136.010442802119
9430,15138.329082372653
9431,15139.217683107108
9432,15141.814062815019
9433,15143.24854677397
9434,15144.116406758951
9435,15147.559123356252
9436,15150.179887890237
9437,15150.63774742488
9438,15155.113237951382
9439,15157.485372661791
9440,15159.252945202201
9441,15162.796991898163
9442,15162.95494199235
9443,15163.456567303458
9444,15163.961358454277
9445,15167.859825344376
9446,15168.166118563566
9447,15168.331620085411
9448,15174.572975819019
9449,15176.971797172546
9450,15177.791622827028
9451,15182.36110991277
9452,15183.243532361177
9453,15184.714007545772
9454,15187.772963390657
9455,15189.270939897016
9456,15191.065390933292
9457,15195.273947514723
9458,15195.988613139883
9459,15198.652464756849
9460,15199.481963286342
9461,15204.892356681268
9462,15207.789165305179
9463,15208.21886310574
9464,15211.997503879298
9465,15213.422858124442
9466,15214.887291629582
9467,15216.982039132357
9468,15219.257461721925
9469,15222.224891313652
9470,15225.41695639046
9471,15228.150445081561
9472,15228.287657014829
9473,15228.926452407661
9474,15231.613545800868
9475,15232.219735981706
9476,15235.445863837776
9477,15238.531189517998
9478,15240.492540726151
9479,15241.902935990029
9480,15244.119817508783
9481,15248.465335318229
9482,15254.542689155114
9483,15257.198133918639
9484,15257.719297886755
9485,15258.268863725243
9486,15260.341061196708
9487,15261.829300133064
9488,15267.451751070632
9489,15267.71841180849
9490,15269.864465274675
9491,15271.042334416388
9492,15271.818686573095
9493,15273.874998766114
9494,15274.97288342014
9495,15277.665499161069
9496,15278.861339121409
9497,15279.430255392646
9498,15283.662747851757
9499,15283.704151805317
9500,15285.091438562889
9501,15290.651140341086
9502,15293.984928447435
9503,15294.992189907836
9504,15298.405758693258
9505,15301.733024038325
9506,15304.060920317061
9507,15305.363941951546
9508,15307.197978028433
9509,15310.394934086286
9510,15310.684329353202
9511,15312.512048407716
9512,15313.961739723471
9513,15315.994559896351
9514,15318.147318166866
9515,15319.981732179018
9516,15322.659551544442
9517,15324.652275117602
9518,15329.886753567107
9519,15333.202373270809
9520,15333.39826888991
9521,15333.965216721206
9522,15335.009173536324
9523,15338.362073621771
9524,15341.704541568466
9525,15342.528619377152
9526,15344.442378972661
9527,15347.232931421404
9528,15347.510431131906
9529,15350.027417459938
9530,15355.475997297792
9531,15356.85356793768
9532,15360.015365544312
9533,15360.940050004479
9534,15361.214037247888
9535,15366.060208722558
9536,15368.841982392381
9537,15371.694259110072
9538,15373.683989372754
9539,15377.107962924249
9540,15380.278608460269
9541,15381.693348132769
9542,15386.315940389128
9543,15386.721220897854
9544,15390.430023371744
9545,15390.740044530965
9546,15394.613916982194
9547,15397.886673184026
9548,15398.395199099881
9549,15401.16535634399
9550,15402.593176061968
9551,15403.525432876892
9552,15404.172806313103
9553,15405.408082293019
9554,15405.951954212695
9555,15407.440285971643
9556,15407.779008765479
9557,15409.421263491377
9558,15411.638559089193
9559,15419.985631044465
9560,15423.136289437851
9561,15424.432444792639
9562,15428.640051344948
9563,15431.978175328077
9564,15431.988924814739
9565,15435.382467294299
9566,15438.391651550812
9567,15440.619945792914
9568,15441.341670048996
9569,15441.582856439965
9570,15445.380594730772
9571,15448.634083519832
9572,15450.670578740106
9573,15452.035073551586
9574,15452.5147909313
9575,15456.270294601978
9576,15457.619622303086
9577,15458.830631765479
9578,15459.063443210347
9579,15463.267188646249
9580,15464.862157800539
9581,15467.002876991824
9582,15468.485098936164
9583,15470.749059239895
9584,15475.924304302636
9585,15480.099796962406
9586,15481.038877603825
9587,15482.8546038364
9588,15483.819178479418
9589,15488.259010688156
9590,15491.553400374711
9591,15492.441003997172
9592,15492.552053579169
9593,15495.902064614049
9594,15500.304385691868
9595,15501.653486661049
9596,15502.443500475547
9597,15503.262930954063
9598,15507.284894830294
9599,15509.97408840784
9600,15513.980695719938
9601,15517.741316215512
9602,15519.827510952206
9603,15521.633520794969
9604,15522.880870456736
9605,15523.394792760464
9606,15523.952590212093
9607,15526.253695821972
9608,15530.265646267986
9609,15531.406490415813
9610,15532.620806152323
9611,15534.045259995897
9612,15538.360291419942
9613,15538.994490240771
9614,15544.433145944542
9615,15548.533994521496
9616,15550.234803841255
9617,15551.166824187434
9618,15551.718575032706
9619,15556.034473372856
9620,15557.112562459439
9621,15562.21820708316
9622,15563.237014200231
9623,15565.100267142087
9624,15566.37398463974
9625,15567.028233956744
9626,15570.197045030056
9627,15573.31622306238
9628,15574.767931282806
9629,15575.393466649881
9630,15578.068999199975
9631,15581.539336669226
9632,15582.721969867916
9633,15583.781985956393
9634,15585.569308658625
9635,15586.589965808644
9636,15590.265278979214
9637,15592.99942933793
9638,15595.186679765458
9639,15598.328175091414
9640,15601.595275816435
9641,15602.427826283218
9642,15605.278981861971
9643,15608.733382181628
9644,15611.131351278771
9645,15613.085392962814
9646,15616.913430845507
9647,15620.686868193225
9648,15621.353089655489
9649,15621.724888404628
9650,15625.30167948129
9651,15625.640662927633
9652,15627.843622139524
9653,15629.848474869474
9654,15630.107123417596
9655,15632.585066360856
9656,15639.420115073741
9657,15639.708033461908
9658,15642.360232262992
9659,15645.179451997028
9660,15646.799459034602
9661,15646.860073320649
9662,15650.714630668646
9663,15652.656176528502
9664,15655.175960309518
9665,15660.027324960824
9666,15662.217465374732
9667,15664.973574714313
9668,15665.478743598889
9669,15667.26632401731
9670,15667.718148766706
9671,15671.080218086377
9672,15675.254590258852
9673,15676.978561703378
9674,15682.269665080306
9675,15683.869934529579
9676,15686.817536414424
9677,15687.15241105835
9678,15688.816969372401
9679,15690.449721719309
9680,15692.919954824678
9681,15693.933848873379
9682,15695.34828137938
9683,15695.836581026997
9684,15701.032568470771
9685,15701.766500810529
9686,15707.285877034801
9687,15707.972273355292
9688,15708.500459346946
9689,15710.940820368656
9690,15715.419432385637
9691,15715.938559651571
9692,15718.597475754501
9693,15721.287404236216
9694,15725.606460590025
9695,15725.92537644953
9696,15726.986905228756
9697,15729.772981002947
9698,15733.71478868279
9699,15734.605147124967
9700,15738.668460890718
9701,15743.76760570881
9702,15744.921694307297
9703,15747.156697343578
9704,15749.154325261221
9705,15749.824954666674
9706,15751.197346317784
9707,15752.032744922255
9708,15752.259960788835
9709,15755.100751001
9710,15759.098139951722
9711,15763.667890140314
9712,15763.770950309705
9713,15766.98642467523
9714,15769.350319665662
9715,15772.678772116426
9716,15773.999341670164
9717,15777.622459975475
9718,15780.059748840902
9719,15781.950773928414
9720,15785.411599900561
9721,15785.806735033926
9722,15789.6998238696
9723,15792.697431197385
9724,15793.338274261672
9725,15795.642907537913
9726,15797.553357817416
9727,15803.815253523335
9728,15804.154855169969
9729,15805.172273267754
9730,15805.989137732939
9731,15808.083830072374
9732,15809.240431409136
9733,15811.34066111607
9734,15813.744057070669
9735,15818.826216618931
9736,15820.669955636809
9737,15823.482166510677
9738,15824.189810593423
9739,15829.923874650316
9740,15832.883548945332
9741,15833.816321853783
9742,15834.363684082307
9743,15836.031854561423
9744,15837.993074663118
9745,15841.004726118974
9746,15841.981891618594
9747,15844.557001069521
9748,15845.904655702478
9749,15847.427387627571
9750,15850.039511791041
9751,15851.39059318042
9752,15857.354443149419
9753,15858.212454403647
9754,15860.580033010237
9755,15864.456697990761
9756,15865.468420657999
9757,15866.05942117851
9758,15869.025942257756
9759,15872.035182257941
9760,15876.041342169232
9761,15877.497340026594
9762,15880.867266053401
9763,15881.578382932139
9764,15883.79874288013
9765,15886.376395405863
9766,15888.549237368101
9767,15891.766030963894
9768,15893.684852956732
9769,15894.381342049794
9770,15894.656931012167
9771,15900.589704538655
9772,15903.581815824466
9773,15904.71578897234
9774,15905.713657930706
9775,15909.816232623676
9776,15910.460205415124
9777,15916.569616183891
9778,15919.497469635664
9779,15919.772253087498
9780,15922.328771204024
9781,15922.890347456056
9782,15924.159987758527
9783,15925.901746271411
9784,15932.954431317019
9785,15933.664369285347
9786,15936.90232684454
9787,15939.05286704665
9788,15942.702848806413
9789,15942.877418033477
9790,15945.390501250582
9791,15947.155531814711
9792,15950.263184205882
9793,15953.616069360969
9794,15958.399086073865
9795,15959.127276864667
9796,15960.650934448066
9797,15962.56652012992
9798,15963.495458696712
9799,15964.083385492644
9800,15965.98064767018
9801,15967.537171897957
9802,15967.827585894387
9803,15971.698236778375
9804,15974.820775151216
9805,15975.108167440261
9806,15982.633810395928
9807,15984.866244192115
9808,15987.193977995883
9809,15989.21033866739
9810,15990.737092331527
9811,15993.744374102775
9812,15998.671835513869
9813,15999.470802014403
9814,16000.574269904897
9815,16002.015486949294
9816,16005.606364069754
9817,16008.660841289957
9818,16009.07740660472
9819,16011.234918027278
9820,16013.899181006205
9821,16017.775523266359
9822,16019.220749425487
9823,16020.03973156945
9824,16022.676382423117
9825,16026.924376558565
9826,16027.785563382269
9827,16027.979772816196
9828,16030.05280340287
9829,16035.955423654923
9830,16039.951343363209
9831,16040.038076543582
9832,16043.031209631234
9833,16046.973721413568
9834,16048.10172953915
9835,16051.526153793886
9836,16052.148914754289
9837,16055.942390583288
9838,16057.944410701406
9839,16059.889134333478
9840,16061.913677030148
9841,16065.907676047949
9842,16066.972062554032
9843,16069.963364943687
9844,16073.891946061131
9845,16076.782854682531
9846,16077.919363318675
9847,16079.172235647036
9848,16079.247118084115
9849,16080.848950581396
9850,16083.708376942544
9851,16085.169011753511
9852,16086.298694173985
9853,16087.79057512422
9854,16089.790152098036
9855,16090.384631981075
9856,16098.542407567271
9857,16102.011927943979
9858,16104.011593464958
9859,16107.704953452643
9860,16108.143249533592
9861,16109.78843524323
9862,16112.360856698355
9863,16114.618289406702
9864,16116.777381045038
9865,16119.236683153516
9866,16122.694836564442
9867,16125.59107400651
9868,16126.494940166671
9869,16130.129485946714
9870,16131.226504760407
9871,16131.435779087738
9872,16131.575840794641
9873,16133.774432724784
9874,16134.721214543322
9875,16135.36597921021
9876,16141.668222517668
9877,16147.431116656193
9878,16150.908325448325
9879,16152.933457360848
9880,16155.213136411421
9881,16157.370286834972
9882,16159.334581278097
9883,16161.561087929276
9884,16164.608010348755
9885,16168.384787955078
9886,16169.23694132126
9887,16169.725473762315
9888,16176.929468121429
9889,16178.580957744778
9890,16179.815154068205
9891,16180.626672615792
9892,16185.423595300166
9893,16186.592982483
9894,16188.943746731522
9895,16189.982461376281
9896,16190.057518325057
9897,16195.185877376802
9898,16197.729962918325
9899,16200.366022601702
9900,16203.153887388064
9901,16204.907657824107
9902,16205.89992755936
9903,16209.006152610813
9904,16210.349602779341
9905,16213.4182200953
9906,16216.432505830566
9907,16219.394940704358
9908,16220.391660152794
9909,16222.976727522164
9910,16223.720077394682
9911,16227.96918446875
9912,16229.188628540791
9913,16231.004338325683
9914,16232.168895510489
9915,16239.595274424992
9916,16240.893715517272
9917,16242.225485243813
9918,16242.964816784397
9919,16243.646739586633
9920,16248.595212119078
9921,16248.650027811675
9922,16252.424553749219
9923,16253.014622824132
9924,16255.040307406685
9925,16258.913415246576
9926,16264.427662778968
9927,16267.398619983684
9928,16268.716495190807
9929,16271.452371227257
9930,16274.798399895972
9931,16278.921261855579
9932,16279.57569261533
9933,16282.39949796021
9934,16282.72926300874
9935,16285.388871533256
9936,16287.065720965456
9937,16292.15006156273
9938,16292.312877225044
9939,16293.046771888015
9940,16295.800761303715
9941,16297.655539776255
9942,16304.010689203678
9943,16304.500655051741
9944,16308.438206756855
9945,16310.863804031964
9946,16312.427435727677
9947,16316.59721767777
9948,16317.048358381648
9949,16317.854162559421
9950,16319.581027198661
9951,16321.29352336488
9952,16326.34622542205
9953,16327.866621367984
9954,16332.402179229533
9955,16335.268031602025
9956,16336.708565780194
9957,16339.233203641872
9958,16341.2313159942
9959,16342.554950203219
9960,16342.90272993936
9961,16343.856258870303
9962,16344.412735416368
9963,16347.778108371045
9964,16353.076381565599
9965,16354.537113097807
9966,16356.053942608431
9967,16358.251815915693
9968,16359.726098069585
9969,16367.545286025128
9970,16367.960707423419
9971,16370.073606631693
9972,16371.09896811024
9973,16371.884505210495
9974,16377.830156361148
9975,16377.937322067268
9976,16382.712098674459
9977,16383.494184678608
9978,16387.812228005667
9979,16389.163515195432
9980,16390.148894355018
9981,16393.011256305432
9982,16394.015118720203
9983,16395.285954555038
9984,16401.701130762609
9985,16404.485966236662
9986,16407.117266030196
9987,16409.622266644135
9988,16411.81466783621
9989,16412.431313197732
9990,16414.192350829242
9991,16420.135277636247
9992,16420.197962142243
9993,16425.083406624948
9994,16426.514204981737
9995,16430.362473104724
9996,16431.300558271556
9997,16434.101907794862
9998,16438.324908625367
9999,16438.493840772859
10000,16441.47971062416
10001,16442.48993266113
10002,16443.185705926491
10003,16443.369964507721
10004,16447.22124852116
10005,16450.035128179072
10006,16451.972125851808
10007,16457.550756150038
10008,16460.031881304883
10009,16461.395027672468
10010,16465.306187385555
10011,16466.250115692437
10012,16468.939883955041
10013,16470.50289933191
10014,16471.177696928273
10015,16471.944069975601
10016,16477.181474056488
10017,16481.885551766929
10018,16484.519134978029
10019,16484.704560439459
10020,16486.178435819409
10021,16487.406804576916
10022,16494.448756552996
10023,16494.983248817225
10024,16496.48992912619
10025,16500.805629129114
10026,16501.541472717479
10027,16503.79693957253
10028,16505.01343092386
10029,16508.673959348809
10030,16514.879638331855
10031,16517.048873135867
10032,16518.593394177107
10033,16521.60657066173
10034,16522.509003641582
10035,16523.639214055802
10036,16527.139442743381
10037,16532.024799686485
10038,16532.704518359526
10039,16534.655892489565
10040,16538.199642336196
10041,16542.237449214237
10042,16543.446330310861
10043,16544.09719577412
10044,16545.904564206638
10045,16547.197788845893
10046,16550.503982347815
10047,16554.841996908723
10048,16555.407326253378
10049,16557.068987653227
10050,16557.801626762339
10051,16563.726034104937
10052,16565.503378577334
10053,16566.491784046917
10054,16568.723475383329
10055,16572.519634945471
10056,16575.321564044723
10057,16579.104934444105
10058,16580.877306206083
10059,16581.722338573705
10060,16585.850332749294
10061,16588.089747637088
10062,16591.142567453251
10063,16592.237992733277
10064,16592.893510544061
10065,16593.084808050626
10066,16595.971745169223
10067,16596.875105829429
10068,16605.380635686604
10069,16606.286360403843
10070,16609.746225992858
10071,16612.654819464649
10072,16614.479911878669
10073,16615.877490377075
10074,16618.400921376826
10075,16622.90174182018
10076,16625.442131678607
10077,16625.460414580604
10078,16628.170434201806
10079,16629.02501118416
10080,16631.159467498634
10081,16634.566297022429
10082,16637.131889022527
10083,16640.588331790637
10084,16641.110724302318
10085,16643.90599304167
10086,16647.485766205224
10087,16651.727442658619
10088,16653.102935288465
10089,16654.521438411775
10090,16656.290906798538
10091,16661.251916293979
10092,16662.755958602418
10093,16664.330173454717
10094,16665.228938754659
10095,16666.642095955212
10096,16670.296486489475
10097,16673.910237210814
10098,16678.703789352556
10099,16680.145110342277
10100,16683.993533638371
10101,16684.550260812277
10102,16686.183161429191
10103,16686.304241366277
10104,16687.691277244696
10105,16690.716872632944
10106,16695.747645192521
10107,16700.487886759194
10108,16703.470219929342
10109,16704.237530445764
10110,16706.175330682152
10111,16711.001845554703
10112,16713.480978133543
10113,16714.057417453459
10114,16715.067157341458
10115,16718.868242367396
10116,16721.599328661621
10117,16726.301813957358
10118,16727.55556007009
10119,16729.896261471757
10120,16731.027287228018
10121,16733.824596143528
10122,16733.890079785211
10123,16737.970824427004
10124,16739.556875633862
10125,16740.380195399895
10126,16744.652918067404
10127,16746.710979931071
10128,16753.748861409698
10129,16754.461747752666
10130,16757.251105851719
10131,16758.811562681811
10132,16761.170768422671
10133,16762.828954745484
10134,16767.102749808688
10135,16768.255816704488
10136,16770.058070298339
10137,16772.415563736577
10138,16773.307109873967
10139,16773.740195539711
10140,16780.518214319411
10141,16781.339158347142
10142,16783.501057417725
10143,16784.675419137417
10144,16788.035454925008
10145,16790.699976078387
10146,16796.805207330148
10147,16797.702299114055
10148,16799.896445859635
10149,16802.963155976668
10150,16803.670073838417
10151,16806.098585357217
10152,16810.427571507487
10153,16816.865103546545
10154,16818.331113647662
10155,16819.148459598378
10156,16823.553913160657
10157,16824.520647361594
10158,16826.706046237323
10159,16828.00206024919
10160,16829.315499100823
10161,16829.580892712893
10162,16830.554709563778
10163,16836.943269698982
10164,16839.622867557162
10165,16841.120651950576
10166,16843.396329279662
10167,16846.645730962435
10168,16851.096793913384
10169,16852.049120054355
10170,16853.349024111936
10171,16857.072800016009
10172,16859.959202592418
10173,16862.547202515419
10174,16863.303269298071
10175,16865.499938072335
10176,16867.32972563797
10177,16867.875091778034
10178,16871.176022674215
10179,16873.04242780741
10180,16875.043139842055
10181,16877.657931426478
10182,16879.974988077549
10183,16882.197607067872
10184,16887.242973741279
10185,16888.042386146146
10186,16893.88138331789
10187,16894.597695271863
10188,16895.853553783229
10189,16900.997036143952
10190,16903.78940532971
10191,16905.797226206123
10192,16911.710635203814
10193,16913.894541306825
10194,16915.599391816813
10195,16917.965091297989
10196,16918.125582959266
10197,16919.049125025766
10198,16925.372728144979
10199,16927.83142776863
10200,16930.135777164243
10201,16930.476655789022
10202,16934.264558146144
10203,16940.222648671632
10204,16940.992856688663
10205,16942.906776345044
10206,16944.247396103827
10207,16946.146513023286
10208,16947.227107746901
10209,16954.245967593393
10210,16955.192661987261
10211,16957.629067715094
10212,16960.324490678238
10213,16960.46166394851
10214,16961.092914301898
10215,16965.541531479026
10216,16966.322146923078
10217,16967.616739554818
10218,16968.341371494418
10219,16971.297666052942
10220,16976.948783311265
10221,16979.19277740156
10222,16980.158834953279
10223,16982.986151035278
10224,16986.49655566876
10225,16991.737632951776
10226,16994.992849480343
10227,16995.651162634178
10228,16997.359802869985
10229,16999.591544522194
10230,17004.41303323063
10231,17005.627595296675
10232,17007.09797260967
10233,17010.953635874335
10234,17013.670790069475
10235,17016.233882771267
10236,17019.816118230341
10237,17024.199780069881
10238,17024.422461792245
10239,17027.118709313407
10240,17028.114306936019
10241,17030.508607589061
10242,17038.410398796514
10243,17039.942030940772
10244,17042.909317830643
10245,17045.379879712193
10246,17045.894206842164
10247,17047.438487074669
10248,17050.428513863044
10249,17051.844220290332
10250,17054.388466494725
10251,17054.78085258554
10252,17057.626794652886
10253,17060.174241675661
10254,17063.198024364548
10255,17064.066596065572
10256,17066.035123426915
10257,17067.401968245515
10258,17070.123619577262
10259,17073.730061359747
10260,17074.502544193474
10261,17077.487775126603
10262,17081.045523470017
10263,17084.521066169938
10264,17085.517183046635
10265,17086.296938337277
10266,17090.636771101697
10267,17091.787604217054
10268,17095.283003975357
10269,17103.643797228811
10270,17105.444225419305
10271,17105.674975708476
10272,17108.930964706116
10273,17110.230141682037
10274,17112.228235386359
10275,17115.581594953932
10276,17116.874094714687
10277,17121.64909528022
10278,17124.930092789829
10279,17128.085129169522
10280,17131.641287419439
10281,17134.063616936364
10282,17134.228364085036
10283,17139.935150235004
10284,17141.917071576197
10285,17143.808788791222
10286,17146.202804670433
10287,17148.631966813158
10288,17149.856301575317
10289,17154.8944788525
10290,17155.739899328968
10291,17156.235226656834
10292,17157.315549901454
10293,17160.541951458144
10294,17161.797477423032
10295,17165.002102173345
10296,17165.340015021913
10297,17171.726716269117
10298,17172.322271404304
10299,17173.457322841663
10300,17175.054006557602
10301,17177.652308856788
10302,17179.504051872416
10303,17184.558210299037
10304,17191.193845111255
10305,17192.2750685434
10306,17195.96722751093
10307,17198.545836340621
10308,17202.579323346832
10309,17204.230609716302
10310,17206.39548490167
10311,17207.772672622665
10312,17208.81494338172
10313,17210.83161552401
10314,17211.10081631838
10315,17213.735666938188
10316,17221.505799714341
10317,17223.066731862335
10318,17227.706682711359
10319,17233.937581713166
10320,17235.173528089363
10321,17235.403856272878
10322,17236.760604749692
10323,17237.358233983538
10324,17239.119954247803
10325,17245.937300734538
10326,17246.952684477983
10327,17248.616014445251
10328,17252.455602464215
10329,17253.96450333031
10330,17255.700621033575
10331,17256.196462927452
10332,17257.238165924515
10333,17259.692132801105
10334,17261.748834941885
10335,17264.516189825226
10336,17266.573609364084
10337,17267.742305728258
10338,17274.605704873229
10339,17279.20326973117
10340,17281.913057495334
10341,17286.850445367392
10342,17287.260312031478
10343,17290.610049362527
10344,17292.254560353063
10345,17292.373555783448
10346,17294.235754310466
10347,17295.223892304701
10348,17296.125905658304
10349,17298.117050187066
10350,17307.46721601229
10351,17309.549924697643
10352,17310.888040775088
10353,17314.810116990862
10354,17322.243517893243
10355,17323.115625793504
10356,17323.894699942455
10357,17324.871922094419
10358,17327.392514056013
10359,17331.389233169517
10360,17333.094077239137
10361,17333.353027498852
10362,17335.369290360355
10363,17335.945444981342
10364,17341.44270382612
10365,17343.334064746603
10366,17349.075631224132
10367,17351.743549621726
10368,17351.954175336308
10369,17353.752312150609
10370,17354.941871424875
10371,17356.277242092059
10372,17361.46637359642
10373,17363.155573786396
10374,17372.161795194625
10375,17373.354066626158
10376,17375.125520334317
10377,17378.456104889567
10378,17379.283746014935
10379,17380.070850907519
10380,17381.826963480969
10381,17384.217908474999
10382,17385.967871177469
10383,17388.091107119482
10384,17394.979335383119
10385,17401.173162429266
10386,17402.846793712502
10387,17403.590092682036
10388,17407.284002539393
10389,17407.496997377468
10390,17408.557019984415
10391,17411.499808322002
10392,17414.350420289637
10393,17417.586844294343
10394,17417.82862652457
10395,17419.439197843862
10396,17424.984135421397
10397,17425.440398161994
10398,17427.643659517857
10399,17431.402439713333
10400,17434.572087902736
10401,17439.259607944878
10402,17440.447463475495
10403,17442.689663047058
10404,17444.434807980964
10405,17446.920686785154
10406,17447.508458895674
10407,17453.723737525164
10408,17459.051807247673
10409,17460.590358038899
10410,17460.890125818838
10411,17462.62566022767
10412,17464.754526357709
10413,17469.21190364024
10414,17470.791664468048
10415,17472.059347869174
10416,17477.36948859418
10417,17479.368874433781
10418,17480.740130961567
10419,17482.160936592067
10420,17488.020449371474
10421,17490.247441954823
10422,17490.908348882953
10423,17495.980849334777
10424,17497.991910000019
10425,17498.758932509027
10426,17499.562809541145
10427,17500.419637814121
10428,17504.899307038304
10429,17505.134119381601
10430,17512.095739342509
10431,17514.617249506646
10432,17515.388744012711
10433,17518.773333421192
10434,17521.676137262759
10435,17523.171165334064
10436,17526.367232133583
10437,17533.997192203115
10438,17536.85836676793
10439,17539.15842394772
10440,17540.993976248064
10441,17541.836434068802
10442,17542.013815368526
10443,17546.425299169066
10444,17551.293541900923
10445,17552.488883294754
10446,17553.558441417877
10447,17556.138104916652
10448,17562.151240307885
10449,17562.894481639822
10450,17565.984479636776
10451,17568.122259944037
10452,17571.022410670015
10453,17575.703830131435
10454,17576.564465752854
10455,17577.595717598488
10456,17578.908223264472
10457,17580.062592188304
10458,17583.651377851958
10459,17585.403911183876
10460,17587.733990165947
10461,17589.903926898758
10462,17591.893944625062
10463,17597.939575254892
10464,17603.217071600495
10465,17603.858251268244
10466,17607.454416682041
10467,17610.345110272905
10468,17612.390320932347
10469,17616.854614470732
10470,17619.252744171201
10471,17620.758163432416
10472,17621.793365571062
10473,17624.468886854185
10474,17629.633173675476
10475,17630.17125644489
10476,17634.700024384922
10477,17636.479642411614
10478,17637.377799682043
10479,17641.204434084812
10480,17645.898727442487
10481,17646.435693118681
10482,17649.870176601944
10483,17652.454487454987
10484,17653.664313646561
10485,17654.275543388467
10486,17655.92583313461
10487,17656.296266164944
10488,17658.953755642753
10489,17659.866760071782
10490,17665.794384881956
10491,17670.565261221072
10492,17671.521222130312
10493,17679.095214245659
10494,17680.909763364707
10495,17683.609988801341
10496,17685.867958844527
10497,17687.297255502475
10498,17689.980160131981
10499,17691.804656737462
10500,17692.427640362926
10501,17701.31201776833
10502,17705.439873722858
10503,17706.140607605364
10504,17710.522251881092
10505,17712.70415423434
10506,17713.052077195029
10507,17713.863505013414
10508,17715.478314004718
10509,17718.54480873956
10510,17723.740680071027
10511,17724.230859585819
10512,17728.616425416425
10513,17729.770267384047
10514,17730.034682682064
10515,17730.543487023529
10516,17733.496016744703
10517,17736.956971689273
10518,17742.856253143011
10519,17746.960687868075
10520,17750.373592139495
10521,17750.913092050407
10522,17754.029206236282
10523,17757.875197907157
10524,17760.267869727908
10525,17761.107466018151
10526,17761.549320380447
10527,17766.442327780991
10528,17772.95770996463
10529,17777.499167752751
10530,17778.14430203661
10531,17779.634481157504
10532,17782.461840665295
10533,17785.279689220984
10534,17785.919894278704
10535,17788.376613758221
10536,17792.345011455422
10537,17793.950421255384
10538,17796.230484916308
10539,17796.270696183077
10540,17797.410671190213
10541,17801.832739844947
10542,17805.172461094637
10543,17806.369216475217
10544,17810.64043111162
10545,17810.96341880504
10546,17814.777037798172
10547,17823.333771648973
10548,17824.593165514729
10549,17826.604640793208
10550,17828.025560673061
10551,17828.213823834387
10552,17828.440631120789
10553,17838.051864602447
10554,17839.154368257783
10555,17844.781072423157
10556,17846.404476338175
10557,17848.541471519333
10558,17850.136642836456
10559,17854.819070769325
10560,17857.987189121912
10561,17858.302950888155
10562,17861.003045040201
10563,17862.043197240233
10564,17863.276533478471
10565,17866.650037840263
10566,17868.588314483026
10567,17869.369728470996
10568,17871.868001126513
10569,17880.697335380864
10570,17881.574409154942
10571,17887.851556915917
10572,17889.601336645796
10573,17890.471504542402
10574,17892.477486096577
10575,17894.512521010001
10576,17896.507740856658
10577,17897.977921377336
10578,17906.978404109388
10579,17910.206167733963
10580,17910.585514698712
10581,17912.405878895876
10582,17916.778627515025
10583,17918.478151188239
10584,17918.739961416406
10585,17920.76222240441
10586,17923.66356827749
10587,17925.725238844781
10588,17930.249526442291
10589,17930.569178736539
10590,17934.254382002928
10591,17936.13559233151
10592,17940.350957403116
10593,17945.525971509
10594,17947.544879686706
10595,17950.465266898485
10596,17950.469718800236
10597,17951.416261763905
10598,17956.09399165029
10599,17957.565088743602
10600,17962.720697655801
10601,17967.810615554143
10602,17970.128239249105
10603,17972.105916741511
10604,17973.747813487167
10605,17974.256709300837
10606,17979.051242856996
10607,17979.266132947643
10608,17982.175153384786
10609,17984.264435066492
10610,17989.012521824254
10611,17993.781459054353
10612,17996.628760327145
10613,17998.810845062602
10614,17999.958481639711
10615,18000.350898356497
10616,18007.767407543983
10617,18008.510768827826
10618,18012.370944152724
10619,18014.194018225386
10620,18017.026370907613
10621,18023.366032878745
10622,18024.05832097165
10623,18026.229897796675
10624,18027.626275515784
10625,18030.6768314197
10626,18032.790005518338
10627,18035.241993544605
10628,18036.770395586747
10629,18039.659369498695
10630,18044.095640090596
10631,18046.756205484369
10632,18048.252350359711
10633,18054.28621488938
10634,18057.286625764002
10635,18058.850263373588
10636,18061.276093975612
10637,18061.764794594743
10638,18066.259837155263
10639,18070.326683596504
10640,18071.765797712982
10641,18073.936685036104
10642,18078.846702109437
10643,18079.377873916746
10644,18081.855942958271
10645,18084.379126546013
10646,18086.510686350051
10647,18087.544815707774
10648,18089.802815841718
10649,18094.791279317404
10650,18095.778494286507
10651,18102.389908101795
10652,18106.242530701475
10653,18109.776464885421
10654,18111.966552657912
10655,18112.285996921197
10656,18115.94301414763
10657,18116.730086748554
10658,18124.436666873262
10659,18125.684142952596
10660,18128.300970510467
10661,18129.802714213234
10662,18132.52375458461
10663,18133.970930805655
10664,18134.277891293834
10665,18137.289495643312
10666,18142.808471463599
10667,18144.037154940197
10668,18150.726756500389
10669,18153.494405659545
10670,18155.677212155719
10671,18156.532245272614
10672,18159.409028301747
10673,18165.576137445041
10674,18166.44033064567
10675,18172.582238301158
10676,18173.894658198842
10677,18174.102622903018
10678,18174.676177007397
10679,18176.541666287736
10680,18179.64332580295
10681,18181.286602456741
10682,18186.343227952268
10683,18188.898825805387
10684,18193.45845525806
10685,18194.203251994248
10686,18199.35742326776
10687,18202.901005445787
10688,18203.201399616311
10689,18211.092398768586
10690,18212.870943046612
10691,18216.345021984238
10692,18216.501792110408
10693,18217.212954445764
10694,18218.834313517975
10695,18220.89817988452
10696,18227.055533818046
10697,18229.940780154262
10698,18231.046945023594
10699,18236.602953042293
10700,18238.894925869521
10701,18243.139769491558
10702,18244.27459582896
10703,18247.512827437004
10704,18253.554445100068
10705,18254.998849257299
10706,18256.05177273208
10707,18257.253843726194
10708,18257.833629831599
10709,18262.791105791173
10710,18266.280382624936
10711,18268.138515934763
10712,18273.017543066482
10713,18274.520693615126
10714,18278.401200135573
10715,18279.72313006267
10716,18284.993902768125
10717,18289.886758315912
10718,18290.171211701123
10719,18290.563908383399
10720,18294.207311936821
10721,18297.395413055609
10722,18302.020008922176
10723,18305.340012889945
10724,18305.588385080813
10725,18311.823871425237
10726,18312.942836298553
10727,18318.456963127774
10728,18319.280293751577
10729,18321.017583905628
10730,18322.200909982304
10731,18329.359974094838
10732,18331.393863346846
10733,18332.80868376221
10734,18335.213851219552
10735,18341.065951928216
10736,18342.119299126411
10737,18344.136354940485
10738,18347.656176322282
10739,18348.189681046799
10740,18355.14464674901
10741,18358.529640958714
10742,18359.586130133768
10743,18365.106739613977
10744,18366.599528147559
10745,18368.972600126246
10746,18371.279685796326
10747,18374.961067533524
10748,18380.179290699838
10749,18382.450013255984
10750,18385.66298528593
10751,18387.916203847835
10752,18390.258633066725
10753,18391.179565580507
10754,18397.634376779566
10755,18402.529398217648
10756,18404.743849277227
10757,18405.229345540254
10758,18411.097470621884
10759,18416.29902587222
10760,18417.019906766182
10761,18420.599065927672
10762,18426.195165517216
