# Domain: gww1 (DST, convergence sweep, dense eig full spectrum)
# Resolution M = 227, dofs = 19875
# Computation time: 102.2097 s
# Eigenvalues stored: 19875 of 19875
n,lambda_n
1,2.5398687556780102
2,3.6573987456851977
3,5.1793215760442601
4,6.5382751236044232
5,7.25162948646053
6,9.2109092207294694
7,10.599116404088813
8,11.541911397534939
9,12.336993817401607
10,13.059212851300202
11,14.315705656608893
12,15.879530224000906
13,16.941633905954955
14,17.667304232781042
15,18.992066159812818
16,20.884052626308076
17,21.259211293666173
18,22.242488260285516
19,23.711795817314275
20,24.479507513126762
21,24.67392782514775
22,26.085979238237957
23,27.309185150581342
24,28.178237584553045
25,29.571841930989709
26,31.486264027349076
27,32.076181789817447
28,32.224043152455124
29,32.909139073451612
30,34.137587694041891
31,36.265778381696336
32,37.10432719148055
33,38.796871449920488
34,38.954457329960164
35,40.839339756640172
36,40.96798862638061
37,41.449993673436666
38,41.945525833630064
39,44.15074063486194
40,44.481525054772447
41,45.84967353023896
42,46.699599639388516
43,47.445682977148643
44,49.347834430306392
45,49.934063093113799
46,50.288008221122411
47,52.02952561443864
48,52.538396275131312
49,53.396312864283587
50,54.19950039435281
51,56.278563220210209
52,57.060246263848803
53,58.145485978931191
54,59.153770086999501
55,61.684963605886644
56,61.730637574735248
57,62.855567053801607
58,63.203102444961871
59,63.290538830821376
60,64.151677379075153
61,64.795609480210999
62,66.471734270516748
63,67.187010282926579
64,69.491881834025492
65,70.064917146132899
66,70.670606334367079
67,71.554055521129001
68,71.583593300802988
69,72.388218555058913
70,75.026128474686118
71,76.509789509754228
72,76.876195580749908
73,77.268428075551981
74,77.392250782154278
75,79.700504565957004
76,80.708811936626773
77,81.69620136390833
78,83.822755407956848
79,83.852503318534971
80,83.89130316481031
81,85.75483895738887
82,86.032966775493065
83,87.468551981947272
84,89.029169626435362
85,90.481670229496174
86,90.944032478175174
87,91.290107747330893
88,91.292302748281031
89,92.249202768481695
90,93.363944909536258
91,94.769702134535393
92,96.290638313686827
93,97.943191538842569
94,98.590661035280675
95,98.694704259412063
96,98.91666840073816
97,101.1633391003048
98,101.95971463927384
99,102.92596955363928
100,103.41434598378814
101,104.67093364466338
102,105.61089545739024
103,106.50462722111448
104,106.63061091829236
105,109.42153942253317
106,109.96467040056228
107,110.88956352821063
108,111.0320947416656
109,112.89252285181286
110,113.03369781933203
111,114.17249070308651
112,114.77508152783403
113,116.16834572322564
114,118.53477000007595
115,119.60853362103205
116,119.74380385412223
117,121.65568442681668
118,122.62421987786547
119,122.95772851468693
120,123.12527886283758
121,123.3670348125404
122,124.98163644746538
123,126.01563166438605
124,127.1609798149626
125,128.30433244400751
126,128.70510763774931
127,129.01845078693947
128,130.7696008361591
129,131.23584285814329
130,131.44840341567374
131,131.93236648377089
132,133.49973533305493
133,134.93435711725164
134,136.66869981543712
135,138.0034609463236
136,139.65066087306357
137,139.77664923486796
138,140.66636516196931
139,140.80106593326744
140,141.25877399080437
141,142.91646692898453
142,143.10716222107453
143,144.98232749976739
144,146.97149327987862
145,147.49684498897099
146,149.35443911164995
147,149.84681844018132
148,150.42157379003876
149,150.51130803766875
150,151.87365757196352
151,151.91725298866947
152,153.41694876218267
153,155.45652111974394
154,157.00374789169501
155,158.15697679834636
156,159.35573209979248
157,159.80191830462451
158,159.84751042364186
159,160.37585365903442
160,160.37963850997065
161,161.34049986120075
162,162.62916283359118
163,163.81008681537014
164,164.82897180278047
165,165.79095732697894
166,166.46655623036381
167,167.77853527950253
168,168.18962792184107
169,169.81463889963774
170,170.02208218164634
171,170.9939474496087
172,172.52960134977903
173,173.79593463912158
174,175.26127778749685
175,176.17132061991464
176,177.32406794220194
177,178.52015230120205
178,179.45393374217286
179,180.11628714449495
180,180.12286368251262
181,180.5087602030811
182,181.52358531881831
183,182.58692194152945
184,183.60443994459314
185,185.05474209836174
186,185.85133179518624
187,186.32185005944791
188,187.26471411650098
189,188.20567413521383
190,188.88312408743178
191,191.08685098117837
192,191.32909934970874
193,193.89308886526146
194,195.1320938332963
195,195.91976674129913
196,196.37057851949871
197,197.38904615491842
198,197.8042783540042
199,198.98009402295708
200,200.40864507734386
201,201.06679241503414
202,201.57303254752895
203,202.31838244722562
204,202.34670542113182
205,203.14944496664307
206,205.56934737541602
207,206.7123475281517
208,207.28414634359325
209,208.5675928303786
210,209.44074190242591
211,209.72126667314637
212,209.72887012277204
213,210.54627244176768
214,212.03127137358149
215,212.31084394130463
216,213.30421181820674
217,213.81776766178419
218,216.46580678471574
219,218.66447110763312
220,219.50153241531964
221,219.59668490229765
222,219.72692557900186
223,220.84743255708739
224,221.60472348695384
225,222.05924020442711
226,223.55043443572305
227,224.59095573450242
228,225.00635446151813
229,226.37748159695604
230,227.57514570476764
231,228.07774979217572
232,229.1765607632787
233,229.70219196734726
234,231.51837556421316
235,232.51229588301976
236,234.01471317003498
237,234.64447641482349
238,235.34517811930618
239,236.55534453276593
240,237.60908396943077
241,239.22841185812416
242,239.33229394443887
243,239.39628808270317
244,242.2091266956609
245,243.11385709730487
246,244.19383185009644
247,245.05421790994512
248,245.53422569041297
249,246.73907002499863
250,247.83877311228261
251,248.13855390888369
252,248.32176071495323
253,249.19450662746377
254,249.40930561207307
255,250.23438471269031
256,251.75926349417148
257,252.37860049396517
258,253.10554828164365
259,255.06019911154823
260,255.31930524107972
261,256.59748464675647
262,256.98063298178948
263,258.81106937264815
264,260.79751930148115
265,261.34571607495957
266,261.5403507539221
267,261.84101653578142
268,262.51015563458185
269,263.45323681633698
270,263.99920146597947
271,265.66938714136717
272,266.3894320490669
273,267.67289475972206
274,268.93571018296507
275,269.47981058791817
276,271.19306433803729
277,272.85158408712493
278,273.67202905464239
279,273.8704198769492
280,274.37471573912728
281,276.15469131535247
282,277.17435623440269
283,278.34988400008854
284,278.81602501486975
285,279.15977713832808
286,279.93672605920221
287,281.19583210530061
288,281.39647367707505
289,282.32804029276298
290,284.59457585015457
291,285.12527865068307
292,286.20913576780146
293,287.37000947101706
294,288.68323180445429
295,288.97542196693036
296,289.8783759786516
297,290.43532724251918
298,291.61358042591422
299,293.42414546253707
300,294.05636916651167
301,294.64141587985176
302,295.42816073749032
303,297.55749922024944
304,298.49288774283866
305,298.8816941615928
306,299.68213295544797
307,300.55741223998507
308,301.00381655383109
309,302.33314475536753
310,303.36171372888174
311,304.29945881044233
312,304.90938959638396
313,306.04989624441248
314,306.71119278547349
315,307.72154454219225
316,308.40688801811416
317,308.4176320586472
318,308.91945091440181
319,309.74581712152775
320,311.01491080309142
321,313.24401124751648
322,314.35270620197673
323,314.83360287954531
324,316.16909551598241
325,317.70883727197747
326,318.41274001118768
327,319.2111369052131
328,320.52799287542859
329,320.74539073900218
330,320.76077545170136
331,320.97398103815993
332,322.13199377213209
333,323.30257684981331
334,325.09368457349518
335,326.47627609190545
336,327.87616286408092
337,328.26004804850305
338,328.51962127561978
339,329.46986382175623
340,330.86340888010318
341,331.32418107887975
342,333.56186455979883
343,334.9482295226918
344,335.14189090006505
345,335.56107355792903
346,336.20508892514442
347,337.13790543011783
348,338.01920038426636
349,338.3914998138909
350,339.19212411102194
351,339.81943814230573
352,341.6232707958722
353,343.00979269613356
354,344.40987553386918
355,344.47221239332606
356,345.93846457374156
357,346.81983613313912
358,348.67157884448108
359,350.23759742535583
360,350.87482460678763
361,352.12459915298109
362,353.3046704982653
363,354.27976686478229
364,355.48702560199598
365,356.54470703544541
366,357.43290110639583
367,357.74584079153448
368,357.77277223828463
369,358.19815182347691
370,359.606991838932
371,360.22820532762893
372,360.82493932405441
373,361.07635563841029
374,361.901455132156
375,363.06183630573253
376,363.44669843529567
377,364.8021792917782
378,365.14910723960071
379,367.01093931691503
380,367.63927472461137
381,368.77241444068801
382,369.90884635323204
383,370.59634434053697
384,371.2940945328578
385,372.12745256080171
386,372.59159115169274
387,373.04326806639068
388,375.36682214146043
389,376.75522193130945
390,377.48791176236108
391,378.32002481887025
392,378.7067212901523
393,379.83451405030559
394,381.17630973028434
395,381.59533395563051
396,384.20885776456475
397,385.5610006808667
398,386.72920379817702
399,387.20915963053636
400,387.3722839298099
401,387.79380258389943
402,388.39685114416216
403,389.56351387202051
404,390.10308463075216
405,390.54729836417312
406,391.58429521590375
407,393.0647814521364
408,393.66771098855088
409,394.7621419997393
410,394.80035587936464
411,397.31944838624099
412,398.88178662514673
413,400.44368681662843
414,401.13157953670793
415,401.86910969007107
416,402.68699586028157
417,403.57411643029559
418,404.00880710143554
419,404.65203712912808
420,405.36382147466566
421,406.64563941853589
422,407.6280057343227
423,408.43658605904687
424,409.6854302218382
425,410.46481840777648
426,411.5743255795752
427,413.33532164831792
428,414.14980637184283
429,415.05935400817236
430,416.9716810013955
431,417.40594549746004
432,418.49544195201685
433,418.90424859294177
434,419.42038614049176
435,419.45120213973968
436,420.56957603467879
437,420.71606778418879
438,422.07084926430025
439,423.24388747044242
440,423.80175979962826
441,424.83166705877699
442,424.84831588052617
443,425.73595692039731
444,426.8236932579569
445,427.11267395429587
446,428.13132784885556
447,428.86354786497492
448,431.33530664281022
449,431.50530301209051
450,433.33283356055415
451,435.04526594753219
452,435.90010408882415
453,436.95190167793271
454,437.85715486673701
455,438.85646826270886
456,439.16285167320035
457,439.51769279306865
458,440.60170477404444
459,441.61529275681772
460,443.15465780491502
461,444.11643793398423
462,445.74864250132038
463,446.45120414295138
464,446.59911132631953
465,447.89228398949763
466,448.82450183743271
467,449.72311933773398
468,450.33554525528899
469,451.03528623055183
470,451.41637390264202
471,452.39260429477957
472,452.96299067541156
473,456.4374077458499
474,456.46479987793396
475,456.50537392881904
476,456.77294281508222
477,457.80882333971653
478,458.02200486385721
479,458.8404030483905
480,459.48913772592988
481,460.75255761423205
482,461.78966704634536
483,464.00653475262112
484,464.7646969001807
485,466.96414722171295
486,467.7863299349487
487,468.52808765897407
488,469.24245037570302
489,470.79345895341771
490,471.78350856721192
491,472.34256503475314
492,474.23144134449973
493,474.39712147431857
494,475.77845289338683
495,476.16510331431408
496,476.19621392624583
497,478.07375293007732
498,478.21259584014183
499,478.64775856987603
500,480.72912834849649
501,481.36800116301362
502,483.52258231051832
503,484.08004649052344
504,485.43227775952226
505,485.99781239957514
506,486.02698602239218
507,486.90063275665301
508,487.57967984188332
509,488.07429220081718
510,488.52533326626315
511,489.98755360771531
512,490.97667706653215
513,492.6473415890726
514,493.43040796048615
515,493.67758316198075
516,494.98850872731407
517,496.94447832084381
518,497.3268537028618
519,497.87239508564454
520,498.36652728018345
521,498.41285654470096
522,499.07806311376504
523,501.00046796796045
524,501.59643057824655
525,502.63684533292059
526,503.39600993161343
527,505.76944385040241
528,505.7931790674636
529,505.84516579591269
530,506.26647422835225
531,507.48002718951875
532,508.53914486570153
533,509.74812504190294
534,510.31823429195003
535,512.29377517730836
536,513.21071731346149
537,513.46636509393943
538,515.74117763771687
539,516.87920625041795
540,517.90090548041053
541,518.1684118408607
542,519.84915314985869
543,520.6747986433752
544,520.98597047566489
545,521.20354380950141
546,521.72061452126991
547,522.53836316677325
548,522.99748571877399
549,523.04579872214879
550,524.74077266504014
551,526.53144297628262
552,527.94822498339556
553,528.8336273864461
554,529.15778211690906
555,531.01770052307131
556,533.64807303863984
557,534.03845863353547
558,534.11914237842836
559,536.31368266538243
560,537.25930604815676
561,537.87382735325332
562,538.31930663464834
563,539.11660026285654
564,539.75899951950714
565,540.06764403023374
566,540.85798083705288
567,542.68892554498495
568,543.73733525308603
569,545.25575555046578
570,545.29504164573802
571,545.67567864274542
572,547.21966446754811
573,548.11190596242943
574,548.61177169832285
575,550.75069615971324
576,552.40916839389138
577,552.76587173180371
578,554.23651015194241
579,554.93914016685005
580,555.15983080023511
581,556.36708748607339
582,556.97415100883325
583,557.43175736498233
584,557.5654941752432
585,558.39722377901296
586,558.68437979106955
587,560.3424924804018
588,561.26925734004294
589,561.8531053867614
590,562.72546148956394
591,563.3667475084527
592,564.09379600930947
593,564.96837362657425
594,566.53956853771331
595,568.24268727266883
596,568.89721843682946
597,571.6444702688591
598,572.25655376226166
599,572.40225849599017
600,573.32474009107807
601,573.79050946285884
602,574.88937181206711
603,575.21414524187685
604,575.78168072425103
605,575.96633115492011
606,576.64482704281204
607,577.30806012535652
608,577.51335262850228
609,578.98133979779993
610,580.60453537033607
611,582.26089609611847
612,583.23187277211059
613,584.00745120219449
614,585.20553620780981
615,586.64855738026642
616,586.85869415753962
617,587.43747952015326
618,589.68174363311664
619,591.71245210430948
620,592.36810791844653
621,594.58383546251844
622,594.66027609389755
623,595.08090648295683
624,595.33142628925225
625,596.26611216447554
626,597.64941710076675
627,598.47272103244279
628,598.9905432407237
629,599.22769643236211
630,600.56277592714252
631,600.89096479957095
632,602.0034808903423
633,602.04322081604403
634,603.3422439131466
635,604.48359646271103
636,604.85705332815405
637,606.12451839808466
638,607.24251394725457
639,608.05850135587093
640,610.12261082494581
641,611.4371681864128
642,611.71420695622442
643,613.27339276231282
644,613.48453050494152
645,613.7647194931028
646,614.36580302472794
647,616.79534348176594
648,616.8396375306271
649,617.4562960237746
650,619.5870918981368
651,620.43582417990797
652,620.86236195415984
653,621.4552214420462
654,621.96949141255448
655,622.71528414896557
656,626.07630759722326
657,627.23244566957646
658,627.55624035675464
659,627.89615321684619
660,629.99400848877542
661,630.62957370228889
662,631.84698836758832
663,632.55296922155344
664,633.52511442074353
665,633.87421744675623
666,634.03370560937901
667,634.52622657619986
668,635.28225077375907
669,637.11724126352738
670,638.43025458156387
671,639.71798567210374
672,640.34247449124791
673,641.3189471055432
674,641.43746846441013
675,641.50030087126561
676,642.05873431626048
677,643.32762922946404
678,643.77930747994128
679,643.94255083180269
680,644.40161568386418
681,646.28786317041829
682,649.35597166610012
683,649.9509982118492
684,650.39902679316674
685,651.54116642237932
686,653.71028012993384
687,653.77493183734612
688,653.78160612631211
689,653.86056256425752
690,655.20899179040362
691,655.77724002958109
692,656.8653159189879
693,657.14035643119246
694,659.02413332086326
695,659.66457514539115
696,661.17873201589123
697,661.99617693489324
698,663.72432669768659
699,663.99768887451137
700,664.52711643535315
701,665.41873104002252
702,666.14323350891175
703,668.01583022585191
704,669.57860033399811
705,671.04260083657744
706,671.05393509443741
707,671.56392960869323
708,671.63544204878042
709,673.88780057729502
710,673.97296701038533
711,674.99080190621726
712,676.02508347567755
713,676.94526726229594
714,678.24989739574426
715,679.02297712903749
716,679.97700254245956
717,680.6203383250978
718,681.44120196120082
719,682.96550205632252
720,683.45184286395124
721,684.03973980490105
722,685.77528435139766
723,686.10945258772927
724,686.27040370103089
725,687.10606029890357
726,688.15375905396093
727,689.46724449471515
728,691.54689481663308
729,692.17218633261314
730,693.26550343667259
731,693.53284499645781
732,694.29522953107369
733,694.40770081745677
734,694.5497589783721
735,695.6403340252632
736,699.28960210798516
737,700.59758623628647
738,701.0921811392169
739,701.61356295658652
740,703.67724394379036
741,705.4899252433413
742,705.77272105641634
743,707.33583778326374
744,708.34546180276277
745,709.67431824556263
746,710.54644063767046
747,712.09369304654865
748,713.04301210441952
749,713.29959925960384
750,713.46933463999449
751,713.96550037017516
752,714.79831950188895
753,715.00351545968647
754,715.18989912282927
755,715.4330637177045
756,715.54312782522584
757,715.56083456227896
758,717.45222011155784
759,719.49189632279126
760,720.09021224409423
761,720.41437570452058
762,721.43529311688246
763,722.37875700261372
764,722.83638054178959
765,724.00820896931873
766,726.06049732693634
767,726.77238090044864
768,727.64639128589192
769,728.54196937883512
770,730.01515797497359
771,730.33793710596728
772,730.57006992305151
773,731.77209639873877
774,732.30192429554938
775,732.78254209315617
776,734.82423816304492
777,735.17669708732956
778,735.91744359067036
779,736.3580922394375
780,737.17821101002926
781,739.48734280873487
782,740.67291660419357
783,741.72444020566775
784,742.41345010678526
785,743.24515995583261
786,743.56330532950165
787,744.26819372736509
788,745.51092358527899
789,747.01698806451168
790,749.43496658708398
791,750.66423292960906
792,751.87894559927793
793,752.4534198210232
794,752.49735920330056
795,752.65448356352579
796,754.88789704788348
797,754.99593690418237
798,755.43659689865137
799,756.14824512542043
800,757.29868143471231
801,757.72278174952146
802,757.73493535172656
803,758.40004256998759
804,760.08358090282854
805,760.51398644024596
806,763.07709820843058
807,763.70073667352256
808,764.90640226383175
809,765.90171223744551
810,766.85827720170528
811,767.32808581821541
812,768.16991102516624
813,769.46727224078018
814,772.16773026132091
815,772.29567331630221
816,772.99904155821935
817,773.78457487135177
818,774.66697173669479
819,775.22002130315161
820,775.44652167049878
821,776.69474654026283
822,778.02774162339813
823,778.98166714464901
824,779.47354295809589
825,780.6714609601911
826,781.61892617963542
827,781.93772526638804
828,782.15830531234928
829,783.55572147503358
830,785.47473616587706
831,786.92941910216325
832,787.92603890795431
833,789.27534938017061
834,789.51702401328316
835,790.36260604081315
836,791.28283979048069
837,792.37101608010721
838,793.59929597416738
839,793.87061112760898
840,794.66871123755107
841,797.12464378618768
842,798.12635252423058
843,799.95424736791676
844,800.87808117334828
845,801.3075775816875
846,801.76284989300166
847,801.81553542986217
848,801.88343603899239
849,802.11717670945234
850,802.84896550594829
851,804.83119845689328
852,805.43358850117909
853,805.79309866712867
854,806.05872119476021
855,806.5736161411628
856,807.42493857351462
857,808.93475970188319
858,809.16469854832053
859,809.34840446379826
860,811.96743135036797
861,812.23092018934358
862,813.82575590066779
863,815.41693249973957
864,815.81166243626217
865,816.52778286731541
866,817.54280616226026
867,819.036385073318
868,821.0805330609254
869,821.20120718769465
870,821.49878736618848
871,821.5380571543235
872,823.91746844633769
873,825.16246734450488
874,825.63467609505585
875,826.6227617426739
876,829.29287441392626
877,830.02039439907469
878,830.3226572055944
879,831.1097930275032
880,831.47136149627443
881,832.08113877429275
882,832.59739751430197
883,833.90098869001156
884,834.21591181942222
885,835.75415069324413
886,836.48172343662281
887,837.51511625576563
888,838.30584593985247
889,838.78345117844856
890,838.91258068909963
891,840.1441393412656
892,842.02449070947
893,842.99116699654417
894,844.7502747108623
895,845.45475359165175
896,846.06720172352561
897,846.59592555255347
898,847.01813148480869
899,847.42468105470141
900,849.55106984918712
901,850.7655510597242
902,851.17796910948948
903,852.17228805159198
904,852.40694322012371
905,853.70559426008867
906,854.34306211201476
907,855.03259776410266
908,855.41045564747583
909,857.09445298111211
910,858.25368654804629
911,859.12158813397207
912,859.94031359550866
913,860.99794993764476
914,861.3234530119106
915,863.82022017208669
916,864.37952423203683
917,865.16542375826259
918,865.64960537955767
919,867.14368609013991
920,869.49411205146157
921,869.55655123048723
922,869.99545258820694
923,870.92121881478931
924,872.07961018127094
925,872.80122896461114
926,873.6842670970608
927,874.28006809894919
928,876.75199767068227
929,877.4311809740525
930,878.05692087285513
931,878.36054084116427
932,879.61632377532226
933,880.26740617346911
934,881.08064749742118
935,881.54617991944747
936,882.57843693042332
937,885.51150025457753
938,887.02311901259657
939,887.38362512864842
940,887.82833376257258
941,888.14743383374901
942,889.00283505405025
943,890.90426097979685
944,891.10127877664388
945,892.04520781191763
946,892.30777376592494
947,893.01598809822303
948,893.14830601690539
949,895.538463261777
950,896.92515905616551
951,898.68277896913389
952,898.83865250552185
953,900.42181685054459
954,900.60037265702704
955,900.79406546912014
956,901.73223546008421
957,902.29401898116191
958,903.16764729069916
959,903.86208567224537
960,904.83121213322931
961,905.33454118105931
962,905.86691177024625
963,906.41118040760659
964,907.5425376391695
965,908.93591980242388
966,910.08923362570567
967,910.46173859083535
968,910.89205931608228
969,912.76446625784865
970,912.87726112438418
971,913.46214025161316
972,914.52976047768493
973,916.26914091212757
974,916.96741756461927
975,917.43681619401536
976,917.7837406218456
977,918.76664297570289
978,920.23253515230408
979,920.32976948811358
980,921.04974783482385
981,923.42747013017902
982,924.15369721792138
983,925.7762094573485
984,927.30088728064709
985,929.29908185278487
986,930.04126960076098
987,930.18439207369147
988,930.4493906133963
989,930.71591431478953
990,931.45178438038249
991,932.50913213463673
992,933.68472121629941
993,934.71137873071461
994,934.94779849567101
995,936.73670882144643
996,937.87477508588779
997,938.65420068988055
998,939.85727538837466
999,940.03412893421387
1000,940.94915350799079
1001,941.14011180555622
1002,943.46411058839226
1003,944.00769992891549
1004,944.39859768920974
1005,945.6763110633924
1006,947.12979228916106
1007,947.88457663419842
1008,948.4628619502206
1009,949.3958874136913
1010,951.97469740783936
1011,952.25698529360716
1012,952.66433697058721
1013,954.33786068768165
1014,956.12081284096234
1015,956.4910208039488
1016,957.2550044727443
1017,957.35544611230193
1018,958.01017525657858
1019,959.4073520751399
1020,959.76825020906176
1021,960.14105884796174
1022,962.0538945638242
1023,962.55739214848461
1024,963.10772931099473
1025,964.2511473836355
1026,965.81449206493028
1027,967.64829243407155
1028,969.07915636647681
1029,969.73436953784471
1030,970.25108458002069
1031,970.56440425199332
1032,971.58262998374016
1033,972.15158522288152
1034,972.26246642630645
1035,973.79832042048167
1036,975.03307820777604
1037,975.64428899768563
1038,976.31468451482294
1039,978.09431316648147
1040,979.40765435212313
1041,979.94622104886832
1042,980.65373438691836
1043,983.37821001768828
1044,984.903078527361
1045,985.12014232596619
1046,986.32765486308597
1047,986.94260386828455
1048,987.09692874621339
1049,988.0326816262708
1050,988.44440167902917
1051,988.90295396770784
1052,989.11512305789881
1053,989.21215270919106
1054,990.62626701970862
1055,990.90080769204462
1056,991.85114347900708
1057,994.42455575602708
1058,995.13331560698282
1059,996.60386420899363
1060,996.85034729281801
1061,997.24539891278459
1062,997.92233410508709
1063,999.2130723098893
1064,1000.0366424728458
1065,1001.0486047447633
1066,1001.6763732615939
1067,1002.2300646095069
1068,1004.7119015910155
1069,1004.8551501457636
1070,1005.3405737095308
1071,1005.5799590505821
1072,1006.0848786868457
1073,1006.8520952591452
1074,1008.9503590368902
1075,1009.8391648667701
1076,1011.4955050558079
1077,1011.5942033337516
1078,1012.4807501392861
1079,1013.7079187530237
1080,1013.8213739594141
1081,1014.7415063241697
1082,1015.2536748981255
1083,1016.9226618275353
1084,1018.1629533325979
1085,1018.9670819909026
1086,1020.3748933876265
1087,1020.6779569862408
1088,1021.1305222001953
1089,1021.9361262593103
1090,1022.4037357610713
1091,1024.2814983863152
1092,1025.1562419535444
1093,1026.2282517116089
1094,1027.7108940126877
1095,1028.6157979884781
1096,1031.1769852757293
1097,1031.6095036556467
1098,1032.9115216692946
1099,1033.3224649563069
1100,1035.461058332369
1101,1038.0627358466681
1102,1038.2333251550542
1103,1038.5337774737984
1104,1038.7746598537121
1105,1039.0728839893502
1106,1039.8964273451293
1107,1041.1220760303534
1108,1041.2613775292632
1109,1042.320468593296
1110,1042.9122064053222
1111,1043.365491633067
1112,1044.5256169906841
1113,1046.0903424453652
1114,1046.107399806928
1115,1046.3632103217494
1116,1047.0014435032144
1117,1047.8444048207821
1118,1048.4446543970569
1119,1048.5193004361265
1120,1048.6346251381699
1121,1049.3917081738864
1122,1052.2685096916148
1123,1053.4434406192579
1124,1054.3415848701682
1125,1054.7778001500535
1126,1056.5335561813513
1127,1057.0827576101067
1128,1058.5431573301828
1129,1059.6222298268501
1130,1060.9587701205
1131,1062.4718432892905
1132,1064.0621115718261
1133,1064.8985411394426
1134,1065.3745899489729
1135,1066.0824008107568
1136,1066.6113826221995
1137,1067.6109005019443
1138,1068.354517427163
1139,1069.9133501625577
1140,1070.5538248932814
1141,1071.6407456697386
1142,1072.2502841517658
1143,1073.1714159657658
1144,1075.2511965770434
1145,1075.5957254980694
1146,1075.8378965621446
1147,1076.7196515566764
1148,1077.7201210847559
1149,1077.8951450246384
1150,1078.9781993906543
1151,1081.499862528912
1152,1082.6472572147566
1153,1083.0148634160153
1154,1084.2342755329303
1155,1086.685562678543
1156,1087.7389551488329
1157,1088.726880884883
1158,1090.0200345515689
1159,1090.1854849820918
1160,1090.3560147286316
1161,1090.4781483657198
1162,1091.1445078064528
1163,1092.1049196025031
1164,1093.005622912711
1165,1094.3525203573076
1166,1094.752464025109
1167,1096.0187581634725
1168,1096.7547672046956
1169,1097.4890611221226
1170,1097.7179590148216
1171,1097.9341722249364
1172,1098.0524708932585
1173,1099.0159719816568
1174,1099.9157692278561
1175,1100.4189363238895
1176,1102.165123476392
1177,1103.2039656570159
1178,1104.1128914998667
1179,1106.443686345991
1180,1107.0698073721578
1181,1107.6842350470267
1182,1108.0562432592906
1183,1109.2511000339814
1184,1110.0640453176882
1185,1110.4919354645226
1186,1112.16692856285
1187,1112.9048244257881
1188,1113.4939527733115
1189,1115.1198283694591
1190,1115.2601080673978
1191,1115.5848840501651
1192,1116.0547641100634
1193,1118.0342632449938
1194,1118.8493403453979
1195,1120.9945950985648
1196,1122.4851089415329
1197,1122.6983017512896
1198,1123.0314787679474
1199,1123.5450782700793
1200,1125.0673312094198
1201,1127.1457277931349
1202,1127.3427598966678
1203,1127.4655997693944
1204,1128.4999482054566
1205,1129.2829205876055
1206,1129.8340479159228
1207,1130.0490133269618
1208,1132.1951918974578
1209,1132.3150485551641
1210,1133.1624524367815
1211,1135.5101295237644
1212,1135.7316141547058
1213,1137.3733232566078
1214,1138.7352957408029
1215,1139.1202836001628
1216,1141.0337062660199
1217,1141.4422601797435
1218,1142.1159245421784
1219,1142.4802195735056
1220,1142.6902071069705
1221,1144.0029357465467
1222,1144.711270445149
1223,1146.1318859080652
1224,1146.8736611340719
1225,1147.9975151568069
1226,1149.557731685828
1227,1149.692594588897
1228,1150.1413606577976
1229,1150.5496248938493
1230,1151.8045416324355
1231,1152.2889843988935
1232,1154.6968171620731
1233,1155.2563716005609
1234,1155.97973742309
1235,1157.1179445230855
1236,1157.3299955829286
1237,1158.1568907287813
1238,1158.7505198357553
1239,1159.6461961823172
1240,1159.9926682037255
1241,1161.7269033390596
1242,1162.3661641594097
1243,1163.391147786032
1244,1165.1309147489228
1245,1167.1008095482141
1246,1167.4981512358406
1247,1169.2606014378516
1248,1170.4607988680393
1249,1170.7249681846199
1250,1171.5833838607236
1251,1172.343839840981
1252,1173.9799070444105
1253,1176.0149308268453
1254,1176.393408731326
1255,1176.635448604173
1256,1176.715376881283
1257,1177.5170761881802
1258,1178.6687062317474
1259,1181.5880186359234
1260,1184.4318528877086
1261,1185.5301088437686
1262,1186.6712984151372
1263,1186.8185336866923
1264,1187.1648658749284
1265,1187.2649960231154
1266,1187.3894346499615
1267,1189.0770052608591
1268,1189.203871057294
1269,1189.5855659328852
1270,1189.8373063929903
1271,1190.5353040689229
1272,1190.6190590096369
1273,1192.5657283887638
1274,1194.3069655816034
1275,1195.5858870929912
1276,1195.8175015732047
1277,1196.0476203654453
1278,1196.3856784466727
1279,1196.6769650891317
1280,1197.9250270927359
1281,1198.9724117760313
1282,1200.8473941468915
1283,1201.9749959793157
1284,1202.8179853575532
1285,1202.9245436265253
1286,1203.4897204520996
1287,1203.7709721681449
1288,1204.6509788908909
1289,1205.1707617172885
1290,1205.5134785539828
1291,1208.5781065160586
1292,1208.8006835585513
1293,1208.9999638005199
1294,1209.2819776806771
1295,1210.0142845824848
1296,1211.5865910304708
1297,1214.4331661938522
1298,1215.5216625928424
1299,1216.1013366303871
1300,1216.3937372205432
1301,1217.2942511587205
1302,1217.6387604286258
1303,1219.6401573392209
1304,1220.6796675986268
1305,1221.4528812130297
1306,1221.5586034448393
1307,1223.2395413283723
1308,1223.4878132962035
1309,1224.9674785450998
1310,1225.8592751392193
1311,1226.6539083780099
1312,1227.7591451964588
1313,1227.9332260230872
1314,1228.8187406608301
1315,1230.1026369370079
1316,1230.4878228086154
1317,1232.0123086025162
1318,1233.3829456810392
1319,1233.5490074313273
1320,1233.5698161997473
1321,1235.7199285193235
1322,1236.2548968229214
1323,1237.3314605396586
1324,1238.4015749405114
1325,1239.2493764249289
1326,1240.6930887662252
1327,1242.4944708485646
1328,1243.6689049422021
1329,1245.0280252250695
1330,1245.8154711003501
1331,1245.8512372482428
1332,1245.9696086894994
1333,1246.7838511107241
1334,1248.5125123761695
1335,1249.6394721169092
1336,1250.218983991859
1337,1251.0282195410239
1338,1251.7617481795689
1339,1252.8671690040612
1340,1253.4574205848121
1341,1254.6578256779565
1342,1255.2686692833561
1343,1255.60167057999
1344,1256.2650515823793
1345,1257.4402122150991
1346,1257.8965064325523
1347,1258.6603228254239
1348,1258.9748368796743
1349,1260.5082138533762
1350,1262.0541024675335
1351,1263.4041496526229
1352,1265.8734164096577
1353,1266.0029292327158
1354,1266.9718841553326
1355,1268.0622239430763
1356,1268.2381953495569
1357,1269.1712417588983
1358,1270.4156615825477
1359,1271.1947686813073
1360,1272.3270919121769
1361,1272.7004124610528
1362,1273.9844621061618
1363,1275.5193824390938
1364,1277.3465095448194
1365,1277.8650885492614
1366,1278.7659868626795
1367,1279.1523875040266
1368,1279.998755810042
1369,1281.9733146370415
1370,1282.7556150964908
1371,1283.0245704736467
1372,1283.3901810919162
1373,1283.8627619164934
1374,1284.4347200681918
1375,1285.4012843650678
1376,1285.5195033711871
1377,1286.274922053841
1378,1286.5886401446085
1379,1287.5326871234302
1380,1287.7938312924805
1381,1289.2417360726304
1382,1292.220270837611
1383,1292.8108154808183
1384,1294.5965689283237
1385,1295.7542255060728
1386,1296.6746893738448
1387,1297.850630654194
1388,1298.7576434007035
1389,1300.8671485210778
1390,1302.6578141824862
1391,1303.535484594538
1392,1304.4533708768365
1393,1305.71205226141
1394,1306.2114895582642
1395,1306.3635893852861
1396,1306.8599338156953
1397,1306.9731126640397
1398,1307.3138064315531
1399,1307.6578904707824
1400,1307.6780808426884
1401,1308.5796518090569
1402,1310.1967071277161
1403,1311.537742802416
1404,1312.1925833390308
1405,1313.2545573321149
1406,1313.727835490711
1407,1314.111280600516
1408,1314.7269763513859
1409,1314.8449579249072
1410,1315.6524482220518
1411,1316.5728772608502
1412,1317.9416741785726
1413,1318.4140577952792
1414,1318.961166570874
1415,1321.3584170182448
1416,1322.7689660874007
1417,1323.6519634127098
1418,1323.9602728724642
1419,1325.6492887452462
1420,1327.0667503916034
1421,1327.2773985278702
1422,1327.977518831269
1423,1329.8589737719042
1424,1330.9344634049496
1425,1333.4170171678729
1426,1333.5159155544104
1427,1334.6908219199588
1428,1335.5166911499796
1429,1335.6976384324664
1430,1336.9475487275765
1431,1337.9156659420603
1432,1338.7766291924977
1433,1340.2827595692543
1434,1341.4044968973785
1435,1342.084284694085
1436,1342.1697940202105
1437,1342.2976156372074
1438,1342.7048301167447
1439,1343.0574770985961
1440,1343.8682141184925
1441,1344.3487671585149
1442,1344.7319926951113
1443,1345.851076671601
1444,1347.1676112500954
1445,1347.9894738264111
1446,1349.7585658322093
1447,1351.8693790937427
1448,1352.1701490041162
1449,1353.1247155392143
1450,1353.5625866577811
1451,1354.4444315696737
1452,1354.5887624387065
1453,1355.4903864803741
1454,1357.2328267336732
1455,1358.8344314919871
1456,1359.35149667924
1457,1360.5896879167997
1458,1361.7251352828991
1459,1362.0768028053681
1460,1364.1112327417316
1461,1364.4399589711295
1462,1365.9633752743214
1463,1366.565759038536
1464,1367.605464007205
1465,1368.0247533222725
1466,1369.0200633681363
1467,1369.207704028277
1468,1371.0700383098983
1469,1371.4017757980243
1470,1372.7488212831904
1471,1373.4088186046331
1472,1373.8434486407414
1473,1374.3020579882161
1474,1374.5324849198473
1475,1375.539201558252
1476,1376.5684658313487
1477,1378.5620917679644
1478,1379.1251830931478
1479,1379.9045182728773
1480,1381.3853684448184
1481,1383.3189829053547
1482,1384.7976024379614
1483,1386.1044086276686
1484,1386.5276481746084
1485,1387.4501406890772
1486,1387.8096044044223
1487,1388.1861298084459
1488,1388.8102197554508
1489,1389.0287722996384
1490,1389.5625930763483
1491,1393.125720733605
1492,1393.4794625845461
1493,1393.722865884878
1494,1393.8387676250238
1495,1393.9925360133141
1496,1396.692926817188
1497,1397.3071107349926
1498,1397.4886545282786
1499,1398.4152910197258
1500,1399.6945772860165
1501,1400.8378858683618
1502,1403.7568598045486
1503,1403.8723509628687
1504,1404.3933714812536
1505,1405.6735321184326
1506,1406.3097922182785
1507,1407.4026458469002
1508,1408.1106353247114
1509,1408.5878996746194
1510,1409.6750285245157
1511,1410.9753842463963
1512,1411.9284305687468
1513,1413.0352146189359
1514,1413.2808782497909
1515,1415.4830441332185
1516,1415.5829563632742
1517,1417.8710086285841
1518,1418.3947278867645
1519,1420.3036847146925
1520,1422.3001574578034
1521,1422.6258765245518
1522,1423.0714352913956
1523,1423.3517445524365
1524,1423.9039065679924
1525,1424.9786214171213
1526,1425.2741304552594
1527,1425.81933979002
1528,1427.7056517643427
1529,1428.2956515801347
1530,1428.7961110010856
1531,1428.9337862427903
1532,1429.4770350640799
1533,1430.2705081229406
1534,1430.6203702962785
1535,1431.0857615596335
1536,1432.3648391077179
1537,1433.2820515676283
1538,1434.1407771416134
1539,1436.8390838807466
1540,1437.3473435269009
1541,1438.7985009235263
1542,1439.96476947561
1543,1440.3059159104387
1544,1440.624379247183
1545,1440.7469474689817
1546,1441.4490092070803
1547,1442.6388671943535
1548,1442.9559331720732
1549,1443.2985193787038
1550,1443.9921651335053
1551,1445.417626261687
1552,1445.653984110261
1553,1445.8696758999731
1554,1446.6818078141546
1555,1448.6437968551616
1556,1450.2439386148035
1557,1450.7534924360282
1558,1452.1170543948951
1559,1452.5754350117677
1560,1453.4815974675801
1561,1454.4796533809069
1562,1455.3228581769808
1563,1456.706549516721
1564,1458.0212146030333
1565,1458.6818004755551
1566,1459.5601251335504
1567,1460.152543906564
1568,1460.2405615697562
1569,1461.8405226333605
1570,1462.8242692714318
1571,1462.9737573791535
1572,1464.4122653048869
1573,1467.1777169658494
1574,1467.6565081310641
1575,1470.5087817790452
1576,1470.6026254257556
1577,1470.7743599432858
1578,1471.5755070562946
1579,1472.0372347592302
1580,1473.1313574458418
1581,1474.1620971961354
1582,1475.0208588917437
1583,1476.1877747382541
1584,1478.0310544276083
1585,1478.8425351949259
1586,1479.1691138005067
1587,1480.3199416124978
1588,1480.8858544177574
1589,1481.8389711493473
1590,1482.399843810148
1591,1482.4736004825349
1592,1482.7227799422553
1593,1483.9696218774034
1594,1484.9825360437453
1595,1486.4063340721357
1596,1487.0329193521482
1597,1487.7803527928704
1598,1489.5572392295137
1599,1489.7745682933987
1600,1491.6260908043712
1601,1492.5799721019557
1602,1493.9420314288654
1603,1494.6069204029204
1604,1495.2201043642551
1605,1496.1319113987256
1606,1497.0029404628799
1607,1497.5219149309494
1608,1498.523854321046
1609,1499.6767383125775
1610,1501.9570278685253
1611,1502.9243081638801
1612,1504.8123421440753
1613,1504.8391089360166
1614,1505.0037495586805
1615,1505.5640427875439
1616,1506.645248797164
1617,1507.5878436992798
1618,1509.6122356127767
1619,1509.6715843295613
1620,1511.3903893245222
1621,1512.5150350067177
1622,1512.9312328023091
1623,1513.2145967350318
1624,1513.7105954015203
1625,1514.4984795599178
1626,1514.7444479961409
1627,1515.7607544103198
1628,1516.1099612384235
1629,1516.9389004712161
1630,1517.6863395602745
1631,1518.1829771970745
1632,1518.6495653217498
1633,1519.8580646976284
1634,1521.6350007025626
1635,1522.3699064835394
1636,1525.3706011480685
1637,1526.2353234536554
1638,1527.6756478373488
1639,1528.6536263594737
1640,1529.1583157811133
1641,1530.4772331933198
1642,1531.1672081681224
1643,1532.2727413396299
1644,1533.7380484262303
1645,1536.0002304251154
1646,1536.9036973783045
1647,1537.4772860375826
1648,1538.34259536477
1649,1538.9007572134594
1650,1539.6741407937504
1651,1540.6718691092174
1652,1541.5950502451874
1653,1541.7110268238978
1654,1542.0794634590015
1655,1543.1811575516986
1656,1543.7810326723729
1657,1543.8135346192023
1658,1544.1979004612945
1659,1547.407325293997
1660,1547.955896048649
1661,1548.1132696629541
1662,1548.6007559765969
1663,1549.3542657151354
1664,1549.8660772901862
1665,1550.4687656486685
1666,1551.2249260952703
1667,1551.428790117408
1668,1551.7188846463871
1669,1552.5523347774154
1670,1554.3114931080374
1671,1555.3191748980955
1672,1555.5119515406316
1673,1557.1988410316367
1674,1558.1969695705957
1675,1559.1989022670539
1676,1559.3942657005671
1677,1559.865122115734
1678,1562.5272925305055
1679,1563.5990232796489
1680,1563.7709891782592
1681,1565.6169580716555
1682,1566.5789293380874
1683,1567.4725205837121
1684,1568.6479511915647
1685,1569.8110463811984
1686,1570.6469378669281
1687,1571.1556995606381
1688,1571.6435975612806
1689,1572.1308774615509
1690,1572.8770350536897
1691,1574.7647254346662
1692,1574.9597522192601
1693,1575.6030164493282
1694,1575.7807440245736
1695,1576.2229056139292
1696,1576.6140235188445
1697,1578.7426295168416
1698,1580.0747460645111
1699,1580.9499647740322
1700,1581.0497649727711
1701,1581.6552558064016
1702,1584.2054779358784
1703,1584.6804859660288
1704,1585.1697476338536
1705,1587.5158054498863
1706,1588.8770456542022
1707,1589.1003628489962
1708,1590.4984062444412
1709,1592.1785201585922
1710,1593.1753703487748
1711,1593.9117240779037
1712,1594.4116505999596
1713,1596.3533913031702
1714,1597.0862772887608
1715,1599.7097089342728
1716,1601.2979456438695
1717,1602.5846850386495
1718,1603.0260949094393
1719,1603.2833053046429
1720,1603.5572460698945
1721,1603.8028492596045
1722,1604.240929854974
1723,1604.6608705143176
1724,1605.150170184949
1725,1606.0056424782265
1726,1606.5779784387707
1727,1607.1322832994729
1728,1609.0497900003356
1729,1609.6569477175776
1730,1610.108582655532
1731,1610.3883744751408
1732,1611.0637840840857
1733,1611.4907917253031
1734,1612.0009074974027
1735,1612.5993074409812
1736,1613.9510650940301
1737,1614.5117327471507
1738,1615.8368984281287
1739,1616.8750983325608
1740,1618.2175157224117
1741,1618.5837011700123
1742,1620.632411305503
1743,1620.711974525153
1744,1621.4823674496693
1745,1623.1188396839966
1746,1624.3657994789319
1747,1624.644091970446
1748,1625.8242193879864
1749,1626.5056080582744
1750,1628.0456737434586
1751,1628.5643462948876
1752,1630.040330711648
1753,1630.4250915841408
1754,1630.9743167978845
1755,1632.765057169873
1756,1633.3711322644222
1757,1634.8993316368828
1758,1636.4309998884544
1759,1637.4079275428612
1760,1637.9029283433617
1761,1639.6590705835979
1762,1640.427708735697
1763,1643.217809704571
1764,1643.2788070754857
1765,1644.2216977595324
1766,1644.4835340588484
1767,1644.7939864205671
1768,1645.9186620252863
1769,1646.2936198577206
1770,1647.529580089451
1771,1647.8179209158809
1772,1648.2049877601291
1773,1649.1250783887626
1774,1650.0310818493178
1775,1651.6549503719409
1776,1653.2547128086176
1777,1655.1142963650109
1778,1655.7915221505173
1779,1656.7677400510372
1780,1657.7192042608751
1781,1658.7703028872536
1782,1660.3331219578181
1783,1660.9112486567003
1784,1661.2686227909528
1785,1661.6485139424531
1786,1662.5258935757399
1787,1663.7454591701198
1788,1665.0207202047991
1789,1667.1368417653991
1790,1667.6179169179484
1791,1668.5871667453205
1792,1669.0677655625871
1793,1669.2547324795207
1794,1669.8168521363423
1795,1670.4593445005232
1796,1670.7680267288938
1797,1671.4847759692598
1798,1672.2417347812348
1799,1674.3412377090765
1800,1675.6678637388636
1801,1676.2904364405217
1802,1677.1473094090711
1803,1677.6783925327284
1804,1677.7079358329868
1805,1679.0696214460602
1806,1680.8332984993683
1807,1681.5125417355125
1808,1682.4204861720057
1809,1682.7693664002602
1810,1684.0256700500181
1811,1684.9383810756119
1812,1685.2675993447767
1813,1685.8951945241206
1814,1686.2593493290049
1815,1687.3472521665076
1816,1688.4406982657697
1817,1689.4848204686489
1818,1690.167658670463
1819,1690.2300875754765
1820,1691.4837257942968
1821,1692.7340947747275
1822,1693.2227850031691
1823,1694.2009772674116
1824,1694.7908645570669
1825,1696.9436837831031
1826,1698.7031265962141
1827,1699.1890379867978
1828,1699.5604260410316
1829,1699.8624886285436
1830,1700.020503314561
1831,1701.677833054333
1832,1702.4199328996599
1833,1702.7171272130806
1834,1703.1824943091756
1835,1705.2284246857844
1836,1706.5562895241123
1837,1706.7808529223464
1838,1708.3036515060046
1839,1709.6014083622431
1840,1710.2895947437885
1841,1712.5885220156463
1842,1713.3318863671384
1843,1714.5662332768381
1844,1715.2913989105891
1845,1715.771768694194
1846,1717.5074272200545
1847,1718.5064788717282
1848,1719.4490124633817
1849,1719.7071674634456
1850,1719.7266373116697
1851,1719.9439468315443
1852,1720.5908339470789
1853,1721.5436791173931
1854,1722.0477962909508
1855,1722.7905602222841
1856,1724.591434657777
1857,1725.1554625083731
1858,1726.6126190724285
1859,1727.6441075179155
1860,1728.8748773473365
1861,1729.0073836897877
1862,1730.7897978214619
1863,1731.2188114018761
1864,1733.382625045539
1865,1733.9119347535059
1866,1734.4539340152839
1867,1735.2929536147453
1868,1737.420514740222
1869,1737.8860305900414
1870,1738.6292146003607
1871,1738.8235116721605
1872,1739.5538811982742
1873,1740.7137992428475
1874,1741.5222088336543
1875,1741.6681508238883
1876,1742.4476613534757
1877,1742.5528098761042
1878,1743.8154555242688
1879,1745.3431960820074
1880,1746.4151660584523
1881,1748.1991209065216
1882,1749.2840219528393
1883,1750.103432535514
1884,1750.9174970494739
1885,1752.3871483385319
1886,1752.7385828914278
1887,1753.5110874883069
1888,1754.157852668375
1889,1754.8826233468296
1890,1756.1641675455146
1891,1757.5850258427113
1892,1758.2015788183344
1893,1758.8295036470799
1894,1760.1467943003797
1895,1760.5072826327782
1896,1761.9124472471092
1897,1762.5236005114707
1898,1763.4102449154852
1899,1765.1418680425543
1900,1765.8404401355458
1901,1766.9321230312489
1902,1767.3328728704762
1903,1767.9964945926324
1904,1769.144860026639
1905,1771.5126388267004
1906,1773.3208377431265
1907,1773.9916704116674
1908,1775.1348913872405
1909,1776.2383390863633
1910,1776.2668614246797
1911,1778.2853776986674
1912,1779.4322252196225
1913,1780.0913395022164
1914,1780.6033079037877
1915,1782.3679349237186
1916,1783.0891497807113
1917,1784.1795515583431
1918,1785.9566993410351
1919,1786.367420278797
1920,1786.3895799357763
1921,1786.8806488116736
1922,1787.9820781389678
1923,1788.2612608629111
1924,1788.4167888513111
1925,1788.5164724273029
1926,1788.6960292013337
1927,1790.1717348813186
1928,1790.4655748223952
1929,1792.383473926451
1930,1793.5182890376734
1931,1794.7004774432316
1932,1797.0506859171549
1933,1797.7702740125785
1934,1799.0886193401886
1935,1799.3011416245295
1936,1799.8107725272976
1937,1800.1994988414153
1938,1800.732181344918
1939,1801.1671721233567
1940,1801.4304725360723
1941,1801.8828503581003
1942,1803.2206052363349
1943,1804.2398544838636
1944,1804.6856398471743
1945,1805.8533136386188
1946,1806.6559919814608
1947,1807.3725165184815
1948,1807.8454671109646
1949,1808.6958440011128
1950,1809.7823630491323
1951,1810.8586673723146
1952,1811.9669130922136
1953,1813.9262451647921
1954,1814.6555428010652
1955,1815.9840060304612
1956,1816.9812481973504
1957,1818.2407570535349
1958,1819.3466939809321
1959,1819.9399572682578
1960,1820.1804722209786
1961,1820.7068544415945
1962,1822.7351981068475
1963,1824.7514308218658
1964,1825.2985150855945
1965,1825.378198133227
1966,1825.6456174793443
1967,1825.7959968560181
1968,1826.4860228131874
1969,1826.9877571273071
1970,1828.3139842546332
1971,1829.6506685939753
1972,1830.3036951869105
1973,1832.0136756534696
1974,1833.1461890718842
1975,1833.5158576469712
1976,1835.5328514426656
1977,1836.2527855620244
1978,1837.0754385947932
1979,1837.4358079472181
1980,1837.9469595111675
1981,1838.0451245137026
1982,1838.5218409945887
1983,1840.1731874959755
1984,1840.2844390749444
1985,1840.7644422893989
1986,1842.2820103188626
1987,1843.1484291334484
1988,1843.7738951649753
1989,1845.6604492399299
1990,1846.1473899411699
1991,1847.1265322819647
1992,1848.0806475709387
1993,1850.7219897763109
1994,1851.9456161756552
1995,1852.9871816442312
1996,1854.6190556699241
1997,1855.5529522168804
1998,1855.9098054414915
1999,1856.7337206549105
2000,1857.6182979015894
2001,1858.739830817799
2002,1859.6594993025483
2003,1860.1691536036228
2004,1860.2766270185145
2005,1862.6485346299182
2006,1863.3219518874473
2007,1864.0324542571045
2008,1865.3755751321796
2009,1865.9882301121663
2010,1867.0291155315683
2011,1867.1299652307546
2012,1867.2697044502227
2013,1867.6287262316368
2014,1869.0203489451692
2015,1870.1453680736433
2016,1871.527949649008
2017,1872.5619706447976
2018,1874.1077725855594
2019,1874.2376377379421
2020,1875.8119553984384
2021,1877.0662170979735
2022,1877.6898624129419
2023,1878.2268430091553
2024,1879.3049667604173
2025,1879.6082754134156
2026,1880.0150521241135
2027,1880.9517101981726
2028,1881.9163702451413
2029,1882.8557240565297
2030,1884.7741364219032
2031,1885.3069171917805
2032,1886.0905850192876
2033,1886.6383443812554
2034,1886.8226485421249
2035,1887.5404402400864
2036,1888.861867673515
2037,1889.9529427237042
2038,1891.7155798137323
2039,1892.5633968692512
2040,1893.9625310623489
2041,1896.5533415314405
2042,1896.9123087866878
2043,1897.0760508518979
2044,1898.2178918909533
2045,1898.8823876088711
2046,1899.6753118930519
2047,1901.2024619007841
2048,1901.4588322968173
2049,1901.6383207647536
2050,1902.5650995351989
2051,1904.1157271539016
2052,1904.2926646151757
2053,1904.6082844585026
2054,1905.1712059136762
2055,1905.412039007248
2056,1906.5023379927477
2057,1907.2414703537615
2058,1907.6160337668136
2059,1909.7848977417411
2060,1910.8112953481898
2061,1912.9012489998654
2062,1914.1838586568952
2063,1914.6302881005406
2064,1916.4044084148034
2065,1917.9035060414594
2066,1918.8925134299593
2067,1918.9677283002204
2068,1919.9955123068246
2069,1920.4545332524963
2070,1921.3878128037252
2071,1921.6794633866029
2072,1922.793583074382
2073,1923.7366141421726
2074,1925.0861136438054
2075,1927.3154769969735
2076,1928.0678012512683
2077,1928.6909886757892
2078,1929.9671567315124
2079,1931.5032640334905
2080,1932.525011666339
2081,1934.9237709486531
2082,1935.2641376577949
2083,1935.5487078238484
2084,1936.1509347194065
2085,1936.5271895756898
2086,1936.7927647473225
2087,1937.4045742300593
2088,1938.4476385817352
2089,1938.9665306222644
2090,1940.0492826356829
2091,1940.7846621797767
2092,1941.8676544961863
2093,1942.1204401246157
2094,1942.6333914086179
2095,1943.0560782278362
2096,1943.398220991061
2097,1944.3296408527958
2098,1944.944185974068
2099,1945.6229048649034
2100,1946.5428738797793
2101,1947.6637708347857
2102,1949.8503743285933
2103,1951.452077725603
2104,1952.1054322840748
2105,1952.5280936978063
2106,1953.8918063667279
2107,1954.7261261403628
2108,1955.6824969375421
2109,1955.8893832006213
2110,1955.9667007558567
2111,1958.1787679936115
2112,1958.6277746466478
2113,1958.7915442596538
2114,1960.0029936777323
2115,1961.5982167649963
2116,1963.3357674709453
2117,1963.6583429967975
2118,1964.5549339696449
2119,1965.7560143213668
2120,1966.0331943503461
2121,1966.7507656304451
2122,1968.0351366250682
2123,1970.3118091032748
2124,1970.8728105777568
2125,1972.5006854114574
2126,1972.9920330531759
2127,1973.2602057208392
2128,1974.6506028160436
2129,1975.6844963435274
2130,1976.1939174079369
2131,1976.7636258079147
2132,1977.9826841172837
2133,1978.3262182075905
2134,1978.8205049997578
2135,1978.8456210812153
2136,1979.4109632640889
2137,1980.8115619996415
2138,1982.1259672820199
2139,1982.6587526728565
2140,1983.3265077156793
2141,1984.5644830558767
2142,1985.7392325526923
2143,1986.2300950644319
2144,1987.0528175818968
2145,1987.2802934129907
2146,1988.8317691787393
2147,1989.3946962305479
2148,1989.6523138590785
2149,1990.9002540401748
2150,1992.0993737923125
2151,1993.6197196332469
2152,1994.8148928143507
2153,1995.2284139969672
2154,1997.9175624193547
2155,1998.1751361913618
2156,1998.4797192102064
2157,2000.8606110013855
2158,2001.9276247027769
2159,2002.3473565158522
2160,2004.0040648821921
2161,2004.3452678003512
2162,2004.8567229954531
2163,2005.4275461382408
2164,2005.9607985962107
2165,2007.4102970731349
2166,2008.4473886010339
2167,2009.9599843100054
2168,2010.6164909625611
2169,2011.0930437665409
2170,2012.4272569079474
2171,2013.5153360507584
2172,2014.1822524636295
2173,2015.2753967927406
2174,2016.6781217966741
2175,2017.120054226501
2176,2018.2378955401591
2177,2018.2775752952475
2178,2020.7362482288222
2179,2021.3957119556321
2180,2022.3829260286936
2181,2022.8040567266512
2182,2023.0768919106763
2183,2023.2817300375875
2184,2024.2282503392357
2185,2024.6273110557333
2186,2025.0764289996059
2187,2025.4461723964184
2188,2026.1835893774787
2189,2026.7224761932885
2190,2027.9867427879681
2191,2028.5153095156068
2192,2030.3693552605585
2193,2031.4232490414181
2194,2032.4606493897793
2195,2034.0234964453689
2196,2035.3957704745274
2197,2036.2074255221476
2198,2036.7234466136269
2199,2038.6132667344568
2200,2040.0258043124782
2201,2040.4474612685026
2202,2040.7259619714778
2203,2041.5668067045101
2204,2044.4833507194262
2205,2044.7005323220762
2206,2044.8573816770056
2207,2046.5784086846293
2208,2047.3773656771168
2209,2047.9571988148357
2210,2048.2723552978723
2211,2050.2924918828935
2212,2052.493792696564
2213,2052.7151367249617
2214,2052.8472514534037
2215,2054.3815241064885
2216,2054.5331874187
2217,2055.8514765665268
2218,2057.2442467224591
2219,2058.1794308970029
2220,2058.4746247897529
2221,2058.8126174401527
2222,2059.7138768677974
2223,2060.5630716207452
2224,2062.1170903247216
2225,2063.3900079715813
2226,2065.5160737831284
2227,2066.9793740595583
2228,2067.6081693800961
2229,2068.7732871232233
2230,2069.6397581061237
2231,2072.0228641032904
2232,2072.575192089394
2233,2073.6989456146184
2234,2074.8583069896895
2235,2075.0402167526431
2236,2075.0816427763539
2237,2075.5596802310533
2238,2076.1047968852836
2239,2076.7588698776053
2240,2077.0400209578852
2241,2077.2420165377234
2242,2078.1741404492013
2243,2079.6112830117086
2244,2080.5439402708116
2245,2082.5467298663712
2246,2083.7835561108755
2247,2084.1390465856275
2248,2084.53350543532
2249,2084.6579765556899
2250,2084.9297441878757
2251,2085.8307529667613
2252,2086.7495992506865
2253,2086.9673959373731
2254,2087.4990228794527
2255,2089.1177086901334
2256,2090.6879068620433
2257,2091.5271110765816
2258,2091.8295709625045
2259,2092.6072372986901
2260,2093.7609720712176
2261,2094.664935912092
2262,2095.0960855429907
2263,2095.5647554774696
2264,2096.2321491661105
2265,2096.5887010221459
2266,2096.7015081333811
2267,2097.0375681081732
2268,2097.0936975825721
2269,2099.6314629489366
2270,2101.8325973805604
2271,2102.9614132219144
2272,2103.9627754111366
2273,2104.625693369348
2274,2105.6453908172371
2275,2106.199037626719
2276,2107.4933975679351
2277,2108.7102187488431
2278,2109.7235910343238
2279,2110.5055263765753
2280,2111.782485270784
2281,2112.1039174247203
2282,2113.0194497947678
2283,2113.4739080116697
2284,2113.7353775332863
2285,2114.2331498001154
2286,2115.3690711671488
2287,2117.0551575743634
2288,2117.8460182649696
2289,2119.1142463827518
2290,2119.6062857616876
2291,2122.3365125016003
2292,2124.1187771702807
2293,2125.2261784024304
2294,2126.2920549616397
2295,2127.7568255990323
2296,2128.3631874740963
2297,2128.7482027562451
2298,2129.3450694815756
2299,2129.9785400581277
2300,2130.4419280857314
2301,2131.1684125984093
2302,2132.1802571294311
2303,2133.5234446933468
2304,2134.1684026620187
2305,2134.44568262652
2306,2134.8082433126888
2307,2135.7084757598618
2308,2136.2490572462389
2309,2137.5387212960059
2310,2137.7233859909134
2311,2141.8357393156657
2312,2142.7902850734431
2313,2143.1899650428627
2314,2143.9529890418503
2315,2145.35941698848
2316,2145.9249752375399
2317,2148.0006245141922
2318,2148.2764405602188
2319,2148.7340045261262
2320,2149.3852835288017
2321,2150.5483377927544
2322,2151.1742544361077
2323,2151.2812350813711
2324,2152.7585060656065
2325,2153.2183096023614
2326,2153.5076126356362
2327,2154.5984562596022
2328,2154.7533444473911
2329,2155.5961363457295
2330,2156.4318491994977
2331,2157.3153469317053
2332,2158.6451216631426
2333,2159.5812468053159
2334,2160.9637327984442
2335,2162.8254282113235
2336,2163.0542137757147
2337,2163.4191292402434
2338,2164.5259522235119
2339,2165.7580641091326
2340,2167.2224011528547
2341,2167.3782242664556
2342,2169.1878267802963
2343,2171.1069299086253
2344,2172.2357650835934
2345,2172.81850323041
2346,2173.560962975509
2347,2175.204570499508
2348,2175.4890224153969
2349,2177.1223187039095
2350,2177.2359656258282
2351,2178.0311514992136
2352,2179.0349724468388
2353,2179.9543505995803
2354,2180.4221088827003
2355,2180.4407902044086
2356,2180.4870231828527
2357,2181.1712230801481
2358,2181.8624309636907
2359,2183.5345360652386
2360,2184.7748979784287
2361,2185.056128102256
2362,2187.3200765095798
2363,2187.7023950770958
2364,2188.5300454978869
2365,2190.2914607453445
2366,2190.4384343140414
2367,2191.1681068581424
2368,2192.7863912811185
2369,2193.6753127795328
2370,2194.9676798561932
2371,2195.3154639191357
2372,2195.9412035318664
2373,2196.6490005857572
2374,2198.703715752536
2375,2199.5663151732811
2376,2200.4693382081687
2377,2200.6928219315478
2378,2201.5963442571624
2379,2203.3650719417269
2380,2204.1053224698971
2381,2205.0589817437976
2382,2205.6214505246908
2383,2206.4905970915429
2384,2209.3424896428155
2385,2211.8753849565501
2386,2213.1253328026478
2387,2213.7960355045284
2388,2214.6387272765223
2389,2215.215618120968
2390,2216.8463476908209
2391,2217.0134104047397
2392,2217.3461058470289
2393,2218.3552127073631
2394,2218.926130831082
2395,2220.2167430277036
2396,2220.558510464808
2397,2221.3490740035454
2398,2221.4581653722103
2399,2222.1062306756075
2400,2222.4810943467719
2401,2222.6533973158171
2402,2222.8026838733163
2403,2223.4666183381187
2404,2224.7470502077499
2405,2224.8592258648137
2406,2226.5030612856276
2407,2227.7062228230493
2408,2229.0887941458459
2409,2229.2477465463085
2410,2229.437632730946
2411,2231.8716817678419
2412,2232.0219519284556
2413,2232.0611877053993
2414,2232.2903788338226
2415,2233.2545127071116
2416,2234.5527844862181
2417,2235.8029697583588
2418,2236.8782289558139
2419,2238.3796642039729
2420,2238.7791761578069
2421,2239.6309872357883
2422,2240.5212623179877
2423,2241.2353076750296
2424,2241.554421135399
2425,2241.8549874416553
2426,2243.1607348984521
2427,2244.1875282879023
2428,2245.3701001239738
2429,2246.2436147582762
2430,2247.2869362380329
2431,2247.846407855664
2432,2250.4713369786145
2433,2251.7805253343981
2434,2253.4829808728796
2435,2255.0196711311528
2436,2255.1858485514181
2437,2257.1728134719933
2438,2257.3378500213062
2439,2258.3693027737631
2440,2258.5608446244978
2441,2258.8841404420482
2442,2259.0744369865306
2443,2261.0667342080678
2444,2261.5770158920336
2445,2262.0991827180774
2446,2263.8702540665472
2447,2264.1822525879375
2448,2264.954177597976
2449,2265.2848482652344
2450,2265.6793116638196
2451,2266.8496611839623
2452,2268.2883633386755
2453,2269.507748269642
2454,2270.9717280178597
2455,2271.8718043924014
2456,2272.1792502718554
2457,2273.989789942726
2458,2274.0183633981828
2459,2274.7292738126098
2460,2277.1275467541327
2461,2277.4100912757672
2462,2281.1028622335857
2463,2281.5995884797248
2464,2281.8778610576705
2465,2282.3429956666214
2466,2282.6586103781979
2467,2283.8434462977871
2468,2284.4047490656085
2469,2285.2691409556223
2470,2285.9780198407393
2471,2286.340531762919
2472,2287.620315817398
2473,2289.0592527845733
2474,2289.63167156398
2475,2291.5395885717021
2476,2291.9677420501166
2477,2292.1883771811845
2478,2293.2269399200623
2479,2294.3768903361042
2480,2294.7719030134522
2481,2295.9975527916085
2482,2296.1399659022654
2483,2296.8591883061808
2484,2299.0028079165636
2485,2299.3249740854585
2486,2299.3603434326069
2487,2300.232417955734
2488,2300.7284851993368
2489,2301.7360543915524
2490,2302.3895911387199
2491,2302.994721652391
2492,2304.390319279792
2493,2305.8259825383434
2494,2306.3534025776685
2495,2307.5778655360496
2496,2308.2697350863928
2497,2308.3342895337914
2498,2309.1974590623872
2499,2309.8624528957494
2500,2310.3223530827972
2501,2311.878498077584
2502,2311.9849540015312
2503,2312.1385007852937
2504,2313.0127729918017
2505,2313.7451687730595
2506,2314.8177693389171
2507,2318.1829617527483
2508,2319.5681234280269
2509,2320.2287270858828
2510,2320.8710995801052
2511,2321.5086864546206
2512,2322.7234681860073
2513,2325.1777224865154
2514,2325.6080540817784
2515,2327.1200781849034
2516,2328.452878461002
2517,2329.1992203164659
2518,2330.5174738682276
2519,2332.1208217013523
2520,2332.4808865239374
2521,2333.6832253614266
2522,2334.402586266413
2523,2334.8452744674792
2524,2337.815754499341
2525,2338.2326564179734
2526,2338.4705082769892
2527,2339.451301335313
2528,2339.5496155829496
2529,2340.3174367488809
2530,2340.500535642027
2531,2340.9582730962384
2532,2341.4123913345152
2533,2341.7259793592721
2534,2342.5679764205388
2535,2343.7693871745396
2536,2346.5410119988128
2537,2347.440618041142
2538,2349.6320034227074
2539,2350.2096416184195
2540,2350.8117148378597
2541,2351.2194224409955
2542,2351.8713153831009
2543,2352.6836685961334
2544,2352.853693185933
2545,2353.1576859075908
2546,2353.4871291809077
2547,2354.1305045596778
2548,2356.3436193011808
2549,2356.8790615249272
2550,2359.2016502546126
2551,2359.5803711046342
2552,2361.4340668688669
2553,2362.6166253775154
2554,2364.1979453214472
2555,2365.4790608368353
2556,2365.8324410209061
2557,2367.6283465764841
2558,2369.2646668401139
2559,2371.0832513854839
2560,2371.3926469683674
2561,2371.5803305413365
2562,2372.3018244635796
2563,2372.7768084107947
2564,2372.8617290735942
2565,2373.8391355388221
2566,2374.5866708458771
2567,2375.3001055150048
2568,2375.8147147047898
2569,2377.2484003940945
2570,2377.4555724173379
2571,2378.171718280852
2572,2378.9376886562632
2573,2379.4328950704958
2574,2380.4359793069821
2575,2380.7951355530035
2576,2381.5138603035621
2577,2382.351362801845
2578,2382.6883833947486
2579,2384.4578968291416
2580,2385.6599802597248
2581,2387.0404127921988
2582,2388.4320033492636
2583,2388.7618830035835
2584,2389.7629470467837
2585,2390.7669684159505
2586,2391.188779887932
2587,2391.9254788149642
2588,2392.0702862349449
2589,2393.0321013552948
2590,2393.3662717946581
2591,2394.241490019846
2592,2395.6016137829602
2593,2396.4269108345093
2594,2397.8427929926943
2595,2398.5825807774631
2596,2399.4404103366078
2597,2400.0901526506868
2598,2400.651221175684
2599,2400.837993902911
2600,2403.0609678467376
2601,2403.6647927008712
2602,2405.073114909907
2603,2405.9692942738925
2604,2406.5876146555474
2605,2408.1323921201092
2606,2409.1708437986058
2607,2409.9735077331011
2608,2410.6791225741231
2609,2411.1905195498048
2610,2413.9853348844058
2611,2414.7273067176411
2612,2415.7248382495122
2613,2416.3376432015148
2614,2417.1171783039008
2615,2417.4757515400229
2616,2418.5776597021727
2617,2418.9252022063743
2618,2419.431312962834
2619,2419.7885832241518
2620,2420.3546008802928
2621,2421.8278070449232
2622,2423.4935041379813
2623,2423.8264610560705
2624,2425.4740986112215
2625,2426.0129299186374
2626,2426.4479713852966
2627,2428.2914565547007
2628,2428.4239614983098
2629,2429.5859624158334
2630,2430.0179454984182
2631,2430.3595988652601
2632,2430.8266818541297
2633,2431.4677613108561
2634,2432.3085593297033
2635,2432.7434383247878
2636,2433.6094086686385
2637,2436.7867787527261
2638,2437.4507314381094
2639,2440.3397323076911
2640,2441.1394116523938
2641,2442.2165465001713
2642,2443.2760218162516
2643,2443.9937923453685
2644,2445.3172376237721
2645,2445.552891311137
2646,2446.4784636718482
2647,2447.8370614955088
2648,2447.9500292343287
2649,2448.4747427952461
2650,2448.7994827986263
2651,2448.9899091218508
2652,2449.9089108148519
2653,2450.6386689419442
2654,2452.0943217613021
2655,2452.7473120832283
2656,2453.5314209498074
2657,2454.2740902501655
2658,2456.0005659766043
2659,2456.2101556937005
2660,2456.8681135466068
2661,2458.586078540518
2662,2458.9146919508025
2663,2459.4156043426169
2664,2460.983535052274
2665,2464.2877300521454
2666,2464.8397204857947
2667,2465.3794429182808
2668,2466.339957326506
2669,2466.9284515316585
2670,2467.1941058674847
2671,2467.5252329394893
2672,2468.8180046416519
2673,2469.25073792795
2674,2470.2944033959484
2675,2471.9969881649786
2676,2472.8293537530617
2677,2474.2785904702464
2678,2474.3564201619115
2679,2475.3050943169301
2680,2476.1704724154579
2681,2477.1662046308434
2682,2478.3468165038639
2683,2480.511688467539
2684,2480.8339670088462
2685,2482.6498137409721
2686,2484.7410793687218
2687,2485.3440126804826
2688,2486.4385300522349
2689,2487.5263159146175
2690,2487.8526271767146
2691,2489.0339044736243
2692,2489.0860430991956
2693,2489.2440382536433
2694,2490.5130721105088
2695,2490.8765918512818
2696,2491.3319087875566
2697,2492.9247223494726
2698,2493.8725002191695
2699,2494.8566975782646
2700,2495.6683402114522
2701,2496.7071569452723
2702,2497.0441144823262
2703,2497.3144329075612
2704,2499.4739192289676
2705,2500.4535819370353
2706,2500.7997472440238
2707,2501.6587605359755
2708,2502.7596989897033
2709,2503.431855076336
2710,2506.0163435451509
2711,2506.8538001345055
2712,2508.0376404291951
2713,2509.0899460511373
2714,2509.316456380247
2715,2510.3120739577143
2716,2511.4748354722442
2717,2511.6102272661187
2718,2512.1892882778161
2719,2514.0020958636746
2720,2514.9881155367757
2721,2515.2004712852136
2722,2515.9682779277409
2723,2516.7023600803036
2724,2517.068201806424
2725,2518.2186364038812
2726,2518.5890525779096
2727,2519.3909812488228
2728,2520.7831206522173
2729,2523.2643473679645
2730,2524.6885628313921
2731,2525.5140389917351
2732,2526.0583151707424
2733,2526.4673456220444
2734,2527.0877176915351
2735,2527.7076711233681
2736,2527.748272679301
2737,2529.0007049454184
2738,2529.2023174615274
2739,2529.9820189374191
2740,2530.7376054426891
2741,2531.8536396402988
2742,2532.6318647780813
2743,2533.298064847525
2744,2534.4977018819518
2745,2535.0335148303238
2746,2535.7194360111394
2747,2536.2669342579902
2748,2538.2475552215205
2749,2538.6984802357656
2750,2539.8857731828152
2751,2541.0199211574736
2752,2541.8752797397606
2753,2542.2487883049112
2754,2543.3358052818853
2755,2544.3621967345534
2756,2546.1036462992688
2757,2547.0606352204031
2758,2547.2382298485368
2759,2548.0682590336364
2760,2549.6929391507711
2761,2550.5495246330665
2762,2551.1153243615749
2763,2554.2438402554303
2764,2555.7493204371167
2765,2556.3996238724312
2766,2556.8870326910096
2767,2557.4119557401118
2768,2557.8186117283017
2769,2557.986362667627
2770,2558.5281116389201
2771,2559.073647600906
2772,2560.1957406517313
2773,2561.5507963653172
2774,2561.944037553676
2775,2562.0405474320055
2776,2563.7540006930817
2777,2564.0563543820726
2778,2564.4493209637453
2779,2564.9561627060202
2780,2565.6304037430959
2781,2566.2360972894303
2782,2566.6076960544733
2783,2569.5050546741622
2784,2569.7236472516765
2785,2570.1860161950995
2786,2570.2171525864283
2787,2571.3868391425153
2788,2571.8554653582964
2789,2572.4178379247551
2790,2574.6029764102177
2791,2575.0036404904677
2792,2576.2020244264245
2793,2578.0536969576519
2794,2579.1055425897898
2795,2580.7655007894855
2796,2582.2728461853562
2797,2583.2053048572284
2798,2584.0609056951293
2799,2585.1662480981449
2800,2585.601206739595
2801,2586.5952140008312
2802,2586.7095670494564
2803,2587.1537192712262
2804,2588.7976877888482
2805,2589.1974647823749
2806,2591.769354944669
2807,2592.5397297401983
2808,2594.2574570782067
2809,2595.2055839081117
2810,2595.4320821416409
2811,2597.8957786770698
2812,2598.8657469608202
2813,2600.533682993731
2814,2600.688070520288
2815,2601.1463208470477
2816,2602.334170515529
2817,2603.2891009432678
2818,2604.1432796374443
2819,2605.7710033936128
2820,2606.3512451674019
2821,2606.5560132471383
2822,2607.5400734979762
2823,2608.6739626255126
2824,2609.0465505981974
2825,2609.8313912164699
2826,2610.6722139768722
2827,2611.3502684871632
2828,2611.916892096549
2829,2612.0352788715827
2830,2612.7973916655224
2831,2613.474057712031
2832,2613.8369131563582
2833,2614.5946478353453
2834,2615.4307979271471
2835,2615.5796465775325
2836,2616.6573543941722
2837,2616.9601941674737
2838,2617.5101406950025
2839,2620.6987366486915
2840,2621.0628387159982
2841,2623.2247193631388
2842,2623.939918744361
2843,2624.9727777669073
2844,2626.0948429913301
2845,2627.1056186319411
2846,2627.8871752288969
2847,2628.9042779554907
2848,2629.6073833956962
2849,2630.1922193628266
2850,2631.6502235779294
2851,2632.0610074397509
2852,2633.5639324786057
2853,2634.0220276379282
2854,2634.9095032730961
2855,2636.3414535719694
2856,2636.7748648684028
2857,2637.3705652174485
2858,2639.004165223881
2859,2639.6715737463855
2860,2641.5173793014505
2861,2642.0419768962206
2862,2642.4357054688785
2863,2644.2609772845863
2864,2644.9093046525845
2865,2645.866478882192
2866,2646.1120817275369
2867,2646.3968074067575
2868,2646.7093298435952
2869,2647.1119766072534
2870,2647.2913098679401
2871,2649.0361282318386
2872,2650.3131540914474
2873,2651.7954093830608
2874,2652.5925108828465
2875,2653.4283713143277
2876,2654.7234627659059
2877,2654.794072708693
2878,2655.7277928275826
2879,2657.0395753126431
2880,2657.3559401022831
2881,2657.8825946147804
2882,2658.9137333404428
2883,2661.6666030781275
2884,2662.1302465088534
2885,2663.8399430586701
2886,2664.8315822739964
2887,2665.4409428842882
2888,2666.4225585429695
2889,2668.0447354932753
2890,2668.5757822559399
2891,2669.3510337019829
2892,2670.8687279773035
2893,2672.0880093373512
2894,2672.9373980940245
2895,2673.9078723525267
2896,2675.2718571149198
2897,2676.5574143312665
2898,2677.2101051513728
2899,2679.6967707158892
2900,2680.0412101740994
2901,2680.8439473591898
2902,2682.0297857351525
2903,2682.9657705759773
2904,2683.3329040396811
2905,2684.267056473072
2906,2685.3372515144606
2907,2686.1448164293465
2908,2686.8212747924927
2909,2687.084312457122
2910,2687.5759300716759
2911,2688.7944190164408
2912,2689.0968578324237
2913,2689.2346050860574
2914,2689.8516076769924
2915,2690.2609448930666
2916,2692.1063797963907
2917,2693.2710397363039
2918,2693.7971641536601
2919,2694.2622900792539
2920,2695.3390968775252
2921,2695.852067558179
2922,2697.3384227460178
2923,2699.6803919498543
2924,2699.8916274618459
2925,2700.7525496444996
2926,2702.3718955499212
2927,2702.6952283502346
2928,2703.2056083847169
2929,2703.3218497565658
2930,2703.5206270470358
2931,2703.622468411962
2932,2704.3756502780125
2933,2705.5166261839954
2934,2706.1570496946274
2935,2707.0640009548424
2936,2707.3223476754256
2937,2707.5481473327036
2938,2709.1784245171739
2939,2711.6255529506825
2940,2712.1404083798002
2941,2714.3272618192309
2942,2714.5106246057194
2943,2716.224898852457
2944,2716.4901683474891
2945,2717.3329767657547
2946,2720.1816166700428
2947,2721.2507759986547
2948,2721.7787577113595
2949,2723.8810842404382
2950,2724.6024317148508
2951,2724.96637916284
2952,2725.3334302327285
2953,2726.2834862629002
2954,2726.4744073965112
2955,2727.3677730800109
2956,2727.7434081103629
2957,2728.3559470618598
2958,2729.2054985612535
2959,2729.6326897453127
2960,2730.9163879213361
2961,2732.1079093112585
2962,2732.7438854977013
2963,2733.0586066933433
2964,2733.5172501695383
2965,2734.5072254438951
2966,2735.7622489584774
2967,2736.3134436394093
2968,2736.4682859319951
2969,2737.6704406995441
2970,2738.4361623455729
2971,2739.6390501575293
2972,2740.2139877467507
2973,2741.120274948209
2974,2741.5087533556666
2975,2743.0210832436514
2976,2744.3071388481535
2977,2745.4854060335074
2978,2745.837481000658
2979,2746.7908460168633
2980,2748.7130410024365
2981,2749.6045018394293
2982,2750.1917787256912
2983,2751.367979043383
2984,2753.4945685027492
2985,2754.7179052394013
2986,2755.3148345406676
2987,2755.9915306695343
2988,2757.0661917652642
2989,2758.2850795460854
2990,2758.5301383199667
2991,2760.1120877775802
2992,2760.8172980512891
2993,2762.2468097559349
2994,2762.5527180703116
2995,2762.8306601829049
2996,2763.7035032796521
2997,2766.2576438945939
2998,2766.5251285035288
2999,2768.6754684577695
3000,2768.9270250230365
3001,2769.1366508920032
3002,2770.8693211263617
3003,2771.3996909336497
3004,2771.9118253974366
3005,2773.563596452464
3006,2773.9567486132014
3007,2775.0182450265997
3008,2775.1239161658909
3009,2776.0036217240809
3010,2776.6077355012735
3011,2778.2152079645557
3012,2778.9456379575427
3013,2780.0555563475909
3014,2782.2324984693632
3015,2782.81142581116
3016,2782.9863247427038
3017,2783.3605695446081
3018,2784.0730694197578
3019,2785.5084654348684
3020,2785.6085440534721
3021,2786.2840602043325
3022,2786.5623283613472
3023,2786.790327602966
3024,2787.0827198995457
3025,2787.3918220562318
3026,2787.6389259321286
3027,2788.3266872427953
3028,2789.747043893075
3029,2792.4102594111159
3030,2793.0743015232433
3031,2794.8660935515495
3032,2795.5714579665946
3033,2797.7782225301353
3034,2798.2423983206613
3035,2799.7336965685131
3036,2800.749561436467
3037,2802.1434188536473
3038,2802.575654815183
3039,2804.1666029261646
3040,2804.6890704711359
3041,2805.4955504470395
3042,2806.0810688059937
3043,2806.2276328818671
3044,2806.7199036907946
3045,2807.5074068446829
3046,2808.007602006468
3047,2809.1888642448871
3048,2810.3101135087286
3049,2810.4432224697957
3050,2811.8914367746661
3051,2812.897510446297
3052,2815.4679658139521
3053,2817.8708892776021
3054,2818.5337125054202
3055,2819.1685532055976
3056,2820.4756523989654
3057,2822.0295574050892
3058,2823.5372832162834
3059,2823.8104620394051
3060,2824.7244382959439
3061,2824.8631521287471
3062,2825.3658618117597
3063,2826.4647799677341
3064,2827.3679010386459
3065,2828.1219665251751
3066,2829.3035128311485
3067,2830.1644139300424
3068,2831.6316551002587
3069,2831.8536767188903
3070,2832.6774701044333
3071,2833.7098068049313
3072,2834.001007270253
3073,2836.0628884160501
3074,2836.9349205573644
3075,2840.4545772119081
3076,2841.2367508056691
3077,2842.1161548548057
3078,2843.096309853539
3079,2843.8964543704151
3080,2844.6368941910587
3081,2845.9878415096941
3082,2846.2952918298629
3083,2846.6999106037492
3084,2847.006337939179
3085,2847.3650079437352
3086,2848.5681547654822
3087,2850.6540555835786
3088,2851.5144721130673
3089,2851.6666235687157
3090,2851.9987758559323
3091,2852.0512858483189
3092,2853.2135592249747
3093,2853.7440380706894
3094,2853.856249642819
3095,2854.3968675073306
3096,2855.2848932280317
3097,2855.591063109448
3098,2856.9970512324735
3099,2857.3784755042684
3100,2858.2653706739079
3101,2859.0247887571836
3102,2859.7685695485052
3103,2860.5332016276197
3104,2861.5029029559419
3105,2862.1212705351822
3106,2863.3678687045863
3107,2864.1416188313319
3108,2864.6873392620932
3109,2866.5886703958163
3110,2867.6760219541252
3111,2868.1411982558448
3112,2869.1277360866125
3113,2870.6665658199036
3114,2872.3227825021195
3115,2872.5253139536808
3116,2873.7328190341959
3117,2874.0241113613852
3118,2874.1095041213512
3119,2874.8112452369123
3120,2875.4822920494371
3121,2876.0659287684207
3122,2877.4822305237717
3123,2878.2369347850417
3124,2879.644926260858
3125,2880.5276501286316
3126,2880.6641758832507
3127,2881.1884825030825
3128,2882.6726587084931
3129,2883.3695147074559
3130,2885.0589371526294
3131,2885.4933489449659
3132,2885.7600023440787
3133,2886.1968219602791
3134,2886.715094773971
3135,2886.9276606957869
3136,2889.0791191675189
3137,2889.6448302561862
3138,2890.1109123427514
3139,2892.5115377041202
3140,2893.8741711824296
3141,2894.5175296205175
3142,2896.1150876799429
3143,2897.5695722416485
3144,2897.8063437830106
3145,2899.5565648906759
3146,2901.1699461534445
3147,2901.51637343111
3148,2902.5037540446519
3149,2903.3509126745193
3150,2904.5734523889287
3151,2904.8135537939861
3152,2905.1254324420074
3153,2905.8079114430971
3154,2906.4976890734229
3155,2908.0232169424594
3156,2908.7147070060514
3157,2910.5806124802334
3158,2911.7948330113686
3159,2912.1356985917823
3160,2912.937101217191
3161,2914.281431709559
3162,2914.7761926876196
3163,2916.4941610125138
3164,2917.4446690045843
3165,2919.4112384047003
3166,2919.7093974557856
3167,2921.1408163477295
3168,2921.788796206381
3169,2923.235332477358
3170,2923.3968720739385
3171,2924.8789165217991
3172,2925.37162001861
3173,2925.8939335371056
3174,2926.6300224381453
3175,2927.9821048325753
3176,2928.6062925197557
3177,2929.6329892404774
3178,2930.6397989640118
3179,2931.3181240375347
3180,2931.9466596256548
3181,2932.0866105581276
3182,2932.6468894942664
3183,2933.0740041319873
3184,2934.0013728131912
3185,2934.6357385397496
3186,2935.5172412978841
3187,2936.1743149362223
3188,2936.3981628273259
3189,2937.8330407949215
3190,2939.0050385156924
3191,2939.4716308682991
3192,2941.9453612164029
3193,2942.3196776502505
3194,2943.5011642850905
3195,2943.5951111664267
3196,2945.042227519612
3197,2947.1861947430884
3198,2948.3910729306767
3199,2948.6478125431718
3200,2950.1983823553383
3201,2950.9527969397623
3202,2951.6738543681936
3203,2952.0405055034939
3204,2953.3564953322657
3205,2954.7167292362242
3206,2955.1386764320537
3207,2956.2409273640728
3208,2957.2636823155926
3209,2957.6071978085979
3210,2960.2531473924491
3211,2960.6493455672071
3212,2963.3444540072101
3213,2963.5679061621727
3214,2964.253455733704
3215,2965.0233971818657
3216,2965.3969040480811
3217,2965.6808142058608
3218,2966.735428506197
3219,2966.8203532767216
3220,2968.1718032195049
3221,2969.0295179643485
3222,2970.1447241945384
3223,2971.070131789229
3224,2971.3012720155893
3225,2972.3031012241963
3226,2973.1798502605584
3227,2973.4469344400095
3228,2974.1851409673941
3229,2974.9197146656334
3230,2976.4204034660347
3231,2977.9062999109315
3232,2978.5734938290752
3233,2978.9485438820943
3234,2979.2435777269166
3235,2979.9831172058161
3236,2981.337042040916
3237,2981.9797640459224
3238,2983.8062719917607
3239,2983.9142963142722
3240,2984.3861252322599
3241,2985.4979098794715
3242,2986.0902072145936
3243,2987.7505058967336
3244,2988.740139639171
3245,2991.8455419515049
3246,2992.8503700605283
3247,2993.5582670404629
3248,2994.9488338912538
3249,2995.6568898455889
3250,2996.9129238071368
3251,2997.7715453372316
3252,2998.074871668925
3253,2999.4369508851105
3254,3001.7343850582515
3255,3001.8141004761742
3256,3001.9486690488029
3257,3003.0637280514024
3258,3004.213646130193
3259,3005.4544409984715
3260,3006.0125601109435
3261,3007.7623033455557
3262,3008.3389276426128
3263,3009.0362854790978
3264,3009.2712931594879
3265,3010.4989815599097
3266,3011.8197969449488
3267,3013.3829878179963
3268,3013.8427206896117
3269,3014.1835642788187
3270,3015.2139592100957
3271,3016.563836827972
3272,3017.7622256344466
3273,3018.094475199649
3274,3019.4615980224571
3275,3019.5192420749227
3276,3021.1086309585335
3277,3021.7947125844294
3278,3022.0196945815301
3279,3022.3551912876615
3280,3023.7240294706226
3281,3024.1536129055589
3282,3024.6413070691369
3283,3025.8435512715173
3284,3026.0805444769549
3285,3027.1540361191664
3286,3028.2703972732684
3287,3028.7367030671462
3288,3029.0829225690236
3289,3029.7533943331282
3290,3030.4164568048604
3291,3031.1960305187213
3292,3032.5223423113471
3293,3033.3221783662161
3294,3034.0965384169799
3295,3034.5656147216027
3296,3035.1438290958408
3297,3036.0226600314527
3298,3037.7642210879944
3299,3038.3579538030745
3300,3038.7097234520106
3301,3039.0626407433228
3302,3040.7169765370072
3303,3041.3143985198008
3304,3042.2438487218492
3305,3042.5696320536999
3306,3043.9496267129921
3307,3044.7167540778842
3308,3047.8816013603459
3309,3048.6628427373839
3310,3050.1187037881091
3311,3050.2555359204539
3312,3051.1285874191544
3313,3052.4651057575379
3314,3054.0891471086238
3315,3054.6409905976752
3316,3055.1279503271071
3317,3057.0309650115664
3318,3058.2629024333164
3319,3058.9245113552342
3320,3059.4645829053165
3321,3059.5502337392923
3322,3061.0875151562736
3323,3061.6918008328266
3324,3062.590143726864
3325,3063.741418702245
3326,3064.0969820978057
3327,3064.7569758113555
3328,3065.1411370651713
3329,3065.5462385024653
3330,3066.3287844152787
3331,3068.1206389826489
3332,3068.6083032999773
3333,3070.5634228426552
3334,3071.0614554912295
3335,3072.0820401262067
3336,3072.3330897261212
3337,3073.7240663901716
3338,3076.3568694189876
3339,3076.7849235900862
3340,3078.706887283392
3341,3079.2208373984267
3342,3080.2430451634568
3343,3080.7863863181265
3344,3081.7098813125162
3345,3082.6329668890457
3346,3083.1811038970345
3347,3083.4439919241186
3348,3083.5285546243454
3349,3084.9011746287806
3350,3086.1898971360756
3351,3087.4031939696993
3352,3087.7136867766067
3353,3088.1416943093132
3354,3089.1681032070655
3355,3089.2840227415932
3356,3089.9850830469122
3357,3092.0470121280428
3358,3092.1787391245466
3359,3093.695968939996
3360,3095.3624107729293
3361,3095.8325889733646
3362,3097.0912415636449
3363,3097.3704247345809
3364,3098.0851200148204
3365,3099.3359380070783
3366,3100.2788228952027
3367,3102.0503628075021
3368,3102.4747475201361
3369,3103.9185141150583
3370,3105.0874620526847
3371,3106.9044292234885
3372,3107.5210765896591
3373,3108.3570003741092
3374,3108.6322768910654
3375,3108.8138955638997
3376,3109.5947038239879
3377,3109.6619350878532
3378,3110.8660908819261
3379,3111.7197070470147
3380,3112.3259702541877
3381,3112.7986056529603
3382,3114.0124056534814
3383,3115.2262954654771
3384,3115.4061176371033
3385,3116.0543425735036
3386,3116.2563204316216
3387,3117.1831202805547
3388,3118.3868778780238
3389,3119.5093004737282
3390,3120.2009950244378
3391,3121.0352417477925
3392,3121.3073492295271
3393,3123.9499002446305
3394,3124.9035991449218
3395,3126.1411209614712
3396,3127.0128872389932
3397,3127.2952046924165
3398,3128.4180655006071
3399,3128.5034025931104
3400,3129.074911450838
3401,3130.3762805477486
3402,3131.7684541472763
3403,3133.8068366540474
3404,3134.5117339611047
3405,3135.5453711974283
3406,3136.6773924118088
3407,3138.069050586002
3408,3139.327038460262
3409,3139.9753715687871
3410,3140.7459189155402
3411,3141.0696282413232
3412,3141.223148394587
3413,3142.8905863598998
3414,3144.4219721995287
3415,3144.497017608177
3416,3145.9038424988553
3417,3147.420161968917
3418,3148.9759462556517
3419,3149.8416597699584
3420,3151.4150356172249
3421,3151.6695729385292
3422,3152.3948739939183
3423,3154.9580058768361
3424,3156.3991546349839
3425,3156.7915828772666
3426,3157.1920486050408
3427,3157.846450867858
3428,3158.3916145044423
3429,3158.9325286027292
3430,3160.1628021308015
3431,3160.571563811965
3432,3161.1186407757586
3433,3161.5172810204303
3434,3162.9099106498834
3435,3163.0183525029206
3436,3163.1822600553946
3437,3164.0610206764286
3438,3165.183440687013
3439,3166.2679508074075
3440,3167.0306111773725
3441,3168.5611175957442
3442,3169.1500390337128
3443,3169.8377549158781
3444,3169.9297574202201
3445,3171.5758524226976
3446,3173.215145537396
3447,3173.7327515587058
3448,3175.0331870884538
3449,3176.2265195750215
3450,3177.2403491348073
3451,3178.0970006876423
3452,3179.3515711656705
3453,3180.2459619347001
3454,3182.1427180164324
3455,3182.8645729294094
3456,3183.9564038634708
3457,3185.6232313281821
3458,3186.7676477027517
3459,3187.2670836717052
3460,3187.8855315088285
3461,3188.6460760745967
3462,3189.578224987677
3463,3189.9858014323931
3464,3191.0774690249245
3465,3192.8730544864948
3466,3195.0158162727303
3467,3195.7021517998746
3468,3196.336132394184
3469,3196.5630648760157
3470,3197.0170794409496
3471,3197.3962994866056
3472,3199.400031662567
3473,3199.8884628785422
3474,3202.1770221063834
3475,3203.0085861267403
3476,3203.4581421684134
3477,3204.6393004698853
3478,3205.5025904455715
3479,3205.7656657109505
3480,3206.2934433165592
3481,3207.1623454180899
3482,3208.5083978642101
3483,3209.3274492596988
3484,3210.0840546563886
3485,3210.3709815328793
3486,3210.93185301732
3487,3211.3732546179508
3488,3212.0285638726568
3489,3212.6441919744748
3490,3213.3715108411448
3491,3213.7814381304484
3492,3214.4755492861605
3493,3215.0533599013211
3494,3216.0909341091779
3495,3216.8266353243071
3496,3217.2058520838768
3497,3218.9794847910157
3498,3219.5324025004247
3499,3219.9153899957037
3500,3220.0525795664448
3501,3220.6065042668552
3502,3221.6193200731814
3503,3222.4603658563028
3504,3223.0302643573673
3505,3223.9243855455015
3506,3225.7503708478948
3507,3227.1637650505454
3508,3228.7622500499219
3509,3229.3016813457948
3510,3230.004281320711
3511,3231.7570009809292
3512,3231.8477863230332
3513,3234.3986347644786
3514,3235.626670398367
3515,3237.1367082871934
3516,3237.7211341991906
3517,3238.7077242569562
3518,3238.9147364142054
3519,3239.577556813982
3520,3240.4202037335485
3521,3240.8827182145924
3522,3240.987496486523
3523,3242.0350535962921
3524,3242.4138613331156
3525,3242.7252078162651
3526,3243.9692438695492
3527,3244.7983313383556
3528,3245.4077771269499
3529,3245.8640561789957
3530,3246.9647840713696
3531,3248.1033430118873
3532,3248.6519155252995
3533,3250.2921890388402
3534,3252.8172593218123
3535,3254.7879884038693
3536,3256.3089477040644
3537,3256.6142751466541
3538,3256.8186366586806
3539,3258.0077152971298
3540,3258.4868374434832
3541,3259.4050784570063
3542,3259.5135772676053
3543,3260.8699756802062
3544,3261.251305580181
3545,3261.8335918885296
3546,3262.8915760890627
3547,3265.5551513204091
3548,3266.4431763438538
3549,3266.8210270454579
3550,3267.2090959790239
3551,3267.575590345506
3552,3268.7253684162392
3553,3269.0534748707942
3554,3269.1838045534573
3555,3270.8615570486331
3556,3272.0828979990347
3557,3272.6834120860062
3558,3273.5872633207541
3559,3273.8919893991992
3560,3274.976845445965
3561,3275.5794758658362
3562,3277.0358550359447
3563,3277.6951001188786
3564,3279.8150352372386
3565,3282.2508659653213
3566,3283.6624247218451
3567,3283.7651110812767
3568,3284.4664374814333
3569,3285.0811082524438
3570,3285.6116523618598
3571,3285.8648503998952
3572,3287.2125095762967
3573,3287.9662346874011
3574,3289.4326722371106
3575,3290.7367938033926
3576,3291.5733665946395
3577,3292.1476144215812
3578,3292.3661292848474
3579,3293.3603403909783
3580,3294.0724179685421
3581,3295.4449073138826
3582,3296.7193234603487
3583,3297.3806185425319
3584,3297.9889140277314
3585,3299.6572435245216
3586,3300.3470677314876
3587,3301.7642780812057
3588,3302.4241484832814
3589,3303.6841795668938
3590,3304.5853635666713
3591,3304.9728023666826
3592,3306.6701879212642
3593,3308.3885905090897
3594,3308.5908199091737
3595,3308.9754627064722
3596,3310.1729796622863
3597,3311.3991486258719
3598,3311.8385098439626
3599,3313.307661288794
3600,3314.3502761457721
3601,3314.8855497160102
3602,3315.4919151506297
3603,3315.9648631317064
3604,3316.9118573777855
3605,3317.3230390192698
3606,3317.9879232023359
3607,3318.9180625052295
3608,3319.3660636114655
3609,3320.6036308087887
3610,3321.1581708054487
3611,3322.6757547576121
3612,3322.9510143175476
3613,3324.0585386711159
3614,3325.1372315867352
3615,3325.470188794513
3616,3326.9953160979276
3617,3328.9059223500244
3618,3330.9398372469468
3619,3331.4535366951463
3620,3332.1636823776794
3621,3333.3256460723023
3622,3334.213357136161
3623,3335.6455811090673
3624,3336.5429909066015
3625,3337.7101064477797
3626,3338.1996418873628
3627,3338.9503903949526
3628,3339.4946861384747
3629,3340.8175337774078
3630,3340.8425536581722
3631,3341.4317186052299
3632,3342.6472200376306
3633,3343.3061512428517
3634,3345.3009140319741
3635,3345.4438152998187
3636,3347.2596832681315
3637,3347.958329328158
3638,3348.33802553244
3639,3349.6293449095351
3640,3350.5524686590343
3641,3351.3211367460003
3642,3352.6546003528947
3643,3353.1707667866317
3644,3354.2552658695126
3645,3354.6652439349614
3646,3355.5842268160236
3647,3356.3010297798082
3648,3356.5480680937048
3649,3357.5373952606528
3650,3357.6720877452872
3651,3360.5192111268643
3652,3361.3596554083483
3653,3361.9689844407881
3654,3363.1859550183271
3655,3364.2059617123937
3656,3364.6614812294429
3657,3366.5465119849623
3658,3367.5356595687358
3659,3368.4694070364571
3660,3370.4589736278613
3661,3371.1027384803251
3662,3372.1883311278689
3663,3373.3614989387183
3664,3373.7410848205941
3665,3374.4774731846014
3666,3374.6021536001745
3667,3375.7867716948581
3668,3376.0752858309911
3669,3376.2391779303589
3670,3377.1196074897848
3671,3377.8648614874824
3672,3378.790022826699
3673,3379.5645536913166
3674,3380.1576557687858
3675,3381.1993201304458
3676,3381.9975923456291
3677,3382.0903875624663
3678,3383.1394116546189
3679,3383.4673247015612
3680,3385.1806258736169
3681,3386.2639642976224
3682,3387.3161798436199
3683,3388.6135364599922
3684,3390.6630048793177
3685,3391.2145173853282
3686,3393.312793232647
3687,3393.5975320112925
3688,3394.7779252195223
3689,3395.2004786727589
3690,3395.8807949824836
3691,3396.0331331012139
3692,3396.3897709675484
3693,3397.6626883782183
3694,3398.5382212006039
3695,3398.944964985832
3696,3400.0170504442326
3697,3400.6902819803354
3698,3401.5940168133507
3699,3403.4096104296596
3700,3404.3847705190637
3701,3405.6783924867354
3702,3405.8138568950208
3703,3405.955969352156
3704,3407.6872387849312
3705,3408.3691438961864
3706,3409.3571052648581
3707,3410.0741316916128
3708,3410.4401980687012
3709,3410.7363482042119
3710,3411.7242453672461
3711,3412.7387979151617
3712,3413.8275016344082
3713,3414.0707128844911
3714,3414.5575542962038
3715,3414.7519420786948
3716,3415.1440603932024
3717,3416.5214214143748
3718,3416.6480613658655
3719,3417.341632915804
3720,3418.1648422867393
3721,3420.3673438607016
3722,3421.9183463352542
3723,3421.9962286398577
3724,3424.7264058065957
3725,3426.1985194860426
3726,3427.3689159394835
3727,3428.0804161454139
3728,3428.7257791853972
3729,3429.0779505601872
3730,3430.0983551848149
3731,3431.0205415469154
3732,3432.2719913661731
3733,3433.129972780338
3734,3433.4028526232578
3735,3435.5375491733889
3736,3435.6346566719512
3737,3436.736696300974
3738,3437.2578961338399
3739,3437.5308266707107
3740,3438.1030682325631
3741,3439.4120769196415
3742,3439.9529410202795
3743,3440.5599753907718
3744,3441.7996415017205
3745,3442.4455884309918
3746,3444.9357891607669
3747,3447.1573679911917
3748,3447.3590069460924
3749,3449.038644370823
3750,3449.4154453436272
3751,3451.1425919092608
3752,3453.0552978327637
3753,3455.2071988548691
3754,3455.4827240663508
3755,3456.1664105639215
3756,3456.8772461827048
3757,3458.7871445120786
3758,3458.8473852361653
3759,3460.613918381056
3760,3460.8322404882192
3761,3461.9817577838276
3762,3463.4288954600347
3763,3464.2816467452108
3764,3464.6168114678453
3765,3465.8729667979328
3766,3466.2549788513684
3767,3466.6932034590536
3768,3467.1638680454848
3769,3467.6213769543856
3770,3467.8647037335445
3771,3468.3194321842634
3772,3469.046300630238
3773,3469.5852213936719
3774,3470.1557492008092
3775,3472.6673577352185
3776,3473.3024939047755
3777,3473.7419818787025
3778,3475.2313928020135
3779,3475.6171364030579
3780,3476.5199453923597
3781,3477.4937634698881
3782,3477.53675615362
3783,3478.0227235435568
3784,3480.0847207053703
3785,3480.4937060433408
3786,3481.5003826373832
3787,3481.6781135541514
3788,3482.5574360886553
3789,3483.5888767469141
3790,3484.1600367323044
3791,3485.3301844920466
3792,3485.5973236887189
3793,3486.1071307093807
3794,3486.9155539852895
3795,3488.2266847651863
3796,3488.7979700661399
3797,3489.1735506602809
3798,3490.4044345500374
3799,3490.9065260932875
3800,3492.9441668484073
3801,3493.7712437528353
3802,3495.4604098535638
3803,3496.171698027078
3804,3496.7665295922393
3805,3496.8475215711542
3806,3498.4782267706546
3807,3499.8148879573919
3808,3502.3410836194757
3809,3502.8537133290447
3810,3504.1661717698689
3811,3504.4394941672936
3812,3505.2415479904225
3813,3506.4133052275033
3814,3507.8826647639462
3815,3508.793188036625
3816,3510.7035520906902
3817,3511.8048458016301
3818,3512.5044701075444
3819,3512.822902221425
3820,3513.3253594101566
3821,3513.7934236379288
3822,3514.0468786552337
3823,3514.2722143831461
3824,3515.2819504434665
3825,3515.9393959734662
3826,3517.0702988290354
3827,3518.0205293322811
3828,3519.1523122867002
3829,3520.4329599076123
3830,3521.2702661282133
3831,3522.2108998297208
3832,3522.8726707233982
3833,3524.6144385067391
3834,3525.6509987004301
3835,3526.6274669998893
3836,3528.6040134342843
3837,3528.7442175665319
3838,3530.0375524152487
3839,3530.5149628578924
3840,3531.2965835509908
3841,3532.2099757351493
3842,3532.6642798136113
3843,3533.3878618028548
3844,3534.5875714037556
3845,3535.6829388433712
3846,3536.6625314077205
3847,3537.0540731968094
3848,3538.4010510824041
3849,3539.8779010855192
3850,3541.9519297077945
3851,3542.8317637207988
3852,3543.7733228142347
3853,3543.9818587633581
3854,3545.1081880496572
3855,3545.3449082426541
3856,3547.845430902591
3857,3548.2233746816
3858,3549.2882472714591
3859,3549.818422746393
3860,3550.6354311797404
3861,3551.6377862815925
3862,3553.5116099174838
3863,3554.2019928671539
3864,3557.7252838808672
3865,3558.6608752942693
3866,3560.3896118891075
3867,3560.6982082332474
3868,3560.8201552782198
3869,3561.6366648514377
3870,3563.5865238978099
3871,3563.7233252333044
3872,3563.8847943113124
3873,3564.4828092715234
3874,3564.9502428421447
3875,3565.0179966377882
3876,3565.6950682553338
3877,3567.0155298079621
3878,3567.4914427360422
3879,3567.7859069563178
3880,3568.3120757850384
3881,3569.0265091125202
3882,3569.8314885436907
3883,3570.2425801336644
3884,3570.7465230074358
3885,3571.9170524870042
3886,3572.6526139375082
3887,3574.075884122562
3888,3574.4431995099358
3889,3574.6397545985151
3890,3574.8137612232754
3891,3575.8490875581169
3892,3576.0282340529893
3893,3576.3903104592537
3894,3576.7444136882277
3895,3577.0440105757225
3896,3578.3978998742887
3897,3580.0178344315268
3898,3580.7740880463011
3899,3581.5983782909898
3900,3582.7963016066719
3901,3584.9596843721497
3902,3585.5725636537318
3903,3588.5591277192093
3904,3589.7010425609947
3905,3591.4144242414918
3906,3592.2509457962469
3907,3593.0112514946013
3908,3594.6642415885294
3909,3594.8221500084001
3910,3595.2539686903983
3911,3596.6939840348286
3912,3597.3188653099105
3913,3598.140264649463
3914,3598.7100746648416
3915,3598.9668330944132
3916,3599.5255864306282
3917,3600.4585806188684
3918,3601.344974679535
3919,3601.8670441505824
3920,3602.2659867919692
3921,3602.3835406500898
3922,3603.0617607244144
3923,3606.3706792106045
3924,3606.9968160310254
3925,3607.6114462459668
3926,3608.3341950617551
3927,3610.1016566072017
3928,3611.215405678106
3929,3612.3612720796791
3930,3614.0754387189736
3931,3614.3179262398976
3932,3614.5661029081912
3933,3615.2947716729341
3934,3616.2775794077484
3935,3616.6636974774137
3936,3617.1206940837419
3937,3617.8638128780312
3938,3618.888071147222
3939,3619.3431462235972
3940,3620.854427051057
3941,3620.9565094104028
3942,3621.5709036232861
3943,3622.8890612188184
3944,3623.3440326992813
3945,3624.477095424621
3946,3625.130269405106
3947,3625.5281283441427
3948,3627.094736073183
3949,3628.5925285996641
3950,3628.8008076556771
3951,3629.5545317070309
3952,3630.2507359410502
3953,3631.6461809872703
3954,3633.1117126691902
3955,3633.261320653683
3956,3634.5320374011371
3957,3634.9968293084116
3958,3636.2402425281066
3959,3639.0189653148204
3960,3640.0474656613701
3961,3641.2726517718015
3962,3641.6808474037953
3963,3644.0275671673794
3964,3644.3960604490644
3965,3645.7186542242216
3966,3646.2800221254543
3967,3648.0624782004547
3968,3649.1729977237746
3969,3650.019736099624
3970,3650.1418432989358
3971,3650.4543062070179
3972,3651.6836019476509
3973,3652.420733090084
3974,3652.8350397762979
3975,3654.315557702002
3976,3654.6112587201947
3977,3654.8949364331493
3978,3655.6021872157476
3979,3656.9809761576716
3980,3658.1132507901348
3981,3658.6720032126145
3982,3660.2445881752028
3983,3660.6890991698856
3984,3661.4726159421389
3985,3662.6666223749939
3986,3663.6354660224415
3987,3664.8097163329103
3988,3665.4351422796299
3989,3667.5022613684359
3990,3668.5258228285975
3991,3668.7016798617165
3992,3669.073390432447
3993,3669.293532495074
3994,3669.8567653366317
3995,3671.7090551382139
3996,3672.0002273642922
3997,3672.2672339754258
3998,3673.0462212828484
3999,3673.457740091922
4000,3673.6802284620726
4001,3674.0628629121416
4002,3675.5429834365955
4003,3675.9915310896067
4004,3676.1121650175769
4005,3678.447872195421
4006,3679.0154211866147
4007,3680.0651086913376
4008,3680.1563657676825
4009,3681.8290728468742
4010,3682.3310961199277
4011,3683.2149337996398
4012,3684.9221059687802
4013,3686.1260630609236
4014,3686.3930078039102
4015,3688.5824667084335
4016,3689.1899122454524
4017,3690.0203472767103
4018,3690.6280562102243
4019,3691.9526795997672
4020,3692.8341611915012
4021,3693.4688556321917
4022,3696.8497060128784
4023,3697.6221491100432
4024,3699.7784331777534
4025,3700.5030488206326
4026,3701.600203247991
4027,3701.8160000262919
4028,3702.6397513205711
4029,3703.2625902243544
4030,3703.716059866676
4031,3704.1767316616706
4032,3706.6101140674182
4033,3706.9894720494522
4034,3708.7734648399778
4035,3709.7444466013703
4036,3711.0396429537054
4037,3711.3317152442273
4038,3712.6724573469251
4039,3713.8475321842739
4040,3714.0280480320466
4041,3715.6654959798116
4042,3716.3852709470461
4043,3716.6429594055753
4044,3717.420869889495
4045,3718.343200810476
4046,3719.3411343401622
4047,3720.266093331692
4048,3721.3352803244279
4049,3721.5869331337299
4050,3724.6123357692409
4051,3725.7732474408317
4052,3726.5362146222487
4053,3727.2561835511133
4054,3729.337371644956
4055,3729.4652313614883
4056,3730.2995103208996
4057,3731.8898783474046
4058,3732.6133738620842
4059,3733.1718810474854
4060,3733.8118783586865
4061,3734.4462818869688
4062,3735.212964582664
4063,3735.7221767450019
4064,3736.0445180536017
4065,3736.9651771413787
4066,3737.7419713521194
4067,3738.2960473872663
4068,3739.5161062083694
4069,3739.7990256549178
4070,3741.1957889928112
4071,3741.6509851975266
4072,3741.8271460744709
4073,3742.9934896690288
4074,3744.3042986537253
4075,3745.7964324522359
4076,3746.0096048420764
4077,3747.3463012980019
4078,3749.4056793164314
4079,3749.9749552935527
4080,3750.1203387535029
4081,3750.6312699432865
4082,3751.2427275697714
4083,3752.801725281759
4084,3753.0301357222606
4085,3754.0317093567974
4086,3755.1936520556969
4087,3755.6645632349309
4088,3756.0451383896971
4089,3757.1656540149888
4090,3758.0118904012465
4091,3759.067872177327
4092,3759.4249775002518
4093,3760.1533845606018
4094,3762.1971214607611
4095,3762.4509724646296
4096,3762.6361131917447
4097,3763.5842590524821
4098,3764.3940702001664
4099,3764.7121268787096
4100,3766.9499355381345
4101,3767.5147195616701
4102,3768.2479796348716
4103,3769.2079178347376
4104,3769.7236187787767
4105,3770.0694430572153
4106,3770.7375325479879
4107,3771.0601166062952
4108,3771.7712139894843
4109,3773.3783128578234
4110,3774.2872009648354
4111,3774.9727604989848
4112,3775.8783554153238
4113,3777.7730866164657
4114,3778.23931817523
4115,3779.0963041449577
4116,3779.5450989215087
4117,3781.4590640581955
4118,3782.3912495438535
4119,3782.7194195747588
4120,3783.8761684835167
4121,3784.6584719758503
4122,3785.914292247392
4123,3786.6625133153875
4124,3787.3091445917266
4125,3788.1410893972056
4126,3788.7217750800551
4127,3790.5784821516495
4128,3791.9355409131649
4129,3792.0999260390258
4130,3792.7403443184658
4131,3794.6059506354936
4132,3795.8523412490958
4133,3795.9073987915153
4134,3797.1427808312424
4135,3797.4849391988541
4136,3798.1883243054817
4137,3800.4073783601734
4138,3801.2037773336097
4139,3802.5451677452975
4140,3803.6217132686916
4141,3804.1468282264823
4142,3804.4940069516292
4143,3804.947091260532
4144,3805.8579304155191
4145,3806.1872170618922
4146,3807.1950926296563
4147,3807.969680655659
4148,3808.6454540897594
4149,3810.4141092887098
4150,3811.3280882090089
4151,3813.0551848800951
4152,3814.1286332997388
4153,3815.7777201499352
4154,3815.8885263663824
4155,3816.0307153843046
4156,3816.6772666232873
4157,3819.1277812947355
4158,3820.2421562411182
4159,3820.6060353716489
4160,3822.0335432491916
4161,3822.3504186344007
4162,3823.6566449175807
4163,3824.2391680783667
4164,3825.9987251616008
4165,3826.9695017745034
4166,3827.3272024229823
4167,3827.6002087090828
4168,3828.2966939254943
4169,3829.237609667653
4170,3829.9544000123387
4171,3831.3390715192186
4172,3831.551607970584
4173,3832.0621981738295
4174,3832.9671605854942
4175,3833.2133669354484
4176,3836.4932110893951
4177,3837.0885726802999
4178,3837.4601697187109
4179,3838.1412689983467
4180,3838.9995877388978
4181,3840.1510808837625
4182,3840.5801273124312
4183,3841.9352382157035
4184,3843.2358034611557
4185,3843.8035394133121
4186,3845.0997594857354
4187,3846.1034189881448
4188,3846.2675456669281
4189,3846.6474385423453
4190,3849.199872130604
4191,3849.8507256908038
4192,3850.6555916823709
4193,3852.2839501600938
4194,3852.8790558967444
4195,3853.617060304794
4196,3854.0966160833082
4197,3854.8251409402683
4198,3855.3284757543474
4199,3856.1505104803159
4200,3857.1808755065831
4201,3857.4128909977667
4202,3858.1208365180937
4203,3858.6890231608631
4204,3858.956558314555
4205,3859.6010730172507
4206,3860.5321612920557
4207,3863.1332968167376
4208,3863.6404175324437
4209,3865.6970882882606
4210,3868.1449023220521
4211,3868.6498739579506
4212,3869.2599354577692
4213,3870.0023903641577
4214,3871.2473764094643
4215,3872.019079318301
4216,3873.6277905440666
4217,3873.7944635248764
4218,3874.6714780277621
4219,3875.4747331280314
4220,3875.995952850752
4221,3877.74972441413
4222,3878.5196936059992
4223,3879.745790825034
4224,3880.4767680647533
4225,3880.8083294006387
4226,3881.0951557807698
4227,3882.2141116460411
4228,3882.675956520131
4229,3883.613650447011
4230,3884.5825668538664
4231,3885.0634579376083
4232,3886.7969110118179
4233,3887.4867673772383
4234,3888.5236466685606
4235,3888.5944181895647
4236,3889.3940743803564
4237,3890.2114428742748
4238,3891.7699880969149
4239,3892.7526050547281
4240,3893.1418157777475
4241,3894.4282872328463
4242,3895.2831358690196
4243,3895.9340685668917
4244,3897.4498094840992
4245,3899.3447016601804
4246,3900.3191542748841
4247,3900.7283105199558
4248,3902.1846337476231
4249,3903.0901215139993
4250,3904.0414901783938
4251,3904.4673855529604
4252,3905.1280669483476
4253,3906.4130449856189
4254,3906.7929818581019
4255,3907.3712528936517
4256,3907.9863297913321
4257,3908.9963528772546
4258,3910.2197586666721
4259,3910.4803562723623
4260,3911.7123716209071
4261,3911.8396437495912
4262,3913.0722713125033
4263,3913.958328587617
4264,3914.5642421539428
4265,3915.1516974274805
4266,3915.8600103092567
4267,3917.0453174227582
4268,3917.9198269915446
4269,3919.4376868756626
4270,3920.1564693921182
4271,3921.5432755122156
4272,3924.332314250019
4273,3925.484245171102
4274,3926.8585606229994
4275,3929.1897815267234
4276,3929.6378154148451
4277,3930.3508537652224
4278,3930.4886101438369
4279,3931.8797435127813
4280,3933.8698414184923
4281,3934.3986184025985
4282,3936.2989285201038
4283,3936.9693983196985
4284,3937.8611804231095
4285,3939.3139623784173
4286,3939.632044638895
4287,3940.3654356718716
4288,3941.001903963444
4289,3941.3126905669451
4290,3942.0654435523038
4291,3943.15713493355
4292,3943.7628194472809
4293,3943.8404051663483
4294,3944.2220097101963
4295,3944.3096778557497
4296,3945.0860441037307
4297,3946.5683762733242
4298,3947.435546190226
4299,3947.8025301053922
4300,3948.5993154623566
4301,3948.8345771293993
4302,3949.2124515107121
4303,3949.9671630736284
4304,3950.1914470446354
4305,3951.2333146797951
4306,3951.8183642715253
4307,3952.5769251282118
4308,3953.5459824510344
4309,3954.6367305353724
4310,3955.0105417187251
4311,3956.1773182895618
4312,3956.313963355708
4313,3957.2134213312097
4314,3958.1275676920263
4315,3961.321193655313
4316,3961.8130672332136
4317,3962.7162713926782
4318,3963.7401150703568
4319,3964.9057259606739
4320,3966.2032426153405
4321,3967.3233824045337
4322,3968.2041609090556
4323,3969.9197720705097
4324,3970.3773524071316
4325,3971.6969726879925
4326,3972.1820468981136
4327,3972.3304917426312
4328,3973.8588920919283
4329,3974.6119058804188
4330,3975.1635214214998
4331,3975.4972750661736
4332,3976.3120428440548
4333,3976.7487686798077
4334,3977.0968046532125
4335,3978.0516359576905
4336,3978.320557183094
4337,3981.7623146612045
4338,3982.8613958544211
4339,3984.7163627771847
4340,3986.0079703027768
4341,3988.1252298134877
4342,3989.106112435712
4343,3991.2204750146548
4344,3991.5876078974115
4345,3991.6535962484445
4346,3993.2667245515213
4347,3993.9275540582948
4348,3994.1376259453732
4349,3994.9097248775583
4350,3994.9935401804546
4351,3995.2539979156436
4352,3995.76707464935
4353,3996.7529539177017
4354,3997.0863093498365
4355,3997.7035679667615
4356,3998.8924850372473
4357,4000.4254223623643
4358,4000.8905510833624
4359,4001.5168557082479
4360,4002.6673552048264
4361,4002.9117241870836
4362,4003.5429825006986
4363,4004.908163461645
4364,4005.0043630013392
4365,4006.2181631378148
4366,4007.089782456288
4367,4007.4514488703321
4368,4008.1586427869015
4369,4009.3719867593463
4370,4009.5200762332438
4371,4010.4324202475236
4372,4011.8430007312013
4373,4012.3557093984159
4374,4012.9496606568323
4375,4013.962846592
4376,4015.3570307177033
4377,4015.6228670291162
4378,4017.63326460288
4379,4019.3357825891471
4380,4019.7286755760829
4381,4020.4300520792358
4382,4020.6912484518975
4383,4021.9118973439595
4384,4024.3502570671221
4385,4025.2249488988264
4386,4026.2054815509177
4387,4027.201028576877
4388,4027.4334112884403
4389,4028.3668360907313
4390,4028.4858448583232
4391,4030.2853225195609
4392,4031.5095634883119
4393,4032.0765638964372
4394,4033.6239631644148
4395,4034.1252417942255
4396,4035.4036594669442
4397,4035.8769860856528
4398,4038.2590549841561
4399,4038.9661373927861
4400,4039.6675686590429
4401,4041.5968011437394
4402,4043.0479280879531
4403,4043.2401609637768
4404,4043.6228317156551
4405,4044.7851035050599
4406,4045.3983193988588
4407,4045.6006426621675
4408,4046.9656092610098
4409,4047.5170171585501
4410,4047.8190555738033
4411,4048.1747743173064
4412,4049.5336736844729
4413,4049.5735411792507
4414,4049.8836324499443
4415,4050.6701297454138
4416,4051.059163020579
4417,4051.2693109484844
4418,4052.1505361070017
4419,4053.0008082369636
4420,4054.7791235085424
4421,4055.756525999625
4422,4057.7895803369879
4423,4058.2323155028685
4424,4059.1327403602013
4425,4059.864636585577
4426,4061.7299455023053
4427,4062.4289787620141
4428,4063.2633281962248
4429,4063.8080421129489
4430,4064.0342031480318
4431,4065.1077997109523
4432,4065.4523199577689
4433,4066.0807295165077
4434,4068.4053114874205
4435,4068.4837895668124
4436,4070.5129840796239
4437,4072.6644227031843
4438,4073.3421506477262
4439,4074.8179782315583
4440,4075.0982181315885
4441,4077.6921839157453
4442,4078.0575292037952
4443,4078.9412960898335
4444,4080.0513355645558
4445,4081.5341883214187
4446,4082.147478382205
4447,4082.9990349535205
4448,4083.2734374382644
4449,4084.9885899745937
4450,4085.2655146979755
4451,4085.3681881662296
4452,4086.5413901316979
4453,4086.8303958538836
4454,4088.530007060353
4455,4088.70496815568
4456,4090.6832338668596
4457,4092.4879566977206
4458,4092.6861814190734
4459,4093.2020745569971
4460,4093.9787251291978
4461,4094.7085708498544
4462,4095.1568679313496
4463,4095.6244745413287
4464,4096.8602111290102
4465,4098.3330552165789
4466,4098.8755198485705
4467,4100.6249059332376
4468,4100.8959560047269
4469,4101.2565128680353
4470,4101.6556225852173
4471,4102.5934561635822
4472,4103.3354351067164
4473,4104.1403378423202
4474,4104.5797759327452
4475,4104.9207000764482
4476,4106.6815869753609
4477,4107.6753731044046
4478,4109.4248014863379
4479,4109.8643414834241
4480,4110.6532133862993
4481,4113.2360780256467
4482,4114.4526296474214
4483,4114.8787523263463
4484,4115.1765955304718
4485,4117.8349703295762
4486,4118.2013415773481
4487,4119.1375835416557
4488,4119.8144681921831
4489,4119.9062163780982
4490,4120.2465498078909
4491,4120.6862774896872
4492,4121.2148248420062
4493,4122.581658225844
4494,4123.9471578270359
4495,4124.6064447199024
4496,4126.3520512162522
4497,4128.3407912502589
4498,4128.8397012111191
4499,4129.8198799797001
4500,4131.2547546553651
4501,4132.9366932811135
4502,4133.5034551807266
4503,4135.6745383623756
4504,4137.1251972048303
4505,4139.1703290161704
4506,4139.5572143979525
4507,4140.5904860951086
4508,4142.6602196588628
4509,4143.1091276474108
4510,4143.2932136709524
4511,4143.5126165330803
4512,4144.3499343393678
4513,4145.5573521555452
4514,4146.8344820750008
4515,4147.4168929597554
4516,4148.1701362981667
4517,4148.6261205153151
4518,4149.559648978001
4519,4149.9389451797779
4520,4150.5107975479004
4521,4151.4731221952597
4522,4151.7061921658542
4523,4152.3099486443416
4524,4153.2401666240594
4525,4154.2414952732306
4526,4154.3764829825959
4527,4155.0752808245124
4528,4155.8652900994275
4529,4156.485341591595
4530,4156.7516001030035
4531,4157.8162383999361
4532,4159.0947809107311
4533,4160.0095757469799
4534,4160.1600392096825
4535,4160.6656828831765
4536,4162.0838208266523
4537,4162.8208721468909
4538,4163.6073134876069
4539,4164.0797699022723
4540,4165.6359016468186
4541,4166.2789010057941
4542,4166.697896159586
4543,4167.1036803279521
4544,4168.2173978132096
4545,4169.3837808533817
4546,4169.7962973975527
4547,4170.6868738199964
4548,4173.2780725629354
4549,4173.8445361715449
4550,4174.5230540062339
4551,4175.0513145910818
4552,4176.1391040803901
4553,4176.3091899538395
4554,4177.3261767709027
4555,4178.4140602252583
4556,4178.9101894514679
4557,4179.7918353657751
4558,4180.3669079897154
4559,4181.9360467320512
4560,4182.2385740040736
4561,4183.0345855492014
4562,4183.5455069811051
4563,4184.8886625086689
4564,4186.2606057925595
4565,4187.1489932224194
4566,4187.7417005313309
4567,4188.7318652797458
4568,4189.7663394190176
4569,4190.1518981021018
4570,4191.3402063326039
4571,4191.9310965155046
4572,4193.2498640607046
4573,4193.9713593914448
4574,4194.3166861172722
4575,4194.9693073141452
4576,4196.6763770063699
4577,4197.2914551821223
4578,4198.7127542431235
4579,4200.1172183278695
4580,4201.0086038747258
4581,4201.4131843070209
4582,4202.011671731103
4583,4203.8176899828377
4584,4204.564558993181
4585,4205.0138575165101
4586,4206.5528796316621
4587,4208.2396942834021
4588,4208.7333432747309
4589,4209.8001954533356
4590,4210.7397377354373
4591,4211.9626834275259
4592,4212.8901578214709
4593,4213.9028623491904
4594,4214.5374620149296
4595,4214.660409209795
4596,4215.597629099344
4597,4215.6145547329861
4598,4217.2154569509139
4599,4217.8849005739294
4600,4218.5704008671664
4601,4219.5505040264206
4602,4221.2563609581057
4603,4222.8136034908766
4604,4224.280785592714
4605,4225.4471845101516
4606,4225.7547218826103
4607,4226.8399127863113
4608,4227.3177097005482
4609,4228.0510602429067
4610,4228.6644251698081
4611,4229.1832021951641
4612,4229.4760617111151
4613,4230.8851861392104
4614,4232.4752947091692
4615,4232.7909855998041
4616,4233.2912128458111
4617,4234.1275264715905
4618,4235.7118157709965
4619,4237.7047293011256
4620,4238.9315190646394
4621,4240.1337178575341
4622,4240.5341868325168
4623,4241.0698431931733
4624,4241.860937020333
4625,4242.9172130062088
4626,4244.1091995905517
4627,4244.7595046759434
4628,4245.1398395827619
4629,4246.1876991858326
4630,4246.4364642887131
4631,4247.1937736745649
4632,4247.6369884982032
4633,4248.9424664701646
4634,4250.4839691831803
4635,4252.0523913515572
4636,4252.3875775873621
4637,4252.8773439998995
4638,4253.3339794941066
4639,4255.05325830534
4640,4255.6264934642486
4641,4256.7916959581435
4642,4259.0640078438882
4643,4260.5137930175251
4644,4261.0788755210679
4645,4262.4930625362294
4646,4263.0971186861207
4647,4263.911196241098
4648,4264.4568924417108
4649,4264.7155527961831
4650,4266.1826774275496
4651,4267.4073975702604
4652,4268.6900703986721
4653,4269.3234112186656
4654,4270.5663500558821
4655,4272.266987342462
4656,4272.5356663747862
4657,4272.7945437933868
4658,4273.1248738050526
4659,4273.5219443025044
4660,4273.9879075278131
4661,4275.5679183274515
4662,4275.6379960069053
4663,4276.1837772520048
4664,4276.3477440695706
4665,4276.7067051112017
4666,4279.0437965970141
4667,4280.5720401740082
4668,4281.7914368463171
4669,4281.9520386188324
4670,4283.4815266511059
4671,4284.1917015237968
4672,4284.5156622914437
4673,4285.5095982269931
4674,4286.0833005608984
4675,4289.2240692099604
4676,4290.5213758416703
4677,4290.9669302606299
4678,4291.2245204364426
4679,4295.0096908694095
4680,4295.7377664738669
4681,4295.8735603097912
4682,4296.1005003460396
4683,4296.8482182996031
4684,4297.2671381317114
4685,4298.8116175086288
4686,4298.8970591368297
4687,4299.3948252555483
4688,4300.1127143764361
4689,4300.3590193480468
4690,4301.3232590702546
4691,4302.0375052981381
4692,4303.2930814398969
4693,4303.5151447924345
4694,4303.9055467321878
4695,4304.5784754791257
4696,4305.2545504119853
4697,4305.546852413755
4698,4305.9046535500847
4699,4307.2552936080046
4700,4309.2777585928434
4701,4310.4034208449548
4702,4311.2269518576477
4703,4313.329501053573
4704,4313.6506222864273
4705,4314.8530730175007
4706,4315.542941446678
4707,4316.1197757269083
4708,4319.8171945683835
4709,4321.8994318270925
4710,4322.710510903592
4711,4323.6163140744284
4712,4325.0278200972898
4713,4325.1639123350978
4714,4326.1048006480924
4715,4326.8114490735616
4716,4327.7586185662285
4717,4328.3420260239081
4718,4329.2722022200151
4719,4330.2618842394613
4720,4331.828250204605
4721,4332.6342943684058
4722,4333.3889071182157
4723,4334.2776008928786
4724,4335.020746028953
4725,4335.3486105525681
4726,4336.3041803358092
4727,4337.1668065891208
4728,4337.3448676052531
4729,4337.7188546625403
4730,4338.2073366094328
4731,4339.7197202160705
4732,4340.7940137724427
4733,4342.3068564510977
4734,4342.9409569303334
4735,4345.047471904375
4736,4345.974406136078
4737,4346.1913571171681
4738,4347.232910682209
4739,4347.3537660141692
4740,4348.0421194221744
4741,4349.7997091637208
4742,4350.5586249163707
4743,4350.8886048422673
4744,4353.4577024329164
4745,4354.2890016226111
4746,4354.5894206232952
4747,4354.6824496386171
4748,4355.2966012843954
4749,4356.2662016622853
4750,4357.4689528446897
4751,4358.4585865103663
4752,4359.3495285847639
4753,4360.055821978407
4754,4360.2955391409496
4755,4361.1060113588319
4756,4361.5473995117645
4757,4362.6352597368605
4758,4362.8670835166058
4759,4363.9723247873244
4760,4364.2434671559968
4761,4365.0503782442111
4762,4366.1037665093745
4763,4366.3347625150964
4764,4367.3958212989073
4765,4368.7615823350361
4766,4368.8004024068905
4767,4370.6156334394464
4768,4371.1012877601925
4769,4371.8044992207551
4770,4371.8642047403446
4771,4373.1654588722395
4772,4374.699950569865
4773,4376.8143555855022
4774,4378.9626116966519
4775,4379.6383151088739
4776,4380.2915098094527
4777,4381.0914274043862
4778,4382.3194474209186
4779,4382.9355586747524
4780,4383.9984717927355
4781,4384.6285789676449
4782,4385.5186491300929
4783,4385.7370798360098
4784,4386.523865717123
4785,4386.9434151067544
4786,4387.578509434351
4787,4388.0296982858799
4788,4388.9503123775503
4789,4389.455395508433
4790,4390.1442274031688
4791,4390.5320335996612
4792,4392.1702497042579
4793,4393.1690990343368
4794,4393.8326417871285
4795,4394.2984444201729
4796,4395.7821718527985
4797,4397.1588085111489
4798,4398.6227636651383
4799,4398.9486336729024
4800,4399.7851973362203
4801,4400.7641971931916
4802,4400.881404820544
4803,4402.2607235404557
4804,4402.9104369405095
4805,4404.2494011924327
4806,4405.4499697704396
4807,4406.062439787167
4808,4407.1603039485644
4809,4407.7530816326089
4810,4408.2052724658806
4811,4408.9725971320631
4812,4409.1660935696855
4813,4410.676545831252
4814,4411.7658731271749
4815,4413.603638199128
4816,4414.8866693085865
4817,4416.2980951357922
4818,4417.205584105549
4819,4417.7952093747417
4820,4418.4283884528713
4821,4419.9112024535179
4822,4421.0486345536819
4823,4422.1185745358207
4824,4424.783853251105
4825,4425.4934920118549
4826,4426.5435692856136
4827,4427.0779678478202
4828,4427.2648702262268
4829,4427.5945154362107
4830,4428.743936680562
4831,4430.933013454066
4832,4432.1900720079557
4833,4432.6133978132284
4834,4433.9292127579793
4835,4435.6660623613579
4836,4436.1250353397209
4837,4437.6543518373883
4838,4438.814971796216
4839,4440.9824448707159
4840,4442.1805754003726
4841,4442.8506464341526
4842,4443.4081667701066
4843,4444.5070299405434
4844,4444.878010332648
4845,4445.7733451294453
4846,4446.2249155379986
4847,4446.7703060602371
4848,4447.0751301218079
4849,4448.2437038947501
4850,4448.685649786763
4851,4449.563176973058
4852,4449.9459562491838
4853,4450.3563248986447
4854,4450.8757231659429
4855,4451.061450704633
4856,4451.4971096299414
4857,4451.5730918125582
4858,4453.2373125275863
4859,4453.4575840375446
4860,4454.2115938712332
4861,4455.7175137418008
4862,4457.0517375587369
4863,4457.9881960952107
4864,4458.3459405142248
4865,4458.9291079453997
4866,4459.3919860843525
4867,4459.7646720089488
4868,4460.9321444510097
4869,4461.2286692916532
4870,4462.1998359037007
4871,4462.6580118797583
4872,4463.6834371347531
4873,4463.9388367735992
4874,4464.1446008934909
4875,4465.6690716819749
4876,4466.7165079450906
4877,4467.4625928066098
4878,4469.524510360643
4879,4469.8807890311937
4880,4470.7960421751477
4881,4472.5282810516237
4882,4474.5008008787445
4883,4475.4208886400384
4884,4476.277654381207
4885,4477.0580845292234
4886,4478.2139456042078
4887,4479.391423405058
4888,4481.0016601856914
4889,4481.9067134232964
4890,4482.0128866412797
4891,4483.4315099569631
4892,4484.9367827706601
4893,4485.4533759849692
4894,4485.9492854150039
4895,4486.4230297788308
4896,4487.3082413783031
4897,4488.6602835218837
4898,4489.4763105323973
4899,4490.8969032674795
4900,4491.0890607273477
4901,4491.6463439982326
4902,4492.6681874768183
4903,4493.2579895242689
4904,4494.7918547067538
4905,4495.6136653657522
4906,4498.030910728753
4907,4498.205826672659
4908,4498.9450829772386
4909,4501.3679445281614
4910,4501.6824269519884
4911,4502.4518964733252
4912,4503.3190141611021
4913,4503.7191300941668
4914,4504.4247900372056
4915,4505.1167532505851
4916,4506.4642877752776
4917,4507.2689056638928
4918,4507.9360271123824
4919,4509.2863504155057
4920,4510.3989774580186
4921,4510.8204583809811
4922,4510.9132506320202
4923,4512.3283350592401
4924,4514.3256425437885
4925,4515.2395433946685
4926,4516.0795928376738
4927,4517.4599846806095
4928,4518.0332804660911
4929,4519.4436214704756
4930,4519.7677606033358
4931,4520.0780090670651
4932,4520.3609823620263
4933,4520.8448436749122
4934,4521.279717908259
4935,4522.6020955529593
4936,4523.3925655975227
4937,4524.4731157309461
4938,4525.072984840649
4939,4526.6997377575062
4940,4527.1694653031673
4941,4530.3729315611836
4942,4530.9182676815135
4943,4531.2403731039894
4944,4534.1493713795599
4945,4535.1857956113636
4946,4536.4074640220088
4947,4537.2373194731372
4948,4538.5187040829233
4949,4538.8367261949998
4950,4539.4600665211965
4951,4540.9762852959802
4952,4541.6296642535544
4953,4542.8333098212652
4954,4544.3563180440133
4955,4545.7620555541444
4956,4546.136849803529
4957,4546.7730265482987
4958,4547.4369329079091
4959,4548.1331543498709
4960,4549.2641611332938
4961,4549.6463853310815
4962,4552.1207884068308
4963,4552.4106986662537
4964,4552.8731725979342
4965,4553.4198312520839
4966,4555.531394057788
4967,4555.9675261533494
4968,4556.3965601875261
4969,4556.4633567472683
4970,4557.5069537882355
4971,4558.6517501591316
4972,4559.6606917245253
4973,4560.3612951005198
4974,4561.1273700238216
4975,4562.2533772701754
4976,4562.9325747878893
4977,4563.1577728149559
4978,4563.3495371401068
4979,4563.9324135023726
4980,4564.3550284891053
4981,4564.4559166296167
4982,4565.7889459280659
4983,4567.5893664064188
4984,4568.2402251021394
4985,4570.024849017288
4986,4570.3317323330357
4987,4570.6409712096875
4988,4571.027876999492
4989,4572.5280492463735
4990,4573.0025903345459
4991,4574.1980490204132
4992,4575.1093908744488
4993,4575.4423355453309
4994,4575.9109376142333
4995,4577.5994170321674
4996,4578.6411710642824
4997,4579.1253762518154
4998,4580.7476911610065
4999,4581.1584881388862
5000,4582.2825401228038
5001,4582.8613649648196
5002,4583.9152651572776
5003,4585.5214513344627
5004,4586.28770438838
5005,4586.497342559539
5006,4588.1891676326995
5007,4589.6756542110297
5008,4591.1637084310278
5009,4591.4750400885323
5010,4591.8249255840301
5011,4592.1808294568882
5012,4593.0272841120832
5013,4593.3417891358677
5014,4594.1869820387374
5015,4594.9386276176974
5016,4595.290059383763
5017,4596.4009187434549
5018,4597.1997630034375
5019,4598.5620399658055
5020,4599.9039791301029
5021,4601.0044109457494
5022,4601.6260917909403
5023,4601.8929138715803
5024,4602.4691067930544
5025,4604.1096216640326
5026,4605.2351030407208
5027,4606.4606954662095
5028,4607.822412667042
5029,4609.0294056137454
5030,4609.5420846262577
5031,4610.3973314618388
5032,4611.4076715662604
5033,4612.6057238009826
5034,4613.9085457899555
5035,4614.1971631637862
5036,4615.7687565077304
5037,4616.5029794401962
5038,4617.3942045325575
5039,4617.787688749966
5040,4618.2253389195184
5041,4618.4253228233501
5042,4619.7602036760136
5043,4620.3644174313595
5044,4620.8479781208289
5045,4621.227214460574
5046,4621.2542602177155
5047,4623.2282003938462
5048,4624.518180603669
5049,4625.6059186826042
5050,4626.7213893775397
5051,4627.8593575577634
5052,4628.9433498127191
5053,4629.5802827966108
5054,4629.937538316457
5055,4630.5538004295822
5056,4632.0276170425732
5057,4632.8384090981535
5058,4633.445420951708
5059,4634.0094516663576
5060,4635.9265444644407
5061,4638.7617833769064
5062,4639.7515078002743
5063,4640.2532068715809
5064,4640.5592982478393
5065,4641.7219537693145
5066,4642.1948118091796
5067,4643.8722875072435
5068,4644.1526946205631
5069,4644.6880652595164
5070,4644.871848223821
5071,4645.6183790642526
5072,4646.4952745084047
5073,4647.6133779107868
5074,4648.3779090994949
5075,4648.8109034021409
5076,4649.6460579531531
5077,4650.6300570892008
5078,4651.8994384940479
5079,4653.3513259133533
5080,4653.6673656573039
5081,4656.353661315482
5082,4657.0526331433457
5083,4657.6657631404551
5084,4658.9429348399426
5085,4658.994392339122
5086,4660.5982261686659
5087,4661.8050931018015
5088,4662.0158910521277
5089,4663.0726243062791
5090,4663.6265065150037
5091,4664.8828907753077
5092,4665.2321319747316
5093,4667.4246514152246
5094,4668.5263327788989
5095,4669.2183494283145
5096,4669.6068619664902
5097,4669.8297010879032
5098,4670.4448195527393
5099,4670.5962723491239
5100,4672.7308140108053
5101,4674.6755167250558
5102,4675.8361464588452
5103,4676.2468910414418
5104,4676.9835346083855
5105,4677.1901183419768
5106,4678.2084004245107
5107,4678.6930599327125
5108,4680.0108344796135
5109,4680.9594920982327
5110,4681.4680420453205
5111,4681.6568677051882
5112,4682.1672648534986
5113,4682.4539048463685
5114,4683.1543741327296
5115,4683.6989772051893
5116,4685.0108185627969
5117,4685.6987068277858
5118,4687.3546024360903
5119,4688.0388824586289
5120,4688.2688460966265
5121,4689.7490183230111
5122,4690.011459028362
5123,4692.6417569534451
5124,4693.3401533688912
5125,4694.2283947208143
5126,4695.270760137726
5127,4696.5159493949595
5128,4698.1163173798604
5129,4698.5801338098963
5130,4699.7405680790653
5131,4700.6515509399233
5132,4701.0119203153172
5133,4701.9254187784727
5134,4702.6206692617579
5135,4703.1028916703672
5136,4705.5009411643305
5137,4706.084776535241
5138,4707.6848168822744
5139,4708.5484044584318
5140,4709.094487973588
5141,4711.0351078459507
5142,4711.7014583449345
5143,4712.8998238902923
5144,4713.4482186829673
5145,4713.6411056788611
5146,4715.191168225314
5147,4715.466731050059
5148,4716.0902412007908
5149,4717.3225216517558
5150,4718.4314002993688
5151,4718.9926518972279
5152,4719.8737557910208
5153,4720.8512152404601
5154,4722.5102922810875
5155,4723.2105505667432
5156,4723.8748645716623
5157,4727.5618932871457
5158,4729.0526251422152
5159,4729.3579783184296
5160,4731.1532325765374
5161,4733.2790383658903
5162,4734.3615730786969
5163,4735.8536798066334
5164,4735.9613751785182
5165,4736.8163915690384
5166,4737.1345894974484
5167,4737.6061269638467
5168,4738.3503160658738
5169,4738.6982987515476
5170,4739.1837732473396
5171,4739.9711440849142
5172,4740.9899995524529
5173,4742.2767241643787
5174,4743.1936131848197
5175,4744.0323893142222
5176,4744.7017335660203
5177,4745.2533357313123
5178,4746.0646730666449
5179,4746.3182836187261
5180,4747.0342334817669
5181,4747.2252148721936
5182,4747.2646992701957
5183,4748.1759507463448
5184,4748.4021624968109
5185,4749.8297402163198
5186,4750.5536027675571
5187,4751.7365335692748
5188,4753.6340814926853
5189,4754.0977185962556
5190,4754.8954008410265
5191,4755.1452985516553
5192,4755.9445124864351
5193,4756.3020828566277
5194,4758.25645752526
5195,4759.2726510040629
5196,4761.4065880085827
5197,4761.9467083916907
5198,4763.1007311361
5199,4763.9105716530548
5200,4764.9970791538262
5201,4766.0949161372264
5202,4767.8574228512834
5203,4769.2328292186285
5204,4769.6921468173423
5205,4769.8789643409345
5206,4771.5776139915561
5207,4772.7369989560948
5208,4772.9839661839151
5209,4773.1865833773736
5210,4774.1600233495255
5211,4774.6794320182853
5212,4775.8021509513128
5213,4776.1415817955994
5214,4776.426729316905
5215,4776.9975595766937
5216,4777.4520524014797
5217,4777.808731361577
5218,4778.4440070303226
5219,4779.0055452336283
5220,4779.3012776352825
5221,4781.9561914861888
5222,4782.4850871071721
5223,4784.0109512359195
5224,4784.2143703441006
5225,4786.4305879742033
5226,4786.6157203992543
5227,4787.2514642889037
5228,4788.5193159636256
5229,4789.709362245585
5230,4790.0918609851387
5231,4791.8183296072939
5232,4792.8654615585665
5233,4794.1670089400832
5234,4794.8944125955368
5235,4795.7009803547471
5236,4797.2599841918272
5237,4797.5498350734788
5238,4798.3671507224781
5239,4799.5339920007555
5240,4799.8425985940985
5241,4801.0931598916441
5242,4801.2861981225687
5243,4801.6853387176543
5244,4802.4387807391231
5245,4803.6265861897255
5246,4803.7548636974561
5247,4804.5657633589108
5248,4805.2739642467031
5249,4805.9557108530526
5250,4807.8683511497284
5251,4808.4837783735593
5252,4808.8566201011308
5253,4809.5038986209493
5254,4810.5823979949
5255,4811.8345048979836
5256,4813.1059541157374
5257,4813.6688664056037
5258,4814.6662472853477
5259,4815.6231437335746
5260,4816.2866980221052
5261,4819.5032668255362
5262,4820.7199338455157
5263,4820.8845060174463
5264,4821.6472506088612
5265,4822.6797323343408
5266,4823.1820268518204
5267,4823.8826420319101
5268,4824.0375306392107
5269,4824.3956269932878
5270,4825.4833565899098
5271,4829.3598559079428
5272,4829.624354710696
5273,4830.039236678108
5274,4830.3541946804762
5275,4831.0533490011567
5276,4831.4332929315087
5277,4831.6147049815463
5278,4832.2525017280441
5279,4833.0591406901358
5280,4833.2790025358245
5281,4835.2040676874503
5282,4836.0572332132733
5283,4836.7613442669608
5284,4838.2858598166767
5285,4838.9950050497037
5286,4839.6618194138937
5287,4840.6571388084449
5288,4842.0676535743523
5289,4842.3011299504669
5290,4842.9970762928497
5291,4843.4244207543352
5292,4845.1142261043269
5293,4847.3187009137637
5294,4848.4811494941123
5295,4849.2419519971954
5296,4850.2741752902866
5297,4850.6774294470761
5298,4853.6101070684354
5299,4854.1854414965928
5300,4854.9867023249317
5301,4856.0373266059178
5302,4856.8971024821831
5303,4857.3710709982588
5304,4858.0495108192727
5305,4858.8763428513057
5306,4859.1736577911179
5307,4860.6878383953544
5308,4861.2581815923631
5309,4861.735793461924
5310,4862.595133160793
5311,4864.2661513073699
5312,4864.8372490958754
5313,4865.3527086747108
5314,4865.9464519283674
5315,4866.3043204066134
5316,4866.9943540795939
5317,4869.7896147862502
5318,4871.2353780431376
5319,4872.2200540157355
5320,4873.2777316758174
5321,4873.7978338690009
5322,4874.5298779373106
5323,4875.230681850011
5324,4876.0943838812291
5325,4876.4217963521942
5326,4877.097620786335
5327,4878.0611510749377
5328,4878.6062323510641
5329,4878.6559169733237
5330,4879.8016991908926
5331,4880.5390740092571
5332,4882.0399445399426
5333,4883.2611712762318
5334,4884.4247477119716
5335,4885.3268560103352
5336,4885.9058871455291
5337,4886.1865044705864
5338,4888.4277013599485
5339,4889.8011520864402
5340,4891.9308955624956
5341,4892.4149273149287
5342,4893.152278958366
5343,4894.4097173911359
5344,4895.6682085502698
5345,4896.6364988186888
5346,4897.2052705513279
5347,4897.7815231250524
5348,4898.5488880281755
5349,4899.2714049019223
5350,4900.1509771982555
5351,4901.0562823832961
5352,4901.3391986835768
5353,4902.2859917764717
5354,4902.8407808850261
5355,4903.6372107692705
5356,4904.2311336686034
5357,4905.3078188710469
5358,4906.3201707434737
5359,4906.476013065706
5360,4907.5676279277232
5361,4907.603291377608
5362,4908.7281854656612
5363,4910.3537651024999
5364,4910.7000720707592
5365,4911.6643807060118
5366,4912.3977740856471
5367,4913.9081465063027
5368,4914.1381549293064
5369,4915.2055203900181
5370,4917.1470968629492
5371,4918.6486548958228
5372,4920.0253420268818
5373,4920.6596220864412
5374,4921.7901886297568
5375,4924.0991560181519
5376,4924.4545854788967
5377,4925.920730141459
5378,4926.2003695370531
5379,4926.6322256937174
5380,4927.156735737356
5381,4927.6846673168802
5382,4928.5091883282248
5383,4930.5281221401574
5384,4930.858375024115
5385,4931.2132837366398
5386,4932.315959267582
5387,4932.8226042241677
5388,4933.1883418882799
5389,4934.1264970659986
5390,4934.3460800990815
5391,4934.7276633548545
5392,4936.6434507872618
5393,4937.53911852908
5394,4938.4368819387983
5395,4939.2506013706134
5396,4939.6146525205977
5397,4939.8900743535414
5398,4940.2759457367301
5399,4940.9987541957653
5400,4942.3147916736607
5401,4942.8947579828355
5402,4943.9537284178259
5403,4944.5948504439484
5404,4945.0184805693443
5405,4947.3431413623684
5406,4949.0899989032432
5407,4949.9520398890927
5408,4950.4218117788969
5409,4952.3933403976971
5410,4953.4806564448645
5411,4955.0494066739639
5412,4956.5197535832622
5413,4957.6874711717155
5414,4957.9071088689807
5415,4958.9724727702342
5416,4960.4947750382735
5417,4961.5629255692829
5418,4962.2622500317393
5419,4962.7593326587184
5420,4963.1493854657247
5421,4965.1815166294382
5422,4965.7727462826169
5423,4967.4088151061414
5424,4968.0347383640847
5425,4969.1375273185586
5426,4969.4155479816036
5427,4971.0464002516474
5428,4971.4616834535827
5429,4972.7456369404317
5430,4972.9264925942334
5431,4973.6400911298133
5432,4974.9965718078902
5433,4977.2879221251169
5434,4978.5648576228359
5435,4978.746569270038
5436,4980.8243119348663
5437,4981.336631715576
5438,4982.1629997833697
5439,4982.4755141003434
5440,4983.6204598795193
5441,4984.5098466369909
5442,4986.4264564257082
5443,4987.0295795288303
5444,4987.6694668449163
5445,4988.2198479312437
5446,4988.7862984223129
5447,4989.1539168617046
5448,4989.3651940281015
5449,4989.7003439554001
5450,4990.7629225462833
5451,4990.9507316844401
5452,4991.7421420671999
5453,4992.7300865061643
5454,4994.8366419679824
5455,4995.2861383891213
5456,4995.7012308138746
5457,4996.2167493212064
5458,4996.6046022965447
5459,4997.3579763407652
5460,4998.0354927981007
5461,4998.6956933027104
5462,5000.1541706080752
5463,5001.6934068837791
5464,5002.7930915122388
5465,5003.6929681733291
5466,5004.3769993717779
5467,5005.6825718387036
5468,5006.1159606775509
5469,5006.9951424483552
5470,5007.219003598273
5471,5008.5106621692648
5472,5008.889818180478
5473,5010.3881142805039
5474,5011.4663664706195
5475,5012.7836818911501
5476,5012.9354580529507
5477,5014.7423935946799
5478,5015.9271300493083
5479,5016.302803297699
5480,5016.9915961665756
5481,5017.6095599972687
5482,5017.7658286357255
5483,5018.5038138335331
5484,5019.7172531740862
5485,5021.0702847755692
5486,5021.9571223719631
5487,5022.3173089991651
5488,5023.3263632275057
5489,5024.3406265636077
5490,5025.8459809388423
5491,5026.1345610791413
5492,5026.7732268236714
5493,5029.0073611762127
5494,5031.0167154311412
5495,5032.5576000124165
5496,5033.4248487809382
5497,5034.1334489580659
5498,5034.561112724492
5499,5036.2169868531646
5500,5036.519924732519
5501,5037.8572581667977
5502,5038.3120990327261
5503,5039.0700523148153
5504,5040.1858080294342
5505,5040.8823836138017
5506,5041.9011867920117
5507,5042.6433688669713
5508,5043.1625769210586
5509,5043.5383228423698
5510,5044.4961007263992
5511,5044.8502434819593
5512,5045.4975107075006
5513,5045.9143063587098
5514,5047.0006896554769
5515,5047.6911233623887
5516,5048.8612288477389
5517,5049.5133225230511
5518,5050.5666975823679
5519,5051.0041011452995
5520,5052.6409419278507
5521,5053.8836296196314
5522,5055.7241285128639
5523,5055.8072949098223
5524,5056.6585075337816
5525,5056.7897218135276
5526,5057.3996162032927
5527,5057.6305421127399
5528,5058.1329168451994
5529,5060.0841897079908
5530,5060.2743370143662
5531,5061.0816346772353
5532,5062.2879774472176
5533,5064.0105987695115
5534,5065.2605410074293
5535,5065.5955750916555
5536,5066.4434591713089
5537,5067.7417349379166
5538,5068.1210494530369
5539,5068.7307141863466
5540,5068.8250507147768
5541,5070.2174220195948
5542,5070.8728523165892
5543,5072.100992435041
5544,5072.8152644078364
5545,5072.9133944861505
5546,5073.3253704898216
5547,5075.6516345413374
5548,5076.0572266435065
5549,5076.9942242827292
5550,5077.5353951169745
5551,5079.1116250430723
5552,5080.3487313939067
5553,5081.2407240917519
5554,5082.8020817252318
5555,5083.7221894432323
5556,5084.5654436906962
5557,5085.840615128348
5558,5086.3556129595045
5559,5087.6110854676535
5560,5089.9653496474666
5561,5091.1657954704351
5562,5092.2095007194903
5563,5094.7654877273753
5564,5095.9465287884432
5565,5096.6958702024203
5566,5097.1242784984906
5567,5097.2795727906641
5568,5098.0212058836996
5569,5099.1972820556948
5570,5099.396149150798
5571,5100.0091095291518
5572,5100.1359964188632
5573,5101.3318105861745
5574,5102.9015102670601
5575,5103.4134234195781
5576,5104.351871820777
5577,5104.8836530439339
5578,5105.7764146419513
5579,5106.4133785991353
5580,5106.6497407389325
5581,5107.777572362651
5582,5107.9346737448395
5583,5108.227495972048
5584,5108.8904980746674
5585,5109.2624543466236
5586,5111.0142069243939
5587,5111.2444945915076
5588,5112.6633319219118
5589,5113.396783733956
5590,5114.9193816133356
5591,5116.4366268208296
5592,5116.9977967054447
5593,5118.2612030003665
5594,5119.4431947462799
5595,5120.3673643583998
5596,5121.1569249922986
5597,5122.9619083709067
5598,5123.4215129422319
5599,5124.1936214880343
5600,5124.8451113225974
5601,5125.782172846596
5602,5126.6700816183466
5603,5127.4773466685047
5604,5129.4075730387503
5605,5129.7324033115674
5606,5131.4706023045492
5607,5131.5859826815868
5608,5132.1948488384178
5609,5133.0285719721123
5610,5134.0393788952842
5611,5134.6427367170263
5612,5135.1496168459134
5613,5136.1166315638347
5614,5136.6513904650828
5615,5137.1144195932511
5616,5137.9216452718929
5617,5138.9605785671611
5618,5139.5243437964691
5619,5140.7430855847833
5620,5141.528633788761
5621,5143.0914492686006
5622,5144.4504459914206
5623,5145.3745093768421
5624,5146.7436778431356
5625,5146.8830458827051
5626,5147.1584041959986
5627,5147.6197963896666
5628,5149.8901891209116
5629,5150.5789868284182
5630,5152.5295425552013
5631,5152.8308290774994
5632,5154.553123605031
5633,5155.0768162222948
5634,5155.5205684081493
5635,5156.548237208016
5636,5158.1229791661963
5637,5158.439547571149
5638,5161.2738279326986
5639,5162.385230935698
5640,5162.7994045667683
5641,5163.724728577854
5642,5164.5308035935786
5643,5166.5572099144238
5644,5167.0459981390241
5645,5167.5421561308267
5646,5168.6538120695695
5647,5169.1219503358316
5648,5169.4692840236867
5649,5170.8088589073368
5650,5171.97840502091
5651,5172.2880474018011
5652,5173.2007071951475
5653,5174.0572578903275
5654,5174.694531607176
5655,5174.934952795048
5656,5175.5979149780696
5657,5176.2231726215223
5658,5176.574407111174
5659,5177.0558239531983
5660,5179.1825287063893
5661,5179.5466755090793
5662,5181.1606512188764
5663,5182.8605800311661
5664,5183.9587207612967
5665,5184.4692561972752
5666,5186.5718839859737
5667,5187.3102259517391
5668,5187.644729795672
5669,5188.1144236500859
5670,5188.4071074029298
5671,5189.3219952298768
5672,5189.8140319769591
5673,5190.9556626570984
5674,5192.3393931743331
5675,5195.9742475233043
5676,5196.4955624132626
5677,5199.2706144203021
5678,5200.3707638554533
5679,5201.8597834698121
5680,5202.532097629356
5681,5203.3884999962784
5682,5204.590590063699
5683,5204.761915755872
5684,5205.598363847047
5685,5205.9800464036134
5686,5208.5765157242831
5687,5209.217761429456
5688,5209.3795642754267
5689,5210.6252215818322
5690,5211.2076637949858
5691,5211.4049081468975
5692,5213.1442034132342
5693,5213.4434608418433
5694,5213.6074764777104
5695,5214.2689729355588
5696,5215.6231921695071
5697,5215.8630256585138
5698,5216.9873875960739
5699,5217.8890629732759
5700,5218.4812503011981
5701,5219.0632626671631
5702,5221.2742955313952
5703,5222.2452859817613
5704,5223.2992354214048
5705,5223.3890528418015
5706,5223.8956012345461
5707,5225.9103938877952
5708,5226.2092230956705
5709,5226.6956908324828
5710,5228.3007486196502
5711,5229.2656949037191
5712,5229.3698138679329
5713,5229.5673409758547
5714,5229.9394436834018
5715,5230.364876981922
5716,5230.4806500238365
5717,5231.0520731990136
5718,5232.1850872327059
5719,5232.8386529349946
5720,5233.5941444966202
5721,5234.2391781030728
5722,5234.5837107353254
5723,5236.019374250327
5724,5236.6256319221193
5725,5237.7023822860956
5726,5238.1936340786442
5727,5238.2307498505152
5728,5239.1610306553202
5729,5240.1633604657763
5730,5240.7477648275189
5731,5241.2471781004997
5732,5241.4348740008127
5733,5242.7845111896222
5734,5242.9651950432508
5735,5243.3600457870698
5736,5245.4967453186464
5737,5247.0676918972513
5738,5247.6743618106457
5739,5248.2038774886159
5740,5248.4485056967042
5741,5249.6924013917542
5742,5250.1686891194404
5743,5250.8159392117823
5744,5252.7329331252822
5745,5254.0026205766189
5746,5254.5467893656842
5747,5255.6512015254702
5748,5257.0020870389299
5749,5257.2283514470273
5750,5259.1980069882329
5751,5261.0841770474954
5752,5262.9504910436299
5753,5263.7799487996535
5754,5265.0247847950595
5755,5266.3041864453853
5756,5266.6883467174894
5757,5267.6700607788289
5758,5268.1758357467079
5759,5268.9804383971541
5760,5269.1656667163161
5761,5269.9537690717043
5762,5270.7678068464484
5763,5271.2275216499838
5764,5272.2875607413243
5765,5272.8228759737713
5766,5273.2143877100689
5767,5273.7190781883073
5768,5274.5455566946112
5769,5275.0534627304914
5770,5275.843437419835
5771,5277.2571145162092
5772,5277.7379946322671
5773,5280.0551312390735
5774,5281.0484396226348
5775,5281.567382148688
5776,5284.4021985133777
5777,5286.0586221844724
5778,5286.9509413006763
5779,5289.1545098410361
5780,5289.8987703971152
5781,5290.8182755210246
5782,5291.8268490060082
5783,5292.6555464300254
5784,5292.8371170314222
5785,5293.8200256678356
5786,5294.0729039071011
5787,5295.3798917719078
5788,5295.7820079304865
5789,5296.4027514427808
5790,5296.984364197353
5791,5297.451643678799
5792,5297.6908508823462
5793,5298.0271701145102
5794,5299.1271590942415
5795,5300.5946199326145
5796,5301.1115508406037
5797,5302.2468748716256
5798,5303.6729724587158
5799,5305.2067071505853
5800,5306.3823157823599
5801,5306.6006216311725
5802,5307.6207214732267
5803,5308.1668304438781
5804,5308.8282282587825
5805,5310.2387646495372
5806,5311.3508810485819
5807,5311.3756053015641
5808,5311.5076818005591
5809,5312.0641653567172
5810,5313.9215725126496
5811,5314.977080886757
5812,5316.1888087487032
5813,5317.1635108198316
5814,5319.3779289581744
5815,5320.4321953895051
5816,5322.1721952509024
5817,5323.3071590183363
5818,5324.7114128607218
5819,5324.9065455743666
5820,5325.2695082862228
5821,5325.7565116933029
5822,5327.1922839811423
5823,5328.8754465857701
5824,5329.791826134031
5825,5331.0742454803085
5826,5331.251620521155
5827,5331.6979422164095
5828,5331.853836944957
5829,5332.2457709109331
5830,5333.3464701848516
5831,5333.8462191243343
5832,5334.5065838322507
5833,5335.3355255301567
5834,5337.1379559177367
5835,5338.0670510093787
5836,5338.6886284546363
5837,5339.235322683433
5838,5340.6143921805524
5839,5340.9192327381297
5840,5341.7999923499874
5841,5342.1716744678488
5842,5342.8337903381207
5843,5343.5167371185398
5844,5343.9898695106767
5845,5344.7518079737956
5846,5345.9780802267869
5847,5346.238193613478
5848,5348.1298464404917
5849,5349.6419754662693
5850,5351.198559848197
5851,5352.048253032448
5852,5353.8846351178727
5853,5355.0086649922869
5854,5356.1688580196669
5855,5356.5734941206128
5856,5357.2744314872898
5857,5358.4137339584522
5858,5359.3544436981892
5859,5359.5531842066275
5860,5360.3392837226029
5861,5361.1304906430441
5862,5362.7029966912423
5863,5363.847595802109
5864,5364.248006940602
5865,5364.6109877654935
5866,5365.2038583240792
5867,5366.33846071465
5868,5366.4187035033738
5869,5369.140432338595
5870,5369.5216241946318
5871,5371.7844136522235
5872,5372.7287511424693
5873,5372.8234548889977
5874,5373.9164561604521
5875,5374.519299024565
5876,5375.5280645453104
5877,5376.4848083931602
5878,5377.1394377658453
5879,5377.7701792393336
5880,5378.3844649112534
5881,5378.8889449747248
5882,5379.0329594840732
5883,5379.7232681346441
5884,5381.0454760032944
5885,5381.8272575864894
5886,5382.458504771259
5887,5384.3501296698405
5888,5386.0164116750939
5889,5386.9295041725145
5890,5387.6071257765861
5891,5388.5092239409478
5892,5389.1998454912109
5893,5389.4015391819003
5894,5391.1978698119174
5895,5391.7875493929114
5896,5393.2085396678367
5897,5393.5545443178826
5898,5394.47282138234
5899,5395.1498056065693
5900,5396.832270167296
5901,5398.1840735648211
5902,5400.1939460221547
5903,5400.6875958802975
5904,5401.1014354841727
5905,5401.8879454932112
5906,5402.9288807425173
5907,5403.4608948891228
5908,5404.4072229608437
5909,5405.069993288148
5910,5406.2000752865715
5911,5406.4509218240291
5912,5407.1949150904356
5913,5408.3952229686984
5914,5408.5327803274167
5915,5410.4307585817833
5916,5411.3085657557003
5917,5412.7072118541719
5918,5414.3412078459114
5919,5416.0271511875508
5920,5416.7449900956635
5921,5417.9891336660048
5922,5418.1764591347028
5923,5418.937314867625
5924,5420.3160525478897
5925,5421.2588230067668
5926,5422.8231119893189
5927,5423.8045832250664
5928,5423.9656579821531
5929,5425.6909586273287
5930,5426.1707403908122
5931,5427.7254293456926
5932,5429.0190629325252
5933,5429.2515985128321
5934,5431.257999209748
5935,5431.6557727227337
5936,5432.2154169459272
5937,5432.920352310588
5938,5434.0504842914379
5939,5434.1527249285418
5940,5435.4887741125631
5941,5437.1350280359738
5942,5438.2037250696058
5943,5438.4984401508354
5944,5439.14624575777
5945,5439.3923105623617
5946,5440.124300729165
5947,5440.7773591666
5948,5441.7979027787178
5949,5442.5341485857252
5950,5442.8050812943966
5951,5443.9963416194059
5952,5445.399993019977
5953,5446.1323172358098
5954,5446.4861453178301
5955,5446.7829913980077
5956,5447.3883472433699
5957,5448.0859518890184
5958,5449.2053084751496
5959,5449.5259251446632
5960,5450.4731163416982
5961,5451.9049680681292
5962,5452.1994984568137
5963,5453.5167094187454
5964,5454.3960808373504
5965,5455.8293062429202
5966,5456.425972209654
5967,5457.7452638493896
5968,5458.2168273086536
5969,5458.8856335035834
5970,5458.9722187092457
5971,5459.5113386715429
5972,5460.0730729522875
5973,5460.9532816446572
5974,5462.5028815627129
5975,5462.7520565133691
5976,5464.3918916845696
5977,5465.3196525595622
5978,5465.3690069906661
5979,5466.5063123365098
5980,5467.5789201225653
5981,5468.4277802361212
5982,5469.2020813530798
5983,5470.8164359163893
5984,5471.6027952611958
5985,5471.9628974014449
5986,5474.0797587936368
5987,5474.3624304736277
5988,5475.257609892139
5989,5475.9138985789605
5990,5477.1439384586665
5991,5478.4539560235098
5992,5478.849699233192
5993,5479.3250557737638
5994,5481.0284984265209
5995,5482.520729350812
5996,5483.1551304110781
5997,5484.4380594455579
5998,5485.350885206265
5999,5486.1775540883
6000,5487.1336155838826
6001,5487.3793689001686
6002,5487.9809594093176
6003,5488.1778419858483
6004,5489.1445389598448
6005,5490.5640091136911
6006,5491.4229453513044
6007,5492.3427149966647
6008,5493.8928910308787
6009,5494.047687569594
6010,5495.1319113315558
6011,5496.1363121087015
6012,5496.9702561461381
6013,5497.0547032865188
6014,5498.2211298231041
6015,5498.8560990623409
6016,5501.3333351569709
6017,5501.6449525148264
6018,5502.5014397688692
6019,5503.2825227798476
6020,5503.760026162915
6021,5504.2461736801151
6022,5504.8045347800326
6023,5506.2988237871978
6024,5508.5342624883242
6025,5509.4723078563638
6026,5510.3890393034781
6027,5510.7911723741327
6028,5511.6302144982474
6029,5512.8315402049147
6030,5513.2736790483041
6031,5514.190185520436
6032,5514.8099940876809
6033,5515.2696956101454
6034,5516.7133260875289
6035,5516.7833716134219
6036,5518.2348434189653
6037,5520.1525393887705
6038,5521.5685780677304
6039,5522.2039237233857
6040,5523.3670938030164
6041,5524.356507206794
6042,5525.4349288104813
6043,5525.9815722047078
6044,5527.4692509209499
6045,5528.2970591023486
6046,5529.4177028364666
6047,5531.4645244830181
6048,5532.1947667983432
6049,5534.297354209808
6050,5536.1136323005449
6051,5537.2777073841453
6052,5537.6687155258505
6053,5538.6117059783764
6054,5539.302668419602
6055,5540.0373991824872
6056,5541.3056940206552
6057,5541.5146531103728
6058,5542.545143657544
6059,5542.8106108324264
6060,5543.1885931718189
6061,5543.6609022092653
6062,5544.4693453120672
6063,5545.451651941602
6064,5547.2190042172488
6065,5547.8666471173119
6066,5548.8028860978493
6067,5549.0700729190348
6068,5549.51917841667
6069,5549.927273890481
6070,5550.5804875495287
6071,5551.5344636442487
6072,5551.6714838080889
6073,5552.1380748492065
6074,5553.2172552637676
6075,5554.0163287557871
6076,5554.9044399009781
6077,5555.1402067334548
6078,5555.7662998666847
6079,5556.4673182908991
6080,5558.3193130816353
6081,5558.7245474053179
6082,5560.0174948662097
6083,5561.1035546270105
6084,5561.7949315847336
6085,5562.1551164976554
6086,5562.4670159751977
6087,5563.1438010692855
6088,5564.5584634053648
6089,5565.2000841855461
6090,5565.7422055407769
6091,5566.3697626087423
6092,5567.7321062372575
6093,5568.600444769213
6094,5569.1166690677201
6095,5570.4474193038905
6096,5571.2987991309492
6097,5571.950009023516
6098,5572.8078842977338
6099,5573.4232378137185
6100,5574.5470942404036
6101,5575.756690283145
6102,5576.702774282785
6103,5577.5968928015745
6104,5578.1147103502944
6105,5578.7811482646102
6106,5579.3870069364875
6107,5580.2883021040197
6108,5582.3617196646564
6109,5583.6740252894224
6110,5584.4285325788142
6111,5584.9785815580208
6112,5586.2097493501369
6113,5586.4649277571889
6114,5587.6138507253627
6115,5587.8826566287917
6116,5588.8268518729528
6117,5589.992624436557
6118,5591.2963580808755
6119,5592.8580774062266
6120,5594.9838923378366
6121,5595.8514352919747
6122,5597.1501362782346
6123,5597.8893034769826
6124,5598.1148061523518
6125,5598.6445888166927
6126,5599.3113429546784
6127,5601.7374048508209
6128,5602.7713169949557
6129,5603.191496165442
6130,5605.5051891981057
6131,5607.7657795401738
6132,5608.876807440347
6133,5609.7779311640179
6134,5610.3863118558957
6135,5612.5173461006325
6136,5612.7380708514265
6137,5613.3970585984571
6138,5613.5384089942945
6139,5614.4817723214583
6140,5614.8755897685833
6141,5615.8259469562772
6142,5616.3719047215845
6143,5617.7736103841717
6144,5618.2909119083934
6145,5618.7219565592441
6146,5619.8614621069901
6147,5620.2137105022475
6148,5620.8596862483992
6149,5621.720452709762
6150,5621.9523164656348
6151,5623.5871682320958
6152,5624.1968988544941
6153,5624.8031336737058
6154,5624.9719979614338
6155,5625.7657753979702
6156,5627.4361990692469
6157,5628.5745524095719
6158,5630.2797221737947
6159,5630.4032269357622
6160,5630.7640465747209
6161,5632.7107620995484
6162,5634.3077538644375
6163,5635.0671957160503
6164,5635.7212897837717
6165,5635.9088652923629
6166,5636.9694081127809
6167,5637.3065610104668
6168,5637.8856128148736
6169,5639.514664515058
6170,5640.7660100141529
6171,5642.6145479221632
6172,5643.0394036020898
6173,5643.8721583440183
6174,5644.3840485837227
6175,5645.937953708808
6176,5646.5485007203579
6177,5648.3092606092487
6178,5649.0857114385017
6179,5649.6413637334072
6180,5650.2394087939037
6181,5651.0227301865407
6182,5652.0369319830543
6183,5653.6445672121845
6184,5654.7071113161273
6185,5655.3369224434136
6186,5657.237856633973
6187,5657.7992224159689
6188,5658.622848775899
6189,5659.7998317417578
6190,5660.9900171032577
6191,5661.0768971012376
6192,5662.3814222714382
6193,5663.608061031201
6194,5664.520072365829
6195,5666.3617592600713
6196,5666.7548653947388
6197,5667.6164454676882
6198,5669.2709042466367
6199,5670.6645267021413
6200,5671.7450218416197
6201,5671.9896955825716
6202,5672.3265426377457
6203,5673.2101585208993
6204,5673.8909088718337
6205,5674.7423881285531
6206,5677.5876230741778
6207,5678.6889203461787
6208,5679.1506550150561
6209,5679.1816954707783
6210,5679.6488613316833
6211,5680.2370351302088
6212,5680.6847163727762
6213,5681.582593228195
6214,5683.2732732219392
6215,5683.737545754957
6216,5685.1289322696175
6217,5685.6577689779651
6218,5685.8590913976359
6219,5686.0780115115904
6220,5686.8208534068235
6221,5687.0389547602335
6222,5687.643614353171
6223,5688.8820408436413
6224,5689.7228557028911
6225,5690.2273844231531
6226,5691.1113840339067
6227,5691.6509955675247
6228,5691.789613098751
6229,5692.3997301255959
6230,5693.3397347399305
6231,5695.0945989391666
6232,5695.5091320818156
6233,5696.2684436419249
6234,5697.4020100265543
6235,5698.5490483801277
6236,5699.2566829138013
6237,5700.8146639420302
6238,5701.8850366876313
6239,5702.4152513532717
6240,5703.0304301621654
6241,5706.2594888122085
6242,5707.001827036941
6243,5707.1279401557622
6244,5707.4467148497743
6245,5708.1762176434986
6246,5708.7915543885347
6247,5709.5067704563953
6248,5709.5396943473197
6249,5711.9515651315623
6250,5712.2902096955486
6251,5712.9274840291246
6252,5713.321475437775
6253,5715.0398805021396
6254,5715.5760330302155
6255,5717.5180613667872
6256,5718.9739476527129
6257,5719.6054991429983
6258,5720.2611996157366
6259,5721.0411570817096
6260,5723.0342278709259
6261,5723.5523210762167
6262,5723.686323371855
6263,5724.1580773774958
6264,5725.210789482765
6265,5725.8435606726052
6266,5726.2029184154426
6267,5727.3638159020202
6268,5727.6836173624897
6269,5729.4272917806766
6270,5729.9896673725571
6271,5730.8362170081555
6272,5732.5789770458632
6273,5733.2569193841946
6274,5733.7164428562673
6275,5734.4756227416437
6276,5736.0375941402617
6277,5737.6898594457298
6278,5737.8311308532402
6279,5738.3640911442944
6280,5739.8087292666578
6281,5740.994969116733
6282,5742.1052132351615
6283,5743.8410906408517
6284,5744.2763165968618
6285,5745.8648571870717
6286,5746.5562092375876
6287,5747.9063017719945
6288,5748.4116805314015
6289,5748.5501946906497
6290,5749.0251670844227
6291,5749.4095942942622
6292,5749.7295722175768
6293,5750.8983706524614
6294,5750.9800912468017
6295,5751.3052603916458
6296,5752.2966953152445
6297,5753.3573578851929
6298,5753.7097512219862
6299,5754.6759198415457
6300,5756.5614887006786
6301,5756.8818183638759
6302,5758.4308947244162
6303,5758.8457595011459
6304,5759.8168177032148
6305,5760.2808247349121
6306,5760.5014861751324
6307,5761.3856522980041
6308,5762.4573315268008
6309,5763.6475361343118
6310,5764.2567583321661
6311,5765.2096385705781
6312,5765.6848352648349
6313,5765.9805870731179
6314,5766.6250523496774
6315,5767.7236855650845
6316,5769.4906202987677
6317,5769.9533377406478
6318,5771.3427434982259
6319,5773.1247630113703
6320,5775.7203097001748
6321,5777.4081207822483
6322,5779.2444602229452
6323,5780.7220682526467
6324,5782.0954960069666
6325,5782.2258852816067
6326,5782.6685990112146
6327,5783.7118132985352
6328,5784.993564942567
6329,5785.287813397571
6330,5787.1192497969996
6331,5788.0982307641161
6332,5789.3038090421142
6333,5790.074215787693
6334,5790.2025720253923
6335,5790.4800560588055
6336,5791.7148003815191
6337,5791.9301795854653
6338,5792.094711003956
6339,5792.4892597463031
6340,5793.2934223268367
6341,5793.5106311418876
6342,5794.436407946544
6343,5794.6937660997992
6344,5796.0548031668886
6345,5796.2715064273634
6346,5796.8272701854994
6347,5797.2049145720503
6348,5797.471472876282
6349,5797.8767527051696
6350,5799.8008144081077
6351,5802.4699201291069
6352,5804.483030775209
6353,5804.560913242557
6354,5806.6930062961137
6355,5807.4417581313555
6356,5809.4292292295559
6357,5809.8181818738449
6358,5810.5902807106149
6359,5810.7771081309238
6360,5811.3563884902305
6361,5812.2388725235842
6362,5812.447779769589
6363,5813.6726771914873
6364,5814.5877911370535
6365,5815.9606158552506
6366,5816.2445777293997
6367,5816.9823424003271
6368,5817.605473961431
6369,5818.2687136728491
6370,5819.4850473758424
6371,5820.4826888554417
6372,5821.0784193283407
6373,5822.6443246668741
6374,5823.6621457456013
6375,5825.1471334357557
6376,5826.2245449153261
6377,5826.4483465104604
6378,5826.7297536995529
6379,5827.6057637472995
6380,5828.7949630058756
6381,5829.4125625840979
6382,5830.4055824831667
6383,5831.7500029629118
6384,5832.6998551651814
6385,5833.1943415304459
6386,5835.3552643580533
6387,5835.7307574547622
6388,5836.8075236483219
6389,5838.5774395305862
6390,5839.5727927234248
6391,5840.2056840042969
6392,5841.3249691574729
6393,5842.8539974296673
6394,5844.3874507509263
6395,5845.0379223305372
6396,5845.8332215469109
6397,5847.6507880547133
6398,5848.3841036386711
6399,5849.5140957130443
6400,5849.6793110937388
6401,5850.9523726166826
6402,5851.8864868157552
6403,5852.8940538754905
6404,5853.7357504235697
6405,5854.4341133726957
6406,5855.1665756522025
6407,5855.8179269911316
6408,5856.8251937130881
6409,5856.9043268630967
6410,5858.54537152795
6411,5859.0552330465453
6412,5859.6189643356674
6413,5861.9283366948721
6414,5862.2086965844492
6415,5863.5306461918617
6416,5863.8979646545959
6417,5864.7060051940971
6418,5865.5152707807401
6419,5866.9603156554176
6420,5867.5992690185121
6421,5870.2116114733835
6422,5870.9147235809305
6423,5871.6975056332376
6424,5873.2206957788712
6425,5873.7857640422608
6426,5874.5545429010072
6427,5874.8669009093428
6428,5875.4025575757369
6429,5876.3102934994522
6430,5877.6666339925114
6431,5878.0671457295157
6432,5878.6998948377322
6433,5879.5965089983838
6434,5879.8123455212035
6435,5880.1765071980935
6436,5881.5217405262192
6437,5882.1005708256225
6438,5883.7964918226426
6439,5884.6147831880926
6440,5884.9861136251902
6441,5885.4238935389085
6442,5886.3835758983259
6443,5887.2256745497807
6444,5887.8066120922913
6445,5888.6442192685363
6446,5890.0272783200089
6447,5890.5825487762713
6448,5891.0581126175593
6449,5892.3539302235076
6450,5893.5412866100887
6451,5895.75103133826
6452,5896.7836297942349
6453,5897.4074911716634
6454,5898.3801513202297
6455,5898.5795401873484
6456,5900.0153069497082
6457,5901.7352584253276
6458,5904.1079079107976
6459,5904.5822966197093
6460,5904.8574375991338
6461,5905.1667149412406
6462,5905.4586043790496
6463,5907.6996415825006
6464,5907.9028673759503
6465,5909.0291086028355
6466,5909.2574021843229
6467,5909.4772111458788
6468,5909.7577645526444
6469,5910.8632817884773
6470,5912.3186705850167
6471,5912.8235125906504
6472,5913.7416267841099
6473,5915.2626630382365
6474,5916.0888259506119
6475,5916.1989047908519
6476,5916.6234803747584
6477,5917.7790956683957
6478,5918.4317558026914
6479,5920.1239262649033
6480,5920.7163945753455
6481,5921.1721756277693
6482,5922.4518146650362
6483,5923.1988075374347
6484,5924.008803018447
6485,5925.4607696981157
6486,5925.8390932836555
6487,5926.841369416823
6488,5928.4056353834867
6489,5930.2727809133712
6490,5931.7153368819681
6491,5931.8575619977482
6492,5933.0731377470893
6493,5933.2635681563534
6494,5933.3011629442881
6495,5933.6103016604538
6496,5934.2711332769459
6497,5934.7528293634005
6498,5935.7506070082518
6499,5936.370017477343
6500,5937.0397679335165
6501,5939.3425622623035
6502,5941.4516961945301
6503,5941.8040925023561
6504,5943.1271171529506
6505,5943.6396668198104
6506,5944.6843364348879
6507,5945.0961109405389
6508,5945.5993145278408
6509,5945.9080688531585
6510,5947.3162664684778
6511,5947.4906433593205
6512,5949.468039336537
6513,5949.9050437157202
6514,5951.5491004089881
6515,5952.6022606077768
6516,5953.9151824534338
6517,5955.1297851400268
6518,5955.8264111832405
6519,5957.0635911791123
6520,5957.9623538597125
6521,5958.749446439816
6522,5960.1034969647844
6523,5960.6996254644446
6524,5961.4068468846581
6525,5962.3061189590862
6526,5962.7920537879891
6527,5962.8446280604403
6528,5963.3615051789548
6529,5964.7524278187238
6530,5965.4792347225311
6531,5966.0903644560894
6532,5967.5547646757441
6533,5968.087800945731
6534,5968.5228656101644
6535,5969.2520038256243
6536,5969.6648810709667
6537,5970.7874554139971
6538,5971.4976087254017
6539,5972.1707871919243
6540,5972.3009944441837
6541,5972.8182388547521
6542,5973.5155957092784
6543,5973.9158194202082
6544,5974.4292805904897
6545,5975.2187600593325
6546,5975.937777383172
6547,5976.6589099766379
6548,5977.4667770735468
6549,5978.4086527990439
6550,5979.5229736481651
6551,5980.7588775342856
6552,5982.4847352344441
6553,5983.2408488475012
6554,5984.1541677853511
6555,5986.6591108821331
6556,5987.6093548115014
6557,5988.9952282062131
6558,5989.6926602074909
6559,5990.5209556559912
6560,5990.7715999490283
6561,5992.5183047190922
6562,5992.9475651985849
6563,5995.0845557369003
6564,5995.4721218060677
6565,5996.2100572317313
6566,5996.9737020167586
6567,5998.362813748734
6568,5999.1378678963129
6569,6000.7982253355167
6570,6001.1012205409961
6571,6002.8677752304202
6572,6003.318859480928
6573,6005.1803856220376
6574,6006.2290410927626
6575,6006.5320641291419
6576,6008.6809845392872
6577,6009.3853327121669
6578,6009.7378479692343
6579,6010.4379519016784
6580,6010.5856506899127
6581,6012.2302065706444
6582,6012.6128569791008
6583,6013.9754728153202
6584,6014.779869524863
6585,6015.7038995662479
6586,6016.9869690977566
6587,6017.0208513704019
6588,6017.5812549485363
6589,6019.8863171792291
6590,6020.9483800418147
6591,6021.2984684877028
6592,6021.5372055216094
6593,6022.7883552963622
6594,6024.243645991879
6595,6024.8964978615386
6596,6026.5242099892603
6597,6027.5336761519993
6598,6027.9261080740634
6599,6029.7412778857424
6600,6029.8400713684741
6601,6029.8900567545579
6602,6030.5165113711819
6603,6030.9848267483139
6604,6032.283029583371
6605,6033.5136074625634
6606,6034.3396761538897
6607,6035.6357080718353
6608,6036.2913288697318
6609,6036.9126281786739
6610,6038.0620045476235
6611,6038.8368220070552
6612,6039.6334751352442
6613,6040.1075708443996
6614,6041.0635443972606
6615,6042.0769560475883
6616,6044.3843595748076
6617,6044.7281746714516
6618,6045.9300380416344
6619,6046.5777220946893
6620,6047.3484762666421
6621,6048.4643593814062
6622,6049.1187878192577
6623,6049.9237670093244
6624,6050.0101226502456
6625,6050.0539674416395
6626,6050.3014575020225
6627,6050.7436293212459
6628,6051.7152233219686
6629,6053.1146831376846
6630,6054.416553765629
6631,6056.0685559235035
6632,6056.9300275873657
6633,6057.4335958668617
6634,6058.2083273895696
6635,6060.4640402369523
6636,6061.5509955372636
6637,6061.9954738945271
6638,6062.5576263743087
6639,6063.2591994686345
6640,6064.6197098009307
6641,6065.4268468554947
6642,6067.128912255248
6643,6068.2846328018131
6644,6068.5127197900929
6645,6069.8873887613345
6646,6071.3262175586588
6647,6072.0356251088033
6648,6072.8338396046083
6649,6074.1047391199127
6650,6075.0692995780591
6651,6075.6647094003965
6652,6076.5666905466833
6653,6077.8470581532129
6654,6077.8762516340857
6655,6078.7504599144359
6656,6079.3924635110125
6657,6080.1861806513853
6658,6081.313751110597
6659,6081.8289072666475
6660,6082.7705542604626
6661,6083.1490099863859
6662,6084.2780972831279
6663,6085.7897209014491
6664,6086.6005076252595
6665,6086.9541809476259
6666,6087.8670265768487
6667,6088.4360835441885
6668,6088.9214132763309
6669,6089.0181518035088
6670,6089.9562234187497
6671,6090.4942693524263
6672,6090.6780963650854
6673,6091.59919050606
6674,6093.4037994461987
6675,6093.9951709788611
6676,6094.8458180712196
6677,6095.9827084007193
6678,6097.3943434797611
6679,6098.1219842303517
6680,6099.1601274317627
6681,6099.7174788242282
6682,6100.3119976539874
6683,6101.1576047267627
6684,6102.210366264183
6685,6103.3780941139557
6686,6103.6642149647496
6687,6104.5709995032094
6688,6107.7985686686325
6689,6108.5648930833086
6690,6109.7352882321275
6691,6110.7273750939949
6692,6110.8919024676352
6693,6111.7618411267285
6694,6112.0604532233492
6695,6113.9111549773843
6696,6114.7952465437684
6697,6115.5104269131125
6698,6115.9893662880067
6699,6117.7263518978298
6700,6119.3771511239456
6701,6119.9813428451034
6702,6121.1860403571563
6703,6121.875226105707
6704,6122.4433212299055
6705,6122.9744531914066
6706,6123.4392907314759
6707,6125.8754857854092
6708,6126.8225106663622
6709,6127.9372033722439
6710,6129.9547247571072
6711,6131.4374543459126
6712,6132.8350644021966
6713,6134.362796336005
6714,6134.5103089797685
6715,6135.1795358931859
6716,6136.3333437704305
6717,6137.7934157634791
6718,6138.240618155939
6719,6139.662468195439
6720,6141.6415149918403
6721,6142.2236013259535
6722,6143.738407628658
6723,6144.4150822706633
6724,6145.7005350638728
6725,6146.1652141499435
6726,6146.9939550533391
6727,6147.9325052087443
6728,6148.4468072912678
6729,6148.6908997429982
6730,6149.9092529401414
6731,6150.389004674721
6732,6151.3743841227588
6733,6151.4874503709088
6734,6151.5488326326913
6735,6152.2679926450728
6736,6152.7138526674962
6737,6152.9828123512689
6738,6154.4738454040871
6739,6154.9189372168676
6740,6156.0836690253163
6741,6156.5408192864552
6742,6156.9444644338091
6743,6157.7222628620757
6744,6158.3425124779515
6745,6158.5086591693598
6746,6158.650357281751
6747,6158.9833086737972
6748,6161.9886156566836
6749,6162.9027201020881
6750,6163.8544727812305
6751,6166.8613838459487
6752,6167.1456400104234
6753,6168.429861760229
6754,6169.1248767489851
6755,6169.5440902597093
6756,6169.9155666305887
6757,6170.9277619683644
6758,6171.11340312225
6759,6171.6448874644739
6760,6172.7668053691787
6761,6173.9246576559699
6762,6175.6562170240841
6763,6176.3912584604386
6764,6177.5790096630135
6765,6178.8433069199255
6766,6179.5616769723028
6767,6180.4122318657819
6768,6181.5735379225744
6769,6182.5067182034145
6770,6182.7478899925673
6771,6184.3520022237763
6772,6184.6334977006709
6773,6184.8108357006977
6774,6185.3384679793398
6775,6186.7086579199276
6776,6187.3456607934404
6777,6187.8060067507677
6778,6188.7911172625145
6779,6189.5173386556144
6780,6191.2413957406789
6781,6192.3994079135691
6782,6192.763071784575
6783,6193.1740810019919
6784,6194.0657706214524
6785,6194.3688175740008
6786,6195.4535242951461
6787,6196.2544870834081
6788,6197.8910635726543
6789,6198.3124465202845
6790,6199.4976254044514
6791,6200.3838938801837
6792,6200.8387606460092
6793,6202.8054784810056
6794,6203.5752781767542
6795,6205.4892013055533
6796,6206.8842293601519
6797,6208.0243675667507
6798,6209.1843200843741
6799,6209.8020872361785
6800,6210.2215646789518
6801,6212.4526781078057
6802,6212.5970658370643
6803,6214.384378367251
6804,6215.283335662788
6805,6216.1209304784506
6806,6216.5436114279073
6807,6217.3146308973737
6808,6217.9567626040471
6809,6218.9887188252405
6810,6219.4464530258319
6811,6219.6149396525843
6812,6220.2235264785577
6813,6220.2998810902363
6814,6221.1096817951729
6815,6221.8271353450282
6816,6223.2018863864841
6817,6223.4162201778563
6818,6224.6220078228853
6819,6225.4237125757463
6820,6225.9833971096468
6821,6226.9141810370875
6822,6227.808296826167
6823,6229.0193239619321
6824,6229.132501115816
6825,6230.0190053676488
6826,6230.1114707636507
6827,6230.663113036976
6828,6231.3298595168844
6829,6232.1021559147857
6830,6232.3737478747053
6831,6233.1533764002361
6832,6233.8697636939487
6833,6235.2619091155038
6834,6236.8778280217821
6835,6236.9191070757333
6836,6237.8759380970068
6837,6239.2606448691668
6838,6240.4434163298101
6839,6241.1186394811248
6840,6242.8003304371041
6841,6244.0900401281187
6842,6244.7734272196913
6843,6245.5083144104583
6844,6247.6361637906793
6845,6248.9107919280259
6846,6249.4528910342206
6847,6251.0156544837364
6848,6251.9998663213746
6849,6252.8960273965613
6850,6254.8941560699577
6851,6255.1410544712744
6852,6255.3704840653809
6853,6256.0558000607343
6854,6258.4105183347338
6855,6258.8298704981453
6856,6260.5015619628393
6857,6261.2251019566384
6858,6262.7233222752257
6859,6263.0714974719467
6860,6263.9004860675204
6861,6264.9649894465228
6862,6265.6252525745149
6863,6265.9945800006517
6864,6267.2559687150606
6865,6267.7228849447811
6866,6268.34206829082
6867,6269.1856393053304
6868,6269.7359834203753
6869,6271.2482769184471
6870,6273.797160832225
6871,6273.991206768168
6872,6274.4289590886256
6873,6275.5468959006357
6874,6275.8610280024122
6875,6277.9979035156994
6876,6278.6439641855941
6877,6279.7461903830545
6878,6280.315005045125
6879,6280.6234342689859
6880,6280.8198095899706
6881,6281.8487599081436
6882,6283.4356034428392
6883,6284.812685362971
6884,6285.4558470629818
6885,6286.4149531696839
6886,6287.0817989019797
6887,6287.3029977208425
6888,6288.9500249249759
6889,6289.350847453964
6890,6290.7090817899962
6891,6290.8373289088122
6892,6292.3522639487737
6893,6292.5268461691694
6894,6293.2694957086387
6895,6293.835445916422
6896,6294.6358215837045
6897,6295.237173633468
6898,6295.9061346692843
6899,6296.287256235486
6900,6297.1097018502769
6901,6298.1337918040099
6902,6298.8656318600533
6903,6299.6133444842553
6904,6301.1125738036699
6905,6301.8938110954186
6906,6302.4926782139855
6907,6302.9410303402001
6908,6304.8638335819196
6909,6305.5531755412139
6910,6305.88093890235
6911,6307.0160913958571
6912,6308.3320265518714
6913,6308.813919721927
6914,6309.6187074983754
6915,6310.4575413956527
6916,6310.8594065778234
6917,6311.6419001077757
6918,6313.1138245944767
6919,6313.8579002767265
6920,6314.8608218160289
6921,6317.3951838141493
6922,6317.4520093458095
6923,6319.7355842786774
6924,6320.4543705917649
6925,6321.0190922571855
6926,6321.4289751409324
6927,6322.8828673715425
6928,6323.2617224048963
6929,6325.4037592411732
6930,6325.503722193489
6931,6326.0047979883266
6932,6327.3827873880209
6933,6328.0846054526392
6934,6328.5191247304392
6935,6329.8170715520437
6936,6330.009292121762
6937,6330.7528745514319
6938,6332.5504761860138
6939,6334.2390777837782
6940,6335.1350472083213
6941,6335.5612754563599
6942,6336.0252251972597
6943,6336.1382439042773
6944,6338.2952633909727
6945,6338.7293277357876
6946,6339.5182242569035
6947,6341.0716889812302
6948,6342.6216715073097
6949,6343.2641578787461
6950,6343.4908296349004
6951,6345.765096569804
6952,6347.2365017521761
6953,6347.5824443493639
6954,6348.5068830612536
6955,6350.0534454369999
6956,6352.0224068159023
6957,6353.0276986256104
6958,6353.4598534541256
6959,6353.9033015681798
6960,6354.9916430739841
6961,6355.7843209693901
6962,6356.2066760737189
6963,6356.2298028203231
6964,6356.3257595211826
6965,6357.9972159711933
6966,6358.1938268417753
6967,6358.9425557245359
6968,6359.2626199087981
6969,6361.4037296092429
6970,6361.6473054319767
6971,6362.701620578955
6972,6365.9643128890611
6973,6366.7359068720671
6974,6367.3878257283559
6975,6368.5951619375337
6976,6368.747283568021
6977,6370.0109933676913
6978,6371.3958126980779
6979,6373.728599301855
6980,6373.8237346145233
6981,6374.2855865357269
6982,6375.6815887783905
6983,6376.517184403835
6984,6376.5749690723032
6985,6378.2492773709919
6986,6378.9298719515664
6987,6380.1374283844698
6988,6380.8096019622035
6989,6382.3193209253113
6990,6383.9689374619857
6991,6384.8941642741156
6992,6385.4691249448961
6993,6387.337627180691
6994,6388.0182489155095
6995,6389.3746264286292
6996,6390.0124885976838
6997,6391.3159234825944
6998,6391.8424513822465
6999,6393.2511218929612
7000,6393.7844962264489
7001,6394.5463758115384
7002,6396.4659959631026
7003,6397.5389553587975
7004,6398.0262552780423
7005,6398.2280554775807
7006,6398.5919271242137
7007,6398.8548178381043
7008,6399.5532035351216
7009,6399.9231355902475
7010,6400.2679232975297
7011,6400.3654130285377
7012,6403.2120178099358
7013,6404.4583620052899
7014,6405.1230082144275
7015,6405.4104520055016
7016,6405.5990127570622
7017,6408.3181507466961
7018,6408.8309814427748
7019,6409.3571317797532
7020,6409.5563350283755
7021,6410.1490178328022
7022,6410.8343007215053
7023,6412.3584812459349
7024,6413.5592885755732
7025,6413.7429146154609
7026,6414.139526819964
7027,6414.9003572373776
7028,6415.1834033624136
7029,6416.0280907911629
7030,6416.4784571198534
7031,6416.9643780881406
7032,6418.0956555936755
7033,6419.1301193085083
7034,6419.5493634469931
7035,6420.2445341014263
7036,6421.5848439772644
7037,6422.1934148756563
7038,6424.2570397750987
7039,6424.4437671876922
7040,6425.4381768789635
7041,6425.4960895210343
7042,6425.8989814852812
7043,6427.4093336042361
7044,6427.8086378318758
7045,6428.7611262465507
7046,6429.1106439833557
7047,6429.6630374873048
7048,6430.7273818440271
7049,6431.3542045451477
7050,6433.3360344982111
7051,6434.1515042425071
7052,6435.1137212082267
7053,6436.2872519413631
7054,6436.7939498410806
7055,6437.3589945199374
7056,6438.3493774462049
7057,6438.9303651481359
7058,6439.4817605906519
7059,6439.7287748169347
7060,6440.7511963534862
7061,6442.256408273498
7062,6442.997973486802
7063,6443.6012201507447
7064,6445.9029546017273
7065,6446.577603886275
7066,6448.1224191688061
7067,6448.868644859589
7068,6449.7904513541516
7069,6450.7383679172408
7070,6450.9868428378231
7071,6451.5770925242305
7072,6452.2822167719314
7073,6453.1381218513379
7074,6453.8599886086895
7075,6454.479425922078
7076,6455.2404515711496
7077,6455.8076640988738
7078,6456.7698992495998
7079,6458.5634976547017
7080,6460.0043134752141
7081,6460.4658164804096
7082,6460.6421535915424
7083,6461.2563674169605
7084,6462.2668411029454
7085,6463.5257304635879
7086,6465.0774888316546
7087,6465.5080382123679
7088,6466.3437516295371
7089,6467.2238658680135
7090,6469.3183321194447
7091,6470.4029322093338
7092,6471.7221897757936
7093,6473.0704704074687
7094,6473.2280403763207
7095,6474.1740278989146
7096,6475.6416954441747
7097,6476.8593839039313
7098,6478.2061150418313
7099,6479.2154681657266
7100,6479.6377639684497
7101,6480.0262457423623
7102,6481.4108906094261
7103,6482.98525731673
7104,6483.2014762904428
7105,6484.7733290251326
7106,6485.6119517437255
7107,6486.1653345689811
7108,6487.1530401376631
7109,6487.8389533075888
7110,6488.7247838843114
7111,6489.3932594528787
7112,6490.7614215213498
7113,6491.2867076952652
7114,6492.07425140758
7115,6492.2562265773659
7116,6493.3297707380571
7117,6493.8704126862285
7118,6495.1961204880099
7119,6495.6621714301955
7120,6496.7929535664798
7121,6498.2319144840458
7122,6499.1547505403923
7123,6500.9445654934216
7124,6502.0620075693905
7125,6502.2808054369179
7126,6503.486521266108
7127,6503.8976280155939
7128,6505.0194392797575
7129,6507.1129982987359
7130,6507.4388837122497
7131,6508.8196299791343
7132,6509.0117197600084
7133,6509.9406444029901
7134,6511.0105913580564
7135,6511.370256591098
7136,6511.5009661508429
7137,6512.2603167325815
7138,6512.5865553104759
7139,6513.3196570567488
7140,6514.2716983000264
7141,6515.3099128137183
7142,6516.7908588298978
7143,6517.8457357413972
7144,6518.8670021896569
7145,6519.7458025924407
7146,6521.0531831568987
7147,6521.6621332969307
7148,6522.3011535301539
7149,6523.0669876412339
7150,6523.4388788234683
7151,6523.6254559202716
7152,6524.0874858352763
7153,6526.6988874146091
7154,6527.1111343135572
7155,6528.4576506927406
7156,6528.9276825896004
7157,6529.5473495320921
7158,6530.1544595416335
7159,6530.9321793876343
7160,6531.4939094945294
7161,6532.6116747568421
7162,6533.3933097886638
7163,6534.1627398854998
7164,6534.4991014604602
7165,6536.1775113528611
7166,6537.0154693242657
7167,6537.8351681547601
7168,6538.6516088874041
7169,6540.9639827849041
7170,6541.5340352746753
7171,6541.9337160450896
7172,6543.2186013389319
7173,6543.2563095670739
7174,6544.3817400886073
7175,6545.0304016741557
7176,6545.5512344466624
7177,6546.2010670955378
7178,6546.502359807173
7179,6549.1399616036679
7180,6551.2119618431871
7181,6552.5636144844975
7182,6553.5992067581983
7183,6556.746706382929
7184,6557.4060094654651
7185,6558.3648276785952
7186,6559.0540877555468
7187,6560.5222197522444
7188,6561.120283471414
7189,6561.4240325459659
7190,6561.9722161752425
7191,6563.4573068517584
7192,6564.253787784005
7193,6564.4295630128354
7194,6565.8340769504402
7195,6566.033080174735
7196,6567.1433733851245
7197,6567.4149213510818
7198,6568.2389874462187
7199,6569.0005107419902
7200,6569.8316877033312
7201,6570.0073743861312
7202,6570.4594273432531
7203,6571.8839567430168
7204,6571.9962312602675
7205,6573.5596097336975
7206,6575.5636504815357
7207,6575.5997073488643
7208,6576.360306811187
7209,6577.287962664559
7210,6578.1492773963728
7211,6578.3346016655723
7212,6578.5213266435931
7213,6580.3617833288854
7214,6582.0628915401976
7215,6583.0327906908988
7216,6584.1773698567249
7217,6584.5514305434717
7218,6585.2741966798039
7219,6585.4329506285976
7220,6586.2225406888319
7221,6586.3348310547963
7222,6587.3383312833812
7223,6588.7963277445197
7224,6590.4519793249983
7225,6591.2168715560756
7226,6591.799178755824
7227,6592.9198367034933
7228,6594.043853798692
7229,6594.2399504122959
7230,6595.3928959477971
7231,6597.4718218713979
7232,6598.2186324128124
7233,6599.0080428161109
7234,6600.4845633314044
7235,6600.811953711057
7236,6602.1795702814734
7237,6602.7523448399452
7238,6604.4045143463463
7239,6604.6068708135963
7240,6605.3621561183545
7241,6605.7891708383295
7242,6606.2342011935325
7243,6607.109351783718
7244,6607.3013181937522
7245,6608.7517874761552
7246,6609.368137764387
7247,6611.0133422855179
7248,6613.2341429071976
7249,6613.9201577005924
7250,6615.1179373911891
7251,6615.4113584249135
7252,6616.4294966721327
7253,6618.1685165253148
7254,6618.5793837689816
7255,6621.7113639704421
7256,6623.4300367827291
7257,6623.6976206378386
7258,6624.1348267898829
7259,6624.5775410870856
7260,6627.6832349431588
7261,6629.1930364941973
7262,6629.7951524521468
7263,6630.4664839557372
7264,6631.8091558961769
7265,6632.0118918944208
7266,6633.1802530071436
7267,6633.5902091328189
7268,6634.1350137202062
7269,6634.34848069079
7270,6635.1205201774792
7271,6635.8828327095525
7272,6636.8126737238845
7273,6637.0827896432529
7274,6637.468630520586
7275,6637.9289939515047
7276,6638.8708155500844
7277,6639.4042007414182
7278,6640.034724503279
7279,6640.3062197203781
7280,6642.3604764101947
7281,6643.0692487518136
7282,6643.1906351451089
7283,6644.3600643410255
7284,6644.9148621574868
7285,6646.4728182620793
7286,6647.3263207619993
7287,6648.3772472378669
7288,6649.385449639999
7289,6649.6010929854319
7290,6650.3861798844337
7291,6651.0638695384896
7292,6652.9281959208756
7293,6654.1453743978609
7294,6655.5311802460465
7295,6656.0726125859446
7296,6656.5481736069123
7297,6656.8687515236397
7298,6657.4144915149818
7299,6658.0287635093182
7300,6658.5692836531125
7301,6661.1859648854852
7302,6662.8371116057378
7303,6664.1309920612812
7304,6665.3196765681259
7305,6665.9321010010108
7306,6666.5464189545337
7307,6667.6181170002474
7308,6668.0031067832342
7309,6668.7348194325314
7310,6669.0780352788843
7311,6670.1529670688833
7312,6671.2867036597418
7313,6672.0785477564632
7314,6672.9490190278193
7315,6673.6484352058214
7316,6674.0381931517768
7317,6675.3263675966273
7318,6675.538082219784
7319,6676.2590344108785
7320,6677.1263516900199
7321,6677.5106163149339
7322,6677.7848928870399
7323,6678.6773560812899
7324,6679.806559683364
7325,6680.4350691415102
7326,6680.6265990207094
7327,6681.9633360982443
7328,6682.5103020666684
7329,6683.4499444909652
7330,6683.7633813847124
7331,6685.7495930621862
7332,6688.0382217602782
7333,6688.9180014025778
7334,6689.5079640597978
7335,6690.4020071902132
7336,6690.7473858557605
7337,6691.8052809415058
7338,6693.2156769295871
7339,6694.3889778303155
7340,6696.5606383720815
7341,6697.5434253362482
7342,6698.3998188778478
7343,6700.4057032172705
7344,6700.8509332200911
7345,6702.0011229956608
7346,6702.2514570693675
7347,6702.8748628371168
7348,6703.4336575775342
7349,6704.5582400221992
7350,6706.0182157011432
7351,6706.3602953797399
7352,6707.2718632626738
7353,6707.6729544159207
7354,6708.1293864927693
7355,6708.7859535223697
7356,6709.6162744593548
7357,6710.3481781612054
7358,6711.3978161501345
7359,6712.1645599667108
7360,6712.4834009174119
7361,6713.1648548275998
7362,6713.4417248874906
7363,6714.5351377382494
7364,6715.0135928916407
7365,6716.9156972238934
7366,6717.6053060802878
7367,6718.2688388067118
7368,6719.0473844209755
7369,6719.4451168437745
7370,6720.1027881998425
7371,6720.7655754506077
7372,6723.361796687409
7373,6724.3082296379926
7374,6725.4851819627811
7375,6726.3151861500228
7376,6726.9380946580632
7377,6729.3050639210287
7378,6729.8588164362873
7379,6730.3127959923031
7380,6731.0572573179707
7381,6732.7673139240915
7382,6733.057982565555
7383,6733.6574003113583
7384,6734.1799627584323
7385,6735.9892430355994
7386,6736.9413356160749
7387,6738.0204367412525
7388,6738.2859931989751
7389,6741.0150541092389
7390,6741.6642582984887
7391,6742.7983936843584
7392,6743.6691875853494
7393,6744.2815135376986
7394,6744.7847736167823
7395,6745.6102375890105
7396,6746.3914266610709
7397,6746.7399452482605
7398,6747.5393215617987
7399,6747.9771909476058
7400,6750.2393116980247
7401,6750.4709792524682
7402,6752.9902701031542
7403,6753.7172188606592
7404,6754.1813134492922
7405,6754.905963082505
7406,6755.8860598635247
7407,6756.6295941985509
7408,6758.0217156363242
7409,6759.0732936877612
7410,6759.2909017040838
7411,6759.7088977062422
7412,6760.4815702522837
7413,6760.6431762924731
7414,6761.882707075094
7415,6762.3614206098773
7416,6762.8225229458449
7417,6765.2829777756851
7418,6766.5105144594181
7419,6766.6002045267642
7420,6767.0393677444072
7421,6768.2878861600466
7422,6769.7199489189716
7423,6771.4690296948502
7424,6773.6358933463944
7425,6774.0369315013304
7426,6774.9927596248854
7427,6775.1014313135511
7428,6775.940485458701
7429,6776.8910025209389
7430,6777.2284793294675
7431,6777.2568566814116
7432,6777.4873567138675
7433,6777.9488607218673
7434,6778.6584516805697
7435,6779.6657603507138
7436,6779.8211470973101
7437,6781.2801597390007
7438,6781.9486283928318
7439,6782.472434271569
7440,6782.9803009246334
7441,6783.3817900813301
7442,6784.2628499082857
7443,6785.1861915038944
7444,6786.2390347629898
7445,6787.2702612837438
7446,6788.0314006302078
7447,6790.2948494596903
7448,6790.7973246023203
7449,6791.3679349979975
7450,6792.5003657341395
7451,6793.4875433758143
7452,6794.1125144089146
7453,6794.8797616746633
7454,6795.2657119789301
7455,6796.2733406346961
7456,6797.1526572272078
7457,6797.307356437952
7458,6797.9010521988484
7459,6798.860245516873
7460,6799.420573482188
7461,6801.7452816442819
7462,6802.4207295414035
7463,6803.0522640991339
7464,6804.3443870541032
7465,6805.2247014760023
7466,6806.4434007772343
7467,6807.3491113903383
7468,6808.8528400902296
7469,6809.5834576302286
7470,6810.618699974546
7471,6811.2106460340692
7472,6812.3697809765472
7473,6813.0756571147758
7474,6814.0348284569627
7475,6815.080820002484
7476,6816.2396449646012
7477,6816.8000805066886
7478,6817.6329421578494
7479,6817.7708292540483
7480,6819.0585765498436
7481,6821.5473656857066
7482,6821.8142900325593
7483,6824.5700908664494
7484,6824.9073920066894
7485,6825.9638113056881
7486,6826.6583355115536
7487,6827.5881252489762
7488,6828.6014902624211
7489,6829.1396685208147
7490,6831.3333265734191
7491,6831.4836746199535
7492,6832.1732592745966
7493,6832.8902868107743
7494,6833.4635428282845
7495,6834.4482645973994
7496,6835.7934671096737
7497,6836.1243554853518
7498,6838.064986008435
7499,6839.5243738440004
7500,6840.8044387052787
7501,6841.2005870453022
7502,6843.3182351576806
7503,6845.2726335568668
7504,6845.7103520446781
7505,6846.4967788360864
7506,6847.3336138954473
7507,6847.8062017342991
7508,6848.2972945081783
7509,6848.9780413545723
7510,6849.3100244059033
7511,6851.1046513906331
7512,6851.5443542215198
7513,6851.6572350886918
7514,6852.3332292057867
7515,6852.7859597974548
7516,6853.4422514652015
7517,6854.3275310892095
7518,6855.3894027955084
7519,6856.1161609672072
7520,6857.9868307459801
7521,6859.0634650206212
7522,6859.4363658716238
7523,6859.9402684895076
7524,6860.3254086924999
7525,6860.876323777532
7526,6862.3430353833901
7527,6863.1044050978553
7528,6863.700231374195
7529,6863.7612042384371
7530,6864.9489946891554
7531,6866.6781156510106
7532,6867.171918754867
7533,6867.8023226758378
7534,6868.1231214850886
7535,6869.0103833526737
7536,6870.090722827942
7537,6870.5925557675819
7538,6871.4846686332521
7539,6872.3511967556578
7540,6874.109494350625
7541,6875.8056328720086
7542,6876.2649977459096
7543,6876.5519958179348
7544,6878.3619480074685
7545,6879.5332938650236
7546,6880.2886337507962
7547,6881.6422283048723
7548,6882.2958424303924
7549,6882.8449760721569
7550,6883.6988519151791
7551,6884.9701048869401
7552,6887.1262575885912
7553,6888.6704582264965
7554,6890.1175989214844
7555,6890.3717139245073
7556,6890.9057973563085
7557,6892.1205422749363
7558,6893.3458981147169
7559,6893.8206721662909
7560,6895.813880475971
7561,6896.6485327908322
7562,6897.4034148924293
7563,6898.0119168625015
7564,6898.6842472159015
7565,6899.7522017728343
7566,6900.568655075168
7567,6902.2362501428888
7568,6903.0337378494278
7569,6905.2275567866809
7570,6905.4063761368889
7571,6905.6182848893704
7572,6906.824381570781
7573,6907.1579026753971
7574,6907.6429111183907
7575,6908.3485518223606
7576,6909.4078679503627
7577,6910.1580384931649
7578,6911.9543789122135
7579,6912.1796787314515
7580,6913.5980753506801
7581,6914.2652520584888
7582,6914.6867359122016
7583,6915.7036423309346
7584,6916.8879956253932
7585,6919.0383928134206
7586,6920.375574422008
7587,6920.7344626340355
7588,6921.8560581696947
7589,6922.0766560517686
7590,6923.4541585106472
7591,6923.90977010188
7592,6924.6003443925438
7593,6925.1396319449541
7594,6926.9049758749625
7595,6927.818613444525
7596,6928.1951908848469
7597,6929.4570440589041
7598,6930.1662137025523
7599,6930.6507208881039
7600,6931.7904136401021
7601,6932.8973452643186
7602,6933.1409393366011
7603,6934.4191010153854
7604,6934.6268529415856
7605,6935.5320789577454
7606,6937.20666961602
7607,6937.7429609892188
7608,6938.5195544286835
7609,6938.8728751586514
7610,6940.4062666641648
7611,6940.7547249569661
7612,6940.7581718071569
7613,6941.8091801345472
7614,6942.0571013325143
7615,6942.6985675702708
7616,6943.2136148792506
7617,6944.3138394195885
7618,6944.8939762441114
7619,6945.9221723341507
7620,6946.2771893504278
7621,6947.9111338840412
7622,6948.1471878309512
7623,6949.1715025321355
7624,6950.0538876924047
7625,6950.2954951916981
7626,6951.5279433146779
7627,6952.0854780083664
7628,6952.9055408655995
7629,6953.4747201821037
7630,6954.9289408246186
7631,6955.4530974065829
7632,6955.7585149370589
7633,6956.8193744486471
7634,6958.636373837232
7635,6959.0292564736255
7636,6959.898098766761
7637,6960.6201605524575
7638,6961.6421841384681
7639,6963.8902602311282
7640,6964.4953400550194
7641,6965.54287794841
7642,6966.2370678204197
7643,6967.4933755611783
7644,6968.7274266208042
7645,6969.450169734303
7646,6969.7075327296552
7647,6970.2398835095992
7648,6970.9198238545232
7649,6972.7184571345424
7650,6973.5327272426957
7651,6974.4373882507616
7652,6975.3565403064777
7653,6975.8509273709451
7654,6976.8763076399446
7655,6977.830724715941
7656,6979.5437996143555
7657,6979.674966369229
7658,6980.2510001999681
7659,6980.9451260230189
7660,6982.0506216178592
7661,6983.3554257934493
7662,6983.9659046392289
7663,6984.6711330247799
7664,6985.4810310962621
7665,6986.4307617707327
7666,6987.0832126524328
7667,6988.6272148514036
7668,6988.8288796964707
7669,6989.9625064610618
7670,6990.5219865291519
7671,6991.3355137413873
7672,6991.6845611801573
7673,6992.9945427094308
7674,6994.7260043947445
7675,6995.0329401423114
7676,6996.3350334362603
7677,6996.8466374558438
7678,6997.2045122107629
7679,6997.8936011153792
7680,6998.0883526123826
7681,6999.1294354150477
7682,7000.5954324149843
7683,7001.4740415761244
7684,7001.6414117266604
7685,7002.5576477949753
7686,7003.7912427058991
7687,7004.2838441159283
7688,7005.5636521113156
7689,7005.9502107154613
7690,7007.8440534127803
7691,7008.3415221766554
7692,7008.9996029064787
7693,7010.3410320766006
7694,7010.8828627949933
7695,7011.8198224832831
7696,7012.5730534295371
7697,7013.6477568172832
7698,7016.2716680503972
7699,7017.8274238823296
7700,7018.2807228913935
7701,7019.5220854381523
7702,7021.331204352894
7703,7022.1652215023541
7704,7022.2791965526967
7705,7022.7021620563828
7706,7023.3050658548136
7707,7026.7732654040128
7708,7027.1892058393787
7709,7027.9783368954386
7710,7028.3663997654703
7711,7029.1271719027345
7712,7029.6061056738336
7713,7030.8393975416466
7714,7031.4540657243015
7715,7031.900172249595
7716,7033.6653462557242
7717,7034.5718556012953
7718,7034.7546439188627
7719,7035.0284006522088
7720,7035.4510389456755
7721,7036.261210816474
7722,7036.4110394610061
7723,7036.6433809842756
7724,7039.2542296155207
7725,7040.5079022954469
7726,7041.2791384252932
7727,7041.751784723253
7728,7042.1837642321761
7729,7042.6981410518565
7730,7044.1058554921929
7731,7045.8132650163998
7732,7046.3672936676721
7733,7047.3373550321994
7734,7048.585068702133
7735,7049.5282508233695
7736,7049.9734556898102
7737,7051.5760210229764
7738,7052.8424871458619
7739,7053.3399976901092
7740,7054.354671020782
7741,7054.7710493797204
7742,7055.3899990893269
7743,7057.9161551823472
7744,7058.1878760366872
7745,7058.7512111261549
7746,7059.7103721880712
7747,7060.5014237395335
7748,7061.6254436916142
7749,7062.631072656166
7750,7063.7778364289579
7751,7063.9773239555989
7752,7065.5758416985964
7753,7066.3419170782081
7754,7066.6308349204437
7755,7067.6142010693984
7756,7068.7110387949333
7757,7069.2053578114901
7758,7069.6113649864119
7759,7070.1555800026581
7760,7071.265912057459
7761,7071.8818261365013
7762,7074.4207184017469
7763,7074.8106399760482
7764,7075.5103334614787
7765,7076.6028633058368
7766,7078.1050292908649
7767,7078.328329898718
7768,7078.8144298387915
7769,7079.7716281256362
7770,7080.515658949389
7771,7081.4980076395777
7772,7082.7448758682831
7773,7082.9257954338636
7774,7083.1162638770138
7775,7083.8916562202485
7776,7084.3125131712632
7777,7086.642523936016
7778,7087.1399916280916
7779,7088.5819831579001
7780,7090.1899618705593
7781,7090.3283649042278
7782,7091.7924148710663
7783,7093.8009587060205
7784,7095.0378112195949
7785,7095.1130651120648
7786,7095.6488219781277
7787,7096.6131326121977
7788,7097.7317727193958
7789,7097.9795226293345
7790,7099.0043250491735
7791,7100.1585260857382
7792,7100.3476798120219
7793,7102.1249994144109
7794,7102.7800523380592
7795,7103.6023246508666
7796,7103.690779685644
7797,7105.7857999164107
7798,7105.999571959479
7799,7107.2746502526761
7800,7107.4944293609706
7801,7108.1592057635416
7802,7108.7649283697128
7803,7109.4899584635868
7804,7110.1207808824465
7805,7111.6239544589889
7806,7113.5308285605843
7807,7115.3501339717341
7808,7115.7619365664959
7809,7116.1973808527055
7810,7117.2505121814329
7811,7119.1319907620245
7812,7119.7883688842066
7813,7120.0535453429766
7814,7122.9358586804256
7815,7124.1327475220305
7816,7126.2833435056464
7817,7126.8291373167895
7818,7126.9759966363317
7819,7128.1815290628683
7820,7129.7667932933364
7821,7130.0030100595723
7822,7130.9988482434874
7823,7131.8432108765601
7824,7133.0376264251854
7825,7133.2055928669406
7826,7133.5607596686259
7827,7133.7823721223886
7828,7134.1260242577846
7829,7136.1149612070758
7830,7136.3001700875348
7831,7136.5626647092067
7832,7137.0966884224536
7833,7137.6393497641666
7834,7138.4419331337367
7835,7139.8593906740807
7836,7140.7062861653949
7837,7141.2457918464306
7838,7141.3967646916781
7839,7142.1751356494751
7840,7142.9519858630256
7841,7143.1320033209931
7842,7144.7372876153877
7843,7144.9643051108333
7844,7146.1909003839437
7845,7147.3078566258946
7846,7149.2500158348885
7847,7150.360552558971
7848,7151.7330283212259
7849,7151.9625153798315
7850,7153.3094798639395
7851,7154.5819103648737
7852,7155.0249091908327
7853,7155.1790848136188
7854,7155.9430363672082
7855,7157.9035111768599
7856,7158.0830279985958
7857,7159.1103798688755
7858,7160.1345367088024
7859,7162.8805512026256
7860,7163.6245263656565
7861,7165.3016886162168
7862,7165.5499918635651
7863,7165.7516567447929
7864,7167.0019355177128
7865,7168.5330189374545
7866,7169.0920355489861
7867,7169.9803681585272
7868,7171.6250518424922
7869,7172.224518111062
7870,7172.7694990695418
7871,7173.3602469767684
7872,7173.7960068801831
7873,7174.653452776527
7874,7175.1024878788003
7875,7176.1730550979119
7876,7177.031278269993
7877,7177.4694536559327
7878,7178.0778927932461
7879,7178.7841060962664
7880,7180.038092724747
7881,7181.9888838659681
7882,7183.3479796373667
7883,7183.6336204013096
7884,7183.885983562629
7885,7184.6297845210147
7886,7185.1954479432861
7887,7186.3043281187138
7888,7187.019756389288
7889,7187.4966958838322
7890,7187.9033498933513
7891,7188.1845780357835
7892,7189.8108553732791
7893,7189.9424029269476
7894,7192.0244353880407
7895,7195.6611068690027
7896,7195.9665106962466
7897,7196.6634675102623
7898,7196.807349694217
7899,7197.4936843171517
7900,7198.288099803699
7901,7198.6945420426973
7902,7199.5660170321489
7903,7200.1646712352149
7904,7200.7710515104018
7905,7201.4356799893876
7906,7202.0090961355036
7907,7203.684986174454
7908,7204.258442124391
7909,7204.6038386114415
7910,7205.550972354622
7911,7206.7726993680899
7912,7207.1843159246864
7913,7209.2831776225512
7914,7210.3579834784914
7915,7211.6646758426732
7916,7212.5241010617328
7917,7213.7512978111226
7918,7214.3965759462326
7919,7215.1255719564124
7920,7216.2361851352198
7921,7216.8286265161114
7922,7217.1008859474041
7923,7217.4969486484488
7924,7218.8746960299768
7925,7219.1327200128017
7926,7220.3364848046085
7927,7220.723553514953
7928,7221.1559020685154
7929,7221.8584632206293
7930,7221.9407773099083
7931,7223.6278466250369
7932,7223.8292056664313
7933,7224.2311873101307
7934,7224.7864177741976
7935,7225.872424402336
7936,7226.7918962103431
7937,7228.1579965832834
7938,7229.1884491542896
7939,7229.5134122239806
7940,7231.1215738771816
7941,7231.5049468265288
7942,7231.9996887890657
7943,7233.734593326918
7944,7234.3687699616876
7945,7235.2751200559478
7946,7236.7625369938714
7947,7237.5699550760037
7948,7237.9358627116681
7949,7238.3910844025795
7950,7238.7789873483607
7951,7238.8829159521765
7952,7240.06130820003
7953,7242.4631988135188
7954,7243.0813681756181
7955,7243.7165459921762
7956,7244.7344636530979
7957,7247.2894902831549
7958,7248.3292606825871
7959,7248.4584324360758
7960,7249.3612876450879
7961,7249.8219082117939
7962,7250.6528661436969
7963,7251.4445655533036
7964,7253.0836365836813
7965,7253.6644222429104
7966,7254.9359322320888
7967,7255.3631773859506
7968,7255.8941518319843
7969,7256.8337079868488
7970,7258.1387473092673
7971,7258.6864050842132
7972,7259.5965727289613
7973,7260.807431325713
7974,7260.9563867550969
7975,7263.1014694509386
7976,7263.734703268432
7977,7264.3978351881342
7978,7264.9426420084874
7979,7268.9033800169027
7980,7269.0277332531614
7981,7270.3119553324323
7982,7271.2774426918149
7983,7272.6651460572448
7984,7272.9874068720501
7985,7273.785794533871
7986,7275.2161897870665
7987,7275.885659221668
7988,7276.2603688104
7989,7277.7394753524086
7990,7278.2394513003937
7991,7280.0269604308833
7992,7280.6954569085738
7993,7281.1907358796525
7994,7281.30632940943
7995,7282.727314230121
7996,7283.156009546421
7997,7284.453185313092
7998,7285.7267012275042
7999,7286.4272471154782
8000,7289.2974471157377
8001,7290.4884988654376
8002,7290.7163526526956
8003,7291.3265957049498
8004,7292.0813459269511
8005,7292.9800378362725
8006,7293.2073726815988
8007,7294.2433606824479
8008,7294.909071097617
8009,7296.3964574758356
8010,7297.3422182222848
8011,7297.7115779625419
8012,7298.9730719941745
8013,7299.8260881394181
8014,7300.3009456903219
8015,7300.9981378054208
8016,7302.7636073932126
8017,7304.042395789972
8018,7304.3136143857701
8019,7305.0602808310778
8020,7305.3985414907638
8021,7306.7859322757968
8022,7307.2756362450255
8023,7308.9506243728856
8024,7309.4398187039624
8025,7310.5645404578654
8026,7310.8106147013077
8027,7312.3844743339432
8028,7312.8243866479997
8029,7313.4469941533634
8030,7314.5293070021662
8031,7315.269221442969
8032,7315.8047878342404
8033,7316.5619946746156
8034,7317.050461109583
8035,7317.2686779209607
8036,7317.9852383499974
8037,7318.3504121503893
8038,7318.6509472079288
8039,7319.5775762628828
8040,7320.4220652056847
8041,7321.3876917789494
8042,7321.99411431313
8043,7324.2766334073885
8044,7325.1437936734865
8045,7325.485856436705
8046,7326.3302828703918
8047,7327.2136770219695
8048,7327.8028348576763
8049,7328.3235571107389
8050,7329.0117955017759
8051,7329.514203691343
8052,7329.9726319997553
8053,7331.1178641423103
8054,7332.1960148222324
8055,7334.1720312562911
8056,7334.6423547740387
8057,7334.8921312052753
8058,7335.5534669367598
8059,7337.347789122171
8060,7338.1026401612198
8061,7339.0768342287165
8062,7339.3125727929164
8063,7340.0640420685886
8064,7341.0318897171583
8065,7342.4217566813841
8066,7343.6996999910498
8067,7344.4774861625619
8068,7344.9463990223358
8069,7345.5498929312016
8070,7347.0069797989081
8071,7347.2578347530571
8072,7349.3775702370303
8073,7350.941415363608
8074,7351.2556207868156
8075,7352.8958462117189
8076,7353.7513427188733
8077,7355.0720444427507
8078,7355.6221411249517
8079,7356.6670287987799
8080,7357.3950100217608
8081,7358.07792511559
8082,7359.5202991541018
8083,7360.6225243918252
8084,7361.3406152373227
8085,7362.2737352543772
8086,7363.730277886757
8087,7364.4564114685591
8088,7365.4068486457072
8089,7366.1624817223264
8090,7366.3946194870941
8091,7366.9156985877835
8092,7370.1593339760984
8093,7371.185134504788
8094,7371.2735316524504
8095,7372.1922718124169
8096,7374.2111807139408
8097,7374.4433937324211
8098,7374.9147163110056
8099,7375.7172866861329
8100,7375.796378995773
8101,7376.5996956510307
8102,7377.1649618912825
8103,7378.095696186102
8104,7378.4584154009162
8105,7378.5891638372505
8106,7380.2288391749817
8107,7381.31022823489
8108,7382.6299651827503
8109,7382.9264088967338
8110,7383.1915407142951
8111,7383.5829059570588
8112,7385.444493840555
8113,7386.3034063540081
8114,7387.1944394741695
8115,7388.1775067426752
8116,7389.4470935336158
8117,7390.2108697313342
8118,7392.0607797436578
8119,7392.4673894561065
8120,7394.2410650130878
8121,7394.8121653796652
8122,7395.5700041448399
8123,7396.962304812484
8124,7397.906377784152
8125,7398.8800719460196
8126,7400.5847275794395
8127,7402.599457438705
8128,7404.4282585789433
8129,7405.2416251058376
8130,7407.2300874088014
8131,7407.7572357872186
8132,7408.4326191183354
8133,7409.0672480748517
8134,7409.7457896038277
8135,7410.4884706146504
8136,7411.1861481488759
8137,7412.2028542959388
8138,7413.214928345029
8139,7413.5701506932264
8140,7414.0681703556011
8141,7414.8349850203149
8142,7415.8451063471293
8143,7416.794923087944
8144,7417.7437930842998
8145,7418.4941474541329
8146,7419.2049162335716
8147,7420.2869024090596
8148,7421.2515583665927
8149,7421.9757714511952
8150,7422.8852747512001
8151,7423.7156382457415
8152,7424.8619333585175
8153,7426.3590196597042
8154,7426.5811359690942
8155,7428.0861174218035
8156,7428.8960611208477
8157,7429.403940960724
8158,7430.2727397997551
8159,7430.4399426823247
8160,7431.0153459028261
8161,7431.6200494443974
8162,7432.4473844621352
8163,7434.7871945763836
8164,7435.9742893044831
8165,7436.3927460739433
8166,7437.3347257256846
8167,7437.8022837367289
8168,7439.0110226888264
8169,7440.1387409300305
8170,7442.5235613408449
8171,7443.4936757202395
8172,7444.5939549053082
8173,7445.1102964260617
8174,7446.2468092081526
8175,7446.4274307212363
8176,7446.6450250562784
8177,7447.2461470693224
8178,7448.3356155100128
8179,7448.6327411200837
8180,7448.8659499816467
8181,7449.6667592968688
8182,7449.8527015960935
8183,7450.8387634129622
8184,7452.9980576018834
8185,7453.1557649766492
8186,7453.7762553327448
8187,7454.3369181123389
8188,7454.9959651670306
8189,7455.3363499343131
8190,7457.0481816598485
8191,7457.3008820518817
8192,7457.7622300826069
8193,7459.6995297121475
8194,7460.1576971668173
8195,7461.5689941479304
8196,7461.9728414934734
8197,7462.5263193867604
8198,7463.6181783865832
8199,7464.6669669128605
8200,7464.8370208407887
8201,7464.9370476192844
8202,7466.0594621709552
8203,7467.3895407969585
8204,7468.2273284932962
8205,7469.7333565799654
8206,7471.0835675328117
8207,7471.6448120935647
8208,7471.7932870317391
8209,7473.1602374498734
8210,7476.5875314288478
8211,7477.0728505457637
8212,7477.3951962765741
8213,7478.5016042409006
8214,7478.6936587338068
8215,7480.1447410367709
8216,7480.8282266405931
8217,7481.4291284935516
8218,7482.2357060492895
8219,7482.9792398975978
8220,7484.4032185820133
8221,7486.3499747169681
8222,7487.4331142385754
8223,7487.8408128447008
8224,7488.1871388928712
8225,7488.7653718333513
8226,7489.1521533447685
8227,7490.7679671831984
8228,7492.1263232905385
8229,7492.8557444765183
8230,7493.8262097837396
8231,7495.3584905559101
8232,7496.2361605473279
8233,7496.8738464451726
8234,7497.1464262854715
8235,7498.0726549559131
8236,7498.8614390499515
8237,7499.8760892322207
8238,7501.7813583290554
8239,7503.7146294625791
8240,7504.0872719147483
8241,7504.2628395759702
8242,7505.6923562323491
8243,7506.1784881577087
8244,7507.4685173036814
8245,7508.2689253704748
8246,7509.4186287496304
8247,7509.762535167938
8248,7509.9910183987322
8249,7510.3717873674641
8250,7510.6789534169411
8251,7512.4976359331831
8252,7513.2231517186701
8253,7514.4156856490254
8254,7515.2177742366339
8255,7515.71104112175
8256,7516.5032683100908
8257,7517.0726689480634
8258,7518.3455972734237
8259,7518.649700550659
8260,7520.2240662850372
8261,7520.548099902976
8262,7521.0003427407673
8263,7522.3511357476682
8264,7522.6879309155693
8265,7523.1720128687848
8266,7524.1295669248329
8267,7524.6707481710782
8268,7525.84732461166
8269,7526.6417519852812
8270,7526.739782565598
8271,7527.7870088404416
8272,7528.853476396368
8273,7529.5373984847283
8274,7530.1077058543806
8275,7530.4242837474612
8276,7531.6734585946806
8277,7532.3392990460625
8278,7533.8511788685164
8279,7534.8209036811068
8280,7536.1777074124411
8281,7536.3458874150319
8282,7537.9707961022614
8283,7538.184663748063
8284,7539.9182600261956
8285,7541.6796508030593
8286,7542.1808741667155
8287,7542.7318516181076
8288,7543.0742558812008
8289,7545.1485797146916
8290,7545.7327108720992
8291,7546.3416812832993
8292,7546.9982148490408
8293,7547.672417541613
8294,7549.8273269644624
8295,7550.6860907664768
8296,7551.2673610441179
8297,7552.1289690822814
8298,7552.4911914495015
8299,7553.5193250057409
8300,7556.0113997100361
8301,7556.5588193480598
8302,7557.3858719420305
8303,7558.339207736024
8304,7559.5269565018198
8305,7561.3426217871529
8306,7562.9234629884768
8307,7563.8543817000254
8308,7564.2613087207437
8309,7564.4048291017016
8310,7565.5471178537282
8311,7566.192373715603
8312,7567.0041608764423
8313,7568.2093565512323
8314,7568.6572349341777
8315,7569.4076256894796
8316,7570.367452757293
8317,7571.0750465133488
8318,7571.4204473034451
8319,7571.6670695863049
8320,7572.0558734174538
8321,7572.485191971944
8322,7572.9755797352191
8323,7574.1958663498444
8324,7574.524200867022
8325,7574.9973348038102
8326,7575.9036817185297
8327,7577.3855811513486
8328,7578.4672462975614
8329,7580.4876251748183
8330,7582.1921214261483
8331,7583.440154945999
8332,7583.7025311847938
8333,7583.8461017543787
8334,7584.5237868915383
8335,7584.9337025145924
8336,7585.7466405519699
8337,7586.6763775317759
8338,7588.2768897920832
8339,7588.8426096788507
8340,7590.2431332519691
8341,7590.4649778298917
8342,7591.639250841411
8343,7593.2019392020757
8344,7594.1374526089994
8345,7594.2750562724796
8346,7596.2045931303792
8347,7596.5722415458504
8348,7597.9773288938031
8349,7598.1467134154418
8350,7598.6630712325323
8351,7600.5305643823658
8352,7601.0523183062405
8353,7602.326499330472
8354,7603.0466802353267
8355,7603.1693251637562
8356,7603.9987110966576
8357,7605.457353240231
8358,7605.9365201994369
8359,7606.3981053381858
8360,7606.815937139806
8361,7607.671109561742
8362,7608.5027815819967
8363,7609.308502224163
8364,7610.5849584031057
8365,7611.9292557126164
8366,7614.2171730282616
8367,7615.929927329239
8368,7616.5836638084693
8369,7616.8540440609195
8370,7618.0864088948674
8371,7618.1827428382112
8372,7618.9121659212897
8373,7620.7488283060984
8374,7620.8374727151049
8375,7621.2440463033627
8376,7623.1369996589565
8377,7623.5466548897448
8378,7624.9633690554165
8379,7626.2074849932706
8380,7626.9060535353719
8381,7627.6206949576153
8382,7628.4427503705438
8383,7629.5881216499893
8384,7630.8111207773345
8385,7631.4846956422443
8386,7631.7155535478905
8387,7632.8011548802506
8388,7633.0564476315467
8389,7634.4800123360974
8390,7636.5145763689989
8391,7636.8420989300621
8392,7638.3116823021901
8393,7638.6761562132579
8394,7638.9411097537431
8395,7640.3863136386199
8396,7641.6552591308027
8397,7641.882138891815
8398,7644.3132598503762
8399,7645.0123974519165
8400,7645.8681929570203
8401,7647.6610401435964
8402,7648.7196293124489
8403,7649.4912682340782
8404,7650.54763545068
8405,7651.1882477012505
8406,7652.1633429122539
8407,7652.503335425351
8408,7653.9142973528742
8409,7654.3090866263674
8410,7655.552884282848
8411,7657.2729977142899
8412,7657.4785293942914
8413,7658.2066672875571
8414,7659.1379777104794
8415,7660.4858337181067
8416,7661.143585607515
8417,7662.1602184777066
8418,7663.6824574381471
8419,7665.0610809536784
8420,7665.3407928167098
8421,7665.959504861351
8422,7666.9261417193038
8423,7667.6308466021992
8424,7668.4262469221349
8425,7669.376041515563
8426,7670.1564286300963
8427,7671.4361644935716
8428,7672.4891456420091
8429,7672.9812446821206
8430,7674.1773067567765
8431,7674.6530504746179
8432,7675.926280378465
8433,7676.3695026461355
8434,7677.2970381357663
8435,7677.8886107088501
8436,7679.0537099016374
8437,7679.9905040565327
8438,7681.6408278232593
8439,7682.2176629555897
8440,7683.3608225358485
8441,7684.3100329851277
8442,7685.2950711461526
8443,7686.313411858715
8444,7687.7795139882201
8445,7689.1989744108505
8446,7690.7353810349459
8447,7691.6199681985754
8448,7691.8978705647141
8449,7693.3981250619563
8450,7694.4770913701814
8451,7694.8731960715386
8452,7695.4311519078901
8453,7697.0534126435159
8454,7698.2937443238279
8455,7699.219033486037
8456,7699.3775361733224
8457,7700.5178202249226
8458,7700.9905835704367
8459,7701.420154274756
8460,7701.9185002019412
8461,7702.4240586115939
8462,7704.0070232385806
8463,7704.5537267272539
8464,7705.2133155709844
8465,7705.7679175299618
8466,7705.8836551879813
8467,7706.8278562706537
8468,7708.6360134433089
8469,7708.94151660437
8470,7710.1099706833566
8471,7710.4693064530866
8472,7711.2290450937153
8473,7712.4757828202164
8474,7712.9987740234692
8475,7713.1716562660749
8476,7714.451813955352
8477,7715.5461129042842
8478,7716.2789456229475
8479,7717.2941129276624
8480,7717.3824128943934
8481,7717.9817203949997
8482,7718.3606781939316
8483,7718.7044924954716
8484,7719.2377967973689
8485,7721.1984140138338
8486,7723.1495710059453
8487,7723.4434278463514
8488,7724.736439733003
8489,7726.1133570941929
8490,7726.8977451397795
8491,7728.7545868038687
8492,7729.5660809925921
8493,7730.0593880652277
8494,7730.4348629048218
8495,7731.3647827319965
8496,7731.7654138559546
8497,7733.1213770225668
8498,7733.7948811732513
8499,7734.9153967788834
8500,7735.4569712608054
8501,7736.0799645311299
8502,7738.7748820257684
8503,7738.9750170431071
8504,7739.5768914173541
8505,7739.9585807041894
8506,7741.1026627573801
8507,7742.4193621256018
8508,7743.6102415392015
8509,7744.1612327609737
8510,7744.8375688397464
8511,7745.9128370993485
8512,7746.6765256181679
8513,7746.9571815925328
8514,7749.1666609322083
8515,7750.5654779894185
8516,7751.0185673357819
8517,7751.4451870319826
8518,7752.456264512748
8519,7752.9052378215511
8520,7753.6629191450957
8521,7754.1580567937635
8522,7754.8382773290896
8523,7755.6248586503671
8524,7758.2779625649946
8525,7758.6651081651371
8526,7759.0334742850719
8527,7759.346481421886
8528,7759.9144559865399
8529,7761.0433145878569
8530,7761.8354016094518
8531,7762.6784596902562
8532,7763.5532760552378
8533,7764.5407505538788
8534,7764.9952213273355
8535,7765.8414083251237
8536,7766.6510340571676
8537,7767.0798099851227
8538,7768.4712354369385
8539,7768.6650895429129
8540,7769.9866899908602
8541,7770.8224727379693
8542,7772.3655931467674
8543,7772.8877130907795
8544,7773.2030899267547
8545,7773.8892391041836
8546,7774.470014195922
8547,7775.5197160134303
8548,7777.1359293890546
8549,7777.5714718835179
8550,7778.2719194686961
8551,7778.9916019407829
8552,7781.2013072173968
8553,7781.8883914524922
8554,7782.6652961448845
8555,7782.8993702756525
8556,7783.9003286357638
8557,7784.2065827074694
8558,7785.2446829486134
8559,7785.6968773985691
8560,7786.4998048418411
8561,7787.6041484296111
8562,7790.718957894449
8563,7791.0620548073557
8564,7791.7019193752212
8565,7793.4998006281367
8566,7794.6013697877825
8567,7795.1949759773615
8568,7796.0398685037835
8569,7796.3271035696644
8570,7797.7693933597766
8571,7799.918972695692
8572,7800.0128836891136
8573,7800.5924705439029
8574,7801.001850161455
8575,7802.3171613123723
8576,7802.6641200959821
8577,7803.7148447892541
8578,7804.3036497767825
8579,7805.0735135524665
8580,7806.6878482429747
8581,7807.56246859563
8582,7809.1830003039131
8583,7810.7178278304855
8584,7811.1839178575674
8585,7811.8077359202307
8586,7812.3237901765679
8587,7812.5144597781491
8588,7813.6694928262605
8589,7814.8208654590735
8590,7815.0463245175824
8591,7815.4201673264133
8592,7816.8443497614935
8593,7818.5419326682049
8594,7819.837590790492
8595,7820.8001186111833
8596,7821.7330298817578
8597,7822.0834071886093
8598,7823.1355062134835
8599,7825.3012995136496
8600,7825.9254135176798
8601,7826.4940291607636
8602,7827.5556666720122
8603,7829.0504470384403
8604,7829.6915693143128
8605,7831.8225393600678
8606,7832.022311077335
8607,7833.4039012118064
8608,7834.2592513530326
8609,7834.4443751873696
8610,7834.9816166252922
8611,7835.2727575572126
8612,7835.5502369353408
8613,7835.9308083133974
8614,7837.1143825369663
8615,7837.7829331327421
8616,7839.2376977227295
8617,7839.5554389138561
8618,7840.3645685446381
8619,7840.8070773945501
8620,7842.0902920056524
8621,7843.3331469482137
8622,7844.0403163774481
8623,7844.5312613752849
8624,7844.773692520107
8625,7845.6583280021423
8626,7846.0424330934293
8627,7847.0329984325654
8628,7848.354884616766
8629,7849.5362333717958
8630,7850.2287310303618
8631,7850.8062570430002
8632,7851.482017983627
8633,7853.473365307721
8634,7854.0405199715269
8635,7854.7131207623006
8636,7855.4078281956017
8637,7855.5475689651857
8638,7856.2319116787612
8639,7857.8537042530661
8640,7858.7016730844107
8641,7860.1885062776309
8642,7862.5983458298415
8643,7863.2792667830054
8644,7864.7778840823948
8645,7865.243319170002
8646,7866.0337604760625
8647,7866.8042413108515
8648,7867.1360537950823
8649,7868.2077484862766
8650,7868.3344588547925
8651,7869.0759779416358
8652,7869.6284829836077
8653,7871.7657183909132
8654,7872.7394391355301
8655,7873.3679784768801
8656,7875.0085893282594
8657,7875.3488004583733
8658,7876.9000358989015
8659,7877.8707608591913
8660,7879.6033723791488
8661,7880.2840286460705
8662,7881.566922213342
8663,7882.2049688899415
8664,7883.4468542145005
8665,7885.260191717316
8666,7885.9942979140415
8667,7888.2776031933045
8668,7889.1918718042034
8669,7890.9683637990456
8670,7891.4812673177466
8671,7893.2051465468694
8672,7893.5472641438901
8673,7894.0391291884971
8674,7894.1152924763974
8675,7895.3982505762706
8676,7896.4995576008951
8677,7896.9767366851484
8678,7897.863156687763
8679,7898.2758012054292
8680,7899.1171093795056
8681,7899.5557867234238
8682,7899.9773130369822
8683,7900.6166505147667
8684,7900.867032391393
8685,7902.3306564779405
8686,7902.442633199189
8687,7903.613275615292
8688,7903.7404148067453
8689,7904.5116444115702
8690,7906.0356921957309
8691,7907.0465477953512
8692,7907.4837694446278
8693,7907.7747519789655
8694,7908.7804643566724
8695,7909.8745519827244
8696,7910.5859351892659
8697,7911.3861780869893
8698,7911.7532053621508
8699,7912.6932995050474
8700,7914.6589452464541
8701,7914.8333740770804
8702,7915.3729102004108
8703,7915.6645344512408
8704,7916.4140387644202
8705,7917.432474429258
8706,7917.815763383247
8707,7918.6659162190872
8708,7920.0929134651733
8709,7920.8927317405187
8710,7921.5342716808918
8711,7922.4693737890038
8712,7923.3980509135972
8713,7923.4156994872847
8714,7923.8889840435704
8715,7925.3244153972719
8716,7927.6182324588708
8717,7928.0452022307154
8718,7929.7822421945157
8719,7930.7586554245954
8720,7931.9796062466785
8721,7933.0209565872628
8722,7934.236301478003
8723,7935.173129060754
8724,7936.6371920971869
8725,7937.6143439205534
8726,7937.9239865542831
8727,7939.1577319856551
8728,7941.7191165676195
8729,7941.8954781230441
8730,7942.1443969834745
8731,7943.513056493246
8732,7944.6415946200614
8733,7945.3902768189791
8734,7945.6993762265583
8735,7946.5519063616193
8736,7948.085688427178
8737,7948.2844493228276
8738,7949.9016694594839
8739,7950.1271005908202
8740,7951.919650411066
8741,7953.6087196200824
8742,7953.788688124062
8743,7955.4081092809738
8744,7956.939645651878
8745,7958.2472582412711
8746,7959.8319439371853
8747,7960.0007216131808
8748,7960.5867692517149
8749,7961.4382032128697
8750,7962.1624339792643
8751,7962.4669260508508
8752,7964.4790240245493
8753,7965.9227609328282
8754,7966.414611273909
8755,7967.3885576912444
8756,7967.8788414506844
8757,7969.2286405721043
8758,7971.1827358665369
8759,7971.7462096960435
8760,7972.2047147945659
8761,7972.3976878541889
8762,7973.2116088608918
8763,7974.0661839541881
8764,7974.8853978687021
8765,7975.3022729883396
8766,7975.841843897636
8767,7977.0842012304547
8768,7977.4827450507692
8769,7978.6762540201134
8770,7979.273434828714
8771,7979.8157598540529
8772,7980.2150574212883
8773,7980.8002383703179
8774,7981.7971681451845
8775,7983.4929482774251
8776,7983.9534442375107
8777,7986.7363147826391
8778,7987.0086598928974
8779,7987.2720030052633
8780,7987.7130890251856
8781,7988.8291364930328
8782,7990.0930621711468
8783,7990.430110591933
8784,7990.9782398695033
8785,7991.7001144746637
8786,7992.3779861923476
8787,7992.4004179996036
8788,7994.45454489432
8789,7995.0926728383656
8790,7996.7731646621205
8791,7997.0889620755979
8792,7998.1439054081829
8793,7998.6607589150071
8794,7999.2785660384097
8795,7999.8305810964312
8796,8001.7687395634712
8797,8002.4229836769082
8798,8003.7285876264787
8799,8004.4776440972782
8800,8005.2363950381105
8801,8006.1095102716527
8802,8007.8171939516078
8803,8007.9524975527302
8804,8009.7470563955458
8805,8010.4008445979553
8806,8011.5151305930385
8807,8012.8921500226843
8808,8013.6811604644363
8809,8014.1031449109096
8810,8015.1970195731783
8811,8016.5509659666222
8812,8017.4782162683596
8813,8018.1354728247152
8814,8019.0136350445073
8815,8019.0864288891325
8816,8019.3654754071231
8817,8020.3401736634778
8818,8021.1109129082024
8819,8022.1729669330889
8820,8023.1126454037412
8821,8023.5511048237531
8822,8025.3009364089439
8823,8025.5326495313429
8824,8026.2630357625794
8825,8026.6626433856027
8826,8027.7614166956546
8827,8028.5310843151183
8828,8029.3348820787342
8829,8030.4673873767051
8830,8031.5376231694345
8831,8032.1824081272125
8832,8032.4771923265253
8833,8034.1792602494334
8834,8035.3516895712728
8835,8035.5852189813259
8836,8036.8278059342219
8837,8038.2471890249535
8838,8040.5025783067595
8839,8040.9475531069465
8840,8042.0169579360117
8841,8042.5426057561399
8842,8043.9632088946446
8843,8045.0257459017266
8844,8046.2560911108985
8845,8046.9449526997514
8846,8047.9778769689583
8847,8048.0600950761736
8848,8048.8315414456456
8849,8049.0741493974883
8850,8049.76364182426
8851,8051.1786211421404
8852,8051.8603636510888
8853,8052.5947820888714
8854,8053.1978576115753
8855,8053.9016868608396
8856,8054.5193724496048
8857,8055.0703087295042
8858,8055.5612378637088
8859,8056.8133215228154
8860,8056.8345012597283
8861,8057.7709369515042
8862,8059.0031562384847
8863,8059.3315664267338
8864,8061.4265392701082
8865,8061.9737785585166
8866,8063.2209240244429
8867,8063.7550949380402
8868,8064.4401028695665
8869,8065.0961527477602
8870,8067.1393001185388
8871,8067.8552929613452
8872,8068.5452721509882
8873,8068.9421468558958
8874,8070.886031053401
8875,8071.7524316608587
8876,8072.9483701581285
8877,8073.714731694964
8878,8074.9455122534137
8879,8076.2434523615639
8880,8078.3445935123136
8881,8079.4838068261952
8882,8079.6089061003431
8883,8080.2335631469659
8884,8080.728398985756
8885,8081.7680385354006
8886,8082.6588986860879
8887,8083.2985951249457
8888,8084.9868648369484
8889,8086.442413452728
8890,8086.8011425235827
8891,8087.909461724922
8892,8088.0808455420893
8893,8089.5737937420399
8894,8090.5249704074431
8895,8091.7454688998714
8896,8092.9860997262904
8897,8093.7024224142715
8898,8094.9702019103788
8899,8095.1643145638227
8900,8095.527214951966
8901,8096.3536051634983
8902,8097.414507117961
8903,8097.983417165965
8904,8098.3943609447388
8905,8098.9689257090467
8906,8101.5933330204143
8907,8102.7541769356767
8908,8103.5038687406195
8909,8104.5316147669591
8910,8105.192339363909
8911,8105.5219276795524
8912,8106.8271865808792
8913,8106.9269815069392
8914,8107.6507578919091
8915,8108.5426145708789
8916,8110.1381481875069
8917,8110.4488314987011
8918,8110.6410086133956
8919,8111.601923777821
8920,8111.7505182864343
8921,8113.5691500419489
8922,8114.2189005701766
8923,8115.2531513149688
8924,8115.9312716242011
8925,8116.9002632126749
8926,8117.7148869714765
8927,8117.8855902867826
8928,8119.6065246698608
8929,8120.1066665514809
8930,8120.4764429583192
8931,8121.5427634820444
8932,8123.1063933996766
8933,8124.3053059357353
8934,8124.8133705459813
8935,8125.4316918718332
8936,8125.8302812518059
8937,8126.5937329201306
8938,8127.0843698641966
8939,8128.1834579594015
8940,8128.9715423976531
8941,8129.4805264549177
8942,8129.8948299066396
8943,8130.4608280497378
8944,8132.4843463819388
8945,8133.5172426924619
8946,8134.2445633425923
8947,8135.2478567932867
8948,8135.8637027134318
8949,8137.1179623659837
8950,8138.0117839424456
8951,8138.9414332796914
8952,8139.518162345069
8953,8139.6261394923167
8954,8141.2759117398909
8955,8142.8997463424785
8956,8143.3763934659146
8957,8143.7173838700965
8958,8144.6237069606641
8959,8144.8732822536494
8960,8147.1096247432397
8961,8147.7207481496907
8962,8148.245887416907
8963,8148.9963667918437
8964,8149.6339194197908
8965,8151.0751735629956
8966,8152.196127491904
8967,8152.7209023622117
8968,8153.2161762583628
8969,8155.1028960236899
8970,8157.1814663484374
8971,8157.9130820163109
8972,8158.107394458083
8973,8158.7596651399717
8974,8158.8792177279047
8975,8160.447235408963
8976,8161.0406109852674
8977,8162.3770332895856
8978,8162.4539654812397
8979,8163.5208889762689
8980,8164.3075723623697
8981,8165.3181808581703
8982,8166.6357029898654
8983,8167.2307479760748
8984,8167.7180511110091
8985,8168.8068186490082
8986,8169.9419665366559
8987,8170.62549855
8988,8172.3998845622982
8989,8173.7561209671248
8990,8175.6963194778473
8991,8176.6888315763763
8992,8177.4935194748532
8993,8179.4748071280446
8994,8179.7475950784665
8995,8180.2564906543894
8996,8181.113656382413
8997,8181.8943007056059
8998,8183.110105615614
8999,8183.5344144864948
9000,8184.0816405247979
9001,8185.030757973188
9002,8186.369764025475
9003,8186.9041041178571
9004,8186.9894725469067
9005,8188.3682500098275
9006,8189.1094733543359
9007,8190.8074423488506
9008,8191.5987777467899
9009,8192.2721031219025
9010,8193.3913211018807
9011,8193.6048124238623
9012,8196.9184034034661
9013,8198.4407301211359
9014,8198.6610191363343
9015,8199.0687309638233
9016,8200.0620018394093
9017,8200.8725069943812
9018,8201.30724384321
9019,8201.9261242108369
9020,8202.3120643489256
9021,8202.9253538812845
9022,8204.4670519569736
9023,8204.9125890470186
9024,8205.1542329652129
9025,8208.080354872709
9026,8208.4837426154827
9027,8209.5656466720829
9028,8210.5669134631862
9029,8211.0923534949106
9030,8211.9004546555534
9031,8212.3042663081796
9032,8213.0140464334963
9033,8214.7482883424836
9034,8215.8784453617445
9035,8216.2428421085624
9036,8217.2424463343141
9037,8218.0003198008708
9038,8219.2326614332724
9039,8220.0702612497898
9040,8221.1060231409774
9041,8222.1669711801351
9042,8223.6074204023425
9043,8223.7549794752103
9044,8225.3951943987995
9045,8226.1678938395362
9046,8227.259321552252
9047,8228.2599425461649
9048,8229.0349062870991
9049,8230.0975429626469
9050,8230.561307366459
9051,8231.7378188901748
9052,8232.300796671354
9053,8233.4560071898268
9054,8234.6462327332647
9055,8234.9623328202415
9056,8236.0736404550607
9057,8236.4620480301382
9058,8237.8441544320704
9059,8239.139380149285
9060,8240.1063609367793
9061,8241.9236073035645
9062,8242.5144401249345
9063,8243.687022742999
9064,8244.2466801592946
9065,8246.4510733402094
9066,8246.8296224912065
9067,8247.9451824072075
9068,8248.2123571399206
9069,8248.9379924349996
9070,8249.1227433490785
9071,8249.2768329511418
9072,8250.2771430777302
9073,8250.9586136196085
9074,8253.5731823483929
9075,8254.539868570615
9076,8255.1571194920562
9077,8255.5922429386537
9078,8255.6288510546092
9079,8256.3511496150695
9080,8256.666940497731
9081,8257.7337603002779
9082,8258.6675246036157
9083,8259.8090898395985
9084,8261.4263954752405
9085,8262.2976984373327
9086,8264.3030176546381
9087,8264.9876311756507
9088,8265.8186367005837
9089,8266.5070164858298
9090,8266.7485343959543
9091,8267.3318771781524
9092,8268.043373844137
9093,8268.7979697339106
9094,8269.8803312020555
9095,8270.5185232699769
9096,8271.4149551996106
9097,8273.1085834212245
9098,8274.7879279192603
9099,8275.3963217076343
9100,8277.3869328072851
9101,8278.6316544168876
9102,8279.6787376380416
9103,8280.5225746744891
9104,8282.0199716105471
9105,8283.3020359337934
9106,8283.809760383665
9107,8284.048814156984
9108,8285.0465814176532
9109,8285.7816892686733
9110,8287.5028929483015
9111,8287.7732136887334
9112,8289.1727423866305
9113,8289.8814480586734
9114,8289.9589805951127
9115,8292.1962454433888
9116,8292.4299140950625
9117,8293.4918405363969
9118,8294.6827036907434
9119,8296.5583457261109
9120,8297.315293785874
9121,8297.870382985313
9122,8298.4397542749939
9123,8298.9473605011444
9124,8299.5160897574224
9125,8299.5822231877573
9126,8300.1854678186864
9127,8300.833833897661
9128,8301.2507076930415
9129,8302.2667994066305
9130,8303.3789710338187
9131,8304.1333541824879
9132,8304.9962020824005
9133,8305.4096951643496
9134,8305.9076401219263
9135,8306.8877748066297
9136,8307.5228636478587
9137,8308.2861884958165
9138,8308.5235420756871
9139,8308.6898775543013
9140,8310.3909644602682
9141,8311.3834702694603
9142,8311.679048080181
9143,8313.5349734107967
9144,8313.7858183566277
9145,8314.7598971014104
9146,8315.7362600605793
9147,8316.5062823506269
9148,8316.9172855811066
9149,8317.3015660730671
9150,8318.6756954418452
9151,8319.3773401006274
9152,8320.0596781282711
9153,8321.7117056220177
9154,8322.2290607664545
9155,8322.9250268007545
9156,8323.7667807572088
9157,8324.3824864554554
9158,8324.6110000407643
9159,8325.6205184295432
9160,8326.1638078241267
9161,8327.3039261864978
9162,8328.1993700697112
9163,8328.8783486355878
9164,8329.3309598440737
9165,8331.9710903512114
9166,8332.6971157168555
9167,8333.7097354197031
9168,8334.1975845286088
9169,8334.4878584140115
9170,8336.5093880156019
9171,8337.0398345785197
9172,8337.583856766385
9173,8338.3662393939303
9174,8338.5232765745695
9175,8339.2067995779744
9176,8340.6557801032286
9177,8342.4725200884859
9178,8343.2042905429607
9179,8344.1955895928404
9180,8345.1346061796921
9181,8346.4002058695824
9182,8348.22260413392
9183,8348.595604140779
9184,8348.7943898658923
9185,8349.4335292853393
9186,8350.7559033263969
9187,8351.6208448588677
9188,8352.2806865700841
9189,8353.4395829273362
9190,8354.1753096355496
9191,8354.6678893661228
9192,8355.7378032911838
9193,8356.1813518402651
9194,8357.2474618968554
9195,8358.6316470644433
9196,8359.9664951448922
9197,8360.6273089157021
9198,8362.3104129877538
9199,8363.5274320815242
9200,8365.1890360376037
9201,8365.3069263811649
9202,8367.1875279305405
9203,8368.7700244997941
9204,8369.6177543090453
9205,8370.2718934377936
9206,8370.8449994854127
9207,8371.2788378674832
9208,8372.6355104466274
9209,8373.8131250360202
9210,8374.59971002575
9211,8375.2411711231143
9212,8375.3975936768693
9213,8376.1364506359441
9214,8378.0383627754454
9215,8378.8881092873798
9216,8380.1146750822045
9217,8381.0802960817473
9218,8381.3287201750245
9219,8381.9786447220195
9220,8382.6071390930374
9221,8384.3511910594661
9222,8384.8748264448968
9223,8385.2314596315155
9224,8386.2887115534741
9225,8386.8500269492615
9226,8387.48308444738
9227,8389.1360530970705
9228,8389.3758460965782
9229,8389.679300525373
9230,8390.5221385396289
9231,8391.6086282344004
9232,8393.100114521776
9233,8393.5222109168444
9234,8394.0003263747785
9235,8394.4714267071977
9236,8395.5039081149553
9237,8395.8866738539618
9238,8396.4659365289535
9239,8397.6012906330743
9240,8398.351327711307
9241,8400.2111255949694
9242,8400.3574468228871
9243,8401.2390665870134
9244,8401.7274297428357
9245,8402.4543230320069
9246,8403.4817151977295
9247,8403.8332384232763
9248,8405.0044226585469
9249,8406.6150573928589
9250,8406.9079625985505
9251,8408.0261522844703
9252,8408.5523259454858
9253,8409.8651713114741
9254,8410.6546185089865
9255,8411.9084060664427
9256,8412.7923992750275
9257,8413.2896704412087
9258,8414.1298127638256
9259,8415.1064015141037
9260,8416.7050312235751
9261,8417.2271269346329
9262,8418.0950980150537
9263,8418.6312670967363
9264,8419.3228746770492
9265,8419.5543306276177
9266,8422.4120357062639
9267,8422.722656262742
9268,8424.3894034807108
9269,8425.6978167861162
9270,8426.1352113155699
9271,8426.2824380960592
9272,8426.6281726160341
9273,8427.2494738932146
9274,8428.693772031369
9275,8429.5548798256859
9276,8431.0763751389459
9277,8432.5360917319231
9278,8432.8995286552163
9279,8434.6105889731116
9280,8435.5230927988341
9281,8435.7196222166804
9282,8436.5112617364448
9283,8438.4791488302617
9284,8439.4094090788785
9285,8440.2327671850326
9286,8442.4733360939299
9287,8443.485909643854
9288,8444.9572979747554
9289,8446.2114643373716
9290,8446.6953502730194
9291,8446.9083165465836
9292,8447.6851102673591
9293,8448.4524770865919
9294,8451.5459666053175
9295,8452.447254981098
9296,8453.2047196635049
9297,8454.3734826382442
9298,8455.2543759944056
9299,8455.60678891118
9300,8456.164831084734
9301,8456.7565155547945
9302,8457.2052562684967
9303,8457.5310241190327
9304,8458.7622975092527
9305,8459.2591340384224
9306,8459.903702421203
9307,8460.3853157703415
9308,8462.3914125259726
9309,8462.8675722685293
9310,8462.9862562337621
9311,8463.7943102998561
9312,8464.6019164338195
9313,8465.0532615423635
9314,8466.1815587949422
9315,8466.2517923303531
9316,8466.827815523473
9317,8468.6087037730922
9318,8469.3893456291735
9319,8470.0568054356263
9320,8470.7078594191153
9321,8471.3716849618431
9322,8472.2819555716505
9323,8473.2377136879095
9324,8475.6171660724358
9325,8476.2398669810646
9326,8476.8013691163142
9327,8477.920011915885
9328,8478.7443805265721
9329,8479.1417033756952
9330,8481.2806931246341
9331,8482.1115585409934
9332,8483.1324250152593
9333,8484.3656648381384
9334,8486.4332931249592
9335,8486.7641447132792
9336,8487.3888706329144
9337,8488.7935002490012
9338,8489.6110562768808
9339,8490.5840650729697
9340,8492.3069379672634
9341,8493.3627417970856
9342,8493.7374139471722
9343,8495.2631307855936
9344,8495.6137458257181
9345,8496.2846835044456
9346,8497.9949921321113
9347,8498.6276807504819
9348,8500.151887361113
9349,8500.1821303391134
9350,8501.3747373846472
9351,8501.6453293830618
9352,8502.730643147097
9353,8503.1434609333264
9354,8503.9084088602704
9355,8505.6359627483689
9356,8506.2843181297085
9357,8507.7961448560964
9358,8508.7086137040533
9359,8508.9706370755866
9360,8509.5444005945501
9361,8510.8508844863554
9362,8512.2942994578152
9363,8512.9964954032857
9364,8513.6286658348399
9365,8514.3276708072208
9366,8514.8486498692855
9367,8516.395604463527
9368,8518.0630077027727
9369,8518.5592508283335
9370,8519.8986836372333
9371,8520.9397019912376
9372,8521.6699411659483
9373,8522.896417764543
9374,8524.3411157898681
9375,8524.9859598896546
9376,8526.2573403841398
9377,8526.4873896235295
9378,8528.0032053632094
9379,8529.4041486968345
9380,8529.5999398216063
9381,8529.69611553291
9382,8530.5801216921391
9383,8531.0044780322987
9384,8531.5035298665643
9385,8532.7061232730375
9386,8533.3935066413051
9387,8533.5388539705746
9388,8534.5608281644654
9389,8535.6071162688422
9390,8535.812924903079
9391,8536.0259001476588
9392,8536.6912241689461
9393,8537.4690636086671
9394,8538.5369104810416
9395,8539.4594549082958
9396,8540.1071109501681
9397,8540.7486447117572
9398,8541.7337100126388
9399,8543.3883357623508
9400,8543.8094546864086
9401,8545.6805812196726
9402,8546.2597172881742
9403,8546.2962495864103
9404,8546.8953783241486
9405,8547.9361660348768
9406,8548.4776454566054
9407,8549.8435066576949
9408,8551.345744441076
9409,8551.7316074092323
9410,8553.962554797441
9411,8554.3170347696941
9412,8555.1090689148441
9413,8556.3004295993996
9414,8556.7843006757012
9415,8557.606284470452
9416,8558.9917520415474
9417,8559.6450338563482
9418,8560.5617690065883
9419,8561.4733031187607
9420,8563.002659454407
9421,8563.2483812864775
9422,8564.1295518971037
9423,8564.4759528171762
9424,8564.8766335868695
9425,8565.9973343864531
9426,8567.7369597976631
9427,8568.6539968967463
9428,8568.8972806502406
9429,8569.3143052123414
9430,8570.9058523998665
9431,8571.6857166091213
9432,8572.1634903947543
9433,8573.6780442207219
9434,8574.4869772453985
9435,8575.1270408925138
9436,8576.8005772481265
9437,8578.4691113783811
9438,8580.0462724469216
9439,8580.5930045900641
9440,8581.908388208114
9441,8582.6715826353939
9442,8583.8473231265871
9443,8585.7470079798859
9444,8586.3478704976169
9445,8587.5663706837531
9446,8588.7367743343602
9447,8590.1961007088939
9448,8590.9005309525455
9449,8591.1086079233992
9450,8592.1734021534267
9451,8592.4672066113635
9452,8593.6095574284827
9453,8595.2320606919893
9454,8595.4218699411267
9455,8596.1872927922959
9456,8597.2840848205069
9457,8597.5066663195503
9458,8598.5075643324999
9459,8598.8691925495714
9460,8600.0369508876647
9461,8600.9134805440372
9462,8602.1465496039946
9463,8602.9164099180416
9464,8604.2726735888737
9465,8604.5202946814989
9466,8605.1685334484537
9467,8605.3039132491085
9468,8606.5994198420412
9469,8606.9422741759718
9470,8607.6060554868636
9471,8608.3900981330989
9472,8608.9430455146176
9473,8609.5960901462677
9474,8611.2258393282245
9475,8612.1181630380215
9476,8612.7340730866545
9477,8613.0518199333601
9478,8614.1233056343535
9479,8614.8367253310826
9480,8615.3915838996581
9481,8616.3724885690226
9482,8617.3845405674947
9483,8617.7124105816438
9484,8618.7190358449643
9485,8618.9828311190449
9486,8619.6295950397362
9487,8620.5707954200716
9488,8622.0849890187601
9489,8622.2305916533205
9490,8623.6754234628497
9491,8625.4124073681942
9492,8626.4980542072426
9493,8626.8090991495592
9494,8628.1711182122181
9495,8628.980303610957
9496,8630.358638088821
9497,8630.4086432502809
9498,8631.8872320795599
9499,8632.5947633211345
9500,8633.6598996110442
9501,8635.1492309570694
9502,8636.0378512369407
9503,8636.3659877874506
9504,8636.8594311288907
9505,8637.4658960787601
9506,8638.0202553303716
9507,8638.7001288877
9508,8639.9793535319823
9509,8640.756746157138
9510,8641.4470605241986
9511,8642.1634980553681
9512,8643.0658475352011
9513,8644.1883396173998
9514,8644.5825656719207
9515,8645.8336665433162
9516,8646.9333076760122
9517,8648.3614903511916
9518,8649.6081995505556
9519,8650.1935747828047
9520,8650.946611641968
9521,8652.2154352196776
9522,8653.0400474742073
9523,8654.2708395094814
9524,8655.9574418526117
9525,8656.654649475493
9526,8657.1193370075471
9527,8658.8566949239448
9528,8659.0343731631656
9529,8661.627872938343
9530,8662.5648353097895
9531,8662.8353051249996
9532,8663.8626370603197
9533,8665.3825180290405
9534,8666.3651070290525
9535,8666.5298582450614
9536,8669.5986425994215
9537,8670.2650753157177
9538,8670.9327451384324
9539,8670.9786866796403
9540,8672.0368851500079
9541,8672.7199454411657
9542,8673.2528719444072
9543,8673.8204339678523
9544,8674.2277284720367
9545,8675.2390007198446
9546,8675.6574123391711
9547,8676.3946899159782
9548,8677.6362237752601
9549,8677.9995935817715
9550,8678.7725180907473
9551,8679.5945504673946
9552,8680.4361735750008
9553,8680.7411873628444
9554,8681.5116474877595
9555,8682.496433986631
9556,8683.8150289050936
9557,8685.1434847355795
9558,8686.204196933455
9559,8686.8010822280321
9560,8687.8889158341244
9561,8688.1544923125984
9562,8689.1525697539309
9563,8689.7791674932796
9564,8692.5288740355627
9565,8692.9607197033602
9566,8693.6146261611939
9567,8695.3610160568369
9568,8695.8323708696698
9569,8696.5757423321047
9570,8698.1261983304466
9571,8699.1514286046458
9572,8699.7861743959347
9573,8700.7264189367288
9574,8701.6434006689851
9575,8703.4780341060905
9576,8704.5039001988062
9577,8704.9823169098017
9578,8706.0738414497027
9579,8706.7532762791488
9580,8707.1610637358808
9581,8707.4197102216112
9582,8708.02513805739
9583,8708.6764461599741
9584,8709.0294960150022
9585,8709.1098547888523
9586,8710.1701641205545
9587,8710.6491522622837
9588,8711.758738669605
9589,8712.1765122915058
9590,8713.6148281826991
9591,8713.8675531804929
9592,8715.4775216893559
9593,8715.8252879767988
9594,8717.87427816731
9595,8718.2586562450251
9596,8719.6845087549009
9597,8720.2904750903817
9598,8720.8878139477183
9599,8721.3238428079021
9600,8721.6155933102546
9601,8723.6218571072441
9602,8724.2623094380724
9603,8724.5992903708193
9604,8725.0699635972851
9605,8726.1773301929006
9606,8727.5405647205189
9607,8728.1225251306769
9608,8729.4594137725908
9609,8730.2435909975648
9610,8731.6640385884548
9611,8732.3807103786658
9612,8733.4345447345622
9613,8733.9836477058852
9614,8735.1781607613229
9615,8737.3696030762985
9616,8738.1356059340524
9617,8739.1726887068198
9618,8739.6109953603773
9619,8740.2635271965064
9620,8740.9423865238441
9621,8741.3957126633286
9622,8741.9495848051902
9623,8742.2113684037849
9624,8743.2591565959028
9625,8745.0168522128624
9626,8746.1244473934494
9627,8748.300623421801
9628,8749.0219838530666
9629,8749.3116805413338
9630,8749.5413726979077
9631,8750.095508163995
9632,8752.0812532944492
9633,8752.3926303313783
9634,8753.17903228258
9635,8755.0814137842226
9636,8757.1863944989382
9637,8757.88957308914
9638,8758.2014877333313
9639,8759.6645858909069
9640,8760.3023648218059
9641,8760.9622616493707
9642,8761.5247544641697
9643,8761.8193133491259
9644,8762.7313373441593
9645,8764.8229232778249
9646,8765.9358959585879
9647,8766.875058108255
9648,8767.0843021011078
9649,8767.5740291592974
9650,8769.6666890349334
9651,8770.8677690319855
9652,8771.6604545761656
9653,8772.3590016979815
9654,8773.7061586899908
9655,8774.2682728109576
9656,8774.4132375814206
9657,8775.1985974535019
9658,8775.600366059045
9659,8775.8319705189206
9660,8777.6071632490421
9661,8779.0996064928477
9662,8780.0859217377219
9663,8781.1198444109377
9664,8781.7962411721928
9665,8782.998844592852
9666,8783.3717638312719
9667,8783.6698172979322
9668,8784.9194452150969
9669,8785.3258162908405
9670,8786.3839573778259
9671,8787.0285412756512
9672,8788.2034264187387
9673,8789.4616734041338
9674,8791.5101308716221
9675,8792.9945028574493
9676,8793.7692084115661
9677,8794.4874322181186
9678,8795.3804722754958
9679,8796.4066914304913
9680,8797.6803482147479
9681,8798.5523412387247
9682,8799.085178983938
9683,8801.1781656952662
9684,8801.2605838105119
9685,8803.2637576046473
9686,8804.7808414905212
9687,8805.5958031468017
9688,8807.0385660829361
9689,8807.7981699838183
9690,8809.2030397837862
9691,8809.4850266123212
9692,8811.4717236065917
9693,8811.7910619558916
9694,8812.0617539352279
9695,8812.4458185718249
9696,8812.8124536191681
9697,8813.0890297013048
9698,8813.3867165327247
9699,8814.3221400817092
9700,8814.9534556492981
9701,8816.5299370605953
9702,8817.1306782978481
9703,8818.2486475076494
9704,8818.778245328087
9705,8819.1543894242986
9706,8819.3610325353638
9707,8819.4315416963691
9708,8820.502268340595
9709,8821.674219309476
9710,8823.0205420272196
9711,8823.9103232784
9712,8824.5604795473409
9713,8826.1651486731334
9714,8826.498590280853
9715,8827.5816056393851
9716,8828.4815869643335
9717,8828.7980122506888
9718,8829.3304206210214
9719,8830.0442317943962
9720,8830.7349693752822
9721,8831.3294376105459
9722,8832.1456496844057
9723,8834.5215920315059
9724,8836.0581391185824
9725,8837.4738471958663
9726,8838.0421342856735
9727,8839.0552251009503
9728,8840.6587809611246
9729,8841.2147736999814
9730,8842.9131106537679
9731,8842.9308516752117
9732,8843.4047736100056
9733,8844.2586046466658
9734,8844.9758585905638
9735,8845.0631890072727
9736,8846.1706142757212
9737,8846.8377347359219
9738,8849.5176721630542
9739,8850.8680574807295
9740,8852.069777048373
9741,8852.9340129472021
9742,8853.9595374456567
9743,8855.1913738946678
9744,8855.8154488543223
9745,8856.8019986209074
9746,8857.7649224315937
9747,8858.576441006102
9748,8859.8938952855442
9749,8860.4396948606336
9750,8861.67991160155
9751,8862.2470227209815
9752,8862.8235412918657
9753,8863.3142540105327
9754,8864.0821730958396
9755,8864.3981390267018
9756,8864.7909228467925
9757,8866.0462968613247
9758,8867.1661432998244
9759,8867.7209922231468
9760,8869.3235354840963
9761,8870.24536803921
9762,8871.3963056610064
9763,8871.4785000973789
9764,8873.1814158985471
9765,8874.8511207632037
9766,8876.1675993265835
9767,8876.6555840136607
9768,8876.7920107966347
9769,8877.7041595249775
9770,8878.577267000157
9771,8879.6254253272327
9772,8880.82825222256
9773,8881.139195712376
9774,8882.2923506538409
9775,8882.9380159282828
9776,8883.1023950167546
9777,8884.4810834978125
9778,8884.8994177404293
9779,8885.4295454562653
9780,8886.1998915387794
9781,8887.1082306899443
9782,8887.7591152387849
9783,8889.7746524702416
9784,8890.3914833938034
9785,8890.7937060841559
9786,8891.6846235772337
9787,8894.6068017630059
9788,8895.7672533720797
9789,8896.1395168434337
9790,8896.5058980582471
9791,8898.1123318763985
9792,8898.3525192304405
9793,8899.3237098521859
9794,8899.9597406910725
9795,8900.6859296773582
9796,8901.2729147263217
9797,8902.6410655336331
9798,8903.9674820397522
9799,8904.1535923134452
9800,8905.978069999881
9801,8906.1046130330087
9802,8907.6018066462366
9803,8908.4167716774136
9804,8909.1512174685795
9805,8909.9662674729207
9806,8910.6029751473707
9807,8911.566941755078
9808,8912.2215363706655
9809,8913.9140410249165
9810,8914.7591574097714
9811,8915.329345343418
9812,8916.5274666954156
9813,8917.3730575965219
9814,8918.1210322023562
9815,8918.1961355356289
9816,8918.8055054166871
9817,8919.0112418044919
9818,8919.9876000293807
9819,8920.8327900886525
9820,8921.6443318867296
9821,8922.521947305464
9822,8923.273658647664
9823,8924.5793610190303
9824,8924.6869613907947
9825,8926.2503250581594
9826,8927.0647607326027
9827,8928.7571645282915
9828,8930.0614681415336
9829,8931.2992372859499
9830,8931.9284898690003
9831,8932.2523448844404
9832,8933.3431437076397
9833,8933.8940759803045
9834,8935.2513594290303
9835,8936.4202519267092
9836,8936.6572304360307
9837,8938.1739006691114
9838,8938.7101090025808
9839,8939.5776056272862
9840,8940.2674656832369
9841,8940.6330097067203
9842,8942.7731560395841
9843,8943.3976270301755
9844,8944.2669790960917
9845,8944.5197936415425
9846,8945.2740668197839
9847,8946.3072969460227
9848,8946.6123636734064
9849,8947.8731459098526
9850,8948.5367906561769
9851,8949.5299093636295
9852,8950.53796800694
9853,8951.3276842114064
9854,8952.3364280955357
9855,8952.5144567303669
9856,8954.2994183805731
9857,8954.3306029579562
9858,8955.4253745542337
9859,8955.5980160132603
9860,8956.6194958973265
9861,8957.4942031101727
9862,8958.3849994453376
9863,8959.0695403030968
9864,8959.6579794921236
9865,8960.8979888080612
9866,8961.3670574838161
9867,8962.2324384054682
9868,8962.8891227650129
9869,8963.1928836715542
9870,8965.0782090138728
9871,8966.7021681505812
9872,8968.0885044048719
9873,8969.0894263398368
9874,8969.6882418318201
9875,8970.1358184345045
9876,8970.9670205249713
9877,8971.9729096344236
9878,8972.4553670841051
9879,8972.9223642471788
9880,8973.6573301996559
9881,8974.0483778303278
9882,8974.3694167549511
9883,8975.6399147743141
9884,8977.671571607254
9885,8979.5279875487922
9886,8979.8112698016685
9887,8980.1139608568501
9888,8981.0128230351183
9889,8982.1285303243749
9890,8982.946357893903
9891,8983.9762092016626
9892,8985.2831368482712
9893,8986.2377060100316
9894,8987.245104482954
9895,8987.996409432084
9896,8989.3106704289003
9897,8990.9299902479706
9898,8991.6178756806694
9899,8992.1503978975161
9900,8993.8154835663172
9901,8993.931892112736
9902,8995.1002258191184
9903,8995.3329657695031
9904,8996.1210437964
9905,8997.1243521588003
9906,8997.1539712861941
9907,8998.4569312739713
9908,8999.8938620905192
9909,9000.4468992588809
9910,9002.5765736732101
9911,9003.1344822163355
9912,9004.3060956604022
9913,9004.6402401720134
9914,9006.7617613323382
9915,9006.9281792347174
9916,9007.6811447535547
9917,9008.8363992744034
9918,9009.8381942402921
9919,9010.437335792607
9920,9011.2527290192447
9921,9011.6544054571841
9922,9012.1158580930769
9923,9013.4240727091528
9924,9014.9853884009972
9925,9017.1178139635776
9926,9018.1785825277057
9927,9019.0070137669318
9928,9019.6967091780643
9929,9020.3832143647378
9930,9020.5452471258614
9931,9021.7076168319963
9932,9022.9796958409133
9933,9023.5465200536983
9934,9024.3596936027498
9935,9024.9394786359153
9936,9025.9918631564178
9937,9026.9544608577107
9938,9027.2341776697413
9939,9027.7718406446747
9940,9029.2825961699364
9941,9029.7561321163466
9942,9031.3366003798801
9943,9031.7868443329153
9944,9032.3536305806047
9945,9032.8258492840196
9946,9033.2783911470342
9947,9034.4763763666524
9948,9035.227321081431
9949,9035.9617318324235
9950,9037.3916235015731
9951,9038.0661900996965
9952,9038.5625579318857
9953,9039.1726552243563
9954,9040.5779382187775
9955,9040.9932261337835
9956,9041.9602772567905
9957,9042.102437165935
9958,9043.81066926315
9959,9044.4614341760353
9960,9045.4273546236072
9961,9046.6168145829797
9962,9047.2506586691907
9963,9048.7577938319755
9964,9050.6797949259417
9965,9051.2311520563853
9966,9051.4383407482037
9967,9052.380804719427
9968,9053.3620963356188
9969,9055.0383455511019
9970,9055.7124059325888
9971,9056.4908287632734
9972,9057.7334730292641
9973,9058.9886338686683
9974,9059.4211188598256
9975,9059.9857218074339
9976,9062.1310839309372
9977,9062.7821092820341
9978,9064.6848476329869
9979,9065.1924162358719
9980,9066.4038088179495
9981,9067.3191273036991
9982,9068.8357003705096
9983,9069.812791623146
9984,9070.2346841882336
9985,9070.6742881612681
9986,9072.4426703923873
9987,9073.0088148589512
9988,9074.4486158520867
9989,9075.4812134978129
9990,9075.8870575079072
9991,9077.08560017729
9992,9077.5239736081403
9993,9079.0188650097189
9994,9080.3578407151308
9995,9081.5076557843167
9996,9082.6901447204309
9997,9083.2391216849301
9998,9084.3403257155624
9999,9085.8707273358359
10000,9086.63134770131
10001,9088.1858041995365
10002,9090.064707185782
10003,9090.8865762437326
10004,9091.8278531620599
10005,9092.5291819023987
10006,9093.0134051049317
10007,9093.9973491526453
10008,9095.5152524128098
10009,9096.6170033205344
10010,9097.0210505523264
10011,9098.0674942130154
10012,9098.388501632413
10013,9099.0313145239707
10014,9100.0570674920255
10015,9100.5554212637981
10016,9101.3551487341938
10017,9102.6541708915847
10018,9103.6185557285862
10019,9104.0789412450722
10020,9104.5118309939171
10021,9106.1335687689971
10022,9106.5753026142502
10023,9107.8669247424168
10024,9108.0834386115148
10025,9109.4182976231587
10026,9109.8112626564944
10027,9111.2514465970962
10028,9112.2914930673251
10029,9112.7272130932415
10030,9113.2572834698985
10031,9114.3544123034735
10032,9114.8018110496596
10033,9115.5057340494004
10034,9115.6751750877775
10035,9116.8453676196987
10036,9117.9668254431472
10037,9118.8316567936763
10038,9119.4797167191209
10039,9120.3212927700915
10040,9121.6346838465397
10041,9122.399060525664
10042,9122.5897742390007
10043,9122.8234626644935
10044,9124.5536130298933
10045,9125.8867369813779
10046,9126.5138321692848
10047,9127.4100814518715
10048,9127.6715010859625
10049,9128.1699800252591
10050,9128.6374901140316
10051,9129.1933285636951
10052,9129.4981179041479
10053,9129.9458005271936
10054,9131.2490821145511
10055,9131.8112882665391
10056,9133.4796005301196
10057,9134.2610897070153
10058,9135.8992650318833
10059,9136.5072773883112
10060,9137.8838296644681
10061,9138.655037562301
10062,9139.7293871202255
10063,9140.5792465180675
10064,9141.4041591335426
10065,9141.8740388218321
10066,9142.8325194991285
10067,9143.5895990540885
10068,9144.661968565415
10069,9145.7167974538006
10070,9146.6827155330102
10071,9147.7121955568236
10072,9147.9626404767205
10073,9148.8824856551073
10074,9149.4493131211711
10075,9152.3161953782019
10076,9152.8733660405414
10077,9153.9985632832213
10078,9155.2780528660242
10079,9157.0995770470545
10080,9158.3207730561971
10081,9159.2600247882438
10082,9160.4006303275091
10083,9161.332672702245
10084,9162.9589531538459
10085,9163.3020422910213
10086,9164.1407699204319
10087,9164.7399702663861
10088,9166.0059321005883
10089,9166.4958605607953
10090,9166.6744575593457
10091,9168.3408766452849
10092,9168.7156255411664
10093,9169.3944347411416
10094,9169.8835437579546
10095,9170.9347446362372
10096,9171.2406663679121
10097,9172.8467958026504
10098,9173.2948133567825
10099,9174.2558753638641
10100,9176.0852236014052
10101,9176.389511210511
10102,9177.4450783133325
10103,9178.3930023805915
10104,9179.1041529910017
10105,9179.4862594668502
10106,9180.8171561160907
10107,9181.8876808357054
10108,9182.8084581908261
10109,9183.4108452812015
10110,9184.3144499699629
10111,9185.0518726669652
10112,9185.8482047916914
10113,9186.4666203049801
10114,9187.1392646593558
10115,9188.100244910127
10116,9188.6939448173089
10117,9189.3805198358605
10118,9190.6010038200184
10119,9191.5080460626377
10120,9191.9967914203062
10121,9192.2847471923669
10122,9193.8710716950372
10123,9194.2274317134106
10124,9195.0575115598967
10125,9195.2622821000568
10126,9195.8970696947672
10127,9196.8880368499995
10128,9198.5801032621148
10129,9198.825991623331
10130,9199.7266447226157
10131,9200.5389900348109
10132,9201.1409207311899
10133,9202.4976569989794
10134,9202.8325169839482
10135,9203.133210769689
10136,9203.9987729225577
10137,9205.1179776178215
10138,9205.8325724114857
10139,9207.1429959645393
10140,9208.5413712453319
10141,9208.8736087496745
10142,9210.2883526691967
10143,9210.8011103729186
10144,9211.9857784222131
10145,9213.0464998212428
10146,9215.0183950293667
10147,9215.8196665837386
10148,9216.4033665254683
10149,9217.8156440653238
10150,9219.2205687754667
10151,9220.8557288170268
10152,9221.8931417560798
10153,9222.5470223337979
10154,9223.5682318781455
10155,9224.1770295766692
10156,9225.5463310267605
10157,9227.3578909794032
10158,9227.6253603356872
10159,9230.0424859032883
10160,9230.6857379352405
10161,9231.1276389740869
10162,9231.5596814332366
10163,9232.4293413824707
10164,9233.4075806487945
10165,9234.4570367707165
10166,9234.8565826521899
10167,9235.5735068547237
10168,9236.0467141718818
10169,9237.5030260993663
10170,9238.439606191514
10171,9238.7371442219537
10172,9239.9782628355497
10173,9240.8116160205882
10174,9241.246868858927
10175,9241.6286557497897
10176,9243.5873893422377
10177,9243.8438040092369
10178,9244.9217168793239
10179,9245.3483391089339
10180,9245.8394197661892
10181,9246.3481494290118
10182,9246.9500920666051
10183,9247.3143403149115
10184,9247.5762385393191
10185,9248.7923012932497
10186,9249.0597486484803
10187,9249.8961727531514
10188,9250.4767993736168
10189,9251.7906447403693
10190,9252.4043773777357
10191,9253.6033300835552
10192,9254.7814644759583
10193,9255.2465974821534
10194,9255.8578264625085
10195,9257.0296671123451
10196,9258.4624396042345
10197,9258.9076384481978
10198,9260.1819087911626
10199,9260.6169613045313
10200,9261.1560157417316
10201,9262.3899665156459
10202,9264.0236946004115
10203,9264.4208026939086
10204,9265.2396734833183
10205,9266.9731831135214
10206,9267.8468529435249
10207,9267.9950161258912
10208,9268.7543662798307
10209,9269.9672210408771
10210,9272.2842393916835
10211,9272.9278449279773
10212,9273.0219679405254
10213,9273.9261409816027
10214,9275.1283201243896
10215,9276.2282332398499
10216,9276.8929557707761
10217,9277.1503623057688
10218,9278.5623334039919
10219,9280.083324759933
10220,9281.0913039520347
10221,9281.3358553572471
10222,9282.6913213614516
10223,9282.9064381383305
10224,9285.0165513197553
10225,9285.5219424877741
10226,9286.6965607645507
10227,9287.5907569999054
10228,9287.9392116963281
10229,9288.3561527170368
10230,9288.7458240801625
10231,9289.8665267485012
10232,9290.9822719771546
10233,9291.4065299418944
10234,9292.3504328933923
10235,9292.6819863884702
10236,9293.9807704615559
10237,9295.5288630176401
10238,9296.5624292951161
10239,9297.7197698291147
10240,9298.3084525019058
10241,9298.6022049093845
10242,9299.3387342407841
10243,9300.47104064618
10244,9301.9146697231827
10245,9303.0002040460586
10246,9304.129103936868
10247,9305.0782737471327
10248,9306.3671058428517
10249,9307.6351565587156
10250,9308.1660908950653
10251,9309.8134661905679
10252,9311.4057461223038
10253,9312.0955970286577
10254,9312.7146879013981
10255,9313.0650589045417
10256,9314.3351023855048
10257,9315.7356472042338
10258,9316.1958277238919
10259,9317.5352513681555
10260,9318.5431624699631
10261,9319.06423937205
10262,9320.3534538345284
10263,9321.1699253726983
10264,9321.6831950604665
10265,9322.8728875558027
10266,9324.0380051174561
10267,9324.4458904701296
10268,9325.3943828850515
10269,9325.8859410031619
10270,9327.3868825093487
10271,9328.3555282609632
10272,9329.8264733473916
10273,9330.5846485139282
10274,9331.0547831349104
10275,9332.4326218654842
10276,9333.4234867906143
10277,9334.3081680005707
10278,9334.8396173998808
10279,9336.5259311736754
10280,9337.9386622668972
10281,9338.7203426553151
10282,9339.1191034214571
10283,9340.281711917225
10284,9340.4085575448025
10285,9341.1998386821142
10286,9341.9504917493214
10287,9342.6033495964202
10288,9343.586209844656
10289,9345.3996554679652
10290,9346.7289234710206
10291,9348.1443351160924
10292,9349.0069235150459
10293,9349.4668078865288
10294,9350.6842357185596
10295,9351.1055343465396
10296,9352.3109494578803
10297,9352.6393121002002
10298,9354.289242067809
10299,9354.783679942022
10300,9356.0845490675092
10301,9356.7410070412061
10302,9357.1485740065818
10303,9357.5473777448424
10304,9358.3184215798465
10305,9358.6412649222329
10306,9359.6649511806936
10307,9360.8972688903759
10308,9362.209355486717
10309,9362.8369324202795
10310,9364.0227126404916
10311,9364.9310205338788
10312,9365.6914799591141
10313,9366.1761622413469
10314,9367.0505657144931
10315,9367.8806148656822
10316,9368.3774850688278
10317,9369.2374808703171
10318,9369.9070323400265
10319,9370.1416604479
10320,9371.2100085841012
10321,9372.7154100965654
10322,9373.9461088581429
10323,9374.3364661461674
10324,9375.7089402357324
10325,9376.6147831304606
10326,9376.867484864908
10327,9378.3693620581926
10328,9379.0251135752969
10329,9379.9155003881115
10330,9382.2273464635255
10331,9382.824242270066
10332,9383.7067186595414
10333,9383.9094331667529
10334,9385.1508454026571
10335,9385.5672896246397
10336,9387.1857631074818
10337,9387.9471355092301
10338,9388.3186760505723
10339,9388.8379619123261
10340,9389.8514118164021
10341,9390.1753035853872
10342,9390.8776810184227
10343,9392.1817233382662
10344,9392.9687965799712
10345,9393.9819347884895
10346,9394.2221270482769
10347,9396.056786304347
10348,9396.4969436776191
10349,9397.0494442175914
10350,9397.5873343050771
10351,9398.2795347702286
10352,9399.3499637711066
10353,9399.6003266392145
10354,9400.3074608172992
10355,9401.7338105959334
10356,9402.9523261024915
10357,9403.3878782473766
10358,9404.4532994162091
10359,9406.4811249835711
10360,9406.8034333652795
10361,9407.7376057610181
10362,9408.9934045152004
10363,9409.3475344563612
10364,9410.3815772240687
10365,9411.246709896528
10366,9412.5256440616122
10367,9412.97505129403
10368,9414.0771135819359
10369,9414.7070707452476
10370,9416.1123979076929
10371,9416.5806794393484
10372,9418.0245927183259
10373,9418.7815685419082
10374,9419.5005674465992
10375,9420.3468172304292
10376,9421.0422957254177
10377,9421.8694961760102
10378,9422.9549121219152
10379,9426.2298516379087
10380,9426.7180348341863
10381,9427.2386839857754
10382,9428.5757136114116
10383,9429.9310364030152
10384,9431.1004020877954
10385,9432.1269386308741
10386,9433.5893728240644
10387,9434.7550377293028
10388,9435.7729045595497
10389,9436.1666249677528
10390,9437.0919991531991
10391,9437.3533985063896
10392,9437.9761183396568
10393,9439.1666207809449
10394,9441.2419782412981
10395,9442.7391368971166
10396,9443.2450033665591
10397,9443.3308436463776
10398,9444.7221352957622
10399,9445.1397809118753
10400,9446.6150103670534
10401,9447.7496946940446
10402,9448.1804766582081
10403,9448.8364761707653
10404,9449.5424853082568
10405,9449.810391380106
10406,9450.6183196770417
10407,9450.9143773198066
10408,9452.2514556651586
10409,9452.8950775027315
10410,9452.9831043225622
10411,9454.6060049294974
10412,9455.053360959917
10413,9455.790101652774
10414,9456.0291247989589
10415,9457.7916585083058
10416,9457.9771224923534
10417,9458.8812678663435
10418,9459.1881520383668
10419,9460.1198786655259
10420,9460.6032489228601
10421,9461.6061459089433
10422,9462.1759571209677
10423,9462.7637060483557
10424,9463.9695394470818
10425,9465.7783951415695
10426,9466.1697786477944
10427,9467.3827526404166
10428,9467.6865852358605
10429,9470.2365426647248
10430,9471.568336633678
10431,9472.9855139574956
10432,9473.333367697267
10433,9474.8145658487556
10434,9475.5002307684681
10435,9475.9364154044379
10436,9477.4745989578041
10437,9479.3817964097161
10438,9479.9896823729123
10439,9480.9121084772596
10440,9481.6116375956044
10441,9482.3923997821294
10442,9483.2137799594566
10443,9484.3517015741763
10444,9484.9854345229687
10445,9485.3904492689235
10446,9486.0460694454905
10447,9487.1746231290545
10448,9487.7206151277587
10449,9488.4010450692203
10450,9490.1554596522492
10451,9490.988721044976
10452,9492.3650376025653
10453,9492.4260862418487
10454,9493.4865774053305
10455,9494.3445936494099
10456,9495.1765651789228
10457,9496.1925410759504
10458,9496.9901814766963
10459,9497.7274341029697
10460,9499.1032779159304
10461,9501.4680497297613
10462,9501.5158466251014
10463,9501.9207639261767
10464,9502.7739891952788
10465,9503.2775903328293
10466,9504.2505841867805
10467,9504.9776249830757
10468,9505.9543935959937
10469,9507.5655909454763
10470,9507.7996121871547
10471,9509.9367758809858
10472,9511.9896318968931
10473,9513.5127153907179
10474,9514.6864493880166
10475,9515.6295027547676
10476,9516.0461942649472
10477,9516.6665374374152
10478,9517.0521986064396
10479,9517.5052774275537
10480,9518.1446807633947
10481,9518.4023872544676
10482,9520.4056145948525
10483,9520.9348663438268
10484,9521.7172131504794
10485,9522.6221882298578
10486,9523.438080220043
10487,9523.7842870677177
10488,9524.2757304925217
10489,9524.666602697167
10490,9525.4410850337426
10491,9526.6227137688238
10492,9526.8036301746379
10493,9527.9255466464892
10494,9528.3539416887379
10495,9528.705785003147
10496,9529.9678650469486
10497,9531.5345327620853
10498,9532.0087408976142
10499,9532.3590353609852
10500,9533.3421953084689
10501,9533.730212791932
10502,9535.1702023436992
10503,9535.6118940013621
10504,9536.88150873624
10505,9537.2404489339642
10506,9538.9233518941037
10507,9539.9050684231534
10508,9541.3175084837749
10509,9542.144939717411
10510,9542.797075840328
10511,9542.977527285555
10512,9544.0092603587127
10513,9544.7436481848472
10514,9546.0609518282308
10515,9546.765453439104
10516,9547.1727583034153
10517,9548.1880237845908
10518,9548.5624947629549
10519,9550.5788774761822
10520,9551.8805597508272
10521,9551.9231486147492
10522,9552.8071819289016
10523,9553.7374657929631
10524,9554.8453919361109
10525,9555.4400414756401
10526,9556.3322556966377
10527,9557.031946933419
10528,9557.4797416577203
10529,9558.3771632313437
10530,9558.6998910692146
10531,9558.9125631542483
10532,9560.8433214403321
10533,9561.4865208411557
10534,9563.5080672650183
10535,9564.5151245657544
10536,9565.7157690414169
10537,9567.4608304314534
10538,9567.6188928066458
10539,9568.6316774096558
10540,9569.07371503379
10541,9570.1514794133182
10542,9570.7313765057606
10543,9571.1424540541339
10544,9572.0819812024893
10545,9573.1215410966652
10546,9573.831565563798
10547,9574.1031053125935
10548,9574.5907180478989
10549,9575.7964937713932
10550,9576.5672583158703
10551,9578.1169354455196
10552,9579.1671666077782
10553,9581.1511633277205
10554,9581.2660966376698
10555,9582.4656788913326
10556,9582.8139905511762
10557,9583.4177455984263
10558,9585.1459404108809
10559,9585.4032844416251
10560,9587.3827930388416
10561,9588.4413103228399
10562,9589.1073032050608
10563,9590.4850122588305
10564,9591.1492433395597
10565,9592.3442665625425
10566,9593.072357091296
10567,9593.4114075343932
10568,9593.9016893955722
10569,9595.0783989918564
10570,9595.7392676636446
10571,9596.2930141100242
10572,9597.6885815911264
10573,9598.1087103360951
10574,9599.2756558133715
10575,9601.1416805984973
10576,9602.3763261343956
10577,9603.256777537963
10578,9603.5612764234811
10579,9604.6302579079002
10580,9605.4989676034638
10581,9607.0047117861886
10582,9607.4768213605003
10583,9608.6205042862894
10584,9609.2310312424033
10585,9609.8838037654787
10586,9610.6777313744933
10587,9611.6726177072378
10588,9612.2581887652741
10589,9613.0747714795689
10590,9613.5299185917083
10591,9614.4978346056032
10592,9614.7286874862439
10593,9615.1523563114461
10594,9615.7308690782666
10595,9617.0447318376882
10596,9617.9600794778744
10597,9619.0543120734583
10598,9619.2925174097054
10599,9620.6110775304151
10600,9621.8164348464888
10601,9622.1513986226873
10602,9622.7807185697675
10603,9623.4572458182611
10604,9624.5617513767284
10605,9625.107524360923
10606,9626.4279369502674
10607,9627.3935838446632
10608,9629.3622846942671
10609,9629.8023262264542
10610,9630.8366901425616
10611,9631.3861824716987
10612,9632.0010946952407
10613,9633.8443577982907
10614,9634.6442381428897
10615,9635.6009570531824
10616,9636.1350620195553
10617,9637.1479514125313
10618,9637.561176793477
10619,9639.5813053632228
10620,9640.4946269372358
10621,9641.1307482009397
10622,9641.5792448126867
10623,9644.2195411725916
10624,9644.967533722689
10625,9646.956978295033
10626,9648.0591763855282
10627,9648.9092402879269
10628,9649.8332775203908
10629,9649.9380027788957
10630,9650.2217412074642
10631,9653.1091585209761
10632,9653.8965640746301
10633,9654.1443192796178
10634,9655.3579492247209
10635,9655.9796248824605
10636,9657.9604084919374
10637,9659.0434236560432
10638,9659.2698979503784
10639,9660.3296754610456
10640,9660.7791935515488
10641,9661.4011527525654
10642,9663.3536772331645
10643,9664.7957358179101
10644,9665.6165535519885
10645,9666.0611317917901
10646,9666.2703429769281
10647,9667.0597993596839
10648,9667.2878686407457
10649,9667.9176474007418
10650,9668.1011563873562
10651,9669.7711023357733
10652,9670.2843987445412
10653,9672.0328335430895
10654,9672.351423316195
10655,9673.5038888903127
10656,9674.5097882322934
10657,9675.1601729777503
10658,9675.7719162568083
10659,9676.5498460695271
10660,9677.3965995424242
10661,9677.5145393812309
10662,9678.3438021667553
10663,9678.4535038032791
10664,9680.1908695666625
10665,9680.6499093163402
10666,9682.0869489899233
10667,9682.5574402341244
10668,9683.8037381132635
10669,9684.4927933587642
10670,9684.9994864260498
10671,9686.3574370563838
10672,9686.9266253277365
10673,9687.7079239425784
10674,9688.3838308290306
10675,9689.6244340634839
10676,9691.2494989352217
10677,9692.116989186432
10678,9692.9616112509102
10679,9693.7473586273081
10680,9694.3945366272292
10681,9695.751186680618
10682,9696.2398022398866
10683,9697.0293617547995
10684,9698.287628276772
10685,9699.2949767613645
10686,9700.1465195990531
10687,9700.7230786395958
10688,9703.0522491242082
10689,9703.3814218565676
10690,9704.4465423592101
10691,9705.3686800921441
10692,9706.7507220338975
10693,9707.2869943088972
10694,9708.3723398799102
10695,9709.4010598005771
10696,9709.7332606588334
10697,9710.9255736043142
10698,9712.4178902471285
10699,9713.4856916589106
10700,9714.3616281153136
10701,9714.7664685857926
10702,9715.9104715005178
10703,9716.7757409075584
10704,9717.4850752981529
10705,9718.7206722154424
10706,9718.8643620622097
10707,9719.5582733932642
10708,9720.383643535426
10709,9722.1969654630266
10710,9722.6937808175626
10711,9723.2909302536045
10712,9723.8832882423394
10713,9725.900391627536
10714,9726.5015112388428
10715,9727.5731691754736
10716,9728.6063232791857
10717,9729.1444613938002
10718,9729.5988382191917
10719,9730.5916797039099
10720,9731.9501369747995
10721,9732.5361360030183
10722,9735.2060835921493
10723,9735.4952646336496
10724,9735.9920377943236
10725,9736.3210447074398
10726,9736.9906090380737
10727,9737.4073891766038
10728,9738.6631676803427
10729,9740.5937708490055
10730,9740.9232856627714
10731,9741.8467597064791
10732,9743.8838898834038
10733,9744.4942786345055
10734,9745.1897123193303
10735,9746.6828634587782
10736,9748.1727844494562
10737,9748.3891345360316
10738,9749.8348282554798
10739,9750.4011809471867
10740,9752.0876278977794
10741,9752.2005168893465
10742,9753.9028302116658
10743,9755.2704004088846
10744,9756.5159497505811
10745,9757.3835351898997
10746,9758.0820324170527
10747,9759.1914902762746
10748,9759.6377629850049
10749,9760.7598817843245
10750,9761.5611261499871
10751,9762.7735123262264
10752,9763.3046133359167
10753,9764.2322077016634
10754,9764.9505770820761
10755,9765.8570088911256
10756,9767.3993868027919
10757,9768.8470421578386
10758,9769.8228285683472
10759,9770.9394852014193
10760,9772.7731256787265
10761,9773.2927385471903
10762,9774.4171630921537
10763,9775.61216917817
10764,9776.1059772844019
10765,9776.5527679703009
10766,9777.3788303945166
10767,9778.422305204911
10768,9778.7397859357952
10769,9779.4840158705174
10770,9781.4530201603011
10771,9782.2920253193824
10772,9782.8058209016144
10773,9783.4479036320499
10774,9783.9555178619212
10775,9784.660241746793
10776,9785.4256661354302
10777,9786.0587656572025
10778,9786.9297495343781
10779,9787.2487520167087
10780,9787.6516444349982
10781,9789.041453222193
10782,9789.1827065451671
10783,9790.1084374643688
10784,9790.5144693737493
10785,9792.064597173041
10786,9792.5921363298603
10787,9793.2170833219516
10788,9793.8013655079321
10789,9795.0990970350176
10790,9795.2495272060532
10791,9795.376946734119
10792,9797.169212979732
10793,9798.389074532728
10794,9798.9371317482091
10795,9799.693338716841
10796,9800.426051547518
10797,9800.7772978574249
10798,9801.8437651146378
10799,9802.9021527417099
10800,9803.0931146898292
10801,9803.6819078496956
10802,9804.233629385717
10803,9804.750937592431
10804,9805.6058759404459
10805,9806.7454560560436
10806,9807.104893046142
10807,9807.3884108064176
10808,9809.3101957264844
10809,9809.9151142215906
10810,9811.0453001246915
10811,9812.5558956870827
10812,9813.6774933193719
10813,9813.757954129831
10814,9814.4027862652983
10815,9815.7293760320263
10816,9816.4944280836971
10817,9817.357285578606
10818,9817.6490894633062
10819,9818.4602594232638
10820,9819.3533691696139
10821,9820.6644006016177
10822,9820.9372154394714
10823,9821.4328142732738
10824,9822.4955019341469
10825,9823.7364120866187
10826,9824.1679190893719
10827,9826.2833134629946
10828,9827.7923412903092
10829,9829.4178283347119
10830,9830.6133829940209
10831,9831.382458457545
10832,9831.621904975369
10833,9832.6489519488732
10834,9833.2644551950252
10835,9833.7757612504192
10836,9834.2292127745459
10837,9835.0359969383262
10838,9836.4022137546672
10839,9836.8299292289175
10840,9838.461494919593
10841,9839.2530011307626
10842,9840.2961205194479
10843,9840.6522337689821
10844,9842.6214566170729
10845,9842.7869474384261
10846,9843.5717108309582
10847,9844.7331867647044
10848,9845.4454814827877
10849,9846.1012846828762
10850,9846.7473048725915
10851,9847.6128745181832
10852,9847.9699409458735
10853,9849.5077177981093
10854,9850.4824749301515
10855,9851.7634127844831
10856,9852.6839556136038
10857,9853.831951280119
10858,9855.2923052639471
10859,9856.3957739276339
10860,9857.5293673982196
10861,9857.7540614192239
10862,9858.8284024904733
10863,9860.101704478051
10864,9860.5121880102397
10865,9861.4845565010255
10866,9862.1301694188769
10867,9864.6474487196883
10868,9865.6186984421911
10869,9865.8015747483605
10870,9866.6777311423175
10871,9867.6232093659564
10872,9868.8080561928346
10873,9869.6606506459029
10874,9869.9596547589081
10875,9870.3029774695697
10876,9871.3290692010796
10877,9872.0858589394447
10878,9872.6096449884426
10879,9873.0314673298126
10880,9873.6635127711706
10881,9874.614848908217
10882,9874.7208401916814
10883,9876.698402747601
10884,9877.0165118411569
10885,9877.7784354126125
10886,9878.2081519662752
10887,9879.2443574540157
10888,9880.0448795574066
10889,9881.4629825275642
10890,9883.0528003804393
10891,9884.4932403569874
10892,9884.8008661519125
10893,9885.6135439012251
10894,9886.5371209202785
10895,9887.0473220627373
10896,9887.8179766416142
10897,9888.0595033176232
10898,9889.5627651497489
10899,9890.3232163624598
10900,9891.15953430628
10901,9892.344752140214
10902,9892.6354799105429
10903,9894.0990206298065
10904,9895.3937329369001
10905,9896.6106356601013
10906,9896.7798768454486
10907,9898.1594969916569
10908,9899.6596217736787
10909,9900.0634317565273
10910,9900.4095639018178
10911,9901.1089947807232
10912,9901.7994623164177
10913,9903.0841425090694
10914,9904.2361487287999
10915,9904.850211400475
10916,9905.6359256782616
10917,9907.1650760035227
10918,9907.7308257889272
10919,9909.7290503942531
10920,9909.9984210317944
10921,9910.5077848188812
10922,9911.9412317560345
10923,9912.2919223025838
10924,9913.2197879747673
10925,9914.5944014579345
10926,9916.2447017496106
10927,9916.4786481196716
10928,9917.3528477172895
10929,9917.7012231120352
10930,9918.9997475272685
10931,9919.1892759342245
10932,9920.0877938782378
10933,9921.4299129648971
10934,9922.599565459961
10935,9922.9771249971545
10936,9924.9970879740104
10937,9925.7590994247676
10938,9927.5815302541796
10939,9928.1057060005805
10940,9928.3591095824904
10941,9930.339702075431
10942,9932.2626755701003
10943,9933.4089376089742
10944,9934.1627612783741
10945,9935.2793378376409
10946,9936.1801829414635
10947,9937.7583169877562
10948,9938.9200359920687
10949,9939.3751807299741
10950,9940.2215251733105
10951,9940.4757581628674
10952,9941.1279059587177
10953,9941.5371907438366
10954,9942.635881915905
10955,9943.4806915521112
10956,9944.3567312936884
10957,9945.07040709787
10958,9945.7284151925451
10959,9946.9494137473448
10960,9947.7610364899338
10961,9948.8695523105253
10962,9949.7813333086669
10963,9949.9007401606268
10964,9951.5878334732533
10965,9952.0749259489003
10966,9953.2412154686062
10967,9953.9436920025073
10968,9954.8175987518316
10969,9955.6025722010727
10970,9955.9105186882825
10971,9957.1091568981265
10972,9957.4596934426354
10973,9957.9707806301376
10974,9958.4344134241655
10975,9959.3950776361762
10976,9960.1494354923288
10977,9961.4813833676853
10978,9961.9987100902308
10979,9962.5868062754362
10980,9963.6355286835733
10981,9965.2567712016771
10982,9965.6516213092018
10983,9966.51957982354
10984,9967.3454078504928
10985,9967.8831838567312
10986,9969.4859193822522
10987,9969.9069707521121
10988,9972.1091117672204
10989,9972.415483343555
10990,9975.300688751795
10991,9975.9011039897359
10992,9976.1043778999046
10993,9978.4324360919236
10994,9979.2287075256027
10995,9979.6703546687895
10996,9980.6684792521482
10997,9982.8971314958253
10998,9984.234836442427
10999,9984.5894199129962
11000,9985.1097411489263
11001,9985.384613158174
11002,9986.1547107684291
11003,9986.4740796645747
11004,9988.8567610574646
11005,9989.3232718272629
11006,9990.6141844147187
11007,9992.4736587442967
11008,9992.9629469131323
11009,9993.68760500403
11010,9994.6039824924719
11011,9995.00706188002
11012,9995.5120102726651
11013,9996.1564724531145
11014,9996.9886655387891
11015,9997.577856556014
11016,9997.9390267189319
11017,9998.9369857445381
11018,9999.2813687820089
11019,10000.277724596795
11020,10002.134652217581
11021,10002.403492090813
11022,10002.737003000037
11023,10004.388168634907
11024,10004.671387226577
11025,10006.517808731831
11026,10007.501252781723
11027,10009.002842600119
11028,10009.64029600916
11029,10010.73733245097
11030,10011.079202805173
11031,10011.728460220929
11032,10012.315586813273
11033,10012.663253973908
11034,10012.986976014572
11035,10014.057050577518
11036,10015.148131637912
11037,10016.05558299521
11038,10016.580355011698
11039,10016.766757015233
11040,10018.996734345232
11041,10019.126655130673
11042,10021.19522991552
11043,10021.51651753572
11044,10022.429936856737
11045,10024.289697715352
11046,10024.438766763038
11047,10024.824652042607
11048,10027.000008611614
11049,10028.956869977514
11050,10029.425507802756
11051,10029.603383894215
11052,10030.920503053059
11053,10033.036860658436
11054,10033.79920102424
11055,10034.278233817471
11056,10036.556428641978
11057,10036.938919470575
11058,10037.189568485202
11059,10037.684278369816
11060,10039.175394083009
11061,10039.796105879501
11062,10040.610623188557
11063,10040.925416924505
11064,10042.139855533656
11065,10043.251678177086
11066,10043.738809045153
11067,10044.463219980942
11068,10044.95083100406
11069,10045.925139851404
11070,10046.829072962078
11071,10047.0659090801
11072,10048.078186930294
11073,10048.682141606681
11074,10049.906798742208
11075,10050.752363085925
11076,10052.217428805667
11077,10052.654654816612
11078,10054.034558422311
11079,10054.277540039577
11080,10055.650171602216
11081,10056.620773828321
11082,10057.163871332838
11083,10058.860479749055
11084,10059.514267274579
11085,10059.845785405725
11086,10061.732933503863
11087,10061.921037907485
11088,10062.903153815278
11089,10063.693427575796
11090,10064.202191428451
11091,10064.66048262967
11092,10065.657985801321
11093,10066.322356790328
11094,10068.171893448196
11095,10069.210840803935
11096,10070.547408740866
11097,10071.809907332588
11098,10072.608292880421
11099,10073.588986154024
11100,10073.952045945252
11101,10075.308563010316
11102,10075.839067143528
11103,10077.343343392902
11104,10077.892792010805
11105,10079.664810914257
11106,10080.472794933085
11107,10081.142279129708
11108,10081.498454932987
11109,10083.169088275155
11110,10083.398526146195
11111,10084.217544989035
11112,10085.879899693038
11113,10086.89750124165
11114,10087.309380909197
11115,10088.134384497433
11116,10089.557181281612
11117,10089.763658859069
11118,10091.799835727879
11119,10092.38778337937
11120,10093.292157572154
11121,10093.505523383021
11122,10094.807529231643
11123,10095.78875000353
11124,10096.566275290861
11125,10097.190263551316
11126,10098.145203721466
11127,10099.693570648144
11128,10100.27901454618
11129,10100.685824504471
11130,10102.275790252655
11131,10104.669005208185
11132,10105.677239627888
11133,10105.893262189882
11134,10107.513656061674
11135,10108.125679029827
11136,10108.337512043188
11137,10108.559229219969
11138,10108.99170463964
11139,10109.506200339814
11140,10109.836497987151
11141,10112.052377563723
11142,10112.21694826591
11143,10112.501666812544
11144,10112.924012992875
11145,10114.485174731002
11146,10115.063013185614
11147,10116.624874545383
11148,10117.217429634362
11149,10118.153498271135
11150,10118.992619896288
11151,10119.623271226896
11152,10120.933287543465
11153,10121.406944536335
11154,10121.687948210001
11155,10122.821685734796
11156,10123.235735401286
11157,10124.95915490908
11158,10125.392802718125
11159,10126.727009507555
11160,10127.900744658302
11161,10128.829196797227
11162,10129.426883768949
11163,10130.044889873476
11164,10130.668604027531
11165,10131.082497583284
11166,10131.389971518085
11167,10132.278788211843
11168,10133.043210039117
11169,10134.511900840113
11170,10135.115256155163
11171,10136.659009588384
11172,10137.461436045662
11173,10138.181334731269
11174,10138.249415685679
11175,10140.17923922613
11176,10140.755292128353
11177,10141.581684008321
11178,10142.55995944783
11179,10143.223677072338
11180,10143.657227454121
11181,10145.822584916426
11182,10146.845028673302
11183,10147.050586086327
11184,10147.507895815421
11185,10148.738210380698
11186,10149.32264037423
11187,10150.543189563965
11188,10152.142460583214
11189,10152.621604186972
11190,10154.110842772159
11191,10154.146353572403
11192,10154.713168873086
11193,10156.15734263667
11194,10156.625368693221
11195,10157.050420545998
11196,10158.614422166518
11197,10159.141989328045
11198,10159.888863007927
11199,10161.409752587188
11200,10161.526672960654
11201,10163.474183446739
11202,10163.775710749018
11203,10164.518523224102
11204,10165.814769031897
11205,10166.294270932915
11206,10166.890270812213
11207,10168.524511249725
11208,10169.173823832305
11209,10169.809825160835
11210,10170.742817487535
11211,10171.040153449367
11212,10171.419513617777
11213,10172.58774703726
11214,10173.695303998767
11215,10174.525989390228
11216,10176.131591142921
11217,10176.515981447585
11218,10178.320060199487
11219,10179.242555735009
11220,10180.231356077564
11221,10180.615228914261
11222,10181.998338455836
11223,10182.72559310334
11224,10183.883059002239
11225,10184.92602065627
11226,10185.122283552255
11227,10188.094620609809
11228,10188.602710677942
11229,10190.090276828432
11230,10190.947723284777
11231,10192.543985247063
11232,10193.598509825661
11233,10195.074947534933
11234,10195.466233065679
11235,10196.400464440989
11236,10197.515618721285
11237,10198.481603886901
11238,10198.830670608433
11239,10199.741687236774
11240,10200.370056593871
11241,10201.646134097116
11242,10202.594642845988
11243,10203.754336927044
11244,10204.395727672278
11245,10205.380627185648
11246,10206.260793239804
11247,10207.174088953654
11248,10208.185283921355
11249,10208.729304579678
11250,10210.088318394126
11251,10210.703176033692
11252,10211.862474821233
11253,10213.445446560625
11254,10213.646628638769
11255,10214.65219700456
11256,10216.736559336538
11257,10217.256832417061
11258,10217.494877287083
11259,10218.401314741561
11260,10218.912569622193
11261,10219.633525869205
11262,10220.605599825611
11263,10220.988923737788
11264,10221.393418736721
11265,10222.991617389789
11266,10223.330657968909
11267,10223.935182814779
11268,10224.071486393706
11269,10225.488670403975
11270,10226.186508027378
11271,10226.842816661485
11272,10227.159042167623
11273,10227.355754563918
11274,10227.948323935094
11275,10229.00468907641
11276,10229.466069519924
11277,10230.019651894243
11278,10231.376633436697
11279,10232.119667884666
11280,10232.80337869584
11281,10233.817865954614
11282,10234.628900324931
11283,10235.298288264554
11284,10236.065459385467
11285,10236.518546107991
11286,10237.582497339088
11287,10237.86335571016
11288,10239.461936604546
11289,10240.393536469423
11290,10241.13103145288
11291,10242.21747064231
11292,10243.996933141621
11293,10244.801302041584
11294,10245.098810332094
11295,10245.777062454566
11296,10247.02466981004
11297,10248.344763914827
11298,10249.032011309446
11299,10249.457647746582
11300,10250.860360154937
11301,10252.112629625546
11302,10253.440820629978
11303,10254.331292721081
11304,10254.522145846153
11305,10255.86154858251
11306,10257.52975871437
11307,10257.568705247522
11308,10258.434891704905
11309,10260.107867270295
11310,10261.245706039103
11311,10261.655872461894
11312,10262.64032839008
11313,10264.781619761647
11314,10265.989105607989
11315,10266.121009754846
11316,10267.285997957235
11317,10267.801821683659
11318,10268.648247437482
11319,10269.753777585822
11320,10271.666386820341
11321,10272.428551671326
11322,10273.91028297173
11323,10274.340870852197
11324,10275.607031183623
11325,10276.331924497321
11326,10276.818380624445
11327,10277.598806262427
11328,10278.133788555404
11329,10278.493009755353
11330,10280.630696916718
11331,10281.30884576393
11332,10283.278485289688
11333,10283.770840013472
11334,10284.442326804221
11335,10285.826269108855
11336,10286.419730926644
11337,10287.271912798346
11338,10287.754182740307
11339,10287.992856734822
11340,10289.299995777668
11341,10289.822557327499
11342,10290.305973686098
11343,10291.220687605914
11344,10292.367004674667
11345,10292.812858697631
11346,10294.26930841982
11347,10295.050398659399
11348,10296.738870745206
11349,10296.862752562623
11350,10297.636190482033
11351,10298.5058409542
11352,10299.705022397653
11353,10300.272883607418
11354,10301.691501458441
11355,10302.534706173719
11356,10303.283946957161
11357,10305.553628818732
11358,10305.631458299711
11359,10306.852331611944
11360,10307.839541634525
11361,10309.06731132494
11362,10309.235480089308
11363,10309.987275349267
11364,10311.393035909485
11365,10312.170646039522
11366,10312.307080296549
11367,10312.838271333598
11368,10313.937519491625
11369,10314.418199836244
11370,10315.907236069592
11371,10316.428775096449
11372,10317.089783842152
11373,10318.093003475444
11374,10319.334439708675
11375,10319.618667416238
11376,10321.635220093394
11377,10322.670402871991
11378,10323.88001493815
11379,10324.527193117136
11380,10325.392995071348
11381,10326.619041935181
11382,10326.934985690797
11383,10327.854024353186
11384,10328.009992067264
11385,10330.135866777797
11386,10331.297934190501
11387,10332.126031241713
11388,10332.525998916002
11389,10332.91635734324
11390,10333.849199615559
11391,10334.190701197964
11392,10335.845358157736
11393,10336.577882097596
11394,10337.16792933239
11395,10339.01211331372
11396,10340.542966064246
11397,10341.184676335726
11398,10342.153383793568
11399,10343.020902479546
11400,10343.618577795325
11401,10344.227269034769
11402,10344.647204845194
11403,10345.592754110912
11404,10346.661792495122
11405,10347.225855855695
11406,10348.480133222172
11407,10349.48950057603
11408,10350.171817470318
11409,10352.178458768016
11410,10352.320724217241
11411,10352.786309167899
11412,10353.541947441945
11413,10354.627806130111
11414,10355.669588355155
11415,10357.445339602305
11416,10358.250339114065
11417,10359.498233592472
11418,10360.676470257591
11419,10361.584604312318
11420,10362.35255411089
11421,10363.009654679718
11422,10363.443044424765
11423,10363.923070526698
11424,10365.218987151431
11425,10365.872638034038
11426,10366.90142320893
11427,10368.376559087135
11428,10369.118045762169
11429,10370.525681979465
11430,10371.18922034877
11431,10371.664270520532
11432,10373.195887729267
11433,10373.394009826548
11434,10375.718157077186
11435,10375.933728241354
11436,10377.726338621625
11437,10379.231657717644
11438,10380.750943012143
11439,10381.450261800406
11440,10383.024180279343
11441,10383.303958698414
11442,10384.482011987126
11443,10385.250636920384
11444,10386.449343754874
11445,10387.001363377283
11446,10387.224480191679
11447,10388.171478674849
11448,10388.472924849762
11449,10389.386529080042
11450,10390.233402922355
11451,10391.169733186242
11452,10391.772719081155
11453,10393.03627756537
11454,10393.898564092424
11455,10394.357460022451
11456,10395.652776898767
11457,10396.070629010741
11458,10397.215206467905
11459,10397.682739100341
11460,10398.665042411809
11461,10399.620918997503
11462,10400.223164165986
11463,10400.921761293432
11464,10401.81199103411
11465,10402.923376131228
11466,10403.60755270218
11467,10405.16267405072
11468,10406.044979429336
11469,10406.74496786507
11470,10407.957376576185
11471,10409.142908298134
11472,10410.043329843606
11473,10410.411739806077
11474,10411.849125153189
11475,10412.12592914991
11476,10413.709747708746
11477,10413.838172606134
11478,10414.456916137669
11479,10415.286086736131
11480,10416.659647234146
11481,10418.10436159619
11482,10418.655352503885
11483,10419.785323099411
11484,10420.107416469371
11485,10421.260414803904
11486,10422.365547214666
11487,10423.310723100645
11488,10424.06116734858
11489,10425.314415464405
11490,10426.796433107102
11491,10427.870099482465
11492,10428.566508141061
11493,10429.309547331097
11494,10430.031966814808
11495,10432.25416435642
11496,10432.784198933154
11497,10433.737333773006
11498,10434.523689134179
11499,10434.9782135597
11500,10435.921149642912
11501,10437.302944932762
11502,10437.533307699587
11503,10439.323535026917
11504,10439.633914542328
11505,10440.108524919948
11506,10440.946256346273
11507,10442.170412611295
11508,10442.740665520696
11509,10443.31555111757
11510,10444.278419685224
11511,10444.931967564949
11512,10445.580301269232
11513,10446.207025607246
11514,10446.57547469666
11515,10447.095209182937
11516,10447.686745037898
11517,10448.309731047659
11518,10448.736534833
11519,10449.196869811241
11520,10451.063970905745
11521,10451.443296788142
11522,10452.292684425875
11523,10453.799588136875
11524,10454.988935343425
11525,10455.063265223303
11526,10455.464156125359
11527,10457.190500200288
11528,10457.808220514977
11529,10458.303775716204
11530,10459.635155784976
11531,10460.324481231883
11532,10461.62455500342
11533,10462.089291840686
11534,10463.417080799458
11535,10463.66340229359
11536,10465.185531076993
11537,10465.982846866402
11538,10466.253407130454
11539,10468.310388695447
11540,10468.852240103341
11541,10469.785335119224
11542,10471.197688817612
11543,10471.811037447796
11544,10473.417767207919
11545,10473.63056227279
11546,10474.573666956227
11547,10474.765057898339
11548,10476.035145790363
11549,10476.817608904155
11550,10477.758229849398
11551,10478.518052456389
11552,10479.296589406316
11553,10480.668126705345
11554,10480.841975023539
11555,10482.02980333067
11556,10482.737002130139
11557,10483.917021084844
11558,10485.417723540861
11559,10485.491675499095
11560,10486.463030988767
11561,10487.457095381526
11562,10487.981610568744
11563,10489.424913241102
11564,10489.923826865786
11565,10490.195036525305
11566,10491.18204445331
11567,10492.099320257266
11568,10493.647036339633
11569,10493.965570909073
11570,10494.62570063141
11571,10495.157490965999
11572,10495.601510366872
11573,10497.332356874251
11574,10498.014435910787
11575,10498.833153437601
11576,10500.078304035495
11577,10500.374758968597
11578,10501.258921497227
11579,10502.252908118504
11580,10502.972394868773
11581,10503.622320056262
11582,10504.228272166334
11583,10505.157868624556
11584,10507.14536058352
11585,10507.6851602922
11586,10508.242124162703
11587,10508.918701393237
11588,10510.295238802299
11589,10511.265767197283
11590,10511.785524400819
11591,10513.251628617925
11592,10514.877548331853
11593,10515.75925549434
11594,10516.429569355278
11595,10518.126412947355
11596,10518.873883875382
11597,10519.355780432368
11598,10519.839317673303
11599,10521.308621129576
11600,10522.036367400626
11601,10522.909965329241
11602,10523.379989329345
11603,10524.802466917072
11604,10526.200714875224
11605,10526.911832484984
11606,10528.77372309089
11607,10529.151645890828
11608,10530.166007566973
11609,10530.73659814735
11610,10531.429432534918
11611,10532.172645051645
11612,10533.030316919463
11613,10534.415519501375
11614,10534.546240221154
11615,10534.644948148343
11616,10535.690142311683
11617,10536.280795025803
11618,10537.276840920022
11619,10537.582073537378
11620,10539.325920593321
11621,10540.709294150618
11622,10541.515405405911
11623,10543.350410634679
11624,10543.714705825929
11625,10544.687820947185
11626,10545.841891544307
11627,10547.409307827624
11628,10548.136965790285
11629,10548.984380166936
11630,10549.993702151878
11631,10551.355574612306
11632,10552.497948518772
11633,10552.934005778745
11634,10553.721196091148
11635,10554.617643335829
11636,10556.349960057654
11637,10557.353518861666
11638,10557.735539433837
11639,10558.162420389321
11640,10559.627081686698
11641,10559.9188802483
11642,10560.462167883772
11643,10561.592463628571
11644,10563.582345143228
11645,10564.227073990178
11646,10564.415816810624
11647,10565.483358330994
11648,10566.482699335478
11649,10567.092326053174
11650,10569.024267274935
11651,10569.681427332252
11652,10570.287302012141
11653,10570.545609025186
11654,10571.524163674929
11655,10572.137684668853
11656,10572.820824390876
11657,10573.894055786175
11658,10574.527377367536
11659,10575.384596733409
11660,10575.800670661862
11661,10576.343656657991
11662,10577.720754456734
11663,10578.526294396928
11664,10579.252071114441
11665,10580.616411239522
11666,10580.941286952266
11667,10582.664726619343
11668,10582.920136178342
11669,10582.972817069194
11670,10583.621952039004
11671,10584.712589050831
11672,10585.047507354497
11673,10586.771722827982
11674,10587.097982584963
11675,10588.367327361693
11676,10589.783116764766
11677,10590.459359575958
11678,10591.155236104916
11679,10593.161212398296
11680,10593.92327892616
11681,10595.066344261098
11682,10595.993288305945
11683,10597.183499873097
11684,10598.197404899127
11685,10599.334705301435
11686,10600.766205602902
11687,10600.943544073327
11688,10601.401175451829
11689,10603.106164389861
11690,10604.112501591224
11691,10604.787219372532
11692,10605.497110096901
11693,10606.211493921293
11694,10606.924047741883
11695,10608.067674473741
11696,10609.969869869199
11697,10610.576599556354
11698,10610.680967257895
11699,10612.009901840976
11700,10612.21059878254
11701,10612.684161011504
11702,10614.42287297033
11703,10614.72658878825
11704,10616.614192950508
11705,10617.655024058213
11706,10618.400634782158
11707,10618.888708773553
11708,10619.91092372011
11709,10620.506566395368
11710,10621.182402680482
11711,10621.947930515587
11712,10623.674090294946
11713,10624.124234611405
11714,10625.878255784153
11715,10627.023910502936
11716,10627.629005749974
11717,10629.471655888945
11718,10630.588902461306
11719,10630.809625531521
11720,10631.301866585911
11721,10632.255736135341
11722,10633.39248059656
11723,10634.480794578687
11724,10635.654204140354
11725,10636.791190510114
11726,10637.24375038059
11727,10637.547625242883
11728,10638.21947081558
11729,10639.686650673264
11730,10643.127957659148
11731,10643.486221386584
11732,10643.726130464403
11733,10644.050843041545
11734,10646.703531796917
11735,10647.233156038483
11736,10648.663122499012
11737,10649.697234868931
11738,10650.541120155454
11739,10651.587672104935
11740,10653.143267732732
11741,10653.463266354749
11742,10653.932033989677
11743,10655.530321534023
11744,10656.058646190975
11745,10657.103715697633
11746,10657.883183843642
11747,10659.182736495328
11748,10659.828903084159
11749,10661.197927264671
11750,10661.338530502817
11751,10662.04623199492
11752,10662.64253880365
11753,10663.539234815442
11754,10664.273399852726
11755,10665.515498067958
11756,10665.973303455849
11757,10666.958149306231
11758,10667.358951215356
11759,10668.240837459114
11760,10668.805399573284
11761,10669.204039909107
11762,10670.58934356801
11763,10671.490607118458
11764,10671.86815849041
11765,10673.20640952029
11766,10673.406491765976
11767,10674.82119901487
11768,10675.243642932192
11769,10675.627847240117
11770,10676.588895231384
11771,10677.461017689222
11772,10677.934480492504
11773,10678.077399324296
11774,10680.385832820099
11775,10680.922700474866
11776,10681.295291209104
11777,10682.710533877098
11778,10683.51070582839
11779,10684.001721412107
11780,10685.210015517689
11781,10686.343848955001
11782,10686.834675021952
11783,10687.151687598469
11784,10688.470480518257
11785,10689.060053991727
11786,10689.922034510479
11787,10691.219520590164
11788,10692.344157412486
11789,10693.76464777173
11790,10693.800605302902
11791,10694.417450191313
11792,10694.919321026031
11793,10696.98057849482
11794,10697.7698126175
11795,10697.993131927462
11796,10699.226487850648
11797,10700.177953695384
11798,10700.74678300923
11799,10701.187082891553
11800,10701.855718593179
11801,10702.98315966247
11802,10703.673615563341
11803,10706.172160150334
11804,10706.6840747961
11805,10707.511443214973
11806,10708.429232813911
11807,10710.208366938019
11808,10711.517859179525
11809,10711.805449168802
11810,10712.60875646211
11811,10714.145010355069
11812,10714.721504610483
11813,10716.113713338398
11814,10717.052641081478
11815,10717.840568387222
11816,10718.730169364922
11817,10719.439749729792
11818,10720.315880129414
11819,10721.654615242282
11820,10722.509195026045
11821,10723.465767596872
11822,10724.290863624605
11823,10725.364276153419
11824,10727.149692564393
11825,10727.824503064687
11826,10729.350429326885
11827,10730.219293488115
11828,10730.595644610734
11829,10731.109459345207
11830,10732.308479930143
11831,10732.805239291381
11832,10733.57792945286
11833,10734.623154464396
11834,10735.13037965142
11835,10736.006315687833
11836,10738.058373650707
11837,10739.182206145355
11838,10740.212263686797
11839,10741.359752987568
11840,10742.16218912112
11841,10742.676299930199
11842,10744.126543637158
11843,10745.318464441601
11844,10745.640432226835
11845,10746.186667542972
11846,10746.963624281292
11847,10747.708827812463
11848,10748.713662275397
11849,10749.29885588648
11850,10750.116240121784
11851,10750.461877491944
11852,10751.089003469649
11853,10751.22469086552
11854,10752.912741488595
11855,10753.423946915731
11856,10754.693639277144
11857,10755.525925701002
11858,10756.280332881919
11859,10756.70677586787
11860,10758.197415063116
11861,10758.623889661358
11862,10759.563928219535
11863,10761.128055764093
11864,10761.621965431605
11865,10762.304486017421
11866,10763.481377099397
11867,10763.928233081671
11868,10764.847529882389
11869,10765.972077044791
11870,10766.846354018729
11871,10767.551315041193
11872,10767.975722124242
11873,10769.537087088724
11874,10770.122639251867
11875,10770.50967449794
11876,10771.252971266358
11877,10771.454378280239
11878,10773.132148283248
11879,10774.402361466575
11880,10775.609851902396
11881,10776.327029838149
11882,10776.930084367521
11883,10777.327620348182
11884,10778.683924172839
11885,10780.074037727578
11886,10780.508334331078
11887,10782.13113865505
11888,10782.678317150585
11889,10783.441689209403
11890,10783.760837377196
11891,10786.049531334844
11892,10786.348061177921
11893,10786.833865952407
11894,10788.077399504209
11895,10788.82261748125
11896,10789.256524130289
11897,10789.496647898122
11898,10790.020249303974
11899,10791.02649082419
11900,10791.653120227331
11901,10792.600914379553
11902,10792.850973283448
11903,10794.293980179182
11904,10795.051956233834
11905,10796.68402347863
11906,10797.36219136705
11907,10798.030029467491
11908,10798.584991434825
11909,10799.549309070122
11910,10800.557924453398
11911,10800.880053732559
11912,10801.733922088355
11913,10802.477806343963
11914,10802.818833298443
11915,10803.245278510776
11916,10803.746717475471
11917,10806.033227033071
11918,10806.343869744436
11919,10807.522632753939
11920,10809.358941317696
11921,10810.604433860128
11922,10811.603483477469
11923,10812.473877716006
11924,10813.449795676979
11925,10814.724724093845
11926,10815.69899434432
11927,10816.279854082575
11928,10817.007684755479
11929,10817.69045119472
11930,10819.176541179526
11931,10819.555274662374
11932,10820.836800239711
11933,10821.581648084897
11934,10821.820193722731
11935,10823.888908006275
11936,10825.295011937762
11937,10825.84665027649
11938,10826.873772490011
11939,10826.941980357935
11940,10827.417273744602
11941,10829.708295324031
11942,10830.487055319465
11943,10831.810365511563
11944,10833.224997307674
11945,10833.981316652917
11946,10835.060285575826
11947,10836.390671937266
11948,10837.126327527114
11949,10837.685653199776
11950,10839.730049638943
11951,10840.265970965103
11952,10840.93021752284
11953,10842.368398124117
11954,10842.577241962625
11955,10844.257889994757
11956,10844.701578571996
11957,10845.483597478302
11958,10846.488405422864
11959,10846.910505003043
11960,10847.455579561116
11961,10847.961426687869
11962,10848.66632609057
11963,10849.336725664496
11964,10850.19691524388
11965,10850.397107200135
11966,10851.480595859288
11967,10852.267264774615
11968,10853.708371938988
11969,10854.08249632737
11970,10854.719909528185
11971,10855.512513941885
11972,10856.129634538365
11973,10857.164766006701
11974,10857.977071369165
11975,10859.289850117069
11976,10859.930300916407
11977,10860.411135690387
11978,10862.347152348459
11979,10862.943614119504
11980,10864.1754289047
11981,10864.610592869636
11982,10865.776441718717
11983,10866.372029323909
11984,10866.822352307665
11985,10868.518051676421
11986,10869.822225869435
11987,10870.589629760778
11988,10872.057054998098
11989,10873.22123207209
11990,10874.724279588527
11991,10875.149811661176
11992,10876.296610772766
11993,10876.83602363307
11994,10877.628903780469
11995,10879.117597080616
11996,10879.988879261384
11997,10880.837922314267
11998,10881.979836581437
11999,10882.881290393057
12000,10884.07055508508
12001,10884.506558104531
12002,10885.504138897431
12003,10886.841047695036
12004,10887.267129038013
12005,10888.410100127869
12006,10888.915131229858
12007,10889.954745798772
12008,10890.043381805057
12009,10891.486662901409
12010,10892.840850928653
12011,10893.183089139524
12012,10894.866362162164
12013,10896.230641296326
12014,10896.949557476399
12015,10898.551698260821
12016,10899.512548994731
12017,10899.914824221512
12018,10900.094963732547
12019,10901.090488106694
12020,10901.696571399534
12021,10902.460895470631
12022,10903.431067871232
12023,10904.089631781351
12024,10904.907433709172
12025,10905.187178489308
12026,10905.706251875279
12027,10905.879958893982
12028,10906.828223184353
12029,10908.48900407208
12030,10908.737316105895
12031,10910.491441037539
12032,10910.768332609568
12033,10911.551149765361
12034,10912.837897675348
12035,10914.337778267682
12036,10914.818756314309
12037,10915.367898052318
12038,10916.70020467119
12039,10917.121831122069
12040,10917.804949377089
12041,10918.808339973455
12042,10920.223136230072
12043,10920.90515860471
12044,10921.57895485148
12045,10921.797369520153
12046,10923.809148355969
12047,10924.235841130505
12048,10925.651730433674
12049,10926.728640078123
12050,10928.311938153643
12051,10928.520364820673
12052,10928.921750517706
12053,10930.423505582725
12054,10931.607181241809
12055,10932.837575519172
12056,10933.002032526982
12057,10934.016124445889
12058,10935.348191175628
12059,10936.073378268635
12060,10936.815647082078
12061,10938.282786686268
12062,10939.342102962382
12063,10939.950608051926
12064,10940.593687256514
12065,10941.210708424707
12066,10943.200977692013
12067,10943.420419665887
12068,10944.211244335835
12069,10944.380435408244
12070,10944.737438456064
12071,10945.811753274178
12072,10946.667528250036
12073,10947.186132438956
12074,10948.024956334721
12075,10949.12261294875
12076,10950.207780045594
12077,10950.57751470672
12078,10951.456887403074
12079,10951.80575984184
12080,10953.334971799823
12081,10954.343597958556
12082,10954.860717406531
12083,10956.217752510745
12084,10956.789973061112
12085,10956.871611434175
12086,10958.001511811828
12087,10959.351570382107
12088,10959.850798101115
12089,10960.715833314051
12090,10962.09986438096
12091,10963.25858659362
12092,10964.771059005405
12093,10965.081200315426
12094,10966.489554837202
12095,10967.66653123793
12096,10968.886502727526
12097,10969.971236478223
12098,10970.703478013847
12099,10970.85825356794
12100,10972.006176966364
12101,10972.875318810067
12102,10974.143002030607
12103,10975.273884879798
12104,10975.571653773539
12105,10977.608645092758
12106,10978.197290204978
12107,10979.05038022279
12108,10979.648838152953
12109,10980.58823338084
12110,10981.593534550057
12111,10982.986542349458
12112,10983.281202149603
12113,10984.819611939243
12114,10985.004076324243
12115,10986.37003417887
12116,10988.09845149922
12117,10989.22635635537
12118,10990.187361837983
12119,10990.931691473514
12120,10991.598713334839
12121,10992.936986123592
12122,10993.268192220901
12123,10994.527149592765
12124,10994.895894849644
12125,10996.191067954302
12126,10997.342271615313
12127,10997.643502062141
12128,10999.853922627755
12129,11001.297550510457
12130,11001.483857224093
12131,11002.749342164761
12132,11003.086175330087
12133,11004.510786171739
12134,11005.820947353724
12135,11006.894189221302
12136,11007.391061660379
12137,11008.606768271986
12138,11010.264800547546
12139,11010.841722249585
12140,11011.207378808873
12141,11012.175330815191
12142,11012.556280695273
12143,11013.302718432242
12144,11013.884897218433
12145,11015.047189748202
12146,11016.190116608041
12147,11017.347424837324
12148,11017.806757330307
12149,11019.205073505127
12150,11020.375483359336
12151,11020.908248016853
12152,11021.494227113508
12153,11021.958002469803
12154,11022.764067225802
12155,11024.119743111132
12156,11024.390953299446
12157,11024.769928171381
12158,11026.167979142678
12159,11026.836743015971
12160,11028.305710234288
12161,11029.432935744626
12162,11029.806610804875
12163,11030.691968931862
12164,11031.179369566187
12165,11032.480485039716
12166,11033.450575070421
12167,11034.347400714545
12168,11034.485399477517
12169,11035.4042383911
12170,11036.371744293607
12171,11037.365433868856
12172,11037.786992101772
12173,11038.550062986231
12174,11039.350450171829
12175,11040.747530804994
12176,11040.921103151577
12177,11041.830347499888
12178,11042.440892672454
12179,11043.019026852984
12180,11043.754725040393
12181,11045.843954912414
12182,11046.556101310478
12183,11047.024602606734
12184,11047.857427812041
12185,11048.507854810518
12186,11049.908898446198
12187,11050.33228496049
12188,11051.568424387477
12189,11053.597091187177
12190,11053.971907885232
12191,11055.65669876938
12192,11055.886344571942
12193,11056.610294747368
12194,11057.425274635831
12195,11058.968259119487
12196,11059.651513495384
12197,11060.942335917412
12198,11062.019328488397
12199,11062.429634314611
12200,11063.008522386299
12201,11064.809695865953
12202,11065.237493932027
12203,11067.26218156888
12204,11068.425452233359
12205,11069.636791465306
12206,11070.759362792187
12207,11070.886614058989
12208,11072.021925001844
12209,11072.719562329889
12210,11073.207432697744
12211,11074.306059932438
12212,11076.028903903829
12213,11077.120469715201
12214,11077.58762917877
12215,11078.376886668504
12216,11078.539523138566
12217,11079.840488701331
12218,11080.876878630119
12219,11080.993441614739
12220,11082.060162796966
12221,11082.542259876453
12222,11083.061099177994
12223,11083.889141796302
12224,11085.143917789024
12225,11085.435218479175
12226,11086.291582001948
12227,11087.2081412236
12228,11088.385218137011
12229,11089.350219837424
12230,11089.923997391516
12231,11090.763570653768
12232,11092.804869954083
12233,11093.518390974135
12234,11094.199448070876
12235,11095.37818467233
12236,11096.197996962652
12237,11096.875742815299
12238,11097.519176372925
12239,11098.529409531362
12240,11099.59201328547
12241,11101.026411077179
12242,11101.670636910116
12243,11102.363429825877
12244,11104.377494269784
12245,11106.003454500358
12246,11106.473807187138
12247,11107.066811174316
12248,11108.338992986155
12249,11109.50972038247
12250,11109.613934011852
12251,11110.383858071718
12252,11111.956915373308
12253,11112.262337521441
12254,11112.760935155497
12255,11113.494998956638
12256,11113.795038004997
12257,11114.819125547032
12258,11115.159288355309
12259,11116.03377903187
12260,11117.02020445987
12261,11117.885625368079
12262,11119.030012774185
12263,11120.243596839655
12264,11120.389442693446
12265,11121.876780636938
12266,11122.626318861381
12267,11123.18672571812
12268,11123.99729969383
12269,11125.259536760066
12270,11127.090702560041
12271,11127.888376722147
12272,11128.119699121118
12273,11129.230382953769
12274,11130.087195713628
12275,11131.157584581024
12276,11131.884438278172
12277,11133.80277523256
12278,11134.106924061358
12279,11134.760594166026
12280,11135.456664221971
12281,11135.843130192821
12282,11137.003911488151
12283,11137.446913304773
12284,11138.26978685724
12285,11138.515652354063
12286,11138.989955855759
12287,11139.610326800695
12288,11140.715152921186
12289,11142.318969920807
12290,11142.641831989602
12291,11142.893591501654
12292,11143.13433381741
12293,11145.309653885999
12294,11145.542570391279
12295,11146.237633998242
12296,11147.753743827636
12297,11148.358602269185
12298,11148.809093976268
12299,11149.895927251884
12300,11150.2708863844
12301,11151.020689179557
12302,11152.057723487304
12303,11152.229698777428
12304,11152.868363057438
12305,11153.651003558869
12306,11153.922104770294
12307,11155.936495551754
12308,11156.8479829644
12309,11158.216066956724
12310,11159.230169899978
12311,11159.74731006328
12312,11161.179200141098
12313,11161.303566925753
12314,11162.779421459698
12315,11163.588272494007
12316,11165.234734593314
12317,11166.164953846477
12318,11166.262670056623
12319,11166.850414730197
12320,11167.241170573443
12321,11168.595186566601
12322,11170.020003288817
12323,11170.792910106722
12324,11171.879235722889
12325,11173.039577675703
12326,11173.901794831881
12327,11175.514229998744
12328,11176.146175834905
12329,11177.239897781275
12330,11177.685986413877
12331,11178.477027296783
12332,11178.657922245573
12333,11179.371682385332
12334,11180.595711792641
12335,11182.958275612476
12336,11183.376264786508
12337,11184.394695556479
12338,11184.872273039349
12339,11186.492216508148
12340,11186.786176736139
12341,11188.576536013878
12342,11188.930692174741
12343,11189.887559486666
12344,11191.452955153491
12345,11192.266894445514
12346,11193.238582029255
12347,11194.065960538614
12348,11194.768791143139
12349,11196.337079063587
12350,11196.640089947268
12351,11197.040215853147
12352,11197.128660548247
12353,11198.316588283986
12354,11199.26990428731
12355,11200.583540998574
12356,11201.609246812337
12357,11202.496481831695
12358,11204.094888789126
12359,11204.319202633071
12360,11205.635666436579
12361,11206.362513190088
12362,11207.861687519313
12363,11208.11295851678
12364,11208.621621880182
12365,11209.03996388592
12366,11209.801931106536
12367,11210.7814215733
12368,11211.685616169101
12369,11211.823319467077
12370,11212.419638334128
12371,11213.503926208918
12372,11214.608689887624
12373,11215.296958283478
12374,11216.145217152614
12375,11217.956974473464
12376,11218.834858820039
12377,11219.440982245924
12378,11219.696390470284
12379,11220.98037490087
12380,11221.533314059254
12381,11222.893137858675
12382,11223.385295485239
12383,11224.932749735353
12384,11225.940462630439
12385,11227.208778438768
12386,11228.053246107989
12387,11228.69631474233
12388,11230.278739917427
12389,11230.719317242336
12390,11232.704054783815
12391,11233.738406436705
12392,11233.844312313542
12393,11234.564504287477
12394,11236.38873627057
12395,11236.55317728593
12396,11237.259595254705
12397,11239.133296712247
12398,11240.181769408682
12399,11240.918291753071
12400,11241.310616012659
12401,11242.561431849841
12402,11243.342718197104
12403,11244.070588678544
12404,11245.653471603295
12405,11246.715210758572
12406,11247.495392228699
12407,11248.236560844241
12408,11248.599986896337
12409,11249.636522952876
12410,11250.925461157767
12411,11251.483818385312
12412,11251.701176465574
12413,11253.144207020656
12414,11253.957828287101
12415,11254.421027504195
12416,11256.025477869691
12417,11256.264242264835
12418,11257.834091228062
12419,11259.126880236279
12420,11260.015614710815
12421,11260.436166585367
12422,11261.572505601744
12423,11261.928842428313
12424,11263.63228306784
12425,11264.344534003327
12426,11264.531453583048
12427,11266.475715628791
12428,11267.326645435316
12429,11268.661880798974
12430,11268.838081775022
12431,11269.365987887339
12432,11270.596667170155
12433,11271.909000837084
12434,11272.733920104327
12435,11274.07343211091
12436,11275.461548666259
12437,11276.132793584067
12438,11277.152771128887
12439,11278.024763670264
12440,11279.582330221963
12441,11280.094576805572
12442,11280.626666815919
12443,11282.180075327531
12444,11282.734911968861
12445,11283.644960092422
12446,11284.08581479269
12447,11284.845484578669
12448,11286.129090453058
12449,11286.679405155821
12450,11287.415932130103
12451,11287.904438982445
12452,11288.386231391187
12453,11290.081601249964
12454,11290.953390394461
12455,11292.531498668797
12456,11293.289276492331
12457,11293.725747676677
12458,11294.116814263545
12459,11295.792241565503
12460,11296.975005571758
12461,11298.55294648153
12462,11298.912703678558
12463,11300.561465633882
12464,11302.019829060568
12465,11302.897015007371
12466,11303.837996591918
12467,11304.931074076225
12468,11305.251540915084
12469,11306.469455695336
12470,11307.068013478531
12471,11307.433648268096
12472,11308.509370514452
12473,11309.158914262569
12474,11309.660468443983
12475,11310.718231777581
12476,11311.082116651296
12477,11312.189389886316
12478,11312.901526644742
12479,11313.031507186754
12480,11313.579797103865
12481,11314.187588453147
12482,11314.376082933908
12483,11316.171896056225
12484,11316.764240537001
12485,11318.081595222035
12486,11318.889398456162
12487,11319.199481580787
12488,11320.321294486817
12489,11320.829313924589
12490,11321.974519222813
12491,11322.73260285379
12492,11324.096314169976
12493,11324.806101721568
12494,11325.956905105038
12495,11327.011857502668
12496,11328.988601424884
12497,11330.012757409924
12498,11330.772511639792
12499,11331.151190062868
12500,11332.282261069182
12501,11333.791735265037
12502,11333.955079485302
12503,11335.27819641566
12504,11336.646412335222
12505,11337.742258258892
12506,11338.360490679052
12507,11339.387480852658
12508,11340.306384356063
12509,11340.943998303825
12510,11343.065527805074
12511,11344.162802620094
12512,11345.734750566708
12513,11346.327963430454
12514,11347.796052280595
12515,11349.036929135102
12516,11349.204874924837
12517,11350.860136112702
12518,11351.543244731149
12519,11351.958395013366
12520,11352.223456596059
12521,11353.700400398
12522,11354.57709439915
12523,11355.293494575162
12524,11356.376034988187
12525,11357.339362103095
12526,11357.904691641696
12527,11358.811861883634
12528,11360.600289077927
12529,11362.2455686471
12530,11363.262041868875
12531,11364.434354144121
12532,11365.482222975783
12533,11366.884828228804
12534,11367.166757569916
12535,11367.914064503791
12536,11368.770602087057
12537,11369.410968964083
12538,11371.040424744831
12539,11371.620643041375
12540,11372.387791787696
12541,11373.229999366373
12542,11373.852932331225
12543,11374.106663858594
12544,11374.629068120978
12545,11375.419924637261
12546,11375.938519197331
12547,11377.10943608404
12548,11377.777462222404
12549,11378.789608632775
12550,11379.821345354951
12551,11381.463272570836
12552,11382.331569831331
12553,11383.15211541634
12554,11384.543627904144
12555,11384.66584670697
12556,11385.225877573092
12557,11387.216256890899
12558,11387.851577800064
12559,11388.801099810253
12560,11389.075546849526
12561,11389.59125002562
12562,11390.221186194927
12563,11391.412386724849
12564,11392.507549788987
12565,11392.899394092148
12566,11393.66983985273
12567,11393.84148678882
12568,11395.026195260951
12569,11396.769590347089
12570,11396.852391076918
12571,11397.611590445737
12572,11398.714842404694
12573,11399.366972901475
12574,11400.123597422253
12575,11401.581906270922
12576,11402.038704380799
12577,11403.104407079465
12578,11403.19915028441
12579,11404.581131025348
12580,11405.157882656003
12581,11406.529512440215
12582,11406.733582461464
12583,11408.088077583083
12584,11408.952894398926
12585,11410.229410766522
12586,11410.332773141417
12587,11410.79792863605
12588,11411.985280876424
12589,11412.140214608506
12590,11413.267111715018
12591,11413.696121157102
12592,11415.094631060971
12593,11415.725752265396
12594,11416.395770361534
12595,11417.211350128286
12596,11418.391661900147
12597,11419.0316884239
12598,11419.204421624383
12599,11420.475734390979
12600,11421.167824128366
12601,11422.36859420847
12602,11423.651588138884
12603,11424.833768071838
12604,11425.762653666097
12605,11426.598186425043
12606,11427.313643161517
12607,11428.539015518869
12608,11430.326864677985
12609,11430.677721868084
12610,11431.046663744322
12611,11431.946274170698
12612,11433.15193601136
12613,11433.857285287451
12614,11434.254573757411
12615,11435.189517129667
12616,11435.462208686091
12617,11437.005373185242
12618,11437.347888550294
12619,11438.002884961801
12620,11438.6294074735
12621,11440.030628066785
12622,11440.249423575104
12623,11441.676245596134
12624,11442.221820167679
12625,11443.654404149374
12626,11443.792948132335
12627,11444.719755504057
12628,11445.623046667391
12629,11447.177494857355
12630,11447.267869006775
12631,11448.547055141631
12632,11449.146619768217
12633,11449.590879937699
12634,11450.618781981206
12635,11450.981050282729
12636,11451.676558905283
12637,11452.935631570592
12638,11455.49736971645
12639,11456.02723214148
12640,11457.021480366715
12641,11457.266192434563
12642,11458.222808125905
12643,11460.534115232804
12644,11461.069575190395
12645,11462.171801502795
12646,11462.781600279661
12647,11464.106789283398
12648,11464.492389864279
12649,11465.537847385614
12650,11465.854181977371
12651,11467.410174467763
12652,11468.168347974433
12653,11469.016909082569
12654,11470.405976312637
12655,11471.669876290007
12656,11473.782850981181
12657,11474.392904017746
12658,11475.181215883991
12659,11476.145015994533
12660,11476.673393804367
12661,11477.669217076094
12662,11478.402782474717
12663,11480.332206869047
12664,11480.715808272284
12665,11481.528787654974
12666,11482.497735879906
12667,11483.217819502426
12668,11484.182109317564
12669,11485.19211579958
12670,11485.898991809363
12671,11486.617100896976
12672,11487.428543633923
12673,11488.03703694809
12674,11488.85606271404
12675,11489.33297556206
12676,11490.503575698478
12677,11491.832288046231
12678,11492.061441562177
12679,11492.149702702465
12680,11492.779492534204
12681,11493.509336473391
12682,11494.714326612568
12683,11495.369106587208
12684,11495.710097230718
12685,11496.976378472531
12686,11498.317217046975
12687,11499.337842938588
12688,11499.580803001829
12689,11500.76891207416
12690,11501.546976589116
12691,11502.699488322594
12692,11503.21096614883
12693,11503.79941798945
12694,11503.992658839019
12695,11504.931863807122
12696,11505.825734132262
12697,11507.074099152776
12698,11507.735180980466
12699,11508.30664408624
12700,11509.475011110992
12701,11509.726011050305
12702,11510.079999002697
12703,11512.063594193929
12704,11513.061017792523
12705,11514.084900851851
12706,11514.961640685531
12707,11516.033407798246
12708,11516.928147377856
12709,11517.946732543676
12710,11518.819990827857
12711,11521.044665602778
12712,11521.900104546237
12713,11522.592702402888
12714,11523.767327793996
12715,11525.425063711851
12716,11525.439072979179
12717,11526.534044196258
12718,11527.39697621829
12719,11528.126167417848
12720,11529.921902013575
12721,11530.68892473053
12722,11531.637565438394
12723,11532.234004826827
12724,11532.797686058271
12725,11533.942253627851
12726,11535.811015726145
12727,11536.549106355853
12728,11536.976508953803
12729,11537.973962482783
12730,11538.901026758793
12731,11539.763430774061
12732,11540.474290818906
12733,11541.381352906828
12734,11541.920910539058
12735,11543.89156616423
12736,11544.071291670245
12737,11544.968389265367
12738,11545.931649466438
12739,11546.199426447878
12740,11546.709053619823
12741,11547.27764868769
12742,11548.422998469485
12743,11549.838304043282
12744,11551.110445783012
12745,11551.509455142294
12746,11552.311675643499
12747,11553.341877915114
12748,11555.109193212693
12749,11555.39765561686
12750,11556.806215114504
12751,11557.254184252854
12752,11558.514246093457
12753,11559.186099634861
12754,11560.906495699586
12755,11562.57301711282
12756,11563.359509470609
12757,11564.181208463126
12758,11565.983440088054
12759,11566.512266313168
12760,11567.261439357049
12761,11567.759075581944
12762,11568.613039239148
12763,11569.673241996241
12764,11570.356423033307
12765,11571.816267131666
12766,11572.090575215459
12767,11573.993859315058
12768,11574.186611071886
12769,11575.040281049865
12770,11576.533347619594
12771,11576.8543730862
12772,11578.575806583409
12773,11579.777485181578
12774,11580.69267317413
12775,11580.870426619967
12776,11581.628621095831
12777,11582.106695907227
12778,11583.119133762395
12779,11584.27527559724
12780,11584.556637504444
12781,11585.411540812742
12782,11587.044079722171
12783,11587.703520584037
12784,11588.88138221452
12785,11589.19844740909
12786,11589.573326352693
12787,11590.993653165326
12788,11592.296623070548
12789,11592.526094381983
12790,11593.176962943193
12791,11594.225317974089
12792,11596.262813029532
12793,11596.610556247588
12794,11597.888754751462
12795,11598.807704194913
12796,11599.273797746833
12797,11599.918600644578
12798,11601.597130217408
12799,11602.841318039478
12800,11603.546740852138
12801,11604.773773115046
12802,11605.602993159755
12803,11606.246356391266
12804,11607.64004386612
12805,11607.893297362982
12806,11609.082869298354
12807,11609.562721790688
12808,11610.454491041139
12809,11610.956227583849
12810,11611.727179285162
12811,11612.558339005875
12812,11613.177581976204
12813,11613.474116356274
12814,11614.904034021733
12815,11615.641062694433
12816,11617.490562372501
12817,11618.230564445859
12818,11619.113370114792
12819,11619.913973037888
12820,11620.482762774709
12821,11621.002539904288
12822,11622.221419770165
12823,11623.673523871592
12824,11623.940451036113
12825,11624.809791104608
12826,11625.369106359954
12827,11626.026668944403
12828,11626.935234471244
12829,11627.75949022251
12830,11629.665939359353
12831,11630.351312615887
12832,11631.210764784018
12833,11631.49799450572
12834,11632.09572744463
12835,11633.74654119281
12836,11635.239206682741
12837,11635.545876839615
12838,11637.003869121947
12839,11637.690261390495
12840,11637.963758681259
12841,11638.951986224602
12842,11639.849893288489
12843,11640.131128407118
12844,11640.93824301829
12845,11642.737253952646
12846,11642.870827236306
12847,11643.635118024225
12848,11644.92773201956
12849,11645.417799948276
12850,11646.163832197622
12851,11648.288480610692
12852,11649.554968389893
12853,11649.989802327776
12854,11650.922427900066
12855,11651.162222473045
12856,11652.148145844474
12857,11655.5376097398
12858,11655.799941731771
12859,11656.473767504718
12860,11657.44298881045
12861,11658.129779820665
12862,11659.290278116661
12863,11660.444931389124
12864,11662.515943143058
12865,11664.186459587621
12866,11664.385352024468
12867,11664.694373863766
12868,11666.139656525194
12869,11666.930863727002
12870,11667.833867375935
12871,11668.458334873405
12872,11668.950696088103
12873,11670.067960359196
12874,11670.748602998681
12875,11671.581029969406
12876,11672.444586283131
12877,11672.709387957744
12878,11672.866724893242
12879,11674.159819925299
12880,11674.514412817723
12881,11675.474010734133
12882,11676.171701131747
12883,11677.430000599747
12884,11677.715284258526
12885,11678.845905566468
12886,11679.159350132091
12887,11680.663288760916
12888,11681.354263227846
12889,11681.888364791466
12890,11682.993474615112
12891,11684.71251979061
12892,11685.115054507765
12893,11685.463845969463
12894,11686.566876911702
12895,11687.245960378295
12896,11688.831562297091
12897,11689.667541814388
12898,11691.413469618785
12899,11691.878116060072
12900,11692.887923496033
12901,11693.930364913815
12902,11694.315829303783
12903,11695.632727516533
12904,11696.164936796449
12905,11696.787946700839
12906,11698.483408997414
12907,11698.53255003517
12908,11699.761851897405
12909,11700.979034666247
12910,11701.913569099343
12911,11702.257518095912
12912,11704.913557451713
12913,11705.511122060076
12914,11706.607604780775
12915,11707.80096830507
12916,11708.400230631823
12917,11708.799142514443
12918,11710.395918428243
12919,11711.246929921983
12920,11712.655689945259
12921,11713.251445163669
12922,11714.688472112819
12923,11714.989382833563
12924,11715.610152671876
12925,11716.385531897071
12926,11717.31607148844
12927,11718.138599838718
12928,11718.557176925729
12929,11719.059674603825
12930,11720.775327232277
12931,11721.501878747917
12932,11721.993547722126
12933,11725.04069518112
12934,11725.699599905769
12935,11726.273156392936
12936,11727.627543789731
12937,11728.133797442209
12938,11728.980267784031
12939,11729.864534000562
12940,11730.954791462347
12941,11731.192583639855
12942,11731.705786351711
12943,11732.307193596969
12944,11732.669372168662
12945,11734.088948459204
12946,11735.307257343457
12947,11735.868484800054
12948,11736.998058026764
12949,11737.495910734147
12950,11739.899248128344
12951,11739.926958156242
12952,11740.444452992277
12953,11741.327405000267
12954,11742.364766645343
12955,11743.370594421016
12956,11744.381942873595
12957,11745.082356392104
12958,11745.864715826634
12959,11747.507136966444
12960,11748.529125217668
12961,11749.379900795175
12962,11750.356574277048
12963,11750.845377435224
12964,11751.436316004689
12965,11754.288513388736
12966,11754.335681671339
12967,11754.766290770183
12968,11755.562193795769
12969,11756.133112690743
12970,11756.445069403017
12971,11757.062986817064
12972,11758.16880603935
12973,11759.724850413755
12974,11760.294245061923
12975,11760.969473062545
12976,11761.988470111814
12977,11762.279929348877
12978,11762.782601056715
12979,11763.087080118779
12980,11764.238987506531
12981,11764.897592606085
12982,11765.582792966172
12983,11767.33088439255
12984,11767.6708825681
12985,11768.772408584966
12986,11769.349151931538
12987,11769.693841785825
12988,11770.938745063606
12989,11771.602623281413
12990,11772.223010388243
12991,11773.053787308914
12992,11773.585401031367
12993,11775.011976801203
12994,11776.075670095477
12995,11776.894588362373
12996,11777.777894676872
12997,11778.659437664784
12998,11779.348551078239
12999,11780.697952904431
13000,11781.267701123339
13001,11781.956317147229
13002,11784.212228033512
13003,11784.648190941345
13004,11785.419112881204
13005,11785.949228415366
13006,11788.371933223896
13007,11789.780214180513
13008,11789.938402191263
13009,11790.779587849784
13010,11791.208007646286
13011,11791.82013943375
13012,11792.133971765512
13013,11793.101620831942
13014,11794.456657753324
13015,11795.179442523555
13016,11795.628247422495
13017,11796.026161582393
13018,11797.107110263294
13019,11797.790301235314
13020,11799.374604939456
13021,11800.806519264554
13022,11801.329329574439
13023,11801.569466879502
13024,11803.111308669064
13025,11803.841955362568
13026,11805.062727926465
13027,11805.615028362157
13028,11806.11314291756
13029,11806.310885403342
13030,11807.192702693123
13031,11808.232279275069
13032,11809.191662717723
13033,11809.725429723243
13034,11811.218713182529
13035,11812.355514321553
13036,11813.574918544116
13037,11814.253071386134
13038,11815.048133336299
13039,11815.820488136289
13040,11816.663024257445
13041,11819.271015713262
13042,11819.773234331173
13043,11820.555809063726
13044,11821.606888763434
13045,11822.603135312394
13046,11823.595191525954
13047,11825.001121342677
13048,11825.489662179032
13049,11826.962626730477
13050,11828.720514295163
13051,11829.532338146531
13052,11830.316826560605
13053,11831.258736711958
13054,11832.236596045002
13055,11832.712751826515
13056,11833.652500227729
13057,11834.531178524832
13058,11834.920724486743
13059,11836.946783317788
13060,11837.2485593114
13061,11839.212607999389
13062,11840.561035695941
13063,11840.947666605589
13064,11842.205216736384
13065,11843.908284146441
13066,11844.017441204398
13067,11845.126235787044
13068,11846.858885786018
13069,11847.02831527693
13070,11847.662427990674
13071,11849.089700663486
13072,11850.029061166035
13073,11850.767546127407
13074,11850.923341999103
13075,11852.198985384737
13076,11852.496257952014
13077,11852.740868854311
13078,11853.413646854022
13079,11854.134555382299
13080,11855.104549622649
13081,11855.590683469796
13082,11857.003193844723
13083,11857.681064540866
13084,11858.833464237994
13085,11859.964006413431
13086,11860.773405166254
13087,11861.28583917353
13088,11861.576002783693
13089,11862.165438989799
13090,11862.610888139243
13091,11863.366670333529
13092,11864.432232403782
13093,11865.300443214754
13094,11865.969735831088
13095,11866.541984378176
13096,11867.614539753542
13097,11868.542748178959
13098,11868.650517984997
13099,11869.288348126529
13100,11870.061404715227
13101,11871.299107014285
13102,11871.788816811752
13103,11872.914696294358
13104,11873.396952598345
13105,11875.178139231593
13106,11876.296470572608
13107,11876.932880791488
13108,11877.076035457039
13109,11878.223699639693
13110,11879.017284817632
13111,11879.472839734057
13112,11880.988713510946
13113,11881.866732361255
13114,11882.310861169439
13115,11883.255150993449
13116,11884.681082817066
13117,11885.200678083218
13118,11885.921286373266
13119,11886.76467182407
13120,11887.413700969562
13121,11888.039870094975
13122,11888.925687297711
13123,11891.607479772714
13124,11892.142666866093
13125,11892.272053249888
13126,11893.032689269718
13127,11893.470623116524
13128,11894.57690451465
13129,11895.322329036902
13130,11896.15776909755
13131,11897.808709144372
13132,11899.715345156073
13133,11900.680831995038
13134,11901.060361346641
13135,11901.823360050037
13136,11902.657533013098
13137,11903.448461802425
13138,11904.060152108041
13139,11906.521575205921
13140,11907.098002402414
13141,11908.345990871916
13142,11909.261514490687
13143,11909.508382180649
13144,11910.600141430992
13145,11911.451269571267
13146,11912.527321009296
13147,11913.101580431556
13148,11913.472236237154
13149,11913.633298951268
13150,11915.722455548474
13151,11916.632662326887
13152,11918.622061975351
13153,11919.36105210246
13154,11919.712962602416
13155,11920.878449056196
13156,11921.984551949827
13157,11922.823959088046
13158,11923.911428744485
13159,11924.869848024206
13160,11925.247009064562
13161,11926.733013837378
13162,11926.90706370624
13163,11927.69669727888
13164,11928.395778015445
13165,11929.754964007656
13166,11930.516609532602
13167,11931.6216968841
13168,11932.52969801618
13169,11933.533365348812
13170,11934.609748540022
13171,11935.432455956898
13172,11936.441574745335
13173,11937.777669412886
13174,11938.248658197563
13175,11939.667635881569
13176,11939.80385856776
13177,11940.62893781099
13178,11940.947054243978
13179,11942.246964137568
13180,11942.882468368138
13181,11945.438970633259
13182,11946.260893733854
13183,11946.835871737396
13184,11947.779120010553
13185,11948.512060566922
13186,11949.235694474586
13187,11950.747675476789
13188,11951.058472720424
13189,11952.043947335027
13190,11953.317013147702
13191,11954.378082796869
13192,11955.454368144052
13193,11955.965506429948
13194,11957.507149761928
13195,11957.601953356501
13196,11958.788004147493
13197,11959.856982272002
13198,11961.221032747748
13199,11961.941046988575
13200,11962.820149160323
13201,11962.948557822958
13202,11964.782658458455
13203,11965.30056669988
13204,11965.648447411397
13205,11967.017947489869
13206,11968.168642964012
13207,11968.866918137746
13208,11969.897762735503
13209,11971.716373930438
13210,11972.028961813872
13211,11972.984826737487
13212,11973.208735813179
13213,11974.050935974219
13214,11974.086849854048
13215,11974.372555138199
13216,11975.581273764468
13217,11976.83946751736
13218,11977.553762660089
13219,11978.503693700775
13220,11979.167636638647
13221,11979.670118548731
13222,11982.336045672477
13223,11983.600073861584
13224,11984.010016435503
13225,11984.931479615407
13226,11986.162294717838
13227,11986.953944539264
13228,11988.063906083475
13229,11988.378372706798
13230,11989.046467816166
13231,11989.537776380916
13232,11989.621887356267
13233,11991.118938380172
13234,11992.544987852212
13235,11992.777263136013
13236,11994.47314262761
13237,11995.279981098371
13238,11996.127542814706
13239,11997.15914602558
13240,11997.289174947175
13241,11998.78547953662
13242,11999.822543586888
13243,12001.152158857591
13244,12001.745955372247
13245,12002.231534173712
13246,12003.782640058296
13247,12004.80699051679
13248,12005.481482823418
13249,12005.975918025866
13250,12007.683325283113
13251,12007.992351217155
13252,12008.499741650412
13253,12009.401069897936
13254,12010.689387167306
13255,12011.872560931241
13256,12012.586097230818
13257,12014.006497830156
13258,12014.185464993307
13259,12015.169677885973
13260,12017.858861465382
13261,12018.098425838518
13262,12019.492957831339
13263,12020.046852326685
13264,12020.589581789254
13265,12021.315872794214
13266,12023.375205147595
13267,12024.332020281539
13268,12024.852159766386
13269,12025.644019604299
13270,12026.554749650011
13271,12027.201597885482
13272,12027.731033227181
13273,12029.171687564929
13274,12029.979023935568
13275,12030.940935383462
13276,12031.999457800095
13277,12033.260424459902
13278,12033.92704042074
13279,12035.029254420529
13280,12035.738013148313
13281,12035.861612247021
13282,12037.787651388824
13283,12038.737935931533
13284,12039.087394970846
13285,12040.661857502635
13286,12040.901408664979
13287,12043.798567873879
13288,12044.722424344296
13289,12045.32206452728
13290,12046.151169235687
13291,12047.008567335944
13292,12048.369977944039
13293,12049.105040623841
13294,12049.864960731242
13295,12050.971789980445
13296,12051.948836242893
13297,12052.860042882043
13298,12053.941766773147
13299,12054.390962639798
13300,12055.856781485501
13301,12056.399984653122
13302,12056.551489743155
13303,12057.761057097479
13304,12059.870583030861
13305,12060.216945583086
13306,12060.444819456457
13307,12061.671338035192
13308,12061.973033017326
13309,12062.479572413684
13310,12063.906951898851
13311,12064.619239259166
13312,12065.23508944519
13313,12066.371797551465
13314,12067.183092371139
13315,12067.585712851582
13316,12068.180842202302
13317,12069.683205235713
13318,12070.083726092773
13319,12071.137967804541
13320,12071.817905941536
13321,12072.686795641783
13322,12073.92733695998
13323,12074.273215859394
13324,12074.414459394367
13325,12074.712345342696
13326,12076.123990569884
13327,12077.601277872163
13328,12079.563907980781
13329,12080.546115379602
13330,12082.388131033549
13331,12083.061353015799
13332,12084.089450240888
13333,12084.48507652381
13334,12085.070380306732
13335,12086.809369023245
13336,12087.418932326409
13337,12088.382839660602
13338,12090.250027951353
13339,12090.428365614174
13340,12091.514449205484
13341,12091.774876157539
13342,12092.7032490318
13343,12093.248684618557
13344,12093.913785533528
13345,12094.289437557447
13346,12095.184258509424
13347,12095.493360106675
13348,12096.268446386215
13349,12096.840987349753
13350,12098.155947706016
13351,12098.415566139243
13352,12099.654196805099
13353,12102.207896498119
13354,12102.480070030455
13355,12102.946916654735
13356,12103.06667905012
13357,12103.89624762228
13358,12104.86961691875
13359,12105.67219397334
13360,12106.32338158218
13361,12107.071153716844
13362,12107.72511839505
13363,12108.637053213857
13364,12109.043589630264
13365,12109.369543812098
13366,12110.120846416365
13367,12111.019311566255
13368,12112.66261398134
13369,12113.655204839917
13370,12114.716037036906
13371,12116.173436246519
13372,12116.89324909511
13373,12117.712472432249
13374,12118.911628716729
13375,12119.239081300599
13376,12119.919687124837
13377,12121.512166340244
13378,12121.773922580856
13379,12123.035655634254
13380,12124.304016324133
13381,12124.787512236673
13382,12125.086706923108
13383,12126.207178757051
13384,12126.571891356885
13385,12128.282598098489
13386,12129.434987606301
13387,12129.94430752343
13388,12131.214444467518
13389,12131.541721310628
13390,12133.085236117937
13391,12133.810181344734
13392,12134.380708317263
13393,12135.29471735562
13394,12135.750941323828
13395,12137.505827880341
13396,12138.844698661254
13397,12139.021885479318
13398,12139.510116762884
13399,12141.850462562963
13400,12142.354477181992
13401,12142.800923275883
13402,12143.167500790178
13403,12144.701432035321
13404,12144.889707561642
13405,12145.995926246915
13406,12146.852830204189
13407,12147.715057519814
13408,12148.127545781879
13409,12149.358291243423
13410,12150.327258230616
13411,12151.591486454916
13412,12151.897737380721
13413,12152.743693084127
13414,12153.706109867191
13415,12154.141875817964
13416,12154.971523083977
13417,12156.683551738253
13418,12156.993259999948
13419,12157.471338132624
13420,12158.165507348434
13421,12159.282498763943
13422,12159.528721549968
13423,12161.139484668534
13424,12161.592031742284
13425,12162.100944466154
13426,12162.554903918919
13427,12163.01424055801
13428,12163.12952081963
13429,12164.938771297549
13430,12166.502244009578
13431,12168.100233208841
13432,12168.29901749933
13433,12168.844460876207
13434,12169.46998695766
13435,12172.061670908999
13436,12172.630311951332
13437,12174.02927287393
13438,12174.151751362613
13439,12177.210985346463
13440,12177.739941050027
13441,12178.999228136483
13442,12179.299046640512
13443,12179.99301905655
13444,12180.757129800466
13445,12181.496582086806
13446,12182.268207488029
13447,12183.852600911381
13448,12185.117834283144
13449,12185.804548592603
13450,12187.047674986177
13451,12187.260811092088
13452,12188.511468175018
13453,12189.901647351946
13454,12189.983548095979
13455,12190.355871618272
13456,12191.374003576815
13457,12192.124232134425
13458,12192.860742971181
13459,12194.200868798125
13460,12195.917484603375
13461,12196.053580359152
13462,12196.536952378981
13463,12199.041582439701
13464,12199.26105826811
13465,12199.727632751225
13466,12201.652981696674
13467,12202.069979647124
13468,12202.484386355909
13469,12203.135419732223
13470,12203.871247966015
13471,12204.549065577805
13472,12205.717166016504
13473,12207.168530360828
13474,12207.659720459142
13475,12208.379718955157
13476,12209.371745909375
13477,12210.096220279798
13478,12211.448076055884
13479,12213.513690200023
13480,12214.53926826221
13481,12214.748708005824
13482,12216.157513774091
13483,12216.879493655319
13484,12217.723931442119
13485,12218.664183726292
13486,12218.899545711596
13487,12219.461813563137
13488,12220.05150622548
13489,12220.986699820836
13490,12222.750125237304
13491,12223.327333571215
13492,12223.67880318764
13493,12225.17354735427
13494,12225.533845075004
13495,12226.835144076535
13496,12227.63903151595
13497,12229.290029170987
13498,12229.61070009805
13499,12231.339993675503
13500,12232.142579251176
13501,12232.534159311064
13502,12233.688477176091
13503,12235.108475924319
13504,12235.555876207158
13505,12236.390322815503
13506,12238.008031039408
13507,12238.535992876054
13508,12239.087371170153
13509,12239.910360391334
13510,12241.057841064874
13511,12241.831231260616
13512,12243.016941468211
13513,12244.10563307359
13514,12244.760406663198
13515,12245.781472530307
13516,12246.187559331327
13517,12246.383552744415
13518,12247.912600747697
13519,12248.365809364777
13520,12249.045502562243
13521,12249.66024832698
13522,12250.38474199088
13523,12251.393354561476
13524,12252.331496906556
13525,12252.667152988231
13526,12253.679521196489
13527,12254.432620961834
13528,12255.059674010536
13529,12255.787264651866
13530,12256.706501057986
13531,12257.95509980462
13532,12259.053129490332
13533,12259.923033818382
13534,12261.386511516879
13535,12262.72568552781
13536,12263.646117593022
13537,12264.080475205328
13538,12264.633234575163
13539,12265.580670584415
13540,12266.841181937894
13541,12267.352431520898
13542,12267.971466206838
13543,12269.873207935703
13544,12270.835185146811
13545,12272.958189231991
13546,12274.059318186832
13547,12274.800252749324
13548,12275.602735314666
13549,12277.049293090276
13550,12277.43905401355
13551,12278.427898455693
13552,12279.66449898712
13553,12280.272030406093
13554,12280.704124951777
13555,12281.657203679051
13556,12282.164968670202
13557,12283.807280816914
13558,12285.019229094203
13559,12286.093419408127
13560,12286.266691369583
13561,12287.081532627994
13562,12287.927667879785
13563,12288.648185476419
13564,12290.140493253115
13565,12290.213322656542
13566,12292.092178461045
13567,12292.877247991373
13568,12293.821887726297
13569,12293.938050354294
13570,12294.495691465625
13571,12296.377168768464
13572,12296.693468623333
13573,12297.685878655759
13574,12299.705279361149
13575,12300.184031277755
13576,12300.788949955422
13577,12302.585707737904
13578,12302.756111009418
13579,12304.118062923773
13580,12305.034213154018
13581,12305.856688575541
13582,12306.352739807275
13583,12307.943636109419
13584,12308.937420684204
13585,12310.343249977757
13586,12312.42919947365
13587,12313.613711478074
13588,12314.221924225159
13589,12314.717234627082
13590,12315.822563827638
13591,12316.102894727022
13592,12316.912068024665
13593,12318.107217777606
13594,12318.430642070576
13595,12319.527068482274
13596,12321.231790203508
13597,12321.771094440075
13598,12322.737066337771
13599,12323.27448157041
13600,12326.011017845402
13601,12326.558221968764
13602,12326.953809375944
13603,12328.075250054129
13604,12328.650588457675
13605,12330.131454587619
13606,12330.443710752568
13607,12331.731961476316
13608,12333.545125797562
13609,12334.171018140541
13610,12334.61699177248
13611,12335.116500804314
13612,12336.849561221494
13613,12337.792940658366
13614,12338.407180642593
13615,12338.922030720274
13616,12339.643707470499
13617,12340.43629611546
13618,12341.21371830353
13619,12341.392138951051
13620,12341.896615039166
13621,12342.651536760275
13622,12344.468262993834
13623,12344.633168776236
13624,12345.825722858659
13625,12346.78567839656
13626,12347.541914777572
13627,12348.26951305142
13628,12349.281049739237
13629,12349.923474415831
13630,12350.233254731431
13631,12351.830147615543
13632,12352.49268143647
13633,12353.355104344844
13634,12353.626148133118
13635,12354.801674091872
13636,12355.189461794924
13637,12355.903581657609
13638,12356.176722369972
13639,12356.641394275355
13640,12357.145126487851
13641,12358.179687121361
13642,12358.895952109055
13643,12359.390407212431
13644,12361.581995741848
13645,12362.02719259838
13646,12362.502624924209
13647,12362.992786254283
13648,12364.065921521411
13649,12364.590706696317
13650,12366.791479874093
13651,12366.931638347864
13652,12368.160884593268
13653,12368.659034087777
13654,12370.186245335664
13655,12370.8187553107
13656,12371.307315838107
13657,12371.67047364612
13658,12373.197510317475
13659,12374.050383061078
13660,12375.311906732524
13661,12376.604624842614
13662,12377.597276783157
13663,12378.504425712319
13664,12379.449293212592
13665,12380.063519035828
13666,12380.662484014814
13667,12381.103756051916
13668,12382.881975034494
13669,12383.517612717769
13670,12384.521046062913
13671,12385.205730975455
13672,12386.228333174151
13673,12386.736268669059
13674,12387.192148758902
13675,12387.795297585391
13676,12389.888423474045
13677,12391.152619811961
13678,12392.693142173626
13679,12393.476870878592
13680,12395.121641131473
13681,12395.344683182564
13682,12396.251117120753
13683,12397.18022322487
13684,12398.574057893095
13685,12399.894085970085
13686,12400.718588369766
13687,12401.039227631278
13688,12402.060409971931
13689,12402.839777400492
13690,12403.257555812726
13691,12404.220659199884
13692,12405.76706477812
13693,12406.403907229822
13694,12407.657284967117
13695,12409.163819269334
13696,12409.779573516973
13697,12411.842280921483
13698,12412.558812048846
13699,12413.433458307703
13700,12414.151726684608
13701,12414.701563408404
13702,12415.038646425377
13703,12416.474431593593
13704,12416.509923527088
13705,12417.925378889282
13706,12418.854188865078
13707,12419.097579390898
13708,12420.090960376658
13709,12420.721586004127
13710,12422.458182422968
13711,12422.588383540553
13712,12423.704960030051
13713,12424.111207394948
13714,12425.959198220378
13715,12427.236210797459
13716,12427.467941816149
13717,12429.387536759326
13718,12429.591255428631
13719,12430.638798917615
13720,12431.437856169345
13721,12433.090992195743
13722,12433.674932887065
13723,12434.362217291671
13724,12434.79220264572
13725,12436.214017731216
13726,12436.860451585553
13727,12438.038155052966
13728,12439.268387645958
13729,12439.937094756255
13730,12440.322911607556
13731,12441.523341005015
13732,12442.792319835662
13733,12443.507622965664
13734,12444.090239549556
13735,12444.892444972265
13736,12445.678371670079
13737,12446.64361359674
13738,12447.759489417731
13739,12447.994886473522
13740,12448.565039088824
13741,12449.306457813966
13742,12449.815598575588
13743,12450.518544566454
13744,12451.506864532201
13745,12453.577951107958
13746,12454.590926211918
13747,12455.075133297902
13748,12455.51875046834
13749,12455.945108338246
13750,12456.664512926065
13751,12458.577654997996
13752,12458.730335070612
13753,12459.513337887927
13754,12460.131514231096
13755,12460.656379496932
13756,12461.344352377982
13757,12461.903673503812
13758,12463.480399298669
13759,12463.913185420757
13760,12464.401897314576
13761,12465.368558274291
13762,12465.644898570397
13763,12466.056686734824
13764,12467.560861460614
13765,12468.338535694153
13766,12469.012863968414
13767,12469.60888549737
13768,12471.397522265739
13769,12471.659252583884
13770,12473.133014893674
13771,12473.807992815573
13772,12475.291474268088
13773,12476.045987264528
13774,12476.788727209992
13775,12476.997773574003
13776,12477.508348710538
13777,12478.836583562281
13778,12479.488118840078
13779,12480.728926680747
13780,12481.692428333836
13781,12482.556746469909
13782,12483.731464693752
13783,12485.174115040834
13784,12485.567566033516
13785,12486.097496284239
13786,12487.652806117476
13787,12488.825794738588
13788,12488.994965858083
13789,12490.780462959841
13790,12491.744997799098
13791,12492.060235686236
13792,12493.343886090874
13793,12494.347035955061
13794,12495.517879251021
13795,12496.04703878906
13796,12496.691035280412
13797,12497.425384969949
13798,12498.09289186147
13799,12499.544946121754
13800,12500.283134215473
13801,12500.520915891957
13802,12501.611707985152
13803,12503.219995981581
13804,12503.943451364921
13805,12505.146337660777
13806,12506.248283188428
13807,12507.003872372969
13808,12507.393835904588
13809,12509.348298884132
13810,12509.882348592169
13811,12510.585389329917
13812,12511.665486732609
13813,12512.706569132601
13814,12513.456702692743
13815,12513.900546221716
13816,12515.592690811265
13817,12516.3714359392
13818,12517.722043090494
13819,12518.382208333956
13820,12518.82286250801
13821,12519.828425851381
13822,12519.952257020857
13823,12521.819767338302
13824,12523.076575182886
13825,12524.832838296381
13826,12526.248192239171
13827,12526.759884624398
13828,12527.87709715963
13829,12528.048157716647
13830,12528.246241077002
13831,12529.615733970955
13832,12530.079365157053
13833,12531.004119494097
13834,12531.578996156522
13835,12532.194062734778
13836,12533.267587849505
13837,12534.409515705031
13838,12535.075828214933
13839,12536.311947980425
13840,12537.436098277463
13841,12539.459305916982
13842,12539.801634459041
13843,12540.305528008068
13844,12540.735495943467
13845,12541.450456118157
13846,12543.069908670108
13847,12543.628708831762
13848,12544.174306639108
13849,12544.698264267094
13850,12546.07243113955
13851,12546.51242458615
13852,12547.392974585438
13853,12548.483001099306
13854,12549.437535175746
13855,12550.290772536286
13856,12551.263093999456
13857,12552.421345327411
13858,12553.348490992166
13859,12553.806937320986
13860,12555.263978927791
13861,12556.60728983742
13862,12557.97592165907
13863,12558.383428717812
13864,12558.776594946943
13865,12559.699508743259
13866,12560.427989979078
13867,12561.189623931246
13868,12561.672512662828
13869,12563.082256714031
13870,12564.409948822191
13871,12566.276800187208
13872,12566.671309181955
13873,12568.368599118601
13874,12569.504568335609
13875,12570.29304647053
13876,12570.411004274483
13877,12571.647414088882
13878,12572.182005656805
13879,12573.130012757922
13880,12574.09955978238
13881,12575.37473376179
13882,12576.463894525932
13883,12577.728048139334
13884,12578.339588552682
13885,12578.792243657201
13886,12579.867021061818
13887,12580.534940189287
13888,12581.756514457749
13889,12582.992838351212
13890,12583.562852149196
13891,12585.458860168899
13892,12585.903328064451
13893,12586.262552476943
13894,12587.043561773717
13895,12587.730845302196
13896,12588.44417186823
13897,12588.893999645583
13898,12589.858954553136
13899,12590.189150557009
13900,12591.650617297319
13901,12592.137535763342
13902,12593.149805062656
13903,12593.994017353378
13904,12594.716755925941
13905,12595.718779844332
13906,12596.036258759465
13907,12596.731917998239
13908,12597.814712701933
13909,12599.251241925327
13910,12599.750656127497
13911,12600.686200432468
13912,12601.978444774379
13913,12603.340695166318
13914,12604.266534274675
13915,12604.84034150576
13916,12605.450792713345
13917,12605.945771659073
13918,12607.182032844721
13919,12607.905542640467
13920,12609.01895030483
13921,12610.74516886478
13922,12612.064046079977
13923,12613.012666290299
13924,12613.370531643764
13925,12614.466624859828
13926,12614.782772353481
13927,12615.819820986133
13928,12616.726500699038
13929,12617.224606279022
13930,12617.982663448818
13931,12619.02148160962
13932,12619.567829682232
13933,12620.326849592149
13934,12621.677604039485
13935,12622.702794040732
13936,12625.753704918045
13937,12625.924806727771
13938,12626.27506028899
13939,12626.792884828381
13940,12627.58896418873
13941,12628.324255007868
13942,12629.412017768622
13943,12630.921315464162
13944,12632.131961282641
13945,12632.245512281328
13946,12633.354104351698
13947,12634.393813913584
13948,12634.836276743268
13949,12635.496883505992
13950,12636.374181826142
13951,12637.419311882559
13952,12638.292055392178
13953,12638.649675045572
13954,12639.63532209854
13955,12640.641928116011
13956,12641.853678337489
13957,12643.347996454631
13958,12643.432962371688
13959,12644.420972757904
13960,12644.831657112689
13961,12645.332067422485
13962,12645.955159647423
13963,12646.863992580336
13964,12647.981411704945
13965,12648.626393298593
13966,12649.01119135997
13967,12650.046452427021
13968,12651.835216670795
13969,12652.755901040042
13970,12653.72525425976
13971,12654.578961708996
13972,12655.05111738609
13973,12656.065284578202
13974,12656.510751466711
13975,12657.787434374131
13976,12659.023375534101
13977,12660.078292558714
13978,12660.598686565498
13979,12661.599316385556
13980,12662.899362805978
13981,12663.704434659512
13982,12665.628159506909
13983,12666.038606219863
13984,12666.605305147194
13985,12667.675788781926
13986,12668.240874529041
13987,12668.518148233663
13988,12669.501283818556
13989,12671.137743191668
13990,12671.809984341025
13991,12672.444571747379
13992,12674.009450352898
13993,12675.000844460425
13994,12676.607269785298
13995,12677.514615927537
13996,12677.754677440897
13997,12678.683505628933
13998,12679.08971967964
13999,12680.13744149561
14000,12681.242779279029
14001,12682.447380500385
14002,12682.898390460443
14003,12683.931265432568
14004,12684.88247749537
14005,12685.071138324582
14006,12685.972674721192
14007,12688.054584300737
14008,12689.906536189264
14009,12690.285197388235
14010,12691.102303226746
14011,12691.454132061508
14012,12693.19799296474
14013,12693.998450028812
14014,12695.805968235549
14015,12695.91391380712
14016,12696.524338224155
14017,12697.800116324321
14018,12698.965196193591
14019,12700.16246047228
14020,12701.428094717667
14021,12702.795074167534
14022,12703.593549459567
14023,12704.303224187866
14024,12704.701964048685
14025,12705.445708297391
14026,12706.646841168034
14027,12707.085068379827
14028,12708.302996259483
14029,12709.128689315176
14030,12710.725040540972
14031,12712.627925865376
14032,12713.459891557792
14033,12713.970582375667
14034,12714.538233993686
14035,12715.754332376921
14036,12716.608703675922
14037,12717.075417905175
14038,12718.112415040603
14039,12719.00703335521
14040,12719.643966411135
14041,12720.456378042105
14042,12721.432076555573
14043,12722.293080758183
14044,12722.914090769911
14045,12723.485409559846
14046,12725.26699129318
14047,12725.948983272308
14048,12726.759838509453
14049,12727.473165466201
14050,12728.834719074441
14051,12729.43733909145
14052,12730.908348250266
14053,12731.497615296128
14054,12731.859299801783
14055,12732.415833903066
14056,12733.317593508131
14057,12733.987337317058
14058,12734.591723010859
14059,12734.754137742206
14060,12736.223564926571
14061,12737.088900114401
14062,12738.279053633365
14063,12739.075611003209
14064,12739.464248902337
14065,12740.257550142636
14066,12741.344607586712
14067,12741.718299506067
14068,12742.937833665794
14069,12744.049857858277
14070,12744.970487874447
14071,12745.877805770177
14072,12746.284348889973
14073,12747.942506096366
14074,12748.81703442628
14075,12749.301672043002
14076,12751.366785867245
14077,12752.521411301715
14078,12752.683837792041
14079,12753.130539859043
14080,12754.108531449905
14081,12755.745981228567
14082,12756.547921544832
14083,12758.053951036591
14084,12758.791543558878
14085,12759.651330440893
14086,12760.285371712054
14087,12760.751824189394
14088,12762.078270321377
14089,12762.934017926458
14090,12764.239654327999
14091,12765.102303996293
14092,12766.11401752323
14093,12768.606897403068
14094,12769.238221806494
14095,12769.690328008566
14096,12770.640305344168
14097,12772.499382198403
14098,12772.929491921388
14099,12773.702623084895
14100,12774.608379849034
14101,12774.799351896732
14102,12775.538520446347
14103,12776.679301911057
14104,12776.804264429764
14105,12777.49811375944
14106,12779.016803990697
14107,12779.71898213965
14108,12780.744451240069
14109,12781.777630417073
14110,12782.022192548249
14111,12783.549998103004
14112,12784.411310612881
14113,12785.815132823016
14114,12787.022478370784
14115,12787.062390395913
14116,12788.600737992178
14117,12789.180022924313
14118,12789.993679039066
14119,12791.480909168269
14120,12792.184958529249
14121,12792.957520108792
14122,12793.117681673803
14123,12794.239051701275
14124,12794.392474112916
14125,12796.186900024273
14126,12796.42315960924
14127,12797.436325436318
14128,12797.690189250405
14129,12799.485100687622
14130,12800.713617775125
14131,12801.403466546635
14132,12801.904395278305
14133,12802.319883689477
14134,12803.248913287443
14135,12803.818605067587
14136,12804.68461035618
14137,12805.945619975015
14138,12806.517124673499
14139,12808.932433382079
14140,12809.400048005566
14141,12810.017269691229
14142,12811.745536490322
14143,12812.602461023775
14144,12812.985568034597
14145,12814.421105739782
14146,12816.308215449555
14147,12817.025637827854
14148,12817.553594831063
14149,12818.644526305403
14150,12819.266188953176
14151,12820.43045459622
14152,12820.605808316754
14153,12821.602662796642
14154,12822.019446694974
14155,12823.263138675888
14156,12824.460360744015
14157,12824.957287292897
14158,12825.702424415265
14159,12826.842818381521
14160,12827.004125810443
14161,12828.212007547858
14162,12829.382181786563
14163,12830.443652615701
14164,12831.052607903779
14165,12832.903347610438
14166,12833.756956126159
14167,12833.879399465215
14168,12834.357145074473
14169,12835.767380070203
14170,12836.747391755353
14171,12837.435830361519
14172,12838.048861512205
14173,12838.901904989087
14174,12839.077038186646
14175,12839.595190494041
14176,12840.379126495907
14177,12840.695228305971
14178,12841.295699035003
14179,12841.658812017193
14180,12842.51916740918
14181,12843.370909701091
14182,12843.687826652251
14183,12844.71832931035
14184,12845.625272554436
14185,12846.202390986829
14186,12847.422772954737
14187,12847.819264764661
14188,12850.066085885755
14189,12850.68516474741
14190,12850.973103900196
14191,12851.383119318429
14192,12852.401647825978
14193,12852.964998693047
14194,12853.585463815154
14195,12854.867968376389
14196,12855.054323844541
14197,12856.70885590786
14198,12857.942316887338
14199,12858.03171992607
14200,12858.480241387026
14201,12859.395606716898
14202,12861.406862099051
14203,12862.345486025839
14204,12862.770184557661
14205,12865.194924867848
14206,12866.129504512823
14207,12866.772898485344
14208,12867.004592864529
14209,12868.044056994582
14210,12869.157431992508
14211,12869.769741829452
14212,12870.533317276027
14213,12871.719324634461
14214,12872.460589475349
14215,12873.700513062595
14216,12874.958391863946
14217,12876.857462137361
14218,12877.586278252935
14219,12878.416418918658
14220,12879.046523565787
14221,12879.72493087266
14222,12880.308199509906
14223,12880.830764841556
14224,12882.800351824106
14225,12883.058312765943
14226,12883.443060396265
14227,12884.975873861251
14228,12885.477439134631
14229,12886.819722045846
14230,12888.224916945097
14231,12889.375960733862
14232,12889.948375084441
14233,12891.566555736299
14234,12892.060625972208
14235,12893.027496233441
14236,12893.241891981139
14237,12894.60891579302
14238,12894.715564302158
14239,12895.573902265325
14240,12896.304445359303
14241,12897.573551187004
14242,12898.562556573668
14243,12899.448802136118
14244,12899.565434052609
14245,12901.082184608314
14246,12901.29581508445
14247,12902.240217756966
14248,12903.259750709136
14249,12904.357407269716
14250,12905.397462509172
14251,12907.414927438531
14252,12908.513570840929
14253,12909.163764494278
14254,12910.294105281031
14255,12910.87867742118
14256,12911.698774564753
14257,12912.351767821685
14258,12913.724346059333
14259,12913.795939980726
14260,12914.565800537748
14261,12915.257275036089
14262,12916.154819539757
14263,12916.867161452488
14264,12919.107066708348
14265,12919.828222404351
14266,12921.407956007311
14267,12921.593313502603
14268,12922.148808344838
14269,12923.238701114968
14270,12923.762011811359
14271,12924.473628986516
14272,12924.783830111508
14273,12926.080918710397
14274,12926.521678903193
14275,12927.891303726028
14276,12929.126821420825
14277,12930.019278192904
14278,12930.724224529127
14279,12931.039160540904
14280,12932.221230284798
14281,12933.119666948072
14282,12934.689220667267
14283,12935.742192465357
14284,12936.226011114544
14285,12936.607956671805
14286,12938.445695877404
14287,12938.625229275411
14288,12940.398983968496
14289,12940.966285173887
14290,12941.878184389234
14291,12943.789628177879
14292,12945.041070137653
14293,12945.251680325802
14294,12945.957843138436
14295,12946.305034731286
14296,12947.290608675237
14297,12947.528127508305
14298,12949.993907253373
14299,12950.588294498304
14300,12951.428582779521
14301,12952.692997371165
14302,12954.297862755318
14303,12955.003994973897
14304,12955.34013478122
14305,12956.43804593483
14306,12957.212407855266
14307,12958.200569702523
14308,12959.165191258671
14309,12959.56293635059
14310,12960.698032603457
14311,12961.586972804598
14312,12964.4263023355
14313,12964.988618391255
14314,12965.366747289883
14315,12965.514161354607
14316,12965.937712690386
14317,12967.122425772102
14318,12967.284099416118
14319,12967.97756004891
14320,12969.035328794114
14321,12969.786608220149
14322,12970.376382909319
14323,12972.040987413198
14324,12972.552483468577
14325,12974.128184553372
14326,12974.500070150136
14327,12975.533874567758
14328,12976.253947372623
14329,12977.138738020649
14330,12978.124075549689
14331,12978.457784057246
14332,12979.242138282672
14333,12980.576614092879
14334,12980.818033374744
14335,12982.070593024511
14336,12982.431423540818
14337,12983.332459219981
14338,12984.727145179151
14339,12986.189383768849
14340,12986.697492144402
14341,12987.170174837713
14342,12987.608973203407
14343,12987.734884258747
14344,12989.210970478327
14345,12990.996632250095
14346,12991.512872466234
14347,12992.548840072206
14348,12994.368105782514
14349,12994.74750899492
14350,12995.575465845493
14351,12996.089474228384
14352,12996.995748100231
14353,12998.268959748493
14354,12998.804001421566
14355,13000.424204155643
14356,13000.635144617067
14357,13002.765120797076
14358,13003.565548229957
14359,13004.148316174369
14360,13005.46492227499
14361,13006.688885948237
14362,13007.276017275588
14363,13008.663210765448
14364,13010.538761280664
14365,13010.95223231075
14366,13011.352007734482
14367,13012.178507921286
14368,13013.154027503011
14369,13015.078350432292
14370,13016.013293821592
14371,13016.969927855171
14372,13017.642974462711
14373,13018.77394132502
14374,13019.598155007501
14375,13020.436360647211
14376,13020.66825205474
14377,13022.508568563038
14378,13022.949436906545
14379,13024.632855159478
14380,13026.232820072742
14381,13027.350622178152
14382,13027.530172503833
14383,13028.506252362045
14384,13029.056300848406
14385,13029.616698241527
14386,13030.351004594973
14387,13030.658192239116
14388,13031.376983367683
14389,13032.111973800678
14390,13033.011206389217
14391,13034.530487266931
14392,13035.048089948648
14393,13036.811853213694
14394,13037.960538292733
14395,13038.841789115213
14396,13039.161540537852
14397,13039.514048495519
14398,13040.030695891734
14399,13041.168639231544
14400,13042.082656441804
14401,13042.16363193176
14402,13042.694612685951
14403,13044.702013693057
14404,13045.678066460621
14405,13046.335988351331
14406,13046.901767518924
14407,13047.682087272649
14408,13048.278670394895
14409,13049.357873542818
14410,13050.942566184804
14411,13051.495066544487
14412,13053.296450834636
14413,13053.46996233643
14414,13054.757456011059
14415,13055.424264327263
14416,13056.797062446776
14417,13057.892431168511
14418,13058.377247206345
14419,13059.815924830196
14420,13060.487637004353
14421,13060.873720553243
14422,13062.488624074851
14423,13064.008915310827
14424,13064.517770029324
14425,13066.207112405302
14426,13067.669397820135
14427,13068.330845849825
14428,13069.007715238577
14429,13069.469837857951
14430,13070.688816582286
14431,13071.768863497628
14432,13072.465352053143
14433,13073.376399595123
14434,13074.439016969298
14435,13075.317601530138
14436,13076.536731805463
14437,13077.442246047925
14438,13077.955626692901
14439,13078.919013485885
14440,13080.370416322594
14441,13081.088136271972
14442,13082.053407397823
14443,13083.393558461057
14444,13084.946338670214
14445,13086.82505576075
14446,13086.958033013376
14447,13088.810919610894
14448,13089.111258570283
14449,13089.561254346827
14450,13089.917323050529
14451,13091.128937809726
14452,13091.400565323594
14453,13091.503580905994
14454,13092.595657852749
14455,13093.3953049596
14456,13093.747107775018
14457,13094.407674065891
14458,13095.051659997245
14459,13095.383021902522
14460,13097.078845763812
14461,13097.300405576671
14462,13098.042314843582
14463,13099.454745018216
14464,13099.749232985374
14465,13100.534566957705
14466,13101.737480742899
14467,13102.43062154333
14468,13104.036379098681
14469,13104.857657631008
14470,13105.255304211134
14471,13105.65847178201
14472,13106.764736853931
14473,13107.774353291659
14474,13109.130832560309
14475,13109.733502260122
14476,13110.150038019927
14477,13112.581737622866
14478,13113.492737125776
14479,13113.84565124051
14480,13114.62807038252
14481,13115.578453867827
14482,13116.152105512439
14483,13117.947209898175
14484,13118.497903107267
14485,13119.207468264402
14486,13120.276737553198
14487,13120.615511391319
14488,13121.585512120311
14489,13122.181101838965
14490,13122.953142185353
14491,13123.07856225143
14492,13125.380362468564
14493,13126.363965720333
14494,13127.382585903746
14495,13128.584466376193
14496,13129.120740732362
14497,13130.053367018578
14498,13130.779338173348
14499,13131.719088902595
14500,13132.301964320668
14501,13132.616221092105
14502,13134.437194341199
14503,13134.676077907494
14504,13136.872738655005
14505,13137.487230103212
14506,13138.91381431576
14507,13139.641335375994
14508,13140.249432125762
14509,13140.797379835354
14510,13142.221513579076
14511,13142.363324312104
14512,13143.710070558356
14513,13144.686852354665
14514,13145.655470596026
14515,13146.235854964183
14516,13147.344949301953
14517,13148.123199098003
14518,13149.337242708867
14519,13149.825831424987
14520,13150.382047970628
14521,13151.178263454141
14522,13152.061790203978
14523,13152.419980730983
14524,13153.034693459349
14525,13153.892040688006
14526,13154.226571662542
14527,13155.964263664557
14528,13156.273632790282
14529,13157.134018545516
14530,13157.619067220447
14531,13159.066449511285
14532,13160.132245614321
14533,13160.892717884448
14534,13161.628528857294
14535,13163.162549544979
14536,13163.743721037705
14537,13164.548854907962
14538,13165.345933549272
14539,13165.89769902113
14540,13167.043377096283
14541,13167.513156565572
14542,13168.959692761407
14543,13169.642079566429
14544,13171.429483156991
14545,13172.431231844088
14546,13172.855777184275
14547,13174.15498328397
14548,13174.914580670267
14549,13176.330405729392
14550,13176.719272583856
14551,13177.426951838201
14552,13177.88329811232
14553,13179.595023081663
14554,13179.944455299354
14555,13180.246147544263
14556,13180.893764873003
14557,13181.132142371722
14558,13181.44008337844
14559,13183.697684072255
14560,13184.904583063808
14561,13185.576651893878
14562,13186.499083971828
14563,13187.557039880783
14564,13187.831048188356
14565,13188.639167555908
14566,13189.723232603414
14567,13190.119336037911
14568,13191.33057346468
14569,13192.348367907922
14570,13193.152775434281
14571,13194.83396773391
14572,13195.102142859821
14573,13196.573098834164
14574,13197.367622318096
14575,13197.854145287474
14576,13199.458280503037
14577,13200.523756998751
14578,13201.706308075913
14579,13202.922277542124
14580,13204.139823939327
14581,13204.354748733946
14582,13205.620678980365
14583,13207.391075031233
14584,13207.497055418713
14585,13209.139480975437
14586,13209.867773149379
14587,13211.659187325868
14588,13211.912899385539
14589,13212.563420238794
14590,13214.707009392767
14591,13216.065462300157
14592,13216.406744035925
14593,13216.763592361911
14594,13218.258703356873
14595,13218.68996397614
14596,13219.45350231546
14597,13219.957468974048
14598,13220.178496990975
14599,13220.58528110686
14600,13222.207205284818
14601,13222.868505791756
14602,13223.925471035058
14603,13224.475589481861
14604,13225.161672409742
14605,13226.02101319937
14606,13226.583076423733
14607,13227.5238204826
14608,13227.837078668656
14609,13229.575975931986
14610,13230.319449237151
14611,13231.528368095114
14612,13232.270037444812
14613,13233.146574097012
14614,13233.735078966609
14615,13234.039994242134
14616,13234.872334942347
14617,13236.074555668003
14618,13236.925562069127
14619,13238.432344768769
14620,13238.713823431455
14621,13239.351866775032
14622,13240.188382167924
14623,13240.814970525827
14624,13241.866823105722
14625,13243.162286886512
14626,13243.734377649109
14627,13245.262874995906
14628,13246.490034620512
14629,13247.196205492633
14630,13247.357387485034
14631,13248.136360371136
14632,13248.738075509807
14633,13248.815670894199
14634,13250.244607683542
14635,13250.853790172179
14636,13251.296100672247
14637,13252.355051763259
14638,13252.772256235454
14639,13254.347749318293
14640,13254.838431948121
14641,13256.619065601066
14642,13257.037463655019
14643,13257.609507554827
14644,13258.211901029948
14645,13259.0685442828
14646,13260.215619689356
14647,13261.106383759758
14648,13262.622303658149
14649,13263.314040637582
14650,13264.337240285024
14651,13265.496352615537
14652,13265.645814213149
14653,13266.384629634817
14654,13266.615784950884
14655,13269.206755730665
14656,13269.798315450158
14657,13271.76336767949
14658,13272.331174622206
14659,13273.268062325102
14660,13274.352225651435
14661,13275.924195490019
14662,13277.930920266745
14663,13280.063891594975
14664,13280.635143366193
14665,13281.889066237136
14666,13282.530517684168
14667,13283.85224637264
14668,13284.021399734409
14669,13284.561506001442
14670,13284.711401811424
14671,13285.655175594309
14672,13287.005341491476
14673,13287.728054325073
14674,13287.910460900794
14675,13288.991099069866
14676,13289.725861273482
14677,13291.048534603613
14678,13291.787585962402
14679,13292.819939565758
14680,13294.18872220612
14681,13294.705941073513
14682,13295.724963061033
14683,13295.800298254218
14684,13297.456429129825
14685,13298.042359485948
14686,13298.549110448301
14687,13299.197772072232
14688,13300.467897946675
14689,13300.904878063997
14690,13301.998978043674
14691,13302.843310659164
14692,13303.692954422035
14693,13305.282528323231
14694,13306.117594278738
14695,13307.502865997578
14696,13309.389172994865
14697,13309.554201563587
14698,13310.754653940563
14699,13311.259479882612
14700,13311.657644695617
14701,13312.372002983033
14702,13313.62401277507
14703,13315.496470352206
14704,13316.341063470152
14705,13316.653256954023
14706,13317.725311136177
14707,13319.785810594922
14708,13320.209560985157
14709,13320.663142598252
14710,13322.659843716345
14711,13323.420730934422
14712,13323.526011308311
14713,13324.31976427068
14714,13325.441184986894
14715,13326.070149663936
14716,13326.959111814444
14717,13327.350156111417
14718,13329.824979883846
14719,13330.220453051554
14720,13330.544918994148
14721,13331.706423982543
14722,13332.219938168966
14723,13333.655870272962
14724,13334.631699177811
14725,13336.166385126344
14726,13336.813008640493
14727,13337.034493474479
14728,13338.535855873482
14729,13338.65550312005
14730,13339.67629179872
14731,13340.286463983453
14732,13342.026056820694
14733,13342.474452925693
14734,13343.34376727975
14735,13343.971771850262
14736,13344.762961225517
14737,13345.506365721349
14738,13346.494853846485
14739,13347.815393790728
14740,13348.226942547615
14741,13348.603086511172
14742,13349.212713548321
14743,13349.937003909172
14744,13350.471002321032
14745,13352.245892588759
14746,13353.487697125174
14747,13353.708176366817
14748,13355.18056447526
14749,13356.089151442997
14750,13357.333983331055
14751,13358.329463733506
14752,13359.482242153746
14753,13359.830491291314
14754,13360.177172422689
14755,13361.066317614817
14756,13361.406883573283
14757,13361.996186144121
14758,13362.721448223252
14759,13363.123106069859
14760,13364.262040879512
14761,13364.697714131169
14762,13365.644594342455
14763,13365.65794788741
14764,13368.005460486836
14765,13369.421490175038
14766,13370.629549934727
14767,13371.971078299503
14768,13373.406460706979
14769,13374.557304283959
14770,13375.115063271649
14771,13376.029863753887
14772,13376.628836976475
14773,13377.694128864721
14774,13378.870625258645
14775,13379.643765985355
14776,13380.573805597633
14777,13381.997471081713
14778,13383.57380040005
14779,13384.30554106292
14780,13384.853593348411
14781,13385.548990744235
14782,13385.705327841488
14783,13386.366988648919
14784,13387.323713231524
14785,13388.093223206597
14786,13389.686444884339
14787,13389.910893770497
14788,13391.303857872181
14789,13391.973551811898
14790,13392.732983103399
14791,13393.070775228629
14792,13393.484072189351
14793,13394.528667612905
14794,13395.216613088103
14795,13396.329697948633
14796,13397.724850654342
14797,13398.065943180598
14798,13399.839333790915
14799,13400.177296539208
14800,13401.473344786849
14801,13401.947738865596
14802,13403.925244680366
14803,13405.756241197947
14804,13406.116514266716
14805,13406.825626114014
14806,13408.494897612609
14807,13409.053075551998
14808,13409.907720172865
14809,13410.202626004559
14810,13411.194587751585
14811,13412.159562074337
14812,13413.093763773815
14813,13413.486234838871
14814,13414.346528123337
14815,13414.907874253173
14816,13416.124399804179
14817,13416.785864001855
14818,13418.463306595369
14819,13418.820817935837
14820,13419.433227415868
14821,13420.769034668047
14822,13421.204900945031
14823,13421.96662887381
14824,13422.81995615499
14825,13424.546780706598
14826,13425.215225370781
14827,13425.749241660395
14828,13427.062343050124
14829,13427.493306610726
14830,13428.221352383816
14831,13429.428725064541
14832,13429.706962718421
14833,13430.423495507168
14834,13431.77822446406
14835,13432.659653996918
14836,13433.073691092737
14837,13433.767395042099
14838,13434.532145418039
14839,13436.133465954843
14840,13436.681176145423
14841,13438.058116705546
14842,13440.178143676363
14843,13441.320669613184
14844,13442.062975237866
14845,13442.434447404383
14846,13442.973072561854
14847,13443.976025994014
14848,13444.831742819402
14849,13446.371703049303
14850,13446.975775180299
14851,13447.321726759365
14852,13448.738375046079
14853,13449.995701842325
14854,13450.479447995192
14855,13451.910807560505
14856,13453.685204444781
14857,13454.247503717579
14858,13455.462872356906
14859,13457.25612776758
14860,13458.049722165519
14861,13458.55768643748
14862,13459.569529478509
14863,13460.147239003889
14864,13460.937975400058
14865,13462.552024643268
14866,13463.227555051013
14867,13463.701196493515
14868,13464.236158718692
14869,13464.840990731151
14870,13465.216806331984
14871,13467.116444917165
14872,13467.83051005499
14873,13468.465974724339
14874,13468.860350456616
14875,13469.697627518532
14876,13471.721853371022
14877,13472.389796113714
14878,13472.86957721812
14879,13474.862505212592
14880,13475.474393715578
14881,13475.832343134976
14882,13476.318116890534
14883,13477.304283652806
14884,13477.439729331112
14885,13478.39794416682
14886,13480.144515945867
14887,13481.145454876727
14888,13481.722728471015
14889,13483.519020227732
14890,13484.660747203887
14891,13485.234395652362
14892,13485.736308868061
14893,13486.20541091735
14894,13486.915054040101
14895,13488.049914891704
14896,13488.590854664415
14897,13489.542484457686
14898,13491.453538158437
14899,13491.501770408096
14900,13492.69004587553
14901,13493.532493429349
14902,13494.153820285122
14903,13494.443048614354
14904,13496.338236660828
14905,13496.68522522081
14906,13497.187944840964
14907,13500.342206451935
14908,13501.333260266001
14909,13502.314389570603
14910,13503.142148043917
14911,13505.219986448195
14912,13505.944626782364
14913,13506.77222524723
14914,13507.7179342502
14915,13508.8085687435
14916,13509.232871736385
14917,13509.543656018475
14918,13510.83226800263
14919,13512.166992705572
14920,13512.651824323606
14921,13513.328895110226
14922,13515.084048142309
14923,13516.009804059106
14924,13516.232574773903
14925,13516.79189891131
14926,13517.15660500691
14927,13518.328007200038
14928,13518.752668191948
14929,13519.218916002099
14930,13520.270699009081
14931,13520.370609649786
14932,13521.810439898656
14933,13522.481347664881
14934,13523.689702375681
14935,13524.294955189736
14936,13524.973546460338
14937,13525.948432816291
14938,13526.317962706558
14939,13527.15541478255
14940,13528.650199211021
14941,13528.893273919877
14942,13529.255947929101
14943,13530.030296070709
14944,13530.357747008951
14945,13531.022843190822
14946,13533.521825652231
14947,13534.321155550433
14948,13534.391815384915
14949,13534.933309658463
14950,13535.817735586068
14951,13536.49471369799
14952,13537.416368120788
14953,13539.063492958079
14954,13539.681092347784
14955,13540.612916374448
14956,13541.282581350777
14957,13541.651017995524
14958,13543.038341694939
14959,13543.589222079763
14960,13544.82159064368
14961,13545.598244768969
14962,13547.001800112525
14963,13548.562746660435
14964,13549.181922292002
14965,13549.809457503543
14966,13551.574185896754
14967,13553.010433724272
14968,13553.507791578913
14969,13554.087058422181
14970,13554.481322293972
14971,13555.21855932839
14972,13557.339250748144
14973,13557.689679484449
14974,13559.178683751965
14975,13559.769471291393
14976,13560.506931458462
14977,13562.024397145426
14978,13563.149317086421
14979,13563.767197330362
14980,13563.826448438513
14981,13564.796067156691
14982,13566.197048292348
14983,13566.54492920791
14984,13567.33389267157
14985,13568.33720026994
14986,13569.714768897868
14987,13570.477821720597
14988,13571.422278523776
14989,13571.822286155453
14990,13572.92516211214
14991,13574.367391748296
14992,13574.72886137834
14993,13575.226795215151
14994,13576.238277032817
14995,13577.40362376168
14996,13579.388436130606
14997,13580.16935769528
14998,13581.337997599121
14999,13581.993790253227
15000,13582.500510692362
15001,13583.103925136429
15002,13584.267420444952
15003,13584.689527748573
15004,13585.518041904552
15005,13586.60274712223
15006,13588.889436569902
15007,13590.078255371831
15008,13591.303679823683
15009,13592.426153947195
15010,13593.142950779937
15011,13594.37701766622
15012,13595.168023074875
15013,13595.716858715767
15014,13596.251004090398
15015,13597.368133483102
15016,13598.552386872927
15017,13600.447752538495
15018,13601.294264581278
15019,13602.459078903872
15020,13602.602453250969
15021,13603.03759454467
15022,13603.817254379357
15023,13605.129134076002
15024,13605.437226095421
15025,13606.093756769889
15026,13606.938511798202
15027,13607.327272881601
15028,13607.872179507644
15029,13608.3966415576
15030,13608.969845483309
15031,13610.379703370902
15032,13611.027792549028
15033,13612.041634379153
15034,13612.616936556606
15035,13612.818943854489
15036,13614.171931506224
15037,13614.306719317377
15038,13615.235129371353
15039,13615.540858347709
15040,13617.128947821842
15041,13617.834104778982
15042,13618.071848013429
15043,13619.751841110783
15044,13621.048083852711
15045,13621.278211915032
15046,13622.310601024192
15047,13623.044186364908
15048,13623.972324996457
15049,13624.32964332654
15050,13625.200498643106
15051,13625.468448014084
15052,13626.877453898211
15053,13627.767857015555
15054,13628.432098488816
15055,13629.423724173737
15056,13630.122624840209
15057,13630.743627777785
15058,13631.385894274668
15059,13632.002985033625
15060,13632.983605061243
15061,13633.426970584273
15062,13634.60871739472
15063,13635.959366307468
15064,13636.416969313434
15065,13637.592434878694
15066,13638.357415548306
15067,13639.40270811833
15068,13640.023866444379
15069,13640.266562369543
15070,13642.790500007724
15071,13643.140547485382
15072,13643.403106579821
15073,13644.987441802872
15074,13645.81835482174
15075,13646.143466751277
15076,13647.624665022206
15077,13648.570566604838
15078,13649.366957457123
15079,13650.463163024047
15080,13650.685145407419
15081,13652.384134985392
15082,13652.877626677882
15083,13653.821829257702
15084,13655.527672300857
15085,13656.393407655865
15086,13658.038125003211
15087,13658.143160864938
15088,13659.287234157247
15089,13660.209424913808
15090,13661.817546942666
15091,13662.372741777766
15092,13662.883100184776
15093,13663.312767666997
15094,13665.115341718491
15095,13665.505367494934
15096,13666.489730120245
15097,13667.569099567361
15098,13668.839486263716
15099,13670.406368702425
15100,13670.586768378324
15101,13671.464617206138
15102,13672.499438434841
15103,13672.837403331885
15104,13674.163839450906
15105,13675.053439774978
15106,13675.9176728533
15107,13676.203830695116
15108,13678.205790999622
15109,13678.837123083489
15110,13679.547415810472
15111,13680.197831863614
15112,13681.047433636184
15113,13682.07057789027
15114,13683.31573425705
15115,13684.080711565828
15116,13684.615105993058
15117,13685.834415896863
15118,13686.798091258996
15119,13688.416033779253
15120,13689.372278831002
15121,13690.215395062047
15122,13691.009200695113
15123,13692.762784789917
15124,13693.127610345591
15125,13694.692994088793
15126,13694.812086033062
15127,13695.220451711702
15128,13697.06063752503
15129,13697.379983371089
15130,13698.192960795399
15131,13699.682701853735
15132,13700.620534711043
15133,13700.737735097753
15134,13702.435136475597
15135,13702.52325456709
15136,13703.330225449516
15137,13705.238133405608
15138,13705.52181766743
15139,13705.780938925634
15140,13707.473439742613
15141,13708.338032074305
15142,13709.24990501275
15143,13710.37754769956
15144,13710.97217902499
15145,13712.340264156148
15146,13712.762532744258
15147,13714.204363209115
15148,13715.80772697051
15149,13716.306483031616
15150,13716.934877114316
15151,13718.286109861861
15152,13719.82744658398
15153,13721.062036947997
15154,13722.037441106884
15155,13723.501701606927
15156,13724.128555073688
15157,13724.729548523685
15158,13725.825713578743
15159,13727.040105312308
15160,13727.781567643846
15161,13729.04670594784
15162,13729.127640576897
15163,13730.637435921319
15164,13732.289775867059
15165,13732.47614053576
15166,13733.65716538724
15167,13734.162346317535
15168,13735.462586382915
15169,13736.151769957267
15170,13736.41002282352
15171,13737.140346504437
15172,13737.847260674349
15173,13738.546524433328
15174,13739.056261596954
15175,13740.001202796457
15176,13741.563868540929
15177,13741.726605532311
15178,13743.175154553117
15179,13743.866479252109
15180,13744.288413610517
15181,13745.682900324933
15182,13746.084336863358
15183,13746.74480733368
15184,13746.868117037531
15185,13748.265788304012
15186,13749.163088828804
15187,13750.059265252106
15188,13750.562792652136
15189,13751.268539177323
15190,13752.022017667727
15191,13752.888079893279
15192,13754.324541697217
15193,13754.803843073218
15194,13755.276661846003
15195,13756.369906267528
15196,13756.936710451364
15197,13757.515656570869
15198,13757.814575148936
15199,13758.549619087842
15200,13758.712347081046
15201,13760.49293550887
15202,13761.942184305592
15203,13762.329349333873
15204,13764.278675938522
15205,13765.57588597338
15206,13766.098098910737
15207,13766.754626856145
15208,13767.443853709963
15209,13768.610654711814
15210,13769.799593622191
15211,13771.032631358838
15212,13771.824175987989
15213,13772.917427597793
15214,13774.024984849659
15215,13775.384071048169
15216,13775.536087001143
15217,13777.339732541206
15218,13778.532240554267
15219,13779.320626894225
15220,13779.851706816447
15221,13781.335582424917
15222,13783.047737792071
15223,13784.797527990448
15224,13785.502734888183
15225,13785.820870255906
15226,13786.293338090374
15227,13786.771853385668
15228,13788.979308239648
15229,13789.326510192159
15230,13790.88584009073
15231,13792.330401813293
15232,13792.932217481077
15233,13793.620822779199
15234,13795.288397987209
15235,13795.625527469943
15236,13796.36921459823
15237,13797.747199170833
15238,13799.1156336885
15239,13799.315623448609
15240,13800.198741678803
15241,13801.467340009875
15242,13801.952911688099
15243,13803.076864426053
15244,13804.887727443043
15245,13805.42842113696
15246,13805.662986303516
15247,13806.792683039619
15248,13807.757027797337
15249,13808.349984365475
15250,13809.209760354444
15251,13809.787473376746
15252,13811.59993375444
15253,13811.888466866798
15254,13813.027033891049
15255,13813.67975005082
15256,13814.89714169426
15257,13815.912018552111
15258,13816.081595088073
15259,13817.149701349326
15260,13817.617009352925
15261,13819.43576595416
15262,13820.868849916507
15263,13820.95688610441
15264,13821.258611774711
15265,13822.279081928164
15266,13823.6259825006
15267,13824.087214432833
15268,13825.155256554661
15269,13826.39138548047
15270,13827.249112611566
15271,13827.800318354653
15272,13829.802648247098
15273,13830.039698845218
15274,13830.733754798926
15275,13832.656827515808
15276,13833.478682513663
15277,13835.544084034262
15278,13836.129203408726
15279,13836.640833380214
15280,13836.817047978457
15281,13838.590192874532
15282,13839.168194039336
15283,13840.177957189619
15284,13841.684755546701
15285,13842.219114658114
15286,13842.925850193218
15287,13843.858674928453
15288,13844.704245479668
15289,13845.054675321913
15290,13845.811783727189
15291,13847.220093000309
15292,13847.823372165147
15293,13849.428991457717
15294,13849.894371413611
15295,13850.619794752167
15296,13851.006931791117
15297,13851.379273384175
15298,13852.309046013572
15299,13854.453371500824
15300,13855.543221784414
15301,13856.398367478778
15302,13856.779812184906
15303,13857.662644720102
15304,13859.084556408023
15305,13859.568978224615
15306,13860.135371834336
15307,13860.808286306263
15308,13862.142599292429
15309,13862.985327519771
15310,13863.98398913102
15311,13865.065514112259
15312,13865.83033662287
15313,13866.418556953417
15314,13866.680265117797
15315,13867.123609997274
15316,13868.423182131606
15317,13869.732280848759
15318,13870.385149274134
15319,13871.845094132268
15320,13872.054486185343
15321,13873.236942781823
15322,13874.126335356899
15323,13874.502698966891
15324,13875.874550952865
15325,13876.075087329855
15326,13876.874933390185
15327,13877.759822643349
15328,13879.464518201779
15329,13880.182059069801
15330,13880.650772547477
15331,13881.138907796003
15332,13881.309705361748
15333,13882.342828461955
15334,13883.138411082775
15335,13884.286651447021
15336,13886.30026180604
15337,13886.493315057203
15338,13886.862626555569
15339,13887.765679116252
15340,13888.775189361455
15341,13889.076654895847
15342,13890.920587601933
15343,13891.514203023824
15344,13892.185466224337
15345,13892.791194563253
15346,13894.299900579808
15347,13895.682991361038
15348,13896.631999183159
15349,13897.381958833595
15350,13897.54902469403
15351,13898.409063939982
15352,13900.00302183551
15353,13900.309369095587
15354,13900.686581020222
15355,13901.579176684707
15356,13903.984456783257
15357,13904.319975645554
15358,13904.6793485624
15359,13905.661848070471
15360,13906.783379334365
15361,13907.59574377179
15362,13907.927641273634
15363,13908.499572887038
15364,13909.337534555947
15365,13910.291888246575
15366,13912.079574591282
15367,13912.233756791215
15368,13913.560591908676
15369,13914.408533624563
15370,13915.054293035249
15371,13916.133554030936
15372,13917.554722824663
15373,13919.417713072895
15374,13920.015579955774
15375,13920.9693408353
15376,13921.66387556782
15377,13922.513587336771
15378,13923.612809050195
15379,13924.508294894074
15380,13925.758110510391
15381,13926.211653743205
15382,13927.158437043561
15383,13927.88908160555
15384,13929.696841276334
15385,13929.881415719028
15386,13930.939862508132
15387,13931.071580134136
15388,13932.015036894414
15389,13932.604708132742
15390,13933.475431567595
15391,13933.508982746778
15392,13934.701647148102
15393,13936.144980143252
15394,13936.883303798812
15395,13937.674220278759
15396,13937.859528126322
15397,13938.685190188349
15398,13939.433392479594
15399,13940.76311284674
15400,13940.982388895398
15401,13941.394316336622
15402,13942.041130942502
15403,13942.930640735038
15404,13944.341305644379
15405,13945.056226296996
15406,13946.287695067553
15407,13947.458544590867
15408,13947.792866079841
15409,13948.122829361768
15410,13948.582498076195
15411,13949.076365105404
15412,13950.435488066938
15413,13950.765512482405
15414,13952.685235524574
15415,13953.618102235841
15416,13954.151229587118
15417,13955.516613679027
15418,13955.940877217718
15419,13956.633781942528
15420,13957.435607498937
15421,13958.535193625021
15422,13959.908287128683
15423,13960.965219737031
15424,13963.038071615318
15425,13963.117326656014
15426,13964.216457497681
15427,13965.247548597761
15428,13966.711336461511
15429,13967.311177231402
15430,13969.144178971916
15431,13969.559978918358
15432,13970.481525299103
15433,13971.740649285688
15434,13972.063329602477
15435,13972.89565656069
15436,13974.213580817601
15437,13974.421553122158
15438,13975.7223710652
15439,13976.255503962968
15440,13977.942734036013
15441,13978.733763202346
15442,13979.410512578061
15443,13980.78789744646
15444,13981.435810359035
15445,13983.060205714099
15446,13983.596240725441
15447,13984.589022343742
15448,13985.108525131202
15449,13987.252234416348
15450,13988.241252384296
15451,13988.532653217833
15452,13989.153274397631
15453,13990.089485964574
15454,13990.813666158574
15455,13991.482297832714
15456,13993.467159143464
15457,13994.190455545104
15458,13994.921334855413
15459,13995.427214782196
15460,13996.444084631896
15461,13997.188709627972
15462,13997.542815433633
15463,13998.110139607981
15464,13999.300533691552
15465,13999.988417046921
15466,14000.599386046553
15467,14001.595175057133
15468,14002.568427213455
15469,14004.377058328089
15470,14005.313143493897
15471,14006.360213173519
15472,14006.860843575656
15473,14007.895941503248
15474,14008.651401179759
15475,14009.548053331157
15476,14010.255711061358
15477,14010.379773072729
15478,14011.326765633203
15479,14012.156742700565
15480,14014.789533789201
15481,14016.082982768274
15482,14016.288340612458
15483,14016.775751031933
15484,14018.259913131245
15485,14018.856633971523
15486,14019.895512048457
15487,14020.136840628409
15488,14021.399033116668
15489,14021.935603649898
15490,14024.316408999923
15491,14024.584377713782
15492,14025.346251625369
15493,14026.772787623895
15494,14028.22198031977
15495,14029.200708020946
15496,14029.572575509288
15497,14029.870967701467
15498,14031.726565105912
15499,14031.902706666157
15500,14032.812459240657
15501,14035.191237841786
15502,14035.902051088591
15503,14036.282499058401
15504,14037.587858020117
15505,14037.896532614839
15506,14039.100171034266
15507,14039.366647452058
15508,14039.860316150132
15509,14041.060247205804
15510,14041.991155358297
15511,14042.884101143898
15512,14043.261386777349
15513,14043.478161105168
15514,14044.053779686472
15515,14045.194089155941
15516,14045.882187689263
15517,14046.390034833852
15518,14046.582486364716
15519,14049.646944140084
15520,14050.248725124437
15521,14051.816794521845
15522,14052.049528790238
15523,14052.502917217418
15524,14053.480313859394
15525,14054.154726195886
15526,14055.521246390639
15527,14057.922292379964
15528,14058.364739806069
15529,14058.836849479243
15530,14060.026997355824
15531,14060.595142694448
15532,14061.943198371599
15533,14062.76333403086
15534,14063.39304585056
15535,14064.027685863462
15536,14064.503386865612
15537,14065.949693496119
15538,14067.301523638151
15539,14067.859602271834
15540,14068.551044299193
15541,14069.102684629348
15542,14070.624817648832
15543,14071.09656251482
15544,14071.624241497828
15545,14073.172059498951
15546,14073.530578547141
15547,14076.293166114907
15548,14076.652795255328
15549,14077.519760877743
15550,14078.934483546136
15551,14079.952571998429
15552,14081.542933201074
15553,14082.151015271364
15554,14083.661827042099
15555,14084.619481888154
15556,14085.371229595696
15557,14087.287490514744
15558,14088.080273335827
15559,14088.763018065722
15560,14089.110845448538
15561,14089.86262639262
15562,14091.793995456295
15563,14092.364829659808
15564,14093.644904937204
15565,14094.185310357667
15566,14095.351329036259
15567,14095.769551373245
15568,14096.611546822929
15569,14097.945203615307
15570,14098.422806015898
15571,14100.091156814698
15572,14101.031214174132
15573,14101.651665052652
15574,14102.660530222376
15575,14103.337765778911
15576,14103.988731432348
15577,14104.807709613322
15578,14105.862770425583
15579,14106.748184339749
15580,14107.432963231189
15581,14108.856853957899
15582,14109.08225389467
15583,14110.885547760779
15584,14111.643149036157
15585,14113.742552916618
15586,14114.494357433743
15587,14116.641910433924
15588,14117.477242295639
15589,14117.769907773945
15590,14118.912372441422
15591,14119.94707898134
15592,14121.349936905564
15593,14122.575092298001
15594,14123.62204692215
15595,14124.025980978058
15596,14125.040224595205
15597,14125.840510215166
15598,14126.704376278478
15599,14127.890458282771
15600,14128.056197579255
15601,14128.623988845424
15602,14129.054916933814
15603,14130.469559672298
15604,14131.658570431051
15605,14133.155085077829
15606,14133.282302207115
15607,14134.362231840698
15608,14134.729490469816
15609,14135.107206963265
15610,14135.40425802135
15611,14136.505737600499
15612,14136.761506273899
15613,14139.273905151003
15614,14139.497126410464
15615,14140.26174186012
15616,14141.130133306811
15617,14141.892575421225
15618,14142.662082930101
15619,14142.899245336193
15620,14143.050852775663
15621,14144.85122358226
15622,14145.375706163197
15623,14146.688615212053
15624,14147.419325365665
15625,14148.502224717438
15626,14149.670689665831
15627,14149.958481342759
15628,14151.432515289773
15629,14152.644214259839
15630,14153.403613628376
15631,14153.667638570718
15632,14154.223129243726
15633,14154.839390505431
15634,14155.289845004585
15635,14156.067040436747
15636,14157.6255580577
15637,14158.830183720998
15638,14159.967459866655
15639,14160.616087349043
15640,14160.702121709724
15641,14162.174801611071
15642,14163.371479881771
15643,14164.454769635448
15644,14164.765296612815
15645,14166.274449843288
15646,14166.858588691761
15647,14167.631981091836
15648,14168.658858150546
15649,14169.459143333846
15650,14170.462365645528
15651,14171.436717640509
15652,14172.153884118719
15653,14173.493177836557
15654,14175.049511091813
15655,14175.950641158475
15656,14176.791352783526
15657,14177.663860658769
15658,14179.332999829967
15659,14181.0084274895
15660,14182.369712708203
15661,14183.366783458074
15662,14184.158645580568
15663,14184.874186960877
15664,14185.853075928986
15665,14188.398301270408
15666,14189.141487751938
15667,14189.632958655147
15668,14189.82731902854
15669,14190.724485137251
15670,14192.433925785714
15671,14193.53778458733
15672,14194.581298209489
15673,14195.03540640328
15674,14195.452968183097
15675,14196.040671413379
15676,14197.132230329369
15677,14197.931492665321
15678,14199.676458418506
15679,14200.601248394072
15680,14201.202976034379
15681,14202.31847165074
15682,14204.2200537358
15683,14205.130038951378
15684,14206.675018940439
15685,14207.541486738772
15686,14208.376161692189
15687,14208.915587637979
15688,14211.170810502812
15689,14211.611737596078
15690,14212.320023209149
15691,14212.964299494297
15692,14215.458821782813
15693,14216.754938647418
15694,14218.065502711697
15695,14219.06347312664
15696,14219.727068138602
15697,14220.568825000872
15698,14221.314051557423
15699,14222.007989167789
15700,14223.024311294994
15701,14224.215053673515
15702,14225.097555677832
15703,14226.248317709667
15704,14226.985440246261
15705,14228.09287421533
15706,14229.693122649393
15707,14231.578596476667
15708,14233.286326325469
15709,14233.704665457462
15710,14235.063736506912
15711,14235.8604357323
15712,14237.151806517921
15713,14238.588252928839
15714,14239.410145527532
15715,14239.705714268644
15716,14241.018554659637
15717,14241.360656792067
15718,14243.260207277544
15719,14244.222838870714
15720,14244.412440384236
15721,14245.672021560753
15722,14246.53314164214
15723,14247.356535232177
15724,14248.432688422932
15725,14249.475477551463
15726,14250.048336332695
15727,14250.654716862753
15728,14252.405276518026
15729,14254.240088945055
15730,14254.942421757847
15731,14255.472833527643
15732,14256.092324956364
15733,14256.869096469563
15734,14257.629611814848
15735,14259.411401708045
15736,14259.823815997557
15737,14260.768258551552
15738,14261.423936256149
15739,14262.636751056016
15740,14262.871725758447
15741,14263.205739292966
15742,14264.798693616818
15743,14265.423433509679
15744,14266.896587211539
15745,14267.106343373298
15746,14268.98472972982
15747,14269.84497276259
15748,14270.187311954382
15749,14272.497431517069
15750,14273.153009542808
15751,14274.1322522351
15752,14274.373716551649
15753,14276.209791400672
15754,14277.505248806827
15755,14277.970317876538
15756,14278.398961565455
15757,14279.735146799179
15758,14280.719356184547
15759,14281.374604570801
15760,14283.358033625213
15761,14283.687173057242
15762,14285.34146233874
15763,14287.022723661043
15764,14288.453126024102
15765,14289.931654243259
15766,14290.485070631154
15767,14291.348975107387
15768,14292.758503167459
15769,14293.821398020444
15770,14294.64008854643
15771,14296.577252895795
15772,14297.669838646309
15773,14298.414835391703
15774,14298.750118323431
15775,14299.440971679167
15776,14300.396968550649
15777,14300.984890394428
15778,14301.770178209848
15779,14303.753102188612
15780,14304.033220844001
15781,14306.660217860077
15782,14307.344626608077
15783,14308.806453754631
15784,14309.724245662743
15785,14311.710343885476
15786,14312.239930441796
15787,14313.687515403322
15788,14314.795970685147
15789,14316.038548930212
15790,14318.542477831586
15791,14319.586386556521
15792,14320.865258748901
15793,14321.451722493157
15794,14322.353242879839
15795,14323.144552653113
15796,14324.680115653888
15797,14325.817740476836
15798,14326.30961852021
15799,14327.468731542358
15800,14329.218880548015
15801,14329.976483129558
15802,14330.821960481586
15803,14330.941585831606
15804,14332.210129956393
15805,14333.683348631504
15806,14335.590922605506
15807,14336.091773815493
15808,14336.577377794074
15809,14338.448265657622
15810,14338.883811215117
15811,14339.631668376185
15812,14341.736734495051
15813,14342.588220999602
15814,14343.744231644001
15815,14344.8731088726
15816,14346.448273432983
15817,14347.842402553573
15818,14348.569476432847
15819,14349.804668491908
15820,14350.024579003502
15821,14350.903834957513
15822,14352.013879742693
15823,14353.368515054672
15824,14353.668336462939
15825,14354.236226002562
15826,14354.88837322723
15827,14356.041299699258
15828,14357.662147663807
15829,14358.347291131306
15830,14359.120744374193
15831,14359.784285663422
15832,14360.494787816839
15833,14362.781647083639
15834,14364.633988178017
15835,14366.230865548427
15836,14367.396115499714
15837,14368.955019081608
15838,14369.620037721515
15839,14370.442297450089
15840,14370.965044827719
15841,14371.929753542883
15842,14373.638010148838
15843,14374.958902786568
15844,14375.694666332307
15845,14375.940478550338
15846,14377.806198534841
15847,14380.679696949597
15848,14380.823191052248
15849,14382.044321340236
15850,14382.634960079769
15851,14384.76942961052
15852,14386.904715074796
15853,14388.016201429713
15854,14388.714954500501
15855,14389.831557008289
15856,14390.355118681491
15857,14391.704225148624
15858,14392.597655454134
15859,14393.871654707797
15860,14394.52706101215
15861,14394.855302160113
15862,14395.584394511648
15863,14396.73432915022
15864,14396.970327470535
15865,14398.192996638187
15866,14399.447123526119
15867,14400.563747293643
15868,14401.246259474996
15869,14402.005152326697
15870,14402.446600431413
15871,14403.824847269938
15872,14404.494933907459
15873,14405.904655386954
15874,14406.609253247041
15875,14407.152740167045
15876,14408.54609661199
15877,14409.489663558807
15878,14410.516865089165
15879,14410.761201174817
15880,14411.373967787626
15881,14412.067644965509
15882,14414.781146086176
15883,14415.819340590524
15884,14416.423141381742
15885,14417.937389103805
15886,14419.408848309055
15887,14420.331884151363
15888,14423.115350980721
15889,14424.367572425266
15890,14425.288150644845
15891,14426.11352429882
15892,14426.950686646305
15893,14428.102672425845
15894,14429.138819046218
15895,14429.678576859747
15896,14431.700907748509
15897,14432.839408879659
15898,14434.646461253968
15899,14434.79752549578
15900,14435.802943833567
15901,14437.413609106487
15902,14438.29606943521
15903,14439.432198451135
15904,14441.187929967349
15905,14442.618179544075
15906,14443.851988604691
15907,14446.108825349187
15908,14446.690904131327
15909,14447.393452399496
15910,14447.887099481495
15911,14448.782266731761
15912,14450.811723011362
15913,14451.223998773088
15914,14452.058980552012
15915,14452.856885019151
15916,14454.457128191865
15917,14456.760019865782
15918,14457.116146734308
15919,14458.316542426879
15920,14459.69896593826
15921,14460.321024860967
15922,14461.22912962846
15923,14462.39442681087
15924,14463.262310863169
15925,14464.620992402395
15926,14465.335419036608
15927,14465.910498556894
15928,14467.542365418492
15929,14468.041917939105
15930,14468.916246575265
15931,14469.639896848481
15932,14470.778466000211
15933,14471.219589968812
15934,14472.322743441007
15935,14474.01360124605
15936,14474.906308856336
15937,14476.712187138548
15938,14477.137158514035
15939,14479.305203004367
15940,14479.605377554177
15941,14480.733715283002
15942,14482.746270781108
15943,14483.274432401395
15944,14484.162184131474
15945,14484.83141633175
15946,14486.886060216808
15947,14487.057557578484
15948,14487.60453315463
15949,14489.20979970092
15950,14490.741308703227
15951,14491.282125326721
15952,14492.414882241137
15953,14493.928003254152
15954,14495.646510756966
15955,14496.600855261277
15956,14496.7411686102
15957,14497.918321009951
15958,14501.162269303228
15959,14501.41093319502
15960,14503.434222790644
15961,14504.14444258255
15962,14505.993836580275
15963,14506.951864126342
15964,14508.881252877329
15965,14509.663304917751
15966,14510.699980575168
15967,14511.243685064477
15968,14512.610039193465
15969,14513.020148744179
15970,14516.246912674385
15971,14516.840846331343
15972,14517.914237410094
15973,14519.432572110496
15974,14520.439222439874
15975,14521.90424946838
15976,14523.151870315891
15977,14523.938911294625
15978,14525.705699776197
15979,14526.341866287019
15980,14527.303420164681
15981,14527.38166681023
15982,14528.093864380937
15983,14531.050602327168
15984,14532.471358225632
15985,14533.597562941201
15986,14535.206197613137
15987,14536.004967091729
15988,14537.091183374501
15989,14537.510484304748
15990,14539.15986524481
15991,14539.589610776149
15992,14541.375949015344
15993,14542.110115029509
15994,14543.691905398764
15995,14545.528561485347
15996,14546.288348618787
15997,14547.958276045627
15998,14548.977577928423
15999,14549.20680662047
16000,14550.929486843646
16001,14552.60859737401
16002,14553.262175041087
16003,14553.700548391733
16004,14555.471288799441
16005,14555.897132543831
16006,14556.800958423106
16007,14558.698701868892
16008,14559.509849860389
16009,14561.211963858907
16010,14562.161564974755
16011,14562.29294551044
16012,14564.095241716615
16013,14564.504593454336
16014,14565.573312491366
16015,14565.872725813586
16016,14567.691368264568
16017,14569.0723642433
16018,14569.545794616308
16019,14570.731361940025
16020,14571.502548826027
16021,14571.889233795268
16022,14572.957857100242
16023,14575.545412149744
16024,14575.810387601688
16025,14576.905765917425
16026,14578.627507963205
16027,14579.998531050063
16028,14580.439595850865
16029,14583.517225761654
16030,14584.968574555509
16031,14586.033659045183
16032,14587.567539446458
16033,14588.947597508055
16034,14589.448040517243
16035,14590.914331614897
16036,14591.238873177605
16037,14593.072399520917
16038,14593.609865082126
16039,14594.508055606862
16040,14595.64025750996
16041,14596.328519343535
16042,14597.414640300934
16043,14598.393576451243
16044,14599.424417694414
16045,14602.476265628044
16046,14603.206038807361
16047,14604.891478378864
16048,14605.982780193535
16049,14606.490127149042
16050,14607.529809713129
16051,14607.84326444647
16052,14609.877980290816
16053,14612.464072336401
16054,14613.176634886773
16055,14614.961328731255
16056,14616.518863514426
16057,14617.973645611224
16058,14618.063334893079
16059,14620.027408645205
16060,14620.898626724875
16061,14622.516946717375
16062,14622.664566291611
16063,14625.754060835005
16064,14626.481006612976
16065,14627.169980856022
16066,14627.562012299915
16067,14629.650510442041
16068,14632.097631383594
16069,14633.222755516048
16070,14633.614547912948
16071,14635.729830569535
16072,14636.842805655617
16073,14638.740218693485
16074,14639.332414314766
16075,14640.965382634218
16076,14642.053163348437
16077,14642.600483188202
16078,14644.942587492855
16079,14647.363282647297
16080,14648.287639932965
16081,14649.189440458211
16082,14650.970676612471
16083,14652.363718381443
16084,14653.041797402084
16085,14654.412291555544
16086,14655.620889255659
16087,14656.517122929994
16088,14658.823578018468
16089,14658.980302162974
16090,14659.57757774763
16091,14661.109158962532
16092,14661.501584984429
16093,14662.276042652198
16094,14662.604015747493
16095,14663.29485673294
16096,14664.586137188835
16097,14665.158735910971
16098,14665.800845809919
16099,14667.472977092446
16100,14668.103653940478
16101,14668.691589083553
16102,14669.424059716848
16103,14670.435147245646
16104,14671.707950772372
16105,14672.292889142422
16106,14673.030683207584
16107,14674.853433484197
16108,14675.436869971276
16109,14676.179069811895
16110,14676.859631480787
16111,14679.51751855048
16112,14679.690405826794
16113,14681.130259930849
16114,14682.048500221086
16115,14682.994350355671
16116,14685.542232901274
16117,14686.485000059745
16118,14687.520488236683
16119,14689.144432698236
16120,14689.745255895936
16121,14691.520015676158
16122,14692.214416327588
16123,14694.154193401475
16124,14695.058009785413
16125,14697.605957180805
16126,14698.328501548858
16127,14699.474252047523
16128,14700.029512593477
16129,14701.86707395444
16130,14702.113298408753
16131,14702.461812224077
16132,14704.185973649819
16133,14706.341603787718
16134,14707.427893999644
16135,14709.370228365797
16136,14710.424884199649
16137,14711.45169029944
16138,14714.657450712824
16139,14714.895242581644
16140,14716.341954009626
16141,14716.798716236146
16142,14717.717995110068
16143,14718.278473295062
16144,14719.624147386585
16145,14720.694381862624
16146,14721.798437997209
16147,14724.402668309545
16148,14725.820212583953
16149,14726.684779245725
16150,14727.207952063285
16151,14727.921232090497
16152,14729.277194840697
16153,14730.503528847839
16154,14732.205432338669
16155,14733.035840103654
16156,14733.313219307578
16157,14735.135560661654
16158,14737.100718356824
16159,14737.700572938551
16160,14738.474279746277
16161,14740.872942103708
16162,14742.181925331195
16163,14743.964144034117
16164,14745.263729839584
16165,14746.073458150096
16166,14747.71136414823
16167,14749.198998237214
16168,14750.019333686347
16169,14752.683243951957
16170,14753.833896545842
16171,14754.195257508982
16172,14755.519978959959
16173,14756.575708548737
16174,14757.776494350604
16175,14758.333303013545
16176,14758.623779449099
16177,14761.034503119499
16178,14762.837023735534
16179,14764.577619501722
16180,14765.264294367806
16181,14766.660125765162
16182,14767.48763267367
16183,14768.288183123188
16184,14768.654398210821
16185,14770.66155510128
16186,14771.187982695792
16187,14772.778182945778
16188,14773.660045707715
16189,14774.851014741349
16190,14776.336385607219
16191,14776.747969999467
16192,14778.249838195377
16193,14782.306028900421
16194,14782.761359863958
16195,14784.103983764284
16196,14784.301324153359
16197,14785.701068187158
16198,14787.957212158733
16199,14788.882747253461
16200,14792.409194272626
16201,14792.979423260975
16202,14794.234592287701
16203,14794.816107370149
16204,14795.975325190346
16205,14796.405510731494
16206,14797.254062662449
16207,14797.617696962681
16208,14799.069933881845
16209,14800.776841032091
16210,14802.523289287868
16211,14803.048367478108
16212,14804.106026075513
16213,14804.970529162953
16214,14806.339863587413
16215,14806.832161635319
16216,14809.177899572931
16217,14809.967963843057
16218,14810.610637260035
16219,14812.324207158163
16220,14813.373576651589
16221,14814.673595224875
16222,14815.480845306794
16223,14816.790161002653
16224,14817.170171755648
16225,14819.801335521714
16226,14822.240847566331
16227,14822.871594262679
16228,14824.103109873451
16229,14824.751903821416
16230,14825.714287006147
16231,14826.997402224664
16232,14827.551544484051
16233,14829.066589791435
16234,14829.567997395536
16235,14831.96455078458
16236,14832.543656439304
16237,14834.466840054029
16238,14835.274798497143
16239,14837.237924442903
16240,14838.18593354352
16241,14839.685941159314
16242,14842.311236086212
16243,14844.303753466294
16244,14844.875336880621
16245,14846.039110272093
16246,14848.050809327939
16247,14849.324197154556
16248,14852.382107154337
16249,14853.129622307622
16250,14854.511218593954
16251,14856.305318534349
16252,14857.447283876792
16253,14858.754417243585
16254,14859.391555207772
16255,14860.795919367332
16256,14862.425959761509
16257,14862.9664272317
16258,14863.381993677373
16259,14864.874386685995
16260,14866.272280663123
16261,14866.800932408474
16262,14867.791061288088
16263,14868.423034646825
16264,14870.056407375429
16265,14870.978653965505
16266,14872.932491642794
16267,14874.686726547925
16268,14875.350228680125
16269,14876.43162207272
16270,14877.097035213692
16271,14878.497235948536
16272,14879.388023139896
16273,14879.76818482301
16274,14882.496714616829
16275,14883.080837289759
16276,14884.398043603453
16277,14886.670705968927
16278,14888.932051061109
16279,14889.889322814081
16280,14890.928375725342
16281,14892.40598570355
16282,14893.987651227655
16283,14895.2428840756
16284,14896.374547806978
16285,14898.056211820856
16286,14898.69199433872
16287,14899.911686491969
16288,14900.468995008219
16289,14902.846672957097
16290,14904.148265568176
16291,14905.046192085463
16292,14905.998124412276
16293,14906.99788552099
16294,14907.770378849596
16295,14910.106887814105
16296,14910.466795646971
16297,14912.541307646727
16298,14913.416194115909
16299,14915.982241715968
16300,14918.238315987144
16301,14919.454539600731
16302,14920.933522896506
16303,14922.125367619679
16304,14924.42629991608
16305,14926.049807655096
16306,14926.937587892993
16307,14927.808110444928
16308,14929.256463551617
16309,14930.33506008837
16310,14931.036951775211
16311,14932.53210937764
16312,14932.661084579502
16313,14933.561953089456
16314,14934.271117242475
16315,14936.724528468238
16316,14938.616344462529
16317,14938.79992821831
16318,14939.896447141951
16319,14940.873419391814
16320,14942.617749014478
16321,14944.352445964047
16322,14945.519014628147
16323,14945.956171123396
16324,14947.191184555748
16325,14948.03399318254
16326,14948.505599249269
16327,14951.526538227716
16328,14953.010054244203
16329,14953.126473759512
16330,14955.261343217706
16331,14955.897449498783
16332,14956.486244158306
16333,14958.603541001086
16334,14959.821824659432
16335,14961.905749786196
16336,14963.290734369042
16337,14964.711326408255
16338,14965.428659983154
16339,14966.455620301746
16340,14968.164896255561
16341,14970.043426981292
16342,14970.661915371429
16343,14971.414006909257
16344,14972.328473845067
16345,14972.670261062805
16346,14974.230718718882
16347,14975.570915637929
16348,14976.392599908853
16349,14976.755934960702
16350,14979.480712649907
16351,14979.840323055176
16352,14981.724754221344
16353,14982.046396489557
16354,14983.648268234992
16355,14985.906767828552
16356,14986.913783050586
16357,14988.212113762502
16358,14990.816781823838
16359,14991.609922208669
16360,14992.798331408439
16361,14993.887114646466
16362,14994.891112689525
16363,14995.714549407872
16364,14996.956473443599
16365,14998.123435423571
16366,14998.918015681495
16367,15000.701317984236
16368,15002.142189923907
16369,15003.134043664482
16370,15003.623478832878
16371,15005.308962647159
16372,15005.526365962714
16373,15005.884744030816
16374,15007.838232861517
16375,15008.863554162492
16376,15011.162903398432
16377,15012.286338786384
16378,15013.678797998207
16379,15015.033156517089
16380,15015.287817535078
16381,15016.459705041865
16382,15019.996695153923
16383,15021.114008251461
16384,15022.912820892869
16385,15025.877904407913
16386,15028.353659580447
16387,15029.335301205385
16388,15030.444453770637
16389,15031.253664014042
16390,15032.793100646491
16391,15033.452554270312
16392,15034.419876665426
16393,15037.913358819018
16394,15040.027382767626
16395,15040.916870090205
16396,15041.852626833957
16397,15043.813251096864
16398,15045.166272844534
16399,15045.483698468128
16400,15046.692700812318
16401,15047.578316247698
16402,15049.219334466055
16403,15050.617474961709
16404,15051.872729361672
16405,15054.210652284813
16406,15055.520471553682
16407,15057.089974699724
16408,15059.236533987276
16409,15061.430062439913
16410,15064.02244938398
16411,15064.712934052743
16412,15065.157257476774
16413,15066.472710756037
16414,15066.992607338127
16415,15067.926963292673
16416,15068.279927049856
16417,15069.793398059654
16418,15071.561082626709
16419,15071.996214079045
16420,15074.383043300806
16421,15075.003766016453
16422,15077.558720551699
16423,15078.386620824007
16424,15078.797328707402
16425,15079.484230425775
16426,15081.124522741873
16427,15082.573323170849
16428,15083.392645527671
16429,15083.900350019181
16430,15084.486905519296
16431,15086.664733628348
16432,15086.925813476191
16433,15088.500804190879
16434,15089.785199291195
16435,15090.006795926161
16436,15090.8701655732
16437,15092.654338567434
16438,15093.894319607116
16439,15095.694956679512
16440,15097.53127237716
16441,15098.463525051635
16442,15099.383379393639
16443,15100.922113548189
16444,15101.895934657379
16445,15103.759787391602
16446,15105.015151996717
16447,15106.999946601753
16448,15108.422468144716
16449,15109.696587717233
16450,15110.48601305487
16451,15112.329934074754
16452,15113.504828603325
16453,15113.98732001214
16454,15115.903690134035
16455,15116.392540814095
16456,15119.536589660307
16457,15121.535843452382
16458,15123.006865842433
16459,15124.072805285579
16460,15125.883546113606
16461,15126.113733185928
16462,15126.89841237453
16463,15130.132174835844
16464,15132.973825677042
16465,15133.560853084731
16466,15135.932971589766
16467,15136.143182320964
16468,15137.499883640023
16469,15138.189865752647
16470,15139.439539753017
16471,15141.014830734548
16472,15141.398049927278
16473,15142.491342880317
16474,15144.168543125625
16475,15145.98539107603
16476,15149.365542434747
16477,15151.337724584524
16478,15152.278148682912
16479,15152.636630572249
16480,15155.778173795776
16481,15156.914070443627
16482,15157.506230005303
16483,15158.354307396687
16484,15161.382067769146
16485,15162.017125005814
16486,15163.328044261119
16487,15165.840346074103
16488,15166.477054280913
16489,15166.972960227935
16490,15170.397216704394
16491,15171.408903906467
16492,15173.214857529971
16493,15173.731977588335
16494,15176.898966854797
16495,15177.373097679587
16496,15179.167147603242
16497,15180.372247552497
16498,15182.438343960088
16499,15184.47210686449
16500,15185.887652745198
16501,15186.816630463736
16502,15187.563505420514
16503,15190.304559681879
16504,15191.375766745385
16505,15191.909884227947
16506,15193.289080010727
16507,15194.824884281599
16508,15196.757591034488
16509,15197.533875453571
16510,15198.714140270271
16511,15199.737982567427
16512,15201.080187640991
16513,15201.572983345879
16514,15202.487300503582
16515,15202.987759567039
16516,15203.465977443519
16517,15204.535764821861
16518,15205.408962060401
16519,15205.949270072166
16520,15206.207298767262
16521,15209.053190879296
16522,15210.017678327611
16523,15211.000012289782
16524,15211.959203599881
16525,15213.140747527714
16526,15213.510921004781
16527,15214.782140493913
16528,15215.138935148567
16529,15217.228285948573
16530,15219.23628163411
16531,15220.940338558365
16532,15222.929946168997
16533,15224.515585694489
16534,15225.146806641907
16535,15226.175342257011
16536,15227.326177617721
16537,15229.237872690857
16538,15230.098565245709
16539,15231.883058303176
16540,15232.192755191933
16541,15233.667340580174
16542,15235.699327725401
16543,15237.64026339768
16544,15238.074131718491
16545,15239.970253231948
16546,15240.300763815727
16547,15242.766800629419
16548,15245.044644514612
16549,15247.151449665933
16550,15247.618617024631
16551,15249.598570729269
16552,15251.827380135266
16553,15252.837529274128
16554,15253.472188096301
16555,15255.972975035998
16556,15257.388070403893
16557,15260.156347473496
16558,15260.605613568161
16559,15260.876050072226
16560,15263.375666606034
16561,15264.591396845088
16562,15264.964657531569
16563,15266.779630821933
16564,15267.939692999129
16565,15269.990987484216
16566,15271.994401193429
16567,15272.445078287721
16568,15273.545275132154
16569,15274.683439111561
16570,15278.390392481717
16571,15280.485763549837
16572,15281.187762449075
16573,15282.641706683709
16574,15285.099640150458
16575,15286.058950332275
16576,15286.811786277232
16577,15288.939590699847
16578,15290.996515981666
16579,15292.368840602338
16580,15293.44148090053
16581,15295.703415704398
16582,15296.240791856513
16583,15297.017347197438
16584,15297.849922359495
16585,15298.41949130498
16586,15299.997186633476
16587,15300.514331171351
16588,15302.774125791104
16589,15304.02277106536
16590,15305.238151885853
16591,15305.841252664972
16592,15306.202462219584
16593,15307.814095384982
16594,15309.30344232483
16595,15312.115901491499
16596,15312.270998128932
16597,15313.281284485378
16598,15315.178563040128
16599,15316.473581402706
16600,15317.720282159666
16601,15319.181527379451
16602,15320.136181498447
16603,15322.072223517234
16604,15323.893176206306
16605,15324.612551560416
16606,15325.741119571801
16607,15327.792206332597
16608,15329.288957537312
16609,15332.048630682933
16610,15333.056093855772
16611,15335.081457522609
16612,15336.344160786493
16613,15338.779730172968
16614,15339.250863094832
16615,15341.212655693258
16616,15341.986938443744
16617,15342.395023757883
16618,15343.316198279746
16619,15345.195613080756
16620,15345.438911847878
16621,15346.884476460133
16622,15348.617656174014
16623,15349.292948876397
16624,15350.978820658445
16625,15351.62041274745
16626,15354.411857355355
16627,15356.723074398267
16628,15357.336661510366
16629,15358.761529161939
16630,15359.659085012903
16631,15363.024993705929
16632,15364.24485250052
16633,15366.705662903798
16634,15368.147068642393
16635,15370.299082630429
16636,15370.490255410428
16637,15371.294572967199
16638,15371.921508222567
16639,15374.440539150866
16640,15375.006528215523
16641,15376.472757337466
16642,15377.085779323308
16643,15379.992212302757
16644,15383.646670809536
16645,15384.594628144312
16646,15385.062115976174
16647,15385.358488046886
16648,15390.565420669831
16649,15391.822959934461
16650,15393.791873040091
16651,15394.60775734804
16652,15395.8996808376
16653,15397.192906352622
16654,15399.222235391206
16655,15399.490241421472
16656,15400.247879858412
16657,15401.870122529253
16658,15403.265857169652
16659,15403.873405656748
16660,15405.739086218142
16661,15406.046724435146
16662,15407.563534693259
16663,15408.998945434692
16664,15410.127918556418
16665,15411.982210534259
16666,15413.099734386544
16667,15414.603381100831
16668,15417.183720714078
16669,15418.083274587096
16670,15419.425782607217
16671,15420.834939317025
16672,15422.494244330152
16673,15423.529242839248
16674,15425.153936220349
16675,15426.247831860434
16676,15427.775174391183
16677,15430.164058505808
16678,15430.937615800683
16679,15432.145372206072
16680,15432.718978741204
16681,15433.779555835397
16682,15437.06616184662
16683,15437.941061846452
16684,15439.33198273579
16685,15440.923981641894
16686,15444.521589034945
16687,15446.426553535635
16688,15448.009979781147
16689,15448.707479431481
16690,15449.367177968898
16691,15450.162372958712
16692,15453.276298203185
16693,15454.418349586203
16694,15455.141508527
16695,15458.064877844874
16696,15458.448844678665
16697,15459.442757010816
16698,15460.735901075164
16699,15463.156790287831
16700,15465.247799686695
16701,15467.569253804686
16702,15469.79380765108
16703,15471.955260089171
16704,15472.634694379745
16705,15473.923007642015
16706,15475.264915197431
16707,15477.380545632219
16708,15478.838123934955
16709,15479.567331261047
16710,15480.321231837088
16711,15480.460084917162
16712,15481.865388441556
16713,15483.683383674694
16714,15484.031515838313
16715,15485.129102729345
16716,15486.815093507415
16717,15487.328948695924
16718,15488.200624209294
16719,15490.407114125617
16720,15492.625061373872
16721,15493.358171609589
16722,15494.497509995315
16723,15495.007024445173
16724,15497.755258446896
16725,15498.360641845113
16726,15499.928264154158
16727,15502.290266177122
16728,15503.199623773795
16729,15505.57945802955
16730,15507.49363363655
16731,15508.098832513711
16732,15509.126356028464
16733,15512.063776476743
16734,15512.774677662339
16735,15512.954410897661
16736,15515.378434703971
16737,15517.094955832628
16738,15517.513595942732
16739,15518.874127458856
16740,15519.601668034395
16741,15520.53096932936
16742,15521.175847831615
16743,15524.028311746017
16744,15526.227296709259
16745,15526.744905456311
16746,15528.514382044857
16747,15529.15096068911
16748,15530.557914304396
16749,15531.72472991665
16750,15535.488665339219
16751,15536.592793010381
16752,15538.041617975619
16753,15538.623180772904
16754,15540.96366168181
16755,15542.00412543168
16756,15543.659892739488
16757,15545.974912010672
16758,15547.096163352764
16759,15548.350232377848
16760,15548.717594107047
16761,15549.643266650331
16762,15552.315607947219
16763,15553.595737528918
16764,15554.045859632475
16765,15555.628332703207
16766,15555.999874893705
16767,15558.369556585161
16768,15560.898522884332
16769,15562.904677769366
16770,15564.014601346358
16771,15564.799638480135
16772,15566.910029338002
16773,15567.427754675595
16774,15568.8822859886
16775,15570.966430892757
16776,15572.467760565129
16777,15573.216930204209
16778,15574.199281059191
16779,15577.417050082182
16780,15580.038135393545
16781,15580.263086191208
16782,15582.171815419653
16783,15582.931077587518
16784,15583.90506052712
16785,15586.344045878614
16786,15589.575665537877
16787,15593.911954907244
16788,15594.713436843145
16789,15597.80416320704
16790,15598.10157011963
16791,15600.809720463871
16792,15602.640745668792
16793,15604.043159023202
16794,15604.754052354354
16795,15606.022612672597
16796,15606.95315484714
16797,15608.957075060591
16798,15610.251879477148
16799,15611.549373339059
16800,15612.088264405869
16801,15615.263793762666
16802,15616.518497083238
16803,15617.192473276526
16804,15618.399634720648
16805,15620.619722529867
16806,15621.274823456337
16807,15622.094378097359
16808,15622.816770286077
16809,15623.763886344939
16810,15625.512154396793
16811,15626.042580614649
16812,15628.718315936752
16813,15629.571176757951
16814,15630.630138388697
16815,15631.895624746694
16816,15632.351311077315
16817,15633.368825055855
16818,15634.816210257994
16819,15634.961750055687
16820,15635.711444814402
16821,15637.965185621573
16822,15641.152743330011
16823,15642.523565382935
16824,15644.132663992357
16825,15645.842648138176
16826,15648.130478798212
16827,15649.207668050594
16828,15650.425526744006
16829,15652.31044757487
16830,15653.067847960869
16831,15655.737394796432
16832,15657.047114332563
16833,15659.206879142312
16834,15660.606992676931
16835,15662.078521501582
16836,15663.699849474146
16837,15664.610802196925
16838,15665.401237674549
16839,15667.065111051626
16840,15668.960342043405
16841,15672.531770270387
16842,15673.465330246923
16843,15676.602525952618
16844,15677.622523370468
16845,15678.571304579205
16846,15680.589559579603
16847,15681.501310662112
16848,15682.421076835277
16849,15684.231773522091
16850,15684.983761810823
16851,15686.375946873206
16852,15688.350305461912
16853,15689.768910025929
16854,15692.333316083092
16855,15695.832677766197
16856,15697.469972689536
16857,15697.849826453601
16858,15698.918428814295
16859,15701.702546053766
16860,15704.540634962666
16861,15706.375930781314
16862,15707.395254280962
16863,15707.632034215783
16864,15709.62222616393
16865,15710.115481706525
16866,15713.604192953961
16867,15714.402160650505
16868,15717.571423884052
16869,15718.508409702432
16870,15719.921450360691
16871,15722.580064231877
16872,15722.744206124598
16873,15724.346534413486
16874,15726.209081573335
16875,15727.903989843495
16876,15729.456437810397
16877,15730.160365835321
16878,15731.554060380065
16879,15733.625618654871
16880,15734.684593798038
16881,15735.663532387231
16882,15738.196002132274
16883,15741.951977725035
16884,15743.051679668813
16885,15744.337191112387
16886,15744.780411314643
16887,15746.670389072318
16888,15747.554170201967
16889,15749.039272783924
16890,15751.599659999456
16891,15752.036380111593
16892,15753.024880539089
16893,15754.3463314849
16894,15755.593897874331
16895,15756.338155798361
16896,15757.722797382105
16897,15758.112501667067
16898,15760.039029995174
16899,15760.515318425656
16900,15762.028526511976
16901,15762.979399697895
16902,15764.281880296074
16903,15765.192115945369
16904,15766.900464113982
16905,15767.627802804136
16906,15769.410910564349
16907,15771.002438277794
16908,15773.179542592196
16909,15775.673379240137
16910,15777.734699868101
16911,15778.035538728835
16912,15780.52272601091
16913,15782.217123122855
16914,15783.28653350168
16915,15783.996572890142
16916,15784.811486468205
16917,15785.602481072659
16918,15788.451571839132
16919,15791.722618777232
16920,15793.25240383104
16921,15793.508588611809
16922,15795.12855119069
16923,15797.191782682572
16924,15800.289661704161
16925,15802.214421434684
16926,15803.263238032878
16927,15804.155428311098
16928,15805.078719461224
16929,15808.35759402129
16930,15808.758453930381
16931,15811.680611128111
16932,15812.770066228843
16933,15814.524460916569
16934,15815.797710251945
16935,15818.985501585552
16936,15820.354734422679
16937,15821.265842870978
16938,15822.498877659831
16939,15823.971040543527
16940,15824.659701606895
16941,15825.854596294566
16942,15827.984744326677
16943,15829.162315105434
16944,15830.912965370182
16945,15831.817281053904
16946,15835.057167145842
16947,15836.060066266293
16948,15838.384505730324
16949,15840.105028836824
16950,15841.77493646724
16951,15842.964110255065
16952,15845.834616102653
16953,15846.10689951287
16954,15847.008434104708
16955,15848.36606692346
16956,15849.619602952222
16957,15852.04257608441
16958,15852.583706750927
16959,15855.112709662813
16960,15856.479325315111
16961,15857.19812016126
16962,15859.178541982623
16963,15859.544198058269
16964,15860.324868324247
16965,15862.35025219142
16966,15863.842817610925
16967,15865.034903115842
16968,15866.872890774817
16969,15868.251086827348
16970,15870.757659470126
16971,15873.087412006973
16972,15873.949475642063
16973,15876.032301533798
16974,15878.518906640604
16975,15880.504642875685
16976,15881.931065695273
16977,15883.357442499089
16978,15885.840395874324
16979,15887.860014369513
16980,15888.698433713169
16981,15891.297116010726
16982,15893.135389417204
16983,15895.601011043209
16984,15896.482433947451
16985,15897.587595844334
16986,15897.846310955047
16987,15898.090413606813
16988,15901.025695187947
16989,15901.266047266348
16990,15903.414748157087
16991,15904.125195824323
16992,15905.214927174709
16993,15907.720749140335
16994,15910.204823461709
16995,15912.3286168505
16996,15913.352842538578
16997,15915.1830323708
16998,15916.384391111627
16999,15917.178090417507
17000,15919.662076588191
17001,15921.285351111163
17002,15923.112594609711
17003,15924.138988478599
17004,15925.662158548646
17005,15927.30117617731
17006,15928.748367494531
17007,15930.987890688873
17008,15932.840233325085
17009,15934.441188300509
17010,15936.103191509595
17011,15937.137932668154
17012,15939.66646385853
17013,15942.636445703458
17014,15943.631266333625
17015,15945.228200613466
17016,15947.370699430678
17017,15950.234771045518
17018,15950.417543232536
17019,15952.713444529985
17020,15954.559671573978
17021,15955.414752703598
17022,15956.793291493885
17023,15957.895014091193
17024,15959.168242486367
17025,15960.397104347061
17026,15962.137851796688
17027,15962.38087177576
17028,15964.237776084241
17029,15965.013820523222
17030,15965.447332688698
17031,15966.856375144336
17032,15968.558898831998
17033,15971.683690340629
17034,15973.438208563808
17035,15974.273029647322
17036,15978.506513964192
17037,15980.159896762103
17038,15982.240223599631
17039,15983.05848256229
17040,15984.724552456137
17041,15988.084593338461
17042,15989.259061267714
17043,15990.408016579007
17044,15992.274551656777
17045,15993.718929273542
17046,15996.554967630087
17047,15998.969097207015
17048,16000.24221611635
17049,16001.058277312251
17050,16002.59221987152
17051,16004.47140540092
17052,16007.566339023515
17053,16008.280081684943
17054,16008.97586544057
17055,16010.13197360198
17056,16012.634318178765
17057,16014.976529990163
17058,16017.428392952452
17059,16018.882300267356
17060,16021.46253670465
17061,16024.122533424408
17062,16025.435901302601
17063,16026.915937215224
17064,16027.874611817373
17065,16030.198580130655
17066,16031.341614411576
17067,16034.714080059142
17068,16035.864433818124
17069,16036.700561206033
17070,16037.968138705684
17071,16039.079403442611
17072,16039.655464894511
17073,16040.362226689111
17074,16043.425529106744
17075,16043.553872150354
17076,16045.719944529801
17077,16046.47879011755
17078,16047.751975080682
17079,16048.03426717386
17080,16051.140271700066
17081,16052.742443497502
17082,16052.884733425954
17083,16054.891888696086
17084,16056.298080018982
17085,16057.975172150393
17086,16060.276938699788
17087,16060.881946190631
17088,16061.490995703562
17089,16062.46059550403
17090,16065.247847330487
17091,16066.010599050149
17092,16066.723823602821
17093,16069.297598048119
17094,16071.212910196062
17095,16071.608803771182
17096,16071.688924728034
17097,16075.787802040799
17098,16076.822471268099
17099,16077.067806869956
17100,16078.48541563533
17101,16080.042964497077
17102,16082.780269557978
17103,16085.074656755502
17104,16087.61753581244
17105,16088.11460937885
17106,16090.753727326641
17107,16092.463021446791
17108,16093.676864523624
17109,16096.475511623146
17110,16097.328419860769
17111,16099.806294982269
17112,16103.303717016923
17113,16103.842059051714
17114,16104.318388921813
17115,16107.175108872241
17116,16108.138220808853
17117,16109.660745629788
17118,16110.879809367791
17119,16111.444231105805
17120,16112.468599588829
17121,16114.573425638253
17122,16116.418683115724
17123,16116.89044561716
17124,16118.896363647555
17125,16119.102968271052
17126,16123.165290951925
17127,16123.720660964533
17128,16128.985275546822
17129,16129.683378832655
17130,16132.140178928899
17131,16133.798048071056
17132,16135.731448366971
17133,16138.422758959219
17134,16139.654102325308
17135,16142.182097600402
17136,16144.065664387434
17137,16146.075539900612
17138,16148.182668006568
17139,16148.895532250734
17140,16150.708553229721
17141,16153.250113385739
17142,16155.595235111317
17143,16157.709685444317
17144,16158.053152290591
17145,16158.633085888483
17146,16160.796268362823
17147,16164.200297456655
17148,16165.635640398297
17149,16167.409204459003
17150,16169.002419694669
17151,16170.048386391432
17152,16170.557105114842
17153,16172.454860987942
17154,16172.791832209712
17155,16175.534905122882
17156,16177.555361354245
17157,16178.344372529395
17158,16179.046569184942
17159,16180.326243938003
17160,16181.70002327307
17161,16183.288174885465
17162,16184.58759762622
17163,16186.61697203412
17164,16187.601395658781
17165,16189.953924146888
17166,16190.044515746422
17167,16191.682697809327
17168,16192.557766193186
17169,16195.849883979177
17170,16197.595251135142
17171,16198.899882447258
17172,16200.313992691543
17173,16202.643841738742
17174,16205.09626326404
17175,16205.393117917456
17176,16207.771683962881
17177,16208.630287135909
17178,16210.443240036799
17179,16211.739167992766
17180,16215.466404003375
17181,16216.814370721428
17182,16217.230268285157
17183,16220.804820111245
17184,16222.564201175061
17185,16223.405785846442
17186,16224.430947463699
17187,16226.462936324895
17188,16227.580019674615
17189,16230.540091311679
17190,16231.709790306506
17191,16233.955325545361
17192,16236.502413590553
17193,16239.081941920274
17194,16241.620959556281
17195,16242.230207045248
17196,16244.253899133611
17197,16245.940520894517
17198,16249.382391562505
17199,16251.262349417781
17200,16251.694447156799
17201,16253.260498290852
17202,16255.55130886207
17203,16258.255081761637
17204,16260.949475858453
17205,16261.407255262302
17206,16263.099403591641
17207,16265.062238827602
17208,16267.315809896721
17209,16269.240296973916
17210,16270.768476838533
17211,16273.312027803864
17212,16273.603687518089
17213,16276.00222131259
17214,16277.71471548702
17215,16278.610386156823
17216,16280.195005809705
17217,16281.095569100946
17218,16282.71821442587
17219,16284.105467033272
17220,16287.478871473295
17221,16289.199538249019
17222,16290.348824720768
17223,16292.255368940636
17224,16294.308329625726
17225,16294.838656634542
17226,16296.811964528399
17227,16297.60485690894
17228,16300.097757247289
17229,16303.836948903245
17230,16306.865985287823
17231,16308.010265407282
17232,16309.377716231311
17233,16312.009502697443
17234,16312.960542284769
17235,16313.563175340085
17236,16316.299857635629
17237,16316.893885839425
17238,16317.892070309787
17239,16318.529628835207
17240,16319.655522369751
17241,16321.093096264622
17242,16322.260227841469
17243,16323.309144977531
17244,16324.036051402663
17245,16326.532245194912
17246,16328.416869944147
17247,16329.530004864248
17248,16330.495507461796
17249,16333.112186445964
17250,16335.979213517694
17251,16336.693322380232
17252,16338.447538936825
17253,16339.839690306091
17254,16341.73517446713
17255,16342.962075076119
17256,16345.632769752141
17257,16346.73338614294
17258,16348.353839222267
17259,16350.50899492811
17260,16351.800436621197
17261,16355.038926440277
17262,16355.683277750315
17263,16357.950047830038
17264,16359.781547760027
17265,16363.649699584597
17266,16366.012094048392
17267,16366.149986612514
17268,16368.095665358112
17269,16369.043140650272
17270,16373.119042705699
17271,16373.896806689627
17272,16375.219785751828
17273,16377.723432358567
17274,16378.260753599092
17275,16379.09247191491
17276,16382.111656112183
17277,16383.49919988818
17278,16385.402320628815
17279,16388.066565673969
17280,16389.340604145797
17281,16390.125143319194
17282,16391.259049574361
17283,16392.932449758762
17284,16394.975515082544
17285,16396.109901501481
17286,16396.734958732861
17287,16397.887724325556
17288,16401.128282394489
17289,16402.42463707061
17290,16403.988137173434
17291,16405.372136254173
17292,16407.12093719286
17293,16407.671212445006
17294,16408.866558775255
17295,16411.378441277418
17296,16413.968341657612
17297,16414.891220942791
17298,16416.326388205311
17299,16419.143055076969
17300,16420.477820873166
17301,16423.267053158794
17302,16425.540072002281
17303,16428.037932607105
17304,16429.253301848472
17305,16431.065210957317
17306,16434.557752928424
17307,16434.850718690705
17308,16436.153869645634
17309,16439.743023331084
17310,16441.911583568908
17311,16444.68516172739
17312,16445.255088085218
17313,16446.639880487419
17314,16448.31045186038
17315,16452.872851004813
17316,16453.220435304018
17317,16456.534787249413
17318,16459.301074686402
17319,16460.851742079201
17320,16461.897816148783
17321,16462.549059888705
17322,16463.496649693057
17323,16464.982613654192
17324,16466.326635633952
17325,16468.389018851176
17326,16469.533752985648
17327,16472.448939492693
17328,16473.8044554648
17329,16475.273450102733
17330,16476.260508471863
17331,16479.56988476984
17332,16480.993770290308
17333,16482.805586286609
17334,16484.814833937118
17335,16485.280017160432
17336,16486.902767694988
17337,16489.680074851349
17338,16490.578630770968
17339,16492.604567276998
17340,16494.471666445595
17341,16496.786955295825
17342,16497.43810225046
17343,16499.686161231337
17344,16500.469964972737
17345,16502.353001244865
17346,16505.73927675292
17347,16506.607099874152
17348,16509.408675739811
17349,16510.835185918058
17350,16513.75314807317
17351,16513.980588374034
17352,16515.693559640775
17353,16517.139559101855
17354,16518.84507383106
17355,16520.392040745239
17356,16522.239273358555
17357,16523.565105424561
17358,16525.327547746558
17359,16526.56572777707
17360,16528.350799008724
17361,16529.051445327299
17362,16531.399213716319
17363,16534.062491517867
17364,16535.481407111794
17365,16536.664414573417
17366,16542.104194193878
17367,16542.657548678497
17368,16543.911101343059
17369,16545.024195989929
17370,16548.539557383574
17371,16549.005998167613
17372,16552.174508078358
17373,16555.621054488201
17374,16556.471505859256
17375,16559.02998516666
17376,16559.645689465418
17377,16564.935786131326
17378,16566.387338686312
17379,16568.620087382227
17380,16569.370118001403
17381,16571.604318578302
17382,16571.986280367601
17383,16575.061753444934
17384,16576.525684255903
17385,16577.470144914667
17386,16578.291682180577
17387,16582.191148419577
17388,16585.139156820616
17389,16586.67885790284
17390,16591.220634774771
17391,16592.169550294147
17392,16594.340440081665
17393,16596.663399912108
17394,16597.580093584973
17395,16600.32498952702
17396,16603.108381869803
17397,16604.728449681101
17398,16605.278153369363
17399,16605.918721835755
17400,16606.561606531221
17401,16608.261868367408
17402,16610.133273157797
17403,16610.99156976712
17404,16612.052276250295
17405,16613.590984580234
17406,16615.895915206791
17407,16617.557361908523
17408,16619.105775536555
17409,16619.46140274217
17410,16620.2229993728
17411,16620.536211834769
17412,16621.980826279807
17413,16622.918957630278
17414,16624.685823890286
17415,16627.090729668384
17416,16629.701026584567
17417,16631.432635449328
17418,16633.911451223663
17419,16634.348901535934
17420,16636.693028446371
17421,16637.358856284158
17422,16639.709213497426
17423,16642.312370983193
17424,16643.137979206571
17425,16644.522127620323
17426,16645.951934394579
17427,16648.976939823591
17428,16649.839884978683
17429,16654.348472071597
17430,16655.510163193969
17431,16660.740094301014
17432,16662.533029924281
17433,16664.113830271417
17434,16665.64566086308
17435,16667.012503970484
17436,16667.528803909569
17437,16670.497034826243
17438,16671.337442061915
17439,16674.823302254747
17440,16675.333100731797
17441,16676.73897962294
17442,16679.626738455096
17443,16680.312371587661
17444,16682.260083435584
17445,16683.140406316586
17446,16684.288275414823
17447,16685.840154107133
17448,16688.01075480743
17449,16689.931724067435
17450,16693.164260643574
17451,16695.740867504126
17452,16697.740921775792
17453,16699.662931755072
17454,16700.829525842444
17455,16703.712308921415
17456,16705.428418594794
17457,16709.299495446878
17458,16710.472216582519
17459,16712.91725211732
17460,16713.52873342716
17461,16717.192964640104
17462,16718.543954193101
17463,16718.861966890901
17464,16721.357077650595
17465,16724.432906272319
17466,16725.445999111744
17467,16727.762188538181
17468,16728.291697439952
17469,16731.801058720455
17470,16734.31189622901
17471,16734.884423622465
17472,16736.415005289782
17473,16737.082482744088
17474,16739.771399242636
17475,16740.427945953332
17476,16741.155684468315
17477,16743.992373348505
17478,16746.317832103607
17479,16747.912950708778
17480,16748.512399887841
17481,16750.576541838636
17482,16751.372746970872
17483,16752.810070643111
17484,16753.746502575996
17485,16756.046468022345
17486,16758.989450455334
17487,16760.776644213376
17488,16764.3190488031
17489,16767.341631635605
17490,16768.283966649968
17491,16769.800756985103
17492,16772.046752537241
17493,16773.489843017142
17494,16774.698067102912
17495,16776.124362274673
17496,16777.423578632064
17497,16779.899363838122
17498,16782.578766422179
17499,16783.424166067802
17500,16785.816457037658
17501,16789.107513051076
17502,16789.279652803256
17503,16791.988872001901
17504,16794.767145164496
17505,16795.097415743792
17506,16798.194495513275
17507,16800.616899089986
17508,16804.62158364979
17509,16805.910486193574
17510,16810.203901063895
17511,16811.007896790372
17512,16813.517430695127
17513,16815.19416814639
17514,16817.495654142134
17515,16819.451313916379
17516,16820.749322471383
17517,16824.045343560403
17518,16824.898229637616
17519,16827.062170822624
17520,16829.120004292043
17521,16829.206326992287
17522,16832.502421770503
17523,16832.735838291595
17524,16834.421209459582
17525,16838.004604622645
17526,16839.588393604907
17527,16839.729883829885
17528,16842.303422945486
17529,16844.414324071702
17530,16845.349812415541
17531,16846.159992053988
17532,16850.107579360512
17533,16851.69032578362
17534,16852.42263665449
17535,16855.301653725441
17536,16859.219030020162
17537,16861.283441225165
17538,16862.762370326174
17539,16863.590483911594
17540,16868.423680560507
17541,16869.705686807207
17542,16871.839052660413
17543,16874.613276824224
17544,16875.011108874391
17545,16877.33447985454
17546,16878.349560873725
17547,16882.986784762372
17548,16884.505127393386
17549,16886.811702881125
17550,16887.010724600277
17551,16888.236928821159
17552,16889.331163043298
17553,16891.059639578518
17554,16891.612415055104
17555,16892.683290244007
17556,16894.311810147039
17557,16897.431329467479
17558,16899.038777962196
17559,16899.784030197708
17560,16901.784083393864
17561,16904.768967525164
17562,16906.693313344585
17563,16907.282785789801
17564,16909.327605070939
17565,16911.501048267855
17566,16912.272724013426
17567,16914.570372552091
17568,16915.207909157834
17569,16918.682297675656
17570,16919.614574322972
17571,16923.655833367997
17572,16926.386302766259
17573,16926.829406917779
17574,16927.286288708965
17575,16931.347427336797
17576,16933.37937336856
17577,16936.260232537934
17578,16937.020785964629
17579,16937.478420604886
17580,16940.341559931167
17581,16942.522365817087
17582,16944.019509113223
17583,16947.215758169485
17584,16947.724911513815
17585,16949.47934666706
17586,16951.829781878438
17587,16952.42955568837
17588,16954.840747676564
17589,16956.823796475586
17590,16957.497735261823
17591,16959.926470724196
17592,16960.758622894045
17593,16964.244101738077
17594,16965.332346450992
17595,16965.75323791536
17596,16969.051978434658
17597,16970.003147354764
17598,16972.454127606383
17599,16974.064415177167
17600,16976.953043443602
17601,16978.456241864722
17602,16982.507305999028
17603,16984.04289337614
17604,16985.550160799081
17605,16985.599820917891
17606,16986.987470282751
17607,16989.593729225871
17608,16990.377495331042
17609,16994.992549106264
17610,16995.718274098275
17611,16998.90730167674
17612,17001.340494694723
17613,17004.55697884045
17614,17005.308975210581
17615,17007.545064175862
17616,17010.607246883432
17617,17012.324954324115
17618,17013.405608262736
17619,17018.763317447854
17620,17023.204638072719
17621,17023.55695685578
17622,17025.416010626112
17623,17026.213100370482
17624,17030.516290568707
17625,17034.598545535744
17626,17036.033688970496
17627,17036.544133922194
17628,17037.529810054668
17629,17037.833170475238
17630,17039.751070433646
17631,17040.90758125655
17632,17044.350564025623
17633,17046.551880067986
17634,17047.574342835473
17635,17049.849049752051
17636,17052.471764183625
17637,17054.656425322013
17638,17055.377536400072
17639,17057.321349387563
17640,17058.959527988027
17641,17059.894583507728
17642,17062.014481807124
17643,17064.392278791121
17644,17066.020742354765
17645,17067.259028022097
17646,17067.398412028564
17647,17069.945200142945
17648,17072.547307300734
17649,17074.127872043373
17650,17076.474749682046
17651,17078.706454786006
17652,17081.543701039172
17653,17082.214472239426
17654,17085.986111355385
17655,17088.138057093856
17656,17089.848072251913
17657,17091.078915852337
17658,17092.627789089867
17659,17094.316802150843
17660,17097.353340000514
17661,17100.393649427493
17662,17101.983928468551
17663,17102.927182837884
17664,17104.402932770714
17665,17105.221395163866
17666,17109.357761076575
17667,17110.150147955486
17668,17111.452256592707
17669,17114.55770473956
17670,17115.770405435738
17671,17119.239576613261
17672,17120.772145961579
17673,17122.734320163672
17674,17124.722466146708
17675,17126.221400065853
17676,17130.476332587365
17677,17133.899469199147
17678,17136.340662646264
17679,17140.206682620123
17680,17140.644864886763
17681,17144.256075416091
17682,17147.153429113456
17683,17148.288480425639
17684,17149.007905498042
17685,17151.05432459923
17686,17153.522819973747
17687,17156.358546272368
17688,17158.989787374612
17689,17159.94214011059
17690,17161.906499089582
17691,17168.003171579388
17692,17168.175795704843
17693,17171.108721790795
17694,17172.110407899545
17695,17173.193658418462
17696,17176.408311178511
17697,17177.590205749664
17698,17179.985965561664
17699,17181.590029748495
17700,17182.131445559062
17701,17182.848210138724
17702,17183.553719269163
17703,17185.677964069182
17704,17186.419233440367
17705,17188.457209007585
17706,17191.538897845938
17707,17192.695618506874
17708,17193.853497951768
17709,17195.594161960515
17710,17196.52096924304
17711,17197.344370473013
17712,17199.393742306151
17713,17200.892021837848
17714,17201.970242557196
17715,17204.56235272919
17716,17206.404641815901
17717,17207.296912408467
17718,17210.604695319504
17719,17215.594690543785
17720,17216.451322223937
17721,17219.684202176664
17722,17221.189364417358
17723,17222.622897177298
17724,17224.247036292061
17725,17226.260066941129
17726,17227.218396870245
17727,17230.729674278591
17728,17232.889047493922
17729,17236.849070833414
17730,17238.198473546177
17731,17240.857687891075
17732,17241.299978278024
17733,17247.145449816624
17734,17249.020251515372
17735,17249.842936152072
17736,17253.657321523071
17737,17254.497483295349
17738,17255.152815324313
17739,17256.924019831094
17740,17258.304098074292
17741,17259.88381147031
17742,17265.332902657123
17743,17268.809231897067
17744,17270.214751004387
17745,17272.658550140877
17746,17273.84330734568
17747,17274.864294746323
17748,17277.249506781143
17749,17280.243893153423
17750,17281.507865829517
17751,17284.154510671473
17752,17285.506666960224
17753,17286.701479270992
17754,17287.935007563508
17755,17288.451185104634
17756,17293.933530343893
17757,17295.216574429651
17758,17297.135967260991
17759,17298.533660003985
17760,17300.396529645153
17761,17301.339203918011
17762,17302.632987311874
17763,17305.370749766087
17764,17305.972426398155
17765,17307.426124371123
17766,17310.300152887354
17767,17312.899696439017
17768,17315.274731579331
17769,17315.801005108555
17770,17319.441463930681
17771,17323.23890297925
17772,17324.603971400946
17773,17327.012045445637
17774,17327.7778172779
17775,17332.111854889103
17776,17333.0118194594
17777,17335.072759159324
17778,17336.588429973388
17779,17337.18290913901
17780,17339.747975858256
17781,17340.265851448738
17782,17341.452640524221
17783,17345.427935797154
17784,17349.04277786352
17785,17350.286332876425
17786,17351.37613251754
17787,17357.213290756721
17788,17358.018172741798
17789,17360.215225996773
17790,17363.940177027958
17791,17365.552914862859
17792,17367.227124096436
17793,17369.980834767674
17794,17370.108645834716
17795,17372.581344383776
17796,17377.139288383001
17797,17379.511401399945
17798,17381.663460660675
17799,17385.317429021936
17800,17388.482211072354
17801,17389.945340321628
17802,17391.5703624866
17803,17394.449872957557
17804,17397.997574994853
17805,17398.682292149671
17806,17399.571162127249
17807,17401.41579893716
17808,17401.694368232897
17809,17403.969516333611
17810,17406.13621856604
17811,17407.584613839175
17812,17407.937486820021
17813,17410.888783965875
17814,17412.262028676025
17815,17415.487777246719
17816,17416.084579990402
17817,17416.814650342119
17818,17419.665582221256
17819,17420.524454779672
17820,17422.937364895584
17821,17423.930828744924
17822,17430.482773631433
17823,17432.32801827175
17824,17434.396336261645
17825,17438.284370362762
17826,17440.435887574164
17827,17443.787092865598
17828,17446.954267554422
17829,17447.686743237056
17830,17453.919030715246
17831,17457.722306241263
17832,17459.633368479052
17833,17460.465231135186
17834,17462.513554966656
17835,17464.598471407946
17836,17467.57071113247
17837,17467.959669599531
17838,17471.589548206211
17839,17472.480148291696
17840,17472.997413495483
17841,17474.857145181115
17842,17476.351580793653
17843,17477.66628272599
17844,17479.011148999525
17845,17480.938073346624
17846,17482.487927564369
17847,17484.325253210674
17848,17486.446429372201
17849,17490.189117075031
17850,17493.636863804331
17851,17495.056732288453
17852,17496.423012978968
17853,17497.640799655459
17854,17498.684090366289
17855,17500.562488821277
17856,17504.153214357495
17857,17506.780770104138
17858,17508.029861554616
17859,17510.473561999512
17860,17511.699163543162
17861,17512.237298377764
17862,17513.662242955012
17863,17514.156159121791
17864,17515.759137325138
17865,17518.047470804599
17866,17518.930298809366
17867,17521.955541047693
17868,17523.519135673796
17869,17525.388534799571
17870,17527.826774769241
17871,17529.154177226439
17872,17530.845071180196
17873,17532.479567435152
17874,17538.681550624453
17875,17540.047482473288
17876,17544.308076250436
17877,17546.881220505278
17878,17548.310569441092
17879,17548.710005002456
17880,17551.442685685299
17881,17552.772971374765
17882,17555.459262431574
17883,17557.854856176444
17884,17559.724160145139
17885,17562.722960162813
17886,17565.542318253058
17887,17567.818563438985
17888,17569.589919589591
17889,17570.79848654677
17890,17574.321036428937
17891,17577.693974099384
17892,17580.748704069996
17893,17582.23135348392
17894,17583.464784535801
17895,17585.692322726834
17896,17587.742941667235
17897,17590.668586201031
17898,17593.132496232774
17899,17598.921228430339
17900,17599.658626673277
17901,17604.461859162708
17902,17607.865340371856
17903,17609.64931113529
17904,17612.912055538673
17905,17613.735509241051
17906,17614.938212449644
17907,17618.856903502903
17908,17620.945361845545
17909,17621.174897205929
17910,17621.887922658723
17911,17622.721716196582
17912,17624.45923844133
17913,17626.472568181605
17914,17628.355707114792
17915,17629.260363486635
17916,17630.217893371453
17917,17632.826571184742
17918,17633.774078874922
17919,17635.473484963029
17920,17637.640305012639
17921,17638.736473764104
17922,17641.444895039025
17923,17644.950749641659
17924,17646.238680097744
17925,17647.828110643513
17926,17651.473286055138
17927,17652.840008075156
17928,17654.81659104702
17929,17655.886189096502
17930,17659.271535963882
17931,17661.555279361102
17932,17664.097681688974
17933,17666.075635912453
17934,17671.578746943673
17935,17673.030541733064
17936,17679.043850746402
17937,17680.393215494791
17938,17680.540830905225
17939,17682.305110594483
17940,17685.567356403593
17941,17688.686815532164
17942,17691.334526516919
17943,17694.140499599864
17944,17696.990745813044
17945,17699.452207090126
17946,17701.891546250696
17947,17704.188339115415
17948,17706.022159721433
17949,17706.141979631178
17950,17709.21841894992
17951,17713.949945046792
17952,17714.658293801327
17953,17720.720703772306
17954,17722.615727376538
17955,17724.241037559394
17956,17727.954391197061
17957,17728.209011802119
17958,17729.555029043109
17959,17731.582541676322
17960,17732.160316128884
17961,17734.791253524385
17962,17736.226535135371
17963,17736.857196152749
17964,17740.277400673891
17965,17744.123223887065
17966,17744.376237461503
17967,17749.176737078953
17968,17750.83125984226
17969,17753.674723100197
17970,17755.002201255742
17971,17757.5819159516
17972,17762.78982357416
17973,17764.584493197406
17974,17766.777822055923
17975,17767.942413291541
17976,17769.437881295526
17977,17769.838349633694
17978,17770.339700791315
17979,17771.819007632967
17980,17774.000976027648
17981,17777.132082485201
17982,17779.854601913317
17983,17780.946519929363
17984,17781.95751789548
17985,17784.64826935621
17986,17786.072647032688
17987,17786.934451446159
17988,17791.408512777489
17989,17792.269619861159
17990,17793.881394083277
17991,17797.156256487091
17992,17799.424367559681
17993,17804.434653223627
17994,17805.890690386565
17995,17807.31421560773
17996,17808.775722603044
17997,17810.01721601035
17998,17812.422235784357
17999,17819.735428726537
18000,17820.674567710463
18001,17822.971881915386
18002,17825.799831509255
18003,17827.378574647679
18004,17829.575602532412
18005,17833.784907700207
18006,17836.565515054659
18007,17837.971043573809
18008,17840.135074177226
18009,17840.719984088082
18010,17843.495142581749
18011,17843.854868554492
18012,17846.806689059853
18013,17848.465520069181
18014,17849.089347794314
18015,17849.889210218204
18016,17851.358902902983
18017,17852.207143887739
18018,17856.079568904297
18019,17857.521394562606
18020,17859.81898773088
18021,17861.089053538959
18022,17866.639011742638
18023,17868.088634586878
18024,17871.025009052515
18025,17872.468695559735
18026,17875.020418744331
18027,17876.62233564867
18028,17878.638808154908
18029,17883.212615692231
18030,17883.920578681518
18031,17891.194691994609
18032,17891.855151970933
18033,17894.676614788619
18034,17898.141317886155
18035,17899.738025670998
18036,17901.407224535622
18037,17904.223220349722
18038,17909.824011563342
18039,17911.21381018719
18040,17914.059992130744
18041,17915.510257952999
18042,17917.679003013222
18043,17920.066506265914
18044,17920.655936977248
18045,17924.941746488646
18046,17926.308296399482
18047,17929.083569011931
18048,17930.264920042748
18049,17934.058689394362
18050,17934.836698461197
18051,17936.647477620387
18052,17937.138540595923
18053,17938.386355849529
18054,17944.213657869201
18055,17949.548642350888
18056,17951.035976442261
18057,17952.976476667765
18058,17953.462046193152
18059,17955.149387367077
18060,17956.095129189052
18061,17957.292599400647
18062,17959.749669441728
18063,17962.380536845118
18064,17964.393243982853
18065,17966.666845978594
18066,17969.363911202741
18067,17973.534339047616
18068,17975.381627215254
18069,17979.315208963722
18070,17981.385284167856
18071,17983.591203133223
18072,17984.745930133638
18073,17987.989927468021
18074,17991.472755612642
18075,17993.248798450099
18076,17994.049970459007
18077,17994.818849764168
18078,17997.255156390071
18079,17999.36749618662
18080,18001.831221764332
18081,18006.37942243096
18082,18007.652229192267
18083,18009.342523375202
18084,18012.39152706297
18085,18016.814865787182
18086,18019.741600336361
18087,18023.963883002372
18088,18026.054041775536
18089,18027.193952982376
18090,18031.483458284609
18091,18032.565572073621
18092,18038.682554933384
18093,18040.21605492687
18094,18042.216913852782
18095,18047.250039989398
18096,18048.471298531997
18097,18052.415291976973
18098,18052.721675800654
18099,18058.477084239737
18100,18058.843606113209
18101,18059.978004104381
18102,18062.908737113288
18103,18063.772293764676
18104,18064.226615248001
18105,18066.073073981501
18106,18067.463607538502
18107,18070.135499783504
18108,18070.590795850614
18109,18071.857665054744
18110,18073.22673672947
18111,18073.985431861031
18112,18077.999159764873
18113,18080.336621351424
18114,18082.794581937564
18115,18083.657116806415
18116,18085.810457224827
18117,18086.735097387795
18118,18089.63563028042
18119,18091.044894258703
18120,18091.670202058034
18121,18097.312896779324
18122,18098.9126830477
18123,18102.575852389753
18124,18103.713030182334
18125,18105.831445870364
18126,18108.894545490046
18127,18113.603474756463
18128,18113.83101442195
18129,18115.887224940987
18130,18116.968919970353
18131,18120.631436554861
18132,18124.214463782289
18133,18125.850729065489
18134,18129.629855079667
18135,18131.792004866362
18136,18136.437703559968
18137,18136.665900885542
18138,18141.595350251569
18139,18144.66874746641
18140,18146.539838167631
18141,18149.211736111207
18142,18151.223304113799
18143,18153.147820970338
18144,18157.271200066614
18145,18157.833563725777
18146,18159.498919719063
18147,18162.692347655815
18148,18166.935124974036
18149,18168.729070669935
18150,18169.245979665186
18151,18169.689703465257
18152,18173.385461504768
18153,18177.195469855491
18154,18179.421757006334
18155,18181.02800426332
18156,18184.250509266563
18157,18186.514752915344
18158,18190.845446907431
18159,18192.094294643779
18160,18195.640489899881
18161,18197.460447215719
18162,18200.406981496079
18163,18202.482613646753
18164,18205.176443102639
18165,18208.867276270721
18166,18210.882682011885
18167,18212.308254623957
18168,18215.52875572706
18169,18216.302905775123
18170,18217.230509032659
18171,18218.635832060871
18172,18223.80974638457
18173,18225.489508227311
18174,18226.460410549393
18175,18228.800422869946
18176,18229.955985446206
18177,18232.713627936235
18178,18235.299613894411
18179,18236.254654157576
18180,18241.517604702291
18181,18242.059336577971
18182,18244.066049965051
18183,18247.253438408901
18184,18250.477136724632
18185,18252.440148166988
18186,18253.856786707798
18187,18258.530534189147
18188,18261.976035794232
18189,18265.01745999503
18190,18266.903594893629
18191,18267.517661613063
18192,18271.682861754867
18193,18275.8336108849
18194,18276.585111403947
18195,18278.092368732294
18196,18281.353309466693
18197,18284.481359985253
18198,18288.985458799434
18199,18290.262648717482
18200,18293.290062617976
18201,18295.08731474404
18202,18297.262044188876
18203,18299.317337850909
18204,18301.138922520553
18205,18302.235382884555
18206,18305.339869871532
18207,18309.297701158772
18208,18312.560132744446
18209,18315.441285786495
18210,18317.270287155876
18211,18319.226476795
18212,18321.385004423213
18213,18322.931812100254
18214,18326.10842766253
18215,18328.688961635653
18216,18333.331386928483
18217,18333.993856901081
18218,18339.476167942987
18219,18344.198617826809
18220,18345.38432604614
18221,18350.470479317064
18222,18350.934435534997
18223,18353.819959813023
18224,18356.387152877778
18225,18358.930160466534
18226,18364.182391121532
18227,18366.725759434423
18228,18367.456924995138
18229,18368.131758006009
18230,18370.161242964594
18231,18373.176493653424
18232,18375.429008725561
18233,18376.130501138596
18234,18377.324699163262
18235,18380.022769109401
18236,18381.399709313548
18237,18382.506389434453
18238,18384.156327180499
18239,18386.709412781554
18240,18391.144568727021
18241,18393.747638971181
18242,18395.532254017082
18243,18398.936956945829
18244,18402.348400005427
18245,18402.912576731294
18246,18406.05173979871
18247,18406.533370307272
18248,18408.410290472537
18249,18409.501618823942
18250,18413.528756531832
18251,18416.768070081307
18252,18420.864634920912
18253,18421.692476271626
18254,18426.070948394445
18255,18428.547237249917
18256,18429.827341641121
18257,18433.202269697431
18258,18434.600585201013
18259,18438.710080568086
18260,18439.303526177951
18261,18441.602526836257
18262,18442.373132831606
18263,18445.94028701726
18264,18447.516501062048
18265,18451.321912112133
18266,18452.945154690344
18267,18455.144626414782
18268,18458.330949301857
18269,18459.987678766556
18270,18461.91290465396
18271,18466.216735085076
18272,18469.447433013534
18273,18474.114819251557
18274,18475.590635981793
18275,18477.363104272255
18276,18478.07575654181
18277,18483.369704850444
18278,18485.78810538532
18279,18486.981086923992
18280,18490.252286790736
18281,18493.948815349482
18282,18495.166306554009
18283,18498.291209711628
18284,18505.869294783432
18285,18506.629214832919
18286,18509.919583961233
18287,18511.387696103553
18288,18514.67291792743
18289,18516.302197637524
18290,18517.526445548428
18291,18518.109993376715
18292,18522.022408258676
18293,18524.786438052528
18294,18527.680688843262
18295,18529.336660339985
18296,18530.57523293648
18297,18532.367193695289
18298,18534.792534316864
18299,18535.889590665003
18300,18540.661867737777
18301,18544.081492121928
18302,18545.186009351793
18303,18546.078534373391
18304,18548.832202167112
18305,18549.43637166969
18306,18555.067723330114
18307,18559.120599795275
18308,18560.687349277479
18309,18563.131232410949
18310,18567.602218652362
18311,18569.613228409758
18312,18574.866067177572
18313,18577.786043023931
18314,18582.427512036178
18315,18584.383641144836
18316,18588.909558333351
18317,18589.040836954813
18318,18592.655168881971
18319,18593.349158631296
18320,18594.505661068066
18321,18598.02360550853
18322,18600.655272364653
18323,18601.571592779768
18324,18605.118165052485
18325,18607.379171995086
18326,18610.157692278208
18327,18617.212697152558
18328,18618.962747374906
18329,18622.197945425654
18330,18624.113723322243
18331,18627.115229165443
18332,18630.463893276152
18333,18632.351299686798
18334,18636.184981148053
18335,18641.946479444417
18336,18642.547591606995
18337,18649.202607614992
18338,18650.037588268962
18339,18652.406817788495
18340,18653.064577997899
18341,18656.992279849594
18342,18658.414911428452
18343,18660.663419647313
18344,18664.138121105625
18345,18665.374361831196
18346,18665.997452444288
18347,18667.34833324132
18348,18668.739099938688
18349,18670.771708139226
18350,18673.002096761691
18351,18675.005377516289
18352,18679.237007227031
18353,18680.64983902582
18354,18682.53835056012
18355,18684.75738644318
18356,18688.824411391139
18357,18691.760244687881
18358,18692.624882185515
18359,18694.059650136674
18360,18696.592645092049
18361,18698.867594024105
18362,18701.313148261266
18363,18704.02592388948
18364,18704.841777795889
18365,18711.327791686814
18366,18712.455243129498
18367,18714.800141155658
18368,18715.408745869219
18369,18720.011178892895
18370,18721.942420843341
18371,18724.746796492116
18372,18727.968929844268
18373,18730.522931513755
18374,18734.759368197199
18375,18735.959528101255
18376,18738.510556116333
18377,18742.739272602856
18378,18743.79940773929
18379,18746.946930639759
18380,18751.548888590423
18381,18755.97227288473
18382,18757.408162143183
18383,18758.61890952332
18384,18759.159865317302
18385,18759.970386421475
18386,18762.44790725446
18387,18765.525691224921
18388,18770.580094188324
18389,18772.223116286776
18390,18776.703058988947
18391,18779.399983287261
18392,18781.50611074498
18393,18782.909562542398
18394,18785.782580360265
18395,18793.916405321917
18396,18796.593613030538
18397,18799.339655016596
18398,18801.300881840718
18399,18805.458456182347
18400,18809.409985525079
18401,18811.608070399943
18402,18814.897339647647
18403,18817.375134873888
18404,18819.58276415462
18405,18820.81761437664
18406,18821.106070713802
18407,18826.140222297716
18408,18827.324695553725
18409,18830.649016570071
18410,18831.780282736901
18411,18834.299087750944
18412,18835.213108990039
18413,18838.025065954411
18414,18840.4296286633
18415,18844.427348996862
18416,18846.977953766065
18417,18849.10954046368
18418,18856.256494312078
18419,18858.303191039337
18420,18859.568528819593
18421,18860.581944729933
18422,18865.530814980673
18423,18868.227060259745
18424,18871.473234059693
18425,18873.890267148068
18426,18876.594127770342
18427,18878.460904842555
18428,18884.134803965688
18429,18885.070538996919
18430,18887.161148333584
18431,18892.779127416507
18432,18894.656004392506
18433,18896.614690087557
18434,18897.942714596982
18435,18901.288224304601
18436,18905.61893831937
18437,18905.803681841826
18438,18908.818501624042
18439,18913.425872277414
18440,18914.609962444541
18441,18919.456082811645
18442,18922.126291633405
18443,18927.738201521817
18444,18928.64005770412
18445,18931.193451322655
18446,18932.755387774894
18447,18935.778666347836
18448,18940.489115635562
18449,18944.382764890492
18450,18946.781042727362
18451,18949.031132076303
18452,18950.200235317057
18453,18957.61801756177
18454,18959.677288456467
18455,18964.507656268488
18456,18964.741171184007
18457,18965.843791242274
18458,18972.340929029811
18459,18973.851216291841
18460,18974.514823964084
18461,18975.911079201964
18462,18976.318913748935
18463,18977.31450785193
18464,18980.491129808677
18465,18983.614846343025
18466,18987.331935146991
18467,18987.652463885319
18468,18989.414834012594
18469,18990.492767072083
18470,18994.369398738883
18471,18997.423094366037
18472,19000.547846569581
18473,19004.349803063167
18474,19004.988536229215
18475,19007.788703926421
18476,19009.602028618934
18477,19011.411045201963
18478,19013.8782124268
18479,19021.405454746066
18480,19024.593118238317
18481,19027.888149226575
18482,19028.687440266291
18483,19032.769120053679
18484,19035.155257884478
18485,19035.451279389803
18486,19039.126070795053
18487,19045.206447171524
18488,19048.157302218613
18489,19048.37943238661
18490,19050.729873490178
18491,19051.910210212271
18492,19057.918711959548
18493,19059.793940036452
18494,19061.556733405832
18495,19062.437821507938
18496,19067.863965423636
18497,19073.254193235127
18498,19073.77782208136
18499,19076.665284509687
18500,19078.4247644635
18501,19081.007395087327
18502,19088.178892107222
18503,19090.18873950046
18504,19093.638251461194
18505,19095.05092494109
18506,19097.89986679404
18507,19103.088880398329
18508,19104.109061290957
18509,19107.800285133369
18510,19109.79290032943
18511,19114.066937593481
18512,19116.8057647565
18513,19120.049171124683
18514,19125.34861909262
18515,19127.0889831733
18516,19127.479558487255
18517,19131.230140290529
18518,19134.372512431437
18519,19135.542488503866
18520,19137.181449017207
18521,19138.38150162491
18522,19141.260739824731
18523,19145.711576316247
18524,19148.905644151353
18525,19152.593565234762
18526,19153.288389047812
18527,19156.728481337061
18528,19158.778624480732
18529,19161.374939482626
18530,19165.409922690909
18531,19167.485173721921
18532,19169.471453252459
18533,19175.688169222605
18534,19178.564247128303
18535,19183.931500181618
18536,19184.683981557195
18537,19188.411244651965
18538,19191.133071024633
18539,19194.328265437944
18540,19197.47352124795
18541,19198.439193138478
18542,19203.727051195066
18543,19204.878924837922
18544,19208.38631435252
18545,19210.177598152877
18546,19214.24588101498
18547,19215.871443977809
18548,19219.017512554692
18549,19219.949104790332
18550,19222.286762920208
18551,19225.460678527932
18552,19233.296478464174
18553,19234.15052137414
18554,19238.133752371523
18555,19242.69891393925
18556,19246.891806515418
18557,19248.516249081207
18558,19253.512177962282
18559,19257.749911823477
18560,19258.300467327255
18561,19263.460425855079
18562,19265.99645819865
18563,19268.31113285989
18564,19274.674607509409
18565,19275.943366303294
18566,19277.774872042872
18567,19280.405818738738
18568,19280.626582516645
18569,19281.645273987586
18570,19284.384087337639
18571,19286.643274091817
18572,19288.800723212691
18573,19291.597410745642
18574,19293.524106385958
18575,19295.541073104607
18576,19299.278271745537
18577,19302.937301349641
18578,19305.558631340129
18579,19306.512130408239
18580,19308.523446253585
18581,19313.617378791616
18582,19315.414278167147
18583,19317.378197976243
18584,19320.695526987387
18585,19323.252124916373
18586,19326.701982904568
18587,19328.771570399909
18588,19334.925438106158
18589,19335.373060533115
18590,19337.117216245602
18591,19339.941665361916
18592,19343.256059883526
18593,19345.713945801876
18594,19352.851506351552
18595,19357.867772697031
18596,19358.138586088338
18597,19362.119625675252
18598,19366.608544625295
18599,19367.398005537721
18600,19370.330284541415
18601,19372.241754770002
18602,19372.810442991577
18603,19378.669213759818
18604,19379.374129336589
18605,19382.96447393683
18606,19385.081525161961
18607,19388.921641063349
18608,19394.119066908388
18609,19398.994451016064
18610,19402.673979433628
18611,19405.635388979717
18612,19407.294577768833
18613,19414.916337415569
18614,19415.145761309333
18615,19418.469640929419
18616,19420.71128626111
18617,19426.491622024951
18618,19429.935446677217
18619,19431.635589731239
18620,19435.139420475964
18621,19435.353982794666
18622,19439.780306005789
18623,19440.667755921342
18624,19441.999129548167
18625,19444.913192114029
18626,19447.069994379974
18627,19450.309327279982
18628,19454.125850664819
18629,19456.410979953198
18630,19459.047347589683
18631,19461.171743661027
18632,19463.072308352825
18633,19467.290971202365
18634,19472.011229781929
18635,19473.129291372534
18636,19473.956111455707
18637,19478.420321445421
18638,19484.095846872573
18639,19486.357809956357
18640,19490.213037248468
18641,19492.026351244425
18642,19496.690703269491
18643,19499.103945213777
18644,19502.571609111219
18645,19506.609440014134
18646,19508.005384802014
18647,19513.066718291819
18648,19518.943479368179
18649,19519.73341086417
18650,19525.799776654505
18651,19527.815104993195
18652,19529.613401175862
18653,19531.539840939451
18654,19536.97535788883
18655,19538.199467441475
18656,19540.117177632019
18657,19543.87040444553
18658,19545.965753062857
18659,19549.980270161017
18660,19556.78533090388
18661,19559.185959008777
18662,19565.258152094284
18663,19567.566741950748
18664,19570.851736441262
18665,19573.484945286084
18666,19579.487998631776
18667,19583.755846353353
18668,19586.604940540117
18669,19587.666783725956
18670,19590.479281485881
18671,19590.972973345732
18672,19591.145140404416
18673,19595.584198755449
18674,19596.90174836143
18675,19598.843870170847
18676,19600.229161252548
18677,19603.282407244515
18678,19605.202264904245
18679,19611.883076075057
18680,19614.32192167838
18681,19616.737019475153
18682,19620.898555144453
18683,19622.570145787307
18684,19624.298760158883
18685,19627.053239968238
18686,19631.244429546659
18687,19634.275637017705
18688,19638.03677581653
18689,19639.873530728331
18690,19645.16982278023
18691,19646.612793815257
18692,19653.212489617177
18693,19655.005742557209
18694,19657.134618367119
18695,19662.156869798862
18696,19665.058891163193
18697,19667.181593118185
18698,19667.866840721676
18699,19670.98949285701
18700,19674.755657400648
18701,19677.039005621147
18702,19680.603480051039
18703,19685.327060017844
18704,19690.095955352572
18705,19693.230812838156
18706,19695.751094341933
18707,19696.499689138102
18708,19701.776371662883
18709,19704.570129784919
18710,19705.984867481631
18711,19709.215160135162
18712,19713.338229672681
18713,19717.962338689849
18714,19719.501553885795
18715,19722.970735417777
18716,19724.63156624381
18717,19729.74404382307
18718,19736.049924854906
18719,19738.285989921147
18720,19742.063399762217
18721,19744.635221215696
18722,19746.138476561257
18723,19747.67153920919
18724,19751.801244754355
18725,19755.057164751805
18726,19756.190969913132
18727,19757.216630776169
18728,19760.529414318906
18729,19764.638327143541
18730,19772.001161139029
18731,19774.278981719908
18732,19775.057617951348
18733,19778.802656390289
18734,19780.965433572768
18735,19781.592113503088
18736,19787.053209998132
18737,19789.191132811411
18738,19791.408949452834
18739,19800.958838713337
18740,19803.449162057699
18741,19808.078364355904
18742,19810.294756482803
18743,19811.270019560689
18744,19819.185262622505
18745,19821.353293672055
18746,19824.401742184247
18747,19825.419008474291
18748,19826.624165710859
18749,19832.794141195991
18750,19836.885100704738
18751,19840.060754239188
18752,19841.84423589737
18753,19849.358516738772
18754,19851.208718438971
18755,19853.619128400525
18756,19862.725156365359
18757,19865.561356205089
18758,19867.644433181351
18759,19873.619600454473
18760,19879.448940138122
18761,19879.83880925598
18762,19883.198494685821
18763,19886.334309142258
18764,19893.560357541202
18765,19895.294337651849
18766,19898.304637865767
18767,19899.560095354769
18768,19902.020631494295
18769,19904.298070730685
18770,19906.340108611825
18771,19908.799538317071
18772,19910.784269662938
18773,19911.416558505884
18774,19917.641562514407
18775,19918.839141398203
18776,19921.815953030335
18777,19926.122000545867
18778,19927.05453267389
18779,19929.667207564707
18780,19932.395441527657
18781,19934.378807614285
18782,19935.268369247253
18783,19940.400109254115
18784,19946.131126875676
18785,19950.636389593546
18786,19953.925808357144
18787,19955.292516954662
18788,19957.933898383471
18789,19961.288914223413
18790,19964.456963710043
18791,19965.830954332789
18792,19970.929676176187
18793,19975.460319055732
18794,19980.404671101041
18795,19982.158295775567
18796,19986.156389011107
18797,19988.173722278592
18798,19989.236145199488
18799,19990.148491806805
18800,19993.949202189156
18801,19996.914251335314
18802,19999.097980255792
18803,20003.722211132615
18804,20010.527941615223
18805,20012.15086048223
18806,20013.964366024975
18807,20021.731878324787
18808,20024.155901582024
18809,20027.211916295972
18810,20035.597574233572
18811,20038.246839593445
18812,20040.824572758771
18813,20042.593721966015
18814,20046.418222038734
18815,20050.51990588053
18816,20053.693248940148
18817,20058.457760344714
18818,20059.295301950438
18819,20060.058590696692
18820,20066.849707386096
18821,20069.643497357854
18822,20071.156324351236
18823,20073.099498689462
18824,20076.997191248727
18825,20080.127522779512
18826,20081.955268813606
18827,20086.252918068803
18828,20090.089729935258
18829,20096.222928545169
18830,20097.79039344014
18831,20104.076523542139
18832,20108.937919175252
18833,20112.264447633399
18834,20113.233783287506
18835,20116.240891346104
18836,20119.34956776226
18837,20129.143542417209
18838,20129.856327785412
18839,20137.17439366076
18840,20138.238578182332
18841,20140.05011302176
18842,20146.246413245004
18843,20149.29608150593
18844,20151.13872086893
18845,20152.031944665341
18846,20157.254987052154
18847,20164.089418927862
18848,20167.98852056561
18849,20170.60782030558
18850,20173.028674514488
18851,20180.176660886282
18852,20182.256219720719
18853,20188.650945484776
18854,20193.138353832903
18855,20195.969756141301
18856,20201.391399700613
18857,20207.267984522587
18858,20208.212757089306
18859,20209.584707233269
18860,20216.032300467788
18861,20217.229183638632
18862,20217.84304277079
18863,20218.348178994573
18864,20221.980078778546
18865,20223.782791164842
18866,20224.356413006964
18867,20226.968137320338
18868,20231.052521906084
18869,20233.236310640692
18870,20235.117727990724
18871,20238.462559708372
18872,20244.536861977118
18873,20245.456338219265
18874,20248.014479149286
18875,20253.121017388024
18876,20254.147693070576
18877,20256.996786550411
18878,20260.864562115101
18879,20265.337011467604
18880,20267.869061391644
18881,20271.771452873523
18882,20272.595749869597
18883,20280.476957913535
18884,20284.980586977705
18885,20285.738014104001
18886,20287.719216341735
18887,20293.247420131735
18888,20295.637794125691
18889,20296.706575936696
18890,20301.084019416121
18891,20305.171303640695
18892,20309.461083221639
18893,20316.162842695783
18894,20321.816135811183
18895,20324.393650861301
18896,20325.700052839948
18897,20327.559246925182
18898,20332.761088535943
18899,20335.898136931482
18900,20345.225082297671
18901,20347.145238026067
18902,20351.359536404485
18903,20355.797498165975
18904,20356.703797962702
18905,20359.358812882885
18906,20371.466694284292
18907,20373.710170763206
18908,20375.759825203069
18909,20380.745919952835
18910,20381.703179922533
18911,20383.296137093686
18912,20385.542566939268
18913,20387.132011560476
18914,20388.095332001667
18915,20392.305025719172
18916,20400.751542646893
18917,20405.151008723369
18918,20408.514586933201
18919,20409.939281571642
18920,20414.033743831184
18921,20417.820966118132
18922,20420.68394561467
18923,20424.575859268287
18924,20436.883951456428
18925,20438.75603558675
18926,20442.054610301991
18927,20447.293556813682
18928,20448.369129282422
18929,20451.761681288452
18930,20454.667344872174
18931,20456.968484848101
18932,20462.914349667448
18933,20464.347719459194
18934,20469.366824516492
18935,20474.559507950595
18936,20475.494990296847
18937,20478.965198799171
18938,20484.652582743358
18939,20490.23264111776
18940,20490.467583308728
18941,20500.351648427251
18942,20502.176290043182
18943,20503.984228326804
18944,20509.553616455883
18945,20513.590153123663
18946,20518.777557405621
18947,20522.197691380905
18948,20524.786246938933
18949,20530.52486959294
18950,20531.19257603665
18951,20533.555776871133
18952,20535.268096962118
18953,20536.245054707404
18954,20538.638444411004
18955,20540.486302530964
18956,20544.38592710983
18957,20547.624473238164
18958,20549.696640284823
18959,20551.375606459769
18960,20556.717835856634
18961,20557.993392200297
18962,20561.943875367673
18963,20563.839101641184
18964,20566.205704221004
18965,20571.460126859114
18966,20575.920402708842
18967,20581.013128705523
18968,20584.106307808404
18969,20585.156124762419
18970,20595.618924956019
18971,20600.713791877559
18972,20606.411553982576
18973,20609.279515983482
18974,20612.892156087149
18975,20613.280669123749
18976,20616.603208007949
18977,20620.399304830065
18978,20624.366352583598
18979,20625.968080625007
18980,20627.976321279235
18981,20632.453331668214
18982,20637.10081366984
18983,20645.96962192699
18984,20648.931849674944
18985,20653.012188878267
18986,20658.588648483154
18987,20666.508863649255
18988,20669.500729703683
18989,20669.928843747537
18990,20675.400534586075
18991,20680.204356486694
18992,20684.211674868915
18993,20692.335351219415
18994,20693.197304734156
18995,20694.135810693158
18996,20697.111745429487
18997,20700.874974351653
18998,20706.115117013964
18999,20709.661279131054
19000,20712.566736436231
19001,20715.138154655993
19002,20719.237509253788
19003,20723.24917258451
19004,20726.1494050906
19005,20728.849154384588
19006,20733.073070545572
19007,20739.044946076541
19008,20741.810056315928
19009,20744.724910566401
19010,20748.814617013169
19011,20753.731575036523
19012,20757.838690674627
19013,20762.888776827091
19014,20766.685744151764
19015,20769.234822158778
19016,20773.671243819917
19017,20775.975656903454
19018,20780.849853466691
19019,20784.731979723223
19020,20787.035316752022
19021,20791.109082782063
19022,20793.566972200639
19023,20798.168872628648
19024,20799.425779590314
19025,20807.031545442314
19026,20809.734911468338
19027,20813.21914192431
19028,20825.357353894025
19029,20826.316276591024
19030,20835.56651491531
19031,20837.584126786707
19032,20840.797633074999
19033,20846.91398256494
19034,20847.674133225613
19035,20853.359024992966
19036,20853.831186892137
19037,20854.727213958922
19038,20857.601708901089
19039,20860.071088698598
19040,20865.681130226803
19041,20867.310617745265
19042,20871.07489115819
19043,20876.197730381038
19044,20879.164029376272
19045,20880.865868215078
19046,20886.257267772802
19047,20887.937854489101
19048,20895.063911824062
19049,20896.535253234844
19050,20899.314731995833
19051,20903.896045590216
19052,20909.53109630775
19053,20910.663160171407
19054,20921.988955197205
19055,20923.492861226085
19056,20926.459341570389
19057,20931.359323137051
19058,20933.397109763282
19059,20939.677989709035
19060,20941.074612326192
19061,20947.474889545469
19062,20951.916040903783
19063,20954.030144613727
19064,20958.406119413612
19065,20964.462235977284
19066,20966.645788806505
19067,20970.730757136495
19068,20977.714116973966
19069,20983.715503322535
19070,20985.986744074675
19071,20990.305965448046
19072,21001.97694200922
19073,21005.022991488964
19074,21009.440901185746
19075,21012.679178115221
19076,21014.438488371416
19077,21015.335307227335
19078,21016.533536331484
19079,21019.871368825428
19080,21023.148046886145
19081,21027.427501447757
19082,21028.769995699164
19083,21033.068962517307
19084,21037.91555241089
19085,21040.653941407312
19086,21045.396393331179
19087,21047.306442971039
19088,21054.215095738047
19089,21056.052069072543
19090,21061.731065897693
19091,21067.668069548155
19092,21068.406914277395
19093,21073.121572750468
19094,21080.878230188606
19095,21086.542991101858
19096,21086.987389093876
19097,21090.067261685694
19098,21094.142940626545
19099,21097.620699468062
19100,21105.749388937256
19101,21108.154242707904
19102,21110.482045866458
19103,21116.254805294186
19104,21125.957219021115
19105,21131.078996628217
19106,21134.953387663045
19107,21139.212635102966
19108,21147.602602501229
19109,21150.176650936733
19110,21157.698130848083
19111,21160.588156049202
19112,21166.639536443276
19113,21172.488944523728
19114,21173.304739698448
19115,21175.360547258071
19116,21179.788074808293
19117,21180.066650550703
19118,21181.674198487432
19119,21183.465045149478
19120,21187.023556514672
19121,21188.173322139126
19122,21192.830610344496
19123,21196.916134903648
19124,21200.639910333477
19125,21206.346846469442
19126,21212.067340513458
19127,21217.67078996338
19128,21220.465335428653
19129,21226.056781218245
19130,21228.772869112658
19131,21230.501685078936
19132,21235.239504669978
19133,21239.518197836955
19134,21250.14446807242
19135,21256.211545096943
19136,21257.252994662518
19137,21260.579420961698
19138,21262.782200531972
19139,21266.188444246778
19140,21268.160349661408
19141,21270.641687801348
19142,21281.671816417856
19143,21284.109989583685
19144,21290.226262134485
19145,21298.122862465021
19146,21299.639758819234
19147,21301.73285084567
19148,21305.310433990537
19149,21308.728403133031
19150,21313.434717554912
19151,21321.955020777154
19152,21324.076579121756
19153,21330.628470101656
19154,21336.116807163573
19155,21337.560076029607
19156,21337.889664021153
19157,21342.041620366275
19158,21347.409967373635
19159,21352.054611331925
19160,21354.931649929946
19161,21355.866385517227
19162,21358.799058669701
19163,21363.15234087464
19164,21368.48294554836
19165,21371.119866199788
19166,21376.347101848583
19167,21382.173121972522
19168,21389.359280854093
19169,21392.288470394658
19170,21396.771390133432
19171,21400.117743214232
19172,21409.355363223549
19173,21416.814728961413
19174,21422.328903848294
19175,21425.718318861953
19176,21428.269156697595
19177,21430.194673184658
19178,21437.278132564548
19179,21445.998673845781
19180,21448.725960840093
19181,21450.365654082554
19182,21453.324347307098
19183,21464.07120861025
19184,21473.079236623747
19185,21479.037370159658
19186,21484.429454152749
19187,21485.491284778767
19188,21497.760790352502
19189,21499.791579116853
19190,21500.398475063426
19191,21501.143264469505
19192,21501.950147428772
19193,21503.172515738901
19194,21512.297061730846
19195,21514.067355806914
19196,21518.278057139069
19197,21523.101278793143
19198,21524.746727437177
19199,21526.319162898177
19200,21531.05123120582
19201,21537.135803661451
19202,21541.056720425917
19203,21545.307914850859
19204,21552.090196389861
19205,21558.50704815704
19206,21559.968489481198
19207,21564.533035724136
19208,21568.021813005522
19209,21573.199543989729
19210,21577.357104847444
19211,21581.16900219689
19212,21583.805235978081
19213,21589.949763298802
19214,21593.969204737285
19215,21596.884473434799
19216,21599.94672445075
19217,21606.037971007489
19218,21611.793122585412
19219,21613.49461408575
19220,21616.512509603377
19221,21622.733311660544
19222,21633.085833453191
19223,21638.074208051123
19224,21647.183371563991
19225,21647.959148030524
19226,21652.245427318441
19227,21655.190583284024
19228,21661.911728963205
19229,21662.840488176207
19230,21668.894063060208
19231,21671.00389767134
19232,21673.475709081511
19233,21674.881296870273
19234,21676.481093713108
19235,21686.155385012462
19236,21692.391291518165
19237,21696.344905164919
19238,21699.534536741423
19239,21702.259428602989
19240,21710.781560385956
19241,21724.961164051805
19242,21727.376996540595
19243,21733.174111272805
19244,21735.593960401355
19245,21736.704463571838
19246,21740.849560140301
19247,21745.063944894999
19248,21756.653627018211
19249,21762.657429315204
19250,21763.882527573027
19251,21771.917442376023
19252,21777.237190305023
19253,21783.829001734703
19254,21788.621841827717
19255,21794.59303454397
19256,21805.006845136977
19257,21813.193521451496
19258,21819.549047008215
19259,21824.101697906121
19260,21824.676573621546
19261,21825.135549217393
19262,21828.758506366714
19263,21832.673719285238
19264,21833.622005915098
19265,21836.270707033127
19266,21838.444735915415
19267,21842.880139150318
19268,21846.221760358472
19269,21851.693424633107
19270,21856.191095380465
19271,21859.182792916679
19272,21860.694357227596
19273,21868.997050428185
19274,21872.040455357521
19275,21875.682773562137
19276,21877.819440292817
19277,21884.783577721268
19278,21886.619068016989
19279,21899.552292821001
19280,21902.257058940089
19281,21907.007858095494
19282,21909.246115362417
19283,21911.615838448743
19284,21913.91453246184
19285,21918.47793154214
19286,21922.959322167091
19287,21938.316316596
19288,21942.004120445785
19289,21945.595387314988
19290,21949.161674969982
19291,21950.384681032519
19292,21956.64370021447
19293,21965.202163478767
19294,21970.477021608283
19295,21977.090410540975
19296,21984.976302538656
19297,21988.051756156754
19298,21990.73168015734
19299,21992.263073453167
19300,22001.975313474995
19301,22004.157590035142
19302,22006.127891244098
19303,22010.629964979322
19304,22015.721387572612
19305,22019.483069027301
19306,22030.702773555069
19307,22033.652363291232
19308,22036.517435125137
19309,22038.616872600025
19310,22053.875445754966
19311,22059.846898822318
19312,22066.639383436661
19313,22069.827680374845
19314,22074.553187558027
19315,22079.274329667263
19316,22083.843720573026
19317,22090.164491595297
19318,22095.616903053979
19319,22102.679266943804
19320,22112.315748902976
19321,22118.939354417056
19322,22123.066080247088
19323,22133.341168970106
19324,22136.307596787123
19325,22139.89428047814
19326,22153.564401794025
19327,22155.103214062194
19328,22156.093376973018
19329,22156.48349139747
19330,22158.891525863713
19331,22162.950733659756
19332,22167.717902007629
19333,22168.743439401977
19334,22170.962988184954
19335,22174.935079172581
19336,22177.850884111096
19337,22183.605159636158
19338,22186.378647708072
19339,22189.76463331452
19340,22199.70175600778
19341,22202.824834439281
19342,22210.144134688959
19343,22212.826935761041
19344,22215.763590240353
19345,22222.137399573508
19346,22232.434148341501
19347,22238.192035536158
19348,22242.270391691909
19349,22248.637902724502
19350,22249.061923275956
19351,22252.978306959201
19352,22257.287010883305
19353,22258.504966953158
19354,22268.419873408529
19355,22275.262472145765
19356,22281.467838887034
19357,22288.415974333893
19358,22294.485971409511
19359,22300.480548346306
19360,22311.370656654261
19361,22316.03120367587
19362,22322.599812374738
19363,22323.258849177906
19364,22324.235446927207
19365,22330.095499092949
19366,22330.887405755017
19367,22338.790595290779
19368,22347.948733294394
19369,22350.236840199061
19370,22356.255676719302
19371,22362.363487368089
19372,22368.870774398489
19373,22373.802169185878
19374,22383.272892049612
19375,22386.377316628324
19376,22397.127868260202
19377,22405.590821652957
19378,22410.88176748357
19379,22412.817875874007
19380,22422.027933752095
19381,22424.161487028563
19382,22434.436588194279
19383,22435.626447028539
19384,22443.300434977315
19385,22453.265578943672
19386,22458.870773646555
19387,22468.903388076611
19388,22475.597094683431
19389,22478.825916611324
19390,22480.777529353483
19391,22485.316898456778
19392,22487.841454215762
19393,22489.63822657448
19394,22493.986207159662
19395,22496.40415479922
19396,22498.46329498466
19397,22500.37630326804
19398,22510.841829890975
19399,22512.051161497777
19400,22513.737443743561
19401,22520.90604012223
19402,22526.338755693214
19403,22534.939226488881
19404,22536.16382064627
19405,22543.412207602181
19406,22556.821494942807
19407,22557.68632284964
19408,22561.369763197032
19409,22564.44708295125
19410,22569.89948353096
19411,22572.799777452892
19412,22580.593500377614
19413,22581.163939934118
19414,22591.782671215693
19415,22598.025480593984
19416,22599.859290607455
19417,22613.644564685303
19418,22618.96995390753
19419,22621.22769151926
19420,22632.361979101875
19421,22641.340930851904
19422,22653.680161070264
19423,22655.349808012634
19424,22657.889230763987
19425,22660.466255051408
19426,22666.078970336086
19427,22667.297801444511
19428,22674.983077480068
19429,22683.068442565815
19430,22686.469893132271
19431,22695.33255572521
19432,22699.374451054948
19433,22711.653181237209
19434,22718.087907797017
19435,22728.177051483759
19436,22733.239907036444
19437,22738.323713266407
19438,22740.372182771629
19439,22748.315345891922
19440,22752.937062482782
19441,22766.133739675581
19442,22769.950510018964
19443,22772.783993440324
19444,22782.696401601788
19445,22783.333606130986
19446,22797.029587471647
19447,22798.61473502584
19448,22812.272278451448
19449,22818.650448122451
19450,22822.100760109068
19451,22822.933960167229
19452,22827.750760970208
19453,22829.290300398592
19454,22833.169250499832
19455,22834.50289394649
19456,22840.453968478505
19457,22847.568797065545
19458,22851.452592201211
19459,22853.84819392865
19460,22866.536018559738
19461,22867.214210783684
19462,22870.669302779188
19463,22877.234662678569
19464,22880.244716564765
19465,22888.348244188863
19466,22897.784045309971
19467,22901.296340553487
19468,22904.871518014625
19469,22912.429074821655
19470,22916.084862496387
19471,22923.78138547975
19472,22926.21397766874
19473,22939.521677490058
19474,22943.321535704934
19475,22947.031067584347
19476,22965.37648303531
19477,22972.962541494177
19478,22977.22195873678
19479,22990.003644580702
19480,22990.458628306373
19481,22996.126573539324
19482,22998.172433289059
19483,23002.284987808867
19484,23010.770749838452
19485,23018.443274915266
19486,23020.521691520913
19487,23034.195336725614
19488,23037.805871705619
19489,23045.027429050249
19490,23046.810956461803
19491,23062.340614013723
19492,23071.916539845832
19493,23075.679766640165
19494,23079.199615626378
19495,23087.084718271661
19496,23089.014349812747
19497,23092.30069330466
19498,23107.226702145723
19499,23112.886272735166
19500,23120.830573690368
19501,23139.252331942575
19502,23141.60885867157
19503,23156.384537905531
19504,23157.524902770969
19505,23159.159689134507
19506,23160.037500909362
19507,23164.911834968207
19508,23169.194118007395
19509,23171.190503399484
19510,23173.968238698177
19511,23177.673459170317
19512,23182.167225607154
19513,23187.092185752761
19514,23196.350713083186
19515,23198.646134606221
19516,23201.434657819955
19517,23205.372265781101
19518,23213.813418481768
19519,23218.937748961969
19520,23235.108255155614
19521,23239.909492380601
19522,23244.137777605611
19523,23249.111184196619
19524,23251.402177966655
19525,23256.734013921836
19526,23263.749456687128
19527,23277.305441128108
19528,23289.509560387494
19529,23296.649579625933
19530,23311.325871949794
19531,23326.423507683397
19532,23328.133146184584
19533,23333.48567056578
19534,23337.417719320227
19535,23340.831170927522
19536,23349.321672826922
19537,23352.513570693631
19538,23357.66281978806
19539,23361.872343474388
19540,23377.434529381251
19541,23379.308041844317
19542,23396.857114187296
19543,23400.186698128011
19544,23403.904992164567
19545,23410.421447573237
19546,23413.744457863639
19547,23423.422444200518
19548,23431.259123771521
19549,23442.0868396597
19550,23453.115963783341
19551,23462.541720293888
19552,23470.166022671383
19553,23484.999656551121
19554,23492.867787568539
19555,23497.791464351503
19556,23498.329166205742
19557,23500.371292646305
19558,23505.01541073533
19559,23505.86110643551
19560,23512.293636379109
19561,23517.920397533599
19562,23520.272584744784
19563,23522.860610869564
19564,23524.540006786141
19565,23530.059250552109
19566,23537.504427308791
19567,23549.681604122023
19568,23558.055343085631
19569,23567.658496131229
19570,23570.284834017526
19571,23573.679610488856
19572,23585.497945646206
19573,23589.736677967558
19574,23595.964943978743
19575,23602.828882372585
19576,23615.825040239328
19577,23623.479971961769
19578,23654.148304799775
19579,23665.489568169622
19580,23667.815885057775
19581,23668.60662299949
19582,23671.205750139903
19583,23676.348920770088
19584,23682.085302335585
19585,23691.558141672587
19586,23694.55267439727
19587,23703.024028677461
19588,23713.413638844184
19589,23718.853479231431
19590,23724.969742668225
19591,23726.920767626663
19592,23742.45822324738
19593,23754.866109725135
19594,23761.998863768069
19595,23769.7950474225
19596,23784.200264307634
19597,23791.020299465821
19598,23806.550888068406
19599,23811.58948658533
19600,23829.413965444877
19601,23837.248567551036
19602,23838.659696510545
19603,23839.079600621648
19604,23842.056435190734
19605,23843.429515711734
19606,23846.102613696177
19607,23851.950262069324
19608,23852.981117626543
19609,23855.496709233663
19610,23860.152038671764
19611,23866.931665714812
19612,23877.764466088389
19613,23883.085124792469
19614,23888.34813360832
19615,23892.118744171523
19616,23907.377221814408
19617,23915.59981065086
19618,23926.030056206208
19619,23927.473313603434
19620,23943.395638842361
19621,23959.350026774835
19622,23986.607349930386
19623,23990.457218707226
19624,24003.663596144965
19625,24008.643684556522
19626,24012.100794381826
19627,24016.790236315181
19628,24021.823108521327
19629,24029.696386128559
19630,24030.997950267076
19631,24044.385044527993
19632,24049.715017121176
19633,24052.167801795342
19634,24057.04003506224
19635,24076.535555962542
19636,24097.084381346267
19637,24104.399776652535
19638,24109.838422036657
19639,24117.938979631515
19640,24121.091672854218
19641,24139.429215792425
19642,24146.790066908477
19643,24164.591178231858
19644,24177.288898755764
19645,24182.096147039367
19646,24184.063802087127
19647,24186.000076963086
19648,24187.947119488683
19649,24189.495619647212
19650,24191.066193964391
19651,24198.116966121681
19652,24203.979509720844
19653,24212.161024717432
19654,24213.658219632332
19655,24219.70315387721
19656,24231.114764180642
19657,24242.487549072608
19658,24247.84248474635
19659,24264.321076747736
19660,24274.66754712836
19661,24283.569403548219
19662,24308.633842948642
19663,24316.933607474126
19664,24337.671346876308
19665,24348.762238630825
19666,24354.899226746551
19667,24359.995066352913
19668,24361.429819781137
19669,24363.773337418552
19670,24374.699310571956
19671,24379.76488959014
19672,24382.921801155302
19673,24388.191557055143
19674,24395.049161070976
19675,24423.161220695416
19676,24443.134659348147
19677,24449.964526479573
19678,24452.594767728624
19679,24465.977269376508
19680,24476.425609358608
19681,24494.915659448514
19682,24499.479783255072
19683,24519.091001098692
19684,24527.012909629371
19685,24528.001488618735
19686,24529.193095584615
19687,24529.860848735738
19688,24531.37510276278
19689,24535.064457060744
19690,24538.231896696583
19691,24545.840455263795
19692,24549.640259304259
19693,24552.398482236626
19694,24565.557536835437
19695,24575.151621192392
19696,24588.273637870327
19697,24618.961075975098
19698,24628.958535770867
19699,24646.720854970605
19700,24653.691675931746
19701,24673.688927262803
19702,24689.859554790095
19703,24702.487337181803
19704,24704.124658182496
19705,24706.422579130282
19706,24714.720818397218
19707,24718.282776372576
19708,24721.444971970686
19709,24724.750454524448
19710,24742.650124591921
19711,24773.287398989272
19712,24787.365483874135
19713,24792.382436428899
19714,24795.39933341345
19715,24808.140124052668
19716,24816.994081006083
19717,24840.881379984497
19718,24853.339271204277
19719,24869.974077324314
19720,24873.058510103951
19721,24876.559008306896
19722,24878.025384363689
19723,24880.001759075218
19724,24885.940321681537
19725,24886.966658217647
19726,24890.50292516085
19727,24899.879953293472
19728,24906.597147111363
19729,24917.955007482073
19730,24948.763165829929
19731,24967.411091917635
19732,24981.458279560597
19733,24986.99069953533
19734,25010.906924633113
19735,25032.133447670021
19736,25044.201262778573
19737,25053.133109630911
19738,25056.675660529254
19739,25059.691618615441
19740,25060.804232795032
19741,25068.39382305081
19742,25072.636638119206
19743,25099.917784331366
19744,25130.011283028201
19745,25137.301712941244
19746,25145.913703722297
19747,25154.933128581961
19748,25175.631964259002
19749,25179.688017482709
19750,25195.524837617555
19751,25217.970886486921
19752,25225.387782241756
19753,25227.960462521904
19754,25228.630836773718
19755,25230.802266027949
19756,25233.391810062127
19757,25233.862442022797
19758,25241.024157369757
19759,25246.838367264812
19760,25276.245374507664
19761,25319.012315339311
19762,25327.274084179004
19763,25333.560798682716
19764,25357.602194611212
19765,25379.672310824928
19766,25396.498842087785
19767,25406.560133284616
19768,25407.465700384597
19769,25409.088123293644
19770,25413.109428245345
19771,25429.606733945559
19772,25456.702364471104
19773,25477.857976469921
19774,25492.945625605924
19775,25498.066322004983
19776,25503.019537384553
19777,25531.846242955802
19778,25547.07385910775
19779,25562.00164685573
19780,25577.70383990628
19781,25578.758185344206
19782,25581.998427334747
19783,25583.201255414915
19784,25586.912588229628
19785,25590.913240830971
19786,25609.393449594521
19787,25647.356987335967
19788,25674.540294301038
19789,25677.390627567009
19790,25700.532581492855
19791,25730.192650047531
19792,25745.047636359028
19793,25757.848576300908
19794,25760.4078260186
19795,25763.150831201812
19796,25771.310287107841
19797,25802.835675469374
19798,25830.185351253826
19799,25836.829385977755
19800,25852.106633857402
19801,25865.207552174266
19802,25882.009239310973
19803,25901.396969123929
19804,25927.463512934621
19805,25932.385345609735
19806,25934.046081422683
19807,25938.279747609486
19808,25939.177876239533
19809,25942.063295416301
19810,25980.941113546225
19811,26028.289586225765
19812,26031.485615660604
19813,26062.184780361069
19814,26086.141481366409
19815,26105.685819870501
19816,26116.277414224045
19817,26118.42220120081
19818,26130.700462604847
19819,26168.03954841727
19820,26187.789681605653
19821,26208.425117107818
19822,26213.039632291275
19823,26231.463236318035
19824,26268.622437346607
19825,26278.385736591576
19826,26286.662231850969
19827,26294.660206018507
19828,26297.512637482359
19829,26318.723793233712
19830,26362.382258843056
19831,26387.362681700677
19832,26410.207770630543
19833,26447.00486855398
19834,26462.723067823383
19835,26474.558723404134
19836,26481.645966353433
19837,26532.081343106169
19838,26547.257787265833
19839,26556.843976366268
19840,26574.989998765068
19841,26605.572828072931
19842,26633.663516831071
19843,26648.892629473743
19844,26652.881109316892
19845,26658.013301367988
19846,26704.983537862394
19847,26747.059205053189
19848,26789.094950392493
19849,26812.049693315887
19850,26832.640225823205
19851,26844.367454743631
19852,26903.701822285428
19853,26920.625584299207
19854,26949.385009771257
19855,26962.564268522055
19856,27006.233602919881
19857,27010.670172650996
19858,27043.38639195573
19859,27096.42417317853
19860,27140.502147704381
19861,27185.135460956404
19862,27199.518438461349
19863,27270.660862741541
19864,27279.515319935625
19865,27328.925240242494
19866,27354.574158427298
19867,27382.238298975117
19868,27451.262586099037
19869,27539.950786800731
19870,27559.682139438628
19871,27657.79682204406
19872,27697.29844920008
19873,27782.132724337855
19874,27891.619388970226
19875,28013.890649571495
