# Domain: gww1 (FD, convergence sweep, dense eig full spectrum)
# Resolution M = 155, dofs = 9231
# Computation time: 13.0945 s
# Eigenvalues stored: 9231 of 9231
n,lambda_n
1,2.5400318952697383
2,3.6570704621572179
3,5.1784895187875009
4,6.5345476369647741
5,7.2486382535851313
6,9.2039731819071946
7,10.58792716827395
8,11.529213793328413
9,12.324252909501046
10,13.047620754855743
11,14.296417875354683
12,15.861879843271453
13,16.915653872743825
14,17.638574388663525
15,18.965152093133163
16,20.847454988113242
17,21.222292411840694
18,22.2011064636567
19,23.653343487897853
20,24.426195110157579
21,24.612536497526893
22,26.030490332091176
23,27.24679648419044
24,28.098158299822586
25,29.499786486332699
26,31.379555207284092
27,32.00348802689134
28,32.121669361727555
29,32.824945792825829
30,34.038469792181068
31,36.140758027940947
32,36.983444047070314
33,38.680279767093225
34,38.81969739588137
35,40.692636196429497
36,40.807291859718823
37,41.263874853016162
38,41.753313530030908
39,43.988813596677922
40,44.32390762791146
41,45.678887372567814
42,46.482800091890773
43,47.249414128421115
44,49.144265059352037
45,49.709168594812567
46,50.088383865539392
47,51.733425129585235
48,52.260512681807334
49,53.146184953836112
50,53.977381759800046
51,56.003556274219619
52,56.766927753697196
53,57.789283101839032
54,58.857734222410848
55,61.411207906226906
56,61.432548647434196
57,62.435329597318074
58,62.84624037025592
59,62.87638809368724
60,63.684039170503183
61,64.436966941265609
62,66.034356096082846
63,66.814019399424382
64,69.048475326362549
65,69.551556272254672
66,70.268577587578505
67,71.074990699890492
68,71.158076143782466
69,72.008975056776848
70,74.465279265711615
71,75.857190409061261
72,76.295072855733679
73,76.769663717284402
74,76.870852361767675
75,79.18658466067518
76,80.17621496560345
77,81.148238307752891
78,83.031345113340294
79,83.18065488550323
80,83.363274287872017
81,85.176141838656889
82,85.466400666458213
83,86.796565868310154
84,88.238425474574797
85,89.567614688189579
86,90.195178380920524
87,90.324690579393177
88,90.498850788454959
89,91.480087223733122
90,92.68131176706494
91,93.979777159620909
92,95.408037651438008
93,97.106147568572197
94,97.475745179352003
95,97.715642108754821
96,98.062101892286847
97,100.50405132040274
98,101.18139286038705
99,101.99866962022368
100,102.56972887679889
101,103.6008949413379
102,104.57670811500789
103,105.20744923571156
104,105.4281193387781
105,108.50529930711997
106,108.82978300368916
107,109.83795890492104
108,110.00392569675543
109,111.75156694878496
110,111.90063499194476
111,113.23720531024114
112,113.32061165308087
113,114.94560712787715
114,117.38745523846795
115,118.25617535132017
116,118.66942400882303
117,120.01697610324884
118,121.10096486347273
119,121.3871376335817
120,121.57805890873644
121,121.74175115765762
122,123.80269515345249
123,124.70478258638717
124,125.59784781559864
125,127.14470272930716
126,127.24936237966384
127,127.3762051604412
128,128.9690104381153
129,129.55634458285815
130,130.07561825403914
131,130.35432428496225
132,131.9349754199074
133,133.33920342798012
134,135.07852590498817
135,136.1310885846658
136,138.03535192944287
137,138.24259201774586
138,138.45316092537269
139,138.68361279609249
140,139.55967592003526
141,140.92580844572987
142,141.2572940261764
143,143.38331713480829
144,144.87400610014146
145,145.33914862928134
146,147.18634369506449
147,147.70833831081475
148,148.12570831110017
149,149.07542836972252
150,150.06497593836588
151,150.20519430043211
152,151.46015460729467
153,153.28712025652399
154,154.65556382425399
155,155.53560133472996
156,156.68579838092916
157,156.84350581936997
158,157.33010400693254
159,157.83431606667645
160,158.39807105868093
161,159.26379968698737
162,160.19766079726281
163,161.36346632248859
164,162.21761264387837
165,163.34823411571938
166,164.41253053783063
167,164.72105553631516
168,165.77273627937376
169,166.54896530851744
170,167.46725815057277
171,168.24068536924074
172,170.39473395644893
173,171.40545165685052
174,172.19245777185657
175,173.16690460234008
176,174.57247233465571
177,175.78468889289749
178,176.24378059621839
179,176.78291745126506
180,177.00933912432615
181,177.30527819462441
182,178.98097175156465
183,180.32879669915184
184,180.40880165712596
185,181.95792176568381
186,182.89254315885
187,182.99535253873606
188,184.22110851605171
189,185.27561257815802
190,185.72577639355964
191,187.04929199332253
192,188.02704824591353
193,190.279945875419
194,192.29639614939953
195,192.98535410838136
196,193.54260756402064
197,193.79856073282872
198,194.15011615683423
199,195.40465925309482
200,196.12111937524406
201,196.65809710057485
202,197.4503705385122
203,197.64176330661417
204,198.391196089749
205,199.68890407202673
206,201.3161193810345
207,202.48641702974075
208,203.6717050942371
209,204.57556486033425
210,204.84132206786757
211,205.28591680718932
212,206.96944810799491
213,207.27579456244106
214,207.85131072964276
215,208.21124160040671
216,208.70918506566181
217,210.29294852204498
218,211.9448852109731
219,214.40265332258105
220,214.64856197269788
221,215.21792998902666
222,216.08084179730074
223,217.12960565593758
224,217.30685498283967
225,217.48086659383279
226,218.37770207403625
227,219.01278435543011
228,220.03384354277762
229,221.64052156992693
230,223.36621041178151
231,224.02967060980083
232,224.56189800624162
233,225.22610830128377
234,225.8945207212347
235,226.84686139278568
236,229.56260216242771
237,230.03247242909094
238,230.37573015013967
239,231.19637396705286
240,232.46978809482175
241,233.98771676576553
242,234.27038268844944
243,234.86133723047101
244,236.44525525301793
245,237.7739900018579
246,238.94210036583564
247,239.66542684478864
248,240.87258507424946
249,241.29268036509126
250,241.36869565644929
251,241.79246400183823
252,242.72149320617885
253,243.25667871403758
254,243.86929967706368
255,244.62046618167398
256,245.1607039272194
257,246.60628482269843
258,247.97862604242158
259,248.83433084079638
260,249.18341553120698
261,249.69097483705022
262,250.86024045575414
263,252.55663723740537
264,253.30783037183679
265,255.00027052134061
266,256.20110832887877
267,256.20837972767436
268,257.58847272731799
269,257.82244691521237
270,258.08700409573964
271,259.35732218337193
272,259.64639484102383
273,260.2333823090944
274,261.47169911924425
275,264.16417823986222
276,264.48895522850057
277,264.87439275286971
278,265.51080493775851
279,266.3156497971201
280,268.22476859969066
281,268.79268272323213
282,270.69589848955695
283,270.9627664688345
284,271.68067490439688
285,273.01927213032599
286,273.40576860380349
287,273.97486153550744
288,274.64019030913863
289,276.57877700321245
290,276.90112731339451
291,277.86165000962501
292,278.61247615175103
293,278.61306010155943
294,281.20311636543948
295,282.54925547553273
296,282.84175973776024
297,283.29815169425262
298,284.88458157193077
299,285.34063620906988
300,286.09368897569527
301,286.67933797460182
302,287.32526063543764
303,288.80250641654089
304,289.7051805108045
305,290.15794125494193
306,290.19458490662879
307,292.35358786004309
308,292.69482652338769
309,293.25685486558308
310,294.44297257915986
311,295.84355685952067
312,296.46110293352979
313,297.35510247721976
314,297.58553643602369
315,297.90388698995633
316,299.55884229159568
317,300.54320179219008
318,301.15248091675403
319,302.06861564195776
320,302.51023423972589
321,303.21582316116269
322,304.41946468079072
323,305.57026355460391
324,306.54106017038475
325,308.67009119873268
326,309.87382002400466
327,309.96983244469669
328,310.96249283206151
329,311.44747982713824
330,312.98311563681125
331,313.41168022303611
332,314.09512806713212
333,314.21903554956333
334,314.93385276566141
335,315.68737763380943
336,316.54207811911186
337,317.49081632273851
338,319.18373080899147
339,320.53288887722709
340,320.76015418445286
341,321.82047155833402
342,322.54698892442133
343,322.70184355804855
344,324.40998733117175
345,325.92214399014875
346,327.01459705650467
347,327.18385320107143
348,328.48737298969644
349,328.90662092279797
350,329.45067321484197
351,329.92588362500987
352,331.45721711907305
353,331.98937616945699
354,332.59901063493072
355,334.41795758094594
356,335.46305831172481
357,335.77852755457093
358,337.00247259363897
359,338.21586677668734
360,340.54901726507194
361,341.19795506128179
362,341.96677530059094
363,342.4801191627339
364,342.76616275706556
365,343.62014640021368
366,343.83310727376841
367,344.3326604036468
368,345.74285639952564
369,347.69374104984246
370,348.21230889487805
371,348.94532269702091
372,349.0952922687386
373,349.84717316531498
374,349.87107069209162
375,350.4713183078278
376,352.05036486194746
377,352.24445950908648
378,353.22719818241455
379,353.94640562780921
380,355.60289328457412
381,356.53551175117332
382,357.99605653788774
383,358.43722153046735
384,359.50957614414989
385,359.62923604487327
386,360.63906517493228
387,362.03472356744311
388,362.15935428011852
389,362.29393445276384
390,362.55633410782889
391,364.40636631030617
392,366.70989658207475
393,367.13193140423658
394,369.13618351551679
395,369.57608001259769
396,370.01902047552244
397,371.04179572358339
398,372.19238359959388
399,372.8268178667949
400,373.88137144621521
401,375.20236789759076
402,375.58597410587618
403,375.78357081620567
404,376.09506415271443
405,376.31765847166116
406,377.50968380686533
407,378.67780279491359
408,379.30013131266566
409,379.9861862595082
410,381.82003059418781
411,382.8748604426255
412,384.139616368475
413,384.90890234773065
414,386.31992676856675
415,387.33495166007509
416,387.97715564814189
417,389.46966150425976
418,390.63653578418536
419,390.78556264923105
420,391.77669447486625
421,393.28320654016505
422,393.94353899711103
423,394.18926662864396
424,394.44624805650534
425,395.7184966054283
426,397.05371332991427
427,397.4556451603919
428,397.82249956154601
429,398.45828252584721
430,398.8652841929154
431,400.00379334035745
432,401.23085695311266
433,402.01780756590296
434,402.74980520826551
435,402.80293172619685
436,403.98758738719994
437,404.53115488683352
438,405.17635894930356
439,405.84923405520203
440,406.83934243525437
441,407.60781031726123
442,409.4308151975776
443,409.85942213009866
444,411.08797379014283
445,412.20878059605911
446,412.6525208471374
447,413.03872931570476
448,413.77113577560738
449,414.34805051336065
450,414.97471633209909
451,416.68962804950417
452,417.71992226617482
453,418.13751764322757
454,419.33897172211329
455,421.06939363892883
456,421.55099284554103
457,422.56148223842644
458,424.7038171796197
459,425.4641241879155
460,426.61584722678447
461,426.74086269660449
462,427.42723538733514
463,427.87150836199112
464,428.17146589995122
465,428.65362235210819
466,430.62179224672974
467,431.26968836006637
468,431.56285807371796
469,432.71585330748974
470,434.03959447310103
471,434.3095331602014
472,434.9193577698627
473,435.27829467576555
474,436.05331260851051
475,437.07394637659303
476,438.23755024749573
477,440.29574239045007
478,440.80965448674436
479,441.79123306631664
480,442.49540395418938
481,442.59138753341085
482,443.06636526958914
483,443.89235017383834
484,445.16525242201442
485,446.23315306061897
486,447.336370885191
487,447.8255555128323
488,449.24695026056759
489,450.17796493242389
490,450.32094454952198
491,453.3854168719127
492,453.88698357401199
493,455.72897639756138
494,456.90664039343511
495,457.20902031622984
496,457.33997680383624
497,457.8908119857353
498,457.92481674850865
499,458.35349618804548
500,459.12487669135703
501,459.63938237620113
502,460.02757272402823
503,460.62186971416037
504,461.67714015742735
505,462.26547951633825
506,462.89815641843097
507,463.47818968976554
508,465.31576827787154
509,465.53579470528138
510,466.81028622953465
511,467.12866197700083
512,468.29724958278331
513,469.46455685026194
514,470.2654245255751
515,471.53783746830879
516,472.42679148616941
517,473.6705042101778
518,475.23355254022107
519,476.00928694872698
520,477.53290323173292
521,477.60405186591498
522,478.35330199372811
523,478.99452809239142
524,479.57036580830999
525,480.18726353783546
526,481.01538931618643
527,481.45528511800967
528,482.7116540650062
529,483.4113871627622
530,483.84967172510034
531,484.86849265087369
532,485.98743368140907
533,486.84538317004785
534,487.99898710048393
535,488.79801513059965
536,489.54528294424063
537,490.4218335365581
538,490.56701001483412
539,490.72177151313912
540,492.45652579703597
541,494.31225260926607
542,494.74482889841698
543,494.87692178952767
544,494.87754603547
545,496.02997784809497
546,497.13199017283472
547,497.96171214638349
548,498.56677502745038
549,498.87104872223318
550,500.25063952579148
551,503.36778476537847
552,504.05564200459463
553,504.2898348066862
554,504.83098077979781
555,505.15209738410647
556,505.950068051556
557,506.88633947715749
558,508.22293749088635
559,508.94239531660565
560,510.91543479343312
561,511.38677395242081
562,512.69624528030249
563,513.72762180214511
564,515.10304005445084
565,515.31910911483453
566,516.07453364401067
567,516.67555453888883
568,516.97335363823163
569,517.82297592208715
570,518.05214549953769
571,519.24868744619232
572,519.91148183384371
573,520.66273489629452
574,521.57504891364761
575,522.74882871571515
576,523.87052428973243
577,524.53720222897573
578,525.16041828786774
579,525.25416066303467
580,527.05374752834587
581,527.18231407737335
582,528.05368642564792
583,528.1344945538068
584,528.86279913693488
585,529.3523627059825
586,530.28768971272359
587,531.81096545460468
588,533.28269669594829
589,534.5035435266451
590,534.99718832109829
591,535.14247813753627
592,535.43042572656782
593,535.86614176389355
594,536.80192908363949
595,537.69363411314873
596,539.82928929489731
597,540.34197001363998
598,540.75245248784597
599,541.70940837699709
600,542.00344678977115
601,543.31620594776052
602,543.82241718882574
603,544.78232136210113
604,546.01111869251076
605,547.06763279586062
606,549.25569028201744
607,550.05284679417309
608,550.85508515263689
609,551.50685859410373
610,551.77989201178718
611,552.12376887856726
612,553.39314147268931
613,553.81671148613896
614,553.91043383944088
615,554.42753302593837
616,554.8269536844648
617,555.4179369093963
618,557.48274704619416
619,557.89268682913871
620,558.41654043818733
621,559.23109097458371
622,559.84153526142973
623,560.52796836831146
624,561.2600477009006
625,564.04550192456793
626,565.0851491491934
627,565.56500076633017
628,567.19157090231784
629,568.40438203346218
630,569.24913359623145
631,569.79937720251507
632,570.9244954049434
633,571.25866898339359
634,572.58258738050972
635,573.22903389319231
636,574.56957427713201
637,574.59023267559394
638,575.22973286655304
639,576.195189470424
640,576.70248975770505
641,577.54912449466121
642,578.37307887443399
643,578.57904918734653
644,579.3392817844649
645,579.41347268667255
646,581.04226241073866
647,583.24705943367928
648,584.51488654940056
649,584.81179128962003
650,585.60050586737214
651,586.44311310956846
652,586.54878999423386
653,586.61754695296804
654,588.14724619709341
655,588.509763608821
656,588.66748168605227
657,589.54248723263049
658,590.97535168423963
659,590.99010901789222
660,591.18323701538145
661,592.1710756902803
662,593.02535448604442
663,593.83406463892118
664,594.487855717667
665,595.61263994324599
666,596.37361462477838
667,598.31642482347729
668,598.814797170671
669,599.37767987897848
670,600.45598280227875
671,601.79527283518564
672,603.05575845977
673,603.42962753504719
674,603.88730334342904
675,604.59405601794163
676,605.73315226551313
677,606.05412409552639
678,606.12234822694518
679,607.21864291577924
680,608.59811662573281
681,609.75824484709233
682,609.90039840351415
683,610.32161937529395
684,611.55184069344159
685,611.89786689552534
686,613.02868351870404
687,613.65615605370783
688,616.54770627090613
689,617.20162784951287
690,617.27229604400372
691,618.13766241982353
692,618.61943240763708
693,620.16242307087259
694,620.48313377002557
695,620.76409807651191
696,621.36194160619993
697,622.56102538708569
698,623.26312525946355
699,624.65429109838362
700,625.79751373296574
701,627.12616967590623
702,627.74140268923202
703,627.94296918233363
704,629.01053149416839
705,629.46354885385676
706,629.96899117580392
707,631.05123250168697
708,631.74409703717504
709,632.34320858605759
710,633.51742973385171
711,634.73202310144256
712,635.31744514754143
713,635.75855541238775
714,637.30391469780295
715,637.30749242490413
716,637.89242529902629
717,639.26535557565978
718,639.35206182364561
719,639.67468507681724
720,641.30750867939093
721,641.87974340090091
722,642.72837308743271
723,643.60815622308485
724,644.26571896725329
725,645.19385089989908
726,647.07361639530643
727,648.58735611556585
728,650.32273150195022
729,650.44188590689396
730,651.19825324981866
731,651.8321646931289
732,652.03613883801052
733,652.64247384011935
734,653.68663516589561
735,654.58653916715195
736,655.02592592189546
737,655.30235583535739
738,655.50755763574261
739,656.12490571728267
740,656.63927555906037
741,657.45951126261446
742,658.62505864872162
743,659.74417622985527
744,660.63626864544187
745,661.10751340742024
746,661.79516587300918
747,662.41687745125012
748,662.57875366081942
749,663.38769230406672
750,665.53352930007725
751,666.84572548652989
752,668.23355656515832
753,668.79786118621985
754,670.43462226242139
755,671.1941695254028
756,671.83450230879578
757,672.07042298480656
758,672.38498100711331
759,672.7633263145957
760,673.05953752306038
761,673.87383783609425
762,674.24844839323112
763,674.70516103928082
764,675.64209588871427
765,676.58705745595387
766,678.20307405384165
767,679.19613316991899
768,680.74887693165056
769,681.58534805175509
770,682.22126633615483
771,682.59327440268589
772,683.71956605235096
773,683.77306974554062
774,684.5626408038446
775,685.04827065562188
776,686.20545588041534
777,688.04944614854105
778,688.49029948316092
779,689.46287908465922
780,690.23528665039873
781,690.55717156341848
782,691.48531067249382
783,691.84593807178669
784,693.11759470199968
785,694.19450632582641
786,694.73330386641862
787,694.78397937022908
788,695.43285806314668
789,695.71708372828482
790,696.60523093325321
791,696.86321901074746
792,697.02339142423682
793,699.24038386348275
794,701.25484236169336
795,702.59298234575385
796,703.03150219410907
797,703.08787063816908
798,703.55011065419285
799,705.1108781265541
800,706.50620578069595
801,707.71315211310798
802,708.03469331588872
803,708.50309774589607
804,709.00619955671675
805,709.6460985140219
806,709.83366189830906
807,710.42074873154934
808,713.17980405466221
809,713.71378199504977
810,713.77666371224757
811,714.7050451012293
812,715.40179584900659
813,715.98566927325317
814,717.29673750998518
815,717.90528590747147
816,718.37371224050514
817,719.48448241229266
818,720.51262902461258
819,721.53326777970983
820,722.76904170026967
821,724.43488667257066
822,724.85273165301317
823,725.73017080491491
824,726.16092208689167
825,726.20830411207578
826,726.41007137641168
827,727.02186245601342
828,728.47325578133439
829,729.45592659840452
830,730.10175499258276
831,730.23852669420228
832,732.12484659410234
833,733.55187361624485
834,733.80027621050522
835,734.94835949331764
836,735.99289857614042
837,736.00510030844623
838,736.55801758042151
839,737.4337460609238
840,737.82072996133707
841,738.75248940955089
842,738.83991573634034
843,738.91856096789593
844,739.44564622775511
845,740.41731512112801
846,740.97166806870371
847,742.28129392162248
848,742.8725566730518
849,743.18610027500824
850,744.09568116769128
851,744.80484939471364
852,745.82311359416053
853,745.84015720427203
854,746.81833962793894
855,748.45391197167044
856,749.84921034911099
857,750.15933727449465
858,750.8481454458398
859,751.9032891909394
860,752.15130865330002
861,754.0863243530199
862,755.21371976066575
863,755.41611140493512
864,757.17769355393034
865,757.52189751800438
866,758.285597414211
867,759.61760611770671
868,760.18408615063242
869,761.32802887784294
870,761.85741415517441
871,762.21882079776412
872,762.55457574196464
873,762.98093423679688
874,763.1117133479853
875,765.03810467462597
876,765.74440625941759
877,766.04126877826252
878,766.6309870959584
879,767.51161234602023
880,768.16377659521322
881,769.13582746476311
882,769.95334560816809
883,771.67068345048972
884,772.10651568300364
885,773.12681056462338
886,773.48207417088599
887,774.18002032385505
888,775.77227125590275
889,777.47951657545843
890,778.53916949233599
891,778.64416296060779
892,778.96018226792626
893,779.18575827563393
894,779.5071957673739
895,780.77938729771301
896,780.99832671163017
897,781.83428938248881
898,782.79933937496105
899,784.48018409642509
900,784.91165987728539
901,785.32511329915428
902,786.63955251377081
903,786.93261198166022
904,788.15397295656749
905,788.46540091987072
906,790.68790401700232
907,791.30448535568746
908,792.83410969050897
909,793.54203344478003
910,794.28465641690218
911,795.35848494905599
912,795.47163453110772
913,796.09384042039426
914,797.78086113525012
915,798.71310389115058
916,798.91528530513187
917,799.24658979332878
918,799.53758360726272
919,799.58853771794645
920,800.9126934021142
921,801.14863027211629
922,802.12208431598685
923,802.70239682055637
924,803.58547523912512
925,803.95217015830656
926,805.04624436255676
927,805.92401842276524
928,806.53664268568764
929,806.94738636622947
930,806.97948924729485
931,807.4227285486777
932,807.6959659586488
933,808.58921449750392
934,809.69687697720701
935,810.83047837425795
936,811.55231128613445
937,812.11084739183332
938,813.4099460535158
939,814.59365988650779
940,815.23305025266313
941,815.97964644904675
942,817.4020215537455
943,817.73062901114577
944,818.28286302208073
945,819.2677728353417
946,820.80464988678625
947,821.46055528749741
948,822.44635238000467
949,823.12390229248024
950,823.30227573124478
951,823.52661238871849
952,823.78946238969309
953,824.52586010150435
954,825.25524858078052
955,826.1986365755813
956,827.32041839023043
957,828.43312133377617
958,829.58948244382805
959,830.31988413077113
960,831.44516221390927
961,832.0361510307622
962,833.4283574958456
963,834.12572070440956
964,834.43611059944806
965,835.64817050080512
966,836.40854986785564
967,836.64799786431047
968,836.99540701491333
969,837.94375434431618
970,838.84088979550211
971,840.17089135284266
972,840.5422226129532
973,842.3953083629259
974,842.80567961551469
975,843.12064134287039
976,844.19276429389856
977,844.89491117070475
978,845.97955453035888
979,847.12274840467603
980,847.54299508025088
981,847.89967050846133
982,848.46728325377967
983,849.6401367681683
984,850.04185743155597
985,851.05095358293704
986,851.4497978942253
987,852.36704096489177
988,853.0450461708142
989,853.83126418951076
990,854.41010840636795
991,855.46476351727256
992,855.99706930446484
993,856.21501906462515
994,856.79647723195183
995,857.77171825650532
996,858.20955267888189
997,858.33927550832061
998,859.57922371046584
999,860.51915853830815
1000,861.22799540782444
1001,862.86811016196214
1002,863.16272047116138
1003,865.68701917427518
1004,866.39643861182685
1005,867.40063087404258
1006,868.18175780997808
1007,869.13508359959189
1008,870.70772680380003
1009,871.16144805464933
1010,871.43430395837072
1011,871.7043966360302
1012,871.8061647905057
1013,873.04350431924763
1014,873.75565798757066
1015,874.34746776928682
1016,874.91774747955822
1017,875.04084340857389
1018,875.57727470875068
1019,876.03440916515171
1020,877.61178381939931
1021,878.37661728460364
1022,878.55772471365469
1023,880.12248575239721
1024,880.60772606021987
1025,881.19490842852122
1026,881.4998133718791
1027,882.43179493792638
1028,882.65788121699984
1029,883.16347033116142
1030,884.03749369259378
1031,884.17774407032596
1032,884.97992691719207
1033,885.9453419809297
1034,886.90643716331374
1035,888.81820880477437
1036,889.76641755513083
1037,891.13472536134941
1038,891.60046384388886
1039,891.88508854357417
1040,893.12537618234319
1041,893.84532008489532
1042,894.10126521471898
1043,894.22961093075321
1044,894.66902187508515
1045,894.72007852594697
1046,894.98380140163363
1047,895.52047345475
1048,897.69111906471778
1049,897.99504074445179
1050,899.00763822837678
1051,900.9370821303487
1052,901.47400699881575
1053,901.82211295702575
1054,903.21940563087048
1055,903.91697859319117
1056,904.73544156623814
1057,905.74141559256452
1058,907.37947554102732
1059,908.64252538167113
1060,910.33179530680945
1061,910.80549050080072
1062,911.74838153741211
1063,911.86085555845625
1064,912.69653835188217
1065,913.1055874442427
1066,913.3301010873322
1067,914.16851422430398
1068,914.18771604198696
1069,914.56361057762467
1070,915.54409091596915
1071,916.23329524655378
1072,916.6976566318998
1073,917.89438051121851
1074,917.89767056710741
1075,918.62205367913998
1076,918.67799124526846
1077,918.97321736777735
1078,920.090448734245
1079,920.63836147647908
1080,921.19759802358874
1081,921.94192645168016
1082,923.25577435910759
1083,923.98993089215389
1084,924.95267904791717
1085,926.35596050263075
1086,926.87935556793298
1087,928.09625555650678
1088,928.56223433467699
1089,929.05391752111166
1090,930.98120300493008
1091,931.09990684126399
1092,932.12989195699527
1093,932.44188449195622
1094,932.74157997655277
1095,933.79158119894987
1096,934.27961694534042
1097,934.50327531217442
1098,935.2338906246423
1099,939.2191604566417
1100,939.28331020695805
1101,940.28720944837141
1102,940.72001066937707
1103,941.05729122235323
1104,941.75491791953903
1105,941.93653707635576
1106,943.16572916318341
1107,943.79460989319762
1108,944.41338492453428
1109,944.7918708659862
1110,945.33674662143949
1111,947.22407541637176
1112,948.63934062432281
1113,949.17087391085329
1114,949.79279926625486
1115,951.26016659594677
1116,951.60171417054994
1117,951.92667652830175
1118,951.9853403447388
1119,952.19550162032272
1120,952.24252187784907
1121,952.76967718744856
1122,953.95130251435808
1123,955.13713830076176
1124,956.13088504786344
1125,956.26038127877757
1126,957.14608118944193
1127,958.03315426343727
1128,959.53277122414829
1129,959.63347340720679
1130,960.04135309140918
1131,960.31469339947341
1132,960.43223260781338
1133,963.0200847086079
1134,963.25771312878942
1135,964.19755397002018
1136,964.62941370205965
1137,966.10984132366855
1138,966.74768311870196
1139,967.80994358723058
1140,968.17442061878501
1141,969.28513024314998
1142,969.61302848858702
1143,969.87564461557099
1144,970.40275992388365
1145,971.41743094789319
1146,971.65694515549683
1147,971.92175699521727
1148,973.65425026463095
1149,973.7138542870083
1150,974.81575096887764
1151,975.1675531659688
1152,975.87403539374657
1153,977.78108514374367
1154,978.33080136523142
1155,978.72695670831683
1156,979.64511781368242
1157,979.96809425525169
1158,980.19170549805665
1159,981.59684197625995
1160,982.20948848642195
1161,984.06939918706257
1162,984.66478687617177
1163,986.18620829092526
1164,986.72581884485498
1165,987.67279349196212
1166,988.50859817305172
1167,989.06253402774644
1168,989.36344836189687
1169,990.32938502970228
1170,991.17714053620318
1171,991.2616789772959
1172,991.54500350430965
1173,991.6856009371877
1174,991.95999425140167
1175,992.10560687631835
1176,992.57274370447556
1177,992.82592821461265
1178,993.52111967383973
1179,995.73586172021874
1180,996.41104501222617
1181,996.8139191979684
1182,997.74865400457463
1183,998.80095594736053
1184,998.9609034639966
1185,1000.8871499580277
1186,1002.2331246593163
1187,1002.9703158152988
1188,1003.44648298986
1189,1004.4596184805725
1190,1005.9413432042519
1191,1006.4522691654595
1192,1006.5323038395704
1193,1007.8810336212412
1194,1008.246913601567
1195,1008.8915885034867
1196,1009.3916498241861
1197,1010.8050392728852
1198,1010.9319818773265
1199,1010.9932596682124
1200,1011.4222056133842
1201,1011.494955151701
1202,1013.6781722523264
1203,1014.0387294958102
1204,1015.0996292678282
1205,1016.5425193658125
1206,1017.1814835369487
1207,1017.3745604695797
1208,1017.8720710404067
1209,1019.1945393652584
1210,1020.1344766924777
1211,1021.1948345669439
1212,1021.8821710822214
1213,1022.3646034459611
1214,1023.8278124640914
1215,1025.0988180661259
1216,1025.6815705788244
1217,1027.4376460353633
1218,1027.622655279835
1219,1028.9759741223384
1220,1029.2408413274934
1221,1029.5813461797545
1222,1030.1105129921241
1223,1030.6076439222668
1224,1030.8666117627508
1225,1030.911872573311
1226,1031.3302104181198
1227,1032.8731890887898
1228,1034.3309250821515
1229,1034.6059618367483
1230,1036.0642948420855
1231,1036.447700339648
1232,1036.4748661114832
1233,1037.0564889280599
1234,1037.6339110770857
1235,1037.7758196447091
1236,1038.3028241026523
1237,1038.7531751120766
1238,1039.2949211812709
1239,1039.4346284779299
1240,1040.009766890535
1241,1041.5377848059381
1242,1042.0113685941637
1243,1042.6561290851341
1244,1044.1511564980212
1245,1044.5219193347484
1246,1045.3505708816097
1247,1045.6855675679076
1248,1046.0236079973613
1249,1047.2666527326476
1250,1047.6221476001074
1251,1048.4311192979385
1252,1048.5509070676092
1253,1050.5391574281616
1254,1050.5911076906882
1255,1051.5458678379316
1256,1051.8904748612322
1257,1054.2523873040002
1258,1054.3716746778641
1259,1055.3199578806941
1260,1055.4814581453982
1261,1056.0318343893337
1262,1056.8585052164099
1263,1057.8453097905535
1264,1059.6065583186694
1265,1059.8921675399381
1266,1060.9779988734551
1267,1062.0545846476673
1268,1062.7265731026691
1269,1063.7077398694937
1270,1063.8189122411645
1271,1063.9954563607932
1272,1066.0885054427413
1273,1067.0031581562239
1274,1067.5579125669324
1275,1067.7318847231923
1276,1067.8813966348723
1277,1068.0887219377134
1278,1068.8872794064496
1279,1069.4041602156403
1280,1070.0428738898406
1281,1070.5800576929905
1282,1070.9579570920798
1283,1071.5448007459381
1284,1072.5472352394693
1285,1072.6927787425564
1286,1073.1745126859464
1287,1075.0248866455397
1288,1075.6050491454428
1289,1076.5679640160088
1290,1077.2623023777289
1291,1077.5263558969978
1292,1078.3368920483842
1293,1079.8820598912034
1294,1080.3642304293166
1295,1082.0506544853781
1296,1082.4425317498935
1297,1082.9591416876729
1298,1083.6858929517928
1299,1084.8498212444417
1300,1085.9437540614313
1301,1086.7627886519867
1302,1087.2756163175188
1303,1087.6487934250147
1304,1088.3809037662297
1305,1088.7615887807276
1306,1089.6626103636647
1307,1089.9734564027062
1308,1090.2339672886988
1309,1090.6606318774313
1310,1092.2804161035779
1311,1092.8946529739742
1312,1094.6041212651808
1313,1095.3924792852374
1314,1096.3513884929096
1315,1096.8900817367251
1316,1097.1352236262267
1317,1097.8128988748408
1318,1100.1113250807543
1319,1100.7261456676902
1320,1101.9121077777668
1321,1102.1725466256717
1322,1103.0836104607204
1323,1104.0153254709423
1324,1104.6393245046077
1325,1104.8699805592846
1326,1105.8954941921493
1327,1106.2836367039349
1328,1107.1863327459762
1329,1108.0174412902559
1330,1108.5951102425277
1331,1108.8934452303263
1332,1109.7546099502706
1333,1110.2447823002285
1334,1110.4424019417149
1335,1110.6044889574375
1336,1110.7618395656752
1337,1111.187683967775
1338,1111.9000060302642
1339,1111.9337276804201
1340,1112.576390460104
1341,1113.2188522180757
1342,1114.0548191993882
1343,1114.888446238856
1344,1116.2464640939168
1345,1116.3032617725337
1346,1117.7992823560121
1347,1118.1527910950349
1348,1118.2581951691486
1349,1119.6859032326088
1350,1119.798592602086
1351,1120.0440330351673
1352,1120.5908629587568
1353,1121.8500315825502
1354,1122.3861450639445
1355,1123.2546628296147
1356,1124.5388580950498
1357,1124.8469040669031
1358,1126.0217791738562
1359,1126.5371967945855
1360,1127.7039772057383
1361,1128.5373340517051
1362,1130.2175250231646
1363,1130.4410746830556
1364,1130.7466975371369
1365,1130.9644872608505
1366,1133.291227094327
1367,1133.8205948671714
1368,1134.3282685951638
1369,1136.1852705990154
1370,1136.3244167787682
1371,1136.4673649193171
1372,1136.6232766129749
1373,1137.0319335597076
1374,1137.1353555005294
1375,1137.2422117533458
1376,1138.5622169523422
1377,1138.7220436889734
1378,1140.4614650479762
1379,1142.2777268852667
1380,1143.6793473730811
1381,1144.0283780233572
1382,1144.4073009427414
1383,1144.7595910362047
1384,1144.8726562668946
1385,1145.1998112789277
1386,1146.3218819484919
1387,1146.8991508260563
1388,1147.556630101908
1389,1147.5818517155608
1390,1149.7146108949978
1391,1150.4748642099094
1392,1150.7055611932462
1393,1150.8657828392277
1394,1151.1749875628786
1395,1151.7060966797578
1396,1151.8435693667359
1397,1154.7759704096272
1398,1155.1287685959689
1399,1156.1496410730986
1400,1157.3271755846731
1401,1157.9594032922842
1402,1158.5440684124908
1403,1158.856440653238
1404,1160.1785278563223
1405,1160.3021269350529
1406,1161.3372369681649
1407,1161.468793679107
1408,1162.1984709237322
1409,1162.7105182328819
1410,1163.5785605220083
1411,1163.9347564168231
1412,1165.8367911378525
1413,1167.4649515621086
1414,1167.9290929773342
1415,1168.3785647784387
1416,1168.891560005738
1417,1169.5125773560405
1418,1169.7438767054898
1419,1170.5653198383841
1420,1170.7553594380249
1421,1171.0086817040833
1422,1171.3673377123412
1423,1171.8003174149724
1424,1172.1815497457112
1425,1173.6605335285051
1426,1174.5046338391853
1427,1176.0772944477483
1428,1176.5163445565104
1429,1177.044327530821
1430,1177.745567343241
1431,1179.1524374552632
1432,1180.1030609245699
1433,1180.270858004
1434,1181.9100297118184
1435,1183.1999916584662
1436,1183.3086752000906
1437,1184.3618495825256
1438,1184.8529543279537
1439,1186.3831182967888
1440,1186.6795639592901
1441,1187.1269035952362
1442,1187.767054719789
1443,1187.8848141003191
1444,1188.5119349464439
1445,1188.8641893243771
1446,1189.1016844995456
1447,1190.021148786876
1448,1190.1729597690826
1449,1190.922616554177
1450,1191.2098454545524
1451,1191.5010589848712
1452,1192.052828388951
1453,1192.6349789855087
1454,1193.113518863659
1455,1194.2849028574653
1456,1194.7470233243073
1457,1196.1532287649077
1458,1196.3217580212893
1459,1196.9368733965744
1460,1197.8245074052743
1461,1198.4315692644989
1462,1198.8920105142395
1463,1200.5475188226412
1464,1200.9702580744497
1465,1201.6618017926166
1466,1202.0570242144768
1467,1203.4535901590248
1468,1203.8717709187001
1469,1204.3530650430773
1470,1204.8962389720577
1471,1205.2987605991686
1472,1207.0975046660949
1473,1207.8230452394009
1474,1208.7787262544837
1475,1208.9461669787336
1476,1210.0941419162539
1477,1211.1802941022595
1478,1211.1858582148641
1479,1211.6092030591844
1480,1212.5876611911501
1481,1212.8253194757369
1482,1213.1203295213656
1483,1213.5460914174441
1484,1214.7559009783229
1485,1215.117727344531
1486,1215.983474205218
1487,1216.798984742119
1488,1218.4324635283281
1489,1218.5395965007208
1490,1219.4082721842324
1491,1220.3448586676418
1492,1220.7815936455463
1493,1222.0486572126956
1494,1222.9782870762751
1495,1223.4289417316713
1496,1223.5718942073418
1497,1224.0700645136044
1498,1225.5760994111897
1499,1226.9707563024836
1500,1227.4065970942997
1501,1228.1154096257528
1502,1228.3210711347824
1503,1228.9903902505323
1504,1229.3362211719859
1505,1230.2745319474311
1506,1231.4888607673547
1507,1231.6303119081729
1508,1231.9740956730625
1509,1232.3016257037621
1510,1235.1203576062053
1511,1236.5357376512814
1512,1236.6921007135129
1513,1237.2997588185503
1514,1237.5038054043316
1515,1237.5754933375895
1516,1238.0901846571062
1517,1238.1471145837234
1518,1238.3992497993563
1519,1239.1287852704279
1520,1239.9542541378587
1521,1240.8640169763073
1522,1241.0501799748884
1523,1241.8034081658031
1524,1241.8903556030418
1525,1242.7095898506036
1526,1243.1504318588602
1527,1243.3050164674482
1528,1243.9443256384468
1529,1244.8239101335175
1530,1245.915036197526
1531,1248.3777983279429
1532,1248.746279720297
1533,1249.1809939410034
1534,1250.2517967752506
1535,1250.4913333905517
1536,1251.2814303525406
1537,1251.5263634473079
1538,1252.2804340328237
1539,1252.5800530863198
1540,1253.7803060055014
1541,1254.0310788084653
1542,1255.4558357169842
1543,1255.6742159239097
1544,1256.9612904889132
1545,1257.5599092296818
1546,1258.6504017923767
1547,1260.3885272397551
1548,1261.413058591462
1549,1261.8671393801944
1550,1262.4132549740957
1551,1263.1586421924633
1552,1263.560923161552
1553,1264.1605559769255
1554,1265.3182620710904
1555,1266.1962552740131
1556,1266.375829302006
1557,1267.0180332204566
1558,1267.7710351949995
1559,1268.3962524669348
1560,1268.5618240802139
1561,1268.5658245542832
1562,1269.3270214684244
1563,1271.0246315999095
1564,1271.4005691376101
1565,1271.8388870453382
1566,1272.2012489670792
1567,1272.3751508001512
1568,1272.8349221751512
1569,1272.8507592739395
1570,1273.7528629461322
1571,1275.1875558608986
1572,1275.5064366262648
1573,1276.8156371717175
1574,1276.8924481841254
1575,1277.309364441978
1576,1278.0149822292974
1577,1278.4406387523429
1578,1278.7906934129296
1579,1280.1359700007654
1580,1280.2258737044933
1581,1280.4792608920027
1582,1281.1739016985232
1583,1282.7341240814487
1584,1283.3996723857967
1585,1284.5419775504488
1586,1285.0135275305718
1587,1286.074504513439
1588,1287.7878061260924
1589,1288.3990238399495
1590,1289.3444480760943
1591,1289.7893396604488
1592,1290.1568503957926
1593,1290.9105703731825
1594,1291.8396316196436
1595,1292.5141572925324
1596,1292.5304789409936
1597,1292.9724592971629
1598,1293.1983593045989
1599,1293.8093471929869
1600,1293.9879831272713
1601,1294.248465357748
1602,1294.7364676104714
1603,1295.3838274455413
1604,1298.0077913150105
1605,1298.2108404860471
1606,1299.2364250685202
1607,1299.8652362682324
1608,1301.6209579246681
1609,1302.677912494695
1610,1303.2789087240394
1611,1303.5425248982501
1612,1304.7709876472313
1613,1305.4900875921635
1614,1306.1810553492842
1615,1306.5354912051987
1616,1307.0021388725179
1617,1307.2796633474406
1618,1307.6707338162837
1619,1307.760153594417
1620,1308.1458165134943
1621,1309.1905914745348
1622,1309.6549343250549
1623,1310.9719265306226
1624,1311.4457074039751
1625,1311.5909537074979
1626,1312.5271729736692
1627,1313.4576698830347
1628,1313.5500194507256
1629,1315.0842616218592
1630,1315.3179712340827
1631,1316.000321299086
1632,1316.1731560997869
1633,1316.2861267276946
1634,1317.5560941751728
1635,1318.0025363163165
1636,1318.6451478729127
1637,1319.2265270802247
1638,1319.6435574395512
1639,1320.4251765430695
1640,1320.8420038029735
1641,1321.2867204036679
1642,1322.6874834854918
1643,1323.0700421352133
1644,1323.8983509675707
1645,1324.3125782017435
1646,1324.7988054552438
1647,1325.0782533714396
1648,1326.1611900667713
1649,1328.0323587769453
1650,1328.422136993933
1651,1329.5614021367162
1652,1329.8443952038567
1653,1331.0294245668483
1654,1331.5856599655151
1655,1331.9017027629866
1656,1332.6351455226797
1657,1332.9083327043149
1658,1333.7532892750576
1659,1334.0955498188041
1660,1335.232105583729
1661,1336.2402603236126
1662,1337.7569730458174
1663,1338.1582393481217
1664,1340.0370799991517
1665,1340.9656790976017
1666,1342.2647268803216
1667,1342.4220059473962
1668,1342.5077837613808
1669,1343.5786943812373
1670,1343.7780640211588
1671,1343.8978616116631
1672,1344.4808162642869
1673,1344.9135102772029
1674,1345.7675030235462
1675,1345.8717229365736
1676,1346.1931332067104
1677,1346.9804274786213
1678,1347.6121036976094
1679,1347.6210021873781
1680,1348.375989470464
1681,1349.2631608946342
1682,1349.958876684881
1683,1350.3944181897023
1684,1352.5158220147191
1685,1353.4062694726711
1686,1353.4501583729939
1687,1353.9671395390944
1688,1354.2763992460361
1689,1354.2973772148362
1690,1354.4666506900753
1691,1356.0881657531293
1692,1356.7942788515327
1693,1358.1272922720975
1694,1358.2263113743797
1695,1358.9647828092798
1696,1359.1748642125854
1697,1359.5647224095583
1698,1359.9627979568495
1699,1360.8196102492286
1700,1361.2536552564263
1701,1361.8576022194375
1702,1362.1598136128609
1703,1364.4879844665718
1704,1365.1261375566637
1705,1365.6701367868111
1706,1366.7795406855084
1707,1367.5157941153777
1708,1368.4586903558934
1709,1369.6556873726054
1710,1369.7256196994833
1711,1370.4366482498376
1712,1370.5392596788047
1713,1372.0802772542675
1714,1372.6501361348139
1715,1373.6662609714213
1716,1374.0645434301812
1717,1374.145885807462
1718,1374.2852367676896
1719,1374.7198816255557
1720,1375.2279968661401
1721,1376.2535466286249
1722,1376.3373832859577
1723,1376.8025519269675
1724,1377.3267778486395
1725,1378.3044878217665
1726,1379.0990779984313
1727,1379.4736786046815
1728,1379.9902862661841
1729,1381.0983494473553
1730,1381.649036371118
1731,1382.1258229226519
1732,1383.0050944892005
1733,1384.0181281432467
1734,1384.5749162883026
1735,1384.9458545418261
1736,1385.9405653828151
1737,1386.1096674294954
1738,1386.876581985626
1739,1387.7702041865537
1740,1388.3688656329775
1741,1389.4796797037654
1742,1390.645173992081
1743,1390.7702769246998
1744,1391.286662839964
1745,1391.4227734184155
1746,1392.2708373153412
1747,1393.9704574726604
1748,1394.2549698039479
1749,1395.1150966794137
1750,1395.1903532590015
1751,1395.6554042142743
1752,1396.0231230921768
1753,1396.5084024506525
1754,1397.2284062597089
1755,1397.6184200533139
1756,1397.8892256291731
1757,1399.1396078272969
1758,1399.8411732274324
1759,1400.2539195238969
1760,1400.9009977828443
1761,1401.3252504046804
1762,1401.5781041883911
1763,1402.3423994402633
1764,1403.0828483940388
1765,1403.6954840581213
1766,1404.5925845259937
1767,1405.2340372462247
1768,1405.8078798126207
1769,1406.4215824269979
1770,1408.8567936579414
1771,1409.1151343079687
1772,1410.7693542341624
1773,1411.5036497895778
1774,1412.2095808276679
1775,1412.9660487462349
1776,1413.217388480452
1777,1413.3671188097489
1778,1413.5997271146582
1779,1413.6669656932893
1780,1413.8634186065697
1781,1414.6599608322563
1782,1415.4430105093224
1783,1416.7153874364046
1784,1418.0304700937083
1785,1418.7518199313915
1786,1419.4652228054779
1787,1420.4155186657845
1788,1421.2406799744308
1789,1422.0932573438959
1790,1422.5745243065089
1791,1422.9990653302057
1792,1424.1049190371527
1793,1424.4368537190055
1794,1424.5981332022579
1795,1425.2317248019297
1796,1425.543899766858
1797,1426.0355310726552
1798,1427.486205346609
1799,1428.3602216065806
1800,1428.4300420744444
1801,1428.8574278478407
1802,1429.607207878644
1803,1430.35864969761
1804,1431.3667392621539
1805,1431.6454152064332
1806,1432.0263140197767
1807,1432.1421697664043
1808,1434.3321398806863
1809,1434.7639442615223
1810,1435.4717009914839
1811,1435.6635007049588
1812,1435.8403983645071
1813,1436.0983792050067
1814,1436.5885052630274
1815,1437.6447043813489
1816,1439.1946723067438
1817,1439.8580398893225
1818,1439.8932582823977
1819,1440.5042385289119
1820,1440.9849553223662
1821,1441.7603344328375
1822,1442.6651877139607
1823,1443.4122634290784
1824,1443.4893307343618
1825,1445.098620221014
1826,1445.4639161840619
1827,1446.0376771968295
1828,1446.7718469305546
1829,1448.3086573482683
1830,1448.7174217739932
1831,1449.0466468088439
1832,1449.6811622596792
1833,1449.9534219335349
1834,1450.1369298956406
1835,1450.6363668432848
1836,1451.1814589193445
1837,1451.3190164519519
1838,1452.3619425768529
1839,1453.239535250538
1840,1454.0556915180898
1841,1454.5384050476675
1842,1454.6845604827429
1843,1455.1197877342001
1844,1455.777614322398
1845,1456.2310794606058
1846,1456.3080810298961
1847,1456.5506551379808
1848,1456.7860842816799
1849,1457.3724176451015
1850,1458.5104119736898
1851,1459.2672262132705
1852,1460.9325685425631
1853,1461.3023403710731
1854,1462.7905934359244
1855,1463.7106678156849
1856,1464.2877921857444
1857,1465.2631238643203
1858,1465.3519913335178
1859,1466.2269843801105
1860,1467.0515488628073
1861,1467.3723602267614
1862,1467.9041807106287
1863,1467.9719553939767
1864,1468.8889189286181
1865,1469.3078984275132
1866,1471.0213729921011
1867,1471.1114082186921
1868,1471.9987092390784
1869,1472.2458335447539
1870,1472.9183913549002
1871,1473.1858593300296
1872,1474.5223255252658
1873,1475.6151607384095
1874,1476.4057293699691
1875,1476.6352068020863
1876,1476.7623425113657
1877,1476.763764668701
1878,1477.2975382826937
1879,1477.6288032920143
1880,1479.1143112349846
1881,1480.0501852484722
1882,1480.8127897923091
1883,1481.2616446181351
1884,1481.6384581393279
1885,1482.344091723545
1886,1482.6868489009971
1887,1483.3058365215572
1888,1483.6823319727184
1889,1483.9033879416636
1890,1484.8459014765447
1891,1485.356555868975
1892,1485.8281412538411
1893,1486.4066317380398
1894,1486.9774349647842
1895,1487.866089056879
1896,1488.8712494920439
1897,1489.6604892556018
1898,1491.0502699367776
1899,1492.1679362542354
1900,1492.5614394372274
1901,1493.9061852983755
1902,1494.0075096541498
1903,1494.4308312749142
1904,1494.8491169953772
1905,1495.0113353206737
1906,1495.3988402787961
1907,1496.3413141205656
1908,1496.869490615511
1909,1498.0006497606544
1910,1498.5190928280313
1911,1500.142648165144
1912,1500.5471314428935
1913,1502.1747747001252
1914,1503.1622234564898
1915,1503.6563739746887
1916,1503.7609820372838
1917,1504.2868207113852
1918,1504.5600610160109
1919,1505.354426910116
1920,1505.9546016471804
1921,1506.8634533168718
1922,1507.4482513478267
1923,1507.9321750918978
1924,1509.0720289443573
1925,1509.3139914867804
1926,1509.6940847968467
1927,1509.9471797221595
1928,1510.061128122863
1929,1510.7340016216522
1930,1511.5401299892801
1931,1512.7562820270309
1932,1513.4040230590429
1933,1513.9746231716558
1934,1515.7051242558712
1935,1516.2545923997804
1936,1516.6962797669846
1937,1517.1525318059792
1938,1517.4322423952722
1939,1517.6170642245118
1940,1518.5845688047082
1941,1520.0735037447616
1942,1520.8161584246982
1943,1520.9706372805961
1944,1521.3484621323817
1945,1521.4897684042496
1946,1521.5539973361797
1947,1522.1666953340864
1948,1522.4148058289909
1949,1522.5091781692299
1950,1523.5864516870436
1951,1523.9698415576604
1952,1524.8231939246325
1953,1525.1107577986879
1954,1525.1334679502975
1955,1526.4723594616687
1956,1527.367669669135
1957,1527.8916279251878
1958,1528.2358804576529
1959,1529.0478767674733
1960,1529.327387427978
1961,1530.8616882389529
1962,1531.7358833226485
1963,1532.0020197938998
1964,1532.4276168771726
1965,1532.9538433036269
1966,1533.5464924448513
1967,1533.7523336072545
1968,1535.0296949398867
1969,1535.6918965986854
1970,1536.1792076689808
1971,1536.6490154613023
1972,1536.9315900192357
1973,1537.1114775126575
1974,1537.35179147709
1975,1537.604743156995
1976,1538.3959706344469
1977,1539.5078789452073
1978,1540.1360837318257
1979,1540.5704449075142
1980,1540.9367178134034
1981,1542.4635509496127
1982,1543.80000893068
1983,1544.3220565477473
1984,1545.8870371803357
1985,1546.6413060894406
1986,1546.9837198484377
1987,1547.0945065067897
1988,1547.8015535890661
1989,1548.1756197874738
1990,1549.0274996290811
1991,1549.2496296623001
1992,1550.3062902915635
1993,1550.8410471437896
1994,1551.1611987429314
1995,1552.7431367336146
1996,1553.6274934997957
1997,1554.2522545451745
1998,1554.4120868951327
1999,1555.421241576646
2000,1556.850112987303
2001,1557.1265762488242
2002,1557.3487485705514
2003,1557.7482719873858
2004,1557.9922862359199
2005,1558.0962057016286
2006,1558.2378779882993
2007,1558.8603012090289
2008,1559.1012045353227
2009,1560.2875642409738
2010,1561.0689870724441
2011,1562.1338102687532
2012,1562.5731615126754
2013,1562.8102805841622
2014,1563.2863125954918
2015,1563.3883723822682
2016,1563.7533549340353
2017,1563.9943209057078
2018,1564.1513332037039
2019,1565.1091666473112
2020,1565.9008121818795
2021,1566.4839699444885
2022,1567.5106995920789
2023,1568.0379466460263
2024,1569.1140240221773
2025,1569.9725165376585
2026,1571.6335833293401
2027,1572.3954443088874
2028,1573.688980799976
2029,1574.5359011073829
2030,1574.7383591780435
2031,1575.2006167705392
2032,1576.1829801856456
2033,1576.3021728224762
2034,1576.4254200344105
2035,1577.2269873395505
2036,1577.2492206399868
2037,1577.8299345415635
2038,1578.3824472954743
2039,1579.0942254533654
2040,1579.8169520669394
2041,1581.9736274688657
2042,1583.5960441757595
2043,1584.0391024619801
2044,1584.3456340014725
2045,1584.8161058773958
2046,1585.026040130597
2047,1585.3889208337389
2048,1586.7575991025665
2049,1587.1467857429582
2050,1588.2350928441754
2051,1588.4951818317986
2052,1588.8986690478673
2053,1589.0679572392075
2054,1590.0903154183443
2055,1590.5681467450986
2056,1591.103478917631
2057,1591.3258133117774
2058,1591.5716121423441
2059,1593.4439085527845
2060,1594.1945923545754
2061,1594.7975571067627
2062,1595.326747063825
2063,1595.8736497018847
2064,1596.1210585781355
2065,1596.2684641153191
2066,1596.9201174084753
2067,1597.3583549374189
2068,1597.7088350604031
2069,1597.9063601701714
2070,1598.1714618144815
2071,1598.6651236122077
2072,1599.9002376197143
2073,1600.3555450217095
2074,1601.2890327625528
2075,1602.0166121753123
2076,1602.3351464195689
2077,1602.4491185359641
2078,1602.8236315945139
2079,1602.9811344651455
2080,1603.6579121069985
2081,1603.9233298926824
2082,1605.3533529050123
2083,1605.5624133438341
2084,1605.8852591623317
2085,1606.1511027429515
2086,1607.1400234317712
2087,1608.6193182906375
2088,1609.1331335914817
2089,1610.3817399577406
2090,1610.571824770353
2091,1611.7709781892213
2092,1612.3875981422361
2093,1612.4216843026991
2094,1612.7190631276171
2095,1613.2691800212635
2096,1613.4468754334212
2097,1614.381136101083
2098,1615.1633440353771
2099,1615.6341274109557
2100,1616.712692980261
2101,1617.4060092519462
2102,1617.7588408161598
2103,1617.8506969318669
2104,1618.0257502595791
2105,1618.2390817934527
2106,1618.4589691444949
2107,1619.1886787805554
2108,1619.6087248457256
2109,1621.0161013103782
2110,1621.1455386933389
2111,1622.2163425603969
2112,1623.4861688752242
2113,1624.6225017072159
2114,1625.3981244918377
2115,1626.4912730818035
2116,1626.8307232344112
2117,1627.7868198083286
2118,1628.6154483633734
2119,1628.9432549664859
2120,1629.9522468437392
2121,1630.1756686771041
2122,1631.0357785151596
2123,1631.6172100849549
2124,1631.9233193225621
2125,1632.8785771642883
2126,1633.2034877799108
2127,1633.7718769644946
2128,1634.0769999238967
2129,1634.3592512544994
2130,1634.9914739643818
2131,1635.2709975630983
2132,1636.4791969429464
2133,1637.5658633877447
2134,1638.0023363556916
2135,1638.1005653294267
2136,1638.3696996075141
2137,1638.7088614188451
2138,1639.2327802848488
2139,1639.7279342165625
2140,1639.7421763771781
2141,1641.3436644604169
2142,1641.5412278548911
2143,1642.1326403858693
2144,1642.4962145385041
2145,1643.5038389436945
2146,1643.9770298347614
2147,1644.4815363202626
2148,1644.4925743532449
2149,1644.7312855978087
2150,1645.5279025104769
2151,1646.3348424569729
2152,1646.9301249537123
2153,1647.8925612327077
2154,1648.5639554952863
2155,1649.2822610420376
2156,1649.8583960004432
2157,1651.6632663750563
2158,1652.0436916117822
2159,1652.8606156961578
2160,1654.0751804801632
2161,1654.7533090003406
2162,1655.8317824825822
2163,1656.0673825679496
2164,1656.6279264854534
2165,1656.9221996048468
2166,1657.0178918528404
2167,1657.1703131110792
2168,1657.8803926732726
2169,1658.0236190779992
2170,1658.5130627546293
2171,1659.3412696367973
2172,1660.9698354229797
2173,1662.9945938057626
2174,1664.0693984673264
2175,1664.7586052801857
2176,1665.8784442249648
2177,1666.0607408177204
2178,1666.3599033208579
2179,1666.9131167263188
2180,1667.5854698468177
2181,1667.6483755151417
2182,1668.9695523216453
2183,1669.6960797463544
2184,1669.8290450220566
2185,1670.0352538442667
2186,1670.4632033352239
2187,1670.7948815204318
2188,1671.1614970459425
2189,1671.4748224305692
2190,1671.9076504001428
2191,1672.5627734398715
2192,1672.9575418267034
2193,1673.0263819987331
2194,1673.4701425845878
2195,1674.2122803330162
2196,1674.4092035315421
2197,1675.4073096006489
2198,1675.5431335409125
2199,1676.8040585804604
2200,1677.0763214263195
2201,1677.540776854446
2202,1677.7336591466308
2203,1678.0214288068523
2204,1678.400168174157
2205,1679.1204727322722
2206,1680.1739109190571
2207,1681.004497115021
2208,1681.3387541173579
2209,1681.823098216279
2210,1682.8096357350344
2211,1683.4741832248671
2212,1683.5628510137208
2213,1683.8483783520658
2214,1684.2133011884566
2215,1684.8083267490338
2216,1685.4123803362115
2217,1685.7484171944152
2218,1686.3404332312728
2219,1687.2891758808598
2220,1689.1855610298601
2221,1689.6782363813782
2222,1689.8486661801851
2223,1690.6683957205501
2224,1691.9448927354736
2225,1692.0134684726715
2226,1692.2716512950763
2227,1692.8611054494836
2228,1693.6856775506833
2229,1694.1043251391927
2230,1694.4393107673179
2231,1694.9874666444532
2232,1695.0424468221122
2233,1696.6896687164065
2234,1697.1280675727885
2235,1697.5871810121448
2236,1697.7006639242391
2237,1697.8419932502836
2238,1698.0503247068661
2239,1698.4685942490696
2240,1699.3848142444824
2241,1700.4269519215034
2242,1701.3418384736779
2243,1701.6319638042926
2244,1702.2877406209896
2245,1703.209500180523
2246,1703.6239893353638
2247,1704.9930790015176
2248,1705.9570567323622
2249,1707.0413886192125
2250,1707.2304925010083
2251,1708.3101948153687
2252,1708.7622581661089
2253,1709.6780132963941
2254,1709.9258789828348
2255,1709.9493115536379
2256,1710.6741365528815
2257,1710.8634585664004
2258,1711.5059134633241
2259,1711.9566385206035
2260,1712.5404626550639
2261,1713.135717069252
2262,1713.6196669068577
2263,1714.6311209184109
2264,1714.8162193430956
2265,1714.8414409567583
2266,1715.6030986278229
2267,1716.3894099660563
2268,1717.3819401571454
2269,1717.6846435765854
2270,1718.1469074144247
2271,1719.440348224055
2272,1720.1046755665307
2273,1720.2170607769401
2274,1721.1329268770933
2275,1721.3596627314969
2276,1721.7500947420331
2277,1722.0106621833518
2278,1722.460090963009
2279,1723.0077009236284
2280,1723.6328294178566
2281,1724.0493567563562
2282,1724.8708320580213
2283,1725.4781850627871
2284,1725.8264375435099
2285,1726.7788032667042
2286,1727.3025897886521
2287,1727.5041829410745
2288,1728.0458663183758
2289,1728.7426086690382
2290,1729.2554537478286
2291,1729.6834830680757
2292,1730.2016999817827
2293,1731.9492916461329
2294,1733.0102966029615
2295,1733.5947802578842
2296,1734.683840857582
2297,1734.9556493272073
2298,1736.1182765365352
2299,1736.7721665972265
2300,1736.8560744422657
2301,1737.0532478178045
2302,1737.4491962898169
2303,1737.697184905235
2304,1738.1535573042354
2305,1739.41442681576
2306,1739.5389837989514
2307,1741.2547542284919
2308,1743.3036247968284
2309,1743.5383689780997
2310,1744.1677374122307
2311,1745.3924134735864
2312,1746.2866423146006
2313,1746.5179405380902
2314,1746.7382342310325
2315,1746.8977582156356
2316,1747.1565220416981
2317,1747.7910090039768
2318,1747.991631835785
2319,1748.1713470969451
2320,1748.8789569728176
2321,1749.3157206694136
2322,1749.988913275932
2323,1750.5682644412595
2324,1751.3468495711465
2325,1751.6267122229688
2326,1751.9259504106137
2327,1752.1394932800461
2328,1752.5505288493773
2329,1752.889546033038
2330,1753.2599701007832
2331,1754.07691218532
2332,1754.2914050169786
2333,1755.0212337967462
2334,1755.5634063311165
2335,1756.2490800943417
2336,1756.3242098916803
2337,1756.4483081952931
2338,1756.690779502308
2339,1756.7781363787647
2340,1758.1944558417324
2341,1759.0669810317529
2342,1759.7943017709783
2343,1760.0612002325774
2344,1760.8544641073995
2345,1761.4041798284934
2346,1762.4034307353079
2347,1763.0126753484506
2348,1763.4128180060904
2349,1763.9089023704048
2350,1764.0817310316645
2351,1764.7040138800337
2352,1765.174833656205
2353,1765.7746165225412
2354,1766.420696749158
2355,1766.5750550968069
2356,1767.1294127032336
2357,1767.6974247558626
2358,1768.5317827712981
2359,1769.4436851335286
2360,1770.1349845476634
2361,1771.0658765414364
2362,1772.136505921249
2363,1772.9067297364545
2364,1773.0108707142786
2365,1773.6451969875989
2366,1773.9440729866571
2367,1774.7413398192812
2368,1775.7864185723176
2369,1775.9472460812622
2370,1775.9873995656164
2371,1776.3700146197009
2372,1776.4769662911851
2373,1777.0055522676737
2374,1777.9392501789519
2375,1778.6194283172465
2376,1779.6785369515737
2377,1779.865322028294
2378,1780.2105171259143
2379,1780.989603107676
2380,1781.8291247672921
2381,1782.4663585008909
2382,1783.2004911328299
2383,1783.4995795309578
2384,1784.4497351315599
2385,1784.8238942634589
2386,1784.9661841780114
2387,1785.1294172958605
2388,1786.0032936626872
2389,1788.5643556912723
2390,1788.6117498670294
2391,1788.7591551942319
2392,1789.8007518379388
2393,1790.1510798552608
2394,1790.544531525632
2395,1790.6885309728366
2396,1791.3112232330291
2397,1791.9255657109927
2398,1792.2077168645674
2399,1792.953167106105
2400,1793.5107916522109
2401,1793.8343254315632
2402,1794.552609377145
2403,1794.6661863354723
2404,1795.0953104983614
2405,1795.3710374547393
2406,1796.0682136839648
2407,1796.7912564713458
2408,1797.4403947231503
2409,1797.887248974158
2410,1799.7422660362633
2411,1800.4178266583497
2412,1800.894746666735
2413,1801.7291605114362
2414,1802.0029447559587
2415,1802.6333067123076
2416,1802.6935259217587
2417,1803.0436972139996
2418,1803.803315624682
2419,1804.1245926396714
2420,1804.57254027665
2421,1805.0188747939453
2422,1805.7568426516534
2423,1806.655121941036
2424,1807.1532095936743
2425,1807.3386992555172
2426,1807.4581660584404
2427,1807.5234408566484
2428,1808.150358629664
2429,1808.9952790141413
2430,1809.631731215884
2431,1810.311776771837
2432,1812.6424796798694
2433,1813.3963463921912
2434,1813.7073532460536
2435,1814.5346443306335
2436,1814.6193601752284
2437,1815.2411104793518
2438,1815.4415172926811
2439,1816.231878051248
2440,1817.1517649832454
2441,1817.9521715436451
2442,1818.3677056159613
2443,1819.2378771958811
2444,1819.8342057793525
2445,1820.4137421226092
2446,1821.2041714399902
2447,1821.6825693181513
2448,1822.3500639062559
2449,1822.761128851334
2450,1823.2908587991312
2451,1823.5270807005443
2452,1825.0913266275618
2453,1825.1489800145848
2454,1825.5671089110863
2455,1826.1787221405441
2456,1827.5219741143565
2457,1828.0206939684017
2458,1828.3693251056527
2459,1828.6251828416839
2460,1829.623360350716
2461,1829.7401501139484
2462,1829.775768357684
2463,1830.418231433639
2464,1830.5608710625465
2465,1831.1348689204083
2466,1831.9080675478881
2467,1831.9894602724253
2468,1832.6579274452324
2469,1832.7196731660699
2470,1833.0914322042904
2471,1833.5795036578454
2472,1833.6887122124044
2473,1833.8924579715808
2474,1834.2921592432135
2475,1834.6761527840081
2476,1834.7986777203257
2477,1835.0306244361777
2478,1835.54000932903
2479,1836.1984069966368
2480,1837.1911673462237
2481,1837.945521482593
2482,1838.5455116277894
2483,1839.5531159091054
2484,1840.4771361048561
2485,1841.2834095009334
2486,1841.5936835266155
2487,1841.680054635231
2488,1842.0821687015473
2489,1842.4680282551433
2490,1842.6962044141776
2491,1843.6914274597509
2492,1844.5134171643426
2493,1845.3396919503587
2494,1845.5737351058428
2495,1846.0549538796618
2496,1846.4143287748882
2497,1847.191559990501
2498,1847.748429298377
2499,1848.0521801054781
2500,1848.9857423599585
2501,1849.6045734221723
2502,1849.9437177449474
2503,1851.9083849899448
2504,1852.7636990261196
2505,1853.4887680944992
2506,1853.5716930889655
2507,1853.6784558799088
2508,1854.1104815822332
2509,1854.3447339045463
2510,1854.9790601778705
2511,1855.835368374665
2512,1856.5356364448089
2513,1857.2929100116037
2514,1857.9524404584927
2515,1858.1263931244
2516,1858.4809822635088
2517,1859.6331174082309
2518,1859.6981750995253
2519,1860.2835890093061
2520,1860.6278208394056
2521,1861.2055271212723
2522,1861.7717271666697
2523,1861.9971337419156
2524,1862.2594875382606
2525,1862.9636265168165
2526,1863.6519370398839
2527,1863.7621276573
2528,1865.1960261129368
2529,1865.4660468878642
2530,1866.0511585380282
2531,1867.0031737188513
2532,1868.6203132552616
2533,1869.2248030965568
2534,1869.8891142969599
2535,1870.1960842062088
2536,1870.5384979652265
2537,1870.712470121488
2538,1870.904342922546
2539,1871.1788691038366
2540,1871.4850781290986
2541,1871.7560108218036
2542,1871.8313367300696
2543,1872.2772308658384
2544,1873.2766733691094
2545,1873.3355370309268
2546,1873.809534619138
2547,1874.6213921928327
2548,1875.0607959669915
2549,1876.2197099606349
2550,1877.0909733581771
2551,1877.6847282675683
2552,1878.4827753749428
2553,1879.1144088651838
2554,1880.1609040900878
2555,1881.217585047882
2556,1881.5789685617069
2557,1882.3970068971478
2558,1882.6335213130567
2559,1883.2410153046533
2560,1883.4327453409687
2561,1884.063173958165
2562,1884.2468905317787
2563,1884.4239767737977
2564,1885.1292354498648
2565,1885.5471064534715
2566,1886.0343809319213
2567,1886.4130382732378
2568,1886.8395150829081
2569,1887.3295468682086
2570,1888.0140474467471
2571,1889.0642175519067
2572,1889.0898945733779
2573,1889.7234003758588
2574,1890.5122068398773
2575,1890.6734637868753
2576,1891.1958887669803
2577,1892.6431957619504
2578,1893.5569352266548
2579,1893.8973222590712
2580,1894.5369597571093
2581,1895.479167840906
2582,1896.1802729932936
2583,1897.2480531254528
2584,1897.763898487904
2585,1898.5867202499387
2586,1898.6980552872717
2587,1899.3949292934644
2588,1899.8915149440161
2589,1900.5548832557145
2590,1900.7253519872843
2591,1900.9324971337028
2592,1901.0194146017184
2593,1901.4743237431355
2594,1902.3279066452139
2595,1903.2525822240516
2596,1903.475588310054
2597,1904.7657875168009
2598,1905.4170759034712
2599,1905.4593458961631
2600,1906.0072365731626
2601,1907.6183664645869
2602,1907.9510076855613
2603,1908.7040464217246
2604,1909.0875821290972
2605,1909.1314764120352
2606,1909.2088658421721
2607,1909.3447636621956
2608,1909.521219651444
2609,1910.160374142959
2610,1910.4552205486082
2611,1910.7743337669419
2612,1910.9572235409839
2613,1911.1262946575387
2614,1911.5414072514418
2615,1912.2976099361761
2616,1912.6072129576071
2617,1912.7286796916287
2618,1913.5922663915358
2619,1913.8786818072442
2620,1914.2723245465395
2621,1914.4363029518681
2622,1914.8805914285606
2623,1914.96931107246
2624,1915.8515395942245
2625,1916.6995962116075
2626,1916.7357151915483
2627,1918.077400962761
2628,1919.0622151609537
2629,1919.2838471708242
2630,1919.8854344208623
2631,1920.4096427356017
2632,1921.2766650653048
2633,1921.8497238877203
2634,1922.6461370715213
2635,1922.927546716865
2636,1923.0064319614385
2637,1923.7192444346133
2638,1924.8998087294999
2639,1925.2722024866061
2640,1925.7512569745572
2641,1926.1054136329205
2642,1926.540514799809
2643,1927.312673840119
2644,1927.498208493
2645,1927.8993770111699
2646,1928.4813584012827
2647,1928.9939604640101
2648,1929.0239987795931
2649,1929.2485670602848
2650,1929.9248733842696
2651,1931.7075717668195
2652,1933.8127845121971
2653,1933.9480575148152
2654,1935.6310230214319
2655,1935.7182795970714
2656,1935.7940448824245
2657,1935.9764624194818
2658,1936.3231207383426
2659,1937.0940468977999
2660,1937.1654696666592
2661,1937.9750186412182
2662,1938.1709614026947
2663,1938.9822133102787
2664,1939.3534007735223
2665,1939.5891403507553
2666,1940.0525700999854
2667,1940.5795552301333
2668,1940.9262009732145
2669,1941.4772001728832
2670,1942.2841514844372
2671,1943.1735306054325
2672,1943.3741043905898
2673,1943.6702370272628
2674,1944.071594766365
2675,1944.817024543928
2676,1945.4147155353485
2677,1946.1588346040189
2678,1946.1647758121026
2679,1946.3211027888726
2680,1946.6511173458994
2681,1947.508399359928
2682,1948.3353398383992
2683,1949.2078486606781
2684,1949.2115747950249
2685,1950.1868026499044
2686,1950.5372155002024
2687,1950.9374397923511
2688,1951.1318924510424
2689,1951.827812721134
2690,1951.9225190771845
2691,1952.4435662402868
2692,1953.1790410508791
2693,1953.4544669751181
2694,1953.7277009476095
2695,1954.5977633913346
2696,1954.872609286539
2697,1955.6898509312689
2698,1957.5108630035147
2699,1958.191984121848
2700,1959.2468250913303
2701,1959.6301301847552
2702,1960.3296256044557
2703,1961.2301010936808
2704,1961.4668978233096
2705,1962.242174785355
2706,1963.0692016701664
2707,1963.228073740484
2708,1963.2827123333454
2709,1963.6031256099031
2710,1964.1428006145359
2711,1964.4530934052882
2712,1965.0014396547429
2713,1965.367968709103
2714,1965.6899539399794
2715,1965.9845161719484
2716,1966.2247103310972
2717,1967.050894703955
2718,1967.3873228039024
2719,1967.8930116724448
2720,1968.0955014525825
2721,1968.7696058731908
2722,1970.4237577636354
2723,1970.6099614032805
2724,1971.2342768809999
2725,1971.9700837692342
2726,1972.2302538896352
2727,1974.3158567547591
2728,1975.0345695046899
2729,1976.1146320642508
2730,1976.5304161633358
2731,1977.3357039258785
2732,1978.0037224988996
2733,1978.2210930709891
2734,1978.3162668534294
2735,1978.6965040593243
2736,1978.9246697066064
2737,1979.2083885236307
2738,1979.7518199912934
2739,1980.2142100003514
2740,1980.7949398675103
2741,1980.8693815940921
2742,1981.4358189474285
2743,1981.8841426921542
2744,1981.9678855907266
2745,1982.654062497247
2746,1982.7723792932466
2747,1982.8417512455162
2748,1983.4674329739737
2749,1984.3481377538028
2750,1984.5803567065859
2751,1985.8010952747595
2752,1986.1562953226801
2753,1986.2892605983652
2754,1986.5483974622427
2755,1987.2770617403899
2756,1988.3038416922095
2757,1988.3896968022309
2758,1988.9236266344603
2759,1989.2336837985206
2760,1990.0063912899454
2761,1990.1104449036388
2762,1990.1633308226012
2763,1990.4143114772876
2764,1991.1737184640497
2765,1991.5306050398083
2766,1991.6964429601935
2767,1992.0983571587699
2768,1992.6633167898767
2769,1993.5499421240181
2770,1994.0625428818882
2771,1994.1752986610538
2772,1994.6411698923168
2773,1994.7361528614501
2774,1995.0125164711824
2775,1995.3031026372053
2776,1997.1085003180099
2777,1997.985392203946
2778,1998.5565758698062
2779,1998.7810511229764
2780,1999.3823124767041
2781,2000.0170987347847
2782,2000.6150813226473
2783,2000.821637000071
2784,2001.1529594731765
2785,2002.0955552307244
2786,2002.4516144106392
2787,2002.883421439818
2788,2003.1848768168829
2789,2003.5124747219179
2790,2003.9057739418681
2791,2004.5592752318025
2792,2004.7696753997709
2793,2005.9535336471426
2794,2006.5039730628869
2795,2006.9042529391211
2796,2007.433608745433
2797,2008.0637829266898
2798,2008.8367234399334
2799,2009.3025580961462
2800,2010.4723614316904
2801,2011.2350474815605
2802,2011.7714301397327
2803,2013.3249796919065
2804,2014.1011859199537
2805,2015.1077975522153
2806,2015.5682465894374
2807,2015.7675958508639
2808,2016.6342671154307
2809,2016.7616453211774
2810,2017.4527648020928
2811,2017.6081909344043
2812,2017.7788382903898
2813,2017.9291296782637
2814,2018.4153397345515
2815,2018.4497011331268
2816,2018.5447571704253
2817,2018.6913177399922
2818,2018.9615320580729
2819,2019.4945900676669
2820,2019.5923914431496
2821,2020.4837618461574
2822,2021.3406479324699
2823,2021.7182747022098
2824,2021.9111729677895
2825,2023.1019051351752
2826,2023.561831863123
2827,2024.1072833154572
2828,2024.3509030776886
2829,2024.7166134217373
2830,2025.3688756160109
2831,2025.6433710656167
2832,2025.9895211908229
2833,2026.1711008377151
2834,2026.4095271299495
2835,2026.869354722824
2836,2027.6119939361729
2837,2028.4452240715721
2838,2028.9235611032875
2839,2029.9451424169301
2840,2031.1052820854356
2841,2031.2838307375089
2842,2032.1627435728396
2843,2033.1498661178373
2844,2033.1616759114106
2845,2033.4122428675757
2846,2033.9615222646335
2847,2034.8383148295293
2848,2035.4125332606827
2849,2036.1507508632708
2850,2036.4546310776341
2851,2036.637472500249
2852,2037.5621570128194
2853,2038.2551375689782
2854,2038.5671441438644
2855,2039.5150803080553
2856,2039.5441601466746
2857,2040.7995763190315
2858,2041.4934870276804
2859,2041.5231170836207
2860,2041.931041958562
2861,2041.9520630288023
2862,2042.805092619961
2863,2042.9992545436737
2864,2043.1952479556646
2865,2043.6775999200572
2866,2044.8081757862819
2867,2044.954523511338
2868,2045.8818105472908
2869,2046.3232759104028
2870,2046.6522465658936
2871,2047.7175923429438
2872,2048.3213647789285
2873,2048.961069447153
2874,2049.566259292727
2875,2050.0336496895789
2876,2051.162977182848
2877,2051.4438586463948
2878,2051.8461724803828
2879,2052.1665653636087
2880,2053.0411754897768
2881,2053.3904365450453
2882,2053.7881968136312
2883,2053.9073754582651
2884,2054.5315635439592
2885,2055.7263941222132
2886,2055.8696966908792
2887,2056.2427102582233
2888,2056.8575046917572
2889,2057.3860164844591
2890,2057.6574567769817
2891,2058.071060063377
2892,2058.1759138608622
2893,2058.5032141023084
2894,2058.7448343112433
2895,2059.7918897919189
2896,2059.9051529173912
2897,2060.4598543309944
2898,2061.0905914518985
2899,2061.2983269876231
2900,2061.6086010132981
2901,2061.7415662889875
2902,2061.7707011602806
2903,2062.3327367964298
2904,2062.9210727003701
2905,2063.4031186349657
2906,2063.647149301531
2907,2063.90838760116
2908,2065.4215934804997
2909,2065.9903121776524
2910,2066.4538226331292
2911,2067.0062178185008
2912,2067.4901585129282
2913,2067.9265674639641
2914,2068.1637684924949
2915,2068.6891824246932
2916,2069.0615450391779
2917,2069.7922616179421
2918,2069.9838720421917
2919,2070.532096680522
2920,2070.7516205932857
2921,2070.9897685258029
2922,2071.485589929277
2923,2071.5464099525643
2924,2071.9758608629022
2925,2072.6528604866003
2926,2073.0422680546931
2927,2073.58661057566
2928,2074.5299447392617
2929,2075.2831203716528
2930,2075.6942713968233
2931,2075.9552789786044
2932,2076.8160944277356
2933,2077.1288509594483
2934,2077.5162119842453
2935,2077.5812788906878
2936,2077.8169039766522
2937,2078.1183887740517
2938,2078.204906583921
2939,2079.1109581050073
2940,2080.0990403536521
2941,2080.3595747310424
2942,2081.7429372067172
2943,2082.6130889665196
2944,2083.0023781112286
2945,2083.6272339349466
2946,2083.9741927743567
2947,2085.0061350367032
2948,2086.0164558570195
2949,2086.1910037467346
2950,2086.5256719648223
2951,2087.2160551405905
2952,2087.8366025092255
2953,2088.2081718476998
2954,2088.5401396645407
2955,2088.7282006196479
2956,2089.6157366649491
2957,2089.7308045752111
2958,2090.1604955955136
2959,2090.7273876081717
2960,2091.1878080891347
2961,2092.3361094022302
2962,2092.3716466484489
2963,2093.673175306656
2964,2094.1038481447563
2965,2094.2375972848986
2966,2094.8535857887459
2967,2095.113129358394
2968,2095.6628479993446
2969,2096.5097724112497
2970,2096.9144709601228
2971,2097.3061027012009
2972,2097.6339347202879
2973,2097.6886099131284
2974,2098.7509937671261
2975,2098.9420541246723
2976,2099.4171368218704
2977,2099.8735346606677
2978,2099.973930531884
2979,2100.2410949147425
2980,2100.5710686793
2981,2101.0302262137761
2982,2101.3296966868302
2983,2101.5791408708424
2984,2101.8618328205621
2985,2102.0297872253045
2986,2103.1040719580578
2987,2103.8013857401138
2988,2104.6013776253253
2989,2105.0361917791624
2990,2105.449395654296
2991,2105.6380151046092
2992,2106.3368843163494
2993,2106.7718389437864
2994,2107.1596974887689
2995,2107.6316869903649
2996,2108.1669176188193
2997,2109.180461122347
2998,2109.9998793977238
2999,2111.0694974533194
3000,2111.3692762643136
3001,2112.0537405009786
3002,2112.33780723891
3003,2112.6581132486372
3004,2113.4824972665074
3005,2113.9008953306015
3006,2114.6698902405851
3007,2114.7941499713629
3008,2115.3039827780826
3009,2115.5596618571549
3010,2116.9186458196355
3011,2117.3284809827669
3012,2117.5857579914136
3013,2118.9541321044899
3014,2119.1537414980685
3015,2119.5180887609918
3016,2119.8508753448159
3017,2120.6234114640315
3018,2120.7596472254681
3019,2121.1960106024922
3020,2121.8362679624693
3021,2122.4478355695264
3022,2122.4901882705949
3023,2122.6858844895746
3024,2123.3664481160395
3025,2123.4755841671408
3026,2124.0854464767817
3027,2124.5302851508945
3028,2125.1502043066389
3029,2125.2481382841665
3030,2125.780792913341
3031,2126.2022638274307
3032,2126.5862262569267
3033,2127.1115352791467
3034,2127.764421082959
3035,2128.0678658666757
3036,2128.3749224719331
3037,2128.9015980525196
3038,2129.688584037865
3039,2129.8811397999584
3040,2130.6630232006014
3041,2131.0129441752247
3042,2132.1787099486355
3043,2132.6357010019142
3044,2134.2931232496198
3045,2134.4975581311587
3046,2135.169181920035
3047,2135.89177470094
3048,2136.2297547219282
3049,2136.7404107588204
3050,2136.7601107618507
3051,2137.0431936575283
3052,2137.4044764772952
3053,2137.5309068075526
3054,2138.2303177733293
3055,2138.8102794825591
3056,2138.8705721714587
3057,2139.0492090482489
3058,2139.2140920913162
3059,2139.2987646575152
3060,2139.7828933037231
3061,2140.1027895937077
3062,2140.6655002207294
3063,2141.4128521482926
3064,2141.6103839548255
3065,2142.169423387988
3066,2142.1963835407387
3067,2142.9424642035624
3068,2143.0307012476956
3069,2143.5372771202105
3070,2145.0256448740943
3071,2145.3640348550489
3072,2145.5487329540633
3073,2145.8186602792512
3074,2146.1746999653878
3075,2146.2039262839185
3076,2147.0501053485859
3077,2147.2310157730303
3078,2147.5625299411136
3079,2148.7885236615753
3080,2149.1218870278717
3081,2149.298931244547
3082,2150.0973860204658
3083,2150.2157606480214
3084,2150.540458530611
3085,2150.8401375306271
3086,2151.3819657036065
3087,2152.0827962722178
3088,2152.7885445981988
3089,2153.0790960156482
3090,2153.2683033347826
3091,2154.4397038104685
3092,2155.484057837627
3093,2155.7271943470796
3094,2156.0443804688261
3095,2156.5932088015384
3096,2157.1427338957806
3097,2157.3259999117445
3098,2157.4021801206582
3099,2157.8441984370488
3100,2158.5910088624464
3101,2159.3102004205007
3102,2159.8127606401763
3103,2159.899567017942
3104,2160.3281043511606
3105,2160.539872534674
3106,2161.2672436568787
3107,2161.5047329762592
3108,2161.893389696244
3109,2162.3741374354081
3110,2162.6100823899792
3111,2163.7989241344894
3112,2164.6846670698678
3113,2164.84907947888
3114,2166.7227817521534
3115,2167.4361719736326
3116,2167.5248669370067
3117,2168.1176030696556
3118,2168.9185116203894
3119,2169.7312155486279
3120,2170.0283410484953
3121,2170.5401850484218
3122,2170.5521329868861
3123,2171.1354823159968
3124,2171.3543846869338
3125,2171.4392757541832
3126,2171.4829398088518
3127,2172.0174856978974
3128,2172.4715887000975
3129,2173.124835350935
3130,2173.5814138908709
3131,2174.3716288654336
3132,2174.8949248072408
3133,2175.2841346993714
3134,2175.2894484516155
3135,2175.6413683678429
3136,2176.1265559722096
3137,2176.8791579481172
3138,2177.2217685017999
3139,2177.5117687901898
3140,2177.8416078075161
3141,2178.496534915163
3142,2179.0988159413805
3143,2179.6812735438748
3144,2179.8656584233531
3145,2179.9431623825885
3146,2180.4089536349015
3147,2181.2409260609684
3148,2181.3668009648218
3149,2181.9911649252617
3150,2182.543131295964
3151,2183.6323051220834
3152,2184.1054174928627
3153,2184.3715489581955
3154,2184.8481397515534
3155,2185.3305241209678
3156,2185.7807060703694
3157,2186.2042748345489
3158,2186.7933991427894
3159,2187.1867670150737
3160,2187.3630347466787
3161,2187.6489220860994
3162,2188.2705664838672
3163,2188.6921092196817
3164,2188.8404649023987
3165,2189.7419413511475
3166,2190.0390280665752
3167,2190.2020628436908
3168,2191.3313010341649
3169,2192.7846365232122
3170,2193.1308001319717
3171,2193.6203996824111
3172,2193.7508623229878
3173,2194.6060471886917
3174,2194.6877183745664
3175,2195.2927336655043
3176,2195.6615180132198
3177,2195.7809940319526
3178,2195.9847501890113
3179,2196.2840194921464
3180,2196.6224606857309
3181,2196.9972565640296
3182,2197.4248655657179
3183,2197.6042580872518
3184,2198.0020764031265
3185,2198.8494709590309
3186,2199.138471588944
3187,2199.7545526812305
3188,2200.111730162605
3189,2200.5515047383751
3190,2200.9745612326033
3191,2201.6344907832158
3192,2202.5117823497308
3193,2203.3138727456026
3194,2203.8370013832359
3195,2204.2002270149751
3196,2204.719839815843
3197,2205.4771104312872
3198,2205.9363070335107
3199,2206.3041780850508
3200,2206.4421557524197
3201,2206.9138684598779
3202,2207.5213143294022
3203,2207.8815774698423
3204,2207.9498016012512
3205,2208.5578113029669
3206,2209.3343545722059
3207,2209.6822948706722
3208,2210.2407801833256
3209,2210.5173039840133
3210,2210.9591961097312
3211,2211.1091437858718
3212,2211.2410475094057
3213,2211.9046658606194
3214,2214.0301139068029
3215,2215.2359705478398
3216,2215.7562652794459
3217,2217.0728813038704
3218,2217.1482916465029
3219,2217.2673124767789
3220,2217.4436079593256
3221,2217.4796301780216
3222,2218.1819922648806
3223,2218.5385034275305
3224,2218.6420695937763
3225,2218.9651921657078
3226,2219.631541914951
3227,2219.6621513353348
3228,2219.8894752353985
3229,2220.1123340560689
3230,2220.144142672832
3231,2220.2322379378111
3232,2220.3942601657895
3233,2220.9672606509944
3234,2221.1408393326419
3235,2221.7064464368596
3236,2221.9504001168752
3237,2222.3670094879576
3238,2222.8491115910465
3239,2223.0264559608454
3240,2223.2878029885246
3241,2223.8594536764504
3242,2224.3583501656362
3243,2224.5741927184908
3244,2225.0905786337712
3245,2225.5153700783744
3246,2226.1321860103803
3247,2226.7237448159694
3248,2227.3892761339243
3249,2227.4174391172887
3250,2227.9744244004251
3251,2228.3983632216523
3252,2228.9456241327616
3253,2229.5434438448469
3254,2230.1675428924887
3255,2230.7536155427993
3256,2230.9540062979672
3257,2231.7911863113754
3258,2232.659172833859
3259,2232.8256272294216
3260,2233.7816852223127
3261,2234.1277356622763
3262,2234.8435847068313
3263,2235.0272721137021
3264,2235.6790282370739
3265,2236.1012413461517
3266,2236.2213116091161
3267,2236.5924268375315
3268,2237.5020059224485
3269,2238.0227723314088
3270,2238.6598631020156
3271,2239.1055315955009
3272,2239.1349457992151
3273,2239.4448782619484
3274,2239.7575957169079
3275,2240.3130862682315
3276,2240.3741028849863
3277,2241.4684058893204
3278,2242.2117559236754
3279,2242.4431871594898
3280,2242.9709945946406
3281,2243.5242826376921
3282,2243.8723457853539
3283,2244.6738593196401
3284,2244.8968506333531
3285,2245.2057993704329
3286,2245.3421378595199
3287,2246.4122552221515
3288,2246.4244446166331
3289,2246.7644377377246
3290,2246.8915814448001
3291,2247.0213042742307
3292,2248.1216800799371
3293,2248.2640863562119
3294,2249.0123593660169
3295,2249.4540814912875
3296,2249.8138621110152
3297,2250.1722202628748
3298,2250.7077142440976
3299,2251.0084846316281
3300,2251.6358169299087
3301,2251.8045487147997
3302,2252.3975813225193
3303,2252.7661814412845
3304,2253.1415158022151
3305,2253.9632611171737
3306,2254.4926309535995
3307,2254.5573225039143
3308,2254.744701661773
3309,2255.3989460573648
3310,2256.48302627262
3311,2256.6642321355075
3312,2257.1703051118448
3313,2257.5307325000449
3314,2257.6197932154682
3315,2257.8515505301211
3316,2258.3994361609884
3317,2258.9852626420798
3318,2259.3681535227893
3319,2259.5312405362497
3320,2259.7484456120537
3321,2261.0182981283583
3322,2261.4440199404262
3323,2261.8500116203618
3324,2262.061380169635
3325,2262.5156835000698
3326,2262.7480108453988
3327,2263.1703903661378
3328,2263.7991823660918
3329,2264.2179717778404
3330,2264.3982275755397
3331,2264.9425483566179
3332,2265.8765156678364
3333,2266.4150836456447
3334,2267.2376134359274
3335,2267.6679772494103
3336,2268.0336628197324
3337,2268.063365777422
3338,2268.8082385189336
3339,2268.9806649691131
3340,2269.11585200227
3341,2269.4375613033048
3342,2270.3990227851978
3343,2270.6877197490157
3344,2271.1456536596788
3345,2271.4840350509703
3346,2271.8333967907552
3347,2272.4202130184435
3348,2273.115410236433
3349,2273.661955683106
3350,2273.7350345485643
3351,2273.9230114342472
3352,2274.3286023837941
3353,2274.7275461169556
3354,2274.8869908973779
3355,2275.5607742301358
3356,2276.4078819257406
3357,2276.4588298070375
3358,2277.301692120911
3359,2277.5369303385319
3360,2277.7051091965004
3361,2278.7158730276929
3362,2279.8063999567385
3363,2279.8705812466947
3364,2280.2452490298001
3365,2280.5555169435147
3366,2280.8164361287872
3367,2281.3598094739968
3368,2281.9809171684865
3369,2282.2895312620312
3370,2282.9900320764295
3371,2283.434140642923
3372,2283.9291096069355
3373,2284.1933061063696
3374,2284.42096549283
3375,2285.94191902783
3376,2286.8358193632644
3377,2286.8839733399604
3378,2286.968635886135
3379,2287.127668057436
3380,2287.7082163052273
3381,2287.7713438656924
3382,2287.8284967815307
3383,2288.3702354646261
3384,2289.234534703754
3385,2290.0894068821817
3386,2290.7665380799735
3387,2290.8429594937652
3388,2291.6396138071918
3389,2292.5659293950025
3390,2292.7166144685516
3391,2294.0822561386844
3392,2294.448781625807
3393,2294.9816826161
3394,2295.2040661175306
3395,2295.4381541969601
3396,2295.7614960223254
3397,2296.353649044644
3398,2296.8044072051475
3399,2297.3295971704092
3400,2297.3779023780903
3401,2297.6962427609278
3402,2297.7771138291755
3403,2297.8386825656144
3404,2298.5270511693948
3405,2298.6734836200917
3406,2298.8134933682904
3407,2299.2846413639959
3408,2299.6072881100581
3409,2300.0611613190358
3410,2300.1762564917208
3411,2301.0409052459404
3412,2301.4782245423048
3413,2301.7758711877686
3414,2301.8644616192955
3415,2302.3188878640171
3416,2302.8697448079174
3417,2303.0182307248092
3418,2303.3140821632869
3419,2303.970553569271
3420,2304.3022190106176
3421,2304.9153240124833
3422,2305.6606469096696
3423,2306.2059212334207
3424,2306.3624372274849
3425,2306.8208888405175
3426,2307.2478919933965
3427,2307.7790429719412
3428,2307.8752647742845
3429,2308.4878869586491
3430,2309.2935701674696
3431,2309.4303005339129
3432,2309.7116291754023
3433,2309.7592224219998
3434,2310.1088460954284
3435,2310.4750188542894
3436,2311.0077966528684
3437,2312.0874787330672
3438,2312.2902775550242
3439,2312.6819114549685
3440,2312.8137938583054
3441,2313.3889692652301
3442,2314.2281679139483
3443,2314.5257454580847
3444,2315.007257428967
3445,2315.0372845402871
3446,2315.2540552440919
3447,2315.3670635623403
3448,2316.2075056943813
3449,2316.2901997226099
3450,2316.9365686422448
3451,2317.3482686483476
3452,2317.738159916395
3453,2317.8659703836383
3454,2318.018873633117
3455,2318.2438538023703
3456,2318.7625209661801
3457,2319.3990825212195
3458,2319.6108524161882
3459,2320.005799944965
3460,2320.3191970758426
3461,2320.4135799109581
3462,2320.4232875303114
3463,2320.8325215695468
3464,2322.5422104288186
3465,2323.1470605682071
3466,2323.4350591569146
3467,2323.8051368731726
3468,2324.2382050794886
3469,2324.7021141817368
3470,2325.6582342475622
3471,2325.8951103130662
3472,2326.5428264014208
3473,2327.2999377963456
3474,2327.5242627641701
3475,2327.8748631504632
3476,2328.1140533485891
3477,2328.6069180741256
3478,2328.8113057654314
3479,2329.2344751108208
3480,2330.0236970945234
3481,2330.1542539716793
3482,2330.4465580557421
3483,2331.111848855528
3484,2331.3222315486832
3485,2332.7497356201093
3486,2333.2210523828671
3487,2333.6972963380344
3488,2335.469794382951
3489,2336.1502980694236
3490,2336.3998738308778
3491,2336.9187290366976
3492,2337.6115313358441
3493,2337.7625406727675
3494,2337.8876025609311
3495,2338.1697947436774
3496,2338.1849050679571
3497,2338.2005912317031
3498,2338.3086947210172
3499,2338.6345993381897
3500,2338.8592000261565
3501,2338.9494510173422
3502,2339.1686589847559
3503,2339.2974318340412
3504,2339.6292162313011
3505,2340.0762584076651
3506,2340.2521368183334
3507,2340.3875461981197
3508,2340.6673691106485
3509,2341.0664207946011
3510,2341.3950852733255
3511,2342.2791760139012
3512,2342.8525606939065
3513,2343.0015533647488
3514,2343.1543228704918
3515,2343.5471403145771
3516,2344.4491432146392
3517,2345.1006048494055
3518,2345.3451449670733
3519,2345.8866438816035
3520,2346.2314173191467
3521,2347.0247874853194
3522,2347.2950310041851
3523,2347.5423528557144
3524,2347.922976460286
3525,2348.7933762459666
3526,2349.3154472435835
3527,2349.6218914877213
3528,2349.8439144099289
3529,2350.1939779284257
3530,2350.4310510316795
3531,2351.2539354400801
3532,2351.4879801874667
3533,2352.1285738886504
3534,2352.6564546972199
3535,2353.527748728874
3536,2353.8115375467887
3537,2354.364725223596
3538,2354.6152007521309
3539,2355.472287434779
3540,2356.6004409810025
3541,2356.8557868783159
3542,2357.0128432616152
3543,2357.8819650636315
3544,2358.289162340031
3545,2358.5935466790879
3546,2359.1129724480847
3547,2359.3493508922984
3548,2360.0529883067948
3549,2360.1338187899546
3550,2360.290829237199
3551,2360.5552174627255
3552,2361.1300185115138
3553,2361.5809323005096
3554,2361.8648304210224
3555,2362.0187554635804
3556,2362.3362790305623
3557,2362.5995440479901
3558,2363.6334995659718
3559,2364.6357414729814
3560,2364.6984526049737
3561,2365.0288816380194
3562,2365.3970314119397
3563,2365.6731952176551
3564,2365.9066850501426
3565,2366.410302229468
3566,2366.4531822174022
3567,2366.9210123350581
3568,2367.0553525094829
3569,2367.6532421602469
3570,2367.6763171435587
3571,2368.7135747035845
3572,2368.9992608062603
3573,2369.2257566446574
3574,2369.4758213320451
3575,2370.1278794946229
3576,2371.0405262590798
3577,2371.5766877207757
3578,2371.9346236845713
3579,2372.3320708137367
3580,2372.6901504941152
3581,2373.0921483088423
3582,2373.4393499723228
3583,2373.8441337467607
3584,2374.4413016533717
3585,2375.6866867052754
3586,2376.2576128992473
3587,2376.2973604389631
3588,2376.9524648446409
3589,2377.6200799630305
3590,2378.1703085116428
3591,2378.4354704076995
3592,2378.6033389232502
3593,2378.6591102920274
3594,2378.6634603606599
3595,2379.317825110169
3596,2379.5085861423454
3597,2379.6144648528743
3598,2379.8535036173539
3599,2380.255060448364
3600,2380.4452218832139
3601,2380.5989138558493
3602,2380.7876356422289
3603,2381.208817170263
3604,2381.4867302663811
3605,2381.9732779157157
3606,2382.37027440067
3607,2382.7165825317143
3608,2382.8165424253425
3609,2383.4075997026871
3610,2383.5904671273543
3611,2384.0243792547112
3612,2384.3820191117347
3613,2384.8673714314668
3614,2385.1926601559276
3615,2385.7141054191802
3616,2386.0601311585606
3617,2386.1324173347962
3618,2386.8698183206916
3619,2387.4449330699686
3620,2387.5397844236836
3621,2387.7935474443698
3622,2387.9609384567407
3623,2388.36166537807
3624,2389.2528487026648
3625,2389.2964599549687
3626,2389.589588197769
3627,2390.0396460050365
3628,2390.6550357330443
3629,2391.4541932408583
3630,2391.5135037804976
3631,2392.0629424942185
3632,2392.409274878321
3633,2392.8266981522715
3634,2393.004223518225
3635,2393.3898790712387
3636,2394.2471191846989
3637,2394.5249959032317
3638,2395.5429093279422
3639,2395.8664080535336
3640,2395.8806124710127
3641,2396.5607190272744
3642,2397.0187868815083
3643,2397.5764920365632
3644,2397.9890724917891
3645,2398.7114692973028
3646,2398.7841992643016
3647,2399.2126719124835
3648,2399.2490495136012
3649,2399.5017512557238
3650,2399.7551960952264
3651,2400.0795946291723
3652,2400.2596512561381
3653,2400.8739510342261
3654,2400.974858718735
3655,2402.0109846326973
3656,2402.5598997314296
3657,2402.712745595572
3658,2403.0516326602838
3659,2403.2731943673025
3660,2403.4052872584184
3661,2403.658525216636
3662,2404.0986786323365
3663,2404.4035222380621
3664,2405.3514692116082
3665,2405.7837281784605
3666,2405.8633907408152
3667,2406.5972947578521
3668,2406.7834040440507
3669,2407.3156326044873
3670,2407.6904878315422
3671,2407.7514717970785
3672,2407.9222318744878
3673,2408.2857095194272
3674,2409.2867059499058
3675,2409.7020871753925
3676,2410.312590487571
3677,2410.9769254794687
3678,2411.007246262122
3679,2411.2750878890465
3680,2412.6205307528162
3681,2413.0479090893041
3682,2413.4052839678575
3683,2413.7413838120933
3684,2414.3599194065605
3685,2415.1959247841532
3686,2415.4022697009827
3687,2415.9558034489587
3688,2416.2565419792454
3689,2416.6253766841874
3690,2417.2643591335354
3691,2417.4020237111881
3692,2417.5804007874171
3693,2418.1715585639254
3694,2418.2045912948829
3695,2418.7387164735028
3696,2419.0416837791131
3697,2419.1317203245062
3698,2419.9074902757634
3699,2420.2534627706618
3700,2420.4540441718923
3701,2420.7651383141042
3702,2420.8901456358649
3703,2421.1585852870753
3704,2422.3178342562128
3705,2422.5245820519135
3706,2423.0886918938231
3707,2423.4477820489578
3708,2423.4834037433129
3709,2423.678788539843
3710,2424.5232091869552
3711,2424.7754081955709
3712,2425.0741971783368
3713,2425.1297291055598
3714,2425.203920007772
3715,2425.3128387003271
3716,2425.5328635554315
3717,2425.5875261739025
3718,2426.1296680028613
3719,2426.2869816355542
3720,2426.4794221177026
3721,2426.6070101319756
3722,2427.1197763829036
3723,2427.2015332802052
3724,2427.453996564966
3725,2428.3901753971682
3726,2429.038346029372
3727,2429.066956526568
3728,2429.7235435498992
3729,2430.439198281671
3730,2430.8197383008223
3731,2431.0533306475932
3732,2431.5433468737924
3733,2432.0565353419083
3734,2433.2933949294165
3735,2433.4091541183161
3736,2433.9418506835459
3737,2434.6831823203147
3738,2435.0200907522581
3739,2435.5057299485234
3740,2435.7638946616153
3741,2435.8100016426743
3742,2436.0338233958332
3743,2437.151320426809
3744,2437.4018062283121
3745,2437.5551808060004
3746,2438.253045517637
3747,2438.3901027994548
3748,2438.417951590895
3749,2439.4303173897251
3750,2439.5772591655837
3751,2439.8529963377587
3752,2440.304354996857
3753,2440.8018435188164
3754,2441.3954440191624
3755,2442.2223909688123
3756,2442.789549593685
3757,2443.0171927895235
3758,2443.292934443195
3759,2443.525553789998
3760,2443.609380281112
3761,2444.0699286184899
3762,2444.4072541065302
3763,2444.84339556443
3764,2445.0507155071982
3765,2445.7909525798455
3766,2446.181813397297
3767,2446.4518680804204
3768,2446.476897466121
3769,2447.2133093757666
3770,2447.3881038963636
3771,2447.4323566039748
3772,2448.13257181989
3773,2448.428773585566
3774,2449.6760675671189
3775,2449.8193193113229
3776,2450.4255563047982
3777,2450.7060903560537
3778,2450.9393945334505
3779,2451.3822677201365
3780,2451.8445714166487
3781,2451.8974285092731
3782,2452.1613339023561
3783,2452.6067094931582
3784,2453.5038117902718
3785,2454.3893452972143
3786,2454.9986831138694
3787,2455.4081472939865
3788,2455.5140340784187
3789,2455.5587286234054
3790,2455.8339077277378
3791,2456.7842614827709
3792,2457.0589684833162
3793,2457.3466253855304
3794,2459.4026797798642
3795,2459.6036846583361
3796,2459.6759833323945
3797,2459.8064655784806
3798,2459.9778872566858
3799,2460.0370060531955
3800,2460.2556569085591
3801,2460.2951888755965
3802,2460.419144321796
3803,2461.040520414088
3804,2461.1280511040063
3805,2461.438817366964
3806,2462.0769503981483
3807,2462.3902328723971
3808,2462.5297074993791
3809,2462.6214322087485
3810,2462.8718214810751
3811,2462.9377471952807
3812,2463.2019457814836
3813,2463.4716689499633
3814,2463.6257491911333
3815,2464.1462547149017
3816,2464.4437897545763
3817,2464.7414628929696
3818,2465.0930592828172
3819,2465.54207349026
3820,2465.8119656991939
3821,2465.9081677690829
3822,2466.3884586958834
3823,2466.700957050999
3824,2466.7994633031203
3825,2467.1408373782961
3826,2467.3441200743941
3827,2467.6021556513942
3828,2468.2790038428843
3829,2468.5276122574323
3830,2468.7269396146098
3831,2469.564260605518
3832,2469.8977657350893
3833,2470.0869362005205
3834,2470.4487059809217
3835,2470.6354605914676
3836,2471.0090204323328
3837,2471.8412119099326
3838,2472.5464968472047
3839,2472.6766651446501
3840,2473.0082282143148
3841,2473.128134516784
3842,2473.5318500103485
3843,2473.7125262416967
3844,2474.1363717964132
3845,2474.4912764200571
3846,2474.5317889076487
3847,2475.2841605057197
3848,2475.4441594497061
3849,2475.8431277308018
3850,2477.4894542638799
3851,2477.609535984961
3852,2477.9184002090597
3853,2477.9917164112094
3854,2478.3738412961061
3855,2478.8185147743916
3856,2479.4000283085666
3857,2479.5237210619675
3858,2479.9088580868838
3859,2480.0841736596199
3860,2480.3823588264086
3861,2481.190320039761
3862,2481.4364733368629
3863,2482.2135492295861
3864,2482.7153884880527
3865,2482.753138112841
3866,2483.0638743971476
3867,2483.0979397460237
3868,2483.2949906840727
3869,2483.4876118176589
3870,2483.9483891808336
3871,2483.9850825133076
3872,2484.4183330915716
3873,2484.5963190414714
3874,2485.0118701649344
3875,2485.4818952373062
3876,2485.6358678066267
3877,2486.019604495325
3878,2486.8200724956841
3879,2486.9162969630306
3880,2487.3200899884832
3881,2487.8676472533302
3882,2488.1762776200221
3883,2488.9391167248755
3884,2489.1125444845102
3885,2489.1913164181738
3886,2489.279384891493
3887,2489.7843124034598
3888,2490.2740152742822
3889,2490.7602521285867
3890,2490.8545753915973
3891,2491.8165994978808
3892,2492.613578393346
3893,2492.9796900353131
3894,2493.5739858649695
3895,2494.0282401170844
3896,2494.5622752765057
3897,2494.7983875868608
3898,2495.1014760969524
3899,2495.5582972505176
3900,2495.8651347997829
3901,2496.1118406721012
3902,2497.0057696374279
3903,2497.2607360387929
3904,2497.7531918185
3905,2498.5018128093802
3906,2498.5949026485914
3907,2498.8246636005051
3908,2499.976377320093
3909,2500.2127815343433
3910,2500.3428304872477
3911,2500.5033166408061
3912,2500.7228879346453
3913,2501.1331416024664
3914,2501.3159343638845
3915,2501.4427854714131
3916,2501.6330234706975
3917,2501.9146755313382
3918,2502.6036185684143
3919,2502.8611566293748
3920,2502.9920880126574
3921,2503.0384115740817
3922,2503.3188067044393
3923,2503.9608495281996
3924,2504.0090481618026
3925,2504.1301056727525
3926,2504.143259035714
3927,2504.8762806867562
3928,2505.0754093903329
3929,2505.1310414745872
3930,2505.7153585293522
3931,2506.1754935260124
3932,2506.6263091736696
3933,2506.8988908266369
3934,2507.0997091155568
3935,2507.6688381499093
3936,2508.0662554879577
3937,2508.3728658969894
3938,2508.564492289061
3939,2509.0700240270617
3940,2509.3061618074589
3941,2509.7359633120136
3942,2510.3243385393662
3943,2510.6754415047976
3944,2511.2356918510754
3945,2511.4829308416324
3946,2511.5133956609184
3947,2511.8916145427975
3948,2511.9823572141299
3949,2512.3208563308945
3950,2512.5204784020953
3951,2513.0609486570484
3952,2514.0742545842804
3953,2514.4673417279491
3954,2515.2070888077442
3955,2515.6741942253284
3956,2516.0151694163096
3957,2516.182915589085
3958,2516.3190128123833
3959,2516.5757346329228
3960,2517.3143129427322
3961,2517.7919873839505
3962,2518.232435846166
3963,2518.5674109323568
3964,2518.8499848441847
3965,2518.8738823709887
3966,2519.2129580314745
3967,2519.9292923666967
3968,2520.1902940863538
3969,2520.5977603082079
3970,2520.7542738943157
3971,2521.0786860028093
3972,2521.1080433756088
3973,2521.3239288390369
3974,2521.6985924596006
3975,2521.8810319512181
3976,2522.3951085671574
3977,2522.7656545169448
3978,2522.870647368396
3979,2523.8261769539358
3980,2524.488366273225
3981,2524.9543156431205
3982,2525.2086053444591
3983,2525.2800549241133
3984,2525.5186021311665
3985,2525.8173842664546
3986,2525.8915751686682
3987,2526.4179616817296
3988,2527.5174157859892
3989,2527.6498877042773
3990,2527.8353619036975
3991,2528.3296582910489
3992,2528.5827269342412
3993,2528.9447941904114
3994,2529.2261021566073
3995,2529.7611147060716
3996,2530.0828298122551
3997,2530.2198210987194
3998,2531.0808809850168
3999,2531.1621659590173
4000,2531.5110529455619
4001,2531.9117350843767
4002,2532.3695661556308
4003,2533.1074894166259
4004,2533.4607605307629
4005,2533.9661752116363
4006,2535.0644312043701
4007,2535.3834740021298
4008,2535.5364794483121
4009,2536.255895380732
4010,2536.2697681581167
4011,2536.3920708345936
4012,2536.6063354155231
4013,2537.0394902497683
4014,2537.5400721786741
4015,2537.843057843384
4016,2538.4491644424402
4017,2538.7040432242629
4018,2538.9051727363462
4019,2539.2421336567236
4020,2539.6750280370266
4021,2540.1811562321973
4022,2540.6994421414352
4023,2540.9483057694133
4024,2541.0241563400486
4025,2541.0344082947922
4026,2541.223471152085
4027,2541.4323976131141
4028,2541.8091544415815
4029,2541.8429522395072
4030,2541.9269173905286
4031,2542.2044115357621
4032,2542.4551613601857
4033,2542.8286647099922
4034,2543.0830954855405
4035,2543.1967976895471
4036,2543.3115768123907
4037,2543.4108135884203
4038,2544.5721621415723
4039,2544.6640131221779
4040,2544.9417739782966
4041,2545.2783848016056
4042,2545.4806823121703
4043,2545.6700404118965
4044,2546.2827018473099
4045,2546.7098233387019
4046,2547.334181475991
4047,2547.5193986245031
4048,2547.6098696430377
4049,2547.9438648407295
4050,2548.1289708352679
4051,2548.2704857688473
4052,2548.2994966076271
4053,2548.3029429915259
4054,2549.331789291527
4055,2549.4442718687883
4056,2550.0399662320033
4057,2550.3221036015884
4058,2550.51816749318
4059,2550.6852861969887
4060,2550.914019739781
4061,2551.3460158401053
4062,2551.5110895628695
4063,2551.6031973732142
4064,2551.7306849566398
4065,2552.5322265775394
4066,2552.5862193878033
4067,2552.6434809912839
4068,2552.9370196132122
4069,2553.3729900710714
4070,2553.9302874729156
4071,2554.2258817039101
4072,2554.7026882852479
4073,2555.1200786783265
4074,2555.1787833206477
4075,2555.5714149597788
4076,2556.0470580728706
4077,2556.5592887140456
4078,2556.5984486783409
4079,2556.9096140508805
4080,2557.5233148673287
4081,2557.6733131897413
4082,2558.2320219366079
4083,2558.9702513757688
4084,2558.9941489025664
4085,2559.0685772015422
4086,2559.1088076362321
4087,2559.4373882039322
4088,2559.6808713563191
4089,2560.1588358462332
4090,2560.3484359457148
4091,2561.0194660928746
4092,2561.3626419818211
4093,2561.3884866388862
4094,2561.9927485534222
4095,2562.3087787350964
4096,2562.9536151769234
4097,2563.1974103626626
4098,2563.3599471526941
4099,2563.5174484090708
4100,2564.1651999702335
4101,2564.2821910226507
4102,2564.9225296575455
4103,2565.6174314431128
4104,2565.7588322364913
4105,2566.1780043586973
4106,2566.4196971724723
4107,2566.7696155203785
4108,2567.0857914461462
4109,2567.5204967667291
4110,2567.9886351550281
4111,2568.1963308009731
4112,2568.7801511614684
4113,2568.9687713799972
4114,2569.3767249238508
4115,2569.5340783180741
4116,2569.606461074351
4117,2569.6368089743992
4118,2569.6551415171803
4119,2569.8650424900597
4120,2570.2336686320036
4121,2570.5385610160524
4122,2570.7021931258755
4123,2571.135519100294
4124,2571.2824324905964
4125,2571.6340288007377
4126,2572.2672107613257
4127,2572.775873313858
4128,2573.3010381880313
4129,2574.1777068811275
4130,2574.3945773049077
4131,2574.9247248124602
4132,2575.4405210768296
4133,2575.4817036389663
4134,2575.9148008996776
4135,2576.3510814561419
4136,2576.7821945956243
4137,2577.401634007063
4138,2577.5496753533189
4139,2577.7670422437554
4140,2578.1761262458908
4141,2578.2964682697975
4142,2578.7793305540658
4143,2579.2300310282403
4144,2579.6334236009088
4145,2580.1486830475151
4146,2580.6496800409836
4147,2581.7187526775033
4148,2581.7276314650244
4149,2581.7422318121021
4150,2581.7955476295788
4151,2582.2848545912343
4152,2582.3824461233294
4153,2582.96439836013
4154,2583.0381145049137
4155,2583.3774432017112
4156,2583.4252811034362
4157,2583.6067818207607
4158,2583.7855949069121
4159,2584.0736785913145
4160,2584.1418336835914
4161,2584.3650768364546
4162,2584.7979586364982
4163,2584.9530671553066
4164,2585.2784503692023
4165,2585.3419184167456
4166,2585.8184523455184
4167,2585.8837556142735
4168,2586.5468474706586
4169,2586.6857809059593
4170,2586.7661508113697
4171,2587.1772193414654
4172,2587.3552424713798
4173,2587.5125430098033
4174,2587.8539872572101
4175,2588.1977272556524
4176,2588.423209523115
4177,2588.5553024142287
4178,2588.7291259084091
4179,2588.8885754702706
4180,2589.2814304896469
4181,2589.7878139756926
4182,2589.8202721813273
4183,2590.2138036848064
4184,2590.9949398139315
4185,2591.4132142886692
4186,2591.6675525402829
4187,2592.2017141834981
4188,2592.3326188549727
4189,2592.753482166609
4190,2592.9666572367291
4191,2593.086555777862
4192,2593.9545776385276
4193,2594.7461940007352
4194,2594.7672234562506
4195,2595.1360749923447
4196,2595.3606970043811
4197,2595.7363023807789
4198,2595.8944032618992
4199,2596.1103198546807
4200,2596.793326519371
4201,2596.8743200408721
4202,2597.0467709336272
4203,2597.4260735699118
4204,2597.5081106158368
4205,2598.0343699044047
4206,2598.1695438391707
4207,2598.5986027485274
4208,2599.219916007019
4209,2599.9855453287773
4210,2600.3098202016258
4211,2600.6370186791255
4212,2600.9738262760861
4213,2601.6676563691349
4214,2601.8265634149843
4215,2602.1042298985303
4216,2602.1795211704816
4217,2602.4835516976
4218,2602.7334292493842
4219,2603.0417169700968
4220,2603.2293989855361
4221,2603.3123448391016
4222,2603.4910480964959
4223,2603.5827114796884
4224,2604.1642892820851
4225,2604.4518014685973
4226,2604.6009415428689
4227,2605.2285097161162
4228,2605.5499984380617
4229,2605.9874158136863
4230,2606.106362725297
4231,2606.6416215038089
4232,2606.7203115703414
4233,2607.0344775887702
4234,2607.4768356608183
4235,2607.6033807665608
4236,2608.458007375792
4237,2608.7673560512999
4238,2609.3557968287414
4239,2609.8180993066239
4240,2610.1554167920444
4241,2610.3539351635854
4242,2610.7481224401167
4243,2611.041880422621
4244,2611.1733286620056
4245,2611.255785631874
4246,2611.2705582877456
4247,2611.6052624523222
4248,2611.8063067926751
4249,2612.4717224754249
4250,2613.040784028763
4251,2613.5488991232264
4252,2613.6300962259479
4253,2613.9673675036552
4254,2614.3031928000355
4255,2614.9549377421081
4256,2615.5678797416945
4257,2615.8218703800421
4258,2615.9276870956692
4259,2616.4458508139678
4260,2616.9228205671748
4261,2617.3048235203996
4262,2617.5055897901384
4263,2618.1474748938158
4264,2618.6086108007516
4265,2618.8346981396444
4266,2619.1149717699786
4267,2619.4126693553408
4268,2619.5376400050873
4269,2620.0205838399215
4270,2620.1372102138885
4271,2620.729734876677
4272,2621.7665591533532
4273,2622.1448772990657
4274,2622.3682714850697
4275,2622.4173280357791
4276,2622.4661452930832
4277,2622.5009359575224
4278,2622.6661368097361
4279,2622.8146817060833
4280,2622.9171681035232
4281,2623.0123184708414
4282,2623.2607805807943
4283,2623.365876949737
4284,2623.5452055102078
4285,2623.5956295182955
4286,2623.721229257867
4287,2624.1500330076206
4288,2624.175254621282
4289,2624.2137302299848
4290,2624.403220413014
4291,2624.4211945254533
4292,2624.6393434950573
4293,2624.7387234559292
4294,2625.1503112086211
4295,2625.3209241887917
4296,2625.3306493045384
4297,2625.5517896703291
4298,2625.8282268067182
4299,2625.9852578952446
4300,2625.9995623301115
4301,2626.2144768201788
4302,2626.7983215307236
4303,2626.9256914431294
4304,2627.0552398156788
4305,2627.5486408438423
4306,2627.7165500572787
4307,2628.1276883702467
4308,2628.5105885242442
4309,2628.5476943093772
4310,2628.7767944813281
4311,2629.000985088061
4312,2629.2849690584349
4313,2629.5310930390574
4314,2629.836405141154
4315,2630.1683948929981
4316,2630.572384368953
4317,2630.7898277397203
4318,2631.1160057488237
4319,2631.3057686299899
4320,2631.5914748000105
4321,2631.7674499596324
4322,2632.2126673202119
4323,2632.5400395720899
4324,2632.7800581524898
4325,2632.8650038349811
4326,2633.0415866028816
4327,2633.2580470168582
4328,2633.8992949390367
4329,2634.5946761919658
4330,2634.7134857083297
4331,2635.344011637827
4332,2635.4171871876679
4333,2635.6923883244544
4334,2635.8241557370607
4335,2635.8855525165186
4336,2636.1512169270718
4337,2636.1754609701848
4338,2636.945757185395
4339,2636.9945865724585
4340,2637.4747101053513
4341,2637.6826090592303
4342,2638.2196217867295
4343,2638.2878459181443
4344,2638.4837826435119
4345,2638.8921462533344
4346,2639.0795170774813
4347,2639.5490400642129
4348,2639.637240967983
4349,2640.1389357544022
4350,2640.5233554276797
4351,2641.0668859727448
4352,2641.2620818522314
4353,2641.757317925898
4354,2641.9992882046422
4355,2642.4290787612676
4356,2642.6589954908036
4357,2642.8537454391108
4358,2643.1810009729284
4359,2643.5292828633737
4360,2643.7202645021325
4361,2643.8060531958549
4362,2643.9771306739849
4363,2644.307143229054
4364,2644.3921909941073
4365,2644.5334657773392
4366,2644.5526687978795
4367,2644.9398989658339
4368,2645.2361058212291
4369,2645.2492622096293
4370,2645.4676006371956
4371,2645.7915121600836
4372,2646.0960405475998
4373,2646.1059802617524
4374,2646.3245328799426
4375,2646.6393073749664
4376,2647.0147393601201
4377,2647.5880685090765
4378,2647.9940648894067
4379,2648.0218366368799
4380,2648.2065915382459
4381,2648.3483119758303
4382,2648.945475847544
4383,2649.0096215005601
4384,2649.6344196723426
4385,2649.9051806065604
4386,2649.9577399074237
4387,2650.3607015070984
4388,2650.693833215611
4389,2651.0711675978155
4390,2651.3870655766041
4391,2651.5987149296889
4392,2651.714465743888
4393,2652.4156068664365
4394,2652.6402137389855
4395,2652.7067414996654
4396,2652.9161037097947
4397,2653.1411128254454
4398,2653.5796298551927
4399,2654.7004634697669
4400,2655.2389209176386
4401,2655.3650566722163
4402,2655.4286229506556
4403,2655.5978790952108
4404,2655.8571095001525
4405,2655.9671657050276
4406,2656.2369840737424
4407,2656.4775184799096
4408,2656.8471069850475
4409,2657.0843951322972
4410,2657.5760132550922
4411,2657.7971889452956
4412,2658.0717225209728
4413,2658.153703901628
4414,2659.1490622610586
4415,2659.4705400026728
4416,2659.6579065366641
4417,2659.7111561569518
4418,2660.3213457199454
4419,2661.0406570712871
4420,2661.1684232827583
4421,2661.7884438706369
4422,2662.2217029678854
4423,2662.3401515885726
4424,2662.8309959715093
4425,2663.2056825480172
4426,2663.2327981176854
4427,2663.2418937193174
4428,2663.3919362520387
4429,2663.4507625232573
4430,2663.7239469787837
4431,2663.8067974934606
4432,2663.8255164697594
4433,2663.8797334684159
4434,2664.2128124103033
4435,2664.3754277331045
4436,2664.6076034533035
4437,2664.8457222655643
4438,2664.9171430112551
4439,2664.9284973270137
4440,2665.0433174007189
4441,2665.184028616914
4442,2665.4997010981469
4443,2665.7442611648671
4444,2665.8891797330189
4445,2665.909495520767
4446,2666.065990243801
4447,2666.4208963460364
4448,2666.5876222943625
4449,2666.7132045111334
4450,2666.8353856637636
4451,2667.179987850096
4452,2667.3987764502381
4453,2667.5371080723594
4454,2667.6416938703765
4455,2667.8446814361355
4456,2668.2479549018312
4457,2668.398623478156
4458,2668.7613932178292
4459,2669.00986418098
4460,2669.2471590974469
4461,2669.3976730903282
4462,2669.4632659510926
4463,2669.7419312849629
4464,2670.1500142538284
4465,2670.2636322494923
4466,2670.9939986654504
4467,2671.225829960892
4468,2671.3624915713408
4469,2671.6818590127068
4470,2671.8489469495466
4471,2672.3403574602034
4472,2672.7466316706241
4473,2672.8954446682728
4474,2673.0555097728134
4475,2673.2291468719818
4476,2673.5871769627306
4477,2673.7994865465512
4478,2674.0801948529033
4479,2674.3561903550012
4480,2674.5709393794523
4481,2674.6322106371672
4482,2674.976458267643
4483,2675.331213823591
4484,2675.7007882241824
4485,2675.9710967155147
4486,2676.1323198514915
4487,2676.1797928347555
4488,2676.6669478407312
4489,2677.3593485911269
4490,2677.3755471024406
4491,2677.6858900685334
4492,2677.8503064840402
4493,2677.9325814925978
4494,2678.8003339633719
4495,2679.1201077229525
4496,2679.6790345229815
4497,2679.8379618453459
4498,2679.9611437825715
4499,2680.2965731552281
4500,2680.7703152736508
4501,2680.9086627388206
4502,2681.3585835740523
4503,2681.7115087978855
4504,2682.0603366296605
4505,2682.0692743595328
4506,2682.4625955001875
4507,2682.5294586645841
4508,2682.9534908223241
4509,2683.2144768474554
4510,2683.6141722943744
4511,2683.7276124986515
4512,2683.8246349441943
4513,2683.9308533110434
4514,2684.0747859775115
4515,2684.2742359260878
4516,2684.3137289199767
4517,2684.3207648826155
4518,2684.4672611851693
4519,2684.8601631322513
4520,2684.9657396123985
4521,2685.1361603582509
4522,2685.4488041924128
4523,2685.5816078146177
4524,2685.7283492849306
4525,2686.0537375945728
4526,2686.5871907864885
4527,2686.751919728742
4528,2686.8592229674832
4529,2686.9661957941921
4530,2687.375401375733
4531,2687.579792144928
4532,2687.6872013254515
4533,2687.7717281284176
4534,2687.9165305983024
4535,2688.151580057604
4536,2688.5504449438267
4537,2688.9463389354019
4538,2689.3163394491658
4539,2689.4330388382064
4540,2689.9105982666874
4541,2690.1612034690997
4542,2690.4451093364551
4543,2690.7988818842682
4544,2690.9220343546358
4545,2691.4286598235758
4546,2691.5714513851226
4547,2691.7064319492133
4548,2691.7117164119695
4549,2692.4460704071539
4550,2692.5912787294174
4551,2692.9644296412584
4552,2693.3121934012702
4553,2693.4563577863064
4554,2693.8288858372716
4555,2694.3170438572192
4556,2694.5006889231386
4557,2694.901230536108
4558,2694.9363901253896
4559,2695.3370955676846
4560,2695.9694638429405
4561,2696.1444319569887
4562,2696.6090484706438
4563,2696.6424957216882
4564,2697.1841163106174
4565,2697.2499348619699
4566,2697.4536969078758
4567,2698.0822459843966
4568,2698.5482175987686
4569,2699.0162725331488
4570,2699.3170470196078
4571,2699.8538329870812
4572,2700.2042303335156
4573,2700.7684851633717
4574,2701.0770137451941
4575,2701.6481904031111
4576,2702.3701670540936
4577,2702.6079336388975
4578,2703.9999999999677
4579,2703.9999999999704
4580,2703.9999999999727
4581,2703.9999999999741
4582,2703.9999999999741
4583,2703.9999999999759
4584,2703.9999999999791
4585,2703.99999999998
4586,2703.9999999999814
4587,2703.9999999999823
4588,2703.9999999999845
4589,2703.9999999999845
4590,2703.9999999999877
4591,2703.9999999999882
4592,2703.9999999999882
4593,2703.9999999999891
4594,2703.9999999999891
4595,2703.99999999999
4596,2703.9999999999905
4597,2703.9999999999905
4598,2703.9999999999914
4599,2703.9999999999923
4600,2703.9999999999923
4601,2703.9999999999927
4602,2703.9999999999936
4603,2703.9999999999936
4604,2703.9999999999941
4605,2703.9999999999945
4606,2703.9999999999945
4607,2703.9999999999955
4608,2703.9999999999959
4609,2703.9999999999959
4610,2703.9999999999968
4611,2703.9999999999973
4612,2703.9999999999973
4613,2703.9999999999973
4614,2703.9999999999986
4615,2703.9999999999986
4616,2703.9999999999991
4617,2703.9999999999995
4618,2703.9999999999995
4619,2704.0000000000005
4620,2704.0000000000005
4621,2704.0000000000009
4622,2704.0000000000014
4623,2704.0000000000018
4624,2704.0000000000018
4625,2704.0000000000023
4626,2704.0000000000027
4627,2704.0000000000027
4628,2704.0000000000032
4629,2704.0000000000032
4630,2704.0000000000041
4631,2704.0000000000041
4632,2704.0000000000045
4633,2704.0000000000055
4634,2704.0000000000055
4635,2704.0000000000064
4636,2704.0000000000064
4637,2704.0000000000068
4638,2704.0000000000082
4639,2704.0000000000086
4640,2704.00000000001
4641,2704.00000000001
4642,2704.0000000000109
4643,2704.0000000000118
4644,2704.0000000000141
4645,2704.0000000000141
4646,2704.000000000015
4647,2704.0000000000159
4648,2704.0000000000159
4649,2704.0000000000214
4650,2704.0000000000227
4651,2704.0000000000255
4652,2704.0000000000255
4653,2704.0000000000305
4654,2704.0000000000368
4655,2705.3920663611057
4656,2705.6298329459073
4657,2706.3518095968907
4658,2706.9229862548036
4659,2707.231514836621
4660,2707.7957696664903
4661,2708.1461670129197
4662,2708.6829529803872
4663,2708.9837274668525
4664,2709.4517824012196
4665,2709.9177540156029
4666,2710.5463030921242
4667,2710.7500651380278
4668,2710.8158836893804
4669,2711.3575042783091
4670,2711.3909515293522
4671,2711.8555680430095
4672,2712.0305361570604
4673,2712.6629044323136
4674,2713.0636098746104
4675,2713.0987694638907
4676,2713.4993110768601
4677,2713.682956142778
4678,2714.1711141627275
4679,2714.5436422136945
4680,2714.6878065987285
4681,2715.0355703587365
4682,2715.4087212705767
4683,2715.5539295928438
4684,2716.2882835880328
4685,2716.2935680507853
4686,2716.428548614876
4687,2716.5713401764192
4688,2717.0779656453647
4689,2717.2011181157313
4690,2717.5548906635431
4691,2717.838796530898
4692,2718.0894017333067
4693,2718.5669611617936
4694,2718.683660550832
4695,2719.0536610645977
4696,2719.449555056171
4697,2719.8484199423979
4698,2720.083469401698
4699,2720.228271871581
4700,2720.3127986745512
4701,2720.4202078550675
4702,2720.624598624262
4703,2721.033804205807
4704,2721.140777032515
4705,2721.2480802712598
4706,2721.4128092135106
4707,2721.946262405429
4708,2722.271650715069
4709,2722.4183921853823
4710,2722.5511958075836
4711,2722.8638396417482
4712,2723.0342603876011
4713,2723.1398368677478
4714,2723.5327388148285
4715,2723.6792351173872
4716,2723.6862710800224
4717,2723.7257640739099
4718,2723.9252140224876
4719,2724.0691466889548
4720,2724.1753650558035
4721,2724.272387501348
4722,2724.3858277056238
4723,2724.7855231525477
4724,2725.0465091776746
4725,2725.470541335415
4726,2725.5374044998148
4727,2725.9307256404709
4728,2725.9396633703395
4729,2726.2884912021127
4730,2726.6414164259477
4731,2727.0913372611813
4732,2727.2296847263492
4733,2727.7034268447737
4734,2728.0388562174267
4735,2728.1620381546568
4736,2728.3209654770199
4737,2728.8798922770461
4738,2729.1996660366262
4739,2730.0674185073995
4740,2730.1496935159566
4741,2730.3141099314671
4742,2730.6244528975567
4743,2730.6406514088658
4744,2731.3330521592702
4745,2731.8202071652445
4746,2731.8676801485094
4747,2732.0289032844862
4748,2732.2992117758185
4749,2732.6687861764071
4750,2733.0235417323574
4751,2733.3677893628337
4752,2733.4290606205454
4753,2733.6438096449974
4754,2733.9198051470953
4755,2734.2005134534497
4756,2734.412823037268
4757,2734.7708531280182
4758,2734.9444902271839
4759,2735.1045553317254
4760,2735.2533683293714
4761,2735.6596425397952
4762,2736.151053050452
4763,2736.3181409872914
4764,2736.6375084286587
4765,2736.7741700391089
4766,2737.0060013345478
4767,2737.7363677505082
4768,2737.849985746172
4769,2738.2580687150362
4770,2738.5367340489088
4771,2738.6023269096763
4772,2738.7528409025508
4773,2738.9901358190182
4774,2739.238606782169
4775,2739.6013765218368
4776,2739.7520450981624
4777,2740.155318563865
4778,2740.3583061296272
4779,2740.4628919276424
4780,2740.6012235497592
4781,2740.8200121498999
4782,2741.1646143362359
4783,2741.2867954888648
4784,2741.4123777056348
4785,2741.5791036539626
4786,2741.9340097561958
4787,2742.0905044792312
4788,2742.1108202669798
4789,2742.2557388351261
4790,2742.500298901849
4791,2742.8159713830833
4792,2742.9566825992779
4793,2743.0715026729831
4794,2743.0828569887426
4795,2743.1542777344307
4796,2743.3923965466956
4797,2743.6245722668918
4798,2743.7871875896953
4799,2744.1202665315791
4800,2744.1744835302375
4801,2744.1932025065353
4802,2744.2760530212108
4803,2744.5492374767414
4804,2744.6080637479572
4805,2744.7581062806803
4806,2744.7672018823105
4807,2744.7943174519824
4808,2745.1690040284884
4809,2745.6598484114288
4810,2745.7782970321146
4811,2746.2115561293626
4812,2746.8315767172394
4813,2746.9593429287102
4814,2747.6786542800537
4815,2748.2888438430455
4816,2748.34209346333
4817,2748.5294599973254
4818,2748.8509377389441
4819,2749.8462960983729
4820,2749.9282774790254
4821,2750.2028110547026
4822,2750.4239867449041
4823,2750.9156048677019
4824,2751.1528930149516
4825,2751.5224815200936
4826,2751.7630159262562
4827,2752.0328342949711
4828,2752.1428904998475
4829,2752.4021209047842
4830,2752.5713770493398
4831,2752.6349433277815
4832,2752.7610790823569
4833,2753.2995365302313
4834,2754.420370144805
4835,2754.8588871745546
4836,2755.0838962902044
4837,2755.293258500335
4838,2755.3597862610145
4839,2755.5843931335648
4840,2756.2855342561065
4841,2756.4012850703102
4842,2756.6129344233941
4843,2756.9288324021795
4844,2757.3061667843876
4845,2757.6392984928975
4846,2758.0422600925745
4847,2758.0948193934382
4848,2758.3655803276574
4849,2758.9903784994335
4850,2759.0545241524533
4851,2759.6516880241688
4852,2759.7934084617523
4853,2759.9781633631128
4854,2760.0059351105933
4855,2760.4119314909208
4856,2760.9852606398813
4857,2761.3606926250313
4858,2761.6754671200551
4859,2761.8940197382444
4860,2761.9039594523997
4861,2762.2084878399164
4862,2762.5323993628022
4863,2762.7507377903712
4864,2762.76389417877
4865,2763.0601010341661
4866,2763.4473312021169
4867,2763.4665342226494
4868,2763.6078090058863
4869,2763.6928567709451
4870,2764.0228693260137
4871,2764.1939468041428
4872,2764.2797354978675
4873,2764.470717136624
4874,2764.8189990270694
4875,2765.1462545608883
4876,2765.3410045091946
4877,2765.5709212387319
4878,2766.0007117953555
4879,2766.242682074102
4880,2766.7379181477622
4881,2766.9331140272498
4882,2767.4766445723185
4883,2767.861064245596
4884,2768.3627590320111
4885,2768.4509599357839
4886,2768.9204829225187
4887,2769.1078537466633
4888,2769.5162173564845
4889,2769.7121540818539
4890,2769.7803782132628
4891,2770.3173909407683
4892,2770.5252898946487
4893,2771.0054134275379
4894,2771.0542428146027
4895,2771.8245390298098
4896,2771.848783072925
4897,2772.1144474834746
4898,2772.1758442629339
4899,2772.3076116755428
4900,2772.5828128123253
4901,2772.655988362174
4902,2773.2865142916685
4903,2773.4053238080314
4904,2774.1007050609596
4905,2774.74195298314
4906,2774.9584133971143
4907,2775.1349961650171
4908,2775.2199418475088
4909,2775.4599604279074
4910,2775.7873326797881
4911,2776.2325500403654
4912,2776.4085251999891
4913,2776.6942313700083
4914,2776.8839942511736
4915,2777.2101722602783
4916,2777.4276156310443
4917,2777.831605107001
4918,2778.1635948588446
4919,2778.4689069609417
4920,2778.7150309415642
4921,2778.9990149119385
4922,2779.223205518671
4923,2779.4523056906191
4924,2779.489411475754
4925,2779.8723116297469
4926,2780.2834499427172
4927,2780.4513591561563
4928,2780.9447601843171
4929,2781.0743085568706
4930,2781.201678469271
4931,2781.7855231798203
4932,2782.0004376698871
4933,2782.0147421047523
4934,2782.1717731932818
4935,2782.4482103296705
4936,2782.669350695453
4937,2782.6790758112011
4938,2782.8496887913752
4939,2783.2612765440681
4940,2783.3606565049399
4941,2783.5788054745494
4942,2783.5967795869856
4943,2783.7862697700093
4944,2783.8247453787153
4945,2783.8499669923704
4946,2784.2787707421317
4947,2784.4043704817041
4948,2784.4547944897895
4949,2784.6341230502626
4950,2784.7392194192057
4951,2784.9876815291555
4952,2785.0828318964727
4953,2785.1853182939089
4954,2785.3338631902657
4955,2785.4990640424676
4956,2785.5338547069096
4957,2785.5826719642164
4958,2785.6317285149307
4959,2785.8551227009343
4960,2786.2334408466454
4961,2787.2702651233203
4962,2787.8627897861097
4963,2787.9794161600794
4964,2788.46235999491
4965,2788.587330644656
4966,2788.8850282300218
4967,2789.1653018603506
4968,2789.3913891992447
4969,2789.8525251061724
4970,2790.494410209863
4971,2790.6951764795976
4972,2791.0771794328175
4973,2791.5541491860363
4974,2792.0723129043313
4975,2792.1781296199597
4976,2792.4321202583069
4977,2793.0450622578828
4978,2793.6968071999599
4979,2794.0326324963498
4980,2794.369903774053
4981,2794.4511008767763
4982,2794.9592159712324
4983,2795.5282775245651
4984,2796.1936932073208
4985,2796.394737547676
4986,2796.7294417122557
4987,2796.7442143681192
4988,2796.8266713379871
4989,2796.9581195773717
4990,2797.2518775598905
4991,2797.6460648364146
4992,2797.8445832079597
4993,2798.1819006933756
4994,2798.6442031712591
4995,2799.2326439486978
4996,2799.541992624213
4997,2800.3966192334374
4998,2800.5231643391808
4999,2800.9655224112321
5000,2801.279688429659
5001,2801.3583784961947
5002,2801.8936372747012
5003,2802.0125841863141
5004,2802.4500015619387
5005,2802.7714902838816
5006,2803.3990584571325
5007,2803.5481985314
5008,2803.8357107179099
5009,2804.4172885203157
5010,2804.5089519034959
5011,2804.6876551608962
5012,2804.7706010144589
5013,2804.9582830298987
5014,2805.2665707506144
5015,2805.5164483023996
5016,2805.8204788295134
5017,2805.8957701014701
5018,2806.1734365850125
5019,2806.3323436308629
5020,2807.0261737239084
5021,2807.3629813208713
5022,2807.6901797983774
5023,2808.0144546712199
5024,2808.7800839929778
5025,2809.4013972514776
5026,2809.8304561608329
5027,2809.9656300955976
5028,2810.4918893841632
5029,2810.5739264300846
5030,2810.9532290663683
5031,2811.1256799591247
5032,2811.2066734806235
5033,2811.8896801453157
5034,2812.1055967380971
5035,2812.2636976192221
5036,2812.639302995613
5037,2812.8639250076581
5038,2813.2327765437512
5039,2813.2538059992607
5040,2814.0454223614697
5041,2814.9134442221398
5042,2815.033342763275
5043,2815.2465178333878
5044,2815.6673811450241
5045,2815.798285816496
5046,2816.3324474597157
5047,2816.5867857113262
5048,2817.0050601860639
5049,2817.7861963151895
5050,2818.1797278186664
5051,2818.2121860243028
5052,2818.7185695103467
5053,2819.1114245297204
5054,2819.2708740915855
5055,2819.4446975857704
5056,2819.57679047688
5057,2819.8022727443445
5058,2820.1460127427863
5059,2820.4874569901922
5060,2820.6447575286161
5061,2820.8227806585328
5062,2821.2338491886298
5063,2821.314219094038
5064,2821.4531525293364
5065,2822.1162443857202
5066,2822.1815476544812
5067,2822.6580815832499
5068,2822.7215496307931
5069,2823.0469328446902
5070,2823.2020413634973
5071,2823.6349231635427
5072,2823.8581663164096
5073,2823.9263214086768
5074,2824.2144050930824
5075,2824.393218179237
5076,2824.5747188965629
5077,2824.622556798287
5078,2824.9618854950904
5079,2825.0356016398732
5080,2825.6175538766647
5081,2825.715145408758
5082,2826.2044523704167
5083,2826.2577681878865
5084,2826.2723685349665
5085,2826.2812473224935
5086,2827.3503199590155
5087,2827.8513169524872
5088,2828.3665763990898
5089,2828.7699689717624
5090,2829.2206694459323
5091,2829.7035317301979
5092,2829.8238737541055
5093,2830.23295775624
5094,2830.4503246466757
5095,2830.5983659929334
5096,2831.2178054043748
5097,2831.6489185438559
5098,2832.0851991003187
5099,2832.5182963610309
5100,2832.5594789231695
5101,2833.0752751875411
5102,2833.6054226950928
5103,2833.8222931188702
5104,2834.6989618119674
5105,2835.2241266861433
5106,2835.7327892386706
5107,2836.3659711992682
5108,2836.7175675094004
5109,2836.8644808997046
5110,2837.2978068741245
5111,2837.4614389839453
5112,2837.7663313679936
5113,2838.1349575099384
5114,2838.3448584828157
5115,2838.3631910255949
5116,2838.393538925648
5117,2838.4659216819291
5118,2838.6232750761515
5119,2839.0312286199992
5120,2839.2198488385288
5121,2839.8036691990228
5122,2840.0113648449678
5123,2840.4795032332668
5124,2840.9142085538483
5125,2841.2303844796152
5126,2841.5803028275232
5127,2841.8219956412986
5128,2842.2411677635068
5129,2842.3825685568895
5130,2843.0774703424586
5131,2843.7178089773515
5132,2843.8348000297592
5133,2844.4825515909324
5134,2844.6400528473055
5135,2844.802589637336
5136,2845.0463848230729
5137,2845.6912212649086
5138,2846.0072514465805
5139,2846.6115133611115
5140,2846.637358018183
5141,2846.9805339071172
5142,2847.6515640542821
5143,2847.8411641537664
5144,2848.3191286436818
5145,2848.5626117960687
5146,2848.8911923637634
5147,2848.9314227984514
5148,2849.0058510974272
5149,2849.0297486242271
5150,2849.7679780633966
5151,2850.3266868102555
5152,2850.4766851326758
5153,2851.0903859491109
5154,2851.4015513216546
5155,2851.4407112859508
5156,2851.9529419271257
5157,2852.4285850402175
5158,2852.8212166793514
5159,2852.8799213216657
5160,2853.2973117147517
5161,2853.774118296084
5162,2854.0697125270822
5163,2854.6270099289295
5164,2855.0629803867864
5165,2855.3565190087165
5166,2855.4137806121917
5167,2855.4677734224551
5168,2856.2693150433611
5169,2856.3968026267839
5170,2856.4889104371227
5171,2856.6539841598869
5172,2857.0859802602131
5173,2857.314713803004
5174,2857.4818325068181
5175,2857.6778963984075
5176,2857.9600337679913
5177,2858.5557281312072
5178,2858.6682107084666
5179,2859.6970570084659
5180,2859.7005033923683
5181,2859.72951423115
5182,2859.8710291647299
5183,2860.0561351592678
5184,2860.3901303569601
5185,2860.4806013754937
5186,2860.6658185240112
5187,2861.2901766612963
5188,2861.7172981526869
5189,2862.3299595880999
5190,2862.5193176878347
5191,2862.7216151983985
5192,2863.0582260217002
5193,2863.3359868778211
5194,2863.4278378584254
5195,2864.5891864115792
5196,2864.6884231876074
5197,2864.8032023104506
5198,2864.9169045144558
5199,2865.1713352900038
5200,2865.5448386398107
5201,2865.7955884642356
5202,2866.0730826094668
5203,2866.1570477604937
5204,2866.1908455584171
5205,2866.5676023868846
5206,2866.7765288479168
5207,2866.9655917051946
5208,2866.9758436599568
5209,2867.0516942305803
5210,2867.3005578585608
5211,2867.8188437678077
5212,2868.3249719629753
5213,2868.7578663432746
5214,2869.0948272636592
5215,2869.2959567757412
5216,2869.5508355575571
5217,2870.1569421566132
5218,2870.4599278213218
5219,2870.9605097502281
5220,2871.3936645844742
5221,2871.6079291654059
5222,2871.7302318418838
5223,2871.7441046192621
5224,2872.4635205516875
5225,2872.6165259978734
5226,2872.9355687956281
5227,2874.0338247883592
5228,2874.5392394692385
5229,2874.8925105833755
5230,2875.6304338443661
5231,2876.0882649156201
5232,2876.4889470544308
5233,2876.8378340409772
5234,2876.9191190149731
5235,2877.7801789012728
5236,2877.9171701877399
5237,2878.2388852939289
5238,2878.7738978433899
5239,2879.0552058095823
5240,2879.417273065756
5241,2879.6703417089484
5242,2880.1646380963007
5243,2880.3501122957191
5244,2880.4825842140094
5245,2881.5820383182677
5246,2882.1084248313318
5247,2882.1826157335358
5248,2882.4813978688294
5249,2882.7199450758799
5250,2882.7913946555327
5251,2883.0456843568795
5252,2883.5116337267791
5253,2884.1738230460587
5254,2885.1293526315981
5255,2885.2343454830489
5256,2885.6048914328362
5257,2886.1189680487796
5258,2886.3014075403953
5259,2886.6760711609591
5260,2886.8919566243908
5261,2886.9213139971876
5262,2887.2457261056879
5263,2887.4022396917931
5264,2887.8097059136439
5265,2888.0707076332992
5266,2888.7870419685169
5267,2889.1261176290132
5268,2889.1500151558121
5269,2889.4325890676446
5270,2889.7675641538272
5271,2890.2080126160422
5272,2890.6856870572633
5273,2891.4242653670703
5274,2891.6809871876167
5275,2891.8170844109063
5276,2891.9848305836927
5277,2892.3258057746716
5278,2892.7929111922535
5279,2893.5326582720454
5280,2893.9257454157173
5281,2894.9390513429425
5282,2895.4795215979025
5283,2895.6791436691037
5284,2896.0176427858655
5285,2896.1083854572025
5286,2896.4866043390862
5287,2896.5170691583694
5288,2896.7643081489227
5289,2897.3245584951992
5290,2897.6756614606329
5291,2898.2640366879832
5292,2898.6938381925333
5293,2898.9299759729342
5294,2899.4355077109326
5295,2899.6271341030015
5296,2899.9337445120364
5297,2900.3311618500848
5298,2900.9002908844468
5299,2901.1011091733581
5300,2901.3736908263304
5301,2901.8245064739904
5302,2902.2846414706401
5303,2902.8689585254124
5304,2902.9245906096644
5305,2903.1237193132424
5306,2903.8567409642833
5307,2903.8698943272439
5308,2903.9909518381933
5309,2904.0391504717986
5310,2904.6811932955588
5311,2904.9615884259192
5312,2905.007911987344
5313,2905.1388433706225
5314,2905.3963814315798
5315,2906.0853244686605
5316,2906.3669765292957
5317,2906.5572145285814
5318,2906.6840656361119
5319,2906.8668583975268
5320,2907.2771120653488
5321,2907.496683359187
5322,2907.6571695127482
5323,2907.7872184656499
5324,2908.0236226799029
5325,2909.1753363994931
5326,2909.405097351409
5327,2909.4981871906189
5328,2910.2468081814982
5329,2910.7392639612071
5330,2910.9942303625753
5331,2911.8881593278998
5332,2912.1348652002171
5333,2912.4417027494824
5334,2912.898523903048
5335,2913.2016124131419
5336,2913.4377247234988
5337,2913.9717598829138
5338,2914.4260141350283
5339,2915.0203099646892
5340,2915.3864216066472
5341,2916.1834005021183
5342,2917.1454246083954
5343,2917.2397478714142
5344,2917.7259847257164
5345,2918.215687596542
5346,2918.7206151085034
5347,2918.8086835818267
5348,2918.8874555154866
5349,2919.0608832751186
5350,2919.8237223799783
5351,2920.1323527466679
5352,2920.6799100115195
5353,2921.083703036968
5354,2921.1799275043099
5355,2921.9803955046727
5356,2922.364132193371
5357,2922.5181047626907
5358,2922.988129835072
5359,2923.4036809585241
5360,2923.5816669084275
5361,2924.0149174866829
5362,2924.0516108191696
5363,2924.5123881823406
5364,2924.7050093159241
5365,2924.9020602539813
5366,2924.936125602851
5367,2925.246861887149
5368,2925.2846115119419
5369,2925.7864507704198
5370,2926.5635266631348
5371,2926.8096799602367
5372,2927.6176411735887
5373,2927.915826340386
5374,2928.091141913113
5375,2928.4762789380252
5376,2928.5999716914293
5377,2929.1814852256034
5378,2929.6261587038894
5379,2930.0082835887952
5380,2930.0815997909458
5381,2930.3904640150399
5382,2930.5105457361165
5383,2932.1568722691995
5384,2932.5558405502929
5385,2932.7158394942758
5386,2933.4682110923477
5387,2933.5087235799415
5388,2933.8636282035868
5389,2934.2874737583011
5390,2934.4681499896437
5391,2934.8718654832219
5392,2934.9917717856783
5393,2935.3233348553467
5394,2935.4535031527926
5395,2936.158788090067
5396,2936.9909795676626
5397,2937.3645394085229
5398,2937.5512940190674
5399,2937.9130637994758
5400,2938.1022342649071
5401,2938.4357393944838
5402,2939.2730603853906
5403,2939.4723877425704
5404,2939.7209961571025
5405,2940.397844348598
5406,2940.6558799256054
5407,2940.8591626217021
5408,2941.2005366968733
5409,2941.2990429489955
5410,2941.6115413041139
5411,2942.0918322309158
5412,2942.1880343008033
5413,2942.4579265097377
5414,2942.9069407171796
5415,2943.2585371070313
5416,2943.5562102454178
5417,2943.8537452850901
5418,2944.3742508088703
5419,2944.5283310500345
5420,2944.7980542185105
5421,2945.0622528047179
5422,2945.128178518929
5423,2945.3785677912456
5424,2945.4702925006209
5425,2945.6097671275961
5426,2945.9230496018458
5427,2946.5611826330301
5428,2946.8719488959864
5429,2946.9594795859057
5430,2947.5808556782008
5431,2947.7048111244058
5432,2947.7443430914363
5433,2947.9629939468068
5434,2948.022112743311
5435,2948.1935344215185
5436,2948.3240166676019
5437,2948.3963153416594
5438,2948.5973202201335
5439,2950.6533746144742
5440,2950.9410315166851
5441,2951.2157385172254
5442,2952.1660922722567
5443,2952.4412713765864
5444,2952.4859659215758
5445,2952.5918527060148
5446,2953.001316886131
5447,2953.6106547027789
5448,2954.496188209725
5449,2955.3932905068382
5450,2955.8386660976457
5451,2956.1025714907291
5452,2956.1554285833513
5453,2956.6177322798617
5454,2957.0606054665486
5455,2957.2939096439359
5456,2957.5744436951995
5457,2958.180680688678
5458,2958.3239324328783
5459,2959.5712264144399
5460,2959.8674281801054
5461,2960.567643396023
5462,2960.6118961036309
5463,2960.7866906242252
5464,2961.5231025338817
5465,2961.5481319195751
5466,2961.8181866026985
5467,2962.2090474201545
5468,2962.9492844928009
5469,2963.15660443557
5470,2963.5927458934698
5471,2963.9300713815073
5472,2964.390619718883
5473,2964.4744462100034
5474,2964.7070655567973
5475,2964.9828072104706
5476,2965.2104504063041
5477,2965.7776090311891
5478,2966.6045559808431
5479,2967.1981564811827
5480,2967.6956450031448
5481,2968.1470036622422
5482,2968.4227408344113
5483,2968.5696826102703
5484,2969.5820484091032
5485,2969.6098972005452
5486,2969.7469544823616
5487,2970.4448191939923
5488,2970.5981937716779
5489,2970.848679573191
5490,2971.9661766041627
5491,2972.1899983573271
5492,2972.2361053383779
5493,2972.4942700514721
5494,2972.9799092477365
5495,2973.3168176796812
5496,2974.0581493164523
5497,2974.5908458816843
5498,2974.7066050705826
5499,2975.9434646580912
5500,2976.4566531262026
5501,2976.9466693523946
5502,2977.1802616991754
5503,2977.5608017183349
5504,2978.2764564500949
5505,2978.9330434734347
5506,2978.9616539706253
5507,2979.609824602835
5508,2980.5460034350294
5509,2980.7984667197925
5510,2980.8802236170927
5511,2981.3929898680244
5512,2981.5205778822888
5513,2981.713018364434
5514,2981.8703319971296
5515,2982.4124738260898
5516,2982.4671364445553
5517,2982.6871612996633
5518,2982.7960799922221
5519,2982.8702708944311
5520,2982.9258028216636
5521,2983.2245918044287
5522,2983.4767908130443
5523,2984.3212114601602
5524,2984.5165962566866
5525,2984.5522179510435
5526,2984.911308106176
5527,2985.4754179480815
5528,2985.6821657437822
5529,2986.8414147129233
5530,2987.1098543641306
5531,2987.2348616858962
5532,2987.545955828105
5533,2987.7465372293336
5534,2988.0925097242311
5535,2988.8682796754847
5536,2988.958316220876
5537,2989.261283526489
5538,2989.7954087051157
5539,2989.8284414360651
5540,2990.4195992125833
5541,2990.5979762888114
5542,2990.73564086646
5543,2991.3746233158035
5544,2991.7434580207532
5545,2992.0441965510358
5546,2992.5977302990123
5547,2992.8040752158449
5548,2993.6400805934377
5549,2994.2586161879058
5550,2994.5947160321393
5551,2994.9520909107082
5552,2995.3794692471865
5553,2996.7249121109521
5554,2996.992753737879
5555,2997.0230745205322
5556,2997.687409512429
5557,2998.297912824612
5558,2998.7132940500915
5559,2999.7142904805783
5560,3000.0777681255177
5561,3000.2485282029111
5562,3000.3095121684601
5563,3000.6843673955109
5564,3001.2165959559588
5565,3001.4027052421479
5566,3002.1366092591861
5567,3002.2162718215391
5568,3002.6485307883918
5569,3003.5964777619306
5570,3003.9013213676567
5571,3004.3414747833613
5572,3004.5947127415811
5573,3004.7268056326902
5574,3004.9483673397131
5575,3005.2872544044299
5576,3005.4401002685659
5577,3005.9890153673032
5578,3007.025141281259
5579,3007.1260489657698
5580,3007.7403487438628
5581,3007.9204053708295
5582,3008.2448039047686
5583,3008.4982487442767
5584,3008.7509504863933
5585,3008.7873280875137
5586,3009.2158007357007
5587,3009.2885307026995
5588,3010.0109275082082
5589,3010.4235079634354
5590,3010.9812131184935
5591,3011.4392809727224
5592,3012.119387528981
5593,3012.1335919464673
5594,3012.4570906720583
5595,3013.475004096767
5596,3013.752880815287
5597,3014.6101209287494
5598,3014.9957764817677
5599,3015.1733018477235
5600,3015.5907251216745
5601,3015.9370575057765
5602,3016.4864962194943
5603,3016.5458067591348
5604,3017.3449642669557
5605,3017.9603539949626
5606,3018.4104118022324
5607,3018.703540045035
5608,3018.747151297338
5609,3019.6383346219318
5610,3020.0390615432661
5611,3020.206452555627
5612,3020.4602155763137
5613,3020.5550669300319
5614,3021.1301816793002
5615,3021.8675826652011
5616,3021.9398688414321
5617,3022.2858945808175
5618,3022.8073398440688
5619,3023.1326285685404
5620,3023.6179808882753
5621,3023.9756207452851
5622,3024.409532872648
5623,3024.5924002973061
5624,3025.1834575746475
5625,3025.283417468288
5626,3025.6297255993286
5627,3026.0267220842888
5628,3026.5132697336153
5629,3026.7911828297338
5630,3027.2123643577606
5631,3027.4010861441507
5632,3027.5547781167811
5633,3027.7449395516369
5634,3028.1464963826452
5635,3028.3855351471216
5636,3028.4914138576532
5637,3028.6821748898287
5638,3029.336539639336
5639,3029.3408897079776
5640,3029.3966610767479
5641,3029.5645295923046
5642,3029.8296914883558
5643,3030.3799200369672
5644,3031.0475351553569
5645,3031.7026395610437
5646,3031.7423871007491
5647,3032.313313294725
5648,3033.5586983466242
5649,3034.1558662532411
5650,3034.5606500276767
5651,3034.9078516911477
5652,3035.3098495058907
5653,3035.667929186262
5654,3036.0653763154342
5655,3036.4233122792316
5656,3036.9594737409252
5657,3037.8721205053716
5658,3038.5241786679467
5659,3038.7742433553458
5660,3039.0007391937384
5661,3039.2864252964105
5662,3040.3236828564345
5663,3040.3467578397481
5664,3040.9446474905094
5665,3041.0789876649396
5666,3041.5468177825937
5667,3041.5896977705238
5668,3042.0933149498528
5669,3042.3268047823458
5670,3042.6029685880571
5671,3042.9711183619816
5672,3043.3015473950263
5673,3043.3642585270122
5674,3044.3665004340141
5675,3045.4004559520044
5676,3045.6637209694263
5677,3045.98124453642
5678,3046.1351695789731
5679,3046.4190676994872
5680,3046.8699814884835
5681,3047.444782537269
5682,3047.709170762806
5683,3047.8661812100436
5684,3047.9470116932034
5685,3048.6506491076993
5686,3048.8870275519166
5687,3049.4064533209121
5688,3049.7108376599708
5689,3050.1180349363735
5690,3050.987156738383
5691,3051.1442131216836
5692,3051.3995590189993
5693,3052.5277125652137
5694,3053.3847992478659
5695,3053.6352747764054
5696,3054.1884624532163
5697,3054.4722512711255
5698,3055.3435453027705
5699,3055.8714261113441
5700,3056.5120198125214
5701,3056.7460645599194
5702,3057.5689489683173
5703,3057.8060220715715
5704,3058.156085590062
5705,3058.3781085122782
5706,3058.6845527564205
5707,3059.206623754028
5708,3060.0770235397126
5709,3060.4576471442765
5710,3060.7049689958026
5711,3060.9752125146697
5712,3061.7685826808515
5713,3062.1133561184006
5714,3062.654855032928
5715,3062.8993951505918
5716,3063.5508567853531
5717,3064.4528596854266
5718,3064.845677129505
5719,3064.9984466352425
5720,3065.1474393060939
5721,3065.7208239860979
5722,3066.6049147266799
5723,3066.9335792054048
5724,3067.3326308893488
5725,3067.6124538018794
5726,3067.7478631816639
5727,3067.9237415923349
5728,3068.3707837687016
5729,3068.702568165957
5730,3068.8313410152418
5731,3069.0505489826523
5732,3069.1407999738371
5733,3069.3654006618108
5734,3069.6913052789855
5735,3069.7994087682855
5736,3069.8150949320302
5737,3069.8302052563199
5738,3070.1123974390616
5739,3070.237459327228
5740,3070.3884686641509
5741,3071.081270963291
5742,3071.6001261691231
5743,3071.8497019305696
5744,3072.5302056170458
5745,3074.3027036619592
5746,3074.7789476171411
5747,3075.2502643798912
5748,3076.6777684513181
5749,3076.8881511444624
5750,3077.5534419442615
5751,3077.8457460283298
5752,3077.9763029054898
5753,3078.7655248891742
5754,3079.1886942345659
5755,3079.393081925868
5756,3079.8859466514118
5757,3080.1251368495373
5758,3080.475737235834
5759,3080.7000622036508
5760,3081.457173598581
5761,3082.1048896869288
5762,3082.3417657524392
5763,3083.2978858182551
5764,3083.7617949205141
5765,3084.1948631268315
5766,3084.5649408430841
5767,3084.8529394317989
5768,3085.4577895711823
5769,3087.1674784304405
5770,3087.5767124696899
5771,3087.5864200890401
5772,3087.6808029241542
5773,3087.9942000550323
5774,3088.3891475838127
5775,3088.600917478775
5776,3089.2374790338195
5777,3089.7561461976347
5778,3089.9811263668853
5779,3090.134029616358
5780,3090.2618400836018
5781,3090.6517313516501
5782,3091.0634313577525
5783,3091.709800277391
5784,3091.7924943056228
5785,3092.6329364376597
5786,3092.745944755909
5787,3092.9627154597147
5788,3092.9927425710289
5789,3093.4742545419117
5790,3093.771832086054
5791,3094.6110307347676
5792,3095.1862061416864
5793,3095.3180885450288
5794,3095.7097224449717
5795,3095.9125212669342
5796,3096.9922033471271
5797,3097.5249811457174
5798,3097.8911539045721
5799,3098.2407775779957
5800,3098.2883708246018
5801,3098.5696994660907
5802,3098.7064298325377
5803,3099.5121130413513
5804,3100.1247352257151
5805,3100.2209570280538
5806,3100.7521080066035
5807,3101.1791111594857
5808,3101.6375627725129
5809,3101.7940787665807
5810,3102.339353090335
5811,3103.0846759875171
5812,3103.6977809893815
5813,3104.0294464307226
5814,3104.6859178367113
5815,3104.981769275194
5816,3105.1302551920817
5817,3105.6811121359883
5818,3106.1355383807049
5819,3106.22412881223
5820,3106.5217754576938
5821,3106.9590947540592
5822,3107.8237435082829
5823,3107.9388386809678
5824,3108.3927118899337
5825,3108.7153586360082
5826,3109.18650663171
5827,3109.3265163799051
5828,3109.4729488305984
5829,3110.161317434392
5830,3110.2228861708227
5831,3110.303757239064
5832,3110.6220976219124
5833,3110.6704028295885
5834,3111.195592794847
5835,3111.6463509553564
5836,3112.2385039776823
5837,3112.5618458030417
5838,3112.7959338824726
5839,3113.0183173839091
5840,3113.5512183741885
5841,3113.9177438613206
5842,3115.2833855314575
5843,3115.4340706049957
5844,3116.3603861928145
5845,3117.1570405062316
5846,3117.2334619200315
5847,3117.9105931178142
5848,3118.765465296246
5849,3119.6297645353616
5850,3120.1715032184702
5851,3120.2286561343171
5852,3120.2917836947777
5853,3120.8723319425653
5854,3121.0313641138628
5855,3121.1160266600396
5856,3121.1641806367456
5857,3122.0580809721664
5858,3123.5790345071591
5859,3123.8066938936277
5860,3124.0708903930622
5861,3124.5658593570734
5862,3125.0099679235641
5863,3125.710468737971
5864,3126.0190828315112
5865,3126.6401905259954
5866,3127.1835638712209
5867,3127.4444830564876
5868,3127.7547509701963
5869,3128.1294187533085
5870,3128.1936000432624
5871,3129.2841269723017
5872,3130.2948908034996
5873,3130.4630696614631
5874,3130.6983078790877
5875,3131.5411701929588
5876,3131.5921180742489
5877,3132.4392257698651
5878,3133.1130091026121
5879,3133.272453883038
5880,3133.6713976161977
5881,3134.0769885657464
5882,3134.2649654514316
5883,3134.3380443168894
5884,3134.8845897635601
5885,3135.579786981561
5886,3136.1666032092394
5887,3136.5159649490333
5888,3136.8543463403112
5889,3137.3122802509915
5890,3137.6009772148036
5891,3138.562438696692
5892,3138.8841479977286
5893,3139.0193350308796
5894,3139.1917614810609
5895,3139.936634222574
5896,3139.9663371802631
5897,3140.3320227505837
5898,3140.7623865640758
5899,3141.5849163543571
5900,3142.1234843321595
5901,3143.0574516433849
5902,3143.6017724244666
5903,3143.7820282221614
5904,3144.2008176339068
5905,3144.8296096338672
5906,3145.2519891545994
5907,3145.4843164999279
5908,3145.9386198303678
5909,3146.1499883796364
5910,3146.5559800595838
5911,3146.9817018716535
5912,3148.2515543879481
5913,3148.4687594637453
5914,3148.6318464772071
5915,3149.0147373579266
5916,3149.6005638390111
5917,3150.1484494698698
5918,3150.3802067845272
5919,3150.4692674999515
5920,3150.8296948881521
5921,3151.3357678644907
5922,3151.5169737273764
5923,3152.6010539426361
5924,3153.2552983382279
5925,3153.4426774960853
5926,3153.5073690463896
5927,3154.0367388828245
5928,3154.8584841977781
5929,3155.2338185587178
5930,3155.6024186774789
5931,3156.195451285203
5932,3156.3641830700903
5933,3156.9915153683719
5934,3157.292285755901
5935,3157.8277797371243
5936,3158.1861378889935
5937,3158.5459185087075
5938,3158.987640633979
5939,3159.735913643794
5940,3159.8783199200629
5941,3160.9786957257597
5942,3161.108418555209
5943,3161.2355622622758
5944,3161.5755553833683
5945,3161.5877447778375
5946,3162.6578621404788
5947,3162.7942006295643
5948,3163.1031493666424
5949,3163.3261406803531
5950,3164.1276542146315
5951,3164.4757173623102
5952,3165.0290054053607
5953,3165.5568128405175
5954,3165.7882440763187
5955,3166.5315941106792
5956,3167.6258971150128
5957,3167.686913731769
5958,3168.2424042830949
5959,3168.5551217380498
5960,3168.8650542007836
5961,3168.8944684044995
5962,3169.3401368979794
5963,3169.9772276685958
5964,3170.4979940775443
5965,3171.4075731624748
5966,3171.7786883908861
5967,3171.8987586538515
5968,3172.3209717629302
5969,3172.9727278862961
5970,3173.1564152931696
5971,3173.8722643377155
5972,3174.2183147776818
5973,3175.174372770573
5974,3175.3408271661474
5975,3176.2088136886232
5976,3177.0459937020246
5977,3177.2463844571889
5978,3177.832457107505
5979,3178.4565561551603
5980,3179.0543758672297
5981,3179.6016367783477
5982,3180.0255755995768
5983,3180.5825608827017
5984,3180.6107238660625
5985,3181.2762551840306
5986,3181.8678139896174
5987,3182.484629921621
5988,3182.9094213662338
5989,3183.4258072815132
5990,3183.6416498343592
5991,3184.1405463235451
5992,3184.7121970114758
5993,3184.9735440391482
5994,3185.1508884089558
5995,3185.632990512036
5996,3186.0495998831202
5997,3186.2935535631364
5998,3186.8591606673554
5999,3187.0327393490079
6000,3187.6057398342132
6001,3187.7677620621903
6002,3187.8558573271703
6003,3187.8876659439356
6004,3188.1105247645964
6005,3188.3378486646552
6006,3188.3684580850481
6007,3189.0348078342886
6008,3189.3579304062314
6009,3189.4614965724595
6010,3189.8180077351099
6011,3190.5203698219771
6012,3190.5563920406789
6013,3190.7326875232225
6014,3190.8517083534948
6015,3190.9271186961278
6016,3192.2437347205523
6017,3192.7640294521552
6018,3193.969886093189
6019,3196.0953341393765
6020,3196.7589524905902
6021,3196.8908562141282
6022,3197.0408038902674
6023,3197.482696015983
6024,3197.7592198166763
6025,3198.3177051293173
6026,3198.6656454277845
6027,3199.4421886970372
6028,3200.0501983987492
6029,3200.1184225301636
6030,3200.4786856705969
6031,3201.0861315401276
6032,3201.5578442475789
6033,3201.6958219149492
6034,3202.0636929664943
6035,3202.5228895687173
6036,3203.2801601841516
6037,3203.7997729850244
6038,3204.1629986167641
6039,3204.6861272544079
6040,3205.4882176502724
6041,3206.365509216786
6042,3207.025438767399
6043,3207.4484952616199
6044,3207.8882698373941
6045,3208.2454473187672
6046,3208.861528411056
6047,3209.1505290409677
6048,3209.9979235968817
6049,3210.3957419127491
6050,3210.5751344342766
6051,3211.0027434359722
6052,3211.3775393142696
6053,3211.7159805078481
6054,3212.0152498109924
6055,3212.2190059680438
6056,3212.3384819867797
6057,3212.7072663344907
6058,3213.3122816254422
6059,3213.3939528113074
6060,3214.2491376770113
6061,3214.3796003175935
6062,3214.8691998680274
6063,3215.2153634767928
6064,3216.6686989658415
6065,3217.797937156306
6066,3217.9609719334203
6067,3218.2580586488552
6068,3219.1595350975963
6069,3219.3078907803124
6070,3219.7294335161296
6071,3220.3510779138937
6072,3220.6369652533135
6073,3220.8132329849245
6074,3221.2066008572106
6075,3221.795725165452
6076,3222.2192939296328
6077,3222.6694758790254
6078,3223.1518602484475
6079,3223.6284510418031
6080,3223.8945825071364
6081,3224.3676948779171
6082,3225.4568687040505
6083,3226.0088350747442
6084,3226.6331990351769
6085,3226.7590739390307
6086,3227.5910463651053
6087,3228.0568376174156
6088,3228.1343415766528
6089,3228.3187264561279
6090,3228.9011840586204
6091,3229.5034650848347
6092,3230.1583921924812
6093,3230.4882312098021
6094,3230.7782314982046
6095,3231.1208420518833
6096,3231.873444027784
6097,3232.3586316321525
6098,3232.7105515483745
6099,3232.7158653006268
6100,3233.1050751927546
6101,3233.6283711345677
6102,3234.4185861091246
6103,3234.8751646490664
6104,3235.5284112998961
6105,3235.9825143020953
6106,3236.5170601911495
6107,3236.5607242458209
6108,3236.6456153130639
6109,3236.8645176840037
6110,3237.4478670131102
6111,3237.4598149515818
6112,3237.9716589514983
6113,3238.2687844513675
6114,3239.0814883796088
6115,3239.8823969303444
6116,3240.4751330629929
6117,3240.5638280263706
6118,3241.2772182478425
6119,3243.1509205211087
6120,3243.3153329301317
6121,3244.2010758655069
6122,3245.3899176100208
6123,3245.6258625645896
6124,3246.1066103037479
6125,3246.4952670237403
6126,3246.7327563431236
6127,3247.460127465321
6128,3247.6718956488317
6129,3248.1004329820544
6130,3248.1872393598105
6131,3248.6897995794966
6132,3249.4089911375549
6133,3250.1558015629557
6134,3250.5978198793432
6135,3250.6740000882514
6136,3250.8572661042135
6137,3251.4067911984471
6138,3251.9556195311725
6139,3252.2728056529158
6140,3252.5159421623762
6141,3253.5602961895243
6142,3254.7316966652284
6143,3254.9209039843599
6144,3255.2114554018035
6145,3255.9172037277826
6146,3256.6180342963935
6147,3257.1598624693725
6148,3257.4595414693908
6149,3257.784239351975
6150,3257.9026139795337
6151,3258.7010687554484
6152,3258.8781129721301
6153,3259.2114763384252
6154,3260.4374700588787
6155,3260.7689842269579
6156,3260.9498946514068
6157,3261.7960737160856
6158,3261.8253000346058
6159,3262.181339720747
6160,3262.4512670459312
6161,3262.6359651449548
6162,3262.9743551259162
6163,3264.4627228798031
6164,3264.9692987523031
6165,3265.0575357964331
6166,3265.8036164592559
6167,3265.8305766120102
6168,3266.38961604517
6169,3266.5871478517047
6170,3267.3344997792756
6171,3267.8972104063023
6172,3268.2171066962796
6173,3268.7012353424893
6174,3268.7859079086893
6175,3268.9507909517556
6176,3269.1294278285477
6177,3269.1897205174214
6178,3269.7696822266703
6179,3270.4690931924497
6180,3270.5955235227057
6181,3270.9568063424717
6182,3271.2398892381457
6183,3271.2595892411678
6184,3271.7702452780736
6185,3272.1082252990614
6186,3272.8308180799609
6187,3273.502441868829
6188,3273.7068767503833
6189,3275.3642989980826
6190,3275.8212900513631
6191,3276.9870558247767
6192,3277.3369767994
6193,3278.1188602000411
6194,3278.311415962135
6195,3279.0984019474795
6196,3279.625077528066
6197,3279.9321341333166
6198,3280.2355789170365
6199,3280.8884647208597
6200,3281.4137737430729
6201,3281.7977361725698
6202,3282.2192070866554
6203,3282.7518617158266
6204,3282.8497956933511
6205,3283.4697148491068
6206,3283.9145535232219
6207,3284.5244158328528
6208,3284.6335518839751
6209,3285.3141155104254
6210,3285.5098117293946
6211,3285.5521644304672
6212,3286.1637320375175
6213,3286.8039893975038
6214,3287.2403527745319
6215,3287.3765885359594
6216,3288.1491246551873
6217,3288.4819112390078
6218,3288.8462585019288
6219,3289.0458678955133
6220,3290.4142420085823
6221,3290.6715190172313
6222,3291.0813541803705
6223,3292.4403381428474
6224,3292.6960172219233
6225,3293.2058500286371
6226,3293.3301097594162
6227,3294.0991046693885
6228,3294.5175027335008
6229,3295.3418867513533
6230,3295.6621927610822
6231,3295.94625949902
6232,3296.6307237356864
6233,3296.9305025466711
6234,3298.0001206022735
6235,3298.8195388776512
6236,3299.8330823811766
6237,3300.368313009631
6238,3300.8403025112289
6239,3301.2281610562122
6240,3301.6631156836474
6241,3302.3619848953913
6242,3302.5506043457021
6243,3302.963808220843
6244,3303.3986223746929
6245,3304.198614259888
6246,3304.8959280419353
6247,3305.97021277469
6248,3306.1381671794234
6249,3306.4208591291513
6250,3306.6703033131694
6251,3306.969773786217
6252,3307.4289313206978
6253,3307.7589050852635
6254,3308.0260694681197
6255,3308.126465339335
6256,3308.5828631781278
6257,3309.0579458753232
6258,3309.2490062328693
6259,3310.3113900868725
6260,3310.3660652797107
6261,3310.6938972987919
6262,3311.085529039869
6263,3311.490227588748
6264,3312.337152000654
6265,3312.8868706416074
6266,3313.1464142112527
6267,3313.7624027150796
6268,3313.8961518552428
6269,3314.3268246933394
6270,3315.6283533515507
6271,3315.6638905977593
6272,3316.8121919108607
6273,3317.2726123918314
6274,3317.8395044044864
6275,3318.2691954247734
6276,3318.3842633350487
6277,3319.2717993803503
6278,3319.4598603354602
6279,3319.7918281522866
6280,3320.1633974907804
6281,3320.7839448594004
6282,3321.4743280351745
6283,3321.8089962532663
6284,3321.9835441429823
6285,3322.9938649633032
6286,3324.0258072256365
6287,3324.3727660650493
6288,3324.9976218887737
6289,3325.3869110334736
6290,3326.257062793276
6291,3327.6404252689658
6292,3327.9009596463447
6293,3328.8890418949836
6294,3329.7950934160722
6295,3329.8816112259342
6296,3330.1830960233442
6297,3330.4187211093099
6298,3330.4837880157534
6299,3330.8711490405531
6300,3331.1839055722567
6301,3332.0447210213938
6302,3332.3057286031722
6303,3332.7168796283381
6304,3333.4700552607396
6305,3334.4133894243446
6306,3334.9577319453028
6307,3335.3471395134043
6308,3336.0241391370978
6309,3336.4535900474293
6310,3336.5144100707194
6311,3337.0102314741894
6312,3337.2483794067175
6313,3337.4679033194702
6314,3338.0161279578001
6315,3338.2077383820524
6316,3338.9384549608199
6317,3339.3108175752927
6318,3339.8362315074992
6319,3340.0734325360236
6320,3340.5098414870581
6321,3340.9937821815047
6322,3341.5461773668585
6323,3342.0096878223308
6324,3342.5784065194853
6325,3344.0916123988413
6326,3344.3528506984703
6327,3344.5968813650375
6328,3345.0789272996244
6329,3345.6672632035679
6330,3346.2292988397176
6331,3346.2584337110125
6332,3346.3913989867106
6333,3346.7016730123778
6334,3346.9094085480938
6335,3347.540145669002
6336,3348.0948470826129
6337,3348.2081102080892
6338,3349.2551656887572
6339,3349.4967858976879
6340,3349.8240861391373
6341,3349.9289399366426
6342,3350.342543223027
6343,3350.61398351553
6344,3351.1424953082433
6345,3351.7572897417672
6346,3352.1303033091185
6347,3352.2736058777828
6348,3353.4684364560344
6349,3354.0926245417313
6350,3354.211803186362
6351,3354.6095634549515
6352,3354.9588245102254
6353,3355.8334346363849
6354,3356.1538275196231
6355,3356.5561413535966
6356,3356.837022817153
6357,3357.966350310418
6358,3358.4337407072712
6359,3359.0389305528543
6360,3359.6786352210584
6361,3360.2824076570655
6362,3361.3477534340959
6363,3361.6767240895879
6364,3362.1181894527058
6365,3363.0454764886704
6366,3363.1918242137212
6367,3364.3224000799369
6368,3364.8047520443338
6369,3365.0007454563279
6370,3365.1949073800379
6371,3366.0479369711961
6372,3366.0689580414332
6373,3366.4768829163809
6374,3366.5065129723216
6375,3367.2004236809807
6376,3368.4558398533286
6377,3368.4849196919522
6378,3369.432855856146
6379,3369.7448624310227
6380,3370.4378429871863
6381,3371.3625274997548
6382,3371.5453689223555
6383,3371.8492491367397
6384,3372.5874667393177
6385,3373.1616851704716
6386,3374.0384777353634
6387,3374.5877571324186
6388,3374.8383240885919
6389,3374.850133882162
6390,3375.8372564271613
6391,3376.71616926249
6392,3376.894717914553
6393,3378.054857583069
6394,3379.0764388967091
6395,3379.5547759284291
6396,3380.3880060638344
6397,3381.1306452771737
6398,3381.590472870048
6399,3381.8288991622912
6400,3382.0104788091817
6401,3382.3566289343844
6402,3382.6311243839923
6403,3383.2833865782732
6404,3383.6490969223096
6405,3383.892716684546
6406,3384.438168136875
6407,3384.8980948648268
6408,3386.0888270322034
6409,3386.2817252977984
6410,3386.6593520675265
6411,3387.5162381538498
6412,3388.4076085568568
6413,3388.5054099323256
6414,3389.0384679419312
6415,3389.3086822600035
6416,3389.4552428295801
6417,3389.5502988668677
6418,3389.5846602654551
6419,3390.070870321731
6420,3390.2211617095977
6421,3390.3918090655961
6422,3390.5472351979133
6423,3391.2383546788133
6424,3391.3657328845702
6425,3392.2324041491415
6426,3392.4317534105571
6427,3392.8922024477774
6428,3393.8988140800429
6429,3394.6750203080937
6430,3396.2285698602623
6431,3396.7649525184306
6432,3397.5276385683082
6433,3398.697441903852
6434,3399.1632765600739
6435,3399.9362170733084
6436,3400.566391254576
6437,3401.0957470608773
6438,3401.4960269371154
6439,3402.0464663528487
6440,3403.230324600218
6441,3403.4407247681879
6442,3404.0942260581205
6443,3404.4875252780694
6444,3404.8151231831093
6445,3405.1165785601802
6446,3405.5483855893631
6447,3405.9044447692695
6448,3406.8470405268231
6449,3407.1783629999368
6450,3407.3849186773587
6451,3407.9829012652176
6452,3408.6176875232968
6453,3409.2189488770155
6454,3409.4434241302083
6455,3410.0146077960562
6456,3410.8914996819963
6457,3412.6968973627918
6458,3412.9874835288315
6459,3413.2638471385544
6460,3413.3588301076916
6461,3413.8247013389464
6462,3413.9374571181006
6463,3414.4500578759908
6464,3415.3366832101165
6465,3415.9016428412237
6466,3416.3035570398051
6467,3416.4693949601938
6468,3416.8262815359499
6469,3417.5856885227117
6470,3417.8366691773981
6471,3417.8895550963498
6472,3417.9936087100486
6473,3418.7663162014683
6474,3419.0763733655308
6475,3419.6103031977623
6476,3419.6961583077923
6477,3420.7229382596097
6478,3421.4516025377534
6479,3421.7107394016293
6480,3421.8437046773283
6481,3422.198904725245
6482,3423.4196432934127
6483,3423.6518622461972
6484,3424.5325670260086
6485,3425.1582487544811
6486,3425.2276207067539
6487,3425.3459375027473
6488,3426.0321144092745
6489,3426.1158573078433
6490,3426.5641810525617
6491,3427.1306184059154
6492,3427.2050601324822
6493,3427.7857899996375
6494,3428.2481800087094
6495,3428.7916114763643
6496,3429.0753302933922
6497,3429.3034959406768
6498,3429.6837331465745
6499,3429.7789069290034
6500,3429.9962775010977
6501,3430.6642960741115
6502,3431.4695838366601
6503,3431.8853679357317
6504,3432.9654304953033
6505,3433.684143245242
6506,3435.7697461103457
6507,3436.0299162307651
6508,3436.7657231189964
6509,3437.3900385967286
6510,3437.5762422363555
6511,3439.2303941268174
6512,3439.9044985474302
6513,3440.106988327555
6514,3440.6126771961094
6515,3440.9491052960425
6516,3441.7752896689049
6517,3442.0154838280546
6518,3442.3100460600176
6519,3442.6320312908979
6520,3442.9985603452574
6521,3443.5469065947123
6522,3443.8571993854694
6523,3444.3968743901069
6524,3444.7172876666627
6525,3444.7719262595087
6526,3444.9307983298286
6527,3445.7578252146513
6528,3446.5331021766924
6529,3446.7698989063206
6530,3447.67037439554
6531,3448.3698698152434
6532,3448.7531749086666
6533,3449.8080158781572
6534,3450.4891369964816
6535,3452.310149068735
6536,3453.1273907134532
6537,3453.4022366086701
6538,3454.2722990523935
6539,3454.545533024886
6540,3454.8209589491184
6541,3455.5564337597084
6542,3456.0774809228224
6543,3456.1721872788621
6544,3456.8681075489544
6545,3457.0625602076539
6546,3457.4627844997931
6547,3457.8131973500954
6548,3458.7884252049748
6549,3458.7921513393198
6550,3459.6646601616021
6551,3460.4916006400722
6552,3461.3488826541061
6553,3461.6788972111331
6554,3461.8352241878933
6555,3461.8411653959788
6556,3462.5852844646633
6557,3463.1829754560749
6558,3463.9284052336484
6559,3464.3297629727372
6560,3464.6258956094084
6561,3464.8264693945703
6562,3465.7158485155537
6563,3466.5227998271089
6564,3467.0737990267858
6565,3467.4204447698676
6566,3467.9474299000244
6567,3468.4108596492401
6568,3468.6465992264762
6569,3469.0177866897116
6570,3469.8290385973069
6571,3470.0249813587839
6572,3470.834530333339
6573,3470.9059531021981
6574,3471.6768792616517
6575,3472.0235375805219
6576,3472.2059551175639
6577,3472.2817204029247
6578,3472.3689769785706
6579,3474.0519424851891
6580,3474.1872154878001
6581,3476.2924282331687
6582,3478.0751266157295
6583,3478.7514329397141
6584,3478.9760012204188
6585,3479.0060395359924
6586,3479.5186415987209
6587,3480.1006229888299
6588,3480.5017915069966
6589,3480.6873261598871
6590,3481.4594852001924
6591,3481.8945863670901
6592,3482.2487430254446
6593,3482.7277975133979
6594,3483.1001912705033
6595,3484.2807555653894
6596,3484.9935680385652
6597,3485.0724532831241
6598,3485.3538629284758
6599,3486.1502761122729
6600,3486.7233349347007
6601,3487.5903572643974
6602,3488.1145655791229
6603,3488.7161528291758
6604,3488.9377848390436
6605,3489.9225990372429
6606,3491.2642848084379
6607,3491.3004037883752
6608,3492.1484604057714
6609,3493.0306889275412
6610,3493.1194085714424
6611,3493.5636970481305
6612,3493.7276754534523
6613,3494.1213181927528
6614,3494.4077336084615
6615,3495.2713203083631
6616,3495.3927870423909
6617,3495.7023900638223
6618,3496.4585927485518
6619,3496.8737053424552
6620,3497.0427764590145
6621,3497.2256662330578
6622,3497.5447794513984
6623,3497.839625857041
6624,3498.4787803485565
6625,3498.6552363377923
6626,3498.7911341578269
6627,3498.8685235879566
6628,3498.9124178709012
6629,3499.2959535782766
6630,3500.0489923144278
6631,3500.3816335354099
6632,3501.9927634268356
6633,3502.5406541038237
6634,3502.582924096535
6635,3503.2342124831839
6636,3504.5244116899412
6637,3504.74741777594
6638,3505.6720933547826
6639,3506.5256762568597
6640,3506.9805853982839
6641,3507.0675028662913
6642,3507.2746480127107
6643,3507.4451167442799
6644,3508.1084850559805
6645,3508.6050707065374
6646,3509.3019447127263
6647,3509.413279750052
6648,3510.2361015120964
6649,3510.7519468745472
6650,3511.8197270067049
6651,3512.5208321590935
6652,3513.463040242887
6653,3514.1026777409315
6654,3514.4430647733384
6655,3515.3568042380507
6656,3516.8041112330161
6657,3517.3265362131237
6658,3517.4877931601236
6659,3518.2765996241378
6660,3518.910105426628
6661,3518.9357824480899
6662,3519.9859525532561
6663,3520.6704531317941
6664,3521.1604849170972
6665,3521.5869617267531
6666,3521.9656190680748
6667,3522.4528935465296
6668,3522.8707645501304
6669,3523.5760232261937
6670,3523.7531094682299
6671,3523.9368260418173
6672,3524.5672546590217
6673,3524.7589846953501
6674,3525.366478686949
6675,3525.6029931028488
6676,3526.4210314383013
6677,3526.7824149521225
6678,3527.8390959099229
6679,3528.8855911348151
6680,3529.5172246250586
6681,3530.3152717324319
6682,3530.9090266418366
6683,3531.7802900393604
6684,3532.9392040330104
6685,3533.3786078071744
6686,3534.1904653808633
6687,3534.6644629690654
6688,3534.7233266308817
6689,3535.7227691341609
6690,3536.1686632699352
6691,3536.2439891782014
6692,3536.5149218709048
6693,3536.8211308961741
6694,3537.0956570774561
6695,3537.2875298785107
6696,3537.4615020347865
6697,3537.8039157937965
6698,3538.1108857030299
6699,3538.7751969034339
6700,3539.3796867447431
6701,3540.9968262811449
6702,3541.9488414619709
6703,3542.5339531121394
6704,3542.8039738870643
6705,3544.2378723426923
6706,3544.3480629601117
6707,3545.0363734831781
6708,3545.7405124617371
6709,3546.0028662580835
6710,3546.2282728333212
6711,3546.7944728787256
6712,3547.3721791605863
6713,3547.7164109906921
6714,3548.3018249004735
6715,3548.3668825917689
6716,3549.5190177364798
6717,3549.8736068755961
6718,3550.0475595415019
6719,3550.7070899884034
6720,3551.4643635551893
6721,3552.1646316253368
6722,3553.0209398221418
6723,3553.6552660954549
6724,3553.8895184177654
6725,3554.3215441200882
6726,3554.4283069110284
6727,3554.5112319054947
6728,3555.2363009738824
6729,3556.0916150100566
6730,3558.0562822550551
6731,3558.395426577827
6732,3559.0142576400413
6733,3559.9478198945253
6734,3560.2515707016187
6735,3560.8084400094936
6736,3561.5856712251039
6737,3561.9450461203405
6738,3562.426264894159
6739,3562.6603080496357
6740,3563.4865828356651
6741,3564.3085725402439
6742,3565.3037955858254
6743,3565.5319717448533
6744,3565.9178312984445
6745,3566.3199453647635
6746,3566.4063164733893
6747,3566.7165904990575
6748,3567.5228638951485
6749,3568.4468840908985
6750,3569.4544883721992
6751,3570.0544785173938
6752,3570.8088326537832
6753,3571.8015930033644
6754,3572.4599906709786
6755,3572.9693755638273
6756,3573.2013222796763
6757,3573.3238472159892
6758,3573.7078407567897
6759,3574.1075420284246
6760,3574.3112877876033
6761,3574.4204963421607
6762,3574.9085677957137
6763,3575.2803268339244
6764,3575.3420725547644
6765,3576.0105397275756
6766,3576.0919324521133
6767,3576.8651310795917
6768,3577.4391289374512
6769,3577.5817685663683
6770,3578.2242316423103
6771,3578.2598498860566
6772,3578.3766396492797
6773,3579.3748171583097
6774,3579.6306748943716
6775,3579.9793060315887
6776,3580.4780258856281
6777,3581.8212778594484
6778,3582.4328910889003
6779,3582.8510199854136
6780,3582.9086733724362
6781,3584.4729192994555
6782,3584.709141200874
6783,3585.2388711486697
6784,3585.6499360937555
6785,3586.3174306818437
6786,3586.7958285599948
6787,3587.5862578773986
6788,3588.1657942206348
6789,3588.7621228041176
6790,3589.6322943840482
6791,3590.0478284563465
6792,3590.8482350167496
6793,3591.7681219487404
6794,3592.5584827073167
6795,3592.7588895206582
6796,3593.380639824773
6797,3593.4653556693752
6798,3594.2926467539401
6799,3594.6036536078072
6800,3595.3575203201272
6801,3597.6882232281605
6802,3598.3682687841265
6803,3599.004720985864
6804,3599.8496413703388
6805,3600.4765591433452
6806,3600.5418339415578
6807,3600.661300744493
6808,3600.8467904063259
6809,3601.3448780589633
6810,3602.2431573483459
6811,3602.9811252060522
6812,3603.4274597233521
6813,3603.8754073603359
6814,3604.1966843753089
6815,3604.9563027859967
6816,3605.3064740782306
6817,3605.366693287674
6818,3605.9970552440227
6819,3606.2708394885708
6820,3607.1052533332531
6821,3607.5821733416401
6822,3608.2577339637351
6823,3610.1127510258343
6824,3610.5596052768533
6825,3611.2087435286448
6826,3611.931786316045
6827,3612.6289625452691
6828,3612.9046895016349
6829,3613.3338136645325
6830,3613.4473906228627
6831,3614.1656745684459
6832,3614.489208347793
6833,3615.0468328938941
6834,3615.792283135434
6835,3616.0744342890139
6836,3616.6887767669728
6837,3617.3114690271605
6838,3617.4554684743548
6839,3617.848920144741
6840,3618.1992481620591
6841,3619.2408448057622
6842,3619.3882501329617
6843,3619.4356443087131
6844,3621.9967063373083
6845,3622.8705827041385
6846,3623.0338158219843
6847,3623.1761057365338
6848,3623.5502648684396
6849,3624.5004204690417
6850,3624.7995088671737
6851,3625.5336414991084
6852,3626.1708752327131
6853,3627.010396892319
6854,3627.7894828740787
6855,3628.1346779717023
6856,3628.3214630484267
6857,3629.3805716827583
6858,3630.0607498210484
6859,3630.994447732327
6860,3631.5230337088233
6861,3631.629985380308
6862,3632.0126004343833
6863,3632.0527539187174
6864,3632.2135814276899
6865,3633.258660180707
6866,3634.0559270133303
6867,3634.354803012397
6868,3634.9891292857169
6869,3635.0932702635423
6870,3635.863494078741
6871,3636.9341234585668
6872,3637.8650154523325
6873,3638.5563148664705
6874,3639.4682172287094
6875,3640.3025752441413
6876,3640.8705872967607
6877,3641.4249449031922
6878,3641.57930325083
6879,3642.2253834774551
6880,3642.825166343785
6881,3643.2959861199629
6882,3643.9182689683339
6883,3644.0910976295881
6884,3644.5871819939011
6885,3644.9873246515522
6886,3645.5965692647019
6887,3646.5958201715152
6888,3647.145535892595
6889,3647.9387997674085
6890,3648.2056982290214
6891,3648.9330189682432
6892,3649.8055441582742
6893,3651.2218636212328
6894,3651.3092204976861
6895,3651.5516918047056
6896,3651.6757901083092
6897,3651.7509199056581
6898,3652.4365936688832
6899,3652.9787662032531
6900,3653.708594983028
6901,3653.9230878146691
6902,3654.7400298992088
6903,3655.1104539669664
6904,3655.4494711506245
6905,3655.8605067199487
6906,3656.0740495893897
6907,3656.3732877770217
6908,3656.6531504288532
6909,3657.4317355587436
6910,3658.0110867240692
6911,3658.6842793305864
6912,3659.1210430271844
6913,3659.8286529030552
6914,3660.0083681642113
6915,3660.2089909960246
6916,3660.843477958299
6917,3661.1022417843692
6918,3661.2617657689639
6919,3661.4820594619082
6920,3661.7133576853989
6921,3662.6075865264124
6922,3663.8322625877558
6923,3664.4616310218989
6924,3664.6963752031697
6925,3666.7452457715044
6926,3668.4610162010467
6927,3668.5855731842385
6928,3669.8464426957612
6929,3670.3028150947603
6930,3670.5508037101872
6931,3670.9467521822021
6932,3671.1439255577429
6933,3671.2278334027774
6934,3671.8817234634657
6935,3673.0443506727897
6936,3673.3161591424264
6937,3674.4052197421215
6938,3674.9897033970369
6939,3676.0507083538746
6940,3677.7983000182062
6941,3678.3165169319291
6942,3678.7445462521709
6943,3679.2573913309611
6944,3679.954133681626
6945,3680.4958170589261
6946,3680.6974102113472
6947,3681.2211967332955
6948,3682.1735624564822
6949,3682.5218149372117
6950,3683.1291679419796
6951,3683.9506432436424
6952,3684.3671705821444
6953,3684.9922990763716
6954,3685.5399090370106
6955,3685.9893378166535
6956,3686.2499052579669
6957,3686.6403372685045
6958,3686.8670731229086
6959,3687.7829392230569
6960,3687.8953244334648
6961,3688.5596517759423
6962,3689.853092585563
6963,3690.3153564234035
6964,3690.6180598428473
6965,3691.6105900339307
6966,3692.3969013721739
6967,3693.1585590432492
6968,3693.1837806569106
6969,3693.3688790815891
6970,3694.3803330931546
6971,3694.8642829307514
6972,3695.4595373449361
6973,3696.0433614794015
6974,3696.4940865366848
6975,3697.1365414336069
6976,3697.3258634471158
6977,3698.0506884463607
6978,3698.0741210171677
6979,3698.3219867036028
6980,3699.2377418338974
6981,3699.6898051846351
6982,3700.7695074989783
6983,3700.9586113807868
6984,3702.0429432676428
6985,3703.0069209984827
6986,3704.3760106646428
6987,3704.7904998194695
6988,3705.7122593790054
6989,3706.3680361957026
6990,3706.658161526314
6991,3707.5730480785046
6992,3708.6151857555183
6993,3709.531405750934
6994,3709.9496752931409
6995,3710.1580067497225
6996,3710.2993360757723
6997,3710.412818987857
6998,3710.8719324272165
6999,3711.3103312835919
7000,3712.9575531778855
7001,3713.0125333555543
7002,3713.5606892326923
7003,3713.8956748608043
7004,3714.3143224493147
7005,3715.138894550515
7006,3715.7283487049249
7007,3715.986531527335
7008,3716.0551072645294
7009,3717.3316042794504
7010,3718.1513338198124
7011,3718.3217636186305
7012,3718.814438970137
7013,3720.710824119144
7014,3721.6595667687284
7015,3722.251582805598
7016,3722.5876196637882
7017,3723.1916732509667
7018,3723.7866988115534
7019,3724.1516216479313
7020,3724.4371489862833
7021,3724.5258167751394
7022,3725.1903642649668
7023,3726.1769017837182
7024,3726.6612458826471
7025,3726.9955028849736
7026,3727.8260890809534
7027,3728.8795272677221
7028,3729.5998318258435
7029,3729.9785711931499
7030,3730.2663408533722
7031,3730.4592231455458
7032,3730.9236785736766
7033,3731.1959414195444
7034,3732.4568664590925
7035,3732.5926903993491
7036,3733.5907964684543
7037,3733.787719666971
7038,3734.5298574154108
7039,3734.973618001271
7040,3735.0424581732887
7041,3735.4372265601241
7042,3736.0923495998527
7043,3736.525177569416
7044,3736.8385029540505
7045,3737.2051184795614
7046,3737.5367966647686
7047,3737.9647461557365
7048,3738.1709549779489
7049,3738.303920253627
7050,3739.0304476783458
7051,3740.3516244848597
7052,3740.414530153188
7053,3741.0868832736805
7054,3741.6400966791357
7055,3741.9392591822766
7056,3742.1215557750411
7057,3743.2413947198033
7058,3743.9306015326647
7059,3745.0054061942428
7060,3747.0301645770128
7061,3748.6587303631991
7062,3749.4869372453641
7063,3749.9763809220099
7064,3750.1196073267333
7065,3750.8296868889192
7066,3750.9821081471573
7067,3751.0778003951564
7068,3751.372073514543
7069,3751.9326174320477
7070,3752.1682175174165
7071,3753.2466909996415
7072,3753.9248195198297
7073,3755.139384303835
7074,3755.9563083882135
7075,3756.3367336249335
7076,3758.1416039995729
7077,3758.717738957967
7078,3759.4360445047123
7079,3760.1074387672847
7080,3761.0698750462934
7081,3761.6651575430278
7082,3762.4720974895367
7083,3763.2687144021806
7084,3763.5074256467506
7085,3763.5184636797353
7086,3764.0229701652424
7087,3764.4961610563009
7088,3765.503785461492
7089,3765.8673596141334
7090,3766.4587721451048
7091,3766.6563355395865
7092,3768.257823622801
7093,3768.272065783437
7094,3768.7672197151569
7095,3769.2911385811562
7096,3769.6303003924845
7097,3769.8994346705836
7098,3769.9976636443125
7099,3770.4341366122617
7100,3771.5208030570393
7101,3772.7290024368949
7102,3773.0085260356213
7103,3773.6407487455022
7104,3773.9230000761104
7105,3774.2281230355075
7106,3774.7965122200821
7107,3775.1214228357044
7108,3776.07668067744
7109,3776.382789915046
7110,3776.9642214848332
7111,3777.8243313228945
7112,3778.0477531562578
7113,3779.0567450335125
7114,3779.3845516366264
7115,3780.2131801916607
7116,3781.1692767655854
7117,3781.5087269181954
7118,3782.6018755081604
7119,3783.3774982927944
7120,3784.5138311247733
7121,3785.7836574396069
7122,3786.8544613066547
7123,3786.9838986896229
7124,3788.3912751542798
7125,3788.8113212194403
7126,3789.5410308555165
7127,3789.7609182065539
7128,3789.9742497404254
7129,3790.1493030681363
7130,3790.2411591838427
7131,3790.5939907480556
7132,3791.2873070197402
7133,3792.3658725890455
7134,3792.8366559646252
7135,3793.6188638989188
7136,3794.5531245665816
7137,3794.7308199787467
7138,3795.2809368723897
7139,3795.5783156972975
7140,3795.6124018577648
7141,3796.229021810771
7142,3797.4281752296506
7143,3797.6182600422612
7144,3798.8668664085162
7145,3799.3806817093509
7146,3800.8599765682379
7147,3801.8488972570476
7148,3802.1147408376746
7149,3802.437586656175
7150,3802.6466470949881
7151,3804.0766701073244
7152,3804.3420878929996
7153,3805.0188655348366
7154,3805.1763684054731
7155,3805.5508814640239
7156,3805.6648535804184
7157,3805.9833878246877
7158,3806.7109672374354
7159,3807.6444549782996
7160,3808.0997623802759
7161,3809.3348763877884
7162,3809.8285381855221
7163,3810.0936398298395
7164,3810.2911649395965
7165,3810.6416450625811
7166,3811.0798825915176
7167,3811.7315358846754
7168,3811.8789414218713
7169,3812.1263502981105
7170,3812.6732529361716
7171,3813.2024428932368
7172,3813.8054076454055
7173,3814.5560914472208
7174,3816.428387857653
7175,3816.6741866882217
7176,3816.8965210823567
7177,3817.4318532548996
7178,3817.9096845816557
7179,3818.9320427607886
7180,3819.1013309521409
7181,3819.5048181682105
7182,3819.7649071558285
7183,3820.853214257048
7184,3821.2424008974253
7185,3822.6110791662622
7186,3822.9739598694073
7187,3823.1838941226033
7188,3823.6543659985364
7189,3823.9608975380211
7190,3824.4039558242503
7191,3826.0263725311329
7192,3828.1830479330492
7193,3828.9057745466307
7194,3829.6175527045361
7195,3830.1700654584379
7196,3830.7507793600212
7197,3830.7730126604547
7198,3831.5745799655956
7199,3831.6978271775192
7200,3831.8170198143562
7201,3832.7993832294637
7202,3833.2616408219583
7203,3833.4640988926271
7204,3834.3110192000349
7205,3835.6045556911172
7206,3836.3664166706594
7207,3838.0274834623256
7208,3838.8859759778193
7209,3839.9620533539696
7210,3840.4893004079163
7211,3841.5160300555103
7212,3842.0991878181067
7213,3842.8908333527006
7214,3843.8486667962948
7215,3844.0056790942999
7216,3844.2466450659649
7217,3844.6116276177208
7218,3844.7136874044918
7219,3845.1897194158278
7220,3845.4268384873171
7221,3845.8661897312504
7222,3846.93101292756
7223,3847.7124357590233
7224,3848.8987954646773
7225,3849.1396987909816
7226,3849.7621220116989
7227,3849.9037942983659
7228,3850.0077137640756
7229,3850.2517280126085
7230,3850.651251429435
7231,3850.8734237511671
7232,3851.149887012692
7233,3852.5787584233722
7234,3853.5879131048646
7235,3853.7477454548152
7236,3854.3725065002127
7237,3855.2568632663647
7238,3856.8388012570626
7239,3857.1589528562208
7240,3857.6937097084269
7241,3858.7503703376956
7242,3858.9725003709136
7243,3859.8243802125266
7244,3860.1984464109314
7245,3860.9054934932242
7246,3861.0162801515653
7247,3861.3586939105803
7248,3862.1129628196654
7249,3863.6779434522641
7250,3864.1999910693112
7251,3865.5364490503935
7252,3867.0632821865902
7253,3867.429555092484
7254,3867.8639162681789
7255,3868.4921210547864
7256,3869.6040293655392
7257,3870.3952568429922
7258,3870.6482085229063
7259,3870.8885224873338
7260,3871.0684099807586
7261,3871.3509845386861
7262,3871.8207923310065
7263,3872.3081034012957
7264,3872.9703050601024
7265,3874.2476663927559
7266,3874.453507555158
7267,3875.0461566963718
7268,3875.5723831228188
7269,3875.9979802060934
7270,3876.2641166773483
7271,3877.138311761033
7272,3878.6726125720106
7273,3878.9521232325319
7274,3879.7641195423435
7275,3880.1083720748074
7276,3880.6323303308664
7277,3881.5276405383343
7278,3882.8665320496898
7279,3882.8892422013132
7280,3883.1768060753589
7281,3884.0301584423382
7282,3884.4135483129521
7283,3885.4908218307573
7284,3885.5851941709989
7285,3885.8333046659131
7286,3886.4460026638358
7287,3886.5102315957492
7288,3886.651537867624
7289,3887.0293627194023
7290,3887.1838415753045
7291,3887.9264962552334
7292,3889.4154311952943
7293,3890.3829357754903
7294,3890.5677576047133
7295,3890.8474681940152
7296,3891.3037202330129
7297,3891.7454076002241
7298,3892.294875744135
7299,3894.0253768283551
7300,3894.5959769409619
7301,3895.2437179729654
7302,3896.4598700107272
7303,3897.265998378356
7304,3897.9388718771302
7305,3898.0528202778246
7306,3898.3059152031556
7307,3898.6860085132225
7308,3898.9279710556507
7309,3900.0678249081093
7310,3900.5517486521794
7311,3901.1365466831417
7312,3902.0453983528223
7313,3902.6455730898947
7314,3903.4399389839946
7315,3903.7131792886107
7316,3904.2390179627164
7317,3904.3436260253025
7318,3904.837776543523
7319,3905.8252252998718
7320,3907.4528685570986
7321,3907.8573518348676
7322,3909.4809071719606
7323,3909.9993502393449
7324,3911.1305093844908
7325,3911.6586858794249
7326,3912.6011597211991
7327,3912.9886646793284
7328,3913.1508830046164
7329,3913.5691687250778
7330,3913.9924903458418
7331,3914.0938147016295
7332,3915.4385605627695
7333,3915.8320637457855
7334,3916.9497300632297
7335,3918.3395107444107
7336,3919.1287505079663
7337,3920.1339109431342
7338,3921.0225650352145
7339,3921.5933682619616
7340,3922.1718587461605
7341,3922.6434441310248
7342,3923.1540985234651
7343,3924.0966120583271
7344,3924.3176680272863
7345,3924.6941634784394
7346,3925.3131510990052
7347,3925.655908276452
7348,3926.3615418606723
7349,3926.7383553818568
7350,3927.187210207695
7351,3927.9498147515205
7352,3928.8856887650227
7353,3930.3711967079844
7354,3930.7024617172974
7355,3931.2362353313201
7356,3931.2376574886366
7357,3931.3647931979181
7358,3931.5942706300266
7359,3932.3848392615851
7360,3933.4776744747373
7361,3934.8141406699665
7362,3935.0816086450941
7363,3935.7541664552487
7364,3936.0012907609157
7365,3936.8885917813059
7366,3936.9786270079021
7367,3938.6921015724761
7368,3939.1110810713808
7369,3940.0280446060247
7370,3940.0958192893668
7371,3940.6276397732304
7372,3940.9484511371847
7373,3941.7730156198813
7374,3942.6480086664915
7375,3942.7368761356865
7376,3943.712207814267
7377,3944.2893321843112
7378,3945.2094065640758
7379,3946.6976596288964
7380,3947.0674314574394
7381,3948.7327737867213
7382,3949.489588026318
7383,3950.6275823548981
7384,3951.213915718321
7385,3951.4493448620196
7386,3951.6919189701175
7387,3951.7689205393945
7388,3952.2223856776127
7389,3952.8802122658008
7390,3953.3154395172382
7391,3953.4615949523181
7392,3953.9443084819063
7393,3954.7604647494754
7394,3955.638057423143
7395,3956.680983548039
7396,3956.8185410806518
7397,3957.3636331567013
7398,3957.8630701043639
7399,3958.0465780664435
7400,3958.3188377403171
7401,3958.9533531911611
7402,3959.2825782260047
7403,3959.6913426517299
7404,3961.2281530694386
7405,3961.9623228031828
7406,3962.5360838159372
7407,3962.9013797789944
7408,3964.5106692656341
7409,3964.5877365709184
7410,3965.3348122860439
7411,3966.2396655671769
7412,3967.0150446776211
7413,3967.4957614710856
7414,3968.1067417175959
7415,3968.141960110675
7416,3968.8053276932574
7417,3970.3552956186636
7418,3971.4114947369649
7419,3971.9016207949903
7420,3972.1596016354929
7421,3972.3364992950264
7422,3972.5282990085129
7423,3973.2360557384918
7424,3973.6678601193044
7425,3975.8578302335986
7426,3975.9736859802197
7427,3976.354584793567
7428,3976.6332607378386
7429,3977.641350302401
7430,3978.3927921213508
7431,3979.1425721521728
7432,3979.5699579255661
7433,3979.6397783934162
7434,3980.51379465338
7435,3981.9644689273468
7436,3982.4561002331384
7437,3982.768275198066
7438,3983.4018667977807
7439,3983.5631462809883
7440,3983.8950809628373
7441,3985.0009346697843
7442,3985.4254756934852
7443,3985.9067426561055
7444,3986.7593200255628
7445,3987.5844813342155
7446,3988.5347771945198
7447,3989.2481800686051
7448,3989.9695299062964
7449,3991.2846125636111
7450,3992.5569894906725
7451,3993.3400391677465
7452,3994.1365813934272
7453,3994.3330343067046
7454,3994.4002728853425
7455,3994.6328811902536
7456,3994.782611519553
7457,3995.0339512537594
7458,3995.7904191723319
7459,3996.4963502104179
7460,3997.2306457658597
7461,3998.8848656920268
7462,3999.1432063420666
7463,4001.5784175730059
7464,4002.1921201873888
7465,4002.765962753796
7466,4003.4074154739983
7467,4004.3045159418793
7468,4004.9171516059487
7469,4005.657600559734
7470,4006.4218958116094
7471,4006.6747495953264
7472,4007.0990022171568
7473,4007.7460804761004
7474,4008.1588267725588
7475,4008.8603921727063
7476,4010.1107743708267
7477,4010.3815799466961
7478,4010.7715937402877
7479,4011.4915975493436
7480,4011.9768769078437
7481,4012.3445957857402
7482,4012.8096467409982
7483,4012.8849033205897
7484,4013.7450301960448
7485,4014.029542527353
7486,4015.7291626846591
7487,4016.5772265815763
7488,4016.7133371600207
7489,4017.2297230752924
7490,4017.3548260079274
7491,4018.5203202962389
7492,4019.63113436703
7493,4020.2297958134463
7494,4021.1234180143633
7495,4021.8903325704996
7496,4022.0594346171802
7497,4023.0541454581789
7498,4023.4250837117156
7499,4023.9818718567531
7500,4024.994905510795
7501,4025.8741770773449
7502,4026.3509636288736
7503,4026.9016505526465
7504,4028.0097137338198
7505,4028.5263213953267
7506,4028.9009220015655
7507,4029.6955121782375
7508,4030.6732221513585
7509,4031.1974480730305
7510,4031.6626167140494
7511,4031.7464533713569
7512,4032.7720031338536
7513,4033.2801183744496
7514,4033.7147632323095
7515,4033.8541141925334
7516,4033.935456569825
7517,4034.3337390285851
7518,4035.3498638651945
7519,4035.9197227457335
7520,4037.4607403212149
7521,4037.563351750191
7522,4038.2743803005269
7523,4038.3443126274083
7524,4039.5413096441089
7525,4040.4842058846207
7526,4041.2204593144897
7527,4042.3298632131687
7528,4042.8738624433249
7529,4043.5120155334334
7530,4045.8401863871418
7531,4046.1423977805734
7532,4046.7463447435698
7533,4047.1803897507743
7534,4048.0372020431523
7535,4048.4352775904381
7536,4048.8251357874137
7537,4049.0352171907271
7538,4049.7736886256193
7539,4049.8727077279063
7540,4051.2057211484962
7541,4051.9118342468719
7542,4053.5333493099351
7543,4053.7026227851552
7544,4053.7236007539504
7545,4054.0328604609031
7546,4054.5498416270102
7547,4054.5937305273192
7548,4055.4841779852677
7549,4057.6055818103005
7550,4058.0411233151144
7551,4058.7368391053765
7552,4059.6240105295497
7553,4060.3789978126147
7554,4060.3878963023863
7555,4061.0195725213694
7556,4061.8068667932803
7557,4062.1282770634211
7558,4062.2324969764436
7559,4063.086489722803
7560,4063.5191837356956
7561,4064.1021383883335
7562,4064.2219359788369
7563,4064.4213056187518
7564,4065.4922162386001
7565,4065.5779940526095
7566,4065.7352731196711
7567,4067.0343209024059
7568,4067.9629200008776
7569,4069.8417606518806
7570,4070.2430269542106
7571,4071.7597396763522
7572,4072.7678944162576
7573,4073.9044501811841
7574,4074.246710724934
7575,4075.0916672956905
7576,4075.3648544773264
7577,4076.0982972370216
7578,4076.414340034486
7579,4076.9705754331635
7580,4078.1556047961408
7581,4078.4385978632672
7582,4079.5778630060663
7583,4079.9676412230792
7584,4081.8388099332283
7585,4082.9217466285772
7586,4083.2011945447539
7587,4083.6874217982518
7588,4084.1016490324196
7589,4084.9299578647951
7590,4085.3125165145284
7591,4086.7132795963366
7592,4087.1579961970424
7593,4087.5748234569392
7594,4088.3564425604659
7595,4088.7734729197832
7596,4089.3548521271014
7597,4089.9974636836878
7598,4090.4439058248427
7599,4091.7138732722856
7600,4091.8268439001995
7601,4091.9996787009036
7602,4092.6820287659179
7603,4092.9157383781417
7604,4094.4499805492819
7605,4094.5423301169703
7606,4095.4728270263263
7607,4096.409046292496
7608,4096.5542925960171
7609,4097.028073469357
7610,4098.3450656749492
7611,4098.8094085254697
7612,4099.85418348649
7613,4100.2398464055814
7614,4100.3292661837031
7615,4100.7203366525628
7616,4100.9978611274892
7617,4101.4645087948047
7618,4101.8189446506949
7619,4102.5099124078261
7620,4103.2290123527791
7621,4104.4574751017544
7622,4104.7210912759583
7623,4105.322087505303
7624,4106.3790420753294
7625,4108.134763731774
7626,4108.7635749314859
7627,4109.7891595139436
7628,4109.9922086849774
7629,4112.6161725544634
7630,4113.2635323895411
7631,4113.751534642236
7632,4114.0120168727326
7633,4114.1906528070003
7634,4114.8016406953839
7635,4115.0275407028284
7636,4115.4695210589971
7637,4115.4858427074687
7638,4116.1603683803578
7639,4117.089429626837
7640,4117.8431496042222
7641,4118.2106603395659
7642,4118.6555519239118
7643,4119.6009761600353
7644,4120.2121938739037
7645,4121.9254954865528
7646,4122.9864724694226
7647,4123.4580224495257
7648,4124.6003276142046
7649,4125.265875918546
7650,4126.8260983014761
7651,4127.520739108003
7652,4127.7741262955033
7653,4127.8640299992385
7654,4129.2093065870731
7655,4129.5593612476678
7656,4129.9850177706894
7657,4130.6906355580177
7658,4131.1075518158586
7659,4131.1843628282732
7660,4132.4935633737332
7661,4132.8124441390928
7662,4134.2471370538487
7663,4135.1492407260657
7664,4135.1650778248586
7665,4135.6248491998485
7666,4135.7987510329267
7667,4136.1611129546727
7668,4136.599430862384
7669,4136.975368400098
7670,4138.6729785315874
7671,4139.4341754457182
7672,4139.4381759197668
7673,4139.603747533044
7674,4140.2289648050028
7675,4140.9819667795537
7676,4141.6241706979908
7677,4141.8037447260058
7678,4142.681737928925
7679,4143.8394440230877
7680,4144.4390768384374
7681,4144.8413578075324
7682,4145.5867450259066
7683,4146.1328606198094
7684,4146.5869414085382
7685,4147.6114727602526
7686,4149.3495982076438
7687,4150.4400907703248
7688,4151.0387095110773
7689,4152.325784076098
7690,4152.5441642830265
7691,4153.9689211915356
7692,4154.2196939944934
7693,4155.4199469136902
7694,4155.7195659671652
7695,4156.4736365526996
7696,4156.7185696474744
7697,4157.5086666094485
7698,4157.7482032247672
7699,4158.8190060590168
7700,4159.2537202797175
7701,4159.6222016720603
7702,4162.0849638024574
7703,4163.1760898664888
7704,4164.0556743615653
7705,4164.6949835325659
7706,4164.8495681411423
7707,4165.2904101494159
7708,4166.1096443969755
7709,4166.1965918342094
7710,4166.9498200251119
7711,4167.1359830237143
7712,4168.0457458621349
7713,4168.8712147295619
7714,4169.6007502006387
7715,4169.8528854162887
7716,4169.9098153428804
7717,4170.424506662408
7718,4170.4961945956629
7719,4170.7002411814492
7720,4171.3078992864776
7721,4171.4642623487061
7722,4172.8796423937893
7723,4175.698374296232
7724,4176.0259043269198
7725,4176.3696880918205
7726,4176.5111392326362
7727,4177.7254680525702
7728,4178.6637788279986
7729,4179.0096097494697
7730,4179.6789288652153
7731,4179.8845903742358
7732,4180.5934029057207
7733,4181.0292436975242
7734,4182.423900588853
7735,4183.9299354863842
7736,4184.4281057926673
7737,4184.5710582683296
7738,4185.0217129237271
7739,4185.9513427873317
7740,4187.2184063544501
7741,4187.6551413323705
7742,4188.5917278157849
7743,4189.4604034992999
7744,4189.5675364716863
7745,4191.2010152578832
7746,4192.016525794792
7747,4192.8822726554672
7748,4193.2440990216664
7749,4194.4539085825536
7750,4194.8796704786291
7751,4195.1746805242892
7752,4195.4123388088492
7753,4196.3907969407892
7754,4196.814141785133
7755,4196.8197058977466
7756,4197.9058580837609
7757,4199.0538330212867
7758,4199.2212737455193
7759,4200.1769547606036
7760,4200.9024953339185
7761,4202.7012394008316
7762,4203.1037610279536
7763,4203.6469349569397
7764,4204.1282290813315
7765,4204.5464098409902
7766,4205.942975785516
7767,4206.3381982073824
7768,4207.0297419255312
7769,4207.4524811773708
7770,4209.1079894857721
7771,4209.5684307355059
7772,4210.1754925947071
7773,4211.0631266034161
7774,4211.6782419787005
7775,4211.8467712350721
7776,4213.2529766756979
7777,4213.7150971425372
7778,4214.8864811363428
7779,4215.3650210145006
7780,4215.9471716110493
7781,4216.4989410151211
7782,4216.7901545454597
7783,4217.0773834458332
7784,4217.8270402309208
7785,4217.9788512131299
7786,4218.8983155004598
7787,4219.135810675627
7788,4219.4880650535542
7789,4220.1151858996918
7790,4220.232945280216
7791,4220.8730964047591
7792,4221.3204360407099
7793,4221.6168817032149
7794,4223.1470456720153
7795,4223.6381504174706
7796,4224.6913247999209
7797,4224.8000083415318
7798,4226.089970288167
7799,4227.7291419959729
7800,4227.8969390754055
7801,4228.847562544729
7802,4230.2544326567331
7803,4230.9556724691784
7804,4231.4836554434869
7805,4231.922705552256
7806,4233.4953661608024
7807,4234.3394664714733
7808,4235.8184502542863
7809,4236.1996825850247
7810,4236.6326622876741
7811,4236.9913182959244
7812,4237.2446405619894
7813,4237.434680161623
7814,4238.2561232945172
7815,4238.4874226439588
7816,4239.1084399942747
7817,4239.6214352215629
7818,4240.0709070226631
7819,4240.5350484378841
7820,4242.1632088621154
7821,4244.0652435831753
7822,4244.4214394779965
7823,4245.289481767114
7824,4245.8015290762633
7825,4246.5312063208939
7826,4246.6627630318408
7827,4247.6978730649444
7828,4247.8214721436807
7829,4249.1435593467686
7830,4249.4559315875122
7831,4250.0405967077331
7832,4250.6728244153392
7833,4251.8503589269103
7834,4252.871231404014
7835,4253.2240295903584
7836,4256.1564306332766
7837,4256.2939033202611
7838,4256.8250124371207
7839,4257.1342171607757
7840,4257.2944388067463
7841,4257.5251357900825
7842,4258.2853891049999
7843,4260.4181482844306
7844,4260.4433698980902
7845,4261.1008491739403
7846,4261.67811805153
7847,4262.8001887210767
7848,4263.1273437331174
7849,4263.2404089637994
7850,4263.5926990572752
7851,4263.9716219766487
7852,4264.320652626945
7853,4265.7222731147185
7854,4267.5385349520175
7855,4269.2779563110471
7856,4269.4377830476642
7857,4270.7577882466512
7858,4270.8646444994656
7859,4270.9680664402877
7860,4271.3767233870303
7861,4271.5326350806554
7862,4271.6755832212466
7863,4271.8147294009723
7864,4273.6717314048337
7865,4274.1794051328143
7866,4274.708772905683
7867,4277.0355127391458
7868,4277.2533024628601
7869,4277.5589253169483
7870,4277.7824749768424
7871,4279.4626659483174
7872,4280.296022794274
7873,4281.4628032054152
7874,4281.9782208261558
7875,4283.1530959331049
7876,4283.4611419049616
7877,4284.745337170365
7878,4285.613854936053
7879,4286.1499684174714
7880,4287.4091370412543
7881,4287.9559669648534
7882,4288.2014073979326
7883,4288.3140967674108
7884,4289.7418048308546
7885,4289.8472089049674
7886,4290.2007176439711
7887,4291.6967382274779
7888,4291.7535359060903
7889,4293.1115537611331
7890,4293.9451808006015
7891,4294.7811477819341
7892,4295.4236095398855
7893,4296.0662723195774
7894,4296.0999939697203
7895,4296.8123160322393
7896,4297.2381604343382
7897,4297.3955110426086
7898,4297.5575980582807
7899,4297.7552176997642
7900,4298.2453900497358
7901,4299.1065547696653
7902,4299.4048897574685
7903,4299.9825587097412
7904,4300.8136672540468
7905,4301.7163632960583
7906,4302.1045058078444
7907,4303.1300194407186
7908,4303.3606754953935
7909,4303.9846745290552
7910,4304.9163895392912
7911,4305.8274533743188
7912,4306.0878922222264
7913,4307.2738543323276
7914,4307.8886749192607
7915,4310.1871011251587
7916,4310.8647763737727
7917,4311.1099182632497
7918,4311.6486115070975
7919,4312.6075207147533
7920,4313.395878734832
7921,4315.1053470260367
7922,4315.7195838964244
7923,4317.3393681225662
7924,4317.7660327113126
7925,4318.0265435973015
7926,4318.3373896363382
7927,4319.2384112192722
7928,4319.6190962337832
7929,4320.3512065749856
7930,4320.7243836824628
7931,4321.237211348006
7932,4322.0562459385619
7933,4323.150178755548
7934,4324.3141070482197
7935,4325.0408583123317
7936,4325.5574682501019
7937,4325.949345514603
7938,4327.6357695706947
7939,4328.1179401088048
7940,4329.6631079516301
7941,4330.4736441029836
7942,4330.7376976222704
7943,4331.4320359839985
7944,4332.3949508545447
7945,4332.9751133544632
7946,4334.8254873140222
7947,4335.3072212574525
7948,4335.4527647605191
7949,4336.4551992540419
7950,4337.042042907925
7951,4337.4199423069931
7952,4337.9571261101391
7953,4338.5958397843542
7954,4339.1127205935263
7955,4339.91127806229
7956,4340.1186033651347
7957,4340.2681152767882
7958,4340.4420874330763
7959,4340.9968418437929
7960,4341.9114945572455
7961,4344.0045436392238
7962,4344.1810877588532
7963,4344.2922601305163
7964,4345.2734268973309
7965,4345.9454153523711
7966,4347.0220011265128
7967,4348.107832460074
7968,4348.3934416813281
7969,4350.1546902094278
7970,4351.1414947836056
7971,4351.968165610665
7972,4352.5185418545943
7973,4352.6800421193093
7974,4353.6283253221418
7975,4353.7476126959773
7976,4356.1095251387651
7977,4356.4541321620518
7978,4357.4088923093059
7979,4357.4608425718279
7980,4359.449092932402
7981,4359.5688807020524
7982,4360.3778523999026
7983,4360.7333472673663
7984,4361.9763920026608
7985,4362.3144324320938
7986,4362.6494291184017
7987,4363.4780806652534
7988,4363.8488435019772
7989,4365.3438709148431
7990,4365.9886314058267
7991,4366.4622151940512
7992,4367.9902331094609
7993,4368.565371522076
7994,4368.705078818728
7995,4369.246824887925
7996,4369.6971758973614
7997,4370.2241803552943
7998,4370.3660889229195
7999,4370.9435110719487
8000,4371.5251338885109
8001,4371.552299660354
8002,4371.9357051579209
8003,4373.3940381632601
8004,4373.6690749178415
8005,4375.1268109112025
8006,4376.6697895818652
8007,4377.0881274267203
8008,4377.1333882372683
8009,4377.392356077733
8010,4377.8894870078675
8011,4378.4186538202393
8012,4378.7591586725093
8013,4379.0240258776794
8014,4380.3773447201729
8015,4380.5623539646358
8016,4382.3184294211678
8017,4382.9011819338612
8018,4384.1721875358962
8019,4385.6353965540347
8020,4386.1178289177642
8021,4386.8051654330129
8022,4387.8655233075142
8023,4388.8054606347232
8024,4390.1279289596087
8025,4390.6254395304113
8026,4390.8185164630477
8027,4391.457480634187
8028,4392.9003707321826
8029,4393.9612705041936
8030,4394.3218277476899
8031,4396.5050448482971
8032,4396.5777943866087
8033,4397.0067403318017
8034,4397.0680181226826
8035,4397.1949607271245
8036,4398.6083501758185
8037,4399.108411496517
8038,4399.7530863984221
8039,4400.1189663787554
8040,4401.4676961604291
8041,4401.5477308345653
8042,4402.0586567957353
8043,4403.5403815194122
8044,4404.5535170101457
8045,4405.0296841847075
8046,4405.766875340667
8047,4407.1128500419718
8048,4409.039096536002
8049,4409.1990440526361
8050,4410.2513459954416
8051,4411.1860808020183
8052,4411.5889549877948
8053,4412.2641382797992
8054,4414.4788803261372
8055,4415.1740717853909
8056,4415.427256295513
8057,4415.894393123689
8058,4416.0400057486131
8059,4416.3143990628132
8060,4416.4549964956941
8061,4416.7383210227163
8062,4416.8228594637976
8063,4417.6706149702859
8064,4418.636551638092
8065,4418.9374659722298
8066,4419.4914018269492
8067,4420.3272065080118
8068,4421.2741811551296
8069,4421.8137917090871
8070,4423.3352131238453
8071,4423.9306008129679
8072,4425.7905115135836
8073,4426.4031580237215
8074,4427.808294501926
8075,4428.0319057447286
8076,4428.3548821862933
8077,4429.2730432916833
8078,4429.6691986347496
8079,4430.2189148562748
8080,4432.1259646062572
8081,4432.8324468340315
8082,4433.1842490311228
8083,4434.2861457130202
8084,4434.3457497353384
8085,4436.078243004763
8086,4436.3430548445031
8087,4436.5825690521169
8088,4437.5972400761148
8089,4438.1243553844333
8090,4438.386971511447
8091,4438.7148697568318
8092,4439.8255793812232
8093,4440.1900564127709
8094,4441.2523168812795
8095,4441.8901586763141
8096,4443.3705862979295
8097,4443.8024460299775
8098,4444.7422868712183
8099,4444.9799152913984
8100,4447.5677673922037
8101,4447.6853066005306
8102,4447.9586469085916
8103,4448.3665265928148
8104,4448.4672287758631
8105,4449.9668457365697
8106,4450.853918810546
8107,4451.7396187212316
8108,4451.8691149521237
8109,4452.8628616992273
8110,4454.0486974856558
8111,4455.2303228125638
8112,4455.7574781221683
8113,4455.8044983796926
8114,4456.0146596552768
8115,4456.0733234716872
8116,4456.3982858294776
8117,4456.7398334040772
8118,4458.2072007337383
8119,4458.8291260890928
8120,4459.3606593756867
8121,4460.7759245836351
8122,4462.6632533785469
8123,4463.2081291340037
8124,4463.58661507544
8125,4464.205390106812
8126,4464.8342708368145
8127,4466.0634629236411
8128,4466.2450820804479
8129,4466.9427087776539
8130,4467.279989330591
8131,4467.7127905516218
8132,4468.7166897930529
8133,4468.7808395433985
8134,4472.7661093753568
8135,4473.4967246878077
8136,4473.7203830546678
8137,4474.2084188010649
8138,4475.2584200234496
8139,4475.5581155080381
8140,4475.8701080430019
8141,4476.9000931587461
8142,4477.0187969950985
8143,4478.9460824789103
8144,4479.4377656653351
8145,4479.9037444434962
8146,4481.1206444320806
8147,4481.6440394973588
8148,4483.0473209520951
8149,4484.0100691078578
8150,4484.744225640914
8151,4486.0580735483254
8152,4486.8024019764316
8153,4487.3616385235309
8154,4487.9095512657441
8155,4489.0267826322406
8156,4489.3220087547497
8157,4489.3779463208593
8158,4490.1023294328897
8159,4490.1056194887815
8160,4491.3023433681146
8161,4491.7667047534378
8162,4492.4559090840303
8163,4493.4363894223834
8164,4493.8122839580074
8165,4493.831485775695
8166,4494.6698989126717
8167,4494.8944125557737
8168,4495.3034616481063
8169,4496.1391444415467
8170,4496.2516184625856
8171,4497.1945094991734
8172,4497.6682046932056
8173,4499.3574746183376
8174,4500.620524458981
8175,4502.2585844074147
8176,4503.2645584338034
8177,4504.0830214068046
8178,4504.7805943691637
8179,4506.1778870429698
8180,4506.5259930011507
8181,4507.0629178696663
8182,4508.9923617716122
8183,4510.0049592555351
8184,4510.308880935283
8185,4512.4795265452549
8186,4513.0161985983787
8187,4513.2799214740644
8188,4513.3309781249236
8189,4513.7703890692574
8190,4513.8987347852808
8191,4514.1546799150738
8192,4514.87462381768
8193,4516.1149114564287
8194,4516.3995361561256
8195,4516.8652746386551
8196,4518.2335824448555
8197,4519.1817911952421
8198,4521.0935628366851
8199,4522.0546580190612
8200,4523.0200730828101
8201,4523.8222559297064
8202,4523.9625063074045
8203,4524.8365296688553
8204,4525.3421187829936
8205,4525.5682050620881
8206,4526.5001866281373
8207,4526.8050915714766
8208,4527.3922739397985
8209,4527.8775142475943
8210,4529.4422752863284
8211,4529.6233827154019
8212,4530.3882161806214
8213,4531.9655908348523
8214,4532.4227252912451
8215,4532.9591565914261
8216,4533.0822525204394
8217,4533.6525322306979
8218,4534.2443420124273
8219,4534.9564956807581
8220,4536.1938352094885
8221,4536.2956033639657
8222,4536.5656960416472
8223,4536.8385519453814
8224,4537.2922731962117
8225,4538.8649164003564
8226,4539.8182421899901
8227,4540.5993691259691
8228,4541.6035613882032
8229,4542.3129808256999
8230,4544.837279528866
8231,4545.1318898380141
8232,4546.7720045921687
8233,4547.4808414617182
8234,4548.4207762895376
8235,4549.6607244916868
8236,4549.7904473211174
8237,4550.2282817434825
8238,4551.2035227680444
8239,4551.7849809353793
8240,4552.0029306955294
8241,4552.5352364827213
8242,4553.5898915936505
8243,4554.1687358105137
8244,4554.9549538292003
8245,4555.6329590350988
8246,4556.5502021057891
8247,4556.9490464170885
8248,4557.9581425684528
8249,4558.3598632318244
8250,4559.5327167461946
8251,4560.1003294915463
8252,4560.4570049197428
8253,4560.8772515953151
8254,4562.0204454696359
8255,4563.1050888293021
8256,4563.8072357061128
8257,4564.8793586571237
8258,4565.1943203845094
8259,4565.6046916370433
8260,4567.4577773870305
8261,4567.8291086471718
8262,4569.1591102044849
8263,4570.0562456557027
8264,4571.0045929850676
8265,4571.3520021357017
8266,4571.5914501321522
8267,4572.3518294991882
8268,4573.5638894005524
8269,4573.8742792955973
8270,4574.5716425041774
8271,4575.9638489692479
8272,4576.5548377861005
8273,4577.6801158692288
8274,4578.4105175561572
8275,4579.5668786662291
8276,4580.6795816097338
8277,4581.8013634244044
8278,4582.7447514192145
8279,4583.4741398984997
8280,4584.2105376103027
8281,4584.4733876112814
8282,4584.6977242687453
8283,4584.8760977075144
8284,4585.5536476199959
8285,4586.5394447125354
8286,4587.1953501131939
8287,4588.7322271646517
8288,4589.7171369779098
8289,4590.269370988829
8290,4590.5979784462443
8291,4592.0203535509718
8292,4592.7669497473244
8293,4593.4063401134854
8294,4594.5900539464883
8295,4595.8891526081561
8296,4596.4476887138608
8297,4597.1695216257294
8298,4598.3031230228135
8299,4599.4107855025022
8300,4600.3040340413472
8301,4600.577271451335
8302,4601.0205107526926
8303,4601.0526136337712
8304,4601.4633573143028
8305,4602.0759815772317
8306,4602.9537556374489
8307,4604.0478298417274
8308,4604.4145247608931
8309,4605.2976031794697
8310,4605.8779156839992
8311,4606.8513697278731
8312,4607.0873065978749
8313,4608.4114622820853
8314,4608.4624163927338
8315,4608.7534102066611
8316,4609.084714694859
8317,4609.2868961088652
8318,4610.2191388647643
8319,4611.9061595796074
8320,4612.5283654688683
8321,4612.6415150509611
8322,4613.7153435830869
8323,4614.4579665552028
8324,4615.1658903095049
8325,4616.6955146443224
8326,4617.3120959829912
8327,4619.5345990801461
8328,4619.8460270434343
8329,4621.0673880183231
8330,4621.3604474862213
8331,4622.6748867008555
8332,4623.0883401227484
8333,4623.5198159036127
8334,4625.2006606250889
8335,4626.165710617528
8336,4627.0016732883805
8337,4627.2206127023155
8338,4628.4928042326219
8339,4628.814241724378
8340,4629.0398177320894
8341,4629.355837039403
8342,4629.460830507669
8343,4630.520483424576
8344,4632.2277287440793
8345,4633.8199796761455
8346,4634.5179258291382
8347,4634.8731894353832
8348,4635.89348431698
8349,4636.3293165495134
8350,4638.0466543918628
8351,4638.8641725352491
8352,4639.8362234047754
8353,4640.4883876539734
8354,4641.3690129040533
8355,4641.9587312217354
8356,4642.2555937405923
8357,4642.9618953253657
8358,4644.8882866520526
8359,4645.0190657632074
8360,4645.4454242580396
8361,4645.7811792022276
8362,4646.142585844832
8363,4646.6719711221267
8364,4647.8159138493538
8365,4648.3823938822852
8366,4649.7144025857642
8367,4650.4781024820031
8368,4650.8223064460863
8369,4652.5838885950816
8370,4652.7862802393165
8371,4653.9136756470161
8372,4655.8486913467132
8373,4656.0967108090681
8374,4657.1518545541621
8375,4657.8406627255217
8376,4658.1507896509147
8377,4659.5460880283144
8378,4661.1816603720563
8379,4662.1598427957024
8380,4662.1768864058349
8381,4663.1951506052928
8382,4663.9043188323112
8383,4664.8138997249962
8384,4665.1274433269446
8385,4665.7187060783826
8386,4667.0283319313194
8387,4667.5826848788929
8388,4668.5543537722579
8389,4669.0814390321384
8390,4669.160084263679
8391,4669.2475105904705
8392,4670.1792700386759
8393,4670.5662539390714
8394,4671.4419824195911
8395,4671.9948996915509
8396,4672.0071014238529
8397,4673.0516405066674
8398,4674.1997237894775
8399,4674.4481263837415
8400,4675.875153405902
8401,4677.7614733058226
8402,4677.89824500741
8403,4678.5440734015983
8404,4679.5267442186696
8405,4680.9781375439843
8406,4681.5899286235963
8407,4681.7916958879459
8408,4681.8390779131341
8409,4682.2698291950865
8410,4683.1472683470192
8411,4683.5651133274068
8412,4685.2309582997532
8413,4686.4667322203095
8414,4687.4873709753701
8415,4688.5155175877107
8416,4689.6262877594709
8417,4690.0947140925309
8418,4690.7032624900467
8419,4692.0143307267444
8420,4692.5982041509787
8421,4693.2949548987735
8422,4694.2233362877478
8423,4694.2862180049642
8424,4694.8201959453245
8425,4697.5792512684247
8426,4698.1663381016742
8427,4698.3539014859825
8428,4698.9938004432952
8429,4699.49690225412
8430,4699.9653066841247
8431,4700.2868478868895
8432,4701.4937942192691
8433,4702.8891218734771
8434,4704.4498893457958
8435,4704.9121293618464
8436,4704.9684978059095
8437,4705.4070176542537
8438,4706.7451576383019
8439,4708.7596161365182
8440,4710.9766085757556
8441,4711.136780989249
8442,4711.3947690667474
8443,4712.282916271708
8444,4712.5671419368518
8445,4713.2160206297776
8446,4713.2666961335945
8447,4713.8054936741864
8448,4714.882405297988
8449,4716.1540619281877
8450,4716.5146893275069
8451,4717.4428284365767
8452,4717.7647133496021
8453,4718.5371209153436
8454,4719.50970051682
8455,4719.9505538514677
8456,4721.7945441195488
8457,4722.951729344396
8458,4723.4373591961466
8459,4724.2269302544546
8460,4724.2804339476361
8461,4725.4067255973096
8462,4725.7787336638212
8463,4726.4146519482156
8464,4727.2511230683785
8465,4728.8038668301006
8466,4729.796925946177
8467,4731.4129425440524
8468,4732.357904111318
8469,4733.29483896072
8470,4733.7515516067824
8471,4734.1261621639096
8472,4734.9404624769131
8473,4735.2366736853874
8474,4735.6150189928858
8475,4735.9295770151903
8476,4736.1654976912196
8477,4736.805830474621
8478,4737.5653777375983
8479,4739.2021388137664
8480,4739.7664434348226
8481,4741.1542745134611
8482,4742.4664706999019
8483,4744.6123076959529
8484,4745.4212463392032
8485,4745.5831225487718
8486,4746.2048341270256
8487,4746.892486592591
8488,4747.363731354596
8489,4748.2558237701505
8490,4749.3749413512642
8491,4750.5404887373825
8492,4751.3607244409486
8493,4751.8750942827583
8494,4752.4924423642497
8495,4752.6976441646839
8496,4752.9740740781344
8497,4753.4134608328495
8498,4754.3133648341191
8499,4755.357526159868
8500,4755.963861161973
8501,4756.1678353068592
8502,4756.8017467502068
8503,4757.5581140931072
8504,4757.6772684980506
8505,4759.4126438844351
8506,4760.9263836046848
8507,4762.8061491000817
8508,4763.7342810327937
8509,4764.3918437769034
8510,4765.2716269125813
8511,4766.1202565991061
8512,4766.6924913206485
8513,4768.3253149231678
8514,4768.6479381763629
8515,4768.7346444243458
8516,4770.1075747009572
8517,4770.6925075750796
8518,4770.6960853021874
8519,4772.2414445875866
8520,4772.6825548524275
8521,4773.2679768985454
8522,4774.4825702661519
8523,4775.6567914139296
8524,4776.2559029628237
8525,4776.948767498342
8526,4778.0310088241795
8527,4778.5364511461439
8528,4778.9894685058434
8529,4780.057030817683
8530,4780.2585973107743
8531,4780.8738303240834
8532,4782.2024862670351
8533,4783.3457089016056
8534,4784.736874740538
8535,4785.4389746129082
8536,4786.6380583938071
8537,4787.2359019234918
8538,4787.5168662299784
8539,4787.837576929116
8540,4789.3805675923813
8541,4789.8623375802044
8542,4790.7277039560195
8543,4790.7983721505125
8544,4791.4522937290649
8545,4794.3438439463171
8546,4794.9713164813029
8547,4796.1021331044903
8548,4796.4481593065584
8549,4797.6783806246804
8550,4798.0996015964902
8551,4798.2417551528933
8552,4799.4018833742712
8553,4800.7813570842272
8554,4801.8776517730739
8555,4801.9458759044783
8556,4802.2668477345042
8557,4803.4059439820658
8558,4804.112696656558
8559,4804.570372464962
8560,4804.9442415402555
8561,4806.2047271648362
8562,4807.5440171977225
8563,4808.6223201210405
8564,4809.1852028293397
8565,4809.6835751764811
8566,4811.6263853752162
8567,4812.3873600567413
8568,4813.5121442823329
8569,4814.1659353610903
8570,4814.9746455139621
8571,4815.8289243097088
8572,4816.8167629846084
8573,4817.0098909820708
8574,4817.0246483157398
8575,4818.4575127673843
8576,4819.3325183139632
8577,4819.4902363912042
8578,4819.852753802913
8579,4821.3824530470483
8580,4821.45121000574
8581,4821.556886890412
8582,4822.3994941326309
8583,4823.1882087103631
8584,4823.4851134505989
8585,4824.7529405662972
8586,4826.9577375892577
8587,4828.5865273133404
8588,4828.6607182155594
8589,4829.4209508126723
8590,4829.6269211255812
8591,4830.4508755052948
8592,4831.297510242287
8593,4831.8048105295866
8594,4832.7702671334537
8595,4833.4097673244087
8596,4833.4304257228496
8597,4834.7709661067756
8598,4835.417412619473
8599,4836.7413310166185
8600,4837.0755045950282
8601,4838.2006227974771
8602,4838.7508664037541
8603,4839.5956179665145
8604,4840.8084290976885
8605,4842.4349992336283
8606,4842.9148508507305
8607,4843.9544980754335
8608,4846.7399522991127
8609,4847.472031631658
8610,4848.1584647385835
8611,4848.768909025448
8612,4849.5834595618444
8613,4850.1073131708708
8614,4850.5172529538113
8615,4852.5820630905901
8616,4853.1730463155254
8617,4853.5724669740421
8618,4854.0895661605482
8619,4854.1832885138165
8620,4854.6068585272997
8621,4855.8762311214214
8622,4856.2201079882034
8623,4856.4931414058919
8624,4857.1449148473703
8625,4857.9471532058233
8626,4858.7443097179976
8627,4860.9323672041319
8628,4861.9888813074867
8629,4863.2176786379323
8630,4864.1775828111404
8631,4864.6837940522382
8632,4865.9965532101924
8633,4866.2905916230038
8634,4867.2475475121801
8635,4867.6580299863572
8636,4868.1707107051325
8637,4870.306365886825
8638,4871.1980709163436
8639,4872.1338582361095
8640,4872.569574273437
8641,4872.857521862481
8642,4873.0028116788853
8643,4873.4964564733446
8644,4874.7173033040599
8645,4876.1890345453967
8646,4877.7123102872856
8647,4878.6476372940015
8648,4879.1372008630597
8649,4879.8655054461797
8650,4879.9463135743599
8651,4880.8176859226096
8652,4880.9462524716491
8653,4882.7458393369452
8654,4882.8395817121091
8655,4883.4627977710225
8656,4884.1294757102323
8657,4885.2511712842497
8658,4886.424951086321
8659,4887.3372651036925
8660,4888.0885181661397
8661,4888.7513125538453
8662,4889.9478545004686
8663,4890.1770240779533
8664,4891.0266463617545
8665,4891.3244454610858
8666,4891.925466355985
8667,4892.6808908851481
8668,4892.8969599455286
8669,4894.2723781978902
8670,4895.3037547196882
8671,4896.6132260475615
8672,4897.0845652065473
8673,4899.0576046833567
8674,4899.7770625090934
8675,4901.1136605228876
8676,4902.0499319484452
8677,4902.8479026159148
8678,4903.1690192202104
8679,4903.7101651933053
8680,4903.944357995395
8681,4904.6322152346247
8682,4907.7493604741749
8683,4909.128951277753
8684,4909.4332249725312
8685,4910.0382878536084
8686,4910.8680098271507
8687,4911.970022151886
8688,4913.1224539645527
8689,4913.1230782104503
8690,4913.2551711015649
8691,4913.6877473907116
8692,4915.5434742029393
8693,4917.278228486889
8694,4917.4329899851864
8695,4917.5781664634842
8696,4918.4547170557826
8697,4919.2019848693662
8698,4920.0010128995063
8699,4921.1546168299556
8700,4922.0125663186009
8701,4923.1315073491351
8702,4924.150328274899
8703,4924.5886128372276
8704,4925.2883459350269
8705,4926.544714881994
8706,4926.984610683824
8707,4927.8127364621741
8708,4928.4296341917197
8709,4929.0054719076334
8710,4929.6466980063024
8711,4930.3959481341235
8712,4930.4670967682832
8713,4931.9907130512811
8714,4932.7664474597477
8715,4934.3294957897879
8716,4935.5732085137988
8717,4936.4621625316486
8718,4937.7345754744128
8719,4938.5354431497399
8720,4939.7027504172365
8721,4940.8713380230083
8722,4941.1897137704209
8723,4942.4642052947274
8724,4942.6842317221481
8725,4944.5218103102607
8726,4945.1018435815658
8727,4945.7345204836638
8728,4946.3228598425721
8729,4947.3781302858388
8730,4947.9724272760004
8731,4948.3606176238163
8732,4948.8751233086496
8733,4949.6465038119586
8734,4950.0751832514597
8735,4950.1091880142667
8736,4950.6600231961847
8737,4950.7909796837866
8738,4951.0933596065624
8739,4952.2710236024259
8740,4954.1130164259466
8741,4954.6145831281274
8742,4957.6790554504669
8743,4957.8220350675956
8744,4958.7530497394646
8745,4960.1744444871711
8746,4960.6636291148188
8747,4961.7668469393857
8748,4962.834747577961
8749,4964.1076498261718
8750,4964.9336347304024
8751,4965.4086124665446
8752,4965.5045960458283
8753,4966.208766933677
8754,4967.1903455132215
8755,4967.7042576095455
8756,4969.7624497525521
8757,4970.9260536234069
8758,4971.9466873914926
8759,4972.7217053242484
8760,4973.0806422301594
8761,4973.6904668398101
8762,4973.9604055269001
8763,4975.2841466924583
8764,4976.4371419262825
8765,4976.730311639918
8766,4977.3782077533369
8767,4979.346377647902
8768,4979.8285341000328
8769,4980.1284916379982
8770,4980.5727646126625
8771,4981.2591373033883
8772,4981.384152773222
8773,4982.5358758120437
8774,4983.2961828203925
8775,4985.4385177615204
8776,4986.4490071544151
8777,4986.9306063610484
8778,4988.6610282778147
8779,4989.8624823567779
8780,4990.2800777338089
8781,4991.310371950507
8782,4993.0252836679247
8783,4993.6519494867071
8784,4994.2288642243984
8785,4994.9612706843136
8786,4995.3474791529343
8787,4995.79121940392
8788,4996.9120262097931
8789,4998.1405778698681
8790,4998.5691848023807
8791,5000.3921896827615
8792,5001.1606575647647
8793,5002.1507659447698
8794,5002.8236410506915
8795,5003.4688451131624
8796,5004.0124126128285
8797,5005.197068273792
8798,5005.2501947917472
8799,5005.9821924341259
8800,5006.7691430468694
8801,5007.9962066596399
8802,5009.1347158070739
8803,5009.5417174741233
8804,5010.1775004384644
8805,5010.5443548396051
8806,5010.9462866700324
8807,5012.2815033945926
8808,5013.553751943512
8809,5013.8107333713979
8810,5014.0564610028914
8811,5014.7167934598847
8812,5016.2233055251691
8813,5017.2144373507417
8814,5017.363464215814
8815,5018.5303384957888
8816,5020.0228443518308
8817,5020.6650483399617
8818,5021.6800732314368
8819,5023.0910976522391
8820,5023.8603836315087
8821,5025.1251395573418
8822,5026.1799694057981
8823,5028.0138137405274
8824,5028.6998686873494
8825,5029.3221972050769
8826,5030.4903161931079
8827,5031.6823415283334
8828,5031.9049358472575
8829,5032.2164291837735
8830,5032.4140258940843
8831,5032.7976321024125
8832,5034.1186285537515
8833,5035.1731821332378
8834,5035.8076164004206
8835,5036.9582042764278
8836,5037.9809795244701
8837,5038.423919987411
8838,5038.8638164844815
8839,5040.8680685957115
8840,5041.290103417944
8841,5043.5936336897212
8842,5045.4436658921622
8843,5045.7060655472287
8844,5045.8406457198735
8845,5045.9652764325601
8846,5047.3609348251011
8847,5048.3707639551094
8848,5048.4904238558711
8849,5049.5627784695389
8850,5050.0039434621258
8851,5051.4644882488437
8852,5052.3971067153607
8853,5054.053594372177
8854,5054.7728018175403
8855,5055.7555404909008
8856,5055.9496351380712
8857,5057.5286816921662
8858,5058.128929307918
8859,5058.1528268347156
8860,5058.904707731278
8861,5059.0546773030155
8862,5059.7876911051053
8863,5060.3062589501687
8864,5062.2571436004691
8865,5063.6673395963589
8866,5064.1668927262508
8867,5064.3798535998058
8868,5065.2338372429294
8869,5065.5198808372743
8870,5066.0332246994631
8871,5066.8020449386968
8872,5067.4509827349502
8873,5069.7841332232611
8874,5070.9975274063299
8875,5072.2214724454525
8876,5072.5369416883177
8877,5073.5820424190379
8878,5075.4009893651282
8879,5076.0106238305607
8880,5076.5427828809243
8881,5078.0741163750126
8882,5078.5493267851652
8883,5079.0933790772215
8884,5079.5126270102974
8885,5080.8161467989376
8886,5080.9854029435146
8887,5082.0778560098624
8888,5083.5900126687793
8889,5085.2981564419206
8890,5085.4530110755995
8891,5086.1795284416758
8892,5087.2398458154757
8893,5087.4671111227881
8894,5088.8162691910265
8895,5090.5091836772899
8896,5091.4579218809185
8897,5092.3126223661584
8898,5093.0661472343127
8899,5093.7809644504387
8900,5093.9048719328557
8901,5094.5883197769363
8902,5095.01688436319
8903,5096.5525201728396
8904,5097.0375071679337
8905,5098.0301675552209
8906,5098.1261799759586
8907,5099.3299088012873
8908,5101.4589398296703
8909,5102.4297364453951
8910,5103.58053531921
8911,5104.7841768388034
8912,5105.4897657602814
8913,5105.9313843580567
8914,5106.8475190832341
8915,5107.4567982077879
8916,5108.4411577084065
8917,5110.0961130100823
8918,5110.4144635640159
8919,5110.6448975227904
8920,5111.5388970664571
8921,5112.1564431404759
8922,5113.5570274208294
8923,5114.7431451344073
8924,5115.3051734765959
8925,5115.6464121399813
8926,5117.8054150933804
8927,5117.8420587450655
8928,5118.2948194892124
8929,5119.1974935834569
8930,5120.6747393645874
8931,5121.3206620254077
8932,5121.9063110243533
8933,5122.65936379087
8934,5123.1154184280567
8935,5124.70184830574
8936,5125.1582402622225
8937,5125.450744524509
8938,5126.7968836345899
8939,5129.3869398984689
8940,5129.3875238482642
8941,5130.1383499903186
8942,5131.0988726866126
8943,5131.421222996777
8944,5133.3598096908654
8945,5134.0251384644826
8946,5134.5942313961887
8947,5134.9807278696444
8948,5136.319325095641
8949,5137.0372335311695
8950,5137.3041015105237
8951,5139.2073172768069
8952,5139.7752314003174
8953,5141.6843502028705
8954,5142.4891950621886
8955,5143.1256072470978
8956,5143.5110447714742
8957,5143.8358217601199
8958,5146.5283008807646
8959,5147.7666176908961
8960,5148.3536051589163
8961,5148.642677816636
8962,5149.9129959042475
8963,5150.1775530847399
8964,5150.4115272726713
8965,5151.7916202723509
8966,5151.7988916711447
8967,5152.9997294787045
8968,5154.6921696282297
8969,5155.4433627626022
8970,5157.1397595442486
8971,5158.3090251629446
8972,5158.8165844687837
8973,5159.1656691591561
8974,5160.0213739575829
8975,5161.3937151773562
8976,5162.8392960727688
8977,5163.3795338183363
8978,5164.1307003229231
8979,5164.7433212858932
8980,5165.278506793823
8981,5166.2075359981436
8982,5166.6313043435148
8983,5166.7073196349274
8984,5167.127414925777
8985,5168.3345731551844
8986,5169.0578996342329
8987,5170.2260099981177
8988,5171.5547447469671
8989,5173.1386627695565
8990,5173.7296173115537
8991,5174.0122832343077
8992,5175.5302119051694
8993,5176.8036260329409
8994,5177.6242698498681
8995,5177.9675275709296
8996,5178.4373978375424
8997,5181.1531386071802
8998,5182.1054792787208
8999,5182.7738916987064
9000,5183.4381019937127
9001,5183.9703293901766
9002,5184.6337895881943
9003,5186.3594784300321
9004,5187.9661564571716
9005,5188.9872156445526
9006,5189.6222979259592
9007,5190.5191334061728
9008,5190.6931450170978
9009,5190.8703943441251
9010,5191.9191582026979
9011,5192.782070010936
9012,5193.3514380273127
9013,5193.5973466774185
9014,5196.055114789011
9015,5197.7070514779725
9016,5199.2908149343293
9017,5199.7887583995725
9018,5200.1486892703215
9019,5200.724205437592
9020,5201.0305518919749
9021,5202.7140831927472
9022,5203.158677932146
9023,5203.4244351396592
9024,5204.3282949057439
9025,5205.513582970274
9026,5206.6838806189771
9027,5208.3110959279911
9028,5209.6088039102724
9029,5210.3582366933997
9030,5210.5496294614704
9031,5211.3419028994067
9032,5211.8788806247385
9033,5212.5953407469215
9034,5213.8498838431469
9035,5214.201439267119
9036,5214.4573924359529
9037,5215.0146458915842
9038,5215.7036038505867
9039,5217.7200541245193
9040,5219.9729517540582
9041,5220.9507080066796
9042,5222.2742236064605
9043,5222.7243874218566
9044,5223.7788914839794
9045,5225.00464746125
9046,5225.1074568411486
9047,5226.0420782343053
9048,5227.5911983428596
9049,5227.6712033008353
9050,5229.0190282484273
9051,5230.6947218053829
9052,5230.9906608756764
9053,5231.2170825487256
9054,5231.7562194037637
9055,5232.2153111071102
9056,5233.4275276654362
9057,5234.8330953976902
9058,5235.8075422281345
9059,5236.5945483431515
9060,5237.6052660435462
9061,5239.759314630789
9062,5240.5327418494344
9063,5241.4510346914667
9064,5242.2272637206252
9065,5243.2789444637174
9066,5243.5874694622125
9067,5244.6517658842786
9068,5245.7823873560719
9069,5246.6365336774679
9070,5247.8023392027135
9071,5248.7362003129465
9072,5249.6019289413471
9073,5250.1656839332763
9074,5250.6698959931182
9075,5251.1564941806664
9076,5251.314201619055
9077,5252.4643986653045
9078,5253.3444361758129
9079,5254.7128797434934
9080,5256.5398453926791
9081,5257.7948056995892
9082,5257.9350240616586
9083,5258.9245716302339
9084,5259.8742916889341
9085,5260.2916616892044
9086,5260.8136563049329
9087,5262.6608513707079
9088,5263.1259938998937
9089,5264.6166828651803
9090,5266.7427059738411
9091,5267.0741915542794
9092,5268.4403240799602
9093,5269.3163872038585
9094,5269.546839074641
9095,5269.7574079822525
9096,5269.9646480704778
9097,5271.868911415354
9098,5272.9214740950001
9099,5274.660796572045
9100,5276.0650245800862
9101,5277.6456757151127
9102,5277.9243817459801
9103,5278.4436554171243
9104,5279.0309895618784
9105,5280.6237948395383
9106,5280.7506376202973
9107,5280.8552972706793
9108,5282.4021521844443
9109,5283.2952174135944
9110,5284.1973048465225
9111,5286.2582488423386
9112,5286.4219410912301
9113,5286.6128623664354
9114,5286.8990351365001
9115,5287.9830238967334
9116,5289.3305759911345
9117,5289.7438246486927
9118,5290.6125447614904
9119,5293.0543928720963
9120,5294.6793883469181
9121,5294.7627946897555
9122,5296.0993650080372
9123,5296.2484330512052
9124,5297.9960743032198
9125,5298.1620410951
9126,5299.1702169963601
9127,5299.4947006929378
9128,5302.571880661214
9129,5302.7925507642731
9130,5303.4232918849611
9131,5304.3991050586164
9132,5305.4302711232249
9133,5306.0013303797678
9134,5306.8186071396003
9135,5307.4959486795497
9136,5309.9378981077034
9137,5310.284357891238
9138,5310.5242548206224
9139,5310.8938524314426
9140,5312.5919623486088
9141,5314.0202228403996
9142,5315.3186882329073
9143,5316.5199127762899
9144,5317.5011492115545
9145,5317.6753094206015
9146,5317.8048216191119
9147,5318.4323853117894
9148,5319.7615745253834
9149,5321.2034341317258
9150,5322.5335993335375
9151,5322.8238581612941
9152,5324.6367257121192
9153,5324.8193451144389
9154,5324.9686548866139
9155,5326.8517616921981
9156,5327.8237850344158
9157,5328.8134153393994
9158,5331.1291476382003
9159,5331.2303362826888
9160,5331.7049271442829
9161,5332.1428095909905
9162,5333.5347207342929
9163,5335.991024943206
9164,5336.8419238562692
9165,5336.9250093000865
9166,5337.7314224123884
9167,5338.4484437276842
9168,5338.9515246735891
9169,5341.1859806004841
9170,5341.9656439039345
9171,5343.5630330587073
9172,5344.3159608295464
9173,5345.1236119063087
9174,5345.1537596297458
9175,5345.5646704027158
9176,5346.5674513525737
9177,5346.5887920937575
9178,5349.1422657776202
9179,5350.2107168981765
9180,5351.2330722462175
9181,5351.996443725775
9182,5354.0226182402303
9183,5354.8538150460927
9184,5355.7394873181656
9185,5356.2665748704476
9186,5357.9116161344391
9187,5358.2908314052384
9188,5358.8557349406383
9189,5360.7505858715058
9190,5361.5171999081567
9191,5362.3211126273627
9192,5363.6760923721267
9193,5364.011186403277
9194,5366.2466864699036
9195,5366.7361251469829
9196,5367.1927081402564
9197,5367.3073638035912
9198,5369.1803026041398
9199,5369.3197202329156
9200,5371.0165559529787
9201,5371.8592419721217
9202,5373.9615302077846
9203,5375.1750542071804
9204,5375.8783306382493
9205,5375.996511973106
9206,5376.6204447927112
9207,5378.5002135136674
9208,5379.9018417001571
9209,5380.7532035158711
9210,5381.9695096678288
9211,5383.3874635024704
9212,5383.5738048898083
9213,5384.346656512128
9214,5385.7988935362664
9215,5386.7777075882186
9216,5387.1525450119225
9217,5389.0348479069316
9218,5390.3614256113215
9219,5391.0843461272189
9220,5392.1381201567392
9221,5393.7035821245627
9222,5394.9523792451591
9223,5395.6757470905604
9224,5396.4707862066907
9225,5397.412072831743
9226,5398.7960268181405
9227,5400.7513617465474
9228,5401.4654523629997
9229,5402.821510481248
9230,5404.3429295377946
9231,5405.4599681046802
