# Domain: gww2 (DST, convergence sweep, dense eig full spectrum)
# Resolution M = 155, dofs = 9231
# Computation time: 13.4328 s
# Eigenvalues stored: 9231 of 9231
n,lambda_n
1,2.5411299520396295
2,3.6586252789897555
3,5.1817874395067145
4,6.5387088964695357
5,7.2539445875857105
6,9.2119277565537807
7,10.600418575520523
8,11.542199042000377
9,12.336968978461304
10,13.062761981086915
11,14.316887411353774
12,15.88485918018409
13,16.941404021648477
14,17.668662143584285
15,18.999210237215401
16,20.884952848236189
17,21.266412110978862
18,22.248649155716134
19,23.711835391672885
20,24.479659167266192
21,24.673750702331912
22,26.089464615647028
23,27.312188124762994
24,28.180091697324603
25,29.572876080628429
26,31.487913330044137
27,32.076112462133587
28,32.228814417546559
29,32.911328595137682
30,34.138316471611319
31,36.268966061731888
32,37.107685739563919
33,38.799248348333698
34,38.963450707368501
35,40.850219655009262
36,40.970671943164497
37,41.45069535417673
38,41.944900611502618
39,44.157182552370706
40,44.497730809532769
41,45.849536955729086
42,46.6985582948939
43,47.44905256042302
44,49.347433431034737
45,49.939747243909196
46,50.292978892101615
47,52.028364895817028
48,52.539935509795164
49,53.402811979313249
50,54.206425989288498
51,56.279057210001184
52,57.064997368668656
53,58.14699528236271
54,59.161399736320753
55,61.684826676515208
56,61.735067410079203
57,62.853254791812127
58,63.203124823746457
59,63.293756919050963
60,64.150068340728637
61,64.797052576835526
62,66.482305159000433
63,67.188497829653429
64,69.504099385843048
65,70.06477024832796
66,70.675456005123607
67,71.552820202041005
68,71.591322287406911
69,72.392269846287149
70,75.045109288153526
71,76.51142666080834
72,76.877337234854835
73,77.267057863596335
74,77.40806737231226
75,79.699340089161538
76,80.715483787072174
77,81.699121428169505
78,83.820032365514081
79,83.855289839381683
80,83.8905841401358
81,85.771709623433779
82,86.041660428938016
83,87.469486813590279
84,89.055007220396305
85,90.478761739400767
86,90.947607100407438
87,91.28835424517176
88,91.295306508203254
89,92.250688776689543
90,93.36684607284576
91,94.770815842596846
92,96.290334488065326
93,97.944143775103541
94,98.586300896643721
95,98.691820916997585
96,98.91806876467399
97,101.16311067547086
98,101.95855429143002
99,102.93500406022187
100,103.41805120358411
101,104.67620616303567
102,105.61327622135101
103,106.49930118345426
104,106.63158337700786
105,109.42566818419861
106,109.96771848015041
107,110.91796257089962
108,111.03003670418448
109,112.89394964075963
110,113.03617099795105
111,114.18365963475522
112,114.77018938343723
113,116.16726798465128
114,118.573825703799
115,119.60196736452933
116,119.74671632936634
117,121.65918460015224
118,122.62763454241787
119,122.95735136597546
120,123.12081625717965
121,123.36053381409488
122,125.00929322162631
123,126.0228508636266
124,127.15714863273466
125,128.30319682935436
126,128.72155152418517
127,129.01796271916274
128,130.76385232151185
129,131.23893267980594
130,131.45533095147894
131,131.92589047291466
132,133.5247842378252
133,134.94164912187819
134,136.6708476905296
135,138.01152543834141
136,139.65284485749683
137,139.77033387297598
138,140.66187036283569
139,140.79103727112411
140,141.25393436676185
141,142.9164636256296
142,143.10260827141013
143,144.98757480458448
144,146.96673267828371
145,147.48990453089178
146,149.36613727119817
147,149.85019093190482
148,150.412943053813
149,150.51096268934586
150,151.87340508699123
151,151.91752887047659
152,153.42058109900614
153,155.4652247612072
154,157.03131923737882
155,158.15120821289915
156,159.37173916257845
157,159.79968020932785
158,159.84547858129963
159,160.36456791164713
160,160.37652398938482
161,161.34629060454887
162,162.62473739244635
163,163.80689008411747
164,164.82713898895196
165,165.80521531461838
166,166.46581505829812
167,167.76822431219304
168,168.19024326091716
169,169.80382797285685
170,170.05452296069456
171,170.98257988774236
172,172.53462657187166
173,173.78690090206314
174,175.29430359503291
175,176.17368536250675
176,177.33037523948195
177,178.53087129821654
178,179.46893675834775
179,180.10749651467552
180,180.10853554052383
181,180.49518965220417
182,181.52234040813286
183,182.58526484758386
184,183.62091003351313
185,185.04879700955263
186,185.85323170996111
187,186.34194247586575
188,187.26092819657657
189,188.21959630895404
190,188.87096815729663
191,191.08392168215187
192,191.3217131678912
193,193.8860328810681
194,195.1425364144369
195,195.91410805357719
196,196.36752566651001
197,197.38239408586793
198,197.79775841154182
199,198.96972013146629
200,200.41525137421104
201,201.08141497423881
202,201.55706105487198
203,202.29874417447044
204,202.34893243467681
205,203.16061576895143
206,205.58197851301483
207,206.69933087411232
208,207.27314437010932
209,208.55830144142598
210,209.44380733617618
211,209.70425907336903
212,209.72838069866663
213,210.54058305107012
214,212.03169732436533
215,212.32146935184156
216,213.29418475728957
217,213.81921850299179
218,216.45771973611662
219,218.67383241490762
220,219.50174031906641
221,219.59226432478172
222,219.70804787655439
223,220.84625024202484
224,221.58810568656131
225,222.04419322183116
226,223.56081388493988
227,224.56685450517227
228,224.98198525589245
229,226.41638615751546
230,227.57120217335381
231,228.07422398794478
232,229.16559537993342
233,229.70731056253109
234,231.50408876840473
235,232.52066800125283
236,234.02365014435213
237,234.64574220069525
238,235.33897634735055
239,236.52713037785693
240,237.59343281944319
241,239.28125110361498
242,239.32004085234342
243,239.40789384766526
244,242.21409374532016
245,243.14943383784956
246,244.18249764634828
247,245.04470678177762
248,245.5226837303872
249,246.73677589459527
250,247.8295063294573
251,248.12331434122814
252,248.3164446741267
253,249.16551666367161
254,249.42084997598693
255,250.22068829365836
256,251.76938150552118
257,252.36560813223139
258,253.10018600001908
259,255.06973476027028
260,255.31611419508889
261,256.57063306291315
262,256.9587297053788
263,258.79923385383864
264,260.80530857407751
265,261.31641423846293
266,261.53113118644677
267,261.83835215078199
268,262.49858560840971
269,263.45558052482653
270,264.01569788921495
271,265.66708139434087
272,266.36793698226171
273,267.65830959262081
274,268.91138179284405
275,269.48922981566562
276,271.21184899793099
277,272.82440042380421
278,273.65301470970462
279,273.85283856015633
280,274.34342132045543
281,276.15038876343937
282,277.17320192346932
283,278.32648475069357
284,278.81536165021259
285,279.14208094752985
286,279.93431200163531
287,281.16885744360468
288,281.36812675031064
289,282.32268257200155
290,284.57526433502341
291,285.1220929816883
292,286.18834167797513
293,287.32991992888032
294,288.67724563816131
295,288.97690795589818
296,289.86181732069048
297,290.42822558289055
298,291.59563893841295
299,293.41678191217301
300,294.05562157559081
301,294.62444147233077
302,295.43565030713808
303,297.58320476491252
304,298.51975491516941
305,298.87508150411742
306,299.64885351793674
307,300.55131200752447
308,300.96242849648593
309,302.32432423198168
310,303.34491997877933
311,304.30813834834743
312,304.8803916756687
313,306.04378531223523
314,306.72337145276873
315,307.70172380386833
316,308.36653222813652
317,308.40095296026755
318,308.90606521825077
319,309.76594358841947
320,311.01606377483193
321,313.22145076739145
322,314.31665716390478
323,314.85141976834484
324,316.14950338871148
325,317.70744286725829
326,318.41651822450632
327,319.19196339295945
328,320.50219188396449
329,320.70802562439246
330,320.75772480908495
331,320.94983904885072
332,322.13333355648018
333,323.27940291182796
334,325.10338673517816
335,326.46275077222896
336,327.83545061971779
337,328.26971362450047
338,328.46979371809533
339,329.4619254630191
340,330.84500466858805
341,331.29609796093047
342,333.56634688758726
343,334.90106729479339
344,335.12257187358455
345,335.5488104143796
346,336.19938344107038
347,337.12196073648715
348,337.98626628366293
349,338.38533986482889
350,339.16499884895649
351,339.81298157348505
352,341.61619676151429
353,342.95964571485194
354,344.3691063937693
355,344.53721941407503
356,345.92907195222591
357,346.7902099643315
358,348.6271690518725
359,350.18557587421691
360,350.85918302459692
361,352.1072214022667
362,353.28407720553241
363,354.26151047449446
364,355.45299117196072
365,356.47536812504529
366,357.42918655803362
367,357.68859107236779
368,357.77190331910384
369,358.17808007891682
370,359.59692586214783
371,360.20051220782659
372,360.77554713170326
373,361.05654616212416
374,361.89552176481163
375,363.05874872554102
376,363.4117945590728
377,364.77257385193349
378,365.09076472155817
379,366.99819624736193
380,367.63142700454722
381,368.77036287923011
382,369.95472959459653
383,370.56909904519074
384,371.27341475393109
385,372.06508612537556
386,372.54180299570834
387,373.00634379272651
388,375.35337281182069
389,376.75078102154538
390,377.43324525689803
391,378.3248569061808
392,378.69769103046525
393,379.82710079550071
394,381.15794353360883
395,381.57234554146243
396,384.19724118907976
397,385.54403593536409
398,386.73015601031375
399,387.15447841519165
400,387.35041371653773
401,387.72100670016425
402,388.35050325957053
403,389.54753275036654
404,390.08583513884662
405,390.52906807501887
406,391.53728335829754
407,393.04697989645388
408,393.6260609573684
409,394.71206353659886
410,394.73032642498504
411,397.32334291584084
412,398.91022866015447
413,400.43476146895193
414,401.1171532151796
415,401.81235131574556
416,402.6672152132582
417,403.50422561564574
418,403.98924016572659
419,404.64809755740731
420,405.31709439681288
421,406.6360878104739
422,407.59032137266269
423,408.38497372670162
424,409.65127821652908
425,410.40183415254961
426,411.6112306403142
427,413.38059024019304
428,414.14466672727627
429,415.03287474246912
430,416.92855886133196
431,417.39621814481114
432,418.39491428954011
433,418.90033617801066
434,419.337975512654
435,419.43535480738251
436,420.53531059784541
437,420.69738303869866
438,422.05896556173275
439,423.19340282639467
440,423.78389748024864
441,424.72553121633121
442,424.83778604100496
443,425.72802071271894
444,426.74081841749137
445,427.06812131093727
446,428.13293977599375
447,428.84862703187241
448,431.33779626459278
449,431.45075282827651
450,433.25257657838426
451,434.97323174606902
452,435.85174010219811
453,436.91863562999021
454,437.83154588936867
455,438.82138344969854
456,439.08499034135059
457,439.50796826600515
458,440.53647284550556
459,441.53264023337994
460,443.08384802442663
461,444.08058901103686
462,445.7338272638687
463,446.42564058938706
464,446.59800121744911
465,447.84658633450948
466,448.82229707499681
467,449.75823208403818
468,450.30123191750778
469,450.95402385958994
470,451.35514050611613
471,452.29836755101502
472,452.88312250126148
473,456.36426643583775
474,456.4547336004818
475,456.47528282983205
476,456.73598015779731
477,457.71362999210066
478,457.99534984945626
479,458.79206763967386
480,459.44568792392641
481,460.72360126284917
482,461.75119669551788
483,464.02505860304319
484,464.72140956691072
485,466.90701635362302
486,467.75048738256913
487,468.46273254394362
488,469.1581090902352
489,470.74293876175074
490,471.70433044673126
491,472.33138348529138
492,474.21701243683765
493,474.33934998546846
494,475.73062863615263
495,476.12411264352079
496,476.1698452777174
497,478.02013112704037
498,478.19460100279957
499,478.58363548428468
500,480.6835559096221
501,481.39667790022889
502,483.47243747506394
503,483.99421903973843
504,485.38952441528869
505,485.8820545698897
506,485.98770676978035
507,486.8554317264186
508,487.55115645298685
509,488.01266486290092
510,488.44142724102193
511,490.02402739462957
512,490.94844811320763
513,492.60366883065751
514,493.31977064696599
515,493.64729849890603
516,494.97150860362575
517,496.90467508246383
518,497.27827915937092
519,497.8406762794728
520,498.31855615860223
521,498.40789106747485
522,498.97423154742302
523,500.97341751614755
524,501.56531451544134
525,502.6250363321879
526,503.25722322032345
527,505.65918854007481
528,505.73771427032233
529,505.89437721803978
530,506.20615023694506
531,507.44777007352116
532,508.53924559365441
533,509.64500315165412
534,510.26153284955529
535,512.21520440621919
536,513.19057453539267
537,513.41085860841474
538,515.73898194364779
539,516.82608714090713
540,517.81739329650577
541,518.15895732217643
542,519.77827756829402
543,520.57244821468578
544,520.8622209665549
545,521.05242191230207
546,521.68712040257344
547,522.49762380584821
548,522.92484838111272
549,523.00170368944225
550,524.73265482104603
551,526.36904428902449
552,527.81921312159136
553,528.82172880373219
554,529.07102780046978
555,530.96061585341977
556,533.5979887426995
557,533.94388645019831
558,534.09529488266867
559,536.30124219611469
560,537.19302018030817
561,537.82804110372103
562,538.21140305744018
563,538.96662447351264
564,539.63380926191212
565,540.02871222435465
566,540.81266449350733
567,542.60150941959944
568,543.71547755052359
569,545.16363524908127
570,545.29364990589659
571,545.52721892385898
572,547.19582406607196
573,548.07643235437934
574,548.60059920127094
575,550.76460929762573
576,552.36962565936983
577,552.70090351026101
578,554.11981590519031
579,554.90884134750877
580,555.14729866495043
581,556.28441557897509
582,556.85029275904901
583,557.31233882180288
584,557.44488512586508
585,558.34545698974921
586,558.57128942908378
587,560.32061797744018
588,561.22794874460487
589,561.65117819187572
590,562.65948099087291
591,563.35206870545096
592,564.04635460856821
593,564.81736523177381
594,566.43721570695368
595,568.19910917331458
596,568.85303282576001
597,571.59683593343254
598,572.17323306265155
599,572.32131490391203
600,573.27328645296006
601,573.786422663694
602,574.85414619159428
603,575.15119309531133
604,575.75671100277179
605,575.80886443396014
606,576.52130762793388
607,577.15980624404119
608,577.48262104911589
609,578.9020582672008
610,580.59540875677521
611,582.1477313989044
612,583.18406490430607
613,583.9044121280258
614,585.21218156121097
615,586.59113481212728
616,586.76083819924258
617,587.34081653200246
618,589.68220510811273
619,591.67953936052675
620,592.3155639537257
621,594.44494794360924
622,594.52467111124122
623,594.87336095070532
624,595.20181845352226
625,596.21749010481847
626,597.59656132596069
627,598.36322764530712
628,598.89579792666598
629,599.20579231629802
630,600.54815780418107
631,600.725972029574
632,601.84508842042646
633,602.03701918105651
634,603.28402813828802
635,604.41391263020034
636,604.82159889808565
637,606.08575375702344
638,607.1410094290402
639,608.0003036250248
640,610.02068368038181
641,611.35074948124452
642,611.67120363992035
643,613.22918233773623
644,613.37542073696045
645,613.65080635395407
646,614.14652177680671
647,616.66707821519503
648,616.81463140265441
649,617.30892622518832
650,619.51788711024835
651,620.33093329334758
652,620.7769396211811
653,621.34031766254736
654,621.99795331979453
655,622.64294380318165
656,625.90032487312146
657,627.15544356568478
658,627.51552915460411
659,627.87118530317889
660,629.9098437175146
661,630.60456562276443
662,631.75573064927585
663,632.37435816267748
664,633.3544191848564
665,633.74098636738245
666,633.95290314987346
667,634.37344251473792
668,635.25131756605265
669,636.97284485866601
670,638.28013033072796
671,639.62305124484783
672,640.27763372275535
673,641.19058603956603
674,641.25990370498539
675,641.44446911894363
676,642.02226005687862
677,643.31517971000619
678,643.71208056359797
679,643.82866040387626
680,644.30354884022483
681,646.14032560515057
682,649.2638458822455
683,649.88401125195685
684,650.29114767676208
685,651.41116885163672
686,653.47775637204882
687,653.57948888695455
688,653.65467612656857
689,653.85884662295712
690,655.1756342649935
691,655.71805188545909
692,656.84859850492262
693,657.03295270140768
694,658.91439802862294
695,659.5565247654971
696,661.02040837095956
697,661.78636957325307
698,663.70874122231714
699,663.94967637152411
700,664.49443143261408
701,665.32261870111495
702,666.06601229434818
703,667.91480521349911
704,669.50208976069109
705,670.85601515938458
706,670.87006712494315
707,671.42668249470921
708,671.6139380164276
709,673.63825994843842
710,673.70127363026245
711,674.78386975634601
712,675.92377669539258
713,676.88271003755688
714,678.23534787451661
715,678.85918638642977
716,679.87600449243178
717,680.4296540235423
718,681.3527383694211
719,682.8965067303202
720,683.40852813089293
721,683.97565541449171
722,685.68871432109779
723,686.01462585453623
724,686.16084117430159
725,687.06216133364933
726,688.09282611251831
727,689.34746117548366
728,691.30778094440348
729,692.02404415208116
730,693.0897650861582
731,693.45100347736422
732,694.1665017599679
733,694.26952865781971
734,694.41519378357611
735,695.55578949361677
736,699.21528488982517
737,700.51647114602986
738,700.89235846749557
739,701.46365147583492
740,703.58600873762111
741,705.3821763689956
742,705.67745016743334
743,707.28367688260073
744,708.25070283701007
745,709.59391383462389
746,710.35974025802784
747,712.07229140999038
748,712.95670333398607
749,713.15388495906984
750,713.4022297020482
751,713.70704564801565
752,714.55296633349974
753,714.94800709110064
754,715.05483727793671
755,715.21932784332466
756,715.50396766438121
757,715.53567018028571
758,717.3156920755423
759,719.25034613071205
760,719.97441548947063
761,720.25405178460676
762,721.39200015174902
763,722.28565274557229
764,722.5794811035513
765,724.01427881189079
766,725.90478793546686
767,726.63986913978624
768,727.62211728429736
769,728.37049287796935
770,729.85457568810284
771,730.30706264221294
772,730.40429351116541
773,731.68599747372878
774,732.218021484475
775,732.679690989444
776,734.68847935121437
777,734.92079654116719
778,735.82670129648818
779,736.03389596827617
780,737.03697627045199
781,739.36435034861938
782,740.65926069344232
783,741.5135004313496
784,742.17480498273278
785,743.21994724819785
786,743.48058597714203
787,744.18668894759378
788,745.32349774884585
789,746.91312751138753
790,749.34556388225769
791,750.4810564513707
792,751.84305072200698
793,752.20830176888046
794,752.35335052167056
795,752.49702158109551
796,754.7502270730738
797,754.92683991734452
798,755.3735859009696
799,756.00815393404218
800,757.20965216726063
801,757.38292602303056
802,757.40692709743257
803,758.22676808880442
804,759.90340760416757
805,760.47544653150271
806,762.75918847084154
807,763.48354949784823
808,764.75444720898167
809,765.7539972750094
810,766.7474435112922
811,767.10284728585384
812,767.98597386567974
813,769.23660366781905
814,772.05056403939443
815,772.29357290977714
816,772.8798051592745
817,773.71348639250868
818,774.43615332902004
819,775.03987599976665
820,775.32114974643434
821,776.43680104571354
822,777.92574645779598
823,778.84311933055915
824,779.13419102714772
825,780.54282436476285
826,781.40864456675604
827,781.86929510920834
828,782.13962854620263
829,783.40339139166713
830,785.1638704121558
831,786.69546976901108
832,787.75843008476875
833,789.18200691291088
834,789.3928749074056
835,790.30340322868494
836,791.09243476674692
837,792.27106342119509
838,793.43594917494613
839,793.79695430878371
840,794.57895453071058
841,796.9105384801195
842,797.82240477324729
843,799.93702565272849
844,800.41150962589529
845,801.17432453507718
846,801.53986792132548
847,801.59995853683904
848,801.83006522807807
849,801.90463925596873
850,802.76182109690137
851,804.60208185386284
852,805.2786439755231
853,805.6582116693088
854,806.05726447882512
855,806.5303649305913
856,807.39050141096686
857,808.71940227229993
858,808.98238508044665
859,809.09706804637108
860,811.76189248931723
861,812.04531625289951
862,813.64659946714607
863,815.17088988391322
864,815.68827644532303
865,816.47981463961116
866,817.27811570010817
867,818.89135676700346
868,820.89602270191585
869,821.09483482087546
870,821.188086392434
871,821.38386811213718
872,823.48763240313826
873,825.08538059334978
874,825.3921745852108
875,826.53557501400405
876,829.03876320966094
877,829.88434354403353
878,830.22941207760618
879,830.79158144831536
880,831.36666049148266
881,831.9960931016069
882,832.43275984831985
883,833.70366139225325
884,834.12253659709586
885,835.66213541550667
886,836.31808403527464
887,837.53080781742369
888,838.15184617197406
889,838.46521899988932
890,838.90336420474137
891,839.94340759914826
892,841.65372429364186
893,843.01912635559916
894,844.62170037756152
895,845.19688356843221
896,845.69852430696449
897,846.19606479503693
898,846.8487118366894
899,847.25331314678419
900,849.3013141904122
901,850.53306445758676
902,850.99462727475213
903,851.89138471519982
904,852.31986379174396
905,853.66821420857843
906,854.09280313459317
907,854.84111598650259
908,855.1213651277269
909,856.9479493214875
910,858.09904467831143
911,858.96875976555589
912,859.74438762647469
913,860.69760790778173
914,861.22749559732574
915,863.41933655815012
916,864.13011856214416
917,864.82915683003534
918,865.61914269672741
919,866.95038829733983
920,869.02409614093153
921,869.42645784572414
922,869.98107484531909
923,870.74627756026348
924,871.9993881897542
925,872.66097754763041
926,873.3086026456499
927,874.17618311688796
928,876.43920609770771
929,877.24545337317136
930,877.80706208533968
931,878.27604784709229
932,879.41295274915581
933,880.18277006479934
934,880.86141400630117
935,881.22314899322726
936,882.50809067284717
937,885.13844506036344
938,886.78146406313101
939,887.3060126030266
940,887.50421654987872
941,887.85981024256648
942,888.80656657111911
943,890.724994018046
944,890.99938663989644
945,891.53647959574323
946,892.18272543605519
947,892.53009511898176
948,893.21285384880014
949,895.06696051545748
950,896.52649572740859
951,898.50187879266457
952,898.69633887417592
953,899.98528012420479
954,900.59778224798515
955,900.67428496009506
956,901.45548322520949
957,902.08672483819942
958,903.10382938280554
959,903.67122877319218
960,904.53247903881936
961,905.17295150181212
962,905.67362289798643
963,906.23671094042118
964,907.32983442210968
965,908.6498830374295
966,909.89486660464354
967,910.43887700251162
968,910.7947540837157
969,912.35448834126328
970,912.72421583509174
971,913.17209494868769
972,914.37765721605149
973,915.73814145633457
974,916.69881613516986
975,917.35207436900373
976,917.65357933606879
977,918.47483428111195
978,919.97018372783339
979,920.1805971188204
980,920.95732439457549
981,922.98639373698791
982,923.97424022975952
983,925.63347796706648
984,926.96524409946858
985,929.16240317559198
986,929.61794803707426
987,930.11935720147892
988,930.23549536722385
989,930.52316628329982
990,931.298653060775
991,932.37160129925542
992,933.30814097317398
993,934.5144204087627
994,934.7682005328096
995,936.73402258636008
996,937.76406321805382
997,938.31835657063255
998,939.34695622529273
999,939.48634497345745
1000,940.76183895313
1001,940.85036021091548
1002,943.2107658189899
1003,943.84621824506019
1004,944.19110797971848
1005,945.27361913204709
1006,946.95111522754655
1007,947.43516720623745
1008,948.18953298093504
1009,948.97072963700725
1010,951.6396456723752
1011,951.8664488969207
1012,952.60890880583736
1013,954.16914321400213
1014,955.78657437663196
1015,956.05017206684192
1016,957.01551970337232
1017,957.16249275720713
1018,957.92494746822638
1019,959.02021742912336
1020,959.64137417210077
1021,960.04408617470574
1022,961.94716917722951
1023,962.3154395560656
1024,962.94152299793222
1025,963.66312272051221
1026,965.49805572759271
1027,967.44303138051816
1028,968.87131387276168
1029,969.57184325686217
1030,970.15768466295287
1031,970.33220442609991
1032,971.26316160977274
1033,971.81935120253718
1034,972.14051474403243
1035,973.60311674122556
1036,974.61295832637279
1037,975.59689119917198
1038,975.9221334817986
1039,977.89117870919529
1040,979.03734077167189
1041,979.73369881199028
1042,980.44162728741503
1043,982.9070776347445
1044,984.67351095409094
1045,984.89015331034261
1046,986.18862368160012
1047,986.86252950372204
1048,986.89784131980059
1049,987.50961942529693
1050,988.29897210868694
1051,988.49644686498846
1052,988.66801636683317
1053,989.23938004417073
1054,990.39184552210463
1055,990.43613719924758
1056,991.52432769694099
1057,994.10768289060559
1058,994.90220044779437
1059,996.02982898336393
1060,996.57299731697788
1061,997.26035504665163
1062,997.69162294731507
1063,999.0026632834572
1064,999.64075745280968
1065,1000.6547958257163
1066,1001.4214743600402
1067,1001.7565254151056
1068,1004.3263695583884
1069,1004.7091580366831
1070,1005.0579648465484
1071,1005.5265426671173
1072,1005.9422775139248
1073,1006.6725483068283
1074,1008.4280531047572
1075,1009.5297699452105
1076,1011.1482695266883
1077,1011.4914319783139
1078,1012.4334076355061
1079,1013.0217105024636
1080,1013.4236384605102
1081,1014.6290394748736
1082,1014.9932065225138
1083,1016.8543024128808
1084,1017.8460140224789
1085,1018.649347141205
1086,1019.8807343957239
1087,1020.2909353831981
1088,1020.9331404462757
1089,1021.5669067788175
1090,1022.0707286129939
1091,1024.1953546119444
1092,1024.7775435349763
1093,1025.7027407118833
1094,1027.5474554133757
1095,1028.4163266616024
1096,1030.6249109803261
1097,1031.3407922342426
1098,1032.6126426560872
1099,1033.1150191969882
1100,1034.8882862795679
1101,1037.5744196251667
1102,1037.846847159881
1103,1038.1307756963554
1104,1038.5351727986358
1105,1038.771635286656
1106,1039.5192154899948
1107,1040.935454700804
1108,1041.1412056401398
1109,1042.163407422297
1110,1042.5264578175252
1111,1043.1207635190906
1112,1044.2534994297644
1113,1045.5434121418493
1114,1045.9243889245831
1115,1046.0319655352316
1116,1046.5319492274573
1117,1047.6495807560245
1118,1047.9493089016257
1119,1048.2021287254809
1120,1048.6070390348091
1121,1049.1949927111161
1122,1051.7232362669279
1123,1053.152778015974
1124,1054.1707704657169
1125,1054.2377589481653
1126,1056.1279832361647
1127,1056.882925819405
1128,1058.1351445410039
1129,1059.590202642225
1130,1060.6306939879362
1131,1062.0487065475565
1132,1063.4265250079095
1133,1064.5196011506712
1134,1064.9822314367852
1135,1065.6114925577624
1136,1066.3936749851516
1137,1067.4085936667132
1138,1068.2774804606172
1139,1069.5900290319039
1140,1070.2468396126239
1141,1071.1839717971375
1142,1071.8074990970656
1143,1072.8095205169686
1144,1074.7497059938266
1145,1075.1183822487358
1146,1075.6805977823281
1147,1076.3666448356385
1148,1077.6216319459645
1149,1077.8403294152799
1150,1078.6779780461643
1151,1081.2250816552046
1152,1081.9858346974672
1153,1082.7185432982085
1154,1083.9810319414541
1155,1086.5824507994489
1156,1087.1893688205241
1157,1087.9913552701748
1158,1089.3973524154146
1159,1089.7027932276701
1160,1090.1892573969669
1161,1090.2807909682294
1162,1090.8153238665966
1163,1091.7613179511245
1164,1092.8520671587255
1165,1093.8985362769945
1166,1094.5827439020579
1167,1095.5810480675088
1168,1096.576621200262
1169,1096.878887398309
1170,1097.3871242685859
1171,1097.7434462651631
1172,1097.8484707067994
1173,1098.6416943794834
1174,1099.675508986543
1175,1099.8929140600351
1176,1101.8379610437744
1177,1102.5738834276892
1178,1103.8585177141701
1179,1106.1050383832519
1180,1106.7841069145536
1181,1107.2256389978163
1182,1107.884868325639
1183,1108.9870868339233
1184,1109.4016729072805
1185,1110.2982739612444
1186,1112.0737447141248
1187,1112.6637289569264
1188,1113.3979173474684
1189,1114.7244452584039
1190,1115.011617007671
1191,1115.2466736330596
1192,1115.3743862690151
1193,1117.6512922809293
1194,1118.5366765484926
1195,1120.6456940472012
1196,1122.1249772262961
1197,1122.2444118514554
1198,1122.4713064482769
1199,1123.0452559377313
1200,1124.7372088112993
1201,1126.6515351829871
1202,1126.9906435022506
1203,1127.2900005978217
1204,1128.1024524322422
1205,1129.0311269060664
1206,1129.5374396917787
1207,1129.9956827520371
1208,1131.5604428781812
1209,1132.2162469245723
1210,1132.8690223713086
1211,1134.9445776121765
1212,1135.3708782686308
1213,1137.1190366777992
1214,1138.5140377328232
1215,1138.7122395133488
1216,1140.773227131602
1217,1140.9740601508347
1218,1141.3456012804138
1219,1141.8465791936223
1220,1142.3383863442787
1221,1143.6119749114448
1222,1144.2978801310862
1223,1145.9012088174404
1224,1146.4348216449346
1225,1147.4166175621358
1226,1148.7992351634546
1227,1148.9497424075503
1228,1149.5833743244718
1229,1150.4598359140834
1230,1151.6204221277565
1231,1151.6572765530188
1232,1154.5728548934649
1233,1154.8332287606511
1234,1155.6913349699721
1235,1156.752354802012
1236,1156.8641208841439
1237,1157.9277699504162
1238,1158.1988780471456
1239,1159.1777389230358
1240,1159.7508007007561
1241,1161.174034638077
1242,1162.1359679888576
1243,1163.1744356611598
1244,1164.621377948095
1245,1166.4093720934645
1246,1167.0884562622682
1247,1168.3492207140371
1248,1170.1184466950519
1249,1170.5384170381183
1250,1171.4189234026799
1251,1172.1148003727067
1252,1173.5373164149573
1253,1175.1860076720166
1254,1175.7336154942159
1255,1176.1268343771728
1256,1176.2807356557155
1257,1176.786753634083
1258,1178.0593060141307
1259,1181.0938170867796
1260,1184.2303165021021
1261,1184.9484447640937
1262,1186.2835550176201
1263,1186.6078434909841
1264,1186.8148068425717
1265,1187.0306266338775
1266,1187.2345384778334
1267,1188.9547617286578
1268,1189.0201378464958
1269,1189.3801541557939
1270,1189.4951771259202
1271,1190.0662001990702
1272,1190.4432679201498
1273,1192.2182505087044
1274,1193.5800556920742
1275,1194.8021639708493
1276,1195.2032534938155
1277,1195.3343228568363
1278,1196.2709976617325
1279,1196.6442430226095
1280,1197.5160550821315
1281,1198.3135395168872
1282,1200.2266031038091
1283,1201.4398457971281
1284,1202.3401555697885
1285,1202.464089352155
1286,1203.0305824800791
1287,1203.3822566838214
1288,1203.7368597739737
1289,1204.8704693735572
1290,1205.2194336956368
1291,1208.0463842513748
1292,1208.256106224047
1293,1208.4878377897853
1294,1208.9297616559568
1295,1209.4373632736269
1296,1211.4787487112017
1297,1214.1502260427587
1298,1214.9588816826226
1299,1215.4146705425637
1300,1216.3002498433582
1301,1216.9111649995591
1302,1217.4049507153291
1303,1219.4047414362949
1304,1220.434116806093
1305,1220.6991215301271
1306,1220.9598072228616
1307,1222.3578083443729
1308,1222.865842137157
1309,1224.4338033459314
1310,1225.3630741683494
1311,1226.3693005537543
1312,1227.5253587097598
1313,1227.7594124453367
1314,1228.7142142178743
1315,1229.1814501080237
1316,1229.9865354247313
1317,1231.4945389798459
1318,1232.6353983387698
1319,1233.0996234075371
1320,1233.2563791219204
1321,1235.3875313480257
1322,1235.8945853508137
1323,1236.986602710306
1324,1238.0288657515982
1325,1238.9367537461462
1326,1240.0933434087876
1327,1241.5987258385787
1328,1243.0868368084959
1329,1244.9859367850929
1330,1245.290338966596
1331,1245.5319455842052
1332,1245.7828581462725
1333,1246.6137946073836
1334,1248.1412216801332
1335,1249.0411196242424
1336,1249.7151950391271
1337,1249.9857518932527
1338,1251.1609401388259
1339,1252.5138375501162
1340,1252.9244317953198
1341,1254.2294810546339
1342,1254.7540228510447
1343,1254.8953039254493
1344,1255.5663904682174
1345,1256.8108991613665
1346,1257.078372879384
1347,1257.8673598865471
1348,1258.5142719359742
1349,1259.9703328152407
1350,1261.4552537296602
1351,1263.3081974939873
1352,1265.2078802285698
1353,1265.5532729649119
1354,1266.7739299997675
1355,1267.4440331488945
1356,1268.2222899898941
1357,1268.5952475229756
1358,1269.7934411184265
1359,1270.4576922948311
1360,1271.7137330532432
1361,1272.5371768888999
1362,1273.7469610646269
1363,1274.8281611723785
1364,1276.8838473495805
1365,1277.2836727948834
1366,1277.9751089274753
1367,1278.7541829200964
1368,1279.7067916786193
1369,1281.4543120505919
1370,1281.9943327835028
1371,1282.7960343495686
1372,1282.9608362164645
1373,1282.9913968569961
1374,1284.1715553333333
1375,1284.6966779947052
1376,1285.093323894476
1377,1285.3076683395229
1378,1286.2619500320793
1379,1287.289630274093
1380,1287.3548065991433
1381,1288.6223297518059
1382,1291.7761060094797
1383,1292.5444865261841
1384,1294.2150030475727
1385,1295.2694615101307
1386,1296.0760835739504
1387,1297.6728302521003
1388,1297.974104135217
1389,1300.1849930127203
1390,1302.1005582134856
1391,1302.8172956484736
1392,1303.9082589118204
1393,1305.157585728148
1394,1305.452848580971
1395,1305.8402981613062
1396,1306.0210079852266
1397,1306.610158961744
1398,1306.8773379217384
1399,1307.2258621289789
1400,1307.5259367723304
1401,1308.1354446415201
1402,1309.8133818793603
1403,1310.7855721871663
1404,1311.7220192376351
1405,1312.3935601415565
1406,1312.9775062498413
1407,1313.5235542948292
1408,1314.051017067721
1409,1314.1350575816195
1410,1315.118418973381
1411,1316.3677450931405
1412,1317.1284877928117
1413,1317.9874215914679
1414,1318.399118427212
1415,1320.9761858617137
1416,1322.0635716812274
1417,1323.203633825517
1418,1323.5364257528647
1419,1325.0142218323372
1420,1326.0157489781081
1421,1327.0071453181238
1422,1327.8139720128363
1423,1329.3577169362613
1424,1330.4705158070233
1425,1332.4486894056031
1426,1332.7693978905397
1427,1334.2225921292197
1428,1334.3255604755745
1429,1335.202263567395
1430,1336.4474469556012
1431,1337.3986929344198
1432,1337.9521362671048
1433,1339.8017698517228
1434,1340.8274142271157
1435,1341.3704367157513
1436,1341.5923091710367
1437,1341.8996040610289
1438,1341.9654974348239
1439,1342.8705231615324
1440,1343.396800322633
1441,1343.6446924086656
1442,1344.7276832215564
1443,1345.3026946796185
1444,1346.8479174030003
1445,1347.8438926962938
1446,1349.1348039617803
1447,1351.1733264188147
1448,1351.5118544651796
1449,1352.5541656219914
1450,1352.8427645596278
1451,1353.93476681692
1452,1354.5498841389892
1453,1354.8094746239433
1454,1357.0171416861217
1455,1358.2331978066175
1456,1358.9475159483661
1457,1360.1361545516756
1458,1361.034088872761
1459,1361.6151366808308
1460,1362.8731076312267
1461,1363.1187466475083
1462,1365.149341897778
1463,1365.5758270472318
1464,1366.804587493999
1465,1367.8434078285616
1466,1368.1725646821001
1467,1368.6798091685409
1468,1369.8782370706981
1469,1370.1455786543552
1470,1372.1016265186256
1471,1372.7868837909759
1472,1373.3916993493581
1473,1374.1889244771316
1474,1374.3304917892206
1475,1375.2417483232371
1476,1375.9819872183737
1477,1377.5861145529391
1478,1378.5244530375194
1479,1379.0540813241039
1480,1380.7068736357783
1481,1382.7359556456524
1482,1383.6891149970306
1483,1385.5877649631468
1484,1386.1277334260997
1485,1386.8969194099398
1486,1387.4224128036085
1487,1388.022507687617
1488,1388.1764986221885
1489,1388.8271622551974
1490,1389.2140125482358
1491,1392.0467841740031
1492,1392.7488087142826
1493,1392.9181465732979
1494,1393.1902221261985
1495,1393.6323882180714
1496,1395.8964623702143
1497,1396.0662411390731
1498,1396.9662278228022
1499,1397.7718481007885
1500,1398.8394070287861
1501,1399.4870299917677
1502,1403.2024515520643
1503,1403.6494816025388
1504,1404.1666096744748
1505,1405.2935713949048
1506,1405.9756952715163
1507,1406.8246477784414
1508,1407.4956287372254
1509,1408.1420855911699
1510,1409.1971511420393
1511,1410.2921380237044
1512,1411.3066779747878
1513,1411.9507042141272
1514,1412.3311353757833
1515,1415.0892843522811
1516,1415.3804738001456
1517,1417.0753349212478
1518,1417.6978091573692
1519,1419.658375415682
1520,1421.0987851530019
1521,1421.5577176700845
1522,1421.8637799494034
1523,1423.0295294379953
1524,1423.4861166794312
1525,1424.1157115328072
1526,1424.7674494012131
1527,1424.9929603052883
1528,1426.2336360702382
1529,1427.3822275657012
1530,1428.0017795006709
1531,1428.5656464277286
1532,1429.0987795804297
1533,1429.2088245839614
1534,1430.075685371547
1535,1431.0667414371831
1536,1431.9414827592211
1537,1432.6135893128517
1538,1433.8460908962252
1539,1435.559343258295
1540,1436.5757024774255
1541,1438.5491911649356
1542,1439.5103316357734
1543,1439.6337779579101
1544,1440.1059444009393
1545,1440.26154488006
1546,1441.2877199124669
1547,1441.6272736360763
1548,1442.1894285275735
1549,1442.929980456656
1550,1443.7850699939038
1551,1444.7091128117024
1552,1444.9222583852866
1553,1445.7925998996689
1554,1446.0452290202377
1555,1447.8037668694999
1556,1449.9685036312969
1557,1450.2894300291791
1558,1450.9459536459681
1559,1451.0856090872824
1560,1452.3906713481508
1561,1453.8401932846284
1562,1454.6276738467316
1563,1456.2563101174569
1564,1457.3514464803213
1565,1457.918471410183
1566,1458.3845284067022
1567,1459.0791782689682
1568,1459.8241291564757
1569,1461.1557835525239
1570,1461.9117844415641
1571,1462.4587536320735
1572,1464.0197630538973
1573,1466.1979803958627
1574,1466.9523129119827
1575,1469.8478591471758
1576,1470.328017263186
1577,1470.6077013715021
1578,1470.8147215030556
1579,1471.4829678464048
1580,1472.5293543898783
1581,1473.5007163434102
1582,1474.5033693400337
1583,1475.439685247019
1584,1477.1896959106562
1585,1478.2513856663081
1586,1478.6662899797755
1587,1479.5530902222699
1588,1480.402372638172
1589,1480.6969965653605
1590,1481.0077599377637
1591,1481.2488076789693
1592,1481.6872309371913
1593,1483.1590108978457
1594,1484.1620315952691
1595,1485.6496052364655
1596,1486.4303651943055
1597,1486.9550457850239
1598,1488.0323469599746
1599,1488.3021939190619
1600,1490.3185289908076
1601,1492.0284783231773
1602,1493.7109504349035
1603,1494.2570956125933
1604,1494.4562047824822
1605,1495.6254133003893
1606,1496.049077653877
1607,1497.0695064192394
1608,1497.4788429339267
1609,1498.9710156471144
1610,1500.5694675738764
1611,1502.1845472696266
1612,1503.8267433400154
1613,1504.0215162352313
1614,1504.6322544520074
1615,1504.9988261926844
1616,1505.8563793127373
1617,1507.1811738679794
1618,1508.4231977540576
1619,1509.4373375341902
1620,1510.2940363383423
1621,1511.4357344880482
1622,1512.3917742352421
1623,1512.5098707213447
1624,1512.99987116694
1625,1513.2846253289188
1626,1513.9338059963086
1627,1515.208543239354
1628,1515.50297792775
1629,1516.2507663674164
1630,1517.1097573630693
1631,1517.5040448772434
1632,1518.2259225122193
1633,1518.401190244226
1634,1520.4453946094015
1635,1522.3235753216854
1636,1524.7616475335083
1637,1525.6417402433012
1638,1526.561631811848
1639,1527.7540721362293
1640,1528.6800783194408
1641,1529.8029458908393
1642,1530.1738178227415
1643,1531.2866856222372
1644,1532.9514738904686
1645,1535.0096417916161
1646,1536.4632645322588
1647,1536.9292126365808
1648,1537.5296395087432
1649,1538.0624913450806
1650,1538.8779202453404
1651,1539.7832677096767
1652,1540.5885542333472
1653,1541.253289201501
1654,1541.508726354037
1655,1541.9519903720702
1656,1541.977939223355
1657,1542.6054434464247
1658,1544.2346282041067
1659,1545.92490755989
1660,1546.6591213299203
1661,1547.0771198434368
1662,1547.9816291593281
1663,1548.85477502244
1664,1549.1067091107732
1665,1549.7234611271838
1666,1550.1639838050849
1667,1550.8763137458586
1668,1550.9543943171802
1669,1552.0188507542932
1670,1553.4479950799889
1671,1554.4074767527675
1672,1554.6404389788986
1673,1557.0084779610854
1674,1557.5225510311409
1675,1558.4046341564126
1676,1559.1779659165065
1677,1559.2839708066522
1678,1561.7772117675474
1679,1562.4445433895269
1680,1562.8320034475321
1681,1564.4397031328458
1682,1566.208112316503
1683,1566.7218955460371
1684,1567.8871621361955
1685,1568.7267096400176
1686,1569.4744706558383
1687,1570.0444437091273
1688,1570.9440150835487
1689,1571.3713380884922
1690,1571.8232031378839
1691,1572.8486704554855
1692,1574.5545717543478
1693,1574.9666693646807
1694,1575.3246940326972
1695,1575.7664419009486
1696,1576.0800805747408
1697,1577.65009279081
1698,1579.4317597924496
1699,1579.6419615646498
1700,1579.9599942391715
1701,1580.2655912454316
1702,1583.7280304552874
1703,1584.0781473932691
1704,1584.3318976474054
1705,1587.3472771002105
1706,1587.5801898147058
1707,1588.4140832335738
1708,1589.4911332786435
1709,1590.7870500845563
1710,1591.8713946199714
1711,1593.022783253952
1712,1593.7694297477683
1713,1595.317722889547
1714,1596.3286695927454
1715,1599.0241987383461
1716,1601.1067734389107
1717,1601.5035956754068
1718,1602.1135401996009
1719,1602.2493500831083
1720,1602.8115745788766
1721,1603.2960970693168
1722,1603.7795150849693
1723,1603.8180505754228
1724,1603.9353767383448
1725,1604.0801725689703
1726,1605.462428912522
1727,1606.2307738001225
1728,1608.059993883337
1729,1609.1503140596431
1730,1609.666119662633
1731,1609.7745980032216
1732,1610.1358800729502
1733,1610.6377849296796
1734,1610.669773761751
1735,1611.1521493960829
1736,1612.8371662828358
1737,1613.2427190516967
1738,1615.1664969303254
1739,1616.0440961741504
1740,1617.7737978930966
1741,1618.4929011397905
1742,1619.1024438060083
1743,1619.6544513153056
1744,1620.5057712295209
1745,1622.4324557653933
1746,1623.5302301307643
1747,1624.2541888120045
1748,1624.4578519045776
1749,1625.323823937196
1750,1626.9905333409358
1751,1628.0028748934462
1752,1628.8255224518819
1753,1629.3414904486251
1754,1629.9785616368113
1755,1631.9687523857401
1756,1633.0041776855437
1757,1634.0500046976024
1758,1634.747073465112
1759,1635.5351693734979
1760,1636.3618231459734
1761,1638.1735432827752
1762,1639.5989236845621
1763,1642.1161077088984
1764,1642.5558124788313
1765,1643.0009009828177
1766,1643.8347350483459
1767,1643.9608063114938
1768,1645.2464875346827
1769,1645.6528844312356
1770,1646.6284453143176
1771,1646.982811477932
1772,1647.7934958913893
1773,1648.169210400727
1774,1649.1139213405911
1775,1650.3861946292211
1776,1652.8300380810263
1777,1653.9007612252392
1778,1655.2223805200977
1779,1656.1394079745733
1780,1656.71566713784
1781,1657.5842931835264
1782,1659.5935059762014
1783,1659.9474725863881
1784,1660.1814086700786
1785,1660.597341563561
1786,1661.1430967321896
1787,1662.3874501223452
1788,1664.2055130240294
1789,1666.3843710085669
1790,1666.5856194382825
1791,1666.7924418412251
1792,1667.2636186537566
1793,1667.7539782018735
1794,1669.2215165691296
1795,1670.0666206668398
1796,1670.4003449205427
1797,1670.4928634179857
1798,1671.1713536528619
1799,1672.0386628629421
1800,1674.4262391138886
1801,1675.2008418097143
1802,1675.473064891308
1803,1677.0321932925995
1804,1677.3138917291824
1805,1678.6542899431311
1806,1679.0325697609364
1807,1681.046457943168
1808,1681.4761954845389
1809,1681.5366636340959
1810,1683.030694402541
1811,1683.872051704629
1812,1684.4589169154469
1813,1685.1955588190224
1814,1685.5599596543518
1815,1686.3796877591312
1816,1687.0632888504017
1817,1687.947298367885
1818,1689.5465614323725
1819,1690.1615089931563
1820,1690.5365022300998
1821,1692.0592945002684
1822,1692.6782497622478
1823,1693.0381163061284
1824,1693.8173296909176
1825,1695.3187521525231
1826,1697.5475187046729
1827,1697.7284348068142
1828,1698.2710112851757
1829,1698.9825019678442
1830,1699.3867706426224
1831,1699.9652295182391
1832,1701.7448807559178
1833,1702.2573091112265
1834,1702.6173026653664
1835,1704.0019725104389
1836,1705.0647467796059
1837,1705.9547248572494
1838,1706.481561312426
1839,1708.0085389211681
1840,1709.3917522267454
1841,1711.1547928098564
1842,1712.7684256855705
1843,1713.5404238929998
1844,1714.6259904191752
1845,1715.2497443707646
1846,1716.2899835901014
1847,1717.7820791303777
1848,1718.3801659013461
1849,1718.5698080928018
1850,1718.9004846356161
1851,1719.4302461514187
1852,1719.5726452832778
1853,1720.7420236295468
1854,1721.4814688940173
1855,1722.1797463834378
1856,1723.3089251257784
1857,1724.1334206611812
1858,1725.4690843353433
1859,1726.7147325125534
1860,1727.3735711139825
1861,1727.8573367253198
1862,1729.567758372151
1863,1730.2718940208304
1864,1731.3219295329766
1865,1731.9827860144658
1866,1732.9313067648739
1867,1733.9499236694962
1868,1736.1090251219409
1869,1736.6707630114333
1870,1737.6636568825656
1871,1738.3088183785173
1872,1738.5218230078881
1873,1738.8860854721418
1874,1739.6212300326354
1875,1740.1837832358246
1876,1741.3357171555294
1877,1741.9672866638914
1878,1743.0344797307343
1879,1744.9000364922119
1880,1745.0736701315011
1881,1747.469904668327
1882,1748.7975988105297
1883,1748.9752876807106
1884,1749.2150289767262
1885,1750.9247711260746
1886,1751.230500456576
1887,1751.8881933744312
1888,1753.9430794131008
1889,1754.1337124097752
1890,1754.4670892740876
1891,1755.8461037018094
1892,1756.9144654792719
1893,1757.918595192702
1894,1759.3537577479754
1895,1759.4701997010229
1896,1761.0759099074953
1897,1761.3716227807349
1898,1762.3292190048148
1899,1763.1921175696837
1900,1764.72756805414
1901,1765.3780790733756
1902,1765.8292173074385
1903,1767.0839965563373
1904,1767.8987321607231
1905,1769.8649943260707
1906,1770.9654036548256
1907,1773.0945298651752
1908,1773.7410664092149
1909,1774.8782634178617
1910,1775.3857513339794
1911,1777.6186258327898
1912,1778.2197774763786
1913,1778.9916132076105
1914,1779.6682930010713
1915,1781.3176457747015
1916,1782.7434692712666
1917,1783.7860490441412
1918,1784.0614334866514
1919,1785.2586604926598
1920,1786.1618991773205
1921,1786.3625360631847
1922,1786.4904971553556
1923,1786.6669507168456
1924,1787.203631748569
1925,1787.4098752890018
1926,1788.1967862221099
1927,1788.520900244019
1928,1790.0094042672608
1929,1791.564257458401
1930,1792.1161141394289
1931,1793.8691490944555
1932,1796.4428603802146
1933,1796.5897913926055
1934,1797.2440153931491
1935,1797.4270437395296
1936,1797.7087182950249
1937,1798.6745828311184
1938,1800.0116394604122
1939,1800.438758173538
1940,1800.765027120746
1941,1801.0603706125935
1942,1801.6420406556679
1943,1802.6231024922654
1944,1803.4813021931386
1945,1803.7835626245462
1946,1804.7818407617165
1947,1805.6667012014266
1948,1807.276007462307
1949,1808.1096254649663
1950,1808.5011537658736
1951,1809.950244806696
1952,1810.2355103887426
1953,1813.1105245125302
1954,1813.4946975010828
1955,1815.0544262650822
1956,1816.0676985859682
1957,1816.6978384792633
1958,1817.4264731632986
1959,1818.114088648322
1960,1819.5190211263441
1961,1819.622994818202
1962,1820.7934484615193
1963,1822.9995474962545
1964,1823.6794414018987
1965,1823.9969822633111
1966,1824.2879343736458
1967,1824.9621466364624
1968,1825.5886427385683
1969,1826.1827496570713
1970,1827.3968268356232
1971,1828.2736531022097
1972,1829.6831446497761
1973,1830.6814657817806
1974,1831.7820482660745
1975,1832.3628943616045
1976,1834.2057950137364
1977,1835.2028749710571
1978,1835.8444443109856
1979,1836.0848465026745
1980,1836.8155200243343
1981,1837.1778425997336
1982,1837.5232841423131
1983,1837.8824021448524
1984,1839.1089650485571
1985,1840.1357123635466
1986,1840.6431595106053
1987,1842.1294194721163
1988,1843.1086275033128
1989,1844.3213170747458
1990,1844.5359932039419
1991,1846.380478281289
1992,1847.6504026233411
1993,1849.0966261666372
1994,1849.7016009840158
1995,1850.7328955074977
1996,1853.4029771136734
1997,1853.8156618974745
1998,1854.8671931770796
1999,1856.4189983936139
2000,1856.8226149994171
2001,1857.0943431971091
2002,1857.6676776982818
2003,1858.9082255171368
2004,1859.8071127527176
2005,1860.5750067519459
2006,1862.6677550220274
2007,1863.3864345296045
2008,1863.8780430805057
2009,1864.2556181494413
2010,1864.8411819445907
2011,1865.257055113397
2012,1865.5858748195756
2013,1866.2337672288375
2014,1867.1469786876708
2015,1868.2167360812459
2016,1870.1062874437878
2017,1871.1721166554087
2018,1871.4990418052673
2019,1872.7383322218168
2020,1873.7585834601562
2021,1875.7932948210712
2022,1877.3688689056921
2023,1877.6825643076047
2024,1877.8558679385128
2025,1878.7470747146926
2026,1879.5735055943815
2027,1879.8540887124529
2028,1880.4483117991215
2029,1881.4275433441178
2030,1883.0804148072962
2031,1883.65857166464
2032,1884.301723309889
2033,1884.5173523172227
2034,1885.0098598226343
2035,1886.3723941823184
2036,1887.4738117481043
2037,1889.5859026397859
2038,1890.3715495194526
2039,1890.4715579420808
2040,1893.4264858170543
2041,1895.1278683235464
2042,1895.4354856637231
2043,1895.9370031917526
2044,1896.4063232480498
2045,1897.4883140716033
2046,1898.2828526049839
2047,1898.7831051243884
2048,1900.2047353777493
2049,1900.6518219763848
2050,1901.5281412474149
2051,1902.3295236207628
2052,1902.8245032517179
2053,1903.9306801168325
2054,1904.1789179153461
2055,1904.6732437976548
2056,1904.9889124310121
2057,1905.8889284647103
2058,1907.0549991728628
2059,1908.2597141817191
2060,1908.5605537606593
2061,1911.0731643952968
2062,1912.6248015541396
2063,1914.1572023956273
2064,1915.6782804215563
2065,1916.1934289214826
2066,1916.6905411078728
2067,1917.6377458541801
2068,1917.8493449963046
2069,1918.1881574013883
2070,1919.3592446792429
2071,1920.6767888514203
2072,1921.054833119751
2073,1922.6388112234076
2074,1923.6205539115858
2075,1926.0125725135611
2076,1927.4756196233955
2077,1928.3037293129114
2078,1928.8717451875127
2079,1930.1734785428346
2080,1931.5017522943829
2081,1931.6162945340684
2082,1932.3744673356412
2083,1933.799937787672
2084,1934.7571095872777
2085,1935.0503405717654
2086,1935.7997026564269
2087,1936.4020857385435
2088,1936.8964985885589
2089,1937.0749167996678
2090,1937.6187689068047
2091,1939.3875330553199
2092,1939.9719327182161
2093,1940.1492661740247
2094,1941.4468899861768
2095,1941.80343021921
2096,1943.0197728197315
2097,1943.3619913539899
2098,1944.0879220879438
2099,1944.562424709766
2100,1944.8250901308611
2101,1946.3385735495403
2102,1947.9553457842817
2103,1949.2476298415625
2104,1950.8976543945221
2105,1951.8321712495872
2106,1951.949658586529
2107,1952.7217730890056
2108,1953.803503632399
2109,1953.9820891296526
2110,1954.6503310620139
2111,1956.0604514422121
2112,1957.0821455068776
2113,1957.6928686491167
2114,1958.4301391907982
2115,1959.8230734868696
2116,1962.159855113636
2117,1962.6853172636515
2118,1964.0191352782458
2119,1964.3658151398322
2120,1964.9469509396388
2121,1965.4456732302276
2122,1965.8594936065251
2123,1966.9967847713783
2124,1969.2014010940388
2125,1970.344970740676
2126,1971.5986574508911
2127,1972.1467913858855
2128,1973.2129822770007
2129,1973.973101600066
2130,1975.3720908805326
2131,1975.6023982986821
2132,1976.0326267037979
2133,1977.0929218966792
2134,1978.2432704448302
2135,1978.3767384418518
2136,1978.8131238513047
2137,1980.0321490612207
2138,1980.7134754113781
2139,1981.4241233573293
2140,1982.0473162880317
2141,1983.0440732544828
2142,1983.5778014565772
2143,1984.1707364520128
2144,1984.9447401585637
2145,1985.383114570466
2146,1987.3833258814986
2147,1987.6506010980609
2148,1988.6684826604258
2149,1989.7999998624177
2150,1990.6542785190434
2151,1992.690048129283
2152,1992.9931361357512
2153,1993.4912967940079
2154,1995.7913903764609
2155,1996.5222060842038
2156,1997.7335034734613
2157,1999.1412732927229
2158,2000.5650881440538
2159,2001.3465687082125
2160,2001.7668868125982
2161,2001.9077983443542
2162,2002.3524120153918
2163,2003.2264828161897
2164,2003.9289818538164
2165,2005.9677042808457
2166,2006.2028688902594
2167,2007.2364368558426
2168,2008.334273266604
2169,2009.3520702055489
2170,2010.0406453302101
2171,2011.7789612776235
2172,2012.5037310071332
2173,2013.2231075134416
2174,2015.5910517563996
2175,2016.1632805412628
2176,2017.1155478810317
2177,2017.9701683652736
2178,2018.4053171259295
2179,2019.3387762161888
2180,2019.5693920428807
2181,2020.8567491619149
2182,2021.2668907054524
2183,2021.4533352826043
2184,2022.4701309140996
2185,2022.5606959191025
2186,2024.1915109359622
2187,2024.414738937269
2188,2024.6944059428181
2189,2025.6126967616567
2190,2026.8904425146786
2191,2027.8021310314368
2192,2027.9852738537641
2193,2031.004336711271
2194,2031.4011176635445
2195,2032.0621129090428
2196,2032.6203162478355
2197,2034.3837725591379
2198,2035.639693307774
2199,2036.7936085437
2200,2037.5030873231633
2201,2037.9837750872887
2202,2039.2193942221195
2203,2040.2781299858202
2204,2042.0819873163778
2205,2042.7749240768662
2206,2043.1913823249474
2207,2044.27897557087
2208,2044.6862496289557
2209,2046.0287617595811
2210,2047.1571912626891
2211,2048.8010111907465
2212,2051.02146477613
2213,2051.8954965362764
2214,2052.1422145408301
2215,2052.2683744283704
2216,2052.8735876132196
2217,2054.6487304383691
2218,2054.8030304873987
2219,2055.7828484766405
2220,2055.9221456032856
2221,2056.7277951639785
2222,2057.5901898485349
2223,2058.7465026054479
2224,2060.5357624786343
2225,2062.2784757949903
2226,2063.5809394477656
2227,2065.5769070278584
2228,2065.8774790041193
2229,2067.5331967097322
2230,2068.1220946388335
2231,2070.0965167039926
2232,2070.5815007432507
2233,2071.3565889509086
2234,2071.8100005155247
2235,2072.1557151297147
2236,2072.4087354141157
2237,2073.3471045789302
2238,2074.9158359884354
2239,2075.0727191271476
2240,2076.0574495844699
2241,2076.4323711647471
2242,2077.3974575762545
2243,2077.7241331039786
2244,2078.8498906569616
2245,2079.4806592875589
2246,2081.3569892345545
2247,2082.6153979555297
2248,2082.9786887227897
2249,2083.1230361508105
2250,2084.2359121771133
2251,2084.8495657978779
2252,2085.08245506804
2253,2085.520973971607
2254,2085.9244086249273
2255,2087.5740195015933
2256,2088.7062590578912
2257,2088.9656660348455
2258,2089.5683562334852
2259,2090.7450808136009
2260,2091.4828087204573
2261,2092.7785085898036
2262,2093.6132160586294
2263,2093.9696393910012
2264,2094.1643621408443
2265,2094.7153058220683
2266,2095.2787539159031
2267,2096.2138683911326
2268,2096.4334261429422
2269,2097.7605070326122
2270,2099.2930315832377
2271,2101.5677898443623
2272,2102.9284605467979
2273,2103.6549108148838
2274,2104.3960010929854
2275,2104.5070103230046
2276,2105.6877234617009
2277,2106.7476337181752
2278,2107.6933352288779
2279,2107.9286164830432
2280,2109.0163069419918
2281,2110.1153671695624
2282,2110.6022565823032
2283,2111.7895996418883
2284,2112.7586519816159
2285,2113.167420349002
2286,2113.3803034556267
2287,2113.9464089974417
2288,2115.6257557947947
2289,2117.458172498214
2290,2118.1849768746192
2291,2119.7406000574001
2292,2121.1036728710824
2293,2122.0498858669889
2294,2124.1711206424538
2295,2125.7076064347293
2296,2126.8876399924993
2297,2127.3011184201332
2298,2127.9982386026672
2299,2128.4170705561746
2300,2129.020583092989
2301,2129.7931839347839
2302,2129.9235046149997
2303,2131.3520177116052
2304,2132.7237842069721
2305,2133.2980878415756
2306,2133.7235951482517
2307,2134.0436642927516
2308,2134.1536430816341
2309,2136.0282526672859
2310,2136.6835810008452
2311,2140.0735626038108
2312,2140.8071312695774
2313,2141.6792002713919
2314,2142.3216644427225
2315,2143.0757952459803
2316,2143.649936452332
2317,2143.8822427529822
2318,2144.0366919475987
2319,2146.6278753100505
2320,2147.4001046107228
2321,2148.6228378287328
2322,2149.8251230720148
2323,2150.1571158822312
2324,2150.6130465631786
2325,2150.8663762643614
2326,2151.3962713894812
2327,2152.0015834338806
2328,2152.3684851569851
2329,2152.9606706135714
2330,2155.2699483185893
2331,2155.9059412519082
2332,2157.5007255561973
2333,2157.9918162988274
2334,2158.9205258043285
2335,2159.3607699798754
2336,2159.7446384586401
2337,2160.8669947836124
2338,2162.5242691083986
2339,2163.2913140683636
2340,2164.2493424584454
2341,2164.5080917362566
2342,2167.2188206473375
2343,2169.3516335686409
2344,2170.1793862547743
2345,2171.2723121020713
2346,2171.9969398412109
2347,2172.7186449265405
2348,2174.1909063629923
2349,2174.5228214004201
2350,2176.1526930635087
2351,2176.7921290177601
2352,2177.8197139815093
2353,2177.9815864090829
2354,2178.4365443567563
2355,2178.5960702382085
2356,2179.886501082497
2357,2180.2891819966985
2358,2180.5566842567009
2359,2181.1307718206795
2360,2181.7748548541149
2361,2181.992874473488
2362,2184.8855578177127
2363,2186.5006949020499
2364,2186.7771164489145
2365,2187.2664542346934
2366,2188.1557638228246
2367,2189.776233205876
2368,2190.7335251493214
2369,2191.6047375364592
2370,2192.0739582130559
2371,2193.3496380237161
2372,2194.226020164122
2373,2195.6032627085215
2374,2195.7860351522199
2375,2196.5005490731687
2376,2197.2526914814866
2377,2198.1382236454933
2378,2199.1938522538348
2379,2199.7650808505728
2380,2202.6239027764445
2381,2203.1230863203891
2382,2204.7582717742025
2383,2205.410408326396
2384,2207.923370051245
2385,2208.9733404533708
2386,2211.0598336650319
2387,2212.1674029065784
2388,2212.7624115575163
2389,2213.4876480741918
2390,2214.4652282619027
2391,2214.8266746583054
2392,2215.8061511609308
2393,2216.0530350395529
2394,2216.6210432611874
2395,2216.7801891911931
2396,2217.9710588178991
2397,2218.5580677164362
2398,2219.7985170389857
2399,2220.2125507637843
2400,2220.6339249483549
2401,2221.1637836946898
2402,2221.6053649495984
2403,2222.1437236673955
2404,2222.4223317731585
2405,2222.9850159029761
2406,2223.5655662366676
2407,2224.1289364348595
2408,2225.4035866356812
2409,2226.8708515869985
2410,2228.5109081133619
2411,2229.0263439622713
2412,2229.649679822372
2413,2229.9552572638645
2414,2230.7678994513681
2415,2232.1878412773458
2416,2233.250222424354
2417,2233.9730302945686
2418,2234.6837270434794
2419,2235.0790045672811
2420,2236.2069146608492
2421,2236.6137458991611
2422,2237.2918694833702
2423,2239.3742202642343
2424,2240.1321308347615
2425,2240.7590011980556
2426,2241.9451132088088
2427,2242.3607200173901
2428,2243.2028518748502
2429,2244.3484532817711
2430,2244.8404329419513
2431,2245.3244673734685
2432,2247.045923255494
2433,2249.8890935014188
2434,2251.2673320621366
2435,2252.906721437389
2436,2253.4873875748408
2437,2253.9202187820742
2438,2254.2706327577248
2439,2255.4786816295518
2440,2256.1477810657479
2441,2257.4960413297085
2442,2258.4719844804831
2443,2258.9940583857106
2444,2259.4040731948335
2445,2259.969543219594
2446,2260.8393191644682
2447,2261.2607529829015
2448,2262.3404071844284
2449,2263.7603175873719
2450,2263.9576679673223
2451,2264.4584314795979
2452,2265.1774908532166
2453,2265.5254694145178
2454,2268.4610524019877
2455,2268.6695426525853
2456,2270.0834415899071
2457,2271.0907266384538
2458,2272.5293648639408
2459,2273.4067101183068
2460,2273.7237509444003
2461,2274.8431345543495
2462,2277.4935709916326
2463,2279.8127678053411
2464,2280.0895290072917
2465,2281.1563754280555
2466,2281.3144024100866
2467,2282.3322767830477
2468,2283.1967848704935
2469,2283.9257609005899
2470,2284.2446544855889
2471,2285.3668429777636
2472,2285.7450131419323
2473,2286.840672802984
2474,2287.4477944038831
2475,2287.779957962478
2476,2289.7444688272526
2477,2290.6071171671165
2478,2290.6687649254559
2479,2291.410830358725
2480,2292.0631273878093
2481,2292.091479730756
2482,2292.8419639560516
2483,2295.2271704981345
2484,2296.4692831863531
2485,2297.2864151597637
2486,2297.6230470849837
2487,2297.9666604093136
2488,2298.6595861046048
2489,2298.68329492578
2490,2299.7430718023652
2491,2300.8904902157851
2492,2301.7358128448477
2493,2302.3610499041361
2494,2303.5713670780756
2495,2304.6180583032046
2496,2304.9617254390778
2497,2305.7860366385921
2498,2306.2637484384868
2499,2307.5063464361574
2500,2308.6791652459851
2501,2308.9601825268896
2502,2309.9023981459081
2503,2310.1365842626287
2504,2311.0788739815957
2505,2311.5995799614793
2506,2312.1787150827927
2507,2314.3278002980323
2508,2317.0978874308094
2509,2317.8099185075666
2510,2318.6376201793482
2511,2319.8600308422147
2512,2320.3433724293159
2513,2321.8700480990037
2514,2324.6655220558441
2515,2325.198967734309
2516,2325.8256055886177
2517,2326.2204627627589
2518,2327.8948204779758
2519,2328.2077157163517
2520,2328.4694423765677
2521,2329.2981429673691
2522,2331.1611550238777
2523,2333.3768674021621
2524,2334.7745215212062
2525,2335.5685599007761
2526,2335.7855606337525
2527,2336.8499923263494
2528,2337.0705880336568
2529,2337.6913242006308
2530,2338.4968973771483
2531,2338.9872234263516
2532,2339.8482844983832
2533,2340.8720651045983
2534,2341.1482608983088
2535,2341.681551198752
2536,2342.7570814872338
2537,2343.6924813726528
2538,2346.6998054685332
2539,2347.1761225966461
2540,2348.3889916942562
2541,2348.8750643155654
2542,2349.4117351354312
2543,2350.8130535854702
2544,2351.4118024323052
2545,2351.7486629588034
2546,2351.990162394171
2547,2352.6690331993318
2548,2353.1107573923332
2549,2355.1163368833245
2550,2356.070104958405
2551,2356.5046104443832
2552,2359.9046617414847
2553,2360.7061700615614
2554,2362.0484100260983
2555,2362.5523039598156
2556,2364.0202328317182
2557,2364.7464638539195
2558,2365.1544037287467
2559,2366.050533884209
2560,2366.9489852217534
2561,2368.180613743405
2562,2369.7617993040926
2563,2369.7744316641024
2564,2370.0147416718009
2565,2371.1852468470524
2566,2371.835314971685
2567,2372.6842869880711
2568,2373.448535172769
2569,2373.5664858898126
2570,2373.8199128649235
2571,2374.6113337029228
2572,2376.0514296933784
2573,2377.2916328005676
2574,2377.503672455693
2575,2379.7081284321835
2576,2379.7956906515601
2577,2380.1097070110532
2578,2380.6331995575547
2579,2381.6444545691438
2580,2382.7486877996303
2581,2384.2314579530789
2582,2385.1382036439213
2583,2385.4801852522028
2584,2386.0675959212217
2585,2388.490831953713
2586,2389.8118588384546
2587,2390.1385890523966
2588,2390.6028378583383
2589,2391.1940356483306
2590,2391.9674256518747
2591,2392.2104386322039
2592,2393.3166666125871
2593,2393.4880484137038
2594,2395.4151155089803
2595,2396.3454478823928
2596,2397.4507712750265
2597,2397.7193772314627
2598,2397.9092894020896
2599,2399.2295409265025
2600,2399.9923530004862
2601,2401.5054356292412
2602,2402.8840220591787
2603,2403.3951858058099
2604,2404.1250941425646
2605,2404.6627222691509
2606,2405.427226746579
2607,2407.3716819408542
2608,2407.9414178816496
2609,2408.4316020065803
2610,2410.045223275823
2611,2410.6874476673142
2612,2412.3962031740002
2613,2412.9209577228817
2614,2413.4027434556983
2615,2413.8297645094535
2616,2415.3477606003898
2617,2415.9472402850492
2618,2417.1564437183474
2619,2418.2477060632245
2620,2419.1041396704441
2621,2419.2825016562174
2622,2421.1152540388553
2623,2421.8355211136936
2624,2422.4806747559546
2625,2424.1382930633581
2626,2424.4989404788425
2627,2424.7770037823898
2628,2426.4087608121749
2629,2426.7576861521898
2630,2427.1753639639937
2631,2427.6383017206467
2632,2428.8119805832025
2633,2429.4311541195975
2634,2430.7804660031661
2635,2431.6907311663153
2636,2432.3310934824835
2637,2434.1220837474734
2638,2435.2646393677833
2639,2436.467797884246
2640,2437.2814610902947
2641,2439.2533814777844
2642,2440.0329905508506
2643,2441.7165706365695
2644,2442.1394820535988
2645,2442.4336108013376
2646,2442.5584989248055
2647,2443.4364743560677
2648,2444.8259273000717
2649,2445.7102628702546
2650,2445.940831728351
2651,2446.4307383933483
2652,2446.9001110444515
2653,2447.3361820601313
2654,2448.6655041324366
2655,2449.1628724994857
2656,2449.4309027545951
2657,2450.6755674576711
2658,2451.5071154186357
2659,2452.8066385588868
2660,2454.6204754738947
2661,2455.3901953585569
2662,2455.8729369947846
2663,2456.9409531120009
2664,2458.4034774145507
2665,2459.9463051706093
2666,2461.1822944567693
2667,2461.7384460482326
2668,2462.4767231028541
2669,2462.7710921418707
2670,2463.9900599112443
2671,2464.1991975385049
2672,2466.162932954448
2673,2466.9706997852782
2674,2468.2074296520423
2675,2469.3313159843115
2676,2470.9002546538154
2677,2471.6441489965382
2678,2472.7157549247786
2679,2473.3456882218111
2680,2473.847627805721
2681,2474.9704318017648
2682,2476.0559381754661
2683,2476.4869641840032
2684,2476.8379314534532
2685,2478.7114773001858
2686,2480.8057730588321
2687,2481.508557318969
2688,2482.378103553428
2689,2483.6325348609321
2690,2484.4064104156259
2691,2485.3390502473344
2692,2485.6696288831631
2693,2486.9629627385748
2694,2487.3532133801668
2695,2487.8817350610393
2696,2488.5448957354088
2697,2488.6396291795218
2698,2490.2540213613097
2699,2491.4245898380746
2700,2492.3747638458412
2701,2494.0918823654883
2702,2494.8502297548607
2703,2495.7375416861637
2704,2496.0461680914709
2705,2496.3924624082265
2706,2499.3776878510876
2707,2499.4605627838387
2708,2500.3952843891193
2709,2501.1568730431541
2710,2502.6348647436362
2711,2502.9771493451353
2712,2503.7999269237512
2713,2506.5422164973979
2714,2506.9431899487831
2715,2508.9062943026347
2716,2509.1955895966644
2717,2510.1905296566201
2718,2510.4410204690557
2719,2511.1809761257027
2720,2512.3592598697987
2721,2513.2798901015449
2722,2513.4973860633631
2723,2514.5189090504105
2724,2514.7885735997033
2725,2515.3033081912527
2726,2516.2802517945315
2727,2517.710193928795
2728,2517.8458806004596
2729,2518.2586919772284
2730,2518.8865832429287
2731,2519.9980216677318
2732,2521.0010569560632
2733,2522.265879917496
2734,2522.8380590385523
2735,2523.316618684903
2736,2524.5779112698274
2737,2525.0088434510781
2738,2525.7910472564927
2739,2527.2751860854041
2740,2528.6598632821829
2741,2528.7630110891241
2742,2528.9232130263376
2743,2529.7325871551161
2744,2530.6425330859734
2745,2532.5333655993982
2746,2533.8225804809695
2747,2534.1317122870105
2748,2534.4330941976937
2749,2535.4116942741039
2750,2536.5323639928124
2751,2537.2727474487683
2752,2538.5084969217692
2753,2539.0442879814441
2754,2539.6179756854654
2755,2540.9181843611614
2756,2541.7257047097823
2757,2542.7193609218903
2758,2544.5804337467357
2759,2544.8857561857335
2760,2545.3721919331356
2761,2546.925241177476
2762,2548.942082522527
2763,2551.1159910317419
2764,2552.900806231462
2765,2553.4354265355964
2766,2554.9845519700866
2767,2555.7173412017473
2768,2555.9285714942444
2769,2556.9401326982429
2770,2557.2812582956958
2771,2557.5940370712492
2772,2557.6941251083135
2773,2557.9693583905523
2774,2558.4850421815304
2775,2559.0379686143378
2776,2559.5600721338228
2777,2560.2836190719659
2778,2560.8020132148399
2779,2561.430260174036
2780,2562.7134347333367
2781,2563.5332656806786
2782,2563.6364292752846
2783,2563.9868866073139
2784,2564.8575124802937
2785,2565.7093279629667
2786,2566.4602264887126
2787,2567.6534851444853
2788,2569.5439508282061
2789,2569.6418601723631
2790,2570.8814689468154
2791,2571.3726740804195
2792,2573.5177282373884
2793,2575.1389482009372
2794,2576.6407392046867
2795,2577.2283453320588
2796,2577.7155833140519
2797,2580.0508290747871
2798,2580.4161742387505
2799,2581.6850747236922
2800,2582.3304138087369
2801,2582.8106800110359
2802,2583.7292101587041
2803,2584.1118713933915
2804,2586.3383487973456
2805,2587.0487361368168
2806,2588.7189391044312
2807,2589.0884665066192
2808,2589.4596874018785
2809,2592.689641907888
2810,2593.5164699891479
2811,2594.7871975015341
2812,2595.7795485577171
2813,2596.4412988680692
2814,2596.9709143837749
2815,2597.5708562523532
2816,2598.1630761185602
2817,2598.7206477615059
2818,2598.9753472913876
2819,2599.7580296379288
2820,2601.7653997633415
2821,2602.5311842124202
2822,2603.3098275380526
2823,2604.2093828468178
2824,2604.6851917891026
2825,2605.7518228763529
2826,2606.4268382321197
2827,2607.2335898090978
2828,2607.8909810810051
2829,2608.9167269095096
2830,2609.5403841902921
2831,2610.1992625800335
2832,2610.772994944165
2833,2611.7487505225845
2834,2612.4608722743465
2835,2613.0487301904814
2836,2614.3457171238051
2837,2614.9904536572794
2838,2615.3705982996257
2839,2616.513677506648
2840,2617.1893433344967
2841,2617.891028870049
2842,2619.8343941626467
2843,2619.9659635812482
2844,2622.0153602828786
2845,2623.9830886339096
2846,2624.9725506647678
2847,2625.3537221364008
2848,2626.9240444682564
2849,2628.1636535953717
2850,2628.5244633250118
2851,2629.008064891666
2852,2629.9518762995017
2853,2630.7698890128231
2854,2631.5752874198124
2855,2633.2079416745169
2856,2633.4091256129445
2857,2634.4245154819296
2858,2635.5770172474195
2859,2636.0376804370403
2860,2637.3092048092985
2861,2638.1964923493547
2862,2638.5526413536304
2863,2639.3264296317625
2864,2640.0614168951979
2865,2641.626187051912
2866,2641.9580997249795
2867,2642.8687194306822
2868,2643.7224663636225
2869,2644.9111339694055
2870,2645.0201473155062
2871,2645.6293336817098
2872,2645.8250875701347
2873,2646.6410647823654
2874,2649.1473463526645
2875,2650.6045561460592
2876,2650.8979355190745
2877,2651.5727035238692
2878,2652.5721563700954
2879,2653.8130596372935
2880,2654.0997828776881
2881,2654.7713421676044
2882,2656.1199182557202
2883,2656.7546115223063
2884,2657.3060840496873
2885,2658.046943725019
2886,2659.5245667311483
2887,2660.7481883688015
2888,2663.6953652135676
2889,2664.3574612197658
2890,2665.4117650464541
2891,2666.4039035996916
2892,2667.4015331072032
2893,2669.7720097876886
2894,2670.9865186753195
2895,2671.7750608406714
2896,2672.7002452386691
2897,2673.3061147527114
2898,2673.478780798011
2899,2675.1430451368465
2900,2675.4975914009228
2901,2676.5825012294299
2902,2677.2994865412184
2903,2677.7107902945054
2904,2678.6516984190966
2905,2678.8107518678439
2906,2679.7968456879912
2907,2680.405970335361
2908,2680.5757993227403
2909,2681.4913402459579
2910,2682.8503690801194
2911,2684.2674235594191
2912,2684.7918977949394
2913,2685.8657100319879
2914,2687.1596417044816
2915,2687.2919730053145
2916,2688.6099069097081
2917,2688.8644074056942
2918,2689.3470122337148
2919,2691.2590881772617
2920,2692.4529910094775
2921,2692.6320737056362
2922,2694.6765810378488
2923,2695.3924790462306
2924,2695.96312754266
2925,2697.0076556623308
2926,2698.1537377085338
2927,2698.1671332313672
2928,2698.6933431144294
2929,2699.4098270816876
2930,2699.6685621892361
2931,2700.2509844832562
2932,2701.3760532674887
2933,2702.2521358053054
2934,2702.6660289776769
2935,2703.3480550055051
2936,2704.8718933433829
2937,2705.28927960485
2938,2705.9604518538104
2939,2707.1546769417341
2940,2708.3100980036393
2941,2710.5752335439283
2942,2711.0857851298956
2943,2711.4462920552396
2944,2713.4072547981104
2945,2714.6630863229525
2946,2715.2378360076091
2947,2716.3435745128895
2948,2717.5551226656999
2949,2718.7025467640583
2950,2719.0041280617452
2951,2719.6747323091222
2952,2720.6844275549843
2953,2721.5812744277337
2954,2721.9012029153664
2955,2722.1339820853955
2956,2722.9097846666909
2957,2725.6270548084085
2958,2726.334061370575
2959,2726.4573543693073
2960,2727.64359994202
2961,2727.9912735312764
2962,2728.4099211426342
2963,2729.4089053513144
2964,2730.551053439623
2965,2731.3385855979382
2966,2732.7539331018979
2967,2734.0737528091745
2968,2734.4968381415547
2969,2734.8893639172702
2970,2735.8893698182592
2971,2736.1557659069613
2972,2736.6033593239849
2973,2737.2542316939762
2974,2737.4150767031756
2975,2739.0276755804198
2976,2740.0802451533068
2977,2740.7388646029881
2978,2741.4229544912919
2979,2743.4237418899561
2980,2745.042138804416
2981,2745.4975377253791
2982,2746.3783271353345
2983,2748.2227403597326
2984,2749.525921911807
2985,2750.4288520441391
2986,2751.816607278995
2987,2751.873638714369
2988,2752.2498377223528
2989,2754.3626930211171
2990,2754.8266027483228
2991,2755.5618817741351
2992,2755.8499555687495
2993,2757.6767134478309
2994,2758.5465562187114
2995,2759.5243780605692
2996,2759.689290688631
2997,2759.9838230972941
2998,2760.810618779773
2999,2760.8917456803956
3000,2763.6780798814275
3001,2764.0813147470585
3002,2765.2440503022035
3003,2766.0743777739676
3004,2766.9595555333076
3005,2767.1571907006442
3006,2768.1357682199109
3007,2770.4833411513368
3008,2771.1658571812472
3009,2772.258206173809
3010,2772.8386027540432
3011,2772.928667023697
3012,2774.1357111005123
3013,2775.4117027035377
3014,2776.9985994207132
3015,2777.5361395872264
3016,2778.494808327539
3017,2779.5778573700636
3018,2779.8140521520804
3019,2780.3548226697994
3020,2782.05468181171
3021,2782.683211939378
3022,2782.9820304623831
3023,2783.7083293387136
3024,2784.6097159121441
3025,2785.4089785137016
3026,2785.6351106668576
3027,2786.5078609136203
3028,2786.8406509322185
3029,2787.826640992766
3030,2789.2263553081948
3031,2789.3905833464287
3032,2792.2224573263361
3033,2792.8424108354989
3034,2794.8104554802508
3035,2796.0232158768517
3036,2796.034171945741
3037,2796.7660232133412
3038,2798.0626307866974
3039,2798.9257813921354
3040,2799.7531623042605
3041,2799.8970107633963
3042,2800.3128384329525
3043,2800.7290614693738
3044,2801.2110622330592
3045,2801.3344746170224
3046,2803.3846542949159
3047,2804.2055226876673
3048,2805.7511572365156
3049,2806.9968907589141
3050,2807.1935387333897
3051,2808.6093890509751
3052,2809.7956556964464
3053,2810.7750028914661
3054,2812.2269833861205
3055,2815.4086248976082
3056,2816.4906984276936
3057,2817.3974327973237
3058,2818.0518090271071
3059,2818.3809715599973
3060,2819.3080370260736
3061,2820.7985590977701
3062,2821.4856612213184
3063,2823.2358106103393
3064,2823.8756563885709
3065,2824.3506123543734
3066,2824.902034403935
3067,2825.4653015099734
3068,2827.4105504322765
3069,2828.2811006145566
3070,2828.6832357637086
3071,2829.2409849286582
3072,2831.0402890168193
3073,2831.8273988586143
3074,2833.3524481663353
3075,2834.5541969652422
3076,2836.0712242326285
3077,2836.686193822658
3078,2837.030059909413
3079,2837.6198955653522
3080,2838.6853623903676
3081,2839.7124702015822
3082,2841.2352609165428
3083,2841.7349001848097
3084,2842.0221305238688
3085,2842.5734346396407
3086,2845.743165615911
3087,2845.9676487350307
3088,2846.5981751052564
3089,2847.0106689415957
3090,2847.29402821249
3091,2847.6384422432016
3092,2848.7024994925059
3093,2849.0182513818418
3094,2849.2601234254071
3095,2850.765539774538
3096,2850.985879749242
3097,2851.846406581235
3098,2852.5422739822093
3099,2853.5877800863623
3100,2853.9773113288288
3101,2854.6837204361318
3102,2855.7033163203064
3103,2855.8157400091673
3104,2857.1000082304372
3105,2857.6632431610983
3106,2857.8543313533905
3107,2859.9538453610985
3108,2861.0509553567736
3109,2861.7833795337469
3110,2861.9001381812805
3111,2862.6404825392251
3112,2863.5786038468718
3113,2866.4452995426705
3114,2867.2776587002727
3115,2867.6062608737438
3116,2868.9096454730034
3117,2869.8755038676409
3118,2870.8916618804897
3119,2871.5593634898314
3120,2872.483453681446
3121,2873.5828986735723
3122,2873.9746485636351
3123,2874.394430211757
3124,2874.6922253249913
3125,2875.675406387717
3126,2876.1177281495907
3127,2877.2506801437476
3128,2877.7070969159113
3129,2878.5665783195236
3130,2879.0788133098335
3131,2879.399141747183
3132,2880.3613075872454
3133,2881.8470866349612
3134,2882.7229339292239
3135,2883.3384983569085
3136,2884.1641000554864
3137,2884.7483107371027
3138,2885.4997443702482
3139,2886.0835123043021
3140,2887.5447061268487
3141,2887.5703290044662
3142,2890.4706593852397
3143,2890.8521657082806
3144,2891.593407794152
3145,2893.4036290750046
3146,2894.2303362642206
3147,2896.2826364639918
3148,2897.8090457095191
3149,2898.4121441904622
3150,2899.8357086129959
3151,2901.2327456409548
3152,2901.4318473399762
3153,2902.0149154099845
3154,2902.5636516032805
3155,2903.4343758500427
3156,2903.7320045633551
3157,2905.5899845021372
3158,2906.2760157990983
3159,2907.3267562391397
3160,2907.5872266490078
3161,2909.1406583892763
3162,2911.4121239026917
3163,2912.8687280799436
3164,2913.7457578940075
3165,2914.4669457834993
3166,2915.4852722374421
3167,2916.318766347315
3168,2917.3179359117803
3169,2917.7405016589437
3170,2918.3757902727675
3171,2919.7373443797742
3172,2920.1693461008026
3173,2920.5223349012226
3174,2921.4278697857376
3175,2921.7710451029288
3176,2922.7880563325148
3177,2924.8907548336888
3178,2925.1619294250559
3179,2925.3628743080658
3180,2925.5762338392888
3181,2926.4215551290199
3182,2926.8396149834302
3183,2928.5351742073221
3184,2929.2646899456463
3185,2929.7487712955003
3186,2930.5453138473449
3187,2930.725279460969
3188,2931.8093364497431
3189,2932.2798897653329
3190,2932.6456001358724
3191,2933.9652488273173
3192,2935.208894258787
3193,2936.515628216182
3194,2937.6292044202341
3195,2938.4317475916087
3196,2938.8228608433146
3197,2940.8028865234005
3198,2941.3480380400947
3199,2942.1453440576856
3200,2943.0705541554457
3201,2944.5771686981216
3202,2946.2776140029541
3203,2946.9070374994999
3204,2948.0036372476511
3205,2948.4488182640862
3206,2949.9238004158547
3207,2950.8757103708203
3208,2952.4482818983165
3209,2953.6035884556022
3210,2954.1638247104393
3211,2954.5638828453507
3212,2955.835420310309
3213,2957.4140800407931
3214,2958.2956590265635
3215,2959.1235049656625
3216,2960.5175495043873
3217,2961.7316215827773
3218,2962.4000640303761
3219,2963.3190046007226
3220,2963.8562420213325
3221,2964.2406989854794
3222,2965.195126431166
3223,2965.8507857064778
3224,2966.4084011194827
3225,2966.8248329243484
3226,2967.4976653226749
3227,2968.6618093534189
3228,2969.7076724739031
3229,2970.7738529155458
3230,2971.0173535370873
3231,2972.181600721568
3232,2972.9449946685763
3233,2973.6039625472436
3234,2974.3006475223197
3235,2974.8746121072018
3236,2976.0677674999415
3237,2976.6964610353739
3238,2977.2222021976672
3239,2978.528673332054
3240,2978.803693461432
3241,2978.9488530678159
3242,2981.7108855626948
3243,2982.1856001250926
3244,2982.8803667371335
3245,2984.6701040596149
3246,2985.189283875824
3247,2987.8351496810842
3248,2988.2348991096455
3249,2989.6174632593461
3250,2992.0833077332063
3251,2992.3147248878818
3252,2994.8287850120046
3253,2995.0462819660706
3254,2996.2613451733259
3255,2996.5710564162318
3256,2997.0919595599003
3257,2997.2588824264203
3258,2998.9870091981038
3259,3000.2925272880548
3260,3000.9189257874987
3261,3001.2783708896991
3262,3001.5772981995419
3263,3002.0373523122939
3264,3003.6343186978897
3265,3004.5614215726964
3266,3005.1549318863567
3267,3007.0197130503652
3268,3008.6372634544446
3269,3009.1362545113757
3270,3009.7118691501864
3271,3009.8539826008873
3272,3010.3147815747216
3273,3010.868720626348
3274,3011.3024485903975
3275,3013.0969346525922
3276,3015.2610301615146
3277,3015.9344992388924
3278,3016.5898282732596
3279,3017.017620384132
3280,3017.5677799356722
3281,3018.4578102626597
3282,3019.555371779456
3283,3020.4625112863832
3284,3021.2446478427491
3285,3022.0682396944449
3286,3023.4974296666769
3287,3023.6842629315879
3288,3023.9725383469249
3289,3024.4529860194039
3290,3025.4703682358809
3291,3026.0253028410643
3292,3026.2722795160757
3293,3026.7711756000981
3294,3028.2728414198918
3295,3029.0565654888101
3296,3029.3237769014431
3297,3030.9085374367
3298,3031.7444939647999
3299,3032.1391380790824
3300,3033.2775579107324
3301,3033.5482179300175
3302,3034.2024252373021
3303,3034.9255373500814
3304,3037.5105712067484
3305,3037.7273025053373
3306,3038.6984326572019
3307,3041.0546011662373
3308,3041.7281540599115
3309,3042.476879338104
3310,3042.598985674219
3311,3044.0819520077043
3312,3045.1062549158096
3313,3045.7580919694215
3314,3046.3961359337995
3315,3047.5193282177543
3316,3049.3604558678817
3317,3049.7330504906568
3318,3050.7756981922039
3319,3051.7694627850374
3320,3051.9342823979132
3321,3052.4528729893213
3322,3053.5871732871592
3323,3055.7755705682666
3324,3057.2689770822349
3325,3058.0206938019073
3326,3058.2764920075729
3327,3059.0442972817946
3328,3059.4564591177323
3329,3060.2502039158076
3330,3061.302345572205
3331,3063.1400130390434
3332,3063.5866080316027
3333,3064.0477724091033
3334,3065.3541367203411
3335,3066.1790648872702
3336,3066.5580578368581
3337,3067.2627240766824
3338,3068.421330099728
3339,3069.9512197605609
3340,3072.0246595509157
3341,3072.8667766574886
3342,3073.2982186483819
3343,3074.2162816421978
3344,3076.0117689075601
3345,3076.8183207827606
3346,3078.3777279562596
3347,3078.60000448046
3348,3079.0377056731636
3349,3079.9371859467196
3350,3080.4563231737361
3351,3081.1094411459057
3352,3081.8498844703931
3353,3082.3629183611047
3354,3084.1333400813191
3355,3085.1732369347765
3356,3086.0704100598105
3357,3086.5644040460111
3358,3087.1898125837097
3359,3087.6804631792174
3360,3088.961712878991
3361,3089.0653789971666
3362,3090.2527296650401
3363,3090.5153692082208
3364,3092.2624506660022
3365,3094.8617559021018
3366,3095.0626150598187
3367,3095.4146757227682
3368,3095.447639652758
3369,3096.2518427371988
3370,3097.0681354176627
3371,3098.000312945102
3372,3099.1268691860928
3373,3099.9293273813141
3374,3100.7910011776785
3375,3102.24192214511
3376,3103.3494749664787
3377,3103.6949248408841
3378,3103.9657985290996
3379,3105.0907595687836
3380,3106.5378537241268
3381,3106.5990150607258
3382,3107.2709295806962
3383,3107.3594042142813
3384,3108.2415942008474
3385,3110.1219857385572
3386,3110.5239649642253
3387,3111.484251579227
3388,3111.7600930489148
3389,3113.0437091424337
3390,3113.8300175458066
3391,3114.2715217267569
3392,3114.6072611500472
3393,3116.7685487920307
3394,3118.098576512381
3395,3118.8532334214624
3396,3119.8235516774812
3397,3120.8539427671217
3398,3121.3077270107387
3399,3123.3813372376412
3400,3123.6502740001674
3401,3124.7451131459525
3402,3125.0577708648793
3403,3126.8606738635085
3404,3127.3169205929671
3405,3127.8485901865101
3406,3128.1312662363271
3407,3129.8232523262691
3408,3130.5491493964537
3409,3131.180212476042
3410,3131.9465365323736
3411,3133.9853988248683
3412,3134.4536218809867
3413,3135.3720996982552
3414,3136.4983496014947
3415,3138.0889548102332
3416,3138.5625551553621
3417,3140.6001472872249
3418,3141.2383486739759
3419,3142.5941404156392
3420,3143.6085883177152
3421,3144.7507023713611
3422,3145.9940466661233
3423,3147.1517729346715
3424,3148.9681417635779
3425,3149.5656107054865
3426,3150.3634674416289
3427,3150.8149534770782
3428,3151.578438826999
3429,3152.2111841853566
3430,3153.2861394570023
3431,3154.5124259946142
3432,3154.7908477442993
3433,3155.9689215894878
3434,3157.3359728552196
3435,3157.5297073219504
3436,3158.1994317901076
3437,3158.9095478832342
3438,3159.4666935901805
3439,3160.8620624981372
3440,3161.3755026426852
3441,3161.6107771941192
3442,3162.6230157987138
3443,3162.9923817477834
3444,3163.3599129606287
3445,3164.5490407084085
3446,3165.8046725711692
3447,3166.0061186735638
3448,3168.1981503363299
3449,3169.5939938550782
3450,3170.9018505940198
3451,3171.4268794814566
3452,3172.0632888874306
3453,3173.5640260388959
3454,3174.1541146326776
3455,3175.4041113942831
3456,3176.0772112892269
3457,3176.7467842234482
3458,3178.06594719341
3459,3179.5360891193645
3460,3180.95530137271
3461,3181.5605295544697
3462,3182.0526100723455
3463,3182.5050976595003
3464,3182.9666654708549
3465,3183.325578443244
3466,3184.7305842898709
3467,3185.8485712601337
3468,3186.617479509644
3469,3186.9859702823596
3470,3189.055749300484
3471,3189.2036273468611
3472,3190.1472165102791
3473,3192.0438670728877
3474,3193.6273026748868
3475,3193.8791460197567
3476,3194.802953336578
3477,3196.6457880427697
3478,3196.8056012974839
3479,3198.0827578828171
3480,3199.9486842455822
3481,3200.5911314353993
3482,3201.3177065118653
3483,3201.5321708479337
3484,3201.9881908529173
3485,3203.3856503052898
3486,3204.7200224366529
3487,3205.0060424541934
3488,3206.0508818823641
3489,3206.315797723782
3490,3207.2725058516016
3491,3207.8234873839256
3492,3208.9920332487513
3493,3209.7116678691705
3494,3210.0502838455423
3495,3210.5635925418901
3496,3210.9983888941415
3497,3211.2877543294803
3498,3212.9637372613233
3499,3213.2953390719413
3500,3213.4798554088211
3501,3214.1028859802409
3502,3215.8204070897873
3503,3215.9170787567982
3504,3217.3143442202436
3505,3218.5776264790843
3506,3219.2726489413926
3507,3219.6068403231448
3508,3219.9648438083655
3509,3220.907036422816
3510,3222.7769021805702
3511,3224.4943450008182
3512,3225.5189429821726
3513,3225.804340786085
3514,3226.9468400304831
3515,3227.6822616777099
3516,3228.7234551076649
3517,3229.4574878170556
3518,3230.4808106141932
3519,3231.5165954856516
3520,3232.1523842493884
3521,3232.832730410159
3522,3232.8531019263164
3523,3233.8967102172887
3524,3234.4836794692751
3525,3237.1953521317987
3526,3238.463799755139
3527,3238.8669350707833
3528,3239.9070954726749
3529,3240.2588685961277
3530,3240.6479222994185
3531,3241.5677598855395
3532,3242.5276025609101
3533,3243.3668496533219
3534,3244.0941525583216
3535,3244.5257437360369
3536,3246.6768106298782
3537,3247.6324950791395
3538,3248.4707393349463
3539,3249.824156303941
3540,3250.4975526884623
3541,3251.0288160276627
3542,3251.968734218814
3543,3252.4688681446173
3544,3253.8368758997217
3545,3254.9071923899041
3546,3256.1759435818694
3547,3256.7857737307659
3548,3257.1433615024148
3549,3258.0370042809946
3550,3258.2041086916342
3551,3259.6841210514531
3552,3261.0571246707295
3553,3261.5065974430572
3554,3263.3408117024655
3555,3263.882166922177
3556,3264.6341334340432
3557,3265.1114052401031
3558,3266.2328219108072
3559,3267.0217151932438
3560,3267.4582426723091
3561,3269.4878121433821
3562,3269.7681813787613
3563,3270.9715761338421
3564,3271.3309734781042
3565,3272.2633200321425
3566,3274.2309689454901
3567,3274.3908195124227
3568,3274.6869338280289
3569,3275.832675402487
3570,3276.2110881151771
3571,3276.3857105852612
3572,3276.6992411423944
3573,3278.5344201343833
3574,3279.9506770519401
3575,3281.1821828243706
3576,3281.9298036248952
3577,3283.0367325519519
3578,3283.6051424972138
3579,3285.2031126875872
3580,3285.8362991933113
3581,3287.0935167264547
3582,3287.1506262480921
3583,3287.9059721970966
3584,3288.6516267896595
3585,3288.8088756749039
3586,3290.0769502441758
3587,3290.4054735639775
3588,3291.8857045799459
3589,3292.9043980434722
3590,3293.9960864011623
3591,3295.5043634452823
3592,3298.0269152441897
3593,3298.6074780241461
3594,3300.318517160606
3595,3300.8659976222102
3596,3301.5967731668247
3597,3302.3108129489651
3598,3304.1082900482411
3599,3304.6847032341439
3600,3306.2906223026125
3601,3306.5664332477704
3602,3306.7161995218926
3603,3307.7654411744215
3604,3308.2513061058362
3605,3308.9673738854326
3606,3309.4468744771434
3607,3310.8704464335519
3608,3310.9373005127359
3609,3312.0062477931715
3610,3312.8643158359682
3611,3313.1519693109904
3612,3314.0416900047744
3613,3314.1815275525269
3614,3316.6257819685643
3615,3318.62263419289
3616,3319.1677098386349
3617,3320.2597708312942
3618,3320.7247530786872
3619,3321.8639968543662
3620,3322.1425513811555
3621,3323.0251688483027
3622,3324.5393317139847
3623,3325.5126275019329
3624,3326.480981446738
3625,3327.4602357706112
3626,3328.6053378945626
3627,3330.0933573730331
3628,3330.3613869275205
3629,3332.3963649423508
3630,3332.4146838461511
3631,3333.7248385407888
3632,3334.6430336840936
3633,3335.3414556846246
3634,3336.1089742892118
3635,3337.05533330241
3636,3338.4158429463751
3637,3339.6553373699644
3638,3340.1611338702696
3639,3340.3103581709324
3640,3340.5507135541325
3641,3342.1885539244722
3642,3342.6363204490126
3643,3343.4566209305858
3644,3343.6636384767285
3645,3344.5359132600165
3646,3345.9112797360626
3647,3346.1742225024741
3648,3347.0102371189546
3649,3348.5526369440427
3650,3349.4774951965624
3651,3350.4898790140751
3652,3351.1143319893645
3653,3352.3045354082346
3654,3354.0028353740536
3655,3355.2008819737912
3656,3356.4443141572228
3657,3358.0012992900315
3658,3358.1933788389883
3659,3358.5910647014452
3660,3359.1686320478811
3661,3359.5743895765318
3662,3360.2287587513833
3663,3360.9680181198851
3664,3361.4774910511419
3665,3363.1709351375816
3666,3363.6850977260028
3667,3364.4872195162611
3668,3365.8105081187723
3669,3366.0986928764219
3670,3366.7750706753723
3671,3368.4732064139616
3672,3369.0025705947078
3673,3369.6450137989968
3674,3370.3037364681827
3675,3371.1911669703641
3676,3372.063854691482
3677,3372.6754433420492
3678,3373.4404228176018
3679,3374.6387917195316
3680,3375.1452988690726
3681,3376.5056789040686
3682,3376.7609814659054
3683,3377.6824743735833
3684,3378.7557014312465
3685,3380.1022616270193
3686,3380.1479689390871
3687,3380.8120963064825
3688,3381.0642946810954
3689,3382.0690611336472
3690,3384.8083539556123
3691,3385.6924202271216
3692,3386.5603841085726
3693,3387.3791199520815
3694,3389.4742680203572
3695,3390.040236126611
3696,3391.6052261680661
3697,3392.6713241752364
3698,3392.8388046287996
3699,3393.1843157597564
3700,3394.257879260615
3701,3394.5622580005302
3702,3395.612848689264
3703,3396.635994712824
3704,3397.6711765513319
3705,3398.5956303600074
3706,3399.066054936633
3707,3400.211539742937
3708,3400.7813199504944
3709,3401.490838078149
3710,3402.3879624143151
3711,3403.3162373347891
3712,3403.3367964206795
3713,3403.7170833951322
3714,3405.2256205003437
3715,3405.642125543884
3716,3406.4844910944444
3717,3407.6416155207517
3718,3409.8433892086955
3719,3410.5441727504026
3720,3410.7815627122154
3721,3411.4885631279444
3722,3412.0979944944238
3723,3412.3943317017656
3724,3413.2234730186765
3725,3414.8774775344659
3726,3416.0860809806445
3727,3416.1740334795504
3728,3416.5085722263061
3729,3417.2784947906503
3730,3417.7506695373904
3731,3419.4292209202636
3732,3419.8132813563366
3733,3420.7301341521361
3734,3421.233410480163
3735,3422.841081953748
3736,3423.3869081797593
3737,3425.2789361243917
3738,3425.6591563511197
3739,3426.3822045639818
3740,3427.6524899841843
3741,3428.0981591908148
3742,3430.4135996129876
3743,3430.7163930935853
3744,3431.4453863469348
3745,3434.1215128733043
3746,3434.7527958191431
3747,3435.981911834685
3748,3436.6042582304685
3749,3437.7917148830093
3750,3437.9632210441519
3751,3439.2704846980341
3752,3439.7008191882996
3753,3440.8956573472915
3754,3441.7589930622544
3755,3441.8099100560448
3756,3443.009108968366
3757,3444.8931002401864
3758,3446.9816551655895
3759,3447.4442971566982
3760,3448.1652313862928
3761,3448.3862147781797
3762,3449.696896221561
3763,3450.8840043400173
3764,3451.1250147977739
3765,3451.9034046027277
3766,3453.6792510443629
3767,3454.7017299072318
3768,3457.0996578813656
3769,3457.3288565156154
3770,3457.8826811454819
3771,3458.1968546592334
3772,3458.9245889495683
3773,3459.7868751604651
3774,3461.2485048080684
3775,3462.6392671119543
3776,3463.4231705348839
3777,3463.6755771340436
3778,3463.9202810758566
3779,3464.7499282397525
3780,3465.7791369157162
3781,3466.1758977847485
3782,3466.6224928300257
3783,3467.1567935812145
3784,3467.7603624218495
3785,3468.5395578951388
3786,3469.550330048567
3787,3470.119837295334
3788,3471.3502209171547
3789,3472.0884467369278
3790,3473.2063434216439
3791,3474.6368905980216
3792,3475.3190198834591
3793,3476.0502563995392
3794,3476.7749258062709
3795,3477.1065410857332
3796,3478.9515272692197
3797,3479.2456875605735
3798,3480.1057715496645
3799,3480.6763377741445
3800,3482.0240215756057
3801,3482.7112888970814
3802,3483.4982668807438
3803,3484.2046109840171
3804,3485.4567633689207
3805,3485.9851398341457
3806,3486.9731602562915
3807,3487.9395745463962
3808,3488.697229899964
3809,3490.996716888731
3810,3491.4456199082515
3811,3493.1759704688079
3812,3493.578915300367
3813,3494.3808933897681
3814,3494.602000234464
3815,3495.1931188570202
3816,3496.4025741687046
3817,3497.2120076031156
3818,3498.4411018677188
3819,3500.5218805679224
3820,3500.8832872335365
3821,3501.7299711841965
3822,3502.3614449637244
3823,3502.7102106750185
3824,3503.7175206325278
3825,3504.2655306051242
3826,3504.5557960887581
3827,3505.360106008628
3828,3507.2190110675133
3829,3509.918760526712
3830,3510.2260190004035
3831,3511.2276602222028
3832,3511.7218761896702
3833,3511.9679377593607
3834,3513.1339040289531
3835,3513.8289130755452
3836,3515.0122597079562
3837,3516.4755759670184
3838,3517.5812583879165
3839,3518.5153640356284
3840,3518.6135816120632
3841,3519.8660031086652
3842,3521.4767051834433
3843,3521.8314635776183
3844,3522.0035766736009
3845,3523.2025879843582
3846,3525.140435935255
3847,3525.7818371710837
3848,3527.150993610448
3849,3529.1045238433503
3850,3529.8291967564351
3851,3530.3515689923106
3852,3531.3219084200778
3853,3531.651698564498
3854,3532.8776273015524
3855,3534.6478233143271
3856,3535.8306480997521
3857,3536.0242080047205
3858,3536.7101763955798
3859,3538.4172573749001
3860,3538.8884345472911
3861,3539.2415149643689
3862,3539.7943501658528
3863,3541.0073568603721
3864,3541.2773686050232
3865,3543.3312107469114
3866,3545.3013842783785
3867,3545.9603866154284
3868,3546.2901981815726
3869,3546.7160641245719
3870,3547.3578777982202
3871,3548.1576409186932
3872,3548.501170627344
3873,3548.8860679869313
3874,3550.0542788379057
3875,3550.4772203379371
3876,3551.9466731580028
3877,3552.8980208076159
3878,3554.205618052983
3879,3554.7205369876456
3880,3555.2054984400156
3881,3556.7335961367307
3882,3557.4639933996609
3883,3558.3865228078676
3884,3559.1390965550481
3885,3561.3029480167452
3886,3561.3136483210624
3887,3562.9741760938841
3888,3563.947694026599
3889,3564.6430091638445
3890,3565.1163866518614
3891,3565.8030959416442
3892,3566.962455563109
3893,3567.7254967632571
3894,3568.1045336442303
3895,3568.6911332923623
3896,3569.4156738866486
3897,3570.1911527726729
3898,3570.7199281377175
3899,3571.036898482042
3900,3572.1410526498207
3901,3572.3882089545841
3902,3573.7181029330436
3903,3574.6958566179715
3904,3576.5829018314389
3905,3577.1341462575824
3906,3577.6775600095743
3907,3579.0628149767026
3908,3580.1609699955147
3909,3581.1430988872694
3910,3582.230833114711
3911,3583.1756098793012
3912,3583.8892922826485
3913,3584.8743803241487
3914,3584.9827129227774
3915,3585.5121716613189
3916,3587.0729155508916
3917,3587.8336347354689
3918,3588.4716709515938
3919,3589.7674745316367
3920,3590.4097855147588
3921,3591.4874742457969
3922,3592.6838119420258
3923,3595.3039139528182
3924,3595.6046852465029
3925,3596.0414620370047
3926,3596.5921732566107
3927,3598.0085455108756
3928,3599.103679793981
3929,3599.5238149409379
3930,3600.1691074114901
3931,3601.0525367721634
3932,3601.9078169777817
3933,3602.2421565062095
3934,3602.8859619520208
3935,3603.1397863247184
3936,3603.9879649439927
3937,3604.8639812916017
3938,3605.6677381402546
3939,3607.0323352692139
3940,3607.8442947946101
3941,3609.0976148156824
3942,3609.2502774692043
3943,3610.6725734969245
3944,3611.7083450464675
3945,3613.202469801146
3946,3614.3129777320059
3947,3614.6741032759833
3948,3615.5849774056451
3949,3616.8319194012297
3950,3617.3423376721485
3951,3618.3871749314258
3952,3618.7348328908943
3953,3619.1487517407636
3954,3620.4871447841988
3955,3622.7860254044945
3956,3623.8706352564609
3957,3624.1295054664101
3958,3625.4146882653558
3959,3626.0824827410765
3960,3627.2750146687331
3961,3628.01630956389
3962,3628.9981436692078
3963,3630.6972614193182
3964,3630.8246349731107
3965,3631.0009528818596
3966,3632.1195538938996
3967,3632.8669317403037
3968,3633.7511570656534
3969,3634.4548020492102
3970,3635.0805513589253
3971,3635.2966171419062
3972,3635.7394023289075
3973,3637.2084677891294
3974,3638.3139670057103
3975,3638.6206842244192
3976,3640.7982474802848
3977,3640.8915532033916
3978,3641.2854243507932
3979,3641.9222756870026
3980,3642.2629079461849
3981,3643.8490959470546
3982,3645.7736951422457
3983,3646.4209672031743
3984,3646.8317006701536
3985,3648.4679191389891
3986,3649.0724738280487
3987,3649.6655176035624
3988,3650.1944346973514
3989,3650.9109089030776
3990,3651.7683791685863
3991,3652.757593539045
3992,3653.8494494798301
3993,3655.1394249928389
3994,3657.5053697145231
3995,3658.0476049463591
3996,3658.4966994122638
3997,3660.0228304235316
3998,3660.1965515258321
3999,3661.6639414938054
4000,3662.6982395904256
4001,3663.8186651469955
4002,3664.5039476573779
4003,3665.1547016198137
4004,3666.9226870299649
4005,3667.7659019417301
4006,3668.5640010440961
4007,3669.3018684028852
4008,3669.3806397121857
4009,3669.9625595322364
4010,3671.1482615486939
4011,3672.1494165807471
4012,3672.8768836045169
4013,3673.8347983678468
4014,3674.693472755665
4015,3675.0876151511188
4016,3675.4412478568515
4017,3675.7188564383264
4018,3676.2854353103203
4019,3676.9373479799024
4020,3677.1521081628143
4021,3678.0561986081075
4022,3679.9272322290572
4023,3682.0055331682975
4024,3682.8429735284499
4025,3684.7383228597205
4026,3685.1872472882023
4027,3686.5900541983033
4028,3686.7539618859951
4029,3687.6598938604875
4030,3688.4240379655107
4031,3689.2404679638726
4032,3692.6830680985777
4033,3692.9597160568796
4034,3693.7047339184605
4035,3694.3638352971147
4036,3694.7554316611609
4037,3695.4533636071442
4038,3696.5646553766242
4039,3697.5910029837223
4040,3698.1557020159935
4041,3699.1096178710832
4042,3700.7297550930439
4043,3701.5554360916744
4044,3702.7570020602052
4045,3703.5647200951635
4046,3703.9170266397155
4047,3705.0355271414983
4048,3707.9175525478017
4049,3708.9362123814326
4050,3711.2249789956218
4051,3711.4043281096842
4052,3712.298420828005
4053,3713.1365446162404
4054,3714.5189765235195
4055,3715.1573396062008
4056,3716.1141037532907
4057,3717.2532653798271
4058,3718.0094217544574
4059,3719.1059114021195
4060,3719.9372441310106
4061,3720.9065345189606
4062,3722.0018412924246
4063,3722.9280771038648
4064,3723.6627545047718
4065,3723.899806849859
4066,3724.6770096323125
4067,3725.8030462809675
4068,3726.9722945754056
4069,3728.1409746185032
4070,3728.7844824138256
4071,3729.6161743597459
4072,3730.5384000127206
4073,3730.9425047372206
4074,3732.8516792263504
4075,3733.0536847400817
4076,3733.151674449753
4077,3733.5288421160867
4078,3734.5162827162735
4079,3734.9223635528406
4080,3736.1268705334569
4081,3736.5423687202397
4082,3736.9233934185695
4083,3737.3046470649388
4084,3738.3178904397541
4085,3739.6161286584902
4086,3739.7175719434522
4087,3740.9827424446289
4088,3742.0527880238205
4089,3742.6804122019948
4090,3742.7746570682357
4091,3743.6982802320208
4092,3743.9610391923889
4093,3745.0723435382815
4094,3745.5452240517534
4095,3748.2091880140883
4096,3748.3502566770289
4097,3750.0998870032331
4098,3750.9570000657427
4099,3751.2698136382151
4100,3752.5387421256737
4101,3753.6082777812426
4102,3754.7814933111176
4103,3755.4779776427486
4104,3756.4622852592097
4105,3756.9602608227883
4106,3757.5232980578021
4107,3758.8537674721433
4108,3759.4230468397368
4109,3759.8504431822789
4110,3760.6391115583178
4111,3762.1811030893223
4112,3762.7250122705777
4113,3764.0386297415716
4114,3764.9391895976369
4115,3765.4271794801089
4116,3767.2864976690398
4117,3768.7718875606288
4118,3769.802003446147
4119,3770.277846438541
4120,3770.5116708483142
4121,3771.5331381602077
4122,3772.2977520388235
4123,3772.9837967106846
4124,3774.4738800126083
4125,3775.3747289254065
4126,3776.2330446732772
4127,3776.558118943793
4128,3777.2158628118323
4129,3778.1045990238863
4130,3778.9244710938665
4131,3779.6630348800018
4132,3780.8412156071904
4133,3781.4095708932446
4134,3781.7086466315677
4135,3782.2851068970867
4136,3783.2487371149973
4137,3784.0922748766584
4138,3784.3658262819226
4139,3785.6860522087968
4140,3786.475748514209
4141,3786.9684653917784
4142,3788.5083158495863
4143,3789.4335614474521
4144,3789.9866745130266
4145,3791.2150571331781
4146,3792.3256086079996
4147,3794.9721948662545
4148,3795.1719697950666
4149,3797.1089026652271
4150,3797.6546450480455
4151,3799.347887433335
4152,3800.0652805075861
4153,3801.4027015893071
4154,3802.4569518376056
4155,3802.7126306029872
4156,3803.3034395727032
4157,3804.2425510029361
4158,3805.1153443682892
4159,3805.6428972375197
4160,3806.656949195421
4161,3807.7464775961848
4162,3808.9414308395776
4163,3809.3336139239004
4164,3810.8559145248569
4165,3811.6204191658226
4166,3812.459584079782
4167,3815.2939278549957
4168,3815.4912546314617
4169,3816.1520204802109
4170,3816.9158978805958
4171,3817.1363753465057
4172,3817.2310512594031
4173,3818.2300861636136
4174,3818.8542364507921
4175,3820.9839037251386
4176,3821.3702160618791
4177,3822.2687008032449
4178,3822.6217650433991
4179,3823.7285618115752
4180,3824.5040411110249
4181,3824.9576808527172
4182,3825.202478057392
4183,3826.1651732990767
4184,3827.2339685291245
4185,3828.8576857637222
4186,3828.999677798975
4187,3830.0690031425024
4188,3830.5533531349297
4189,3831.4734658046427
4190,3833.064271902078
4191,3833.8187945642007
4192,3834.1077307483324
4193,3834.7450167554543
4194,3835.5537424263666
4195,3836.5728628895008
4196,3836.7590855608037
4197,3837.4409749045167
4198,3838.0412122769862
4199,3839.6939564953163
4200,3840.3025924693297
4201,3840.9184898768999
4202,3842.1319585098126
4203,3843.7617195283806
4204,3844.4008831489373
4205,3845.6601629280381
4206,3846.667129538554
4207,3847.6796297904166
4208,3848.2948222780688
4209,3848.9396601072604
4210,3849.686816565451
4211,3851.0738095074125
4212,3851.7444381158784
4213,3852.6929438023681
4214,3855.0633672562021
4215,3855.657676496543
4216,3857.0696532424504
4217,3857.5368437617253
4218,3858.6987957202928
4219,3860.7979167667459
4220,3861.9517220750427
4221,3862.2368040596089
4222,3863.7269105238101
4223,3864.1503304185803
4224,3864.5836677299362
4225,3865.6391323723051
4226,3867.7808927466949
4227,3868.7424551176614
4228,3869.8728337117304
4229,3870.7412246865015
4230,3871.3165283732496
4231,3871.991309902131
4232,3872.9356907293518
4233,3873.5937763376878
4234,3873.702009370706
4235,3874.2848621488743
4236,3875.8567644180021
4237,3876.6260484415493
4238,3878.6049900704643
4239,3878.9169474958308
4240,3879.1791864289826
4241,3880.6438907579768
4242,3881.7060196999605
4243,3881.752402282038
4244,3882.174754451883
4245,3882.3526896606008
4246,3884.2095091055803
4247,3884.3436173272357
4248,3885.4550193884274
4249,3886.4550013184626
4250,3887.1534003205907
4251,3888.1283889789343
4252,3888.7403868567421
4253,3889.3145401092647
4254,3889.9744795335814
4255,3891.7069043316687
4256,3892.3720661255038
4257,3894.0137519826321
4258,3895.5895275085113
4259,3896.9154397609541
4260,3897.4757968727954
4261,3898.2052904604425
4262,3899.833718580519
4263,3900.3450111800803
4264,3900.8018323570141
4265,3902.2483670087145
4266,3903.0572366927945
4267,3904.1075436497613
4268,3904.9169630499073
4269,3906.8283650470562
4270,3907.7357959399783
4271,3908.3366528663919
4272,3909.3844118525744
4273,3910.1944461123244
4274,3910.6570284534455
4275,3910.8315889848141
4276,3911.5741654836679
4277,3911.6326494632285
4278,3912.4995120365274
4279,3913.630383600208
4280,3914.3703172469809
4281,3914.882865404325
4282,3916.3586723970229
4283,3918.0127562143784
4284,3918.3830927377812
4285,3918.8476658714244
4286,3919.0519777691934
4287,3920.0197129145895
4288,3921.3212363592256
4289,3922.2469222366326
4290,3923.1745945880284
4291,3925.1894563120404
4292,3925.7657673795525
4293,3926.0711734230463
4294,3926.7583601390775
4295,3928.2460703296615
4296,3929.3874591324507
4297,3930.3415451684159
4298,3931.1619539284438
4299,3932.8524793225697
4300,3933.475578172031
4301,3934.3738902456321
4302,3936.0601524387994
4303,3937.5882095687275
4304,3938.0759020461901
4305,3939.0182749601477
4306,3939.501661449739
4307,3941.1011430186995
4308,3941.4110078138233
4309,3942.1909170105741
4310,3942.5188262578035
4311,3943.4203408313178
4312,3943.7155290081851
4313,3944.9403801384015
4314,3945.5168876520097
4315,3946.3639286444104
4316,3946.7180407755059
4317,3947.0096179080579
4318,3947.5442297335603
4319,3948.4407671882072
4320,3949.0655211703984
4321,3950.0808488448347
4322,3950.2392620127821
4323,3952.9052973925004
4324,3953.4299641077059
4325,3955.1446671762315
4326,3956.4534353286313
4327,3957.0391291394144
4328,3958.1093743236961
4329,3958.7390994288276
4330,3958.9218139561526
4331,3959.7835908134584
4332,3960.4038583882748
4333,3961.6058348893694
4334,3962.3742901230457
4335,3963.8246865876081
4336,3964.6108650079113
4337,3965.4760462907752
4338,3965.7745250936687
4339,3967.2473682521036
4340,3967.7266536902775
4341,3968.4020875502556
4342,3970.1097092302416
4343,3970.5776294037928
4344,3972.2397360510263
4345,3972.3660502751422
4346,3974.18769956714
4347,3974.9539073477977
4348,3975.4210958964895
4349,3977.0311338587885
4350,3978.169174101884
4351,3978.9612270448656
4352,3980.5389007572003
4353,3980.9187670591582
4354,3982.90459790876
4355,3983.9497875080715
4356,3985.7377599326237
4357,3986.4214926471591
4358,3987.8946890040093
4359,3988.2969664648899
4360,3989.4000016774125
4361,3989.9130485337782
4362,3990.5676907723491
4363,3991.2115150977002
4364,3991.422087540906
4365,3991.6825859285141
4366,3993.4318243370321
4367,3994.1792844851484
4368,3995.2004164542477
4369,3995.4765854846491
4370,3996.1813458715178
4371,3996.794104903719
4372,3997.7717277087459
4373,3999.1743633059796
4374,4000.5247286175249
4375,4001.6107054960144
4376,4003.0846259438613
4377,4003.2652978228521
4378,4003.7656696027093
4379,4004.7076766402101
4380,4005.7252198369729
4381,4006.1297693983006
4382,4006.3000313336274
4383,4006.6315893341643
4384,4008.4003748675827
4385,4009.3388949446635
4386,4009.8853601106248
4387,4010.5733465224557
4388,4010.9277538376473
4389,4011.8800905158514
4390,4012.348968362995
4391,4012.9384588556359
4392,4013.3802209713413
4393,4013.7723766036106
4394,4014.6284835789825
4395,4015.1247209198282
4396,4017.4637384757802
4397,4018.1255422349441
4398,4018.6758766086673
4399,4019.8960997027334
4400,4020.6964627558486
4401,4020.9355601012544
4402,4021.5177195526535
4403,4022.5172833520251
4404,4023.5384894935578
4405,4024.7439892306502
4406,4025.7088442711379
4407,4026.4407483267241
4408,4026.7200386086365
4409,4027.9984429463475
4410,4029.8055243662729
4411,4030.4922861232635
4412,4032.0899682265949
4413,4033.1960700256313
4414,4034.2778120287958
4415,4034.8893158303908
4416,4035.5523638033865
4417,4036.4174920522341
4418,4037.9513964821208
4419,4038.5668106562371
4420,4039.2987231142802
4421,4039.6311343109523
4422,4039.7636896924828
4423,4042.3939050255212
4424,4044.4748823839068
4425,4044.9581325804934
4426,4045.8393830784025
4427,4046.4368093217531
4428,4046.4911547516508
4429,4048.339334519816
4430,4048.6126973544751
4431,4049.6943261535398
4432,4050.7944920733344
4433,4051.1112827612578
4434,4052.1725887616262
4435,4052.7138352258348
4436,4054.3856830855684
4437,4055.4905164576558
4438,4056.8759702404222
4439,4057.6684358999701
4440,4058.3179579641182
4441,4059.4021415563138
4442,4059.9603187416251
4443,4060.7422160562592
4444,4061.8951133705887
4445,4062.5926154782846
4446,4062.7343618318273
4447,4063.8731115100886
4448,4064.7772688588539
4449,4065.5249733429323
4450,4066.9891449028987
4451,4067.5138931047868
4452,4068.3853411026939
4453,4069.1015117717088
4454,4070.2583229292622
4455,4071.3395273458677
4456,4072.5486904391296
4457,4073.0586618607995
4458,4075.572678189179
4459,4076.7451726570157
4460,4077.5009571352984
4461,4077.8641350102907
4462,4080.4450267196157
4463,4081.0168420664136
4464,4081.9795615142571
4465,4082.4294745311367
4466,4083.4211682315295
4467,4083.6668819935335
4468,4085.3628105903413
4469,4085.5897022176623
4470,4086.6176777370051
4471,4087.515172627619
4472,4087.6919594954911
4473,4089.0321365272475
4474,4091.3176817680633
4475,4092.5338708952695
4476,4093.1886139226899
4477,4094.3973149200642
4478,4094.6600023500177
4479,4096.0047909443992
4480,4096.6064513696638
4481,4097.667117328253
4482,4098.907015548828
4483,4099.8081392078702
4484,4101.1320603797303
4485,4101.4831180307674
4486,4102.093040275854
4487,4102.3000984127093
4488,4103.2165972320499
4489,4103.7112900535012
4490,4104.1291745754206
4491,4104.608095247997
4492,4105.6578889511193
4493,4106.3423044922056
4494,4107.0575355060773
4495,4107.2918345168137
4496,4108.1122814808259
4497,4108.6256932913448
4498,4109.7499548465676
4499,4110.2542792925351
4500,4110.5706660031819
4501,4110.965532631998
4502,4112.8635176707739
4503,4114.7908891335146
4504,4115.3215517699036
4505,4117.1182716243493
4506,4118.4746222943231
4507,4119.0496021163472
4508,4119.6135475693263
4509,4120.0045177382253
4510,4120.9953268124054
4511,4121.5951630403388
4512,4122.8765556274293
4513,4123.654174523489
4514,4125.4116047977959
4515,4127.4912169508798
4516,4128.0614560750064
4517,4128.338088030654
4518,4128.6607453326533
4519,4130.2092092748089
4520,4130.3282494686446
4521,4131.6650134770598
4522,4133.0353838959463
4523,4133.8594550648322
4524,4134.5250133599111
4525,4135.9026065473163
4526,4136.4963813098566
4527,4139.4019862184514
4528,4139.5075180002495
4529,4139.9691967364352
4530,4142.9300738345282
4531,4144.023335621866
4532,4144.3419897293443
4533,4145.65551673339
4534,4147.4408185783714
4535,4148.2882830167573
4536,4148.5935753741715
4537,4149.4658899833366
4538,4150.010305651921
4539,4150.4491928446178
4540,4151.7205791970655
4541,4152.6694211150916
4542,4153.5609727620504
4543,4154.9767787113487
4544,4155.0833594451724
4545,4155.3523424866598
4546,4155.7024005365092
4547,4155.7761524516945
4548,4156.7573463571534
4549,4156.8928518198218
4550,4157.5220255899303
4551,4158.4002772349313
4552,4159.7282853880106
4553,4160.2492330650812
4554,4161.2735464134703
4555,4162.2072794612423
4556,4162.4796512304156
4557,4164.4796475758776
4558,4164.8145562629088
4559,4165.5106818993991
4560,4165.7954364463303
4561,4167.0533035665549
4562,4167.977253776894
4563,4169.1988648281795
4564,4169.3093698908178
4565,4170.1069289647612
4566,4171.9273655620636
4567,4172.911270674801
4568,4174.159418148146
4569,4174.6297209482318
4570,4175.5568240916973
4571,4176.5024495418602
4572,4177.3853113052646
4573,4177.5270504772161
4574,4178.3896230721839
4575,4178.7012784835915
4576,4180.7783526768744
4577,4180.9309169464523
4578,4182.5419435878803
4579,4183.5249019667162
4580,4184.5307666595991
4581,4184.9394449705833
4582,4186.0161378298717
4583,4186.1926683164875
4584,4188.7723407224712
4585,4189.5494961292552
4586,4189.7051175168426
4587,4190.2473735229632
4588,4191.2650030895547
4589,4191.804066343956
4590,4192.9445407291096
4591,4193.7390312683974
4592,4194.8284655392054
4593,4195.1755316209465
4594,4197.1273645762121
4595,4197.545354817943
4596,4197.8188380706406
4597,4199.1390515708863
4598,4199.4225284250833
4599,4200.9603106534487
4600,4202.2327771496184
4601,4202.9769491601146
4602,4203.6874684771274
4603,4204.4806392367936
4604,4204.8192176806324
4605,4205.6553658866624
4606,4206.6964168447639
4607,4208.2555510591401
4608,4209.4893290658702
4609,4209.9171096932387
4610,4211.518583989844
4611,4212.5374285692096
4612,4212.7607317225093
4613,4213.8582743502957
4614,4214.5968417013582
4615,4214.84684727077
4616,4215.7530725789311
4617,4216.6549149205939
4618,4217.3123884348997
4619,4217.6178448423416
4620,4219.0431337436967
4621,4219.9676811380932
4622,4221.317632854516
4623,4222.0121587669519
4624,4223.0381606478659
4625,4224.3313271328379
4626,4225.4047816608272
4627,4225.8320167731981
4628,4226.1360762464374
4629,4226.6787946481982
4630,4227.7482098131904
4631,4228.0839616672911
4632,4228.5235561213876
4633,4229.8246382411153
4634,4230.8328889723598
4635,4231.5762456456669
4636,4232.4283794129742
4637,4234.273767704356
4638,4234.652795856613
4639,4236.7169435142769
4640,4237.0459411547326
4641,4238.1647333086457
4642,4238.7248562084042
4643,4239.235501062808
4644,4241.6279987550006
4645,4242.368605356909
4646,4242.7660031039231
4647,4244.9632601613448
4648,4245.6036836164285
4649,4246.1440286551397
4650,4247.9164254522802
4651,4248.5635201505238
4652,4249.352371544478
4653,4250.4890019916274
4654,4251.6527111853084
4655,4251.8940858936239
4656,4252.4746151300087
4657,4253.5742698647955
4658,4255.4275328314925
4659,4255.7844873696977
4660,4256.7800789083158
4661,4257.0582825330503
4662,4258.1648610278216
4663,4259.4988784373763
4664,4259.9773001121821
4665,4261.3292364971703
4666,4262.2474716367151
4667,4262.6284954310631
4668,4263.7608506916622
4669,4264.9879922670416
4670,4266.1549765233685
4671,4266.7979470630062
4672,4268.4490129189599
4673,4270.5286265812074
4674,4271.1427206441222
4675,4271.6122026104467
4676,4271.7492377814197
4677,4273.0315995657465
4678,4274.1062256224022
4679,4274.6502317478744
4680,4275.7070119247883
4681,4276.134954276913
4682,4276.9006598761398
4683,4277.5504647555999
4684,4278.4832206001984
4685,4279.4786904785951
4686,4280.1902252757927
4687,4281.3070551056089
4688,4282.8939539665562
4689,4283.543601199689
4690,4285.583395039499
4691,4286.5310206684453
4692,4288.0291974078991
4693,4288.599553494777
4694,4290.5220338780546
4695,4291.8538348123611
4696,4292.7695699899214
4697,4293.2305949435158
4698,4293.4493217251302
4699,4294.4363777528033
4700,4294.8959812933817
4701,4295.7403823969498
4702,4295.9953761340494
4703,4296.483786299772
4704,4297.2954356629862
4705,4297.8748663565948
4706,4298.4883464181667
4707,4298.8624554548333
4708,4299.3565972889182
4709,4299.8109901952412
4710,4301.2520010330245
4711,4302.2724070794493
4712,4303.1201115489503
4713,4303.719316966557
4714,4305.0168759192684
4715,4305.6581370464201
4716,4306.4240538406302
4717,4307.2428911686748
4718,4308.665121793143
4719,4308.9610056041229
4720,4309.1255721929283
4721,4310.4064051816758
4722,4310.6844356400779
4723,4312.0150712172763
4724,4313.1640975458049
4725,4313.6918193972197
4726,4314.6436008194732
4727,4314.7279975917945
4728,4315.6762231332541
4729,4317.6601377426687
4730,4318.3850730698377
4731,4320.1335196058271
4732,4321.5901977152353
4733,4323.5358337292446
4734,4324.7492428269943
4735,4325.5327498744737
4736,4326.1636633980852
4737,4326.8039105448897
4738,4328.3050441125806
4739,4329.1676352499544
4740,4329.5124717884373
4741,4330.7604595109269
4742,4332.1326227172394
4743,4333.1440465222995
4744,4333.8704460660992
4745,4334.2696302885133
4746,4334.8861510208944
4747,4335.4117342507789
4748,4336.7013317579303
4749,4338.3292101101488
4750,4338.6291655968134
4751,4339.5786397067668
4752,4340.0250950370983
4753,4341.2302572178023
4754,4341.7755721648819
4755,4344.3753467446986
4756,4344.50519617179
4757,4345.1857894338873
4758,4346.1827633643143
4759,4346.3119676668848
4760,4346.8616658085866
4761,4348.0530101288732
4762,4349.9023430132902
4763,4350.5206665483702
4764,4352.3181841011292
4765,4352.9377403790895
4766,4354.2699876785064
4767,4354.394019538483
4768,4354.7354680061735
4769,4355.8195908409925
4770,4356.4259270140492
4771,4357.963188992263
4772,4358.5535287318789
4773,4360.2793421006645
4774,4361.3240149310877
4775,4361.5781300045264
4776,4362.5025683009408
4777,4363.6721600286019
4778,4363.788342654545
4779,4364.6233887156777
4780,4366.427398953494
4781,4367.411042073245
4782,4367.9574450164437
4783,4368.8723680705134
4784,4369.5826509113112
4785,4371.0955709525033
4786,4371.3654735964155
4787,4371.5818162249989
4788,4372.187997811161
4789,4372.3379472313854
4790,4373.4495490882573
4791,4374.4793992420946
4792,4375.3731927941189
4793,4376.3993250413869
4794,4377.8625640944438
4795,4379.8309747060957
4796,4380.5079228044851
4797,4381.2922497276504
4798,4381.8809946335923
4799,4382.6700151019104
4800,4383.1908802759954
4801,4383.9775570447446
4802,4384.5523951853929
4803,4385.7259790251792
4804,4386.1068577771421
4805,4387.2854969566679
4806,4388.1608713096557
4807,4388.3630044626761
4808,4388.5824926254609
4809,4388.6147287379699
4810,4389.6180128659271
4811,4390.19571565346
4812,4390.5428651682405
4813,4391.6688907246162
4814,4392.7457163930239
4815,4393.3728071790074
4816,4393.7446176960493
4817,4394.3943257277333
4818,4395.5570484274531
4819,4396.7797671220678
4820,4397.7247782589575
4821,4398.5678254149525
4822,4400.7444401213088
4823,4402.3548905338439
4824,4402.5404987283937
4825,4403.6882983769356
4826,4404.534761681206
4827,4404.9544494237134
4828,4406.3535578690198
4829,4406.7340356482391
4830,4407.9243000563774
4831,4408.2124751076153
4832,4409.6934693858821
4833,4410.5790451104604
4834,4411.0285388301891
4835,4412.1752857201127
4836,4413.2103331108319
4837,4414.5190213889873
4838,4416.0867713627549
4839,4416.523229728019
4840,4417.7235499023791
4841,4418.4114646565731
4842,4419.4488250274526
4843,4420.3779399918194
4844,4422.4615654323379
4845,4424.2545514733347
4846,4424.5729521509256
4847,4426.398729968033
4848,4427.4647121540511
4849,4428.4836066402468
4850,4429.8106284449268
4851,4430.3320901347288
4852,4432.0223553492951
4853,4433.0818226461197
4854,4433.7848305154803
4855,4434.0765946901138
4856,4435.3245430746356
4857,4435.7440585419117
4858,4436.3722380300524
4859,4437.8707213997541
4860,4438.4213703550577
4861,4439.4032424733759
4862,4440.9266745935156
4863,4441.3327509655892
4864,4442.6913984107259
4865,4443.2619403272829
4866,4443.9595720859061
4867,4444.3385445410786
4868,4444.9940757104732
4869,4445.7582073123631
4870,4446.1020356716554
4871,4446.2461408021909
4872,4446.882534839503
4873,4447.9661159988464
4874,4448.6345546259172
4875,4449.5888147363157
4876,4450.266818224396
4877,4451.4554228737279
4878,4451.7473793915642
4879,4452.6071956945261
4880,4453.5193404389456
4881,4454.6843543552668
4882,4454.9103075447965
4883,4456.4231948561865
4884,4457.1168281855016
4885,4458.0672370779739
4886,4458.8767619039581
4887,4460.1789675761356
4888,4460.5773619965667
4889,4461.412870566568
4890,4462.023828277971
4891,4462.72259928732
4892,4464.8327129924746
4893,4465.1535885397052
4894,4466.2768438066259
4895,4466.868284724349
4896,4468.0273894068596
4897,4468.3664496920692
4898,4470.2547593578147
4899,4471.0049336839829
4900,4472.1125414461685
4901,4473.8852290206923
4902,4474.1723815540527
4903,4475.604150764314
4904,4476.9308243424102
4905,4477.2050843727893
4906,4478.3000952718503
4907,4479.4452717846116
4908,4480.2389574906347
4909,4481.1319254007603
4910,4481.7003453349425
4911,4481.7515704760617
4912,4482.3739808071741
4913,4483.3408698668509
4914,4484.1534471420509
4915,4485.2353245243794
4916,4485.6480178505399
4917,4486.6029331321306
4918,4487.2372416160933
4919,4488.0731008607454
4920,4488.8976023013183
4921,4491.0842441620362
4922,4491.9484836415759
4923,4492.0699500845667
4924,4493.7852219689357
4925,4494.4688150489619
4926,4496.1245851507765
4927,4497.4205323531096
4928,4497.5941613798313
4929,4500.3285332922351
4930,4500.9111891639659
4931,4501.1944616508936
4932,4502.1350500534318
4933,4503.0062419575934
4934,4503.301343110983
4935,4505.2647199040575
4936,4506.1172860044662
4937,4506.4900427167759
4938,4506.9653392486553
4939,4508.7039005667521
4940,4509.0405441054909
4941,4510.3826025098278
4942,4510.935243711986
4943,4511.5753313690202
4944,4512.9991282490646
4945,4513.7450598636269
4946,4514.064253044462
4947,4515.2614966264891
4948,4517.0758380625093
4949,4517.4114339544258
4950,4518.0965881243264
4951,4519.1915667433586
4952,4519.322482974897
4953,4520.3010031922795
4954,4521.7614442750901
4955,4522.3381936014393
4956,4523.6227682402832
4957,4524.2571191714997
4958,4524.7409760523151
4959,4525.3892165083307
4960,4526.2283139057572
4961,4527.6645934781209
4962,4527.9791401903922
4963,4529.4917863047604
4964,4530.0237251127319
4965,4530.9376205993403
4966,4531.519294957212
4967,4533.2321212689994
4968,4535.4201794073688
4969,4535.8408313753844
4970,4537.6007527052889
4971,4538.0022227245227
4972,4538.5846334979042
4973,4540.0207602546461
4974,4541.0567982191278
4975,4542.4635475801233
4976,4542.8661167431492
4977,4543.2781046913478
4978,4544.4063751307394
4979,4545.2008580974234
4980,4545.807703292674
4981,4546.4978161359395
4982,4548.7875716944327
4983,4549.4193154194736
4984,4550.5158519326687
4985,4550.9298653923361
4986,4552.033704110906
4987,4552.5944553953595
4988,4553.2402799024039
4989,4553.6781123618621
4990,4554.1393302382412
4991,4555.7016148984439
4992,4556.7667525753268
4993,4557.2157721778904
4994,4559.5648695964928
4995,4559.7624968235941
4996,4560.6717771780404
4997,4562.4583501952766
4998,4562.6563160861915
4999,4563.179480189051
5000,4563.4917248673364
5001,4564.3530998404312
5002,4565.1823262247517
5003,4566.5421975277941
5004,4567.4121938351518
5005,4568.073358591857
5006,4568.9865458678078
5007,4569.9967547229253
5008,4570.0752517707388
5009,4571.2045906048852
5010,4572.1585418267696
5011,4572.6089374925486
5012,4573.8795403441472
5013,4574.7027453637875
5014,4575.2289504920063
5015,4576.1516060386612
5016,4577.3721353847668
5017,4578.7126310603326
5018,4578.813483832676
5019,4580.078160404898
5020,4581.2199537793676
5021,4581.6461682432619
5022,4582.6123504277248
5023,4583.2297428660668
5024,4583.7843577055801
5025,4585.3771382947007
5026,4586.278802898978
5027,4587.1701351573101
5028,4588.3204511546719
5029,4589.7930081399245
5030,4590.1468794725597
5031,4591.3520750943699
5032,4591.8181484929482
5033,4592.8148082126436
5034,4593.3656103870699
5035,4593.9602577471796
5036,4594.2273826477049
5037,4595.6092135846029
5038,4595.9714083018971
5039,4596.6582980069534
5040,4597.0469014783275
5041,4598.4465813453926
5042,4599.0631623099216
5043,4599.7086924023879
5044,4601.0841678803436
5045,4601.5875350804872
5046,4603.7484902716851
5047,4604.1328104231698
5048,4604.5732307885673
5049,4606.8013407885719
5050,4607.8052163050816
5051,4607.9454168546472
5052,4608.9580920996441
5053,4609.8152157218201
5054,4611.0964014096735
5055,4611.5971461370727
5056,4612.9987134108178
5057,4614.2397434493441
5058,4615.3945171917931
5059,4616.5203410524546
5060,4617.7877105504776
5061,4618.2285310665575
5062,4618.829132731903
5063,4619.8319430571582
5064,4620.2982578631827
5065,4620.5871738663891
5066,4620.9420408112983
5067,4622.396779442297
5068,4622.8479725594061
5069,4623.5952836868046
5070,4624.1783901258104
5071,4624.4681078618087
5072,4625.7355605481725
5073,4626.2890803136479
5074,4626.6351793660115
5075,4628.5088408973288
5076,4629.0625330250814
5077,4630.8133620821854
5078,4631.2902144386408
5079,4632.0409095460709
5080,4632.8499324373533
5081,4633.368975965318
5082,4634.0959869908784
5083,4634.9751264892493
5084,4636.1426025453356
5085,4636.9369996235773
5086,4638.7515236459003
5087,4639.8040601134726
5088,4641.063429881051
5089,4641.970777007642
5090,4642.4029570078737
5091,4644.4062859448086
5092,4644.8278349810626
5093,4645.1090859745136
5094,4646.286129803093
5095,4647.5501575806011
5096,4648.3347982349196
5097,4648.6733254891196
5098,4649.6461070335727
5099,4650.7207707711377
5100,4652.3569702975046
5101,4653.9405655476976
5102,4654.2819444658853
5103,4656.1621174865368
5104,4656.6025441110833
5105,4657.6853667272671
5106,4657.9626716898192
5107,4659.1187510333339
5108,4659.7291006037849
5109,4660.2332871037825
5110,4661.0257108246506
5111,4661.2093274832432
5112,4661.9166304763949
5113,4662.9079831765966
5114,4664.0765498054661
5115,4664.7980260447948
5116,4665.7092511019218
5117,4666.8526673117458
5118,4668.7298098542087
5119,4669.2122873657618
5120,4669.6165525992383
5121,4670.4135255903893
5122,4671.9586507209833
5123,4674.2093371387637
5124,4674.4906922098971
5125,4675.7351967017339
5126,4676.1664825518928
5127,4676.5720048843586
5128,4678.0541616939272
5129,4678.6544106348301
5130,4679.1832980667978
5131,4679.818472062705
5132,4680.0770697741918
5133,4681.5784497449022
5134,4682.5216256613367
5135,4683.1910352706909
5136,4684.1301195507031
5137,4684.8767137330551
5138,4685.4589281609251
5139,4686.4969483184695
5140,4687.6009678611426
5141,4688.0979023206246
5142,4688.7650951372034
5143,4690.6879872466607
5144,4691.4559432361557
5145,4691.9990130766146
5146,4692.8600703883303
5147,4694.2817784449062
5148,4694.3623728996627
5149,4695.7256738950546
5150,4696.5961679845705
5151,4697.6728959347174
5152,4698.4619816108061
5153,4698.9988822275809
5154,4700.1087323990314
5155,4701.8900768032318
5156,4702.4534173413704
5157,4703.2659335151793
5158,4704.1658798164572
5159,4705.5501234148742
5160,4706.3449985316465
5161,4707.1075791922931
5162,4708.3243809721625
5163,4708.8391195632339
5164,4709.9748697794921
5165,4711.1280819134508
5166,4712.366486873656
5167,4713.2761578583668
5168,4713.8378683738192
5169,4714.7730916273567
5170,4715.7208134094381
5171,4716.4746077260161
5172,4717.2383737888995
5173,4719.4076620232672
5174,4720.3072538846636
5175,4721.3377353949509
5176,4722.8531517590809
5177,4724.5280446300612
5178,4725.6846704258814
5179,4726.3648042266541
5180,4727.4229868393822
5181,4728.3263672815137
5182,4729.5604670523971
5183,4730.4347402455169
5184,4731.6792847520674
5185,4733.9409099209224
5186,4734.3850560948731
5187,4734.7928856974859
5188,4735.1446110351044
5189,4736.1625520310454
5190,4736.6305448882958
5191,4738.1901409693164
5192,4738.5610047520331
5193,4739.5736692411874
5194,4739.8669721786982
5195,4741.1392410343396
5196,4741.8332493489124
5197,4742.2115559040376
5198,4742.8610022997891
5199,4743.6309777935439
5200,4744.2596167936426
5201,4745.7857170791685
5202,4745.9750177044316
5203,4746.3101795554248
5204,4747.0327481015293
5205,4747.2893613330825
5206,4747.9972818231281
5207,4748.1503411579552
5208,4748.8699383212352
5209,4749.9915930096822
5210,4750.3841506524486
5211,4752.0539372728508
5212,4752.5156426486583
5213,4753.3188721977604
5214,4754.5170823803001
5215,4756.0392018138555
5216,4756.7921428464824
5217,4757.8898503472738
5218,4758.0395901123529
5219,4760.4448578098118
5220,4761.6191126287995
5221,4761.9917009695619
5222,4762.4266910674241
5223,4763.9267140970878
5224,4764.6693019640561
5225,4765.5362824178183
5226,4766.6266956758454
5227,4767.9751542981594
5228,4768.2096132307261
5229,4769.5138845265874
5230,4770.6393834105174
5231,4771.2740938538855
5232,4771.8102060491155
5233,4773.0390917837458
5234,4774.6373233568165
5235,4776.0338660586549
5236,4776.5297425836989
5237,4777.0424590591356
5238,4777.6466142689105
5239,4778.52550093832
5240,4779.2463565756398
5241,4779.5067742781121
5242,4780.9894796103854
5243,4781.6936059187665
5244,4782.7720203847712
5245,4783.1136276737607
5246,4783.9328661959826
5247,4785.1519293338042
5248,4785.4685654472805
5249,4786.3481946738821
5250,4786.5385572883515
5251,4787.9694994639412
5252,4789.7100579363951
5253,4790.6851624089786
5254,4791.4618250205212
5255,4792.8469456299899
5256,4793.6489099606024
5257,4794.6034799805275
5258,4795.3176567865066
5259,4796.1977992581506
5260,4796.4923118622464
5261,4797.1808713513901
5262,4798.69079668634
5263,4800.3709978528204
5264,4800.5256536463376
5265,4801.2474047914257
5266,4801.7099270259887
5267,4803.1804993251844
5268,4803.829944367254
5269,4804.5299286647214
5270,4805.2789656583045
5271,4806.2484352866859
5272,4807.1768320138945
5273,4807.6861368931313
5274,4808.1464902388989
5275,4809.5125370283758
5276,4810.1758116124302
5277,4812.2463939660411
5278,4812.7956549458659
5279,4813.8215076408242
5280,4814.1591940580729
5281,4815.4294207792464
5282,4815.5696222654042
5283,4816.5865187013915
5284,4817.8952989297577
5285,4819.6101773372966
5286,4819.9894854931899
5287,4821.7236688443909
5288,4822.3454648913603
5289,4822.5491140905779
5290,4822.9464510964672
5291,4823.6531193999444
5292,4824.1114867633751
5293,4825.1439510136761
5294,4826.5049238682368
5295,4827.9232140364829
5296,4828.0095270974653
5297,4829.3629869890383
5298,4831.2422602953657
5299,4831.6835568437527
5300,4832.1759986107045
5301,4833.0484557132795
5302,4833.1593135595422
5303,4834.1080119706612
5304,4835.3713555545773
5305,4836.283515565151
5306,4836.9407713858081
5307,4839.0197345112356
5308,4839.6472083823628
5309,4839.9876835620908
5310,4841.4137080740029
5311,4842.1741455329311
5312,4843.0471625140999
5313,4843.7966569526316
5314,4844.9979062667862
5315,4845.9222367216134
5316,4846.3698518323363
5317,4847.4314426266856
5318,4848.0556507132978
5319,4848.6485169924763
5320,4850.0850667029081
5321,4851.7319454576382
5322,4852.2982454194798
5323,4852.7331100579731
5324,4854.0102423733088
5325,4854.6601632799948
5326,4855.0923300279128
5327,4856.7845597018595
5328,4857.0823874658636
5329,4858.3241165859417
5330,4859.224196882772
5331,4859.5365733769222
5332,4860.4799960621476
5333,4860.8154201705265
5334,4862.6186729394203
5335,4863.2907364496832
5336,4863.4299180009284
5337,4864.1684740483379
5338,4864.9777806818493
5339,4865.5151066323151
5340,4867.0072514733038
5341,4867.4162762687993
5342,4868.69852449058
5343,4869.6525418255378
5344,4870.8000322653734
5345,4871.6652576327215
5346,4872.4376140569211
5347,4873.820311176999
5348,4874.6079428426947
5349,4875.0239680989243
5350,4876.1484121395215
5351,4877.22142602647
5352,4877.6505963008485
5353,4879.648299525018
5354,4880.1621327822013
5355,4881.5507575617839
5356,4882.5969068184058
5357,4883.9599461888665
5358,4885.7731227301983
5359,4887.8342724221875
5360,4888.2567529544494
5361,4888.9920976171852
5362,4889.7365504009449
5363,4889.8435855775933
5364,4891.3833534558025
5365,4893.7316167886011
5366,4893.8235212058516
5367,4894.2945905231109
5368,4895.0220089716895
5369,4896.8718548097377
5370,4897.4684370516325
5371,4897.8465130298564
5372,4898.8616042994699
5373,4899.1071131015369
5374,4899.9057015477565
5375,4900.422105290053
5376,4901.2021892575758
5377,4902.5247928036397
5378,4904.4019373739266
5379,4904.9240892015468
5380,4905.3174896810169
5381,4905.9626071366883
5382,4906.5715844190272
5383,4907.2520802240388
5384,4907.9547613392861
5385,4908.4070273926145
5386,4909.2204114644874
5387,4911.6254200373351
5388,4911.6908907616416
5389,4913.0964766868756
5390,4913.7051914373651
5391,4915.6520627784485
5392,4916.2341186139529
5393,4916.9035360933121
5394,4917.353158128597
5395,4919.6278211245826
5396,4920.2132917712088
5397,4921.475781725494
5398,4921.8185633148887
5399,4923.0160470293004
5400,4923.8059616161327
5401,4924.1853955992119
5402,4924.7308985911568
5403,4926.3579478293568
5404,4927.1321643928304
5405,4927.4634288499174
5406,4928.2403000619906
5407,4929.1283741439674
5408,4930.1368770328372
5409,4931.4115661768456
5410,4932.0385904403165
5411,4932.2250331619598
5412,4934.0660524479426
5413,4934.7064061547426
5414,4935.4226530292044
5415,4936.0432255946025
5416,4937.1402277529651
5417,4937.9939921707064
5418,4938.2235438981052
5419,4938.9382182916979
5420,4939.3238594855575
5421,4939.659495114809
5422,4940.7571346482964
5423,4940.9970842266202
5424,4942.9526784815234
5425,4943.8624912510204
5426,4944.9051711227476
5427,4946.377010873437
5428,4947.1522517120475
5429,4948.3689606888202
5430,4949.653031325327
5431,4950.4514079632863
5432,4951.6365245770603
5433,4952.7137609447818
5434,4953.2957731624247
5435,4954.7376731872455
5436,4954.8293189468095
5437,4955.7918493644047
5438,4956.9901108856211
5439,4957.9219122348159
5440,4959.333635765599
5441,4960.6407558992942
5442,4960.877853183938
5443,4961.1332467996754
5444,4963.1887501932624
5445,4963.8352034912468
5446,4964.9958471081982
5447,4965.6470067923419
5448,4965.7172959032223
5449,4967.6809017711776
5450,4968.8140229439314
5451,4970.2311475205779
5452,4971.293207366004
5453,4972.1051329030706
5454,4972.3450608270023
5455,4974.0698752317639
5456,4975.2176618722433
5457,4975.7853656475218
5458,4976.3601564526252
5459,4977.9055414449203
5460,4978.2184726853393
5461,4979.3000514956229
5462,4980.8734911485362
5463,4981.3505596423101
5464,4982.3690206284427
5465,4982.5189997805855
5466,4983.2032415856083
5467,4984.9315346802105
5468,4985.6306023467068
5469,4987.4972329116117
5470,4987.7612205252108
5471,4988.4488351082
5472,4989.3138206498861
5473,4989.5662919593269
5474,4990.2129633117029
5475,4990.6476771796433
5476,4992.2733859725322
5477,4993.5515579927114
5478,4993.7011338509283
5479,4995.0455904569581
5480,4996.0378260688349
5481,4996.6621589604647
5482,4997.1658095964403
5483,4997.5947549363673
5484,4998.2889077636992
5485,4998.5616280008226
5486,4999.0573706735158
5487,5001.0957607805221
5488,5003.4566922540835
5489,5004.347917490365
5490,5004.7523484750209
5491,5004.9839203384499
5492,5005.8469633751765
5493,5008.5930388996103
5494,5008.8296954661928
5495,5009.4957926874731
5496,5010.3275319318082
5497,5011.2522912812847
5498,5012.8753596773477
5499,5013.3213029783856
5500,5014.2361847987568
5501,5014.5177572093944
5502,5015.8442700307251
5503,5016.6500760583613
5504,5017.5085003093627
5505,5017.7704242475584
5506,5019.0032371477346
5507,5019.8598853142857
5508,5020.2855110933078
5509,5022.5043354761037
5510,5023.3223546779973
5511,5023.5554482347497
5512,5024.4490790030131
5513,5025.4049414760229
5514,5026.3401215679824
5515,5026.7174704298641
5516,5028.4437369903717
5517,5028.8711475851342
5518,5029.0608696172812
5519,5030.1812693321926
5520,5031.2802373731392
5521,5031.8541952612222
5522,5033.2491647211582
5523,5034.3054050687324
5524,5035.045334352666
5525,5036.6355451514264
5526,5037.3195013883842
5527,5038.1378109337766
5528,5039.3711837496803
5529,5040.6172653343538
5530,5040.9516665799229
5531,5042.4273655639126
5532,5043.1608545911804
5533,5043.7536968425384
5534,5044.3912761237225
5535,5044.581907945756
5536,5045.5830051764015
5537,5046.0286833481268
5538,5046.5104770102307
5539,5047.0763588003556
5540,5048.7074862588724
5541,5049.0722890613579
5542,5050.5793324695005
5543,5050.9852845895675
5544,5051.091268653975
5545,5052.6383624771643
5546,5052.9838574677979
5547,5053.9332525616101
5548,5055.0443979737711
5549,5056.299078546117
5550,5056.7563422126041
5551,5057.2495660253162
5552,5058.0843307447894
5553,5058.9581662884984
5554,5059.4811162331462
5555,5059.9093812169822
5556,5060.8684285800982
5557,5061.3978867732158
5558,5061.9049089715163
5559,5063.6174312322846
5560,5065.4279734649572
5561,5065.943671217492
5562,5066.554952697571
5563,5067.5938704222272
5564,5068.5977470525286
5565,5069.2681167989249
5566,5070.3538706825348
5567,5071.3720988173563
5568,5071.6282758237467
5569,5072.620972768701
5570,5073.0202135720237
5571,5074.1267624380889
5572,5074.9546567506068
5573,5077.8209634992445
5574,5077.9545157840503
5575,5078.5275597774498
5576,5079.8427420521375
5577,5080.3059449851671
5578,5081.9600233334013
5579,5082.2805234427533
5580,5084.2480847620045
5581,5085.3161574993692
5582,5086.5601672383355
5583,5086.9716089846288
5584,5087.7086268250514
5585,5088.786966540787
5586,5090.3613348754488
5587,5090.7169351094499
5588,5093.047401886889
5589,5093.3660996856252
5590,5094.7297154316348
5591,5095.2922113822824
5592,5095.4179867424509
5593,5096.1878559511142
5594,5096.8754352490669
5595,5097.6773179058609
5596,5099.5714657284707
5597,5099.7056303483687
5598,5100.9140470843549
5599,5101.6021459557987
5600,5103.2581291429888
5601,5103.6191613249775
5602,5104.4756419941286
5603,5105.3494840498015
5604,5105.8018047836504
5605,5106.8554090428252
5606,5107.8665223326698
5607,5108.4646439913677
5608,5109.0955728381969
5609,5110.6432457340015
5610,5111.9236018544552
5611,5113.2846668320917
5612,5114.0118818025712
5613,5115.5707569294864
5614,5116.1159053386518
5615,5116.9072616502481
5616,5117.6428533005865
5617,5119.2406363381406
5618,5120.0493317960309
5619,5121.2344140419045
5620,5121.5682413959794
5621,5121.9787320716132
5622,5123.6517073161749
5623,5123.9603573813501
5624,5124.7349058259215
5625,5125.6565728418982
5626,5126.4769790793853
5627,5128.1590097202698
5628,5129.0766706942941
5629,5129.2792341534323
5630,5129.8339606907393
5631,5130.287248546344
5632,5130.8979404549154
5633,5132.1692836068187
5634,5133.2519948083836
5635,5134.8966443282761
5636,5135.4491116320905
5637,5136.2017877717863
5638,5136.5577472917321
5639,5137.0265869351551
5640,5137.6971704345187
5641,5138.7034839134967
5642,5139.6609968251587
5643,5139.9274898475169
5644,5140.6786519369462
5645,5141.3988628851948
5646,5142.6136683373243
5647,5143.3542013340902
5648,5145.7915931954649
5649,5146.4760804149282
5650,5147.5107595676573
5651,5147.8048678868781
5652,5148.3812512970135
5653,5149.3248604776327
5654,5150.1036428525122
5655,5150.6876796423667
5656,5152.3549222483725
5657,5152.7380341002272
5658,5154.14996141554
5659,5154.7967850568393
5660,5155.1570364329709
5661,5156.1712351250053
5662,5159.4295141465354
5663,5159.9415141160007
5664,5161.3306040731713
5665,5162.0125012218259
5666,5163.0913193845654
5667,5163.5586735890793
5668,5164.0493264868419
5669,5166.0898346004133
5670,5167.6585078959615
5671,5168.4216325665366
5672,5168.8085651544661
5673,5169.8171170569603
5674,5170.4694383715796
5675,5170.9111320566199
5676,5171.5700455906572
5677,5172.2748851254146
5678,5173.2226963704834
5679,5173.875660818986
5680,5174.5939708304259
5681,5174.85886753253
5682,5176.3365721403225
5683,5177.2250848131534
5684,5178.636049701523
5685,5180.3668640109909
5686,5180.5297283058335
5687,5180.9001836870275
5688,5182.1479722611721
5689,5184.0180904326189
5690,5184.5807214802944
5691,5185.9405644074041
5692,5186.2937714794707
5693,5188.3470538194269
5694,5189.7257664541457
5695,5190.1351529940039
5696,5191.0513823718056
5697,5192.0713085481766
5698,5192.3537428329209
5699,5194.40438622701
5700,5194.9491132912835
5701,5196.3834820699458
5702,5197.8383920777987
5703,5198.2240596840884
5704,5199.7736818896674
5705,5200.2846518119804
5706,5201.404251824094
5707,5202.483898393617
5708,5203.6175995002777
5709,5204.6513762570048
5710,5205.6645693016653
5711,5206.124108745963
5712,5207.15830527044
5713,5208.8830866128192
5714,5209.8953504518431
5715,5210.3012040719677
5716,5211.4451293408911
5717,5213.2315886084034
5718,5213.553806857085
5719,5213.8271098774658
5720,5214.6674494973095
5721,5215.0542486620052
5722,5215.5990287600853
5723,5216.4641897700585
5724,5216.9510906449095
5725,5218.380226766245
5726,5218.7153237992125
5727,5219.7356720932339
5728,5220.4869565390218
5729,5221.8077897732983
5730,5222.7152473772958
5731,5222.878479887192
5732,5223.8602357281561
5733,5224.0921943632184
5734,5225.1812498206482
5735,5225.6875688059645
5736,5226.4725857746071
5737,5226.7972836157978
5738,5227.3718546278897
5739,5228.0914681657496
5740,5228.9597643602156
5741,5229.027941631929
5742,5230.4044865997312
5743,5230.7724569493603
5744,5231.2473067219707
5745,5232.3400383918988
5746,5233.5349118055274
5747,5234.0761883665564
5748,5234.9266212239336
5749,5235.8996521142244
5750,5236.516165311501
5751,5236.7863707572687
5752,5237.5033959922966
5753,5238.6757957138634
5754,5239.6462146832082
5755,5240.8493284960286
5756,5241.3862271743001
5757,5241.9659774718002
5758,5243.0135615559229
5759,5243.2906679558673
5760,5244.5484827124992
5761,5246.0340843220256
5762,5246.4707830510106
5763,5247.0630519430024
5764,5248.8070301325779
5765,5249.1627506469686
5766,5250.1739978038013
5767,5250.5139049459995
5768,5251.4525329156113
5769,5252.1562730905616
5770,5253.2769209540074
5771,5254.7448527341348
5772,5255.4885107522932
5773,5256.5486468808558
5774,5256.805278604792
5775,5258.3383385082316
5776,5259.1893120686946
5777,5259.5401463153212
5778,5260.2311264978316
5779,5262.0737793325634
5780,5262.8784899838583
5781,5264.4910574721944
5782,5264.9333413381146
5783,5265.9421744914753
5784,5266.471374619754
5785,5268.125440540005
5786,5268.4758072504565
5787,5269.4652972207577
5788,5270.8657771482258
5789,5271.8011102940382
5790,5272.376105448383
5791,5272.9699953730023
5792,5273.4387993425553
5793,5275.1292139646357
5794,5276.4440814782201
5795,5277.5508160496865
5796,5278.1258933649824
5797,5279.2118102386803
5798,5279.8274057169838
5799,5281.2456565014263
5800,5282.4387476521115
5801,5283.9980039429993
5802,5284.9303893359702
5803,5286.1580375993226
5804,5287.0649858290953
5805,5288.6799235403232
5806,5289.1344774362587
5807,5290.4408380887162
5808,5291.1485132634671
5809,5291.9711311554574
5810,5292.9161690154124
5811,5293.3321807355787
5812,5294.5787686777721
5813,5295.2056304087737
5814,5295.5594870785344
5815,5295.8536167482698
5816,5296.8005045335449
5817,5298.3811063758731
5818,5299.6066356094034
5819,5300.2143399330516
5820,5300.5667927217801
5821,5301.3705965077488
5822,5302.6036562954632
5823,5303.2709371061474
5824,5303.855473088398
5825,5304.4178338041156
5826,5305.6461489550793
5827,5305.8838146320577
5828,5306.4535502498502
5829,5307.7581920096463
5830,5308.8525258302971
5831,5309.5782099116741
5832,5310.5227559345258
5833,5311.0563015647658
5834,5312.6347036337893
5835,5313.1409777810159
5836,5314.3852148077676
5837,5314.7479914322485
5838,5314.9478860626477
5839,5316.1217459541476
5840,5317.3004235683275
5841,5319.8672460394446
5842,5321.34436187351
5843,5321.9166695850708
5844,5322.1454984025222
5845,5322.9642187455111
5846,5324.1342864905873
5847,5324.7663200216539
5848,5325.6617597614886
5849,5327.8206189237544
5850,5328.4025979135786
5851,5329.7301905157246
5852,5330.0772385352429
5853,5330.9875894438592
5854,5331.1407050387934
5855,5331.9029754788553
5856,5332.6392708363592
5857,5333.4090818029981
5858,5333.7691365822657
5859,5334.4801673937936
5860,5335.5702120205833
5861,5336.4999255705079
5862,5337.227815766837
5863,5337.9461277218252
5864,5339.3262358938819
5865,5340.8944432332137
5866,5341.7896600537388
5867,5343.0619809660802
5868,5344.2325511812223
5869,5345.1586024250555
5870,5345.8537911871526
5871,5346.7019793209138
5872,5348.2451255953147
5873,5348.4919801751057
5874,5350.3550681184342
5875,5351.6689364849553
5876,5352.272652720435
5877,5353.1464188713808
5878,5354.0000278865482
5879,5355.1511217059315
5880,5355.9257240554389
5881,5356.3203687521718
5882,5357.5848598439507
5883,5358.640019689733
5884,5359.3888257617027
5885,5360.5144525260666
5886,5360.6532198196055
5887,5360.9128380119437
5888,5361.2873406553663
5889,5362.6400110063532
5890,5363.2261004239508
5891,5364.2522684907835
5892,5364.4320065211941
5893,5365.5713046014971
5894,5366.7971123263951
5895,5368.3850881017115
5896,5368.9539995233636
5897,5369.222452899513
5898,5371.6167832552983
5899,5372.1970987994973
5900,5374.0492878665809
5901,5374.5592469443209
5902,5375.1289201669424
5903,5376.2725198152921
5904,5377.2633208825109
5905,5377.6889020112967
5906,5378.3177084998524
5907,5378.8267528368979
5908,5379.496385437661
5909,5379.816886689392
5910,5381.6296466684225
5911,5382.5508360857639
5912,5383.683634517527
5913,5384.9734152980236
5914,5385.1269155313312
5915,5387.4749794307882
5916,5389.2899580278408
5917,5389.9735618375908
5918,5390.372519421333
5919,5391.8718928566332
5920,5392.0513918994602
5921,5393.4491597076085
5922,5393.5985714156723
5923,5394.2738350851369
5924,5395.3380726104715
5925,5396.7399375575797
5926,5397.5360466874108
5927,5398.5226411762351
5928,5399.1739147522567
5929,5400.2403888900253
5930,5400.6168396076137
5931,5402.1892085025811
5932,5403.6285950940464
5933,5404.3048125017149
5934,5405.0669987380052
5935,5405.7486796725434
5936,5406.6571314694593
5937,5408.3322870937
5938,5409.3701403767245
5939,5411.1327859742551
5940,5411.3765952003178
5941,5412.4375848462569
5942,5412.7961904343028
5943,5413.7594121748825
5944,5414.5661087476674
5945,5416.2056934946149
5946,5417.0497833768741
5947,5417.6939549128874
5948,5418.0925644337385
5949,5418.295760656245
5950,5419.3019655151693
5951,5419.7124072912065
5952,5420.5666360529885
5953,5421.5904374840929
5954,5422.4033204177949
5955,5423.169480172478
5956,5424.0338265355058
5957,5425.200051366578
5958,5426.3672385358741
5959,5426.9075636610423
5960,5427.2366491777057
5961,5428.1006203909519
5962,5428.6123088797767
5963,5430.0270981935773
5964,5430.6826863240176
5965,5431.2232882332983
5966,5432.3514746296505
5967,5434.4417815920324
5968,5434.7926464857555
5969,5435.6084794297512
5970,5436.0096147133245
5971,5436.9164422277399
5972,5437.2562533237888
5973,5439.0093403945484
5974,5440.5878587067136
5975,5441.3088007020742
5976,5441.9850172235729
5977,5442.7474015615035
5978,5443.5324700637093
5979,5444.0327239020471
5980,5445.0776623326537
5981,5445.8521993064805
5982,5447.0007506482079
5983,5447.2097942162673
5984,5447.7508887133217
5985,5448.8821783827962
5986,5449.2946744203346
5987,5452.1784835670578
5988,5452.3397488650226
5989,5452.9444743815729
5990,5454.7377744115292
5991,5455.3179578004892
5992,5456.0117270651799
5993,5456.6557097336972
5994,5457.6376734532641
5995,5459.0292523658336
5996,5459.2025749478998
5997,5459.7581622167791
5998,5460.3855027590434
5999,5461.293143891502
6000,5463.1176088821203
6001,5463.6677037934196
6002,5464.4338088026043
6003,5464.916615501209
6004,5466.0419756510682
6005,5466.9429032725184
6006,5467.9099698861255
6007,5468.7073496611574
6008,5469.9302966643663
6009,5470.3062355333223
6010,5470.7047740109383
6011,5472.0527752250819
6012,5472.9581310050944
6013,5473.7418841038552
6014,5474.7140058978657
6015,5475.4931287731997
6016,5476.8737686501236
6017,5477.6214863596242
6018,5478.4701312889283
6019,5478.9419284484611
6020,5480.9411140980646
6021,5482.2121363499991
6022,5483.2573075302598
6023,5484.8670819211811
6024,5485.2575140411645
6025,5486.0342894286323
6026,5486.3356289815065
6027,5486.9979525484387
6028,5487.511835381707
6029,5488.2144291824379
6030,5488.6115743648779
6031,5489.8417507750601
6032,5490.3688167643377
6033,5491.5821650160979
6034,5492.8935041028244
6035,5493.2965902945189
6036,5495.452436566241
6037,5495.7919217655299
6038,5496.6062831556565
6039,5497.5625610325405
6040,5499.014751889692
6041,5500.280462739066
6042,5500.7184551712853
6043,5502.1127667387564
6044,5502.2715721410041
6045,5503.5961452043557
6046,5504.8844013624039
6047,5506.4797881479763
6048,5506.9096145647163
6049,5507.9086028705706
6050,5508.9733866025372
6051,5509.8496204915846
6052,5510.5288015956785
6053,5511.9376008699528
6054,5512.6809020269175
6055,5512.9936294907429
6056,5514.1769674869693
6057,5515.1737491726508
6058,5515.6648232015359
6059,5516.4271679874428
6060,5517.2761504801192
6061,5519.0394380203106
6062,5520.1748015341109
6063,5520.5571674105195
6064,5521.4168972624502
6065,5521.8675453743263
6066,5523.5105262038533
6067,5523.8157432452954
6068,5525.1114140855743
6069,5525.6828866229498
6070,5526.8068892723186
6071,5527.4759693882124
6072,5529.1708077796548
6073,5529.7836361801628
6074,5530.6011136027264
6075,5532.1685666520207
6076,5532.6978503146265
6077,5534.6387928454951
6078,5534.8230528152562
6079,5535.9423296207979
6080,5536.445293142966
6081,5537.4719569827139
6082,5538.2228240476088
6083,5538.6530084023279
6084,5539.2632104326649
6085,5539.6890899884511
6086,5540.7700119126011
6087,5541.1539597789315
6088,5542.5449614086492
6089,5543.3940074516977
6090,5544.4673975320975
6091,5545.0978819418206
6092,5545.4533149834851
6093,5546.6862039564949
6094,5547.4645250214671
6095,5547.6111891512001
6096,5548.6560579839825
6097,5549.0738941031959
6098,5549.9699596011706
6099,5550.8962588566665
6100,5551.5804558071923
6101,5552.5763439877364
6102,5552.9630116061753
6103,5553.1277529194549
6104,5554.049614653587
6105,5554.5299804331007
6106,5554.7869221082483
6107,5556.0702208590346
6108,5557.3512637481972
6109,5557.9663399558467
6110,5558.5817047881792
6111,5561.0595450148039
6112,5561.6424235267905
6113,5562.4268719158845
6114,5563.5457484657418
6115,5564.1098917196641
6116,5564.682347748444
6117,5566.8595152017988
6118,5567.9338555229542
6119,5568.4101839546665
6120,5568.7226453606881
6121,5570.6267143464402
6122,5571.489512526764
6123,5572.6062938945179
6124,5572.873206191729
6125,5573.3893280387092
6126,5574.2234652655015
6127,5574.5343472460654
6128,5576.2325563133436
6129,5577.3332469665365
6130,5578.1875941038052
6131,5579.6098750173223
6132,5580.6489356561824
6133,5581.8577676231434
6134,5582.9649003615477
6135,5583.9980539018698
6136,5584.6366072932269
6137,5584.8418907461291
6138,5585.3758653786144
6139,5586.0873934907695
6140,5587.4894166879913
6141,5588.9082717341425
6142,5589.6085667060206
6143,5591.4646812022174
6144,5593.4025469047347
6145,5594.3270802643046
6146,5595.00134976753
6147,5595.5912724316722
6148,5596.8743117105541
6149,5597.7787271923025
6150,5598.4795257872365
6151,5599.756990712619
6152,5600.1261100856009
6153,5601.4739725342115
6154,5602.2171182639267
6155,5603.6317239991786
6156,5603.7699961217104
6157,5605.6492756640391
6158,5606.687620492321
6159,5607.4187161975906
6160,5609.2927723476541
6161,5610.1849996175806
6162,5610.2796328392369
6163,5611.6085967465915
6164,5612.7090106408596
6165,5614.2619802231693
6166,5615.2902040416939
6167,5615.7921711547333
6168,5616.8051607216994
6169,5617.4491479119088
6170,5618.5658517277461
6171,5619.0837018849543
6172,5619.6576300864544
6173,5620.5931230976148
6174,5621.8364115404365
6175,5622.3562750656374
6176,5622.5395866503641
6177,5623.5868629393481
6178,5624.1746074733073
6179,5624.8311093814355
6180,5626.143798200661
6181,5626.3300025935241
6182,5626.9946940666432
6183,5628.3781835371474
6184,5629.1101336750999
6185,5629.4938224427251
6186,5630.4348213611374
6187,5631.1084486140953
6188,5632.5354749840753
6189,5633.4876689605226
6190,5633.5957140174887
6191,5634.4145656234432
6192,5635.3011714896211
6193,5635.3680148729636
6194,5636.5529732990672
6195,5637.1575797028299
6196,5638.2673867490566
6197,5639.1031667736052
6198,5639.8704613947848
6199,5640.54870338203
6200,5642.3323931564373
6201,5643.0152829035178
6202,5643.6133617693713
6203,5643.6648999227082
6204,5645.8201749318259
6205,5646.3476015112692
6206,5646.6114549571303
6207,5647.361491917598
6208,5649.7413105411788
6209,5650.5378044712706
6210,5651.8191510923134
6211,5652.9586520251087
6212,5653.5626640656956
6213,5653.7251899763496
6214,5656.1987481472443
6215,5657.3279978007413
6216,5657.5089654061157
6217,5659.9688812913955
6218,5660.168460635794
6219,5660.9901074454574
6220,5661.6964844392569
6221,5662.6974419044554
6222,5663.9679756639744
6223,5665.0215809518195
6224,5665.4663748460007
6225,5666.98930253052
6226,5667.2824371274392
6227,5668.5117233892151
6228,5668.7127987819904
6229,5671.2021931973159
6230,5672.1341607182076
6231,5672.8536100144565
6232,5673.9179092904506
6233,5674.8679824943883
6234,5675.4137362486726
6235,5676.7506677795218
6236,5677.0885553818352
6237,5678.0888636348545
6238,5679.7710877372774
6239,5680.4253546739492
6240,5681.826048897291
6241,5682.0614541999294
6242,5682.8335647540152
6243,5683.4533670790352
6244,5684.565703260284
6245,5685.4060241612669
6246,5685.6752187985685
6247,5686.8161425270482
6248,5686.9916372728931
6249,5688.5518470663719
6250,5688.7496057467797
6251,5690.5454826445512
6252,5690.815678240152
6253,5691.0709958280831
6254,5693.6757555262957
6255,5693.9944030424394
6256,5694.6766429066638
6257,5695.2893355221586
6258,5695.8157092561214
6259,5696.3553102298392
6260,5696.8586182221343
6261,5699.0412433416586
6262,5699.8961093052831
6263,5700.9814428682639
6264,5701.8763600366856
6265,5703.3160468492688
6266,5704.3751577244211
6267,5705.1306385257403
6268,5705.721503777937
6269,5706.5143761773261
6270,5707.2573590389338
6271,5708.1800840417627
6272,5709.1568673180236
6273,5709.5297873892414
6274,5709.9004067762335
6275,5710.9946867304307
6276,5712.2603604314872
6277,5712.9696516201766
6278,5714.259042803551
6279,5715.3367802015955
6280,5716.3872906299648
6281,5717.6336007857535
6282,5718.6459716763793
6283,5719.7339104178072
6284,5720.5862236654884
6285,5720.9885255832032
6286,5721.8334309244929
6287,5722.1955679136872
6288,5723.3009942462477
6289,5724.122149418602
6290,5724.4079475293929
6291,5726.2478632853108
6292,5726.4961468933461
6293,5727.4798030333177
6294,5727.831073155744
6295,5728.6527718996222
6296,5729.2099746342737
6297,5732.1670336506868
6298,5732.879356790243
6299,5733.1318800072358
6300,5733.1736570014455
6301,5733.3573448900479
6302,5735.1422700036564
6303,5735.254729610142
6304,5736.1768202128233
6305,5737.1089976347967
6306,5738.1032906706805
6307,5738.301817351472
6308,5740.4851120344483
6309,5741.329807717897
6310,5742.2092871664991
6311,5743.2550917488543
6312,5743.9335710038877
6313,5744.367311631715
6314,5744.7295364122119
6315,5745.1959046284892
6316,5746.6525801089483
6317,5747.0079863214823
6318,5747.4136911760197
6319,5748.1014498465092
6320,5748.9094083651098
6321,5749.789341901017
6322,5750.3820568776064
6323,5751.7744042371205
6324,5751.9581804032214
6325,5752.48961883629
6326,5752.982943585178
6327,5753.6761337779299
6328,5754.5330569017033
6329,5755.3332413698272
6330,5757.4218154780137
6331,5758.0392250300692
6332,5759.9190288297641
6333,5760.0679514004296
6334,5760.8866444159758
6335,5760.9928227448518
6336,5763.0212584811707
6337,5764.4379940903946
6338,5764.9631990412463
6339,5766.2990740860014
6340,5766.6188960610789
6341,5767.5098318291894
6342,5768.3534752018459
6343,5769.8171253924156
6344,5770.3837014560113
6345,5771.5109651300018
6346,5773.1527787866689
6347,5773.809520939245
6348,5775.5762514890321
6349,5776.9779543905315
6350,5778.1306696330957
6351,5779.0673997898612
6352,5779.3907682461577
6353,5780.3596858528272
6354,5781.0231151296393
6355,5781.688980496353
6356,5782.4638921047754
6357,5782.6042757179239
6358,5783.4046716036555
6359,5785.0509834768982
6360,5786.2393415123597
6361,5787.7103471392975
6362,5789.460131647762
6363,5789.6414600938451
6364,5790.6926720166957
6365,5792.1814315233596
6366,5792.4161045562014
6367,5793.0819993502582
6368,5795.0583353606989
6369,5795.6265714059718
6370,5796.5699739114652
6371,5797.0115428987583
6372,5798.0383203302254
6373,5799.3601159611981
6374,5799.9277986146408
6375,5800.9174231254647
6376,5801.303413757646
6377,5801.9603332888755
6378,5802.2305679249812
6379,5804.098535396939
6380,5804.5227186171624
6381,5805.7330892032805
6382,5806.506417790175
6383,5808.1130911502951
6384,5808.9115837330055
6385,5809.4386612467379
6386,5810.575493317936
6387,5810.8737204544223
6388,5811.8251810435195
6389,5813.0122620863795
6390,5813.9089206657
6391,5814.0478419104911
6392,5814.4349502053528
6393,5815.4937982385809
6394,5818.0551470641612
6395,5818.29370491797
6396,5818.9059820516968
6397,5820.0287616599107
6398,5821.6321111933421
6399,5822.1129756488162
6400,5823.2162025637444
6401,5823.3512837696435
6402,5825.1235236531338
6403,5826.2208508005879
6404,5827.0116196738045
6405,5827.7898318516263
6406,5829.1481726972197
6407,5830.0256711049287
6408,5830.9403199674198
6409,5832.1519106449714
6410,5833.0183430317111
6411,5833.115122942073
6412,5833.867169750325
6413,5835.4728632707165
6414,5836.5559772591114
6415,5837.5260037017906
6416,5838.7373782972618
6417,5839.8687440140448
6418,5842.2669827708323
6419,5842.4257588595101
6420,5843.3001831940264
6421,5843.5094115634083
6422,5844.027921475883
6423,5844.5961965076967
6424,5845.6780524224096
6425,5846.1598656163187
6426,5846.3932039662604
6427,5848.4995766086922
6428,5848.7652324018227
6429,5849.155067711622
6430,5850.3747255290264
6431,5850.6443042960427
6432,5852.1724313691839
6433,5852.5709532682995
6434,5854.266284905023
6435,5854.9785881401467
6436,5856.3820478227208
6437,5856.7516706848082
6438,5857.2757776223089
6439,5858.0765004691511
6440,5859.1216990210742
6441,5860.2555467486573
6442,5861.5106558858997
6443,5862.4863465391991
6444,5863.1900873746772
6445,5863.7313340500414
6446,5867.0290029848493
6447,5867.6692037985677
6448,5869.281904336257
6449,5870.076844409381
6450,5870.5324816804932
6451,5871.7657402155592
6452,5873.1281605627892
6453,5874.4621020962177
6454,5874.7535049694707
6455,5875.0489004469018
6456,5875.7021848183313
6457,5876.1593111363318
6458,5877.3648878006843
6459,5877.7949523737298
6460,5878.0199222914134
6461,5878.4847692112016
6462,5879.160612728534
6463,5879.8646007606503
6464,5880.6855371561769
6465,5881.0787212170408
6466,5881.9349261892085
6467,5883.1372876999303
6468,5883.3984660081233
6469,5884.3763467677909
6470,5884.6212827508798
6471,5885.555240498833
6472,5886.8491393997228
6473,5887.3966984790968
6474,5888.1707194985993
6475,5889.6781816622506
6476,5890.6000273529235
6477,5891.2834426165227
6478,5891.6436610573437
6479,5893.0987775120684
6480,5893.6781311098803
6481,5895.7483478251906
6482,5895.8577115600938
6483,5897.4897147010188
6484,5898.5088002369721
6485,5900.0421184000115
6486,5902.0018534320398
6487,5903.20889736147
6488,5904.0633037771577
6489,5904.284452151247
6490,5905.2241476545441
6491,5906.0671024608137
6492,5906.9876457444052
6493,5907.7621922507305
6494,5907.90974544661
6495,5909.5417870562933
6496,5910.2934994552334
6497,5912.1357781761199
6498,5913.3276931906003
6499,5913.8612564905143
6500,5914.4515627743867
6501,5916.2219827801955
6502,5916.3807443349242
6503,5917.2412173683542
6504,5917.6153505236935
6505,5918.6020791687197
6506,5919.8488762183952
6507,5920.7122010182484
6508,5921.0773804419168
6509,5922.1424677373134
6510,5923.7584075498817
6511,5924.7360375214103
6512,5925.4767102456744
6513,5926.4652952722163
6514,5927.5522010903906
6515,5928.4560610742255
6516,5929.9200410717658
6517,5930.5421419735403
6518,5931.4946321360248
6519,5932.5636158048219
6520,5932.7342820649046
6521,5933.0033850347527
6522,5933.7720169096774
6523,5934.3148653373137
6524,5936.2916863724195
6525,5938.6004835840877
6526,5939.3682279679779
6527,5940.0417696850182
6528,5940.7106215379617
6529,5940.8581879738658
6530,5942.1369689053681
6531,5943.3965503173522
6532,5943.9685583000155
6533,5944.7151993012703
6534,5945.8076744669825
6535,5946.1484580372389
6536,5947.262676807567
6537,5947.9475902261138
6538,5948.8059257021123
6539,5949.1722350310492
6540,5949.9773159478718
6541,5950.8447276713832
6542,5951.9783951788186
6543,5952.1852915394202
6544,5953.4725720101269
6545,5954.8192289671651
6546,5955.5739152119268
6547,5956.5352922762613
6548,5957.1061504908939
6549,5957.7231281222475
6550,5959.0042059065099
6551,5959.4695155676382
6552,5960.2996495427933
6553,5960.5449312577121
6554,5960.8758084625333
6555,5962.0691211662461
6556,5962.2633227104916
6557,5963.5795629451914
6558,5963.8290519394113
6559,5964.5934328504445
6560,5966.4172880019423
6561,5966.6034117239433
6562,5967.8741439742016
6563,5968.1033768526067
6564,5969.0956943617375
6565,5969.5967950481963
6566,5970.338391759652
6567,5971.3444109885995
6568,5972.1026528986167
6569,5973.2512074155902
6570,5973.7614817476588
6571,5975.5054391345602
6572,5975.6422075987639
6573,5976.1484496585745
6574,5976.69930734234
6575,5977.3470038196938
6576,5978.1969529331282
6577,5979.3343370602888
6578,5980.2032503698256
6579,5980.3057127177053
6580,5982.5094953309144
6581,5983.3829215246569
6582,5985.0014945229523
6583,5986.4576005642375
6584,5987.5862677473588
6585,5988.0651782702798
6586,5988.7915947708034
6587,5989.8913743900875
6588,5991.79135741558
6589,5992.1535681344767
6590,5992.2706209486096
6591,5993.1848582538296
6592,5994.8272299247974
6593,5995.9658863882423
6594,5997.3511269016208
6595,5998.773831885761
6596,5999.219368813252
6597,6000.1373084226643
6598,6001.2170469284201
6599,6002.3576246296398
6600,6003.3382533332324
6601,6004.0672004950229
6602,6004.8766576916114
6603,6005.6709246379587
6604,6006.4148772630097
6605,6007.6127858407481
6606,6008.2990883059174
6607,6008.9465133084705
6608,6009.8839719652678
6609,6010.2352113035622
6610,6012.3739407931507
6611,6012.672726368306
6612,6014.1377323086954
6613,6014.9794564491585
6614,6016.3949541993898
6615,6017.4411400105109
6616,6018.5135220299371
6617,6018.6895746406371
6618,6019.1052539906186
6619,6020.0535336502835
6620,6020.5417698190986
6621,6021.5693594819904
6622,6022.0335950927956
6623,6023.3171070484959
6624,6024.9831135749509
6625,6026.0621855215841
6626,6026.5056335917725
6627,6027.3400314702221
6628,6028.2279352026535
6629,6028.3805141290431
6630,6029.5768104170847
6631,6030.9657020148188
6632,6032.7910910065493
6633,6033.2022511412315
6634,6034.0454556663362
6635,6036.9084010766383
6636,6037.3435286863532
6637,6038.7106692546267
6638,6039.442319289511
6639,6040.098488943936
6640,6040.8759718957153
6641,6041.6081380865071
6642,6041.9792153780163
6643,6043.6755820041344
6644,6044.2700628042485
6645,6045.8431084856638
6646,6046.4345774032954
6647,6047.2156830710319
6648,6048.1194964973674
6649,6048.5055189734339
6650,6049.1478112795012
6651,6049.9477899800231
6652,6050.2277155035763
6653,6050.6973624231514
6654,6051.0941449760194
6655,6053.3945729830175
6656,6054.0968983869034
6657,6055.9505076863452
6658,6056.3333667105417
6659,6057.898123415187
6660,6059.1962106212459
6661,6060.1220425112524
6662,6060.5067997995056
6663,6061.4045479412562
6664,6062.3215887811293
6665,6063.6019062194573
6666,6063.9981536065079
6667,6064.1753142835987
6668,6065.5596102398322
6669,6066.3293232920987
6670,6067.1628517433801
6671,6067.956783997658
6672,6068.6480705885961
6673,6070.0627060429288
6674,6070.8666014537885
6675,6071.6701294369414
6676,6072.3440966005492
6677,6072.7900368497321
6678,6072.8527745305419
6679,6073.5140850752723
6680,6073.9050717165474
6681,6075.3684833026473
6682,6076.3851055103469
6683,6077.1172806801142
6684,6078.601154228134
6685,6079.2075673205391
6686,6079.8089388822709
6687,6080.0174584200531
6688,6081.5611022946587
6689,6082.2843817711528
6690,6083.5538038621416
6691,6084.1916578954142
6692,6084.3835656145884
6693,6085.4120091769219
6694,6086.0097035495573
6695,6086.9488042286639
6696,6088.2993236953434
6697,6089.2244929460821
6698,6089.6238791177429
6699,6091.5120441661766
6700,6091.7129053293838
6701,6093.1887887003268
6702,6093.6740277499812
6703,6094.1920704256636
6704,6094.4337107066203
6705,6094.843040074541
6706,6096.5763995504603
6707,6097.437963197005
6708,6099.4959119625146
6709,6100.0296665638098
6710,6100.7949900343738
6711,6102.0223433179381
6712,6102.8440923621411
6713,6103.8356073829609
6714,6105.0792176867626
6715,6105.6129520828481
6716,6106.7822354980863
6717,6108.3674717393924
6718,6108.6086043526702
6719,6110.3933575543633
6720,6111.2248297066308
6721,6111.6040703197432
6722,6112.4573500569413
6723,6112.8618131827634
6724,6114.0435513305574
6725,6114.7682471395683
6726,6116.7019545608891
6727,6117.631393011713
6728,6119.1054627605081
6729,6119.6440169269836
6730,6120.1496623668218
6731,6121.2574518118745
6732,6122.3386093817817
6733,6123.6345329567457
6734,6124.1280203125152
6735,6124.9531464396496
6736,6125.8503084963759
6737,6126.7452497842451
6738,6129.1644273288821
6739,6130.9424875168479
6740,6131.928595742811
6741,6133.8794566000188
6742,6134.1097250124931
6743,6134.99842074967
6744,6135.6513177134748
6745,6135.9078654916384
6746,6136.4825783383512
6747,6137.4990822678328
6748,6138.0308348057324
6749,6138.7815008702837
6750,6139.741536256558
6751,6140.9625150386228
6752,6141.862826737045
6753,6143.0013178174995
6754,6144.2523537753659
6755,6145.4356318594728
6756,6146.0652101221958
6757,6146.270693717056
6758,6147.9841717472536
6759,6148.4588297020018
6760,6149.5090981527155
6761,6149.8574363381231
6762,6150.572557839896
6763,6151.287801276816
6764,6151.8782287689592
6765,6153.2297292206504
6766,6153.9536533143291
6767,6154.8615778874191
6768,6155.911544006779
6769,6156.9208918646918
6770,6158.759251326238
6771,6159.1404246302127
6772,6160.4451702934975
6773,6161.0211249701288
6774,6161.539689967678
6775,6162.4519499168109
6776,6162.8735256836135
6777,6164.1300221400224
6778,6165.7774745069974
6779,6166.1261856755309
6780,6166.8670760012874
6781,6168.3299790181245
6782,6169.0492761383721
6783,6170.2660748196631
6784,6170.5517704787535
6785,6171.7153424117878
6786,6171.8552258490745
6787,6172.6917429628593
6788,6173.8368804668726
6789,6175.6707815333684
6790,6175.8805701700185
6791,6176.1524535002754
6792,6177.0786558296213
6793,6177.7970344111245
6794,6179.5620806416073
6795,6180.1572945410444
6796,6180.7316336340664
6797,6181.3793090711524
6798,6183.1788963125209
6799,6183.4975910774992
6800,6185.184188268383
6801,6185.8952235546476
6802,6186.4725799616117
6803,6186.8595917766352
6804,6187.37084347778
6805,6189.3850881894932
6806,6190.0857897624392
6807,6190.4765435805048
6808,6190.8994050832289
6809,6191.7751778448846
6810,6193.0370467910971
6811,6193.8748036310453
6812,6194.0739489820899
6813,6195.7278250663367
6814,6196.3149121954257
6815,6198.055582253578
6816,6198.4287633463091
6817,6199.2502980551408
6818,6199.9929914860986
6819,6200.9893860826751
6820,6201.4817420147201
6821,6202.7269252493434
6822,6203.1561005746553
6823,6204.371719849597
6824,6205.4258799806403
6825,6206.8041805987878
6826,6207.5049456170827
6827,6208.4614275864496
6828,6209.2058759847832
6829,6209.6040281496416
6830,6211.498282254227
6831,6211.6389817687113
6832,6212.1973325681292
6833,6214.201239311803
6834,6214.3448867038351
6835,6216.0266245050871
6836,6216.7379343505572
6837,6217.3674583059683
6838,6218.2621309660517
6839,6218.8350151563754
6840,6219.2687190918905
6841,6220.3028948755
6842,6220.5237151041538
6843,6220.9826734739781
6844,6221.9686137377985
6845,6222.2718872822106
6846,6223.7557547438464
6847,6224.2993203005753
6848,6225.3987831679997
6849,6226.2275160392701
6850,6226.6838840194287
6851,6228.1517787094344
6852,6228.5653833806018
6853,6229.2058740177517
6854,6229.9667063535398
6855,6231.1510782342675
6856,6232.0077688646288
6857,6233.3067879001383
6858,6234.595459203395
6859,6235.8736088349733
6860,6236.1023936441316
6861,6236.3811864722402
6862,6237.9601252257962
6863,6238.1872169808175
6864,6238.785516010792
6865,6239.9478486850458
6866,6240.7464498208337
6867,6242.1682237342302
6868,6244.0134141424842
6869,6244.2893624329781
6870,6245.4338636215116
6871,6246.7935743188254
6872,6247.8590052773643
6873,6249.0091905986455
6874,6249.5228493565182
6875,6250.4900752865906
6876,6252.0008764341128
6877,6253.235008836933
6878,6253.9858378475819
6879,6254.6411608149156
6880,6255.0346491043592
6881,6255.7194110246273
6882,6256.4585385928467
6883,6257.5343873807533
6884,6258.8591271457481
6885,6259.3014341961953
6886,6260.3159749109846
6887,6261.761596974402
6888,6262.201293989986
6889,6263.3633929881053
6890,6263.7662386878737
6891,6265.6149478168136
6892,6266.8679244900759
6893,6267.113426036989
6894,6267.49923060733
6895,6268.3448674382726
6896,6269.8058275585481
6897,6271.4385389168756
6898,6272.3978233025246
6899,6273.4772046484013
6900,6274.2295976716196
6901,6274.5578800278499
6902,6275.6337159240347
6903,6276.3035907033609
6904,6277.0117077670739
6905,6278.0768963115861
6906,6278.6687545496443
6907,6279.6190281006184
6908,6280.6793194005386
6909,6281.7392848426516
6910,6281.9947801860153
6911,6283.7783773522169
6912,6284.2641644645619
6913,6285.4134595429405
6914,6286.0175142062681
6915,6287.3818581728865
6916,6288.2406971771961
6917,6289.151141920669
6918,6290.2073438603065
6919,6291.3615623973756
6920,6292.0160739145113
6921,6292.2571977156813
6922,6293.2827985484191
6923,6294.2937883875456
6924,6295.133430640527
6925,6296.4175817185442
6926,6296.6407781701701
6927,6297.7290810405475
6928,6297.9861414098086
6929,6298.4201724498907
6930,6299.8090914641507
6931,6300.687589226357
6932,6300.9523288723458
6933,6302.0771039725141
6934,6303.2698352240977
6935,6304.5961953218211
6936,6306.5838382985203
6937,6306.6645924271697
6938,6307.1793905991535
6939,6307.6011051329951
6940,6308.120834549939
6941,6309.9078647238512
6942,6310.1874261152507
6943,6310.3250209701109
6944,6310.9396888517049
6945,6312.1631107045832
6946,6312.9829314668677
6947,6314.8036443738483
6948,6316.0806008222653
6949,6317.0644476789539
6950,6317.6600214432901
6951,6318.5823377768102
6952,6319.203393373562
6953,6319.9778855706854
6954,6320.4932697335817
6955,6322.2367679883182
6956,6322.3405861184938
6957,6323.4790455956345
6958,6324.3910090628287
6959,6324.5047643326889
6960,6325.5236994562965
6961,6326.4473487135001
6962,6328.6461687462161
6963,6328.9719641604479
6964,6329.2149263943484
6965,6330.8892087523527
6966,6332.712727864624
6967,6333.3625077089437
6968,6335.152394247908
6969,6335.4415568387758
6970,6335.8851295308905
6971,6337.2600660609469
6972,6339.1276348203628
6973,6340.0949277458494
6974,6341.1970416536305
6975,6341.9839598375938
6976,6342.5318327875111
6977,6344.9203577641301
6978,6345.178971757482
6979,6346.6243894911076
6980,6347.0247023832026
6981,6347.6798132986851
6982,6348.1410733331013
6983,6349.7395828527142
6984,6350.18476922643
6985,6351.2316693623816
6986,6352.167962516538
6987,6353.4440049315208
6988,6353.7167336260482
6989,6354.1834305261718
6990,6354.6731365811638
6991,6356.4625137222365
6992,6357.2327728353757
6993,6358.6222930012045
6994,6359.1623470106297
6995,6359.8502678577679
6996,6360.5274000626177
6997,6361.9773834801754
6998,6363.0615395608747
6999,6364.0263362540272
7000,6364.7785772754441
7001,6365.5848422184918
7002,6367.060146676703
7003,6367.5161084965339
7004,6368.3418576007389
7005,6370.1902808395907
7006,6370.4026332881704
7007,6373.1540921406458
7008,6373.6575718291542
7009,6374.4135037157912
7010,6374.9173945395323
7011,6375.6669430569054
7012,6376.2185656629481
7013,6376.915993224261
7014,6378.6494809330197
7015,6378.8962587468259
7016,6381.913771060912
7017,6382.080272356231
7018,6383.2432167251118
7019,6383.5220008535734
7020,6385.6761576192212
7021,6386.0467605631557
7022,6386.2948572362648
7023,6388.2510421084053
7024,6388.5977437895799
7025,6388.9607226395156
7026,6390.5550549444424
7027,6390.8511348520551
7028,6392.3621893010732
7029,6393.8814034807037
7030,6394.9003219008464
7031,6395.5973084736079
7032,6396.0228437559153
7033,6397.2103913796955
7034,6398.0760435835573
7035,6398.5721025194262
7036,6399.2259456941274
7037,6399.6137226958572
7038,6399.9920207891519
7039,6400.6176862232978
7040,6401.2384791488676
7041,6402.2135427960566
7042,6402.7144973278228
7043,6404.4811096830472
7044,6405.492449938386
7045,6406.5717031902186
7046,6408.3008550266841
7047,6408.6324510733202
7048,6409.2011002210866
7049,6410.1863572997408
7050,6411.3377695328427
7051,6411.5392356162956
7052,6413.7745857076534
7053,6414.2524135782405
7054,6414.9852916404543
7055,6415.1898087323398
7056,6416.0465326884168
7057,6416.7259052045692
7058,6417.484229703955
7059,6419.1063671894117
7060,6419.6334472571834
7061,6420.4673581822854
7062,6420.9169634419331
7063,6421.6227475996575
7064,6422.0068591305844
7065,6422.5984683853731
7066,6423.8209146995723
7067,6424.2600718774829
7068,6425.2608960166081
7069,6425.8131301539561
7070,6426.0196011932057
7071,6426.6797803284926
7072,6429.2865112943064
7073,6429.4867392604556
7074,6430.3275584555249
7075,6430.7405333028491
7076,6432.207544414624
7077,6432.4548500734436
7078,6433.9577803884304
7079,6435.3722303524883
7080,6436.265766881821
7081,6436.936202440299
7082,6437.6084316368351
7083,6438.0176729887808
7084,6439.0742983352466
7085,6439.688847765985
7086,6440.113156234117
7087,6440.6238580315394
7088,6442.121619690548
7089,6442.7487219570621
7090,6443.2719153590297
7091,6444.0701284168772
7092,6444.6452058599707
7093,6445.3701525539136
7094,6446.4513886031773
7095,6447.9653837666247
7096,6448.5998163686072
7097,6449.0405014094031
7098,6450.4945933571089
7099,6451.8659220641503
7100,6452.3995058608607
7101,6453.5094370474935
7102,6454.7014919193407
7103,6455.3728616646222
7104,6457.1363870818632
7105,6458.3562527639397
7106,6458.7002025767169
7107,6460.2530553732422
7108,6461.4072452576256
7109,6461.565725231856
7110,6462.4494939309416
7111,6463.1749183951133
7112,6464.2634899370441
7113,6464.906955713077
7114,6466.6116736177019
7115,6467.3637800623073
7116,6467.8915891561837
7117,6468.6956602901637
7118,6470.0719595745004
7119,6470.5510724835485
7120,6470.9431062422855
7121,6471.0056977340982
7122,6473.0781250708333
7123,6474.6739162474778
7124,6475.2753983219518
7125,6476.9071431713446
7126,6477.5880698477094
7127,6479.2655087984494
7128,6480.2279645455747
7129,6481.847076587982
7130,6482.2885092065953
7131,6482.8866829176122
7132,6485.2164623546596
7133,6486.0131279250809
7134,6486.9930053325688
7135,6487.2402966771151
7136,6488.1733773375909
7137,6489.2328364407049
7138,6489.7821855429647
7139,6490.7075361464185
7140,6491.7693349434403
7141,6492.3632123476209
7142,6493.1118662580075
7143,6493.8853871000074
7144,6494.8114960281582
7145,6496.3956502352921
7146,6496.560948593903
7147,6497.032367964769
7148,6497.1357738185379
7149,6497.9234776767462
7150,6498.3270773835256
7151,6499.1009294083724
7152,6499.9362230916722
7153,6501.6897983261142
7154,6501.7935214677209
7155,6502.1224460660851
7156,6503.151868232424
7157,6504.3513566896845
7158,6505.0605641279099
7159,6506.2632551955594
7160,6506.9561223922556
7161,6507.3252858989845
7162,6508.0066275082481
7163,6508.6508291061391
7164,6510.9640541105127
7165,6511.5006322509253
7166,6512.2196777674571
7167,6512.5570084980145
7168,6513.4564162656288
7169,6514.0183636052689
7170,6514.7121790397687
7171,6515.1908773769828
7172,6517.4389733014114
7173,6518.1972083796136
7174,6519.117741606553
7175,6520.2407056776447
7176,6521.4535346651619
7177,6522.4994277755941
7178,6523.469173233666
7179,6523.7913499431033
7180,6524.7301482978473
7181,6525.2120043407267
7182,6526.7306522788031
7183,6527.2819270495511
7184,6529.0208174181917
7185,6529.758384658061
7186,6532.3335652676496
7187,6532.7517076722479
7188,6534.15522917814
7189,6534.3572665479396
7190,6535.6821792646506
7191,6536.8848422701794
7192,6538.1793789222111
7193,6538.5877717459225
7194,6539.5942595493616
7195,6540.3914901957914
7196,6541.6818901904526
7197,6542.4505290648522
7198,6543.6334611374796
7199,6544.7658230246125
7200,6545.4738806683445
7201,6547.2287638875541
7202,6547.559613556853
7203,6547.9352528732425
7204,6548.469622294645
7205,6550.9343598057676
7206,6551.3910604165339
7207,6552.2191899113132
7208,6553.3260205208726
7209,6555.1393915135623
7210,6555.3981490168771
7211,6555.815410192261
7212,6556.1658065941701
7213,6558.7154284772914
7214,6559.6116288101193
7215,6559.8421049544759
7216,6561.6496827734391
7217,6561.754546113566
7218,6562.5147887982357
7219,6562.8277785674591
7220,6564.8924746073908
7221,6566.4780928306163
7222,6567.5616671504904
7223,6568.102995319723
7224,6568.613873196462
7225,6569.8171847000858
7226,6570.5840052716812
7227,6571.121370655499
7228,6571.5975810843101
7229,6572.2162484233495
7230,6573.8569276296257
7231,6574.976976411629
7232,6575.5483547407039
7233,6575.6208930307284
7234,6576.2052206360122
7235,6576.8864878278064
7236,6578.643736796711
7237,6578.9100065805633
7238,6580.0452343176421
7239,6580.688648843904
7240,6581.6585066854232
7241,6582.266890506743
7242,6583.8735964484395
7243,6584.2586270698584
7244,6585.0029956344779
7245,6585.3888852526416
7246,6586.6281243728336
7247,6587.3448045444675
7248,6588.149501655932
7249,6588.6346645232243
7250,6588.791913538741
7251,6589.4857016939241
7252,6590.9081811795941
7253,6592.3369325652593
7254,6593.2205037772528
7255,6593.6599605724277
7256,6596.1943095376473
7257,6596.4642667552316
7258,6598.3453726333655
7259,6600.5783818090504
7260,6601.3072942155832
7261,6602.5279944549529
7262,6602.9477449735814
7263,6604.0822759980783
7264,6604.3536404278275
7265,6606.2093932245052
7266,6606.7858370880494
7267,6607.2970431372569
7268,6607.8709812164361
7269,6608.7847075649797
7270,6609.3794259301721
7271,6609.8672831282465
7272,6610.1589868985548
7273,6612.1503387726634
7274,6613.3542467658153
7275,6613.5367099028681
7276,6615.2721272519557
7277,6617.5935613136307
7278,6617.8517606428413
7279,6621.0290902961769
7280,6621.8965341861358
7281,6622.787266340134
7282,6623.5957482652857
7283,6624.2236478797658
7284,6624.3815676679187
7285,6625.1534559521215
7286,6626.5959050997144
7287,6627.7501992912876
7288,6628.4006160743384
7289,6629.2327345228123
7290,6629.9921407756665
7291,6630.688675465145
7292,6631.904812743448
7293,6633.5561229921086
7294,6634.1104905977099
7295,6634.4598239522466
7296,6635.1307637041336
7297,6635.8151783920603
7298,6636.6770724540556
7299,6637.6690288908831
7300,6637.9415010653356
7301,6639.1299807599698
7302,6639.8808309158521
7303,6641.6200028241947
7304,6643.0993282033851
7305,6644.2023400413664
7306,6644.8093920914534
7307,6647.1993357190304
7308,6647.3705088667293
7309,6648.6702610260918
7310,6649.6228193122488
7311,6651.7944008062477
7312,6653.1607355355764
7313,6654.731717123721
7314,6655.6954050742252
7315,6655.9593336826929
7316,6656.6133553440204
7317,6657.4049634713438
7318,6658.6564058467757
7319,6660.8408758129381
7320,6662.5240306299529
7321,6664.4053554375614
7322,6664.8848177415393
7323,6666.6148397353636
7324,6667.8131373271817
7325,6668.7219588127818
7326,6669.0291532665169
7327,6669.7293780392565
7328,6671.6257908048829
7329,6672.1557279077251
7330,6673.4749855534028
7331,6674.0540009720307
7332,6674.6329326976957
7333,6675.7315255937656
7334,6676.7087726972131
7335,6677.2438812263244
7336,6678.5262595424711
7337,6679.8437718147952
7338,6680.3041546281256
7339,6681.0604630915441
7340,6682.4013556356649
7341,6685.3031267386023
7342,6686.7565039650563
7343,6687.8558004937067
7344,6688.3597999934682
7345,6689.0815920552805
7346,6691.1927780466767
7347,6693.141295348787
7348,6693.6000630822082
7349,6694.5335681574406
7350,6695.0858401222331
7351,6696.2662988004613
7352,6697.0504828107241
7353,6698.2100785331031
7354,6699.34023455239
7355,6700.0368701500765
7356,6700.945547623216
7357,6702.1571340951814
7358,6703.8483780566621
7359,6704.4164732841919
7360,6705.2085970584531
7361,6706.0743014730724
7362,6707.5305156593786
7363,6708.2507662367443
7364,6709.1858879873407
7365,6709.6961094422995
7366,6711.5088708625517
7367,6711.9604849936823
7368,6712.8325813972197
7369,6714.2022137610202
7370,6715.0509956403248
7371,6715.9025052193156
7372,6717.0300782668901
7373,6718.7524567819873
7374,6719.9059356448233
7375,6721.0540711091317
7376,6721.4040603694639
7377,6722.7681448665135
7378,6724.9493130288911
7379,6725.5524602651712
7380,6726.7715209690314
7381,6728.4447770371198
7382,6730.6231950678684
7383,6731.2858457755256
7384,6731.837900421644
7385,6734.7609872606681
7386,6735.2755329826377
7387,6737.1142114077529
7388,6737.8409977032334
7389,6738.1877723312709
7390,6739.5371694454407
7391,6741.6343253849209
7392,6742.3797559373761
7393,6743.1731468816643
7394,6744.2081227486169
7395,6744.9272261033811
7396,6745.5703176654724
7397,6746.9242342983698
7398,6748.0068448495877
7399,6748.9716449092321
7400,6749.9844436407484
7401,6750.7243950553948
7402,6751.9664774888688
7403,6753.3827620967477
7404,6754.6686431404914
7405,6757.2583597707026
7406,6758.9079212636498
7407,6759.5270441519751
7408,6760.1069624721204
7409,6760.2901849322798
7410,6760.8586122827301
7411,6762.134949514345
7412,6765.0812196176548
7413,6765.3379741532181
7414,6765.9395687784581
7415,6768.3475583144264
7416,6769.1518876038263
7417,6769.3998885089013
7418,6771.3431704592404
7419,6772.3916605449022
7420,6773.2672591700775
7421,6773.7619517072262
7422,6775.0709012776706
7423,6775.4647487615011
7424,6775.8050231335428
7425,6776.591217728791
7426,6778.0756088329026
7427,6779.4930890340693
7428,6780.2712402818215
7429,6781.8434163525853
7430,6782.2431015123238
7431,6783.8906544809743
7432,6784.8905768546592
7433,6785.9534823409194
7434,6788.5357617620348
7435,6789.6060825217901
7436,6790.8232626143799
7437,6792.3350942235329
7438,6793.0475231456012
7439,6795.4730799566642
7440,6795.9258063784018
7441,6797.3751677406717
7442,6798.4287218123736
7443,6799.0403570421331
7444,6800.3734581776016
7445,6800.9748270148248
7446,6802.6632559397731
7447,6803.3674870178584
7448,6805.3796007183491
7449,6805.8187179496672
7450,6808.3964008668963
7451,6809.1190703734646
7452,6810.273419799023
7453,6811.590446824066
7454,6812.7695342526922
7455,6813.7708578440734
7456,6814.1087141830094
7457,6814.4209485869605
7458,6816.8064586615856
7459,6817.793653380364
7460,6818.1941169821248
7461,6819.0995117248249
7462,6821.5691317849933
7463,6821.7202632931512
7464,6822.4096633538657
7465,6823.2822262378795
7466,6823.9294125148017
7467,6826.7391637253022
7468,6828.1870578634698
7469,6829.0221522031643
7470,6830.5068259773643
7471,6832.4235668986194
7472,6835.1006787228689
7473,6835.6532976693807
7474,6836.5390794306995
7475,6837.2853473373898
7476,6839.4090167454051
7477,6842.3398464008887
7478,6842.5194306184076
7479,6843.1620312033301
7480,6843.8991283375908
7481,6844.7018623623726
7482,6847.4648832056837
7483,6848.167999153231
7484,6849.253943992192
7485,6849.4985626378393
7486,6851.013632423017
7487,6851.6347542665944
7488,6852.8804443450672
7489,6853.7214312683018
7490,6854.2348934507982
7491,6856.0640223638457
7492,6857.1074839350404
7493,6857.6765995156829
7494,6858.3812981591027
7495,6859.7490677880523
7496,6860.2958023469764
7497,6861.4840079134892
7498,6863.5382539373113
7499,6864.2651909835067
7500,6865.2207937694047
7501,6866.4774200544589
7502,6866.7535040455969
7503,6868.6133496687653
7504,6870.1902006236742
7505,6872.0674056772159
7506,6872.7390379596063
7507,6874.0984694736562
7508,6875.1638139317738
7509,6878.4841296365375
7510,6879.8224957196708
7511,6880.6306973209103
7512,6881.576768569862
7513,6882.3744854184033
7514,6886.5636460454662
7515,6887.5579920805558
7516,6888.2253031155597
7517,6890.6637947499012
7518,6892.6615763935042
7519,6893.6755529072425
7520,6893.9471885954572
7521,6894.8378541217353
7522,6896.2618128582953
7523,6897.7253779917173
7524,6898.2927627075396
7525,6899.7953840418068
7526,6901.6054805736376
7527,6901.965988071729
7528,6903.7173028590769
7529,6905.0844755078915
7530,6906.3269127290096
7531,6906.720270111894
7532,6908.0895133995627
7533,6910.9347320756906
7534,6911.4644560850402
7535,6912.7471591593585
7536,6914.1629813461086
7537,6914.8672186956683
7538,6916.6012569710183
7539,6917.7747705019246
7540,6918.6972092327105
7541,6919.0350606428892
7542,6920.0295938521822
7543,6921.0283918942041
7544,6921.6423609831218
7545,6923.2552404610187
7546,6925.6751715083683
7547,6926.5665292758413
7548,6928.0001098539151
7549,6930.5314885634916
7550,6931.6109158837262
7551,6934.1063927512132
7552,6934.5129111885899
7553,6936.3246915262571
7554,6937.9658835513846
7555,6939.0369726493846
7556,6940.1152734879033
7557,6940.6840882364095
7558,6940.7867231880437
7559,6942.742139582293
7560,6943.5878662278537
7561,6944.1920227395667
7562,6945.1472244540701
7563,6947.096204848508
7564,6948.2812580250529
7565,6949.8654551825148
7566,6950.375521583258
7567,6951.2172178861647
7568,6951.8887753588824
7569,6952.9261795570073
7570,6954.2658286277619
7571,6956.0253507336429
7572,6957.260426152061
7573,6959.1053014693925
7574,6959.5926175825662
7575,6960.9013296484054
7576,6963.1250740662363
7577,6965.0804885057314
7578,6966.4664060560617
7579,6967.7777139809923
7580,6968.8334371853607
7581,6969.5320882529804
7582,6970.0961898049209
7583,6971.0311863572251
7584,6973.0321853341093
7585,6974.3987897016013
7586,6975.0823502765779
7587,6976.8956389362838
7588,6978.7201214559591
7589,6979.7888017863506
7590,6981.1160096101112
7591,6982.6349013182353
7592,6983.2814673682933
7593,6984.6297698386979
7594,6985.2251925362043
7595,6987.2374966957541
7596,6988.1959336512255
7597,6989.7106275520655
7598,6990.6692699610812
7599,6991.8154519489381
7600,6994.5401647337912
7601,6995.487970790643
7602,6995.6502111206819
7603,6997.007637486111
7604,6997.2971654673693
7605,7001.0586069378123
7606,7002.189602467929
7607,7003.0930700140198
7608,7004.1308676701128
7609,7004.6957534993035
7610,7005.9774097124373
7611,7008.1651822245849
7612,7009.4674822636334
7613,7010.9030194933894
7614,7013.170468395625
7615,7014.8177824595732
7616,7015.943987008769
7617,7016.3377686294389
7618,7016.8597141889968
7619,7017.5918431770897
7620,7021.5285610937708
7621,7022.8936414018117
7622,7023.033226721368
7623,7025.0033862063046
7624,7027.3766421189293
7625,7027.8366165569814
7626,7030.7572773750362
7627,7031.623198117165
7628,7032.8205561619698
7629,7035.3134244738803
7630,7035.8981451914706
7631,7037.0597995067565
7632,7037.7991676002248
7633,7037.9643590927508
7634,7039.8068545956085
7635,7041.4597591495003
7636,7042.3507588514012
7637,7044.4422866068526
7638,7044.9367028710758
7639,7046.0861988791003
7640,7049.0153823435394
7641,7049.806601798261
7642,7050.6421221765349
7643,7052.2462913958461
7644,7053.4906006550609
7645,7054.2570152318895
7646,7054.9640838514497
7647,7055.544802622976
7648,7057.7855428336643
7649,7058.9961826799345
7650,7061.1746344133262
7651,7063.4195500435289
7652,7064.3493049131193
7653,7065.4513480776113
7654,7066.5229987740449
7655,7068.931751279787
7656,7070.084826202934
7657,7070.7649073145058
7658,7072.5112945574192
7659,7072.6736280882087
7660,7073.7768497922198
7661,7074.0486567212129
7662,7076.050542085145
7663,7076.7075932036678
7664,7078.6395642498283
7665,7081.2581396392316
7666,7082.4188847384985
7667,7082.6982636849125
7668,7083.3121780519632
7669,7086.8262753397676
7670,7087.7822082178363
7671,7089.5789502767475
7672,7091.0228463951571
7673,7092.7540202527216
7674,7094.3927065348353
7675,7095.7785689287275
7676,7096.8130856835696
7677,7097.4113468380028
7678,7099.9224426161036
7679,7103.8655100312062
7680,7105.0618505104685
7681,7106.4730528420605
7682,7107.8801706593067
7683,7109.6303736262234
7684,7110.7430832911277
7685,7111.8629239202173
7686,7115.2635649122331
7687,7115.489538560033
7688,7116.5236241307748
7689,7118.606901269457
7690,7119.5747363870832
7691,7121.2747250174807
7692,7124.425490284475
7693,7125.4701774497444
7694,7126.1969529430362
7695,7128.2972473486743
7696,7129.6202082500258
7697,7129.9072501330547
7698,7130.6218964717191
7699,7131.2311454906003
7700,7132.0728171440333
7701,7132.1835630937858
7702,7134.782777913716
7703,7136.8048050339667
7704,7137.4210846450687
7705,7138.7436782535106
7706,7139.2575627924243
7707,7140.254234986237
7708,7141.101021019791
7709,7141.5567586350653
7710,7143.3258002856082
7711,7144.1433008766744
7712,7146.0183526794872
7713,7146.1081979236169
7714,7146.6134519089328
7715,7148.4756660193088
7716,7149.5568024557315
7717,7151.9133153311304
7718,7154.1669267104835
7719,7155.3271321756756
7720,7156.6763274673758
7721,7157.7936296307489
7722,7159.5971471554758
7723,7161.7819515043266
7724,7164.82211990004
7725,7165.4489012591948
7726,7167.6407521116471
7727,7168.0867967666254
7728,7168.8939803887843
7729,7169.6919903935586
7730,7170.2555991427726
7731,7172.0976426395528
7732,7174.4638784188419
7733,7176.2647691803249
7734,7176.9663370582812
7735,7178.6128677129018
7736,7179.2853401988414
7737,7180.57200862425
7738,7182.3362802574866
7739,7184.6169363349545
7740,7187.7578599732606
7741,7188.3796154490246
7742,7189.4013990939184
7743,7192.2498824691038
7744,7195.7355132660277
7745,7197.0476374195632
7746,7198.5512105538774
7747,7199.028134298369
7748,7200.5630587748255
7749,7201.2747065017338
7750,7203.8378093716265
7751,7205.5872318065922
7752,7206.5792167568361
7753,7207.9384022218137
7754,7209.137127847498
7755,7209.879132366681
7756,7211.5304883397157
7757,7212.823456880129
7758,7213.0118779803906
7759,7215.6146141025874
7760,7216.8640448327815
7761,7218.3915664604965
7762,7219.457527743949
7763,7220.8206479933733
7764,7222.6742526497655
7765,7223.3345221879927
7766,7223.7040034176598
7767,7225.2535418225489
7768,7226.652033430626
7769,7227.7916181508626
7770,7229.1725490458848
7771,7231.3939579054013
7772,7232.1406932004647
7773,7233.516865777864
7774,7234.239577033095
7775,7235.3687733002535
7776,7237.6768554817536
7777,7240.3053945040638
7778,7241.3866283980869
7779,7243.7563270255705
7780,7244.718425482044
7781,7246.5488414160718
7782,7247.8370086279065
7783,7250.0744417951018
7784,7250.8743091594697
7785,7254.4125517359025
7786,7255.7267600656969
7787,7257.6206615995543
7788,7260.0012317385626
7789,7260.7682843982038
7790,7262.6690159950722
7791,7264.0846802461801
7792,7265.6641125074693
7793,7266.3541409139634
7794,7267.8929137026935
7795,7270.9505534936343
7796,7272.0034191920731
7797,7272.392537299088
7798,7274.9451561799524
7799,7276.2098640692648
7800,7277.2407691143499
7801,7278.4724607327462
7802,7280.6086850621787
7803,7280.8212218999561
7804,7283.3640976658671
7805,7284.2121522733596
7806,7285.5580388148019
7807,7286.1309025811033
7808,7289.1461121546263
7809,7290.6323069875043
7810,7290.9380386946104
7811,7292.6185831025059
7812,7294.2624298045139
7813,7295.1934349413295
7814,7297.7121873464666
7815,7300.7893430034674
7816,7301.2688598192144
7817,7301.3933067544895
7818,7303.5277623491529
7819,7304.971658973951
7820,7306.7433210201598
7821,7309.1017470589295
7822,7310.7880860038522
7823,7314.5909483724117
7824,7315.7328430969101
7825,7316.3853000225317
7826,7317.4778720567383
7827,7317.6372080444216
7828,7318.9121685524178
7829,7320.5247340823298
7830,7321.6618705482215
7831,7323.0400206686409
7832,7325.4313333200234
7833,7326.266410727997
7834,7326.7561198590083
7835,7327.9228845843681
7836,7329.8361083166856
7837,7332.3090833349952
7838,7333.9744898448907
7839,7336.4769498758078
7840,7337.1931433806831
7841,7340.1159725446723
7842,7341.7090331706659
7843,7343.8623142716788
7844,7344.0675341924698
7845,7345.4575623270193
7846,7346.4842364161696
7847,7348.10890761678
7848,7349.1236495421126
7849,7350.5930655962247
7850,7351.5169396762094
7851,7352.9987045221096
7852,7355.4071382209459
7853,7356.6999828634243
7854,7357.1262882497122
7855,7358.1948400268975
7856,7359.3185689289048
7857,7360.08683009376
7858,7361.7333985012319
7859,7365.600915014541
7860,7367.3311015882991
7861,7368.0812296747981
7862,7369.1888975695101
7863,7371.9932987856328
7864,7373.002221647037
7865,7373.6938351300478
7866,7376.2170438340445
7867,7377.3910033903976
7868,7377.9907561014816
7869,7379.8715238361901
7870,7381.8011194496466
7871,7383.5919384149884
7872,7386.3937513070541
7873,7388.4558145087867
7874,7390.6685410846931
7875,7392.4071447973784
7876,7394.085043860885
7877,7395.9675279223547
7878,7396.0455301553111
7879,7396.4525169059589
7880,7397.9319805358309
7881,7402.2097615961238
7882,7403.0730609846123
7883,7407.1805759603558
7884,7408.1873626508404
7885,7409.6290426396172
7886,7411.2519615825386
7887,7412.6233947715737
7888,7413.5554646221954
7889,7414.2640568444758
7890,7416.0852748121115
7891,7417.9708022360073
7892,7419.8994010872811
7893,7420.9860363504577
7894,7421.4597563244388
7895,7422.9039291530253
7896,7424.3332010534587
7897,7425.0021113976536
7898,7426.5441185866912
7899,7428.5768449369762
7900,7430.4149365643552
7901,7431.1901528986791
7902,7432.6422695856299
7903,7434.4922881821012
7904,7435.046926013476
7905,7436.2849863772008
7906,7438.6943481970493
7907,7439.3369628769296
7908,7441.6655340080833
7909,7443.5274505864636
7910,7445.5011192675584
7911,7448.1255691336619
7912,7450.0045454997207
7913,7451.6219955456218
7914,7455.1406004750133
7915,7456.6907474183554
7916,7457.2491016435479
7917,7458.8409837366207
7918,7460.2145119372626
7919,7461.9271854417921
7920,7463.5048815752116
7921,7466.4776036673347
7922,7468.1069027239319
7923,7470.9847158474877
7924,7473.9667597961652
7925,7474.6821662854645
7926,7476.2076272485292
7927,7477.602272856393
7928,7478.5230178071924
7929,7480.5987170901535
7930,7481.324870476361
7931,7485.1829125353233
7932,7485.4783736706067
7933,7487.5508632622823
7934,7490.4425532846408
7935,7491.2601798489768
7936,7492.453134002476
7937,7494.9861849332538
7938,7497.6803134285874
7939,7497.9027528468241
7940,7500.766029666127
7941,7502.3368329083387
7942,7503.356539129858
7943,7503.8849262642489
7944,7507.1675999702475
7945,7507.5941112999353
7946,7508.3362818747901
7947,7509.6217930453049
7948,7510.6981966280018
7949,7511.1847954301238
7950,7513.2604614843049
7951,7514.5677121877497
7952,7515.5613990636984
7953,7517.0178650378302
7954,7519.0553391877565
7955,7521.7413731637835
7956,7522.3114315461853
7957,7522.7544411227691
7958,7525.1501474567731
7959,7526.0036970901647
7960,7527.0048501988185
7961,7529.1369080998475
7962,7530.5917871850133
7963,7535.3560463271415
7964,7536.544108518372
7965,7538.0381263335767
7966,7540.203519144372
7967,7542.7926810925137
7968,7543.5324249478081
7969,7545.6915875042741
7970,7546.1750724675121
7971,7548.3761498428448
7972,7549.5111414146786
7973,7550.8500229980691
7974,7552.9144863260353
7975,7554.9480682621606
7976,7556.0573928705453
7977,7556.4833665024498
7978,7558.3751102469168
7979,7560.2637164096604
7980,7560.9115243382594
7981,7561.9219208315935
7982,7566.1811588012115
7983,7567.3025447502287
7984,7568.5499701299286
7985,7569.8874548416825
7986,7571.1650322617306
7987,7576.7946668956338
7988,7577.5671509450267
7989,7580.2413801085868
7990,7580.9114359076948
7991,7582.2022581884694
7992,7583.8474277930409
7993,7584.9356616770201
7994,7587.5136469505987
7995,7588.588459285239
7996,7590.5653254645258
7997,7591.7489370263602
7998,7595.0065919843837
7999,7595.3425546454509
8000,7598.7995350424762
8001,7600.7154648635806
8002,7602.1949910899511
8003,7604.6474289618609
8004,7605.8483788089789
8005,7606.7758662395463
8006,7608.0861343378674
8007,7609.7816887721692
8008,7611.1685629411822
8009,7612.4257149852956
8010,7614.7830080291178
8011,7616.4052972410373
8012,7617.0496449975844
8013,7619.3950322173814
8014,7622.2647140217523
8015,7624.096941127299
8016,7625.0061125679904
8017,7625.9472722438104
8018,7627.7801480369098
8019,7629.5237406076203
8020,7632.2584540564376
8021,7634.8671271399007
8022,7636.9508493055273
8023,7638.2260535708801
8024,7639.0219127153705
8025,7642.5105119379286
8026,7643.8326348638329
8027,7646.1840340202461
8028,7648.3429200551027
8029,7651.4739365429305
8030,7652.1137649215125
8031,7653.128174861612
8032,7654.9001647345685
8033,7656.5927930790567
8034,7656.9992881332855
8035,7658.3215098651181
8036,7661.5451722436774
8037,7663.2653523427089
8038,7664.2247433079183
8039,7666.5519916678404
8040,7667.6683217328582
8041,7669.0758249312294
8042,7669.5253670245538
8043,7670.9877119192561
8044,7674.6659868237475
8045,7677.5709039718295
8046,7681.4631373289567
8047,7682.0937742066335
8048,7685.4582048081838
8049,7686.3848247486649
8050,7688.0838167578158
8051,7690.6566750275342
8052,7693.4897158294307
8053,7696.6857091144184
8054,7697.399426532962
8055,7699.0258759547742
8056,7700.7241670007261
8057,7701.3249205004404
8058,7702.1103305072675
8059,7703.4601332936254
8060,7704.4244093785665
8061,7705.0968958091999
8062,7706.5843853430451
8063,7709.704322950307
8064,7710.0642272085897
8065,7710.6973012133158
8066,7712.8584162986863
8067,7714.559431207249
8068,7716.7995890450038
8069,7718.0595472483974
8070,7718.819967224129
8071,7722.5812411486113
8072,7724.8470787130173
8073,7728.6031335183097
8074,7729.0077362346756
8075,7729.7449723194995
8076,7730.7898668704529
8077,7733.1902571838327
8078,7734.760359117593
8079,7736.7851472780221
8080,7738.2715708748583
8081,7739.5566532899393
8082,7743.4115100035642
8083,7745.9759593442013
8084,7747.139420696325
8085,7749.144512176571
8086,7750.6564463557361
8087,7751.8164124395016
8088,7752.4196522799775
8089,7753.4665913119288
8090,7756.6547891049076
8091,7758.2892208406111
8092,7759.0793334805567
8093,7761.4961990469365
8094,7764.9388994460951
8095,7766.4673949418848
8096,7768.7779363889649
8097,7770.6561014560039
8098,7771.7483721642466
8099,7772.5544968086024
8100,7776.1362679232107
8101,7778.0283366507074
8102,7780.4684247861696
8103,7783.0342433284923
8104,7784.8733734501957
8105,7786.1244171102226
8106,7786.8993747491213
8107,7790.9549396264329
8108,7794.8577663584119
8109,7795.3673942549876
8110,7797.5439735793216
8111,7799.4512861852281
8112,7800.3979000407271
8113,7801.473518240854
8114,7803.0669790810798
8115,7804.0520932188065
8116,7807.6586008236582
8117,7808.3246786281761
8118,7809.7884912834534
8119,7810.4133874435347
8120,7811.8256414491107
8121,7815.7883544089163
8122,7816.5024044827687
8123,7817.4335126476853
8124,7819.0424687319137
8125,7819.8676063012226
8126,7823.1296761837093
8127,7825.9109286233315
8128,7826.4765464052552
8129,7828.5245136472895
8130,7830.0355883616467
8131,7832.826816943978
8132,7834.4436947892746
8133,7835.7845206964039
8134,7838.977659725595
8135,7840.221478348325
8136,7846.1886246160129
8137,7847.0743354744927
8138,7847.5779230786957
8139,7850.4883979501647
8140,7851.0703264744025
8141,7854.6886829238829
8142,7856.8216893778681
8143,7858.5846379734166
8144,7860.864546665257
8145,7862.960244215903
8146,7864.6219297919288
8147,7867.3878670845806
8148,7869.7983225971666
8149,7869.9109796909706
8150,7872.608842361029
8151,7874.7669557969375
8152,7878.7721067058283
8153,7880.6663185628377
8154,7883.2317471178367
8155,7883.5644709973312
8156,7884.4964380086221
8157,7887.4496913200619
8158,7889.556644737143
8159,7891.793479876178
8160,7892.2275958703667
8161,7893.8731149367377
8162,7897.4040396921419
8163,7898.5610659504273
8164,7899.2810789815794
8165,7900.154403964485
8166,7900.3027330916921
8167,7902.0371397861627
8168,7904.1537734690555
8169,7908.3305082381812
8170,7909.5249368624263
8171,7911.5703556465487
8172,7913.3946534199513
8173,7914.6384949236708
8174,7915.5762453797297
8175,7917.9168756311728
8176,7920.8996740552502
8177,7922.7748629398939
8178,7925.9590105797843
8179,7929.4634188722112
8180,7930.0846953387327
8181,7931.8440661146215
8182,7934.1433626713006
8183,7934.8096869912415
8184,7935.9509382711312
8185,7937.5295148500118
8186,7940.82381755192
8187,7941.3728996477785
8188,7942.7850983674261
8189,7946.1129802082369
8190,7947.5503612756766
8191,7948.5305201014662
8192,7952.0481148991894
8193,7955.1144856043184
8194,7957.1432430461264
8195,7957.8063691282105
8196,7959.3483220254411
8197,7961.2967927623522
8198,7961.4768210407838
8199,7964.8871099952248
8200,7967.049993538667
8201,7968.609308514433
8202,7970.1576322907176
8203,7973.6294658925362
8204,7973.7142291112696
8205,7975.9954092382422
8206,7978.853824404966
8207,7983.0552716771499
8208,7984.996056811734
8209,7986.9181243328676
8210,7988.5068469615844
8211,7990.3414375359016
8212,7992.0582303226056
8213,7997.2470819290265
8214,7998.2957638895068
8215,7999.1160595151996
8216,7999.6572302462637
8217,8001.3662542071215
8218,8003.7777829681554
8219,8006.040508384468
8220,8008.106440565849
8221,8010.7570191171935
8222,8011.6613983142797
8223,8013.8178107094081
8224,8014.7298791951544
8225,8018.0700171114377
8226,8021.1608527392109
8227,8023.0461342433628
8228,8025.0731855496797
8229,8026.8418334155067
8230,8028.3398368149619
8231,8030.4462250489596
8232,8033.178312810739
8233,8035.0612381695573
8234,8036.8438306468979
8235,8039.6065850908344
8236,8042.3110909149445
8237,8044.028330455857
8238,8045.5127888074157
8239,8049.2604174231901
8240,8051.2080232132439
8241,8051.6459352919346
8242,8054.6283511268011
8243,8055.4359156874834
8244,8057.440759788301
8245,8059.2211922412416
8246,8061.9757941370926
8247,8063.8557822840494
8248,8067.5207048526354
8249,8068.9523137559554
8250,8073.2311817923555
8251,8078.4673253652654
8252,8078.8217216828671
8253,8080.2445284258138
8254,8084.4772074749708
8255,8087.0704781409286
8256,8089.446255337064
8257,8091.5281755016013
8258,8093.2519342304786
8259,8094.5702581661144
8260,8095.5903425061715
8261,8096.5429952821978
8262,8098.5356732070823
8263,8099.3708271369887
8264,8101.4986411742448
8265,8102.5531869106117
8266,8103.1032384999844
8267,8105.56101074453
8268,8106.6672812117376
8269,8109.7079039700966
8270,8111.1145424224842
8271,8113.438727882588
8272,8114.5910411314962
8273,8115.4563476480589
8274,8117.9289689006664
8275,8119.7946323646665
8276,8123.564173306635
8277,8123.6931453701091
8278,8124.8101160881542
8279,8128.2717672823846
8280,8129.8614302759543
8281,8132.6323800442688
8282,8134.3793511404328
8283,8136.4781554961673
8284,8137.7945829665514
8285,8141.4388326413291
8286,8146.0921322246268
8287,8147.600145174737
8288,8148.7801326359031
8289,8151.2533290067704
8290,8152.4579933040432
8291,8156.2458024700472
8292,8158.5453817063508
8293,8160.4279946178958
8294,8160.9443214787234
8295,8161.5069539913638
8296,8164.8451946246714
8297,8169.1264826376664
8298,8169.8475548960396
8299,8172.9638500602559
8300,8177.6980944004254
8301,8181.6980965318053
8302,8182.5914839005918
8303,8185.0965926141635
8304,8186.4198998435058
8305,8189.7868613054889
8306,8190.1179889287232
8307,8191.8610407493206
8308,8194.204040876486
8309,8194.6955721854374
8310,8197.7359851693145
8311,8198.7254066264813
8312,8202.16628642654
8313,8203.6150684466993
8314,8204.6585510504192
8315,8205.3912246608415
8316,8207.7115934792273
8317,8210.4628125908439
8318,8212.0952708348614
8319,8217.6183377049292
8320,8220.8458112582175
8321,8222.6320740695355
8322,8224.4000824128871
8323,8227.0933843619987
8324,8228.0742570064322
8325,8229.6566596402354
8326,8234.0694845137623
8327,8234.9497920661815
8328,8238.8603079707027
8329,8243.369698288323
8330,8244.3588663789778
8331,8247.7312782523986
8332,8248.3977075205767
8333,8250.8457997197875
8334,8252.3653377803366
8335,8254.4419580189406
8336,8256.6823972482816
8337,8257.406486885935
8338,8259.2132170730129
8339,8259.5452434727595
8340,8264.0672037031072
8341,8265.2273930013853
8342,8267.4066697845574
8343,8269.7883853757066
8344,8274.0655888888286
8345,8275.4429581910317
8346,8277.6143172797219
8347,8278.778510262382
8348,8282.90638387133
8349,8286.8755933223256
8350,8290.9128788019589
8351,8292.0355903116069
8352,8296.105423917581
8353,8297.4738538479469
8354,8299.3266196608165
8355,8299.5911411733123
8356,8300.0475535331952
8357,8304.7236671262708
8358,8306.6582002786854
8359,8307.6410875478759
8360,8309.4253967683944
8361,8311.1219969112371
8362,8312.5409758166552
8363,8314.317385137123
8364,8315.946196931578
8365,8316.9869347351232
8366,8319.6338203779196
8367,8319.8949186355476
8368,8325.5719413417846
8369,8328.0344351574513
8370,8330.5025013560007
8371,8335.313087484581
8372,8336.3537697667416
8373,8338.1036004947291
8374,8339.7779027899724
8375,8342.948060295801
8376,8343.78340641465
8377,8347.7541390007809
8378,8348.2183334242927
8379,8350.5689381730481
8380,8352.4650439103589
8381,8353.8502444874084
8382,8356.5818010636012
8383,8362.4502380687263
8384,8362.8773465404138
8385,8365.1931990879948
8386,8368.5720341853357
8387,8370.2297032413044
8388,8373.8831182303638
8389,8377.1760777528216
8390,8377.8033296454305
8391,8381.9727230756107
8392,8384.2496370073823
8393,8386.4899496856997
8394,8388.612946785046
8395,8392.3983505386295
8396,8393.7749146793194
8397,8394.2942502737369
8398,8398.4512021134105
8399,8400.0008956782622
8400,8401.3395681976472
8401,8402.828960254752
8402,8405.7614461210869
8403,8408.1615683579912
8404,8409.5932740913722
8405,8412.7440647180047
8406,8413.9981175976573
8407,8415.574258199209
8408,8417.3562251170406
8409,8418.776851969671
8410,8421.7761301086975
8411,8423.6052288236006
8412,8424.4371079488101
8413,8429.6034234417293
8414,8431.3581510142485
8415,8435.9378156772927
8416,8438.4333483603277
8417,8440.2830345431812
8418,8442.6391003053941
8419,8448.3255438810756
8420,8450.3278231983404
8421,8452.619894976362
8422,8454.7528491159446
8423,8455.2352363999198
8424,8456.16546085554
8425,8460.8132722202954
8426,8462.8809847438533
8427,8464.6744231893827
8428,8466.7510314033807
8429,8470.0242042391255
8430,8474.9198358222857
8431,8478.520789344906
8432,8481.8618666564998
8433,8485.6846426195716
8434,8486.6027922988178
8435,8490.6551398237771
8436,8492.9402963409193
8437,8495.483830438212
8438,8499.9313697682574
8439,8500.2109789296665
8440,8501.5442413679739
8441,8502.6153679089148
8442,8503.597525775649
8443,8504.7534444005014
8444,8507.280973270661
8445,8509.6917743125305
8446,8510.7933757701867
8447,8514.528050077146
8448,8515.3812672062759
8449,8519.8428084592779
8450,8520.7768235335479
8451,8523.4941706098889
8452,8526.8775273162901
8453,8527.6746075572792
8454,8529.1323825804502
8455,8531.9065942321395
8456,8533.7483371264098
8457,8536.1155461222606
8458,8540.8930529051959
8459,8541.6285114732
8460,8546.5212901504256
8461,8550.6625583977111
8462,8552.8281811862889
8463,8554.3396521808882
8464,8555.167198469715
8465,8556.2134847293983
8466,8560.6473695615114
8467,8560.9395903636523
8468,8563.9803477515106
8469,8565.561806963613
8470,8567.5990412317969
8471,8570.1248427787159
8472,8573.4473388124879
8473,8575.5058269148758
8474,8578.9889693516052
8475,8582.5409412398185
8476,8585.7584231899473
8477,8587.8281659844979
8478,8590.9538061630756
8479,8595.3724645956754
8480,8596.8449091931325
8481,8597.6497266702245
8482,8603.6213064106341
8483,8605.1935129621324
8484,8606.1027662951801
8485,8607.0454698534031
8486,8609.3145660306782
8487,8610.9755146785974
8488,8612.4571231503542
8489,8615.1912882477882
8490,8617.5765195387794
8491,8619.654868454285
8492,8623.1413175436155
8493,8626.7134994226708
8494,8632.6341996022802
8495,8633.7913388417328
8496,8636.3521044842109
8497,8639.5005577896954
8498,8642.0035175199791
8499,8643.2393041251926
8500,8647.3918364275996
8501,8653.1452829330919
8502,8655.2244007336612
8503,8658.8549411811782
8504,8659.464947940558
8505,8661.3967193365788
8506,8663.213142208373
8507,8666.8975026396329
8508,8668.3919716530127
8509,8670.6137685098402
8510,8677.0882863918432
8511,8677.340625212908
8512,8679.8127856172814
8513,8683.8227887325265
8514,8687.6816711170886
8515,8689.1592213849308
8516,8694.2774497061237
8517,8698.2298659462176
8518,8701.3967271815909
8519,8703.0606406959159
8520,8704.9140982638964
8521,8708.2188700328388
8522,8708.7629845704123
8523,8709.6212709369283
8524,8713.4705426048131
8525,8714.6141232494265
8526,8716.3628689055149
8527,8717.0610751310396
8528,8719.7764724259941
8529,8722.8148006719821
8530,8724.2574787105586
8531,8724.4653676826747
8532,8728.1460006729012
8533,8732.2031208209683
8534,8733.1108736661699
8535,8737.7300783783303
8536,8741.0226537909275
8537,8743.7271161130702
8538,8744.7423507829462
8539,8747.1681080433173
8540,8748.11937999578
8541,8748.7323543163566
8542,8756.73643732255
8543,8759.8564050692912
8544,8760.9185697329394
8545,8762.9554900970852
8546,8765.6882228781451
8547,8768.5746973806345
8548,8771.7719052671637
8549,8772.7869704818877
8550,8775.6877015547125
8551,8776.7964209291076
8552,8779.5050098779047
8553,8784.6988520743416
8554,8788.4728678295178
8555,8789.3959932953312
8556,8794.2822829778361
8557,8800.9309883301867
8558,8805.9558475328195
8559,8807.8643989727734
8560,8810.481248521226
8561,8811.690300596978
8562,8813.164181587028
8563,8814.826376532179
8564,8816.9724037032993
8565,8818.5486300650919
8566,8823.7997439020073
8567,8824.9228072852566
8568,8826.2841601321452
8569,8830.7390576930957
8570,8832.5323517061406
8571,8833.9549849787909
8572,8836.3216012714947
8573,8843.509185811612
8574,8844.1113676473342
8575,8845.5879784537192
8576,8850.3378463050594
8577,8854.5774168309708
8578,8858.1809956650959
8579,8860.5854869489558
8580,8861.9000901715317
8581,8865.8540250438091
8582,8867.5350265313991
8583,8872.7958945301471
8584,8875.1730297783397
8585,8876.9867169927275
8586,8882.1904661472399
8587,8885.4399260367463
8588,8889.9244059980247
8589,8891.0933976248434
8590,8896.3369114340385
8591,8899.3069745173816
8592,8900.7083787232023
8593,8903.2335938538527
8594,8905.381949333414
8595,8907.3857173330434
8596,8912.7209377812396
8597,8914.6471660347561
8598,8916.5212174107673
8599,8918.3153503229642
8600,8919.8432334922491
8601,8920.8848708064306
8602,8923.6472392505602
8603,8924.1410665281346
8604,8926.3952677281577
8605,8928.297280916262
8606,8933.6783460046499
8607,8933.9687194841517
8608,8938.9892781175859
8609,8940.5063369972813
8610,8942.0534755400822
8611,8945.5644774226275
8612,8946.4650233133725
8613,8954.2500953820545
8614,8955.7129418005352
8615,8958.3333661847064
8616,8962.7848115573997
8617,8965.864383374008
8618,8969.2817875388046
8619,8970.1365665141075
8620,8974.2489206539722
8621,8980.4861302277186
8622,8981.1689115586669
8623,8983.4542778121886
8624,8985.936789637879
8625,8992.6613030117005
8626,8993.2202483264573
8627,8996.8683889258646
8628,8997.4730488336372
8629,9001.4004437194344
8630,9002.3550124988105
8631,9007.2492059464348
8632,9012.3282617993827
8633,9013.9511544103079
8634,9021.9991939713636
8635,9022.685318864993
8636,9023.0086063598301
8637,9025.4878958764948
8638,9027.7671320119498
8639,9030.0856240703779
8640,9033.695564710275
8641,9036.8590947336343
8642,9040.4142074365009
8643,9042.3030960079159
8644,9046.2346333519563
8645,9051.4121409324725
8646,9052.7235749239171
8647,9057.7910523375976
8648,9058.7781069460998
8649,9062.368508464242
8650,9066.1243206193867
8651,9072.6494030537397
8652,9073.7742768318276
8653,9075.7925684945621
8654,9077.0925355848485
8655,9079.1643420660548
8656,9082.869733741376
8657,9084.9326051186927
8658,9086.4504926856553
8659,9094.0145801446524
8660,9095.7570092728238
8661,9098.0543249549701
8662,9103.9767417922612
8663,9108.9680976668496
8664,9110.535652687835
8665,9112.7656508999971
8666,9117.7310466601757
8667,9123.0957097872561
8668,9125.3469097588732
8669,9128.2858924563388
8670,9128.8353114416877
8671,9130.3785151563843
8672,9133.2302665921397
8673,9133.8764041385912
8674,9140.4623103797076
8675,9141.4275490191412
8676,9142.8185203738667
8677,9144.7094712891103
8678,9148.5988551427909
8679,9151.3359082907773
8680,9159.1870404723941
8681,9160.6990662671396
8682,9162.4898517585007
8683,9166.120050788064
8684,9167.5854976434512
8685,9168.3106240818997
8686,9169.5190814730613
8687,9179.8333378643201
8688,9180.2120028315385
8689,9182.9144598702642
8690,9184.605583026012
8691,9188.8594524236869
8692,9193.7969173750698
8693,9195.6073155377981
8694,9200.0577641719774
8695,9205.8034908376158
8696,9208.2346135558873
8697,9209.8827812926356
8698,9214.6876328243761
8699,9220.4795671119755
8700,9226.3761980783056
8701,9227.9027785338913
8702,9229.75787052142
8703,9233.9763621980492
8704,9234.6920978445742
8705,9235.8767589889903
8706,9239.2121633620172
8707,9243.7289453908998
8708,9246.4806003753874
8709,9246.9447173410954
8710,9250.3239487381506
8711,9251.9941557714883
8712,9256.16995338177
8713,9258.2829841512048
8714,9264.4137458048299
8715,9269.7111423426741
8716,9271.9072867511077
8717,9272.9664150643512
8718,9276.1884455797426
8719,9281.4645236972883
8720,9284.3111005574847
8721,9288.5923019234542
8722,9290.5094003704962
8723,9295.2713916241282
8724,9296.7831180270096
8725,9303.1141489611091
8726,9309.6132564227519
8727,9312.5380766933049
8728,9314.7883201458244
8729,9316.8587741868505
8730,9322.7830378866111
8731,9328.909075798374
8732,9334.8520315163078
8733,9338.677274964708
8734,9340.2628011901561
8735,9341.362163453874
8736,9341.8191788146996
8737,9344.112424960007
8738,9345.0223170205954
8739,9345.7665003093171
8740,9349.8307351331132
8741,9353.5010464628303
8742,9355.221620907354
8743,9358.8154019689155
8744,9361.8308446848041
8745,9367.1304342131752
8746,9368.9755451782057
8747,9372.3360395057025
8748,9375.1796726564735
8749,9384.1139209424819
8750,9386.169692359199
8751,9388.0972795084817
8752,9395.5835836303468
8753,9396.1101999056118
8754,9398.3650213435467
8755,9400.7592777065729
8756,9407.0113911751632
8757,9408.7083255495654
8758,9414.3090147724415
8759,9417.2705167771892
8760,9419.0110486329668
8761,9421.7845288723693
8762,9425.0120065231749
8763,9429.5387435312077
8764,9436.2030193312203
8765,9439.9678375883523
8766,9443.1518305605096
8767,9445.8422396483493
8768,9448.9818616477969
8769,9451.413543051478
8770,9454.9378387109191
8771,9456.7351176007069
8772,9457.9919731165901
8773,9461.1985475460151
8774,9462.352810109609
8775,9468.3169444739196
8776,9475.8601957216451
8777,9477.3795772962494
8778,9480.8179128963948
8779,9482.5720674352178
8780,9488.8353370552959
8781,9495.247918691166
8782,9496.7382253600372
8783,9500.5415891797002
8784,9504.9875516637931
8785,9506.1179011091554
8786,9513.5956075035556
8787,9515.7592189246316
8788,9521.3786809821613
8789,9525.958497300182
8790,9529.1690153183426
8791,9531.6362300637884
8792,9542.5603098356351
8793,9544.6108765924037
8794,9548.4720842141469
8795,9554.4255268403031
8796,9556.1485995912626
8797,9558.706046078416
8798,9558.9974148867041
8799,9561.2071839272012
8800,9563.0176386463118
8801,9568.9308327823364
8802,9569.7350326503674
8803,9571.7599759063432
8804,9577.5784303180462
8805,9582.7483860023167
8806,9585.2994246352318
8807,9590.2843059679344
8808,9594.0124401304911
8809,9596.925229061475
8810,9599.301706308921
8811,9603.2274427121811
8812,9607.5362952014839
8813,9611.1057073255397
8814,9612.0344846759781
8815,9615.6540754078105
8816,9618.8970557677676
8817,9622.987679262942
8818,9629.687568085099
8819,9633.1901202181398
8820,9634.4414728603642
8821,9641.0143795219992
8822,9643.9429496035264
8823,9647.3492497708976
8824,9651.2771115344913
8825,9652.1833252746801
8826,9664.0870908606485
8827,9665.2097502684046
8828,9666.4395747858543
8829,9666.7882224762961
8830,9672.4265546514634
8831,9677.1684477498038
8832,9678.2427362969411
8833,9682.1997218730266
8834,9685.0338842032488
8835,9689.5778107994083
8836,9695.309541450044
8837,9701.3044714938042
8838,9704.0899336870934
8839,9709.4775648799241
8840,9714.1538268772529
8841,9716.7300493366474
8842,9721.2916525713426
8843,9726.8591037505812
8844,9736.422427330499
8845,9738.3968430866826
8846,9744.1767408269625
8847,9745.316640375624
8848,9749.9346694994401
8849,9757.7831153398693
8850,9767.2056334877998
8851,9772.7103762712559
8852,9773.2047723992819
8853,9773.6613253897194
8854,9776.1486169439231
8855,9779.3443460598301
8856,9781.5679511269373
8857,9784.3438984062086
8858,9787.4803166617603
8859,9790.3210838231407
8860,9791.7537819573918
8861,9795.080702319643
8862,9798.1813814186808
8863,9801.0384128866717
8864,9808.597699035161
8865,9813.5092028132858
8866,9815.9612754618465
8867,9816.6824224956217
8868,9822.3369976857648
8869,9830.8421082274381
8870,9831.9024761555229
8871,9834.4536177031987
8872,9838.6260899982881
8873,9842.1210539586446
8874,9844.9583903292587
8875,9846.3175128638759
8876,9857.8358522515973
8877,9859.2234427425083
8878,9860.5522249994174
8879,9867.1373416857714
8880,9874.5637172609913
8881,9877.6697540079458
8882,9884.1944843954843
8883,9886.6461839924868
8884,9889.0295414112807
8885,9893.9711141220068
8886,9896.0825523548192
8887,9898.0341997623418
8888,9908.2622054821713
8889,9911.5287779599894
8890,9913.5476962722987
8891,9917.3202270757884
8892,9927.7861246974062
8893,9932.6904077516319
8894,9936.6806530602335
8895,9941.9830529784813
8896,9945.2553379117726
8897,9950.5349397712707
8898,9958.2423407184906
8899,9964.3977899215952
8900,9969.0377775646375
8901,9979.3179157825052
8902,9980.4411544737395
8903,9985.4700431402944
8904,9987.096008717901
8905,9994.4734701698744
8906,9996.4535162167085
8907,9997.48309628057
8908,9998.9045054148501
8909,10003.538630852754
8910,10006.347185107084
8911,10009.41715523337
8912,10012.680017889905
8913,10017.972136504504
8914,10019.769677477881
8915,10022.008426341234
8916,10027.204309292629
8917,10030.873033682888
8918,10034.980266133376
8919,10041.701791904319
8920,10046.18795290183
8921,10047.603725926296
8922,10052.130959274238
8923,10055.196386372592
8924,10059.996278799113
8925,10064.219826451355
8926,10066.539352373225
8927,10072.905122209804
8928,10079.414778588372
8929,10088.731228786201
8930,10093.954345661168
8931,10102.044839625152
8932,10105.746197329898
8933,10107.046632135527
8934,10111.147014489381
8935,10113.764302164476
8936,10116.531512240232
8937,10123.631588948972
8938,10127.965678480416
8939,10137.755471875411
8940,10139.895338606111
8941,10145.141768298688
8942,10149.536416176314
8943,10160.455285236983
8944,10165.408012924325
8945,10172.261502900594
8946,10177.679476278485
8947,10179.020014548147
8948,10188.047369453472
8949,10191.055326286947
8950,10196.518757661732
8951,10205.998850377633
8952,10209.845967200281
8953,10217.053556918887
8954,10217.415496473946
8955,10219.070481146939
8956,10220.325500479659
8957,10223.441525795763
8958,10226.532557677599
8959,10230.552748442404
8960,10233.299510763436
8961,10234.818481594762
8962,10244.120999868945
8963,10245.862589555649
8964,10251.603598470294
8965,10253.172221352008
8966,10254.22529491967
8967,10259.392268256175
8968,10265.039587078365
8969,10270.118625094079
8970,10276.903454538882
8971,10282.03502879794
8972,10284.233213132422
8973,10292.220773174124
8974,10305.758900743202
8975,10310.464127279065
8976,10314.966279517004
8977,10324.527250674279
8978,10329.855288365394
8979,10331.480802723638
8980,10334.409382602831
8981,10336.702445520656
8982,10348.160820644644
8983,10350.58957456817
8984,10353.238786963668
8985,10366.957760841948
8986,10369.83776967546
8987,10381.015470874449
8988,10383.878868670017
8989,10387.844925384845
8990,10391.57272409211
8991,10399.420993006066
8992,10406.83540792844
8993,10410.834940119685
8994,10413.45835183567
8995,10421.162955498883
8996,10429.090765108338
8997,10440.040545760688
8998,10444.618418958085
8999,10445.949640396224
9000,10448.480264517217
9001,10450.419476068364
9002,10453.782808034754
9003,10456.795745422043
9004,10458.733172324897
9005,10462.469092098621
9006,10465.068303437954
9007,10466.087015622257
9008,10472.813933308878
9009,10475.1416984402
9010,10484.174213339973
9011,10493.896407049348
9012,10498.887021523962
9013,10503.487764264875
9014,10511.829907113623
9015,10518.74974950678
9016,10524.981139818701
9017,10538.515286777314
9018,10545.193782282233
9019,10549.126186985015
9020,10556.319512448888
9021,10561.063406205923
9022,10563.727154757564
9023,10567.032376662573
9024,10572.004395963369
9025,10577.362925398311
9026,10589.99153901351
9027,10594.10093627294
9028,10600.724106655787
9029,10612.660230871801
9030,10616.218724143229
9031,10617.761229286942
9032,10623.692077575506
9033,10626.438006195644
9034,10636.504826929975
9035,10649.778864730873
9036,10661.39122764208
9037,10670.36847024543
9038,10671.177670489858
9039,10672.580780316279
9040,10673.686022353277
9041,10675.097354980786
9042,10677.741977488027
9043,10678.452142933716
9044,10682.663599287422
9045,10683.86004910699
9046,10689.950574485476
9047,10691.206606355679
9048,10703.720671959652
9049,10706.096835572373
9050,10723.971599032111
9051,10726.983318493045
9052,10732.665686124614
9053,10741.50010935661
9054,10755.576382547153
9055,10764.586372676671
9056,10772.552251895122
9057,10777.819172378004
9058,10787.054639294425
9059,10789.837179782993
9060,10794.05495986355
9061,10800.681063597838
9062,10803.653648583204
9063,10810.055777580312
9064,10815.048696841868
9065,10827.126815024958
9066,10834.851387938308
9067,10842.382973238524
9068,10848.19278163699
9069,10852.766722396194
9070,10860.651004669633
9071,10878.419863558705
9072,10884.407758220979
9073,10890.917953290871
9074,10898.047599821197
9075,10901.639104608244
9076,10903.475131480178
9077,10905.824144216871
9078,10906.27261663985
9079,10906.752542400292
9080,10910.685912336701
9081,10917.550814002834
9082,10923.488933721046
9083,10929.552325625245
9084,10940.482376534508
9085,10960.372217569487
9086,10963.123231238222
9087,10971.534456928408
9088,10983.65941067281
9089,10991.68249514184
9090,10997.667609956006
9091,11004.309453892183
9092,11019.278623589627
9093,11021.766457155161
9094,11025.01123350584
9095,11031.561558125546
9096,11035.680158716168
9097,11045.848605703388
9098,11049.785998031999
9099,11057.902596148926
9100,11068.240472617234
9101,11080.604077890694
9102,11094.581305964079
9103,11099.041331186094
9104,11108.209278819248
9105,11118.359356454759
9106,11126.226639191971
9107,11132.981284953607
9108,11135.055449327781
9109,11135.396097203946
9110,11136.548641220548
9111,11138.330951085944
9112,11145.188696970255
9113,11146.730796732676
9114,11159.4188243315
9115,11161.223134500015
9116,11193.854016120862
9117,11200.392186624516
9118,11209.138001225401
9119,11221.23653937878
9120,11228.625816794482
9121,11230.634945952186
9122,11250.092653845541
9123,11254.884342631536
9124,11256.409272510724
9125,11261.091773703989
9126,11267.407408087318
9127,11272.097829208516
9128,11296.609295777944
9129,11307.275638962994
9130,11314.159782176044
9131,11323.814113604902
9132,11330.757629376676
9133,11348.539146223951
9134,11349.695826805893
9135,11363.968237504432
9136,11365.633136839309
9137,11369.560042369139
9138,11372.815166984994
9139,11374.702062210466
9140,11378.241040350873
9141,11385.229008039672
9142,11414.391190856739
9143,11426.531058410857
9144,11435.01969981022
9145,11444.107329712728
9146,11451.784186061137
9147,11463.606655166686
9148,11479.503966527849
9149,11490.697006938914
9150,11492.153365174025
9151,11496.177872541637
9152,11501.381061372038
9153,11513.807420053934
9154,11529.448969036193
9155,11552.330313912535
9156,11557.437453878756
9157,11567.006394309705
9158,11579.517666654336
9159,11594.328165600615
9160,11598.738024569697
9161,11606.00382848972
9162,11608.701572615704
9163,11609.163708899481
9164,11615.178473562408
9165,11615.617257712202
9166,11661.739326889396
9167,11670.620160429755
9168,11679.062722546185
9169,11689.346506410548
9170,11697.420473264392
9171,11717.429960854794
9172,11728.252247755418
9173,11729.197140797252
9174,11731.419242858705
9175,11765.376074003205
9176,11779.487909793814
9177,11790.236786013749
9178,11794.836645214278
9179,11819.955079521971
9180,11826.427935687745
9181,11836.271257793635
9182,11844.39746822808
9183,11847.76269339759
9184,11850.970977043777
9185,11882.051736763326
9186,11899.837653221928
9187,11911.19428017696
9188,11923.32511820151
9189,11940.799833105195
9190,11956.659574724485
9191,11968.340144757845
9192,11972.694085606805
9193,11988.416191182485
9194,12008.612976466347
9195,12031.610283682321
9196,12050.293997124376
9197,12060.874446504913
9198,12078.121328639063
9199,12083.822956122731
9200,12091.166910817758
9201,12091.555175530906
9202,12143.436091609799
9203,12150.566023244737
9204,12170.223845001736
9205,12184.338230826064
9206,12204.830481297709
9207,12210.316811059014
9208,12252.309964004431
9209,12272.608695682304
9210,12277.210505088618
9211,12313.456933966152
9212,12323.794043186481
9213,12326.778800553357
9214,12363.42738325139
9215,12389.863660971783
9216,12412.51032801425
9217,12439.563243265264
9218,12454.487084547403
9219,12481.841255889532
9220,12508.397639460982
9221,12556.56706766864
9222,12565.574798958209
9223,12579.715736093416
9224,12637.466462140372
9225,12673.203193070523
9226,12694.080813290237
9227,12761.622084585908
9228,12791.037114264533
9229,12855.565379162097
9230,12925.272337211009
9231,13001.360938308804
