# Domain: gww2 (FD, convergence sweep, dense eig full spectrum)
# Resolution M = 113, dofs = 4884
# Computation time: 1.9575 s
# Eigenvalues stored: 4884 of 4884
n,lambda_n
1,2.5408925562477229
2,3.6574752446740284
3,5.1791657425074034
4,6.531523258177133
5,7.2473439257033405
6,9.1984954932403316
7,10.57890784072646
8,11.518262423484932
9,12.313134992420698
10,13.039473283923613
11,14.280260074331636
12,15.84943769600717
13,16.892848645277727
14,17.614353061602515
15,18.945690090911881
16,20.81607625365967
17,21.194203276397165
18,22.168384626944569
19,23.602431153815211
20,24.379886503237614
21,24.559004040991788
22,25.983956942398976
23,27.194150502361527
24,28.029491388699107
25,29.43738891170625
26,31.287486509480416
27,31.940146935040623
28,32.03476291492013
29,32.753260541143497
30,33.952522933313546
31,36.032928644870474
32,36.880739000278403
33,38.579722628431256
34,38.707388015532374
35,40.56635522886031
36,40.673744708504231
37,41.102578510635652
38,41.585947541330427
39,43.85102287516348
40,44.196143040254135
41,45.527921954976634
42,46.295158318696217
43,47.08147079408127
44,48.967090435379042
45,49.511337497896676
46,49.92176521220059
47,51.475239630800473
48,52.02045210988647
49,52.931508100986427
50,53.789134660717629
51,55.76288209486858
52,56.51533260925585
53,57.481294958968036
54,58.605621699294346
55,61.130875122771009
56,61.212959483945141
57,62.066038717385716
58,62.462795803695791
59,62.597209526922228
60,63.277654204231837
61,64.128408905545044
62,65.659060456227692
63,66.490290958442458
64,68.655231166762874
65,69.117443459227658
66,69.924035910976656
67,70.658797098281298
68,70.79327314307838
69,71.68291784899381
70,73.982543308244772
71,75.288437834074685
72,75.772231567681544
73,76.35321793769873
74,76.439384874614078
75,78.729159976911745
76,79.717452969327951
77,80.682999921621771
78,82.3403221857007
79,82.607199878547675
80,82.904666146852762
81,84.65542733628007
82,85.006008245587466
83,86.20847985952409
84,87.553843394683611
85,88.770258394320308
86,89.485947678098825
87,89.493390564946026
88,89.881604795956434
89,90.817016388727836
90,92.094703580062372
91,93.292141367892853
92,94.642754672707198
93,96.347117580965033
94,96.5512231369554
95,96.867090572147461
96,97.319976420851063
97,99.931609647191507
98,100.4885517016583
99,101.20353155283601
100,101.82139242329403
101,102.70022980033133
102,103.62844707106774
103,104.08766130724239
104,104.44496742631149
105,107.63679512178614
106,107.90676888965477
107,108.94101150128986
108,109.11295962071696
109,110.65199763720344
110,111.04497089980995
111,111.96790058614742
112,112.53179926802602
113,113.88971476682474
114,116.39764325508266
115,117.07357005840088
116,117.69879034724322
117,118.64038824401108
118,119.63751651540487
119,120.03179874363698
120,120.15145314608226
121,120.56614172695593
122,122.77786436895128
123,123.56585604543572
124,124.29375239148726
125,125.79495864576518
126,126.13990312106105
127,126.16619901831446
128,127.41294163768633
129,127.88957283852187
130,128.82163620018238
131,129.26295662616153
132,130.60191269465486
133,131.97451832273106
134,133.62238061585865
135,134.53273346399953
136,136.31002251722316
137,136.48440438906832
138,136.995817699257
139,137.14100214329281
140,138.17146629489125
141,139.19885812792756
142,139.65881068626558
143,141.96546045286766
144,143.04977105566067
145,143.50369705758283
146,145.22811429657597
147,145.61979607938682
148,146.48513512750051
149,147.8316097839664
150,148.43809648850771
151,148.76868512972931
152,149.72582856411657
153,151.49089949561923
154,152.60927193441097
155,153.20722075542801
156,154.19309339025531
157,154.46786539214369
158,154.70654826498898
159,156.18075240991848
160,156.68575418660197
161,157.49043644634054
162,157.98727434979227
163,159.245923682713
164,159.96539929683763
165,161.24516946863636
166,162.08769115904281
167,162.74538026521674
168,163.4730459331424
169,163.93154541817765
170,165.19158974624378
171,165.99320351292187
172,168.53171700312419
173,169.34432454130504
174,169.46315843316069
175,170.64187809054613
176,172.13480477374094
177,172.99156512273538
178,173.40943043027477
179,173.70537217920577
180,174.33356020760743
181,175.31520258681118
182,176.71856093339377
183,177.72929868109594
184,178.37746084950788
185,179.09886826842902
186,179.98754867603947
187,180.53124358637137
188,181.63892825798354
189,182.42931605105295
190,183.16964483872241
191,183.82045184711831
192,185.29068110009024
193,187.19716289151205
194,189.61500856839868
195,189.91280600834253
196,190.76592416795961
197,191.18033953698423
198,191.36050370794769
199,192.14086443403787
200,192.568485221749
201,192.80773872817412
202,193.27333254318316
203,194.44719117180603
204,194.93434567427695
205,196.7305576218636
206,197.82825833441584
207,198.60478928589004
208,200.62867351402605
209,200.65447543724045
210,201.2757857912946
211,201.74316361455774
212,203.2887976592944
213,204.37211776867264
214,204.5857543233725
215,204.72747903647704
216,205.69162105135615
217,207.46862248556155
218,208.05553731803067
219,209.86522114812638
220,211.04008009625943
221,211.47786242625847
222,212.90034448580238
223,213.05221037085474
224,213.12069719821264
225,213.54131764309366
226,214.40649197062586
227,214.717609242425
228,216.38320723475326
229,217.51292755946304
230,218.9591656330299
231,220.30903492520508
232,220.7288821724072
233,221.5102460686731
234,221.81317354910496
235,222.17965638143474
236,224.31227904104051
237,225.90634327450286
238,226.62898914665845
239,227.03311581014478
240,228.37579569154784
241,229.67294748043733
242,229.92728798614525
243,230.78145208505651
244,231.81777990243313
245,232.36674395864662
246,234.06247173015751
247,234.58976337882089
248,235.46870133540051
249,235.68143872286842
250,235.99825883697798
251,237.46316792285072
252,238.73669849870251
253,239.17515186453258
254,239.26050384471813
255,239.43987361903524
256,240.02171571925959
257,241.80045275427506
258,242.40504312678289
259,242.8498442294518
260,244.5224420664251
261,245.06130497046735
262,245.87853030644504
263,246.45443147674834
264,247.41387039307384
265,249.37505441473692
266,251.47064919744537
267,251.61899464905127
268,252.16824348517426
269,252.33515814768512
270,253.45505388407526
271,253.90101059889494
272,254.7160500275472
273,255.07544104107194
274,255.09571327802192
275,257.33956977067515
276,257.66889490090358
277,259.02421465049935
278,259.70159992256919
279,260.43719293069086
280,261.75867574241045
281,263.14602286286419
282,264.3674680010983
283,265.00012987897628
284,265.56547636658161
285,266.62152203597259
286,267.46953247519201
287,268.91755107868278
288,269.60178757026989
289,269.80635491026032
290,270.70476257100188
291,272.12265677835961
292,272.26307650553582
293,273.12849887281453
294,274.25910659209075
295,275.31333264065131
296,276.78078055716782
297,277.5257338180395
298,277.82728812291589
299,279.23561881727613
300,279.53705087998071
301,280.37881677117161
302,280.53043935347159
303,281.00441748724313
304,281.05708893144356
305,281.31483423633375
306,283.27256240431541
307,284.33539069057912
308,285.89783852531792
309,287.04382227751813
310,287.23770619404473
311,288.22780368680645
312,288.38556038129786
313,289.35883195390932
314,289.91538974757384
315,291.57924084342392
316,292.62997793495055
317,293.12877130037481
318,293.81436344126325
319,293.99287699096681
320,295.40136822181626
321,296.21213541096955
322,297.19273638574242
323,297.95985972489433
324,298.59331143674245
325,299.30865273595725
326,300.63142942986218
327,302.38023235617044
328,303.71434905535932
329,304.12755809940302
330,304.599597218702
331,305.00557362789374
332,305.74624129905993
333,306.64455807968415
334,307.54863909740641
335,308.01068866857048
336,308.37313918845609
337,309.5288344208488
338,310.55472847152731
339,311.60403427094911
340,312.01992484653346
341,312.57455608893434
342,313.88863344963698
343,315.4276574421707
344,316.06889257870074
345,316.80288509098358
346,317.59606784092688
347,317.65837293020252
348,319.3859657307886
349,320.0226569151302
350,321.2540940531627
351,322.09806901227927
352,322.38862732608652
353,324.17125543606556
354,324.40173859236927
355,325.08999495676881
356,326.20859508010864
357,326.60980993088293
358,327.59368108181451
359,328.60254317913387
360,329.2527428190399
361,329.56942588479831
362,329.73414313884507
363,331.14741517271284
364,332.79810037118443
365,333.37726525036896
366,334.9032608681099
367,335.45987805991251
368,335.90640565944011
369,336.75017609364363
370,336.95056877884656
371,337.03568029368176
372,339.01971553899716
373,339.3500795931127
374,341.18486818059523
375,341.76829948999091
376,342.01582917239472
377,343.04788870981099
378,343.08686967316845
379,344.26531106220187
380,344.96335614980751
381,345.70751878382458
382,346.01284572134819
383,347.96859668380654
384,349.19643782741025
385,349.87209953553804
386,350.44546841322745
387,350.56850798066978
388,351.23566291984633
389,351.73594135327789
390,353.36708177384111
391,354.00685040053179
392,354.66772588084604
393,355.04864315673257
394,355.91447325720156
395,356.4964491621584
396,358.76209864342968
397,359.02813367952291
398,360.54038755896499
399,361.56775733533834
400,361.95365399151711
401,363.55488787330233
402,364.05006157748602
403,364.39221385210334
404,365.55837306697674
405,365.72190001179325
406,366.22338132775133
407,366.85672593119648
408,367.52343415972615
409,367.90832058821871
410,369.40202263536196
411,370.79471296715406
412,371.61288772075159
413,373.17949242639816
414,373.76567290032875
415,374.6186784192775
416,374.99803769802935
417,375.62497272786885
418,376.44948295985478
419,378.7868579074285
420,380.30431021887313
421,380.54564335417774
422,380.83197827641789
423,381.09277256567361
424,382.5738435315692
425,382.91155261159639
426,383.30573932584554
427,383.67988618300831
428,384.32076043813441
429,385.23904866212143
430,385.24325750201803
431,386.35118239223442
432,386.62125212580594
433,387.91508799065923
434,388.2131211704708
435,388.48012995500835
436,389.3556508282341
437,390.11342737909717
438,392.18456945089326
439,393.07338742076496
440,393.64830379042712
441,394.14837002341511
442,394.6348942480011
443,396.10422413251655
444,396.14429009712728
445,397.97598305624911
446,398.61782453217603
447,399.57588816819646
448,400.16064904325094
449,400.45899021903614
450,400.78624051377813
451,401.45638095891854
452,403.24006841425444
453,404.4473301813137
454,404.5295086384661
455,406.28753904984956
456,406.56045288823918
457,407.00924911019837
458,407.42641762596088
459,409.79091644394964
460,409.96875428307618
461,410.27945699483155
462,412.42949151182665
463,413.56550005066742
464,413.92052805322521
465,414.12338146452424
466,414.31879634201573
467,414.8834587657978
468,415.60621926321375
469,415.97237370178783
470,417.35043013940316
471,417.48593371937159
472,419.92477628696656
473,420.35799473443433
474,421.25693097287848
475,422.89331809309141
476,423.81004178022152
477,423.87176481293011
478,425.03083056593528
479,425.45077356720617
480,425.89452951103937
481,426.61328889646592
482,427.80362203994099
483,428.27592079713384
484,429.56575349336185
485,430.77897365386485
486,431.37737947441462
487,431.64567326873168
488,432.29874199344817
489,433.34095117918957
490,433.61969434003203
491,434.44189944974761
492,434.48552151161135
493,435.7177259560662
494,436.41568137522972
495,437.31041216853208
496,437.94494341924445
497,439.17764038228268
498,439.85713049389943
499,439.95797868260831
500,441.20678510606422
501,441.82304234379245
502,442.14060460318046
503,443.5064003504794
504,444.66923253006155
505,444.82049932133617
506,445.26552404549142
507,446.59082551603558
508,447.27291428686107
509,447.65561630566049
510,448.12176404813732
511,448.97457872944807
512,449.52733212256612
513,449.92267970968072
514,452.07749189459287
515,452.98719366190716
516,453.49229572513957
517,453.80453472901905
518,454.06891139236274
519,454.56340035100447
520,457.37394961822156
521,457.76198772846294
522,458.5212690811764
523,460.79742127926147
524,461.4257869095556
525,461.92332338939264
526,462.15774411866971
527,463.01206923935382
528,463.87461327021248
529,464.60632173918623
530,465.38593385615013
531,465.76494985026869
532,466.78455692089085
533,467.20831601722909
534,467.73583887690967
535,468.08769457000693
536,468.50300432928964
537,468.88319615180779
538,469.3457579320588
539,470.16980682168042
540,471.09585489269648
541,472.30930455760688
542,474.01976011328395
543,474.85504149463156
544,475.85298250750111
545,476.41816808677322
546,477.49792628521857
547,478.12979875947383
548,478.62653902262576
549,479.34398205141201
550,480.00745211470542
551,480.32059448354926
552,481.29725295859123
553,482.35475342122481
554,483.08111814997937
555,484.37909670120774
556,484.60521201040513
557,486.17759187455943
558,487.71002225704467
559,487.89363043123336
560,488.7133633507658
561,489.36957920513123
562,490.03297928340504
563,490.18478145515775
564,490.59310371088407
565,491.51150630401168
566,492.77640729774669
567,492.78756155560876
568,493.24766287677312
569,494.85794502709155
570,495.59005109512498
571,495.93178492168573
572,495.98181670168265
573,496.65820103419304
574,497.39849312006442
575,497.41412217745608
576,498.13500329368952
577,498.89702017981199
578,501.0942965478709
579,502.23955994161417
580,502.44877795852813
581,503.34780081237199
582,503.96040214707961
583,504.21358814945097
584,505.11712808669665
585,505.64015039582529
586,507.95268876379885
587,509.09390536137289
588,509.65999122602182
589,510.67082494642705
590,511.53084875109283
591,511.54112672427624
592,512.6187809783703
593,513.21849243267138
594,513.58484777089279
595,514.1685759852013
596,514.53739667760624
597,515.45905045595521
598,517.40076683530083
599,517.90136628026653
600,517.91076632960562
601,518.1320967445713
602,518.79971632605987
603,518.99585502947241
604,519.85773324674528
605,521.33929358695889
606,521.8431128621944
607,522.41991328240613
608,522.99091320336481
609,524.07595285061029
610,524.70479907580159
611,525.0299722637476
612,525.76192473988658
613,526.68693472636312
614,528.98434910646165
615,529.82336003651449
616,530.60653444303784
617,531.17106111032842
618,531.32560781239908
619,532.02730540015045
620,532.62036726756253
621,533.07480269066286
622,533.84679554460581
623,535.44378803562347
624,535.78761738192622
625,536.31325714731588
626,537.12807872037536
627,537.92969797402952
628,539.34153343620108
629,539.88256475863852
630,540.57435167154097
631,541.19593195107677
632,542.20333520083318
633,544.0576166582897
634,545.4610315450235
635,546.05344134780933
636,546.81986046155691
637,547.09043718289865
638,547.22547433352759
639,547.84730723341136
640,548.3786413892708
641,548.67910261652412
642,549.54170609501102
643,549.68463184490815
644,550.20526175907503
645,550.64275002173326
646,552.05691116691298
647,552.29616519677893
648,552.8313222926098
649,553.39697271309683
650,554.6066172275805
651,555.11207545008449
652,557.24443268188361
653,557.53086532864722
654,558.2514693048272
655,558.53839688989831
656,559.35542400189252
657,560.10613512182374
658,560.29878757698054
659,561.02530075091579
660,561.39533808606427
661,562.29724698647544
662,563.80277547727349
663,564.29676914492711
664,565.98153049749101
665,566.85248627614988
666,567.14243015152783
667,567.41586958023299
668,568.31625214427436
669,568.72742879513544
670,569.00412863764677
671,569.17331872123361
672,569.90007954944997
673,570.8995985677459
674,572.10765020098779
675,574.01047856480034
676,574.58693486313564
677,575.20716516367327
678,575.51811759466955
679,576.13945428960403
680,576.61318426065009
681,576.86925812315246
682,578.3535038064515
683,579.08075785534822
684,579.59670044071743
685,580.0143601482971
686,582.25570710646934
687,582.43259691010223
688,582.64741240043259
689,583.2150010811356
690,583.87942977648731
691,584.21645561636194
692,585.15613137214882
693,586.15080212332862
694,586.5675819812285
695,587.43311009166155
696,588.23294358068551
697,588.36792070108322
698,589.92506209795056
699,590.48139948765174
700,590.94468884304649
701,591.8547092229669
702,593.14693585481086
703,594.66472017129047
704,595.29205153283317
705,595.59974463165361
706,596.49406790901298
707,597.10712294796281
708,598.23759581649836
709,598.31480507192464
710,601.1179050248295
711,601.95937258478602
712,603.373896331688
713,604.47193186754089
714,604.59319737931173
715,604.88696857804769
716,605.13278592867141
717,605.24926833932079
718,605.57113643939249
719,605.62870186649479
720,605.64185127366693
721,605.97238302125913
722,606.42180381017135
723,606.97359812772902
724,607.76243117819035
725,608.12094130460287
726,609.79438348387737
727,610.67838069588868
728,610.82756768673414
729,611.32255613373241
730,611.36868751344707
731,613.00984476054782
732,613.39217446084774
733,614.4320282246224
734,615.00262306010995
735,615.44915391903885
736,615.87269175578137
737,618.07390731033524
738,619.01892205604668
739,619.10639610504347
740,619.83521170881806
741,620.43237955978668
742,621.76533148528961
743,622.76328309096778
744,622.78323989455419
745,623.7207712105793
746,623.84715428178799
747,624.7873394186895
748,625.25571380911538
749,625.59685105564836
750,626.71776367430766
751,627.54750748277752
752,628.7630683904631
753,629.21353456369707
754,631.14076459325747
755,631.60797990465551
756,631.77942991325892
757,632.31745536923302
758,633.27903455184639
759,633.90337918266448
760,634.55827154585916
761,634.86263496783727
762,635.27720783002837
763,636.47235730786463
764,636.86262180927827
765,637.58427916850906
766,637.94333172181405
767,639.80753545002335
768,640.41551323537362
769,640.89225253938264
770,641.35158987507282
771,641.81561220848505
772,642.28265730945532
773,642.45951187988612
774,643.22166525346222
775,643.83503530640064
776,644.94269525048173
777,645.50751711563146
778,646.66184191778518
779,648.09795962760313
780,648.64716160794569
781,649.57587227882368
782,650.29258714331195
783,651.63716190911589
784,652.04061846384843
785,652.66515327055242
786,654.61729323144687
787,655.0036032576669
788,655.49039454862793
789,656.37915696145797
790,656.90440366529583
791,657.089780818593
792,657.22831895034699
793,658.1091411081959
794,659.90000054593747
795,660.63724697302655
796,660.94600986474597
797,661.4073546059542
798,662.29703972788184
799,662.32528097879913
800,663.5062043429275
801,663.67361599905735
802,663.97436397235856
803,664.25125849686344
804,664.71201322042646
805,664.84370861816194
806,664.97860868677378
807,665.82117240759101
808,667.03508711602672
809,668.11411070158044
810,668.80321968423345
811,669.4383747858036
812,669.8041626835419
813,670.30650525342901
814,672.07696234900618
815,672.22485151221144
816,672.4369635016875
817,673.14768705478355
818,673.84350825313379
819,674.23487447497462
820,675.97894022569005
821,677.92559089254382
822,678.15347697949915
823,678.37431972821742
824,679.19781071248542
825,679.79541401314907
826,680.25947796230662
827,680.5716587706039
828,681.5913259679528
829,681.87238039559895
830,682.35936084485445
831,683.0768671850567
832,683.79934652683028
833,684.47072056077923
834,685.20306311257991
835,685.7733818666876
836,686.01574576394705
837,687.60657363204405
838,687.83680920651659
839,688.66584778721301
840,690.18265744622386
841,691.54229482725566
842,691.84480917391204
843,692.94747112408083
844,693.73032904770707
845,694.1417990689398
846,694.37141384653796
847,694.73399262719261
848,695.36354752971363
849,696.72467805346025
850,696.81205037207587
851,697.00003050014777
852,698.07147595015238
853,699.41974259972812
854,699.77588375730193
855,700.45892638562395
856,701.48070125210052
857,701.49766406111485
858,702.01544137522774
859,702.25497952052478
860,703.16947705845041
861,704.54532305970042
862,705.31958934836211
863,705.46941206284487
864,706.30594590107478
865,706.54043696501128
866,707.33335917218062
867,708.74504816250851
868,709.58816685443276
869,710.19372370979511
870,710.51432483861629
871,711.26468238483722
872,712.02401424118887
873,712.25664480737169
874,713.50805515537866
875,713.97951469894065
876,715.00541204211527
877,716.44976014190593
878,716.55906222542774
879,716.82247833722795
880,717.41565603397851
881,719.05902867569944
882,719.95083797391919
883,720.25015443745133
884,720.56968852043315
885,720.72850851176304
886,720.8015020112523
887,722.42686534747691
888,722.9929390973316
889,723.18937072402366
890,723.45141783541226
891,723.99072335210269
892,724.46599604918231
893,725.05511372908745
894,725.89119605058966
895,726.46084023942547
896,727.45608069125501
897,728.74512564471479
898,729.12248378231311
899,729.53206272470811
900,730.93472575317685
901,731.84713894323318
902,731.97315232892117
903,732.19249129037826
904,732.46115126365476
905,732.91425170735226
906,733.95641534716685
907,734.27222470816901
908,735.56681477834127
909,735.88662703066404
910,736.41654582684396
911,737.61931936150404
912,738.09085983069406
913,738.92590485367043
914,739.31929582456701
915,739.85393502804675
916,740.64906899967025
917,741.00432663872346
918,742.24664345598148
919,742.62212527577617
920,744.09300799180369
921,744.20192271330302
922,744.63702777084336
923,745.3910488602055
924,745.77361439378296
925,747.26402587190421
926,747.89736081882268
927,749.39766419789328
928,750.1477133697847
929,750.53156252431722
930,751.17923224487606
931,751.80604507035605
932,753.31383460934262
933,753.9402748156142
934,754.22212340262536
935,755.01406690557496
936,755.40325803311327
937,755.67518858400956
938,756.11425836633794
939,756.39341471362729
940,757.10329163058134
941,758.04982240408788
942,758.64493915607648
943,758.97044047797647
944,759.07933323616589
945,759.92606641778298
946,760.58405997233979
947,760.92940539989502
948,761.11995149214204
949,762.10122520177765
950,762.5584640466991
951,763.05983721065604
952,763.30939581800328
953,764.21058566746694
954,765.08157205564032
955,766.10540467227781
956,767.67924643636786
957,768.69260469341032
958,769.27848052250658
959,769.52503315664251
960,770.8111549111527
961,771.17728078523851
962,771.35772656831944
963,771.69288147414215
964,773.01586083457801
965,774.39980679945688
966,775.01852530430858
967,775.42514844307254
968,775.98910260864795
969,776.49263632729424
970,777.24627884083998
971,777.76218357055927
972,778.04367246231095
973,779.23269661377162
974,779.94351526342973
975,780.11860744068827
976,781.30040236585683
977,782.58752687827553
978,782.81165815504926
979,783.13151598082595
980,783.56114084535852
981,783.82467157544795
982,784.088283480207
983,784.58553113242363
984,784.92658609106638
985,785.74857802752308
986,786.12081293732547
987,786.93859266180016
988,787.8363479544621
989,788.75438963173201
990,789.12608060482205
991,789.70708017325217
992,790.19567854839954
993,791.32377218251099
994,791.46942637425752
995,791.87467773114145
996,792.83326771047007
997,793.58846062661178
998,793.97004231130893
999,795.3154482238009
1000,795.46125105568683
1001,796.83329873576133
1002,797.28147315338651
1003,797.94118420295615
1004,798.370713403472
1005,798.77257347486045
1006,799.00454105746314
1007,800.07957578282821
1008,800.64743564315859
1009,801.77813280764803
1010,802.1576921748798
1011,803.27794795565239
1012,803.71529542282781
1013,804.56825282119632
1014,804.83173442678913
1015,805.44740421846927
1016,806.9180806863784
1017,807.69430336184269
1018,809.01995162891421
1019,809.93717294715361
1020,810.34188562778797
1021,810.70040580923126
1022,811.20412182755194
1023,811.58328581554599
1024,811.91642409254223
1025,812.78613755678782
1026,813.41195341501896
1027,813.93071900826862
1028,814.01288941595737
1029,814.61826478477849
1030,814.67041306982162
1031,815.0502769173396
1032,815.58461684313522
1033,815.90219264360246
1034,816.32580946591725
1035,816.9353436716699
1036,817.56211103367787
1037,818.75671284304815
1038,819.59310628628737
1039,820.2604977717366
1040,820.74223892316672
1041,820.77424965164278
1042,821.42630565523814
1043,821.92153101434064
1044,823.1257698458304
1045,823.2978997224044
1046,824.17607816160205
1047,825.2138738881506
1048,825.78338003273916
1049,827.05232729443685
1050,827.99558303454376
1051,828.67305698696578
1052,828.9183316612615
1053,830.01071398375541
1054,830.41770413917584
1055,831.11100485455393
1056,832.66527921987836
1057,833.67337433537386
1058,834.31204616966056
1059,834.68645020410497
1060,834.96369012963817
1061,835.28962319613595
1062,835.7786029329892
1063,836.16541110352466
1064,837.44425411456632
1065,838.07167087848484
1066,838.65334915778112
1067,838.97885555647474
1068,839.55422885624944
1069,839.56580269445317
1070,841.01239393202309
1071,841.53680121270781
1072,842.42012530508157
1073,842.43394558607167
1074,842.59201727928792
1075,843.0632962848083
1076,843.30329023187312
1077,843.4669510515663
1078,843.61004787283946
1079,845.14375308206036
1080,845.64382332643925
1081,846.72196741017956
1082,847.94950020531928
1083,848.07614177763458
1084,848.55513770836194
1085,849.09911066732457
1086,850.67057373167131
1087,850.68443312592399
1088,851.32493259378816
1089,851.99120867916952
1090,852.49061361169549
1091,853.14608672995109
1092,853.18504906297278
1093,854.62575062274266
1094,854.75355655426608
1095,855.68692335588423
1096,855.85755872818856
1097,856.66108615526537
1098,856.86634190793063
1099,857.83590869622242
1100,859.46900429909465
1101,859.63454081720261
1102,860.08584831532937
1103,861.25051483139168
1104,861.68761707927138
1105,862.64704467075137
1106,862.93030217449575
1107,863.94312939880126
1108,864.5693179344413
1109,865.09857841985058
1110,865.2566908998723
1111,865.93296546145234
1112,866.11286220206944
1113,866.32600311533588
1114,867.95953676261615
1115,868.64223905993845
1116,869.13154773826648
1117,869.8492197325819
1118,870.00539442797503
1119,871.05579887843294
1120,871.70846934865551
1121,871.86290811994866
1122,872.33895591810551
1123,873.0775178309724
1124,873.10650778675245
1125,874.03653393391005
1126,874.24055221580534
1127,874.48616689814685
1128,875.07554401818174
1129,875.49891315114428
1130,875.9163906077714
1131,876.66708606923874
1132,878.59773272885934
1133,878.70606203907801
1134,879.09107234756345
1135,879.6265452280046
1136,879.77982953842456
1137,879.95724567483205
1138,880.41654405304553
1139,881.611817017813
1140,881.70112725536808
1141,882.20899052682421
1142,882.75031863870333
1143,884.31795807292463
1144,885.84116727948992
1145,886.15835256842445
1146,887.0649129220119
1147,888.23993288066595
1148,888.34678612501955
1149,889.18341317694683
1150,889.61445357825176
1151,890.10539882820342
1152,891.85398348897115
1153,892.80025941044244
1154,893.21355595252248
1155,893.40726146317184
1156,894.04822393434154
1157,894.28822411346619
1158,894.40781390853044
1159,894.63446285240354
1160,895.38041785519249
1161,895.86700544237965
1162,896.46534046920874
1163,897.30937128072537
1164,898.0740544151588
1165,899.05755250312109
1166,899.18809012547763
1167,900.30483705816721
1168,900.4725210206044
1169,901.14251720655739
1170,901.648952337737
1171,901.66446337341608
1172,901.70651776484158
1173,902.04749235476129
1174,902.51929265817535
1175,903.81607533872523
1176,904.47818722497084
1177,905.41430748177515
1178,905.84054385945524
1179,906.47597751296712
1180,906.8400115803139
1181,907.24025926392642
1182,907.30558165732714
1183,909.08766065889358
1184,909.93110183087367
1185,910.4282746080147
1186,910.81821816639433
1187,911.56819962830082
1188,912.06142331423018
1189,912.80733649399951
1190,913.44735561550624
1191,914.18070686563453
1192,914.84067404732616
1193,915.18692317071282
1194,915.75588455956699
1195,916.25685293592494
1196,916.75891263990798
1197,918.19514845083745
1198,919.11350295808882
1199,919.54288663477428
1200,919.57837954289766
1201,920.16504018663113
1202,920.32473711863088
1203,921.00420728338565
1204,921.33352970746012
1205,921.45816093213693
1206,921.81065782448945
1207,922.49986842519559
1208,923.12546051157619
1209,923.6116032907081
1210,924.00601996411388
1211,925.01284145434693
1212,925.41465581861792
1213,926.26749602803466
1214,927.85724581160446
1215,928.80267778469954
1216,929.14980435708651
1217,929.63283410990482
1218,929.7065146647227
1219,930.25015100355211
1220,930.26613565291734
1221,931.04009522518459
1222,932.07902540917928
1223,932.84338844972649
1224,933.0773609647722
1225,933.57852071212494
1226,933.86283964682752
1227,934.16464963807732
1228,934.61612792348035
1229,935.11047382785853
1230,935.36417879621376
1231,936.11389696778269
1232,936.55303023015097
1233,938.08160524169989
1234,938.36047320779733
1235,938.37682825795571
1236,939.08209896709877
1237,939.99199440921939
1238,940.21213445116064
1239,940.91613400703568
1240,941.51873471347346
1241,942.35998135250452
1242,943.67867335022788
1243,944.36664866841113
1244,944.4879649387085
1245,945.34293264402618
1246,946.97266654140356
1247,947.0528306474863
1248,948.00712095876759
1249,948.42272805502
1250,948.44994635235605
1251,948.65618024918138
1252,950.25507954617774
1253,951.24243243971523
1254,951.75994760926267
1255,952.0691380991567
1256,952.34538681772369
1257,953.0792292970666
1258,953.35867620689794
1259,953.6549632679189
1260,954.11183366221678
1261,955.00270528621456
1262,955.11244896851565
1263,956.68989743566488
1264,956.82621031130282
1265,958.15946309866592
1266,958.40309687714705
1267,958.49173147015642
1268,958.8990128149668
1269,959.16967624297683
1270,959.72520874489578
1271,960.00441351271365
1272,960.05217987070762
1273,960.78137405071402
1274,960.95758776741741
1275,961.57285919466199
1276,962.39925730844868
1277,963.57074618691479
1278,964.21706519282895
1279,964.5225480015531
1280,964.79654978258009
1281,965.02304093688099
1282,965.4846227826406
1283,966.28015570900914
1284,968.34249678184528
1285,968.62041304421325
1286,968.89850577658751
1287,969.80708887928222
1288,970.92652843206656
1289,971.93864193713489
1290,972.10557818791438
1291,972.42962392502375
1292,972.56600619608048
1293,973.13495268516954
1294,973.67731040282422
1295,974.52082194544516
1296,974.85571041214394
1297,976.08802025374371
1298,976.42428927961134
1299,976.63122906994965
1300,976.73538168489722
1301,977.4801465831066
1302,977.86441938552991
1303,978.22681985195015
1304,978.43681558620187
1305,978.52602475758158
1306,979.45756682262549
1307,980.48803044332033
1308,980.61303019519801
1309,981.27455874667987
1310,981.52868804453885
1311,981.9704021654486
1312,982.50858208075613
1313,983.96896160955407
1314,985.1504125785666
1315,985.89462104440793
1316,986.14666893332969
1317,986.26047334457382
1318,986.7417810764963
1319,986.98444704924816
1320,987.72160852567799
1321,988.24803207654986
1322,989.22989973274866
1323,989.48114240458324
1324,990.32873883588979
1325,990.58014954852501
1326,991.2502045550184
1327,991.50629354347768
1328,991.93530207589424
1329,993.07784639849308
1330,993.1553997139672
1331,993.39959425979964
1332,993.7632778717026
1333,993.98610947086195
1334,994.66137576937001
1335,995.55296825792516
1336,995.69572560276617
1337,996.97246314762174
1338,997.16485404218975
1339,998.22691566876381
1340,998.73747766465067
1341,999.217181209199
1342,999.96936811922171
1343,1000.4195638760532
1344,1000.5384214380591
1345,1001.4063450081802
1346,1001.7098759670299
1347,1003.6879408935273
1348,1004.0824382670312
1349,1004.5084304849722
1350,1004.932038599666
1351,1005.5464369659981
1352,1005.6505657207716
1353,1006.374098881251
1354,1007.0416479577151
1355,1007.6718763553083
1356,1008.4465605249121
1357,1008.9655624066896
1358,1009.0892826213048
1359,1009.9658371926307
1360,1011.6526440435025
1361,1012.3227188932619
1362,1012.5657539248709
1363,1012.8299766055272
1364,1013.6229558943201
1365,1013.8378797115741
1366,1014.138149067843
1367,1014.4474056769486
1368,1014.4900926486279
1369,1014.6249927172386
1370,1015.0374989000803
1371,1016.2394492826448
1372,1016.8063244101114
1373,1017.0357612199857
1374,1017.2446749208302
1375,1017.6610471062017
1376,1017.9424585313103
1377,1018.9480741030203
1378,1019.5715269225384
1379,1020.3426316105463
1380,1020.3810128025204
1381,1020.9238121729903
1382,1021.35330981774
1383,1021.8712355426795
1384,1022.2285446384805
1385,1023.1222566380214
1386,1024.2213697132386
1387,1024.5439667687472
1388,1025.5757792186134
1389,1026.2112690123345
1390,1026.749809038394
1391,1027.7628254620258
1392,1028.481885062944
1393,1028.8795538898341
1394,1029.5394932645054
1395,1030.106222132054
1396,1031.1887784962344
1397,1031.6446306766888
1398,1032.1790013035024
1399,1032.3264615185617
1400,1032.8318099554233
1401,1033.085725322326
1402,1033.5375567134217
1403,1033.7220630192933
1404,1034.1171045912452
1405,1034.3564918055217
1406,1034.7409723673218
1407,1035.138609217867
1408,1035.5863812223795
1409,1036.0941133327628
1410,1036.3034494599922
1411,1037.0162447207056
1412,1037.5805226341163
1413,1038.1377340946162
1414,1038.8533732974104
1415,1039.8359101133849
1416,1040.7436947962085
1417,1040.9270901709783
1418,1040.9882429554639
1419,1041.453381602533
1420,1041.8798149886147
1421,1042.4263494731547
1422,1043.4529683946971
1423,1043.5826530586544
1424,1044.133945431611
1425,1044.8191435014605
1426,1045.4928849088355
1427,1046.0262392254199
1428,1046.7046246903894
1429,1047.4803650838126
1430,1047.5245678230015
1431,1048.0329713060521
1432,1048.6432477892561
1433,1049.1034298356083
1434,1049.4955510225891
1435,1050.9520711121465
1436,1051.1440480915858
1437,1051.1865308142965
1438,1051.481073931461
1439,1052.1821928627235
1440,1052.5507634140604
1441,1053.4837506565354
1442,1053.9783014054678
1443,1054.7001056134809
1444,1054.906576663946
1445,1055.3173851176634
1446,1056.0416349986922
1447,1056.5629253396951
1448,1057.2040629161163
1449,1057.7075216693845
1450,1058.3467545288802
1451,1059.2719080834645
1452,1060.1607088690841
1453,1060.806657634203
1454,1061.4033902016986
1455,1061.7181134281172
1456,1061.7747391702421
1457,1062.495316125
1458,1062.712503652702
1459,1063.7661801529468
1460,1063.9292238442824
1461,1064.8029504684771
1462,1064.9744938601539
1463,1065.3467848168023
1464,1066.1252508454429
1465,1066.7855667071392
1466,1067.4414385318485
1467,1067.9810766976425
1468,1068.1000138219511
1469,1069.2311382560265
1470,1069.3607441965253
1471,1070.0844577937585
1472,1070.7517900123826
1473,1071.2202309935783
1474,1071.7424294236562
1475,1072.126568408376
1476,1072.5012056995624
1477,1072.8357547544924
1478,1072.903145081993
1479,1073.4633049342194
1480,1073.839999468905
1481,1073.997404725706
1482,1073.9988194602358
1483,1074.772737761406
1484,1075.0122449781313
1485,1075.4811567160009
1486,1076.0406445240783
1487,1076.3530436081026
1488,1077.5431335557478
1489,1078.5066558356125
1490,1079.2638408679404
1491,1079.8043944916994
1492,1080.096509542688
1493,1080.7928398274578
1494,1081.2615949455155
1495,1081.6727813702939
1496,1082.3852195027889
1497,1082.7694636447206
1498,1083.2772797057733
1499,1083.9976793082319
1500,1084.4579225123418
1501,1085.9038761716113
1502,1086.9404312649779
1503,1087.2905305402428
1504,1087.7270257645703
1505,1088.3490654849918
1506,1089.2259203334922
1507,1090.0478582096566
1508,1090.258478277181
1509,1090.3264638146729
1510,1090.5746495223989
1511,1090.7296890515286
1512,1091.1472705303597
1513,1091.8023227791887
1514,1091.9428995694075
1515,1092.4902673503707
1516,1092.8638482506988
1517,1093.2223426572393
1518,1093.4786649656476
1519,1093.7477377918312
1520,1094.0967913425548
1521,1094.310770282025
1522,1094.353615969532
1523,1094.882483031651
1524,1095.7551273123429
1525,1096.7701601162214
1526,1097.1411482596686
1527,1098.133314085349
1528,1098.8776442418739
1529,1099.0440482283591
1530,1099.5492187124773
1531,1100.2460165112402
1532,1100.3659822272327
1533,1100.6436133939037
1534,1100.8566720934107
1535,1101.8499023434065
1536,1102.1325893212929
1537,1102.5476959675038
1538,1103.1119404733888
1539,1104.0554416953046
1540,1104.6321807124509
1541,1104.7539692649088
1542,1105.1913263062672
1543,1106.0313049541996
1544,1107.0402643795396
1545,1107.4781576005332
1546,1108.2468992296606
1547,1108.6735689815844
1548,1108.725717266632
1549,1109.2056011018542
1550,1109.8576094975172
1551,1110.29591467674
1552,1110.6295737717653
1553,1110.7264590091056
1554,1111.648102007322
1555,1112.0574920077834
1556,1112.2283541190184
1557,1112.9786894548049
1558,1113.4396249990168
1559,1114.3291894352876
1560,1114.3915225532285
1561,1116.0155127403698
1562,1116.2667557217846
1563,1117.084726237619
1564,1118.1471227654583
1565,1118.2973278127986
1566,1118.8096821817101
1567,1118.9710670024533
1568,1119.362566213578
1569,1119.3757156207505
1570,1119.4054700626712
1571,1119.4772312955097
1572,1120.4749546919593
1573,1120.884497386447
1574,1121.7261062802604
1575,1122.0738722012727
1576,1122.4562315526691
1577,1122.701507205536
1578,1123.6221737523906
1579,1124.0618798771727
1580,1125.1446518118964
1581,1125.2624261392862
1582,1126.0458561883709
1583,1126.445675927816
1584,1126.7437091076274
1585,1126.8947209428234
1586,1127.4891568663011
1587,1127.9808910056272
1588,1128.4920022926178
1589,1128.88382644185
1590,1129.5201014131628
1591,1129.5898992938985
1592,1130.1219187972231
1593,1130.481026556045
1594,1131.0787193049964
1595,1131.3499878101954
1596,1131.7002226496763
1597,1131.9255139523555
1598,1132.2432270018719
1599,1133.4983264737587
1600,1134.1934966440654
1601,1134.9641594694569
1602,1135.1357099601651
1603,1135.6950846239083
1604,1136.4779017770529
1605,1136.8977520932021
1606,1137.3799671874167
1607,1138.1292541403445
1608,1138.7827660888863
1609,1138.9895781561956
1610,1139.0403779553644
1611,1140.3196456712635
1612,1140.4355555555221
1613,1141.3453165152571
1614,1141.6350459097873
1615,1142.7050441971746
1616,1143.2059074925669
1617,1143.7889045447039
1618,1144.2950419066326
1619,1144.922988565804
1620,1146.523145194263
1621,1146.9144587287399
1622,1147.2403532597828
1623,1147.5327064118078
1624,1147.7726432741513
1625,1147.9221841016538
1626,1148.0905588619012
1627,1148.4034416177624
1628,1148.4565568437329
1629,1148.6114774745038
1630,1148.9876073480798
1631,1149.8564665557324
1632,1149.9446958031954
1633,1150.4526324026506
1634,1150.8098585536454
1635,1151.1159804171998
1636,1151.7576540948285
1637,1152.2383342380226
1638,1152.4327925814857
1639,1152.6539694016817
1640,1153.189461352963
1641,1153.3722476106454
1642,1153.9759034005558
1643,1154.7441537589666
1644,1155.0042102303328
1645,1155.8704736096504
1646,1156.0165216565338
1647,1156.4236536986216
1648,1156.5349827303676
1649,1157.4553547784928
1650,1157.9871787161505
1651,1158.8024272346822
1652,1159.9882696582558
1653,1160.2088040494473
1654,1160.8877219391111
1655,1161.1453627005114
1656,1162.1239135764124
1657,1162.5834708040618
1658,1163.102556572147
1659,1163.1886812387775
1660,1163.4345185226821
1661,1163.9141087733728
1662,1164.2646488152484
1663,1165.3641598136558
1664,1165.5529548513894
1665,1165.8565416281892
1666,1166.0453735507401
1667,1166.6468905203731
1668,1167.034458634605
1669,1167.4454776282732
1670,1167.6184788714297
1671,1167.9275746111241
1672,1167.940724018297
1673,1169.1932189043926
1674,1169.3700457508444
1675,1170.1311931077248
1676,1170.2904685404164
1677,1170.7713205453256
1678,1171.0867430230946
1679,1171.9505638874568
1680,1172.2088219005127
1681,1172.8642045265965
1682,1173.4792108022896
1683,1174.52712157169
1684,1175.1202834856988
1685,1175.3087175051751
1686,1176.2549880252918
1687,1176.4710067162853
1688,1177.4449334064809
1689,1177.70822831944
1690,1177.7778148091077
1691,1177.7789431537171
1692,1177.83433573461
1693,1178.7367942296626
1694,1179.1361213698253
1695,1179.3152102081747
1696,1179.7911795615291
1697,1180.0667341300807
1698,1180.5689550584163
1699,1181.1695012152327
1700,1182.217223744236
1701,1182.6747724572151
1702,1183.003827468656
1703,1183.1998204672216
1704,1183.4683861162873
1705,1183.9298780885761
1706,1184.2207106442838
1707,1184.5750597370252
1708,1184.8992733677192
1709,1185.4167389801451
1710,1186.3776701981594
1711,1187.4388080817973
1712,1187.5545865537438
1713,1187.7641949577605
1714,1188.2778726811928
1715,1188.7937890525709
1716,1189.2160194086359
1717,1189.4357220519969
1718,1189.758002416354
1719,1190.3585120377022
1720,1190.6182503185419
1721,1190.9652709355878
1722,1191.7007864671596
1723,1191.8690934945434
1724,1192.7013314447872
1725,1193.7346685090913
1726,1194.4314832997766
1727,1194.9153697555919
1728,1195.2041394687153
1729,1195.4722488969821
1730,1196.3376571926012
1731,1196.8415424729692
1732,1197.3652936106482
1733,1197.8909359620111
1734,1198.5710509947899
1735,1198.6949706494236
1736,1199.6045386541216
1737,1200.1426341885372
1738,1200.5211367004827
1739,1201.0553628285579
1740,1201.391860756275
1741,1202.0067705115439
1742,1202.8099446895876
1743,1202.8314330934427
1744,1203.0581907341182
1745,1203.8554019350977
1746,1203.9165217933073
1747,1204.5815300540814
1748,1205.1504139593646
1749,1205.6594925580621
1750,1206.1319010158825
1751,1206.6506770733508
1752,1206.8961969621278
1753,1207.1371908533195
1754,1207.1914001597258
1755,1207.5817485177517
1756,1208.0263852080475
1757,1208.2874503717537
1758,1209.1547991137736
1759,1209.5669832342189
1760,1209.6313549265349
1761,1209.7104230573609
1762,1210.0973184517493
1763,1210.6824723908032
1764,1211.3151590170062
1765,1211.9294158179227
1766,1212.0617426816793
1767,1212.4083908463131
1768,1212.796575090907
1769,1213.1660546107983
1770,1213.4632907629684
1771,1213.4920578751276
1772,1213.59819083158
1773,1214.671138064695
1774,1214.9039429893246
1775,1215.9493369569734
1776,1216.7889745246914
1777,1216.9681661017812
1778,1217.2758529348025
1779,1217.5690037138056
1780,1217.8745699885708
1781,1218.7127605694332
1782,1219.2032764099222
1783,1219.5812625560679
1784,1219.6750499988043
1785,1219.8473067830089
1786,1220.4704281029617
1787,1220.8444336570187
1788,1220.8760362270998
1789,1220.9579485447771
1790,1221.6767436872797
1791,1222.1691428159229
1792,1222.5918217941062
1793,1223.3342992428727
1794,1223.8044085290242
1795,1224.3056818111361
1796,1224.4512572749009
1797,1224.8683298443029
1798,1226.0702722242265
1799,1226.2732367169881
1800,1226.3439515512646
1801,1226.860779927526
1802,1226.9567161474624
1803,1227.9169189720931
1804,1228.5234797427761
1805,1229.2432479395086
1806,1229.4880991992522
1807,1229.9941706330926
1808,1230.5261918560625
1809,1230.6941099016481
1810,1230.8047413169181
1811,1231.2135372139044
1812,1233.0903027055899
1813,1233.9068177741151
1814,1234.4623728588467
1815,1234.4783194986962
1816,1234.5800595049323
1817,1234.971438203841
1818,1235.1419894225194
1819,1235.7361685173439
1820,1235.969114988098
1821,1236.282434299548
1822,1236.4623835560151
1823,1236.5505128250504
1824,1236.7419219611988
1825,1237.1250951963427
1826,1237.4853020390553
1827,1237.8837935182601
1828,1238.4961936334666
1829,1238.57964064609
1830,1239.1089862734777
1831,1239.7620936968967
1832,1240.2099374906256
1833,1240.9925706695394
1834,1241.2043693925402
1835,1241.6652016408016
1836,1241.8949457652047
1837,1242.342587674983
1838,1242.7720553568874
1839,1243.5172042185529
1840,1243.9419026830476
1841,1245.0268018856586
1842,1245.0703434189984
1843,1245.2764418740937
1844,1245.4054236548282
1845,1246.735516535394
1846,1246.891790544574
1847,1247.1541563382682
1848,1248.3511453323513
1849,1248.6430666907438
1850,1250.117246205928
1851,1250.1562430532992
1852,1250.3538587797516
1853,1251.0496739775083
1854,1251.3731166914631
1855,1251.9194309696004
1856,1252.1816939998312
1857,1252.481530190855
1858,1252.5490339473195
1859,1252.6332594111727
1860,1253.2123477994458
1861,1253.3603406561326
1862,1253.6367236826925
1863,1254.4219502280557
1864,1254.6620705013142
1865,1254.9313473908264
1866,1255.1798768837493
1867,1255.4675463456854
1868,1255.6586595551846
1869,1256.4413542667655
1870,1256.744285786712
1871,1257.1840448710864
1872,1257.7823852633289
1873,1257.9851051244057
1874,1258.6691886932774
1875,1259.449170694448
1876,1259.9184567040929
1877,1260.2567602717006
1878,1260.8715601504839
1879,1262.0377087364686
1880,1262.4276357081073
1881,1262.7169041598534
1882,1263.0398024492345
1883,1263.7189585701333
1884,1264.651632942685
1885,1264.9760917319309
1886,1265.1197036703295
1887,1265.5404183862859
1888,1265.7577889040372
1889,1265.9015048853519
1890,1265.9895854313422
1891,1266.1196975738765
1892,1266.629355542819
1893,1266.7594782843416
1894,1267.4383686061453
1895,1267.7527329463915
1896,1268.0107423674178
1897,1268.2856054126378
1898,1268.5542432843829
1899,1269.1371223801957
1900,1269.1892706652416
1901,1269.4174800312687
1902,1269.9063073763443
1903,1270.2297616060359
1904,1270.6312259541876
1905,1271.4658779097354
1906,1271.8089528688336
1907,1272.2018036869295
1908,1272.3466749936147
1909,1272.6178496214077
1910,1272.8131975832466
1911,1272.8280670595911
1912,1273.4886813543587
1913,1273.6002175302015
1914,1274.4400729933329
1915,1274.7527837958808
1916,1275.0520807020669
1917,1275.2856714978034
1918,1275.4122552035374
1919,1275.7624814954534
1920,1276.8563904937321
1921,1277.2456995299005
1922,1277.60650394289
1923,1277.8927639590408
1924,1278.6198119889525
1925,1279.951594036696
1926,1279.9974681365898
1927,1280.6966378690913
1928,1280.7440295985036
1929,1281.1178974014178
1930,1281.3904308640863
1931,1282.2683475848519
1932,1282.3226154892143
1933,1282.6682629084587
1934,1283.0273812563937
1935,1283.4450504516637
1936,1283.5364466013887
1937,1283.8193320303417
1938,1283.9244934227197
1939,1284.6856431471397
1940,1284.8023024466056
1941,1285.2469287485262
1942,1285.6479470766531
1943,1286.1509816345365
1944,1286.5197875778526
1945,1286.9090419113268
1946,1288.0394266234609
1947,1288.4456452489223
1948,1289.0070011791713
1949,1289.5917295992253
1950,1290.4803744950291
1951,1290.5625180375034
1952,1290.7869165545596
1953,1291.8068271125981
1954,1292.1861108996145
1955,1292.3126149981429
1956,1292.5918934639774
1957,1293.2674023730151
1958,1293.4131045271913
1959,1293.5672981678442
1960,1293.5901228366213
1961,1294.2254438333803
1962,1294.2688757405429
1963,1294.6145276539992
1964,1295.431900625066
1965,1295.5195204971506
1966,1296.224696588936
1967,1296.46846102878
1968,1296.7705988221039
1969,1297.2925018280109
1970,1297.7131558192343
1971,1297.774754000591
1972,1298.0172463427002
1973,1298.6367230589815
1974,1299.0912402276685
1975,1299.1118363209612
1976,1299.2195804348812
1977,1299.6914937065753
1978,1299.9299497810896
1979,1300.0314601089981
1980,1300.6068820015462
1981,1300.9894409796816
1982,1301.5653008795384
1983,1301.606586727431
1984,1301.7774892804207
1985,1302.458999926896
1986,1302.6801694104522
1987,1302.8747972049425
1988,1303.4062000805548
1989,1304.0379275314219
1990,1304.3670087471307
1991,1305.1760855282839
1992,1305.4804026278523
1993,1306.1315727186045
1994,1306.7959578173025
1995,1307.6175149250635
1996,1307.7039066583902
1997,1308.4991773037716
1998,1308.8423863801568
1999,1309.4200782585372
2000,1309.6002161769084
2001,1310.0816702089855
2002,1310.2253496209635
2003,1310.8636140064289
2004,1311.2483491709716
2005,1311.5840349331534
2006,1311.8028100289196
2007,1312.1771468868208
2008,1312.2541374251382
2009,1312.7856044413429
2010,1313.3728158018703
2011,1313.8449939772963
2012,1313.8524557759988
2013,1313.9216979551697
2014,1314.0043216610497
2015,1314.1654553812712
2016,1315.1417156898638
2017,1315.8098277415854
2018,1316.0819818711386
2019,1316.5699359917787
2020,1316.7282616494163
2021,1317.2134220053522
2022,1317.7021307777443
2023,1317.8801101979484
2024,1319.1431102793717
2025,1319.3795395279335
2026,1319.923600900104
2027,1320.1121117017005
2028,1320.4694330345908
2029,1320.8268995597271
2030,1321.2539632875505
2031,1321.6977449956771
2032,1322.7327853044603
2033,1323.2163506510979
2034,1324.1790111189355
2035,1324.7294353993977
2036,1325.0516906805281
2037,1325.1627058173094
2038,1325.1982687638013
2039,1325.4674646418596
2040,1325.9302752346589
2041,1326.0051460543839
2042,1326.2624780997946
2043,1326.3817657153663
2044,1326.7158143772051
2045,1327.1615761960293
2046,1327.2704983838751
2047,1327.4197346961564
2048,1327.7332341254196
2049,1327.8369263882021
2050,1328.1520584531333
2051,1328.2808662026623
2052,1328.3851619388058
2053,1328.4042774169097
2054,1328.5630974082392
2055,1328.9001933547299
2056,1329.0589932526304
2057,1329.7280219187578
2058,1330.3214168951042
2059,1330.4135421982498
2060,1330.8793992763378
2061,1331.2164251162128
2062,1331.3792823114163
2063,1331.7401363400413
2064,1332.4384979627102
2065,1332.5477858129734
2066,1332.8421607246487
2067,1333.0116565257408
2068,1333.8761347129821
2069,1334.1168396431224
2070,1334.3313453351905
2071,1334.7989989930143
2072,1335.0144389216337
2073,1335.1738621976592
2074,1335.7775276067159
2075,1336.2813362487802
2076,1336.509326383502
2077,1336.8182908908625
2078,1337.8614195763091
2079,1338.2814928362964
2080,1338.7550245937539
2081,1339.1275264350529
2082,1339.3356648452559
2083,1339.9127276207739
2084,1340.1191702485592
2085,1340.2126151349162
2086,1340.2218433580761
2087,1340.8186564601963
2088,1341.0827251763221
2089,1341.1582169096841
2090,1341.3223173663698
2091,1342.3829074528276
2092,1342.6307347472148
2093,1342.8663121901259
2094,1343.4270452518899
2095,1343.5717632504432
2096,1344.0596113340384
2097,1344.172439210827
2098,1344.3184972709682
2099,1344.4788148888354
2100,1344.5911296412175
2101,1344.7109719902026
2102,1345.5658960569883
2103,1346.5235551516676
2104,1346.9569040210056
2105,1347.2545769712335
2106,1347.9439668473779
2107,1348.5186109281708
2108,1348.5272052973492
2109,1349.1156001172201
2110,1349.5929182141283
2111,1349.8992754506082
2112,1350.3358340441002
2113,1350.7296692628693
2114,1351.1295433790001
2115,1351.432806071994
2116,1352.0892762145852
2117,1352.2791859858253
2118,1352.5711059392445
2119,1352.9600140591233
2120,1353.578971806181
2121,1353.9611448183039
2122,1354.6439623182127
2123,1354.795167389274
2124,1354.8533231891552
2125,1355.0677384609492
2126,1355.2183548644539
2127,1355.5623932112969
2128,1355.6875745206428
2129,1356.0546111253889
2130,1356.268915055939
2131,1356.6422913986714
2132,1356.7747476271247
2133,1357.0165576821842
2134,1357.2972017326172
2135,1357.7049677788725
2136,1358.0988796751362
2137,1358.2935500081016
2138,1358.6421087472215
2139,1358.9914914639348
2140,1359.0510502389386
2141,1359.44604442027
2142,1359.6090103506415
2143,1359.7233156781579
2144,1360.2763807631031
2145,1360.5408035699579
2146,1361.2343047996646
2147,1361.4022033772019
2148,1361.7984086029187
2149,1363.0492905530784
2150,1363.2378469295884
2151,1363.2664674163511
2152,1363.7713697879149
2153,1364.286010383189
2154,1364.5660369805887
2155,1365.042269331112
2156,1365.4634039879302
2157,1365.5541487976866
2158,1365.6848202967103
2159,1365.8535249221575
2160,1366.2024490617921
2161,1366.4873745962439
2162,1366.6054704102223
2163,1366.8271873143187
2164,1367.5961971757881
2165,1367.6469308799931
2166,1368.6376640553672
2167,1368.8171885839058
2168,1369.5707425650508
2169,1369.6844043146384
2170,1370.3686460713454
2171,1370.5027657218468
2172,1370.6100864760326
2173,1370.7584662004547
2174,1371.3373526767919
2175,1371.803598367416
2176,1371.9372591905944
2177,1372.2239144717946
2178,1372.733640116192
2179,1372.8777915705532
2180,1373.0230602563965
2181,1373.1100391455798
2182,1373.7024204039742
2183,1374.0335998852288
2184,1374.9328752333065
2185,1375.3474591850766
2186,1376.1660177829515
2187,1376.3855322512281
2188,1376.5609809127216
2189,1376.9386690178139
2190,1377.151777316197
2191,1378.3079449027059
2192,1378.3541222789972
2193,1378.5648244011129
2194,1378.7793994131105
2195,1378.9854280830775
2196,1379.0730563628879
2197,1379.1733731310414
2198,1379.7549673970339
2199,1380.2631237443582
2200,1381.1056224339513
2201,1381.4048631411983
2202,1382.1125446511578
2203,1382.4874682031125
2204,1383.0176679029184
2205,1383.8600313705326
2206,1384.2844916514161
2207,1384.3777125689751
2208,1384.3999692080974
2209,1384.530107134977
2210,1384.5478254036948
2211,1384.7241777120057
2212,1384.7849932483334
2213,1385.0148733271751
2214,1385.1175279814304
2215,1385.4445147380891
2216,1385.5967724670329
2217,1385.6543378941365
2218,1385.7409978128155
2219,1386.0323534355407
2220,1386.1783220741154
2221,1386.3692269949975
2222,1386.6174283682865
2223,1386.7376915956679
2224,1386.8075049498755
2225,1387.1140828136749
2226,1387.2458554605944
2227,1387.5200687446943
2228,1387.7273731470441
2229,1387.8668989939722
2230,1388.4089201663369
2231,1388.7508245904007
2232,1388.8411345422478
2233,1389.1436076951593
2234,1389.3840788448797
2235,1390.1812034054999
2236,1390.3900788266778
2237,1390.4223739490033
2238,1390.852584847732
2239,1391.0787433509747
2240,1391.3754746027548
2241,1391.5461662557277
2242,1391.7700921801534
2243,1392.1792987116578
2244,1392.7374476083755
2245,1392.9504802316269
2246,1393.0354807881859
2247,1393.2131846757641
2248,1393.4235449662431
2249,1393.7352811631872
2250,1394.0673580234293
2251,1395.4349916024521
2252,1395.7196148060248
2253,1395.9035264607717
2254,1396.0999998632258
2255,1396.1388189949328
2256,1396.4367802243705
2257,1396.7048484491315
2258,1397.1625848821548
2259,1397.2283222781809
2260,1397.5620803922984
2261,1398.1642767891872
2262,1398.2924867847628
2263,1398.4430901135888
2264,1398.4642838481564
2265,1399.106681253041
2266,1399.3875329277644
2267,1399.7484985679857
2268,1399.8731225758261
2269,1400.2191564113446
2270,1400.4454101367744
2271,1400.5918020823813
2272,1401.2217793374905
2273,1401.5578045403456
2274,1401.8046312077843
2275,1401.8954026092292
2276,1402.3799711971303
2277,1402.7215796376861
2278,1402.9343616296728
2279,1403.2297722622523
2280,1403.4928535192514
2281,1403.6840768545112
2282,1404.490821596884
2283,1405.281349836755
2284,1405.4214798343253
2285,1405.4332157218053
2286,1405.5043423584589
2287,1405.6909539075873
2288,1405.8301111697513
2289,1406.1239562284331
2290,1406.3180712204457
2291,1406.6943642190579
2292,1406.9839881019147
2293,1407.3460445570402
2294,1407.4272962947177
2295,1408.0660164094704
2296,1408.4351559213599
2297,1409.099208952088
2298,1409.325250478651
2299,1409.5806198968544
2300,1409.7085754731897
2301,1410.0557605639672
2302,1410.3179076376132
2303,1411.0233746549986
2304,1411.2910039283433
2305,1411.9477110765404
2306,1412.6556423706816
2307,1413.1011805187261
2308,1413.4541489344595
2309,1413.557010233513
2310,1413.9737632736112
2311,1414.1632287383488
2312,1414.2532185634161
2313,1414.2668973316397
2314,1414.4245951279454
2315,1414.5508764799015
2316,1414.5642757053847
2317,1414.7271874510927
2318,1414.8028234594087
2319,1415.0077074407279
2320,1415.0956872097711
2321,1415.5262088055661
2322,1415.7109639246953
2323,1415.9796504247875
2324,1416.1039984588547
2325,1416.1731167897428
2326,1416.4316569819064
2327,1416.4424538301723
2328,1416.669384431447
2329,1417.3265097745609
2330,1417.5593287534605
2331,1417.791706526134
2332,1417.8077787510426
2333,1417.9245305996719
2334,1418.2213782365211
2335,1418.8018859756871
2336,1419.1461386188942
2337,1419.3135273729285
2338,1419.7975982579537
2339,1419.9080416344659
2340,1420.1904553388301
2341,1420.4120462782016
2342,1420.8448331422799
2343,1421.1667691497594
2344,1421.3438110663196
2345,1421.5562573176533
2346,1421.9349601164949
2347,1422.0719063410713
2348,1422.3082933370931
2349,1422.7286121894215
2350,1423.0377983590297
2351,1423.288585975914
2352,1423.3710368250815
2353,1423.9740413750364
2354,1424.1243519166276
2355,1424.3729880573817
2356,1424.3896842134307
2357,1425.0362322134729
2358,1425.4224016347196
2359,1425.7627222783105
2360,1426.0939767302295
2361,1426.5449793760295
2362,1426.9536100941821
2363,1426.9730564996612
2364,1427.4717698991785
2365,1427.7318642574558
2366,1427.9227718819798
2367,1428.3040533672452
2368,1428.4210332550392
2369,1428.8981397773766
2370,1429.1342618108242
2371,1429.286169090153
2372,1429.4525499385709
2373,1429.5492268137032
2374,1429.8027709888015
2375,1429.9623071798808
2376,1430.2417819298107
2377,1430.4587418095048
2378,1430.7957433307506
2379,1431.0151145295945
2380,1431.1083665624258
2381,1431.2871031548598
2382,1431.7189997404241
2383,1431.7541309514313
2384,1431.9379395792296
2385,1432.2429669761598
2386,1432.5672911475367
2387,1432.8478888685636
2388,1433.3773590978149
2389,1433.4332030138405
2390,1433.5977816928435
2391,1433.9655827085116
2392,1434.5404678283628
2393,1434.6198464042118
2394,1434.9427039515142
2395,1435.100116849103
2396,1435.3701697703057
2397,1436.0934224851942
2398,1436.2734002952543
2399,1436.6188571059513
2400,1436.665410888766
2401,1437.228327386053
2402,1437.2704798880193
2403,1437.5318682981745
2404,1438.12286568079
2405,1438.5594288595123
2406,1439.0455591043471
2407,1439.3429354519265
2408,1439.8581513510469
2409,1440.2129736704567
2410,1440.7770071436653
2411,1441.0824749841581
2412,1441.6497375166764
2413,1442.3713563253168
2414,1442.6086327205401
2415,1443.9999999999916
2416,1443.9999999999941
2417,1443.9999999999945
2418,1443.9999999999948
2419,1443.999999999995
2420,1443.9999999999952
2421,1443.9999999999957
2422,1443.9999999999957
2423,1443.9999999999957
2424,1443.9999999999959
2425,1443.9999999999966
2426,1443.9999999999966
2427,1443.9999999999968
2428,1443.999999999997
2429,1443.9999999999973
2430,1443.9999999999975
2431,1443.9999999999977
2432,1443.9999999999982
2433,1443.9999999999984
2434,1443.9999999999984
2435,1443.9999999999989
2436,1443.9999999999991
2437,1443.9999999999995
2438,1443.9999999999995
2439,1443.9999999999998
2440,1443.9999999999998
2441,1444
2442,1444.0000000000002
2443,1444.0000000000005
2444,1444.0000000000005
2445,1444.0000000000007
2446,1444.0000000000009
2447,1444.0000000000011
2448,1444.0000000000018
2449,1444.000000000002
2450,1444.000000000002
2451,1444.000000000002
2452,1444.0000000000025
2453,1444.0000000000027
2454,1444.000000000003
2455,1444.0000000000032
2456,1444.0000000000032
2457,1444.0000000000034
2458,1444.0000000000034
2459,1444.0000000000034
2460,1444.0000000000039
2461,1444.0000000000039
2462,1444.0000000000041
2463,1444.0000000000048
2464,1444.0000000000052
2465,1444.0000000000052
2466,1444.0000000000052
2467,1444.0000000000055
2468,1444.0000000000066
2469,1444.0000000000082
2470,1444.0000000000089
2471,1445.3913672794595
2472,1445.6286436746832
2473,1446.3502624833241
2474,1446.9175250158423
2475,1447.2229928563363
2476,1447.7870263295442
2477,1448.1418486489556
2478,1448.6570645480713
2479,1448.9544408956517
2480,1449.4405711404879
2481,1449.8771343192093
2482,1450.4681317018258
2483,1450.7295201119805
2484,1450.771672613947
2485,1451.3345891112365
2486,1451.3811428940508
2487,1451.7265997047471
2488,1451.9065775148069
2489,1452.6298302296925
2490,1452.8998831508973
2491,1453.0572960484906
2492,1453.3801535957873
2493,1453.4595321716374
2494,1454.0344172914861
2495,1454.4022183071581
2496,1454.5667969861593
2497,1454.6226409021849
2498,1455.152111131435
2499,1455.4327088524619
2500,1455.7570330238404
2501,1456.0620604207704
2502,1456.2458690485685
2503,1456.2810002595731
2504,1456.7128968451393
2505,1456.8916334375738
2506,1456.984885470406
2507,1457.2042566692487
2508,1457.5412581904955
2509,1457.7582180701875
2510,1458.0376928201194
2511,1458.1972290111978
2512,1458.4507731862943
2513,1458.5474500614293
2514,1458.7138309098457
2515,1458.8657381891762
2516,1459.1018602226227
2517,1459.5789667449601
2518,1459.6959466327546
2519,1460.0772281180218
2520,1460.2681357425452
2521,1460.5282301008212
2522,1461.0269435003379
2523,1461.0463899058213
2524,1461.455020623968
2525,1461.9060232697707
2526,1462.2372777216888
2527,1462.5775983652786
2528,1462.963767786526
2529,1463.6103157865666
2530,1463.6270119426204
2531,1463.8756480833708
2532,1464.025958624962
2533,1464.6289631749175
2534,1464.7114140240867
2535,1464.9622016409714
2536,1465.2713878105785
2537,1465.6917066629067
2538,1465.9280936589289
2539,1466.0650398835041
2540,1466.4437426823476
2541,1466.6561889336815
2542,1466.8332308502409
2543,1467.1551668577204
2544,1467.5879537217979
2545,1467.809544661169
2546,1468.0919583655327
2547,1468.2024017420458
2548,1468.6864726270717
2549,1468.8538613811045
2550,1469.1981140243136
2551,1469.7786217634787
2552,1470.0754694003292
2553,1470.1922212489574
2554,1470.2082934738662
2555,1470.4406712465395
2556,1470.6734902254395
2557,1471.3306155685518
2558,1471.5575461698277
2559,1471.568343018095
2560,1471.8268832102576
2561,1471.8960015411435
2562,1472.020349575213
2563,1472.289036075304
2564,1472.4737911944344
2565,1472.9043127902269
2566,1472.9922925592709
2567,1473.1971765405895
2568,1473.2728125489059
2569,1473.4357242946144
2570,1473.4491235200981
2571,1473.5754048720539
2572,1473.7331026683644
2573,1473.7467814365853
2574,1473.8367712616505
2575,1474.0262367263897
2576,1474.4429897664857
2577,1474.5458510655399
2578,1474.8988194812734
2579,1475.3443576293187
2580,1476.0522889234596
2581,1476.7089960716569
2582,1476.9766253450002
2583,1477.6820923623873
2584,1477.9442394360331
2585,1478.2914245268096
2586,1478.4193801031445
2587,1478.6747495213503
2588,1478.9007910479129
2589,1479.5648440786408
2590,1479.9339835905291
2591,1480.5727037052834
2592,1480.6539554429569
2593,1481.0160118980857
2594,1481.3056357809439
2595,1481.6819287795565
2596,1481.8760437715684
2597,1482.1698888302494
2598,1482.3090460924136
2599,1482.4956576415418
2600,1482.566784278195
2601,1482.5785201656736
2602,1482.7186501632459
2603,1483.5091784031144
2604,1484.3159231454881
2605,1484.50714648075
2606,1484.7702277377466
2607,1485.0656383703267
2608,1485.2784203623141
2609,1485.6200288028692
2610,1486.1045973907703
2611,1486.195368792215
2612,1486.4421954596542
2613,1486.7782206625093
2614,1487.4081979176181
2615,1487.5545898632265
2616,1487.7808435886548
2617,1488.1268774241735
2618,1488.2515014320149
2619,1488.6124670722352
2620,1488.8933187469599
2621,1489.535716151845
2622,1489.5569098864121
2623,1489.7075132152354
2624,1489.8357232108117
2625,1490.4379196077014
2626,1490.7716777218191
2627,1490.8374151178461
2628,1491.2951515508676
2629,1491.5632197756304
2630,1491.861181005067
2631,1491.9000001367726
2632,1492.0964735392286
2633,1492.2803851939755
2634,1492.5650083975474
2635,1493.9326419765707
2636,1494.2647188368123
2637,1494.5764550337572
2638,1494.7868153242364
2639,1494.9645192118148
2640,1495.0495197683731
2641,1495.2625523916251
2642,1495.8207012883422
2643,1496.2299078198448
2644,1496.4538337442723
2645,1496.6245253972445
2646,1496.9212566490244
2647,1497.1474151522671
2648,1497.5776260509965
2649,1497.6099211733242
2650,1497.8187965944994
2651,1498.615921155121
2652,1498.8563923048416
2653,1499.1588654577524
2654,1499.2491754095981
2655,1499.5910798336613
2656,1500.1331010060278
2657,1500.2726268529557
2658,1500.4799312553062
2659,1500.7541445394049
2660,1500.8859171863251
2661,1501.1924950501254
2662,1501.2623084043335
2663,1501.3825716317119
2664,1501.6307730050023
2665,1501.821677925883
2666,1501.9676465644582
2667,1502.2590021871861
2668,1502.3456621058651
2669,1502.4032275329675
2670,1502.5554852619091
2671,1502.8824720185685
2672,1502.9851266728233
2673,1503.2150067516652
2674,1503.2758222879918
2675,1503.4521745963057
2676,1503.4698928650225
2677,1503.6000307919023
2678,1503.6222874310254
2679,1503.7155083485827
2680,1504.1399686294685
2681,1504.9823320970811
2682,1505.5125317968877
2683,1505.8874553488413
2684,1506.5951368588007
2685,1506.8943775660466
2686,1507.7368762556416
2687,1508.2450326029664
2688,1508.8266268689574
2689,1508.9269436371123
2690,1509.0145719169213
2691,1509.2206005868882
2692,1509.4351755988866
2693,1509.6458777210053
2694,1509.6920550972939
2695,1510.8482226838023
2696,1511.0613309821861
2697,1511.4390190872784
2698,1511.6144677487714
2699,1511.833982217049
2700,1512.6525408149262
2701,1513.067124766694
2702,1513.966400114773
2703,1514.2975795960242
2704,1514.8899608544211
2705,1514.9769397436028
2706,1515.1222084294461
2707,1515.266359883808
2708,1515.7760855282061
2709,1516.0627408094074
2710,1516.1964016325849
2711,1516.6626473232093
2712,1517.2415337995446
2713,1517.3899135239681
2714,1517.4972342781516
2715,1517.6313539286543
2716,1518.31559568536
2717,1518.4292574349502
2718,1519.1828114160944
2719,1519.362335944631
2720,1520.3530691200085
2721,1520.4038028242126
2722,1521.1728126856813
2723,1521.3945295897765
2724,1521.5126254037557
2725,1521.7975509382068
2726,1522.1464750778418
2727,1522.3151797032906
2728,1522.4458512023134
2729,1522.5365960120698
2730,1522.9577306688882
2731,1523.4339630194113
2732,1523.713989616813
2733,1524.2286302120856
2734,1524.7335325836486
2735,1524.7621530704116
2736,1524.9507094469222
2737,1526.2015913970811
2738,1526.5977966227974
2739,1526.7656952003363
2740,1527.4591964300419
2741,1527.7236192368957
2742,1528.2766843218424
2743,1528.3909896493624
2744,1528.5539555797304
2745,1528.9489497610621
2746,1529.0085085360654
2747,1529.3578912527778
2748,1529.7064499918977
2749,1529.9011203248633
2750,1530.2950322211282
2751,1530.7027982673826
2752,1530.9834423178154
2753,1531.2252523728757
2754,1531.3577086013281
2755,1531.7310849440626
2756,1531.9453888746116
2757,1532.3124254793565
2758,1532.4376067887026
2759,1532.7816451355461
2760,1532.9322615390493
2761,1533.1466768108439
2762,1533.2048326107249
2763,1533.3560376817873
2764,1534.0388551816961
2765,1534.4210281938183
2766,1535.0399859408767
2767,1535.4288940607557
2768,1535.7208140141747
2769,1535.9107237854157
2770,1536.567193928006
2771,1536.8704566210001
2772,1537.270330737133
2773,1537.6641659559007
2774,1538.1007245493934
2775,1538.4070817858735
2776,1538.884399882782
2777,1539.4727947026508
2778,1539.4813890718274
2779,1540.0560331526217
2780,1540.7454230287649
2781,1541.0430959789942
2782,1541.4764448483324
2783,1542.4341039430121
2784,1543.2890280097974
2785,1543.4088703587831
2786,1543.5211851111649
2787,1543.6815027290343
2788,1543.8275607891728
2789,1543.9403886659609
2790,1544.4282367495562
2791,1544.572954748111
2792,1545.133687809875
2793,1545.3692652527848
2794,1545.6170925471733
2795,1546.6776826336311
2796,1546.8417830903177
2797,1546.9172748236804
2798,1547.1813435398033
2799,1547.7781566419255
2800,1547.7873848650852
2801,1547.880829751442
2802,1548.0872723792261
2803,1548.6643351547443
2804,1548.8724735649489
2805,1549.2449754062466
2806,1549.7185071637025
2807,1550.1385804236916
2808,1551.1817091091386
2809,1551.4906736164962
2810,1551.7186637512202
2811,1552.2224723932836
2812,1552.8261378023424
2813,1552.9855610783673
2814,1553.201001006986
2815,1553.6686546648104
2816,1553.8831603568792
2817,1554.1238652870188
2818,1554.9883434742608
2819,1555.1578392753518
2820,1555.4522141870268
2821,1555.5615020372895
2822,1556.25986365996
2823,1556.620717688583
2824,1556.7835748837865
2825,1557.1206007236624
2826,1557.5864578017492
2827,1557.6785831048958
2828,1558.271978081242
2829,1558.9410067473696
2830,1559.0998066452698
2831,1559.4369025917611
2832,1559.5957225830907
2833,1559.6148380611933
2834,1559.7191337973404
2835,1559.8479415468669
2836,1560.1630736117982
2837,1560.2667658745797
2838,1560.5802653038447
2839,1560.7295016161254
2840,1560.8384238039703
2841,1561.2841856227953
2842,1561.6182342846328
2843,1561.7375219002079
2844,1561.9948539456161
2845,1562.0697247653427
2846,1562.5325353581381
2847,1562.8017312361976
2848,1562.8372941826922
2849,1562.948309319474
2850,1563.2705646006018
2851,1563.8209888810629
2852,1564.7836493489021
2853,1565.267214695539
2854,1566.3022550043238
2855,1566.7460367124499
2856,1567.1731004402745
2857,1567.530566965409
2858,1567.8878882982981
2859,1568.076399099896
2860,1568.6204604720683
2861,1568.856889720628
2862,1570.1198898020543
2863,1570.2978692222562
2864,1570.786577994648
2865,1571.2717383505835
2866,1571.4300640082211
2867,1571.9180181288621
2868,1572.1901722584155
2869,1572.8582843101369
2870,1573.8345446187288
2871,1573.9956783389512
2872,1574.0783020448307
2873,1574.1475442240014
2874,1574.1550060227041
2875,1574.6271841981277
2876,1575.2143955586578
2877,1575.7458625748613
2878,1575.8228531131797
2879,1576.1971899710798
2880,1576.4159650668464
2881,1576.7516508290282
2882,1577.1363859935711
2883,1577.7746503790363
2884,1577.9183297910138
2885,1578.3997838230928
2886,1578.5799217414642
2887,1579.1576136198439
2888,1579.5008226962282
2889,1580.2960933416102
2890,1580.3824850749363
2891,1581.2040421826969
2892,1581.868427281395
2893,1582.5195973721484
2894,1582.8239144717152
2895,1583.6329912528684
2896,1583.962072468579
2897,1584.5937999194459
2898,1585.1252027950582
2899,1585.3198305895473
2900,1585.5410000731035
2901,1586.2225107195802
2902,1586.3934132725683
2903,1586.4346991204629
2904,1587.010559020317
2905,1587.393117998455
2906,1587.9685398909994
2907,1588.0700502189106
2908,1588.3085062934258
2909,1588.7804195651195
2910,1588.8881636790381
2911,1588.9087597723317
2912,1589.3632769410185
2913,1589.9827536573011
2914,1590.2252459994083
2915,1590.2868441807652
2916,1590.7074981719891
2917,1591.2294011778961
2918,1591.5315389712193
2919,1591.7753034110644
2920,1592.4804795028508
2921,1592.5680993749338
2922,1593.3854723460015
2923,1593.7311242594578
2924,1593.7745561666177
2925,1594.4098771633739
2926,1594.432701832154
2927,1594.5868954728089
2928,1594.732597626984
2929,1595.4081065360217
2930,1595.6873850018578
2931,1595.8138891003871
2932,1596.1931728874015
2933,1597.213083445442
2934,1597.4374819624966
2935,1597.5196255049709
2936,1598.4082704007756
2937,1598.9929988208273
2938,1599.5543547510779
2939,1599.9605733765379
2940,1601.0909580886735
2941,1601.4802124221478
2942,1601.849018365461
2943,1602.3520529233476
2944,1602.753071251474
2945,1603.1976975533944
2946,1603.3143568528601
2947,1604.0755065772805
2948,1604.1806679696576
2949,1604.4635533986122
2950,1604.554949548334
2951,1604.9726187436067
2952,1605.3317370915404
2953,1605.6773845107853
2954,1605.731652415147
2955,1606.6095691359128
2956,1606.8821025985824
2957,1607.2559704014952
2958,1607.3033621309075
2959,1608.0025318634107
2960,1608.048405963305
2961,1609.3801880110473
2962,1610.1072360409601
2963,1610.3934960571098
2964,1610.754300470099
2965,1611.1436095062693
2966,1612.2375185045437
2967,1612.5877447964624
2968,1612.7143285021953
2969,1612.947919297932
2970,1613.2472162041201
2971,1613.5599270066668
2972,1614.3997824697972
2973,1614.5113186456404
2974,1615.1719329404084
2975,1615.186802416755
2976,1615.3821503785907
2977,1615.6533250063844
2978,1615.7981963130685
2979,1616.1910471311662
2980,1616.5341220902642
2981,1617.3687740458124
2982,1617.7702383939643
2983,1618.0936926236552
2984,1618.5825199687301
2985,1618.8107293347562
2986,1618.8628776198034
2987,1619.445756715616
2988,1619.714394587364
2989,1619.9892576325794
2990,1620.2472670536072
2991,1620.5616313938542
2992,1621.2405217156572
2993,1621.3706444571817
2994,1621.8803024261233
2995,1622.0104145686571
2996,1622.0984951146468
2997,1622.2422110959617
2998,1622.4595816137139
2999,1622.8802963296707
3000,1623.0239082680687
3001,1623.3483670573157
3002,1624.2810414298672
3003,1624.9601975507635
3004,1625.2830958401476
3005,1625.5723642918929
3006,1625.96229126353
3007,1627.1284398495152
3008,1627.743239728298
3009,1628.0815432959068
3010,1628.5508293055493
3011,1629.3308113067242
3012,1630.0148948755943
3013,1630.2176147366715
3014,1630.8159551289148
3015,1631.2557142132887
3016,1631.5586457332336
3017,1632.3413404448161
3018,1632.5324536543142
3019,1632.8201231162509
3020,1633.0686526091749
3021,1633.3379294986853
3022,1633.5780497719454
3023,1634.3632763173098
3024,1634.6396593438701
3025,1634.7876522005552
3026,1635.3667405888266
3027,1635.4509660526796
3028,1635.5184698091443
3029,1635.8183060001695
3030,1636.0805690304005
3031,1636.6268833085369
3032,1636.9503260224919
3033,1637.646141220247
3034,1637.8437569467023
3035,1637.8827537940729
3036,1639.3569333092546
3037,1639.6488546676485
3038,1640.8458436617318
3039,1641.1082094554276
3040,1641.2644834646076
3041,1642.594576345173
3042,1642.7235581259065
3043,1642.9296565810016
3044,1642.9731981143418
3045,1644.0580973169549
3046,1644.4827957814487
3047,1645.2279446431137
3048,1645.657412325018
3049,1646.1050542347953
3050,1646.3347983591987
3051,1646.7956306074602
3052,1647.0074293304606
3053,1647.790062509375
3054,1648.2379063031019
3055,1648.891013726522
3056,1649.4203593539096
3057,1649.5038063665329
3058,1650.1162064817399
3059,1650.5146979609449
3060,1650.874904803657
3061,1651.2580780388005
3062,1651.4494871749489
3063,1651.5376164439856
3064,1651.717565700453
3065,1652.0308850119034
3066,1652.2638314826563
3067,1652.858010577482
3068,1653.0285617961588
3069,1653.4199404950682
3070,1653.5216805012999
3071,1653.537627141154
3072,1654.0931822258858
3073,1654.9096972944133
3074,1656.7864627860952
3075,1657.1952586830839
3076,1657.3058900983515
3077,1657.4738081439375
3078,1658.0058293669081
3079,1658.5119008007509
3080,1658.7567520604905
3081,1659.4765202572257
3082,1660.0830810279085
3083,1661.0432838525376
3084,1661.1392200724749
3085,1661.656048448737
3086,1661.726763283013
3087,1661.9297277757739
3088,1663.1316701556991
3089,1663.548742725098
3090,1663.6943181888646
3091,1664.1955914709763
3092,1664.6657007571278
3093,1665.4081782058961
3094,1665.8308571840773
3095,1666.3232563127192
3096,1667.0420514552238
3097,1667.1239637729009
3098,1667.1555663429815
3099,1667.5295718970392
3100,1668.1526932169916
3101,1668.3249500011968
3102,1668.4187374439316
3103,1668.7967235900783
3104,1669.2872394305678
3105,1670.1254300114285
3106,1670.4309962861944
3107,1670.7241470651977
3108,1671.0318338982195
3109,1671.2110254753079
3110,1672.0506630430268
3111,1673.0960570106765
3112,1673.3288619353034
3113,1674.4018091684229
3114,1674.5079421248702
3115,1674.5367092370298
3116,1674.8339453892008
3117,1675.2034249090939
3118,1675.5916091536865
3119,1675.9382573183209
3120,1676.0705841820779
3121,1676.6848409829927
3122,1677.3175276091984
3123,1677.9026815482514
3124,1678.2895769426391
3125,1678.3686450734658
3126,1678.4330167657829
3127,1678.8452008862275
3128,1679.7125496282447
3129,1679.9736147919518
3130,1680.4182514822473
3131,1680.8085998402739
3132,1680.8628091466787
3133,1681.1038030378747
3134,1681.3493229266508
3135,1681.8680989841168
3136,1682.3405074419377
3137,1682.8495860406363
3138,1683.4184699459192
3139,1684.0834782066931
3140,1684.1445980649041
3141,1684.9418092658816
3142,1685.168566906558
3143,1685.1900553104169
3144,1685.9932294884566
3145,1686.608139243725
3146,1686.9446371714434
3147,1687.4788632995164
3148,1687.8573658114633
3149,1688.3954613458809
3150,1689.3050293505753
3151,1689.4289490052106
3152,1690.1090640379878
3153,1690.6347063893536
3154,1691.1584575270294
3155,1691.6623428073988
3156,1692.5277511030179
3157,1692.7958605312858
3158,1693.0846302444068
3159,1693.5685167002232
3160,1694.2653314909082
3161,1695.2986685552135
3162,1696.1309065054572
3163,1696.2992135328393
3164,1697.0347290644124
3165,1697.3817496814588
3166,1697.6414879622994
3167,1698.241997583646
3168,1698.5642779480033
3169,1698.7839805913632
3170,1699.2062109474291
3171,1699.7221273188102
3172,1700.2358050422381
3173,1700.4454134462565
3174,1700.561191918202
3175,1701.622329801839
3176,1702.5832610198538
3177,1703.1007266322804
3178,1703.4249402629741
3179,1703.7792893557155
3180,1704.0701219114246
3181,1704.5316138837127
3182,1704.8001795327796
3183,1704.9961725313442
3184,1705.3252275427826
3185,1705.782776255764
3186,1706.8304987847653
3187,1707.4310449415814
3188,1707.933265869917
3189,1708.2088204384702
3190,1708.6847897918269
3191,1708.8638786301735
3192,1709.2632057703361
3193,1710.1656642653907
3194,1710.2210568462826
3195,1710.2221851908919
3196,1710.2917716805593
3197,1710.5550665935189
3198,1711.5289932837156
3199,1711.7450119747084
3200,1712.6912824948251
3201,1712.8797165143023
3202,1713.4728784283097
3203,1714.5207891977088
3204,1715.1357954734056
3205,1715.7911780994903
3206,1716.0494361125436
3207,1716.9132569769054
3208,1717.2286794546737
3209,1717.7095314595845
3210,1717.8688068922754
3211,1718.6299542491568
3212,1718.8067810956077
3213,1720.059275981703
3214,1720.0724253888729
3215,1720.3815211285762
3216,1720.5545223717268
3217,1720.9655413653938
3218,1721.3531094796278
3219,1721.9546264492592
3220,1722.1434583718103
3221,1722.4470451486093
3222,1722.6358401863458
3223,1723.7353511847509
3224,1724.0858912266292
3225,1724.5654814773154
3226,1724.8113187612221
3227,1724.8974434278534
3228,1725.4165291959366
3229,1725.8760864235865
3230,1726.8546372994886
3231,1727.1122780608894
3232,1727.7911959505507
3233,1728.0117303417417
3234,1729.1975727653162
3235,1730.0128212838513
3236,1730.5446452215087
3237,1731.4650172696286
3238,1731.5763463013761
3239,1731.9834783434644
3240,1732.1295263903487
3241,1732.9957897696677
3242,1733.2558462410311
3243,1734.0240965994446
3244,1734.6277523893541
3245,1734.8105386470363
3246,1735.3460305983169
3247,1735.5672074185147
3248,1735.7616657619753
3249,1736.2423459051702
3250,1736.8840195827988
3251,1737.190141446355
3252,1737.5473675973519
3253,1738.0553041968055
3254,1738.1435334442674
3255,1739.012392651922
3256,1739.3885225254971
3257,1739.5434431562642
3258,1739.5965583822374
3259,1739.9094411381
3260,1740.0778158983471
3261,1740.2273567258499
3262,1740.4672935881952
3263,1740.75964674022
3264,1741.0855412712599
3265,1741.4768548057368
3266,1743.0770114341976
3267,1743.7049580933692
3268,1744.211095455297
3269,1744.794092507434
3270,1745.2949558028256
3271,1746.3649540902129
3272,1746.6546834847418
3273,1747.5644444444754
3274,1747.6803543287383
3275,1748.9596220446349
3276,1749.0104218438041
3277,1749.2172339111144
3278,1749.8707458596548
3279,1750.620032812584
3280,1751.102247906799
3281,1751.5220982229484
3282,1752.3049153760919
3283,1752.8642900398343
3284,1753.0358405305426
3285,1753.8065033559376
3286,1754.5016735262425
3287,1755.7567729981274
3288,1756.0744860476455
3289,1756.2997773503257
3290,1756.6500121898046
3291,1756.9212806950027
3292,1757.5189734439568
3293,1757.8780812027787
3294,1758.410100706102
3295,1758.4798985868401
3296,1759.1161735581509
3297,1759.5079977073835
3298,1760.0191089943737
3299,1760.510843133701
3300,1761.105279057178
3301,1761.2562908923746
3302,1761.5543240721852
3303,1761.9541438116319
3304,1762.7375738607145
3305,1762.855348188104
3306,1763.9381201228282
3307,1764.3778262476103
3308,1765.2984927944651
3309,1765.5437684473304
3310,1765.9261277987277
3311,1766.2738937197394
3312,1767.1155026135539
3313,1767.5250453080414
3314,1768.5227687044919
3315,1768.5945299373279
3316,1768.6242843792504
3317,1768.6374337864222
3318,1769.0289329975483
3319,1769.1903178182927
3320,1769.7026721872001
3321,1769.8528772345423
3322,1770.915273762381
3323,1771.7332442782165
3324,1771.9844872596318
3325,1773.6084774467731
3326,1773.6708105647126
3327,1774.5603750009845
3328,1775.0213105451978
3329,1775.7716458809812
3330,1775.9425079922178
3331,1776.3518979926776
3332,1777.2735409908946
3333,1777.3704262282365
3334,1777.7040853232595
3335,1778.1423905024844
3336,1778.7943988981469
3337,1779.2742827333693
3338,1779.3264310184154
3339,1779.7531007703415
3340,1780.521842399467
3341,1780.9597356204622
3342,1781.9686950458022
3343,1782.8086736937332
3344,1783.2460307350925
3345,1783.3678192875511
3346,1783.9445583046966
3347,1784.888059526613
3348,1785.4523040324955
3349,1785.8674106787096
3350,1786.1500976565949
3351,1787.1433279065898
3352,1787.3563866060965
3353,1787.6340177727661
3354,1787.7539834887593
3355,1788.450781287522
3356,1788.9559517716425
3357,1789.1223557581247
3358,1789.8666859146522
3359,1790.8588517403311
3360,1791.2298398837806
3361,1792.2448726876576
3362,1793.1175169683493
3363,1793.6463840304691
3364,1793.6892297179756
3365,1793.9032086574477
3366,1794.2522622081692
3367,1794.5213350343513
3368,1794.7776573427604
3369,1795.1361517493031
3370,1795.5097326496307
3371,1796.0571004305939
3372,1796.1976772208147
3373,1796.8527294696428
3374,1797.2703109484726
3375,1797.4253504776029
3376,1797.6735361853316
3377,1797.7415217228233
3378,1797.9521417903454
3379,1798.7740796665064
3380,1799.6509345150068
3381,1800.2729742354295
3382,1800.7094694597556
3383,1801.0595687350203
3384,1802.0961238283885
3385,1803.5420774876577
3386,1804.0023206917679
3387,1804.722720294227
3388,1805.2305363552791
3389,1805.6147804972095
3390,1806.3272186297077
3391,1806.7384050544842
3392,1807.2071601725445
3393,1807.9034904573123
3394,1808.195605508301
3395,1808.7361591320609
3396,1809.4933441643859
3397,1810.4568664442545
3398,1811.6469563918968
3399,1811.9593554759203
3400,1812.518843284
3401,1812.9877550218707
3402,1813.2272622385954
3403,1814.0011805397662
3404,1814.0025952742917
3405,1814.1600005310966
3406,1814.5366950657813
3407,1815.0968549180097
3408,1815.1642452455064
3409,1815.4987943004378
3410,1815.8734315916251
3411,1816.2575705763427
3412,1816.7797690064215
3413,1817.2482099876158
3414,1817.9155422062427
3415,1818.6392558034747
3416,1818.7688617439744
3417,1819.8999861780494
3418,1820.0189233023575
3419,1820.5585614681536
3420,1821.2144332928597
3421,1821.8747491545573
3422,1822.6532151832039
3423,1823.0255061398432
3424,1823.1970495315206
3425,1824.0707761557164
3426,1824.2338198470525
3427,1825.2874963472984
3428,1825.5046838749975
3429,1826.2252608297574
3430,1826.2818865718834
3431,1826.596609798303
3432,1827.1933423657981
3433,1827.8392911309163
3434,1828.7280919165348
3435,1829.653245471118
3436,1830.2924783306166
3437,1830.7959370838823
3438,1831.4370746603036
3439,1831.9583650013074
3440,1832.6826148823384
3441,1833.0934233360531
3442,1833.2998943865186
3443,1834.0216985945303
3444,1834.516249343463
3445,1835.4492365859396
3446,1835.8178071372731
3447,1836.5189260685381
3448,1836.8134691857051
3449,1836.8559519084126
3450,1837.0479288878523
3451,1838.5044489774123
3452,1838.8965701643929
3453,1839.3567522107435
3454,1839.9670286939479
3455,1840.4754321769988
3456,1840.519634916187
3457,1841.2953753096115
3458,1841.9737607745801
3459,1842.5071150911622
3460,1843.1808564985415
3461,1843.8660545683892
3462,1844.4173469413474
3463,1844.5470316053022
3464,1845.5736505268444
3465,1846.1201850113875
3466,1846.5466183974684
3467,1847.0117570445348
3468,1847.0729098290203
3469,1847.2563052037906
3470,1848.1640898866146
3471,1849.1466267025885
3472,1849.8622659053817
3473,1850.4194773658828
3474,1850.983755279296
3475,1851.6965505400101
3476,1851.9058866672367
3477,1852.4136187776194
3478,1852.861390782133
3479,1853.2590276326766
3480,1853.6435081944787
3481,1853.8828954087537
3482,1854.2779369807085
3483,1854.4624432865794
3484,1854.9142746776761
3485,1855.1681900445747
3486,1855.6735384814385
3487,1855.8209986964978
3488,1856.3553693233125
3489,1856.8112215037681
3490,1857.8937778679478
3491,1858.4605067354948
3492,1859.1204461101681
3493,1859.5181149370578
3494,1860.2371745379739
3495,1861.2501909616046
3496,1861.7887309876662
3497,1862.4242207813845
3498,1863.456033231254
3499,1863.7786302867621
3500,1864.8777433619796
3501,1865.7714553615201
3502,1866.1287644573226
3503,1866.6466901822614
3504,1867.0761878270087
3505,1867.6189871974791
3506,1867.6573683894546
3507,1868.4284730774616
3508,1869.0519258969805
3509,1870.0575414686916
3510,1870.3389528937976
3511,1870.7553250791702
3512,1870.9642387800131
3513,1871.1936755898878
3514,1871.7605507173541
3515,1872.9625010999175
3516,1873.3750072827615
3517,1873.5099073513725
3518,1873.5525943230496
3519,1873.8618509321577
3520,1874.162120288426
3521,1874.3770441056799
3522,1875.1700233944728
3523,1875.4342460751291
3524,1875.6772811067385
3525,1876.3473559564975
3526,1878.0341628073691
3527,1878.9107173786947
3528,1879.0344375933098
3529,1879.5534394750864
3530,1880.328123644691
3531,1880.9583520422841
3532,1881.6259011187469
3533,1882.349434279233
3534,1882.4535630340013
3535,1883.0679614003313
3536,1883.491569515026
3537,1883.9175617329693
3538,1884.3120591064719
3539,1886.2901240329713
3540,1886.593654991819
3541,1887.4615785619399
3542,1887.5804361239484
3543,1888.0306318807775
3544,1888.7828187908017
3545,1889.2625223353505
3546,1889.773084331237
3547,1890.8351459578118
3548,1891.027536852378
3549,1892.3042743972333
3550,1892.4470317420744
3551,1893.3386242306315
3552,1894.0138905291374
3553,1894.2367221282975
3554,1894.6004057402008
3555,1894.8446002860348
3556,1894.9221536015073
3557,1896.0646979241055
3558,1896.4937064565224
3559,1896.7497954449834
3560,1897.4198504514757
3561,1897.6712611641099
3562,1898.5188575954169
3563,1898.7701002672497
3564,1899.7519679234506
3565,1900.2783914743236
3566,1901.0155529507529
3567,1901.2582189235031
3568,1901.7395266554297
3569,1901.8533310666714
3570,1902.105378955592
3571,1902.8495874214341
3572,1904.0310383904457
3573,1905.4914179192451
3574,1906.0295978345548
3575,1906.471311955456
3576,1906.72544125332
3577,1907.3869698048004
3578,1907.5119695566775
3579,1908.5424331773727
3580,1909.4739752424123
3581,1909.5631844137943
3582,1909.7731801480463
3583,1910.13558061447
3584,1910.5198534168958
3585,1911.2646183150994
3586,1911.3687709300491
3587,1911.5757107203851
3588,1911.9119797462533
3589,1913.144289587852
3590,1913.4791780545545
3591,1914.3226895971777
3592,1914.8650473148336
3593,1915.4339938039197
3594,1915.5703760749768
3595,1915.8944218120805
3596,1916.0613580628644
3597,1917.0734715679328
3598,1918.192911120721
3599,1919.101494223414
3600,1919.3795869557841
3601,1919.6575032181547
3602,1921.7198442909837
3603,1922.5153772173649
3604,1922.9769590631186
3605,1923.2034502174188
3606,1923.4774519984469
3607,1923.78293480717
3608,1924.4292538130887
3609,1925.6007426915546
3610,1926.4271408053403
3611,1927.0424122325812
3612,1927.2186259492848
3613,1927.9478201292943
3614,1927.9955864872875
3615,1928.2747912551026
3616,1928.8303237570253
3617,1929.1009871850347
3618,1929.5082685298466
3619,1929.5969031228553
3620,1929.8405369013308
3621,1931.1737896886934
3622,1931.3101025643318
3623,1932.8875510314854
3624,1932.9972947137871
3625,1933.8881663377826
3626,1934.3450367320822
3627,1934.6413237931019
3628,1934.9207707029334
3629,1935.6546131822809
3630,1935.9308619008418
3631,1936.2400523907404
3632,1936.7575675602884
3633,1937.7449204538216
3634,1939.3438197508176
3635,1939.5500536476402
3636,1939.5772719449758
3637,1939.9928790412312
3638,1940.947169352514
3639,1941.0273334585938
3640,1942.6570673559784
3641,1943.5120350612915
3642,1943.6333513315874
3643,1944.3213266497755
3644,1945.6400186474941
3645,1946.481265286526
3646,1947.0838659929643
3647,1947.7878655488412
3648,1948.0080055907815
3649,1948.917901032901
3650,1949.6231717420433
3651,1949.6395267922021
3652,1949.9183947583003
3653,1951.4469697698464
3654,1951.8861030322166
3655,1952.6358212037908
3656,1952.8895261721423
3657,1953.383872076517
3658,1953.8353503619273
3659,1954.1371603531734
3660,1954.4214792878756
3661,1954.9226390352258
3662,1955.156611550274
3663,1955.9209745908181
3664,1956.9599047748179
3665,1957.7338643470828
3666,1957.7498489964457
3667,1958.293485335271
3668,1958.3671658900948
3669,1958.8501956429147
3670,1959.1973222153006
3671,1960.1427541883941
3672,1961.7325039719653
3673,1962.5853441813781
3674,1962.9871585456547
3675,1963.9939800358895
3676,1964.3883967092938
3677,1964.8745394884245
3678,1965.5001315748054
3679,1966.1893421755126
3680,1966.5418390678644
3681,1966.6664702925423
3682,1966.9957927166181
3683,1967.6752628813726
3684,1967.8349598133705
3685,1968.4216204571044
3686,1968.4571133652298
3687,1968.8864970419113
3688,1969.8048515491639
3689,1971.241087360092
3690,1971.7431470640779
3691,1972.2441154404332
3692,1972.8130768292863
3693,1973.1593259526737
3694,1973.8192931343674
3695,1974.5526443844933
3696,1975.1926635060008
3697,1975.9385766857697
3698,1976.4318003716987
3699,1977.1817818336051
3700,1977.5717253919836
3701,1978.0688981691267
3702,1978.9123393411066
3703,1980.6944183426729
3704,1980.7597407360702
3705,1981.1599884196835
3706,1981.5240224870361
3707,1982.1594561405432
3708,1982.5856925182252
3709,1983.5218127750288
3710,1984.1839246612735
3711,1985.4807073418228
3712,1985.9525076452405
3713,1986.2934822351594
3714,1986.3355366265835
3715,1986.351047662261
3716,1986.8574827934499
3717,1987.5274789793975
3718,1987.6951629418327
3719,1988.8119098745231
3720,1988.9424474968771
3721,1989.9259455848442
3722,1990.6906287192733
3723,1991.5346595307903
3724,1992.1329945576215
3725,1992.61958214481
3726,1993.3655371475982
3727,1993.5921860914716
3728,1993.7117758865354
3729,1993.9517760656561
3730,1994.5927385368277
3731,1994.7864440474766
3732,1995.1997405895556
3733,1996.1460165110254
3734,1997.8946011717931
3735,1998.3855464217474
3736,1998.8165868230496
3737,1999.6532138749824
3738,1999.7600671193336
3739,2000.9350870779886
3740,2001.8416474315727
3741,2002.1588327205072
3742,2003.6820419270739
3743,2005.2496813612943
3744,2005.7910094731774
3745,2006.29887274463
3746,2006.3881829821869
3747,2007.5834559469558
3748,2008.0427543251676
3749,2008.2201704615777
3750,2008.3734547719982
3751,2008.9089276524389
3752,2009.2939379609234
3753,2009.402267271143
3754,2011.3329139307634
3755,2012.0836093922312
3756,2012.5010868488564
3757,2012.9244559818176
3758,2013.5138331018532
3759,2013.7594477841972
3760,2013.9634660660904
3761,2014.893492213248
3762,2014.9224821690307
3763,2015.6610440818934
3764,2016.1370918800496
3765,2016.2915306513423
3766,2016.9442011215674
3767,2017.9946055720284
3768,2018.1507802674162
3769,2018.8684522617357
3770,2019.3577609400618
3771,2020.0404632373791
3772,2021.6739968846625
3773,2021.8871377979308
3774,2022.0670345385513
3775,2022.7433091001269
3776,2022.9014215801476
3777,2023.4306820655595
3778,2024.0568706011986
3779,2025.0696978255057
3780,2025.352955329249
3781,2026.3123829207261
3782,2026.7494851686088
3783,2027.9141516846726
3784,2028.3654591828004
3785,2028.5309957009081
3786,2030.1640913037756
3787,2031.1336580920699
3788,2031.3389138447344
3789,2032.142441271812
3790,2032.313076644115
3791,2033.2464434457322
3792,2033.3742493772561
3793,2034.8149509370219
3794,2034.853913270053
3795,2035.509386388301
3796,2036.0087913208331
3797,2036.6750674062109
3798,2037.315566874076
3799,2037.3294262683296
3800,2038.9008893326775
3801,2039.444862291637
3802,2039.9238582223645
3803,2040.0504997946814
3804,2041.27803258982
3805,2042.35617667356
3806,2042.8562469179417
3807,2044.3899521271608
3808,2044.533048948435
3809,2044.6967097681265
3810,2044.9367037151894
3811,2045.4079827207097
3812,2045.5660544139303
3813,2045.579874694922
3814,2046.463198787294
3815,2046.9876060679769
3816,2048.4341973055475
3817,2048.4457711437508
3818,2049.0211444435222
3819,2049.3466508422198
3820,2049.9283291215147
3821,2050.5557458854364
3822,2051.8345888964759
3823,2052.2213970670105
3824,2052.7103768038669
3825,2053.0363098703638
3826,2053.3135497958988
3827,2053.6879538303406
3828,2054.326625664627
3829,2055.3347207801216
3830,2056.8889951454466
3831,2057.582295860826
3832,2057.9892860162477
3833,2059.0816683387379
3834,2059.3269430130372
3835,2060.0044169654557
3836,2060.9476727055662
3837,2062.2166199672683
3838,2062.7861261118578
3839,2063.8239218384024
3840,2064.7021002776
3841,2064.8742301541756
3842,2066.07846898566
3843,2066.573694344765
3844,2067.2257503483606
3845,2067.2577610768362
3846,2067.7395022282672
3847,2068.4068937137167
3848,2069.243287156949
3849,2070.4378889663258
3850,2071.0646563283326
3851,2071.6741905340873
3852,2072.097807356397
3853,2072.4153831568633
3854,2072.9497230826582
3855,2073.3295869301705
3856,2073.3817352152205
3857,2073.9871105840402
3858,2074.0692809917305
3859,2074.5880465849773
3860,2075.21386244321
3861,2076.0835759074562
3862,2076.4167141844532
3863,2076.7958781724437
3864,2077.2995941907711
3865,2077.6581143722105
3866,2078.0628270528432
3867,2078.9800483710837
3868,2080.3056966381541
3869,2081.0819193136153
3870,2082.5525957815316
3871,2083.1682655732061
3872,2083.4317471788017
3873,2084.2847045771705
3874,2084.7220520443461
3875,2085.8423078251185
3876,2086.2218671923461
3877,2087.3525643568391
3878,2087.9204242171763
3879,2088.9954589425352
3880,2089.2274265251363
3881,2089.6292865965261
3882,2090.0588157970433
3883,2090.7185268466114
3884,2091.1667012642338
3885,2092.5387489443115
3886,2092.6845517761899
3887,2094.0299576886914
3888,2094.4115393733887
3889,2095.1667322895282
3890,2096.1253222688574
3891,2096.5305736257396
3892,2096.6762278174924
3893,2097.8043214516024
3894,2098.2929198267466
3895,2098.8739193951719
3896,2099.2456103682644
3897,2100.1636520455327
3898,2101.061407338198
3899,2101.8791870626778
3900,2102.2514219724749
3901,2103.0734139089336
3902,2103.4144688675747
3903,2103.9117165197881
3904,2104.1753284245533
3905,2104.4388591546431
3906,2104.8684840191722
3907,2105.1883418449529
3908,2105.4124731217235
3909,2106.6995976341441
3910,2107.8813925593108
3911,2108.0564847365708
3912,2108.7673033862329
3913,2109.95632753769
3914,2110.2378164294414
3915,2110.7537211591589
3916,2111.5073636727034
3917,2112.010897391352
3918,2112.5748515569267
3919,2112.9814746956895
3920,2113.6001932005452
3921,2114.984139165424
3922,2116.3071185258545
3923,2116.6422734316861
3924,2116.8227192147619
3925,2117.1888450888487
3926,2118.4749668433515
3927,2118.7215194774922
3928,2119.30739530659
3929,2120.3207535636325
3930,2121.8945953277239
3931,2122.9184279443575
3932,2123.7894143325266
3933,2124.6906041819957
3934,2124.940162789344
3935,2125.4415359533014
3936,2125.898774798226
3937,2126.8800485078577
3938,2127.0705946001012
3939,2127.4159400276649
3940,2128.0739335822182
3941,2128.9206667638427
3942,2129.0295595220236
3943,2129.3550608439209
3944,2129.950177595912
3945,2130.8967083694179
3946,2131.606585286374
3947,2131.8857416336627
3948,2132.3248114159915
3949,2132.5967419668837
3950,2132.9859330944264
3951,2133.7778765973758
3952,2134.0597251843756
3953,2134.6861653906617
3954,2136.1939549296435
3955,2136.820767755119
3956,2137.4684374756789
3957,2137.8522866302146
3958,2138.6023358021089
3959,2140.102639181172
3960,2140.7359741280943
3961,2142.2263856062127
3962,2142.608951139794
3963,2143.3629722291571
3964,2143.7980772866922
3965,2143.9069920081947
3966,2145.3778747242222
3967,2145.7533565440162
3968,2146.9956733612771
3969,2147.3509310003296
3970,2148.1460649719493
3971,2148.6807041754259
3972,2149.0740951463258
3973,2149.9091401693022
3974,2150.3806806384969
3975,2151.5834541731474
3976,2152.113372969332
3977,2152.4331852216546
3978,2153.727775291828
3979,2154.0435846528308
3980,2155.0857482926444
3981,2155.5388487363425
3982,2155.8075087096177
3983,2156.0268476710753
3984,2156.152861056762
3985,2157.0652742468196
3986,2158.4679372752903
3987,2158.8775162176871
3988,2159.254874355287
3989,2160.5439193087436
3990,2161.5391597605671
3991,2162.1088039494066
3992,2162.944886270916
3993,2163.5340039508155
3994,2164.0092766478961
3995,2164.5485821645857
3996,2164.8106292759726
3997,2165.0070609026657
3998,2165.5731346525204
3999,2167.1984979887452
4000,2167.2714914882322
4001,2167.4303114795644
4002,2167.7498455625464
4003,2168.0491620260782
4004,2168.9409713242962
4005,2170.5843439660184
4006,2171.177521662768
4007,2171.4409377745706
4008,2171.5502398580952
4009,2172.9945879578813
4010,2174.020485301055
4011,2174.491944844618
4012,2175.7433551926283
4013,2175.9759857588087
4014,2176.7353176151619
4015,2177.4856751613806
4016,2177.8062762902009
4017,2178.4118331455666
4018,2179.2549518374954
4019,2180.6666408278152
4020,2181.4595630349877
4021,2181.6940540989253
4022,2182.5305879371572
4023,2182.6804106516379
4024,2183.4546769403005
4025,2184.8305229415496
4026,2185.7450204794768
4027,2185.9845586247689
4028,2186.5023359388824
4029,2186.5192987478986
4030,2187.5410736143763
4031,2188.2241162426926
4032,2188.5802574002723
4033,2189.928524049848
4034,2190.9999694998583
4035,2191.1879496279207
4036,2191.2753219465367
4037,2192.6364524702803
4038,2193.2660073727984
4039,2193.6285861534566
4040,2193.8582009310585
4041,2194.2696709522916
4042,2195.0525288759163
4043,2196.155190826089
4044,2196.4577051727406
4045,2197.8173425537698
4046,2199.3341522127816
4047,2200.1631907934784
4048,2200.3934263679539
4049,2201.9842542360511
4050,2202.2266181333098
4051,2202.7969368874192
4052,2203.5292794392194
4053,2204.200653473169
4054,2204.9231328149431
4055,2205.6406391551423
4056,2206.1276196043932
4057,2206.4086740320436
4058,2207.428341229398
4059,2207.7405220376863
4060,2208.2045859868499
4061,2208.8021892875067
4062,2209.6256802717785
4063,2209.8465230204956
4064,2210.0744091074503
4065,2212.0210597743048
4066,2213.7651255250212
4067,2214.1564917468668
4068,2214.8523129452183
4069,2215.5630364983117
4070,2215.7751484877867
4071,2215.9230376509931
4072,2217.6934947465688
4073,2218.1958373164516
4074,2218.561625214194
4075,2219.1967803157654
4076,2219.8858892984167
4077,2220.9649128839742
4078,2222.17882759241
4079,2223.0213913132329
4080,2223.1562913818407
4081,2223.2879867795846
4082,2223.7487415031369
4083,2224.0256360276449
4084,2224.3263840009463
4085,2224.493795657073
4086,2225.6747190211986
4087,2225.7029602721163
4088,2226.5926453940465
4089,2227.053990135254
4090,2227.3627530269719
4091,2228.0999994540607
4092,2229.8908588918011
4093,2230.7716810496586
4094,2230.9102191814113
4095,2231.0955963347096
4096,2231.6208430385427
4097,2232.5096054513729
4098,2232.9963967423355
4099,2233.3827067685534
4100,2235.3348467294504
4101,2235.9593815361582
4102,2236.3628380908863
4103,2237.7074128566887
4104,2238.4241277211722
4105,2239.3528383920552
4106,2239.9020403723939
4107,2241.3381580822229
4108,2242.4924828843732
4109,2243.0573047495154
4110,2244.1649646935939
4111,2244.7783347465379
4112,2245.5404881201125
4113,2245.7173426905451
4114,2246.1843877915148
4115,2246.6484101249266
4116,2247.1077474606163
4117,2247.5844867646301
4118,2248.1924645499766
4119,2250.0566682781891
4120,2250.4157208314873
4121,2251.1373781907237
4122,2251.5276426921391
4123,2252.722792169975
4124,2253.1373650321698
4125,2253.4417284541441
4126,2254.0966208173336
4127,2254.720965448153
4128,2255.6825446307639
4129,2256.2205700867439
4130,2256.3920200953453
4131,2256.8592354067423
4132,2258.7864654363016
4133,2259.2369316095342
4134,2260.45249251722
4135,2261.2822363256882
4136,2262.4031489443546
4137,2262.7442861908862
4138,2263.2126605813087
4139,2264.1528457182108
4140,2264.2792287894208
4141,2265.2167601054457
4142,2265.2367169090321
4143,2266.2346685147072
4144,2267.5676204402157
4145,2268.1647882911811
4146,2268.8936038949582
4147,2268.9810779439549
4148,2269.9260926896677
4149,2272.1273082442199
4150,2272.5508460809565
4151,2272.9973769398939
4152,2273.5679717753765
4153,2274.6078255391549
4154,2274.9901552394517
4155,2276.6313124865528
4156,2276.6774438662687
4157,2277.1724323132735
4158,2277.3216193041176
4159,2278.205616516123
4160,2279.8790586953974
4161,2280.2375688218081
4162,2281.0264018722723
4163,2281.5781961898338
4164,2282.0276169787394
4165,2282.3581487263332
4166,2282.3712981335057
4167,2282.4288635606108
4168,2282.7507316606793
4169,2282.8672140713293
4170,2283.1130314219558
4171,2283.4068026206905
4172,2283.5280681324589
4173,2284.6261036683104
4174,2286.0406274152092
4175,2286.8820949751721
4176,2289.6851949280749
4177,2289.7624041835002
4178,2290.8928770520361
4179,2291.5059320909845
4180,2292.4002553683558
4181,2292.7079484671754
4182,2293.3352798287156
4183,2294.8530641451957
4184,2296.1452907770363
4185,2297.0553111569525
4186,2297.5186005123483
4187,2298.0749379020458
4188,2299.6320792989172
4189,2299.7670564193122
4190,2300.5668899083416
4191,2301.4324180187732
4192,2301.8491978766738
4193,2302.8438686278491
4194,2303.7835443836384
4195,2304.1205702235175
4196,2304.7849989188653
4197,2305.3525875995647
4198,2305.5674030898927
4199,2305.744292893532
4200,2307.9856398517072
4201,2308.4032995592861
4202,2308.9192421446473
4203,2309.6464961935526
4204,2311.130741876847
4205,2311.3868157393504
4206,2311.8605457103936
4207,2312.4818824053355
4208,2312.7928348363266
4209,2313.4130651368641
4210,2313.9895214351982
4211,2315.8923497990149
4212,2317.1004014322534
4213,2318.0999204505492
4214,2318.8266812787656
4215,2318.9958713623514
4216,2319.272571204855
4217,2319.6837478557254
4218,2320.5841304197679
4219,2320.8575698484751
4220,2321.1475137238526
4221,2322.0184695025091
4222,2323.7032308550711
4223,2324.197224522733
4224,2325.7027530135333
4225,2326.6046619139324
4226,2326.9746992490768
4227,2327.7012124230259
4228,2327.89386487818
4229,2328.6445759981098
4230,2329.4616031100977
4231,2329.7485306951721
4232,2330.4691346713585
4233,2330.7555673181205
4234,2332.8879245499174
4235,2333.3933827724236
4236,2334.6030272869011
4237,2335.1686777073901
4238,2335.7038348032202
4239,2335.9430888330871
4240,2337.3572499782695
4241,2337.7947382409216
4242,2338.3153681550884
4243,2338.4582939049869
4244,2339.3208973834767
4245,2339.621358610731
4246,2340.1526927665923
4247,2340.7745256664757
4248,2340.9095628171044
4249,2341.1801395384446
4250,2341.9465586521947
4251,2342.5389684549741
4252,2343.9423833417127
4253,2345.7966647991725
4254,2346.8040680489289
4255,2347.4256483284616
4256,2348.1174352413655
4257,2348.6584665638056
4258,2350.0703020259789
4259,2350.8719212796241
4260,2351.686742852683
4261,2352.2123826180705
4262,2352.5562119643791
4263,2354.1532044553965
4264,2354.9251973093424
4265,2355.3796327324317
4266,2355.9726945998414
4267,2356.6743921875977
4268,2356.8289388896683
4269,2357.393465556961
4270,2358.1766399634785
4271,2359.0156508935438
4272,2361.3130652736399
4273,2362.2380752601202
4274,2362.970027736249
4275,2363.2952009241944
4276,2363.9240471493899
4277,2365.0090867966337
4278,2365.5800867175913
4279,2366.156887137804
4280,2366.6607064130339
4281,2368.1422667532515
4282,2369.004144970525
4283,2369.2002836739389
4284,2369.8679032554287
4285,2370.0892336703928
4286,2370.0986337197301
4287,2370.5992331646976
4288,2372.5409495440467
4289,2373.4626033223963
4290,2373.8314240148006
4291,2374.4151522291077
4292,2374.7815075673252
4293,2375.3812190216249
4294,2376.4588732757288
4295,2376.4691512489071
4296,2377.3291750535677
4297,2378.3400087739719
4298,2378.9060946386248
4299,2380.0473112362001
4300,2382.3598496041695
4301,2382.8828719133012
4302,2383.7864118505472
4303,2384.0395978529245
4304,2384.6521991876316
4305,2385.5512220414766
4306,2385.7604400583782
4307,2386.9057034521279
4308,2389.1029798201926
4309,2389.8649967063116
4310,2390.5858778225524
4311,2390.6015068799361
4312,2391.3417989658083
4313,2392.0181832983217
4314,2392.0682150783168
4315,2392.4099489048745
4316,2393.1420549729064
4317,2394.752337123226
4318,2395.2124384443896
4319,2395.2235927022516
4320,2396.4884936959866
4321,2397.4068962891101
4322,2397.8152185448412
4323,2397.9670207165941
4324,2398.6304207948624
4325,2399.286636649229
4326,2400.1063695687608
4327,2400.2899777429511
4328,2401.8224081254416
4329,2403.3947879895959
4330,2403.6209032987931
4331,2404.9188818500211
4332,2405.6452465787779
4333,2406.7027470414041
4334,2407.6794055164501
4335,2407.9925478852929
4336,2408.6560179485859
4337,2409.3734609773774
4338,2409.8702012405279
4339,2410.5020737147793
4340,2411.5818319132263
4341,2412.1470174925043
4342,2413.1449585053738
4343,2413.9802398867182
4344,2415.6906954423953
4345,2416.9041451073035
4346,2417.8301931783212
4347,2418.6542420679448
4348,2419.116803848196
4349,2419.4969956707173
4350,2419.9123054299939
4351,2420.264161123092
4352,2420.7916839827758
4353,2421.2154430791147
4354,2422.2350501497417
4355,2422.6140661438567
4356,2423.3936782608157
4357,2424.1253867297924
4358,2424.9879307606511
4359,2425.8422558813349
4360,2426.0766766106117
4361,2426.5742130904464
4362,2427.2025787207422
4363,2429.4787309188332
4364,2430.2380122715417
4365,2430.626050381773
4366,2433.4365996489983
4367,2433.9310886076364
4368,2434.195465270981
4369,2434.5077042748562
4370,2435.0128063380894
4371,2435.9225081054055
4372,2438.0773202903229
4373,2438.472667877435
4374,2439.0254212705531
4375,2439.8782359518618
4376,2440.344383694332
4377,2440.7270857131412
4378,2441.4091744839675
4379,2442.7344759545113
4380,2443.1795006786583
4381,2443.3307674699363
4382,2444.4935996495174
4383,2445.8593953968257
4384,2446.1769576562056
4385,2446.7932148939335
4386,2448.0420213174089
4387,2448.1428695060986
4388,2448.822359617719
4389,2450.0550565807584
4390,2450.6895878314672
4391,2451.5843186247744
4392,2452.2822740439387
4393,2453.5144784883887
4394,2453.5581005502613
4395,2454.38030565997
4396,2454.6590488208112
4397,2455.7012580065466
4398,2456.3543267312693
4399,2456.6226205255816
4400,2457.2210263461307
4401,2458.4342465066356
4402,2459.7240792028629
4403,2460.1963779600619
4404,2461.3867111035338
4405,2462.1054704889525
4406,2462.5492264327913
4407,2462.9691694340604
4408,2464.1282351870705
4409,2464.1899582197825
4410,2465.1066819069106
4411,2466.7430690271276
4412,2467.6420052655599
4413,2468.0752237130305
4414,2470.5140662806211
4415,2470.6495698605963
4416,2472.0276262982106
4417,2472.3937807367906
4418,2473.1165412342002
4419,2473.6812036580022
4420,2473.8766185354784
4421,2474.0794719467758
4422,2474.4344999493351
4423,2475.5705084881747
4424,2477.7205430051636
4425,2478.0312457169275
4426,2478.2090835560548
4427,2480.5735823740411
4428,2480.990750889805
4429,2481.4395471117623
4430,2481.7124609501534
4431,2483.4704913615296
4432,2483.552669818685
4433,2484.7599315857419
4434,2486.543619041081
4435,2487.2137594862247
4436,2487.5410097809622
4437,2487.83935095675
4438,2488.4241118318077
4439,2489.3821754678274
4440,2490.024016943752
4441,2491.8557099028808
4442,2491.895775867486
4443,2493.3651057520015
4444,2493.8516299765897
4445,2494.3516962095741
4446,2494.9266125792387
4447,2495.8154305491098
4448,2497.8865726208992
4449,2498.6443491717632
4450,2499.5198700449928
4451,2499.7868788295332
4452,2500.084912009343
4453,2501.3787478741979
4454,2501.6488176077705
4455,2502.7567424979834
4456,2502.7609513378775
4457,2503.67923956187
4458,2504.3201138169902
4459,2504.694260674155
4460,2505.0884473883998
4461,2505.4261564684293
4462,2506.9072274343216
4463,2507.1680217235785
4464,2507.4543566458219
4465,2507.6956897811228
4466,2509.2131420925712
4467,2511.5505170401439
4468,2512.3750272721359
4469,2513.0019623019689
4470,2513.3813215807136
4471,2514.2343270996676
4472,2514.8205075735982
4473,2516.3871122792457
4474,2517.2052870328448
4475,2518.5979773646241
4476,2520.0916794117861
4477,2520.4765658402703
4478,2521.1432740688078
4479,2521.7766186722438
4480,2522.2780999882043
4481,2522.4416269330209
4482,2523.6077861478984
4483,2523.9499384225146
4484,2524.4451121267025
4485,2526.0463460084852
4486,2526.4322426646659
4487,2527.4596124410282
4488,2528.971866320474
4489,2529.2379013565651
4490,2531.5035508378369
4491,2532.0855267428001
4492,2532.9513568432644
4493,2533.3322741191523
4494,2533.9931495994629
4495,2534.6329182261597
4496,2536.2640586467246
4497,2536.7643370801457
4498,2537.4314920193301
4499,2537.5545315867698
4500,2538.1279004644593
4501,2538.8035621725853
4502,2540.0314033161899
4503,2541.9871542786495
4504,2542.2924812161709
4505,2543.0366438501951
4506,2543.7346889377968
4507,2544.9131303268282
4508,2544.9521112902007
4509,2545.9841708276035
4510,2546.2317005100144
4511,2546.8151318194068
4512,2548.6499204068868
4513,2548.9802844610022
4514,2550.9643197063224
4515,2551.0494312211604
4516,2551.2498239063643
4517,2552.0935943405611
4518,2552.5401219400915
4519,2553.0967391318932
4520,2554.6227347496319
4521,2555.201899628813
4522,2556.8525848272898
4523,2558.2658568611573
4524,2558.430574115212
4525,2558.7472571809662
4526,2559.397456820875
4527,2560.4063189181829
4528,2561.3901900691126
4529,2561.7914049198948
4530,2562.9100050432339
4531,2563.5982614076324
4532,2563.8287445639326
4533,2565.611372673909
4534,2565.9019309877281
4535,2566.7459059468415
4536,2567.9773430848677
4537,2568.6140342692106
4538,2570.3416270698008
4539,2570.4039321590758
4540,2571.1971149090155
4541,2571.9311074212983
4542,2572.5723425578308
4543,2574.1113665503653
4544,2575.4254439110664
4545,2575.9800751534685
4546,2576.3959657290534
4547,2577.4452715284738
4548,2578.4711655791439
4549,2579.6268608115397
4550,2579.9893113314265
4551,2580.4513609025898
4552,2581.3554419203115
4553,2582.2537587009356
4554,2582.9944263721209
4555,2583.4004027812875
4556,2583.8724419005944
4557,2584.2856509446401
4558,2585.619767643826
4559,2587.3685705701296
4560,2588.6913472640454
4561,2589.4066885632515
4562,2590.0401402751081
4563,2590.8072636142583
4564,2591.7878645890301
4565,2592.5986317781849
4566,2594.0071230090339
4567,2594.1856365587364
4568,2594.8712286996301
4569,2595.3700220650576
4570,2596.4207591565723
4571,2598.084610252421
4572,2598.6411680460837
4573,2599.6144396186983
4574,2599.7721963131858
4575,2600.7622938059535
4576,2600.9561777224858
4577,2602.1021614746805
4578,2603.6646093094223
4579,2604.7274375956895
4580,2606.6851657636594
4581,2606.9429110685496
4582,2606.9955825127531
4583,2607.4695606465343
4584,2607.6211832288236
4585,2608.4629491200249
4586,2608.7643811827138
4587,2610.17271187708
4588,2610.4742661819582
4589,2611.2192194428335
4590,2612.6866673593504
4591,2613.7408934079117
4592,2614.8715011271888
4593,2615.7369234944667
4594,2615.877343221639
4595,2617.2952374290007
4596,2618.1936450897419
4597,2618.3982124297327
4598,2619.0824489213169
4599,2620.5304675248153
4600,2621.3784779640378
4601,2622.4345236334161
4602,2622.9998701210234
4603,2623.6325319989023
4604,2624.8539771371384
4605,2626.2413242575913
4606,2627.5628070693106
4607,2628.298400077435
4608,2628.9757853494912
4609,2630.3311050991001
4610,2630.660430229329
4611,2632.9042867219828
4612,2632.9245589589341
4613,2633.2839499724537
4614,2634.0989894011045
4615,2634.5449461159219
4616,2635.6648418523168
4617,2635.8317565148282
4618,2636.3810053509501
4619,2636.5293508025638
4620,2638.6249455852626
4621,2640.5861296069279
4622,2641.545568523261
4623,2642.1214696935599
4624,2642.9386950295379
4625,2643.4775579335792
4626,2645.1501557705533
4627,2645.5949568732208
4628,2646.1995472457211
4629,2647.9782842807385
4630,2648.5601263809626
4631,2648.7394961552764
4632,2648.8248481354622
4633,2649.2633015012962
4634,2650.5368320771463
4635,2652.0017411630192
4636,2652.3185612771254
4637,2652.5312986646004
4638,2653.4102366211755
4639,2653.9375282698397
4640,2655.6332560413521
4641,2656.1822200975639
4642,2657.2185479149425
4643,2658.0727120138563
4644,2658.3270525195612
4645,2659.6242043084458
4646,2660.9668841898588
4647,2661.3710108533423
4648,2662.0936567255017
4649,2663.687720958952
4650,2665.8203436185645
4651,2666.1868264508998
4652,2666.4897539313311
4653,2667.2711178275968
4654,2667.6909650748171
4655,2669.040834366976
4656,2670.487072440545
4657,2671.6167927652486
4658,2673.2823907575785
4659,2673.5935080293762
4660,2674.4586823569093
4661,2674.8793028017926
4662,2674.9477896291505
4663,2675.099655514196
4664,2676.5221375737401
4665,2676.959919903747
4666,2678.1347788518697
4667,2679.9444626819718
4668,2680.5313775144436
4669,2682.3083789486404
4670,2683.2725209635246
4671,2683.4142456766358
4672,2683.6278822313234
4673,2684.7112023407144
4674,2686.2568363854411
4675,2686.7242142086998
4676,2687.3455245627688
4677,2687.3713264859844
4678,2689.3952107141076
4679,2690.1717416655883
4680,2691.2694423781368
4681,2693.0656543257269
4682,2693.5528088281876
4683,2694.7266674568191
4684,2695.1922612718286
4685,2695.4315147782531
4686,2695.8591355659605
4687,2696.6394962920517
4688,2696.819660463013
4689,2697.2340758320242
4690,2698.087193991656
4691,2698.3849914315997
4692,2700.8028371084906
4693,2702.7093188999038
4694,2704.1795481528766
4695,2704.8303551612794
4696,2705.5706839489412
4697,2706.3610717420229
4698,2707.4687564136202
4699,2708.0124513239616
4700,2708.9011317315676
4701,2709.6225391504977
4702,2710.2707013189101
4703,2711.2814390666167
4704,2712.6847974131915
4705,2713.6664397923987
4706,2714.2946278207928
4707,2714.5905695697224
4708,2715.0084348772652
4709,2715.8651952262599
4710,2717.3581219094403
4711,2718.5368415668345
4712,2718.6556754586941
4713,2719.468282996866
4714,2722.0067964870645
4715,2722.8084102537523
4716,2724.0684545818299
4717,2724.5269540668687
4718,2725.2546197347856
4719,2725.9123088409574
4720,2726.7548305313721
4721,2728.0346007031662
4722,2728.7540763172947
4723,2730.0127256502124
4724,2730.5095635536659
4725,2731.3142458134043
4726,2731.8192475900951
4727,2733.2934517350145
4728,2733.5321346078581
4729,2733.8069066097451
4730,2734.7927792445689
4731,2735.3907280655949
4732,2736.5091005043851
4733,2738.274171435884
4734,2739.231314870276
4735,2739.5619035114964
4736,2740.1683902160339
4737,2741.5148648724999
4738,2742.3802039206221
4739,2742.7718857034233
4740,2744.4963029424202
4741,2744.9502289443403
4742,2746.0345395471418
4743,2748.3411893137391
4744,2748.8011418720766
4745,2749.8285337051116
4746,2750.8589978567029
4747,2751.0041823007309
4748,2751.5155956109293
4749,2751.6899774827616
4750,2753.4672665359999
4751,2754.3776193841381
4752,2756.0254816772626
4753,2757.398087305347
4754,2758.7370433738506
4755,2759.1783637998183
4756,2760.1104271614804
4757,2760.5870583623114
4758,2761.8338009816935
4759,2761.8600968789483
4760,2762.2050413542379
4761,2763.7062476085107
4762,2764.4341439545569
4763,2765.2221356310492
4764,2767.4338582730434
4765,2767.848546853917
4766,2767.9682012563626
4767,2768.362483484585
4768,2769.3596117559919
4769,2770.3012096527523
4770,2770.9264299415991
4771,2771.6023567449138
4772,2774.1102852331746
4773,2775.4682007319766
4774,2776.0320994138488
4775,2776.955029100191
4776,2777.3480023628026
4777,2778.8870403792798
4778,2779.0589884987162
4779,2780.0932311103456
4780,2780.3632048782129
4781,2783.5550325736858
4782,2783.9123386927608
4783,2784.3715529289288
4784,2785.2997701996728
4785,2786.1786075767127
4786,2786.7964684471681
4787,2787.5114482983463
4788,2788.0683903528056
4789,2790.680023579142
4790,2791.1329094278476
4791,2791.4487768630643
4792,2791.6528824190304
4793,2793.35724532729
4794,2794.7078586321072
4795,2795.9052964199373
4796,2797.1829836112715
4797,2798.1183952040587
4798,2798.5066094350595
4799,2798.5140523219061
4800,2799.2297416056831
4801,2800.4461566053174
4802,2801.7915201404758
4803,2802.9939917544079
4804,2803.3445726637196
4805,2805.0953338531522
4806,2805.3928001214563
4807,2805.6596778143053
4808,2807.3170000783757
4809,2808.282547030672
4810,2809.2708400230827
4811,2811.5606151253851
4812,2811.646782062297
4813,2812.2277684323212
4814,2812.7115621659309
4815,2814.0174566917581
4816,2816.3170821510048
4817,2817.2067268569208
4818,2817.341202901714
4819,2818.0759640890201
4820,2818.8825565407692
4821,2819.3447688332385
4822,2821.5097090415557
4823,2822.3409395437734
4824,2823.8715910944493
4825,2824.7223457957698
4826,2825.4027904730815
4827,2825.5372041963287
4828,2825.9339612826125
4829,2826.7870405160547
4830,2826.8691248772416
4831,2829.3943783006944
4832,2830.5187050410295
4833,2831.4846673907418
4834,2832.2371179051302
4835,2834.2108653392816
4836,2835.06849189901
4837,2835.9795478901265
4838,2836.5247603691978
4839,2838.0782347877885
4840,2838.4886625021009
4841,2839.0329095646225
4842,2840.918529205921
4843,2841.7048416813104
4844,2842.4720780450275
4845,2843.8038569597484
4846,2844.1489771248357
4847,2846.4140524586683
4848,2846.8974214893606
4849,2847.3262552914975
4850,2847.4336447711398
4851,2849.2926119844674
4852,2849.4202773715656
4853,2851.119260999727
4854,2851.96707135513
4855,2854.0474770666983
4856,2855.2467394588557
4857,2855.9652370850945
4858,2856.0598530649595
4859,2856.7125134905173
4860,2858.5626110882909
4861,2859.9705086113067
4862,2860.8058494976312
4863,2862.0160430576011
4864,2863.440995959013
4865,2863.620113496765
4866,2864.3975688461819
4867,2865.8316153730557
4868,2866.8057967236027
4869,2867.1839237463382
4870,2869.0543099090874
4871,2870.3856469383986
4872,2871.1071513547154
4873,2872.1505623039934
4874,2873.719739925662
4875,2874.9605267160759
4876,2875.6868650075758
4877,2876.4817375765106
4878,2877.4210921592658
4879,2878.8015045067536
4880,2880.7526560742899
4881,2881.4684767418162
4882,2882.8208342574844
4883,2884.3425247553109
4884,2885.4591074437426
