# Domain: H_shaped (DST, convergence sweep, dense eig full spectrum)
# Resolution M = 116, dofs = 10336
# Computation time: 19.2239 s
# Eigenvalues stored: 10336 of 10336
n,lambda_n
1,7.7586504289712819
2,8.5756279564038742
3,13.94049413816939
4,13.94433524816043
5,14.305748250111229
6,17.710337062172641
7,19.739208802156632
8,24.806325368136221
9,26.397531366770853
10,26.448484497509877
11,33.031514460828554
12,37.164274542834342
13,37.230093246307547
14,39.178457651240059
15,40.686599201685013
16,42.252632163279436
17,45.276863613348915
18,46.297651884397546
19,47.476115759830051
20,49.348022005449181
21,49.3480220054916
22,52.003838790927453
23,54.916302193480291
24,58.751325849170925
25,62.691422472480568
26,62.791001535037559
27,63.143183601088488
28,65.482399532054075
29,67.504261119698498
30,72.064447625348848
31,76.983086849081246
32,78.956835208726389
33,79.831329726922462
34,79.92007636435855
35,85.185815701695702
36,85.982028137802772
37,87.856962962267403
38,91.17688562712793
39,92.124361239518933
40,95.403579715043421
41,95.62471747043044
42,95.759486756385243
43,97.889212976004757
44,98.696044010879717
45,98.696044010900053
46,101.00454158712211
47,105.96105601438371
48,107.47124115349546
49,108.16255043200913
50,111.67525491102863
51,112.53663884879663
52,113.11919266785398
53,118.80868079881287
54,119.12294449852511
55,121.08512552952355
56,121.36089594039785
57,122.58171424076616
58,128.30485721411279
59,128.30485721417358
60,133.6177870288104
61,139.45457933051205
62,139.52449955197153
63,139.55900483116571
64,142.38881318380524
65,142.46471182629017
66,145.42728277114458
67,146.10323626242558
68,150.53721882948145
69,154.86995601727563
70,156.49204466386672
71,156.63274768808677
72,158.52044051110383
73,164.22128318302103
74,164.36701361425554
75,164.61564304761427
76,165.64401021203156
77,166.77509669348447
78,167.78327481849365
79,167.78327481852872
80,168.93155062580729
81,171.91034180318397
82,173.01761414372172
83,174.48082797511609
84,177.65287921960058
85,180.54379770557034
86,181.08671279202599
87,181.84131206082191
88,185.01937552102356
89,190.50691058313018
90,192.51313983928432
91,194.74448233495937
92,195.10351270459782
93,195.15452719452682
94,197.39208802178018
95,197.39208802178854
96,197.69807421697047
97,198.07590674975137
98,205.42860193581745
99,211.65697230208957
100,213.11345985476933
101,213.75224589672732
102,216.81477708214575
103,221.46256514975488
104,222.62434439375269
105,223.58292770187651
106,223.58836783231413
107,224.45413657756075
108,224.6929245363836
109,225.00840970992377
110,232.56501591165724
111,234.34775022182492
112,234.60511869582282
113,244.09961276696029
114,246.74011002718845
115,246.74011002723057
116,246.985581646594
117,251.29107565043554
118,251.30824947530883
119,252.25983380732436
120,252.36405097926442
121,253.85345643017942
122,254.94755721252554
123,255.71662472744097
124,256.60971442832505
125,256.60971442838911
126,257.4921788522679
127,260.53131944256404
128,260.6643781464316
129,262.94036297205434
130,267.04340421300054
131,268.00918023997542
132,269.23673616631856
133,276.36954388260216
134,277.21092582643178
135,277.32952121115488
136,277.46007444830047
137,282.7943543371095
138,285.61088774098005
139,286.21852763157466
140,286.21852763168187
141,289.42398335924128
142,289.84757626097218
143,289.90216650832309
144,290.3276897903375
145,294.74600945914347
146,294.81282568653654
147,302.03283714259032
148,302.23477828543065
149,305.43847792112871
150,305.79668003310792
151,306.71304862576739
152,314.39393709650489
153,315.82734083486775
154,318.57268634056322
155,318.6635476444165
156,319.58948319567304
157,322.92029253135166
158,323.22676686406453
159,325.28495230385636
160,326.81810425125389
161,327.41077379476258
162,331.87303798774792
163,335.56654963702039
164,335.56654963705262
165,338.58193424040473
166,341.63138783912075
167,345.99443394706879
168,348.17934429526599
169,349.54482583695437
170,352.73668794733794
171,353.98739515814748
172,355.44932927055822
173,356.26078076413648
174,359.01763088409592
175,360.67841636440011
176,361.45780123600684
177,363.17301558806565
178,363.47579684666846
179,364.70110162051816
180,365.17536284024703
181,365.17536284031354
182,365.43562239291697
183,368.63111961603306
184,370.33350583945912
185,372.80408754243746
186,373.97386533938516
187,374.18757324861144
188,374.18941099687186
189,381.43240554854333
190,382.43415411638364
191,385.00960555535676
192,387.5462780497781
193,389.41190486408169
194,390.70563858658085
195,391.27729799671931
196,394.78417604348658
197,394.78417604357378
198,398.81595359183615
199,404.37896870502624
200,404.53330499202974
201,404.6537804446653
202,404.65378044468395
203,405.23471771614845
204,405.74045039680993
205,405.74750952490803
206,406.39899756689698
207,412.50933820055633
208,415.32497492992849
209,416.73421925258856
210,416.78602867924189
211,422.8225530375737
212,428.16241269454952
213,429.81294803981979
214,433.12549879768261
215,433.73323935839858
216,433.74477809154018
217,435.50537766767962
218,439.33527882306794
219,441.96029755090103
220,442.57893032850774
221,444.1321980490107
222,444.13219804901667
223,446.68379457057165
224,448.25142426326261
225,448.4020653867284
226,451.87667461268126
227,455.83676940792117
228,460.82816315181759
229,462.51161882346531
230,464.08682234288813
231,464.65074587462902
232,470.68054859534544
233,471.86456681292492
234,475.09276012439221
235,476.46160436408252
236,476.69112486357471
237,479.7638589870088
238,480.48057518614286
239,480.81938647250382
240,485.52010109988186
241,486.43719994530511
242,487.39667309856395
243,489.79547965625534
244,490.69786610804397
245,491.81989942048847
246,492.92666254966383
247,493.48022005448274
248,493.48022005448524
249,493.4802200545044
250,494.08662730233038
251,494.69948074428834
252,495.86855774069596
253,500.05911907675704
254,505.79820823177607
255,507.78075932948161
256,512.14398484943035
257,512.67286782940948
258,513.21942885664726
259,513.21942885668409
260,514.98868891041991
261,518.32813864804416
262,518.89467304785103
263,523.08903325774929
264,523.08903325779579
265,523.76611013280706
266,524.78873165494952
267,525.42862598984459
268,526.22054012741103
269,529.93070138902317
270,534.28876066892963
271,534.54095102049655
272,538.00170707303516
273,540.20496981978204
274,540.30155317816775
275,541.85006171462805
276,542.04307753346666
277,542.50121789704224
278,544.37253253231586
279,552.4974268629885
280,556.07495331253403
281,557.07135555572847
282,557.46265070374682
283,560.02652190722927
284,561.40072947248416
285,563.7252180385758
286,567.64583758783215
287,569.0818164971231
288,569.26644065663527
289,569.40817423020303
290,572.4370552631666
291,572.43705526321673
292,575.47837146103177
293,576.63926292939186
294,583.01440317758147
295,586.22805817956942
296,588.13336252247575
297,588.45332390245312
298,589.79669970831446
299,592.39514451267019
300,594.31345442790462
301,596.26286755561171
302,597.02374104836872
303,597.84978053176656
304,602.04586846644895
305,602.04586846645043
306,608.93425492944596
307,612.51356627479163
308,614.85338291231074
309,615.51816270003337
310,615.60563222246333
311,616.21394955999415
312,619.77896279705021
313,621.83041649493748
314,622.72890725108175
315,623.18165895960146
316,626.35194688332263
317,630.16901751410614
318,636.63576396142139
319,637.41759533984521
320,637.59809615771997
321,638.12780271721113
322,639.6195376351485
323,640.26335570320521
324,641.49784035687105
325,641.52428607080776
326,641.52428607084278
327,641.5242860708579
328,641.52428607087381
329,642.50568203195519
330,645.27877013911416
331,648.95562571102198
332,648.96217737668496
333,654.77949798919985
334,656.68358955733777
335,658.92070899005773
336,659.35233002143059
337,661.86443582988727
338,662.62617379071685
339,666.17846760370935
340,666.9107191446783
341,668.20349780440472
342,669.16599380758976
343,671.00732777832047
344,671.13309927409625
345,671.13309927413241
346,671.8817299897222
347,679.21892234341976
348,681.2224216634736
349,682.40986380526374
350,683.3405129636717
351,687.090345061785
352,687.95765727152445
353,688.23388160428556
354,689.24210357490892
355,693.11456687723933
356,694.85670072518428
357,695.09400833753898
358,698.47146225765334
359,699.89509870750703
360,700.93164093996643
361,705.44431178290438
362,707.30499045179135
363,709.24951962612761
364,709.41469763865371
365,710.61151687843721
366,714.17865206482043
367,720.48112127951561
368,720.48112127952606
369,722.69815104902796
370,723.63660929915113
371,723.87645574842452
372,726.51253886332972
373,730.35072568061184
374,730.3507256806804
375,734.56304194755216
376,734.69063136481168
377,735.43561436813866
378,736.23764657372431
379,740.93011759903175
380,744.12520295017396
381,745.58621729896856
382,748.49346943054229
383,749.23482591570757
384,749.90333851880166
385,750.71554749769598
386,751.49816282255426
387,757.52621976185083
388,757.75348209586389
389,766.47006168497091
390,768.08551593865604
391,769.43249048305393
392,770.20716203365055
393,773.80266709684042
394,774.01091427506606
395,774.4253128756103
396,776.07737731658062
397,778.30180347824728
398,780.18024304677181
399,781.07162366725447
400,784.64331877204131
401,787.84205983860238
402,789.56835208715643
403,789.56835208727216
404,789.99476825888019
405,795.45486038764693
406,798.10709475692465
407,800.60711697757336
408,802.01211967262361
409,803.32348274184915
410,803.84637844835379
411,806.26455623990569
412,806.76063701514784
413,808.6544232888233
414,809.30756088933697
415,809.30756088938529
416,812.34418911802368
417,812.72592883529285
418,813.52375677208533
419,814.64723708045631
420,815.02487978833778
421,816.81939703322666
422,824.92916131782306
423,826.68397093599879
424,827.60739957557382
425,827.96641440041674
426,828.32543616080511
427,829.42401611604225
428,830.12417910361421
429,833.21283110846787
430,833.6031574456531
431,837.02841524661949
432,838.91637409260522
433,838.91637409263467
434,838.9163740927155
435,838.91637409271971
436,839.80765486883843
437,840.20019366475913
438,842.04735620031374
439,850.49987295877668
440,851.93226178344457
441,853.26361388649696
442,853.95569108317363
443,856.10663476350464
444,862.85230097748763
445,864.6775739192642
446,864.7178761805435
447,868.62585197438318
448,869.33703121135318
449,870.40550045164673
450,871.47917643520327
451,872.24407356236986
452,875.46243365147905
453,878.39479169692117
454,878.39479169704794
455,880.99641247139266
456,882.79699950210795
457,883.58500754271574
458,888.26439609802526
459,888.26439609805436
460,891.01164072510755
461,891.71781791028889
462,893.59901565162215
463,895.77409447404807
464,896.34158463546169
465,898.75942515955421
466,898.89697366643441
467,899.72759039592233
468,900.74158080517952
469,906.00421358034282
470,908.64317759810649
471,913.00958305058589
472,913.05953091403592
473,917.36683555905722
474,920.53227883776162
475,923.73928055232921
476,924.48556172576809
477,928.78419780836248
478,931.70760066376442
479,932.03604420668921
480,932.10315452292821
481,933.85411687099793
482,934.74062066105398
483,936.69335444619969
484,937.68620076449633
485,938.1836251034307
486,943.88839964546821
487,946.40903064158249
488,947.33930433173623
489,948.8995319651508
490,952.81027440427579
491,954.19596006406641
492,956.41093175067294
493,957.35162690565357
494,957.35162690571349
495,959.95984990343766
496,961.03501392907742
497,961.47643710078398
498,962.262372318698
499,967.22123130675675
500,970.42070581322628
501,979.43781555034502
502,982.5913497338413
503,983.4763459044907
504,983.81400472282326
505,983.85741710127343
506,986.96044010894184
507,986.96044010910202
508,990.725398259298
509,991.84293787363424
510,993.3647167851982
511,993.66469545376606
512,994.21399196667187
513,994.5090763528176
514,995.98971295582771
515,996.83004451003364
516,996.8300445101911
517,999.98874741961674
518,1001.3887053329267
519,1001.6039644649634
520,1003.0757292419547
521,1005.8623926198909
522,1008.8626682932402
523,1009.440604545714
524,1011.3279828263337
525,1011.9194078815351
526,1012.7769918735778
527,1013.5284526857499
528,1015.3947880253264
529,1019.3663458888853
530,1020.7471470290681
531,1022.9149794413349
532,1024.6925847636585
533,1024.9099419151455
534,1026.4191280375705
535,1026.438857713285
536,1026.438857713385
537,1026.8502960095952
538,1034.097216437739
539,1039.3115079292415
540,1039.9347231955087
541,1042.1097159077233
542,1043.52642008472
543,1045.3130721842451
544,1046.178066515474
545,1046.1780665155447
546,1049.3593322445267
547,1054.6672546413763
548,1055.1422067396277
549,1055.5413458834562
550,1057.0796835924475
551,1062.299758969418
552,1063.477710573243
553,1063.8769252874017
554,1064.2841081216272
555,1065.2451366288669
556,1068.3531268785016
557,1070.7475239387907
558,1072.0221090263717
559,1075.7868797187232
560,1075.7868797187236
561,1076.7435088641048
562,1078.4373554247809
563,1078.9358811650714
564,1079.5643895629635
565,1087.6043456538955
566,1087.8408697517443
567,1088.8942770384876
568,1092.3024220760508
569,1093.1188670802919
570,1093.6480719902345
571,1093.8098711422995
572,1097.4425076468606
573,1100.8081402886562
574,1101.6804477845576
575,1102.2590840579926
576,1103.0748957221326
577,1109.2400071077643
578,1115.0644079745166
579,1115.2652973231052
580,1115.2652973232093
581,1115.3090754834052
582,1123.1244095076365
583,1124.5804666173206
584,1125.5458332939845
585,1129.161601874235
586,1131.4255711879591
587,1132.5227829906603
588,1132.861457909765
589,1135.1941337000371
590,1138.0907400611115
591,1139.1051308518493
592,1139.8625965783801
593,1139.8711881268891
594,1144.8741105263546
595,1144.8741105264587
596,1145.9107950990037
597,1154.3302526929226
598,1154.7437149274574
599,1154.7437149274599
600,1156.2831467718113
601,1156.4144344537797
602,1160.0992582269471
603,1161.0670654842438
604,1161.8653285004132
605,1164.1179196843825
606,1166.1081505333536
607,1166.4341319837076
608,1168.5910728554265
609,1173.0045232611694
610,1173.4918137750137
611,1174.8557033185987
612,1183.2456175964101
613,1183.625909381748
614,1191.0703540900051
615,1193.8189811970426
616,1194.8248155397475
617,1195.4639574148748
618,1197.0240034160715
619,1197.3887960458837
620,1199.0751246253508
621,1200.95512396361
622,1204.0675815668881
623,1204.0917369329186
624,1204.0917369330803
625,1204.5409786870759
626,1205.0992191166793
627,1205.2937733062431
628,1205.44499501408
629,1206.3083268534599
630,1209.0824987931674
631,1210.2467918714779
632,1212.2609049707748
633,1212.7958509422226
634,1214.3376862558355
635,1217.7989372606944
636,1220.8895916222393
637,1221.4047397994207
638,1222.4819535922725
639,1223.1648015554408
640,1224.5065936088115
641,1224.8555902595474
642,1228.2799508437672
643,1228.8108971093698
644,1229.9203565856933
645,1231.24899049244
646,1233.700550136138
647,1233.7005501361864
648,1233.7005501362396
649,1233.7005501362651
650,1242.9246396833878
651,1243.9590735500378
652,1246.759890065367
653,1247.5528026471575
654,1248.4527539179981
655,1252.6309079766579
656,1252.9123808293796
657,1255.8995166083807
658,1260.8451070463577
659,1262.1642977929321
660,1263.3093633394378
661,1267.6747571481892
662,1269.9975839913673
663,1270.6212588760764
664,1273.3330456396445
665,1276.2032967459979
666,1277.5076765445874
667,1277.9101185660729
668,1277.9516733907174
669,1278.3094867550617
670,1280.4258296082817
671,1283.0485721416385
672,1283.0485721416424
673,1283.0485721416571
674,1283.0485721416687
675,1283.7506774073074
676,1286.5695879188565
677,1290.2275908303584
678,1291.6977784027292
679,1294.3945982301952
680,1297.1002967872271
681,1298.9077271827086
682,1302.7661251625975
683,1304.5254735001852
684,1305.3007324874848
685,1305.97989115565
686,1306.3539602231635
687,1307.381016918152
688,1310.3986675488577
689,1311.7844090307908
690,1317.0928447539445
691,1318.4931610128406
692,1320.7333500646757
693,1325.4434447229942
694,1330.5078918755098
695,1330.7852859699819
696,1338.075436716319
697,1339.1300024276318
698,1339.8467546757329
699,1340.7796606066445
700,1342.2661985481493
701,1342.2661985482107
702,1345.8462962975862
703,1351.9930421969257
704,1352.1358029492474
705,1352.1358029492674
706,1352.8884096527829
707,1352.9854384402381
708,1353.1403825424245
709,1353.2021129595512
710,1353.364800623684
711,1357.6299014645574
712,1361.7015382132515
713,1361.7969940203557
714,1362.2012342997657
715,1366.5165402051914
716,1366.7221571412767
717,1370.1603658371798
718,1372.7235471501704
719,1374.4736806631824
720,1378.7742891156802
721,1380.1147866092995
722,1382.3246104012132
723,1382.5021665988249
724,1382.6780314304551
725,1386.0666681693124
726,1391.3927390057295
727,1395.6829520558986
728,1396.5605173867223
729,1398.8077994868677
730,1400.8869542994782
731,1407.5171232146636
732,1407.7656475339495
733,1410.0157200945912
734,1413.0551005474465
735,1413.4497491826633
736,1415.5385541995508
737,1415.8518296008363
738,1418.2210395079321
739,1418.2238009598891
740,1422.4162551585259
741,1425.3788011112749
742,1426.4002344561084
743,1428.4291535342945
744,1429.50124271289
745,1430.6435941270959
746,1431.0476849572976
747,1431.0926381579632
748,1431.0926381579732
749,1431.0926381580273
750,1431.0926381580337
751,1431.1120611662102
752,1432.136193149177
753,1434.7912544650767
754,1435.8538082664491
755,1437.9310957111618
756,1438.6460611427285
757,1440.9622425590449
758,1440.9622425590551
759,1443.7385897634836
760,1447.6080535822462
761,1448.0929858488701
762,1449.2168831426623
763,1454.0854196663672
764,1456.5583565315528
765,1456.5747691396659
766,1458.1652132117019
767,1460.7014513612326
768,1460.7014513613108
769,1464.8366056023349
770,1467.558085316967
771,1468.3588263775803
772,1470.5710557623268
773,1470.5710557624241
774,1470.7393582586224
775,1471.4880486400516
776,1474.2094384003026
777,1479.0181650680775
778,1480.759759734816
779,1482.3301726187974
780,1485.0957846110448
781,1485.3009725603476
782,1487.3960431333976
783,1490.0380178249043
784,1493.2078504344747
785,1493.2925032229894
786,1495.0721362003653
787,1497.9230373522796
788,1500.8503391233319
789,1502.4893129062127
790,1506.7552095991641
791,1507.3178444351131
792,1510.049473366638
793,1510.0494733666819
794,1510.6893156355879
795,1510.7313528932607
796,1510.8998720783748
797,1510.9479037792794
798,1512.8886410714551
799,1513.0705976458748
800,1515.3655231549369
801,1520.3132408983636
802,1520.5023608793954
803,1521.9228131988987
804,1530.2461027741269
805,1532.6182853088771
806,1533.2589628116286
807,1535.1872183865175
808,1535.3523238156233
809,1537.6897102575574
810,1540.0933152450787
811,1540.2207563319753
812,1541.6312393386452
813,1541.8207632878778
814,1543.1910701131776
815,1549.5278909710355
816,1549.5278909711278
817,1552.2701907231606
818,1553.3581709442478
819,1554.2382244381743
820,1555.6264024843013
821,1556.834531039196
822,1563.9352710955568
823,1570.5306933237136
824,1572.0335822580662
825,1574.3318295806148
826,1576.3689286165654
827,1579.1367041742953
828,1579.1367041743008
829,1582.1972966164269
830,1583.1428037211358
831,1584.882363308845
832,1585.2479132124158
833,1585.5474538611797
834,1586.3467964385229
835,1589.2848074405138
836,1589.7018079436832
837,1591.8924679236923
838,1592.0275965211968
839,1593.2687293816268
840,1595.8210215147915
841,1598.8759129764917
842,1599.5294939727244
843,1604.8259104501465
844,1607.4385544517008
845,1611.1379131482747
846,1611.4297001368222
847,1612.0854595947349
848,1615.7843196275337
849,1616.1925405290617
850,1618.6151217786287
851,1618.6151217786571
852,1622.4500723408485
853,1622.6713172945506
854,1622.9087543684757
855,1629.7077909921404
856,1630.1605669381056
857,1630.9977275296576
858,1638.1162300108253
859,1639.4231732038311
860,1639.7693834409379
861,1641.0308448065221
862,1648.802155863908
863,1648.8264757092793
864,1649.4131145386355
865,1651.8189089102109
866,1652.0588268648935
867,1657.4615836025373
868,1660.9350883520892
869,1662.2616008428561
870,1664.6564079961261
871,1667.9631437840844
872,1667.9631437840962
873,1671.1711140150903
874,1671.5216458367015
875,1671.8064309322124
876,1673.7703776394876
877,1674.9705444227538
878,1675.3224458740667
879,1675.8770636239856
880,1677.2982271685905
881,1677.8327481851497
882,1677.83274818519
883,1677.8327481851927
884,1677.832748185285
885,1678.6037237785492
886,1679.770965765493
887,1681.9530207474656
888,1683.7693860786774
889,1685.23799607303
890,1690.4229032204942
891,1690.5520409172336
892,1692.6341139165186
893,1694.0168155120541
894,1694.0794321724147
895,1694.0936870208159
896,1698.8509850752421
897,1700.9877369166081
898,1701.1530066551622
899,1704.7413086236741
900,1705.8884486411516
901,1707.4415613884598
902,1707.4415613884626
903,1709.11875560828
904,1709.1276812959914
905,1712.2635154023096
906,1716.1348814690925
907,1717.8266094946259
908,1719.9054761850464
909,1720.536871833142
910,1723.9124671517698
911,1727.5215795480897
912,1731.4901810404642
913,1732.2891580870057
914,1734.9180260512246
915,1736.5842792592348
916,1737.7903528503871
917,1739.9730780481518
918,1743.7752952207161
919,1745.5798715901858
920,1746.4180959265909
921,1746.4326118920105
922,1747.6020085560183
923,1748.1569451203054
924,1751.0954782926178
925,1751.7879480572451
926,1753.6109240434785
927,1754.4548726236478
928,1755.0122763049344
929,1755.3735613489378
930,1756.7895833939178
931,1756.7895833939681
932,1763.5639243032954
933,1764.0910878415418
934,1764.326694605129
935,1767.5126460749
936,1768.5504283185035
937,1770.0255274998988
938,1776.5287921960828
939,1776.5287921961146
940,1776.8912916936533
941,1781.5339241795341
942,1784.0464288791607
943,1784.479141864367
944,1785.0651795134761
945,1786.3983965971963
946,1786.39839659721
947,1786.4418027369454
948,1788.8600655013104
949,1792.6693555752645
950,1793.2288137117093
951,1795.4698581235616
952,1804.897632702993
953,1805.417879473594
954,1807.2722690932833
955,1808.9005990424059
956,1815.1315360156275
957,1816.3180608401208
958,1817.8717056850687
959,1823.2863065652477
960,1825.2113770517008
961,1825.8768142014949
962,1825.8768142015203
963,1825.8768142015506
964,1825.8768142015772
965,1826.5766812722172
966,1827.2406127407487
967,1831.8615204809414
968,1834.3881690170797
969,1837.8457219341333
970,1840.1046953993698
971,1840.8350335034766
972,1841.2852365959945
973,1842.2232561420496
974,1844.1253375545675
975,1845.2366175414215
976,1847.695509886654
977,1851.2046918071624
978,1851.659407741312
979,1853.2598580434301
980,1853.3253003503557
981,1854.2599477161259
982,1856.4278487474921
983,1856.7900760087787
984,1865.72368109999
985,1866.6472796300975
986,1869.495534565549
987,1869.8887229705306
988,1873.5713436505869
989,1875.7300328655783
990,1875.8375467616543
991,1881.1655644680459
992,1881.4922244020088
993,1883.6578418876102
994,1886.4693952866489
995,1889.683273352892
996,1892.7196214307971
997,1895.0444358322186
998,1895.6412250053281
999,1900.8618652382488
1000,1902.0096816591354
1001,1904.8336494102402
1002,1904.8336494102421
1003,1906.2070430508368
1004,1906.2130434155035
1005,1908.4058357012298
1006,1908.6736373164317
1007,1914.703253811344
1008,1914.7032538113672
1009,1918.4990886469227
1010,1918.4995764551027
1011,1920.2916986053287
1012,1920.5697862790801
1013,1921.9567155049576
1014,1927.5528925033591
1015,1929.0708919913579
1016,1931.349843415484
1017,1932.4184019045751
1018,1933.0887259173833
1019,1934.9960914679568
1020,1936.7528237874888
1021,1938.782255735732
1022,1941.1442473113254
1023,1942.6585922739453
1024,1942.9327331652989
1025,1943.013224283686
1026,1944.0945752778962
1027,1944.312067014617
1028,1944.3120670146425
1029,1944.7040838130495
1030,1945.9922406389132
1031,1951.5217077215646
1032,1951.9723465999787
1033,1955.0102911608069
1034,1957.1936700680367
1035,1958.5776807625032
1036,1959.3305613324555
1037,1961.8131753253704
1038,1962.1356515271275
1039,1965.1192261410963
1040,1965.9930043660606
1041,1968.7068410830673
1042,1969.5847367093588
1043,1970.3081267534026
1044,1973.9208802178609
1045,1973.9208802178855
1046,1973.9208802179237
1047,1978.4666774247698
1048,1980.2709569134443
1049,1981.695997256011
1050,1983.2754465716243
1051,1984.1077443420836
1052,1985.2333702832166
1053,1989.7016732009242
1054,1989.8105931957004
1055,1993.5441356320537
1056,1993.66008902006
1057,1993.6600890201123
1058,1994.6738269326161
1059,1996.2737594309651
1060,2001.161356181512
1061,2002.3353531910352
1062,2005.1227784791881
1063,2006.7147021739195
1064,2007.5686039405787
1065,2011.6904500035387
1066,2011.8253356787543
1067,2011.9032985136846
1068,2016.0193829398938
1069,2016.0541691526419
1070,2016.8110041207658
1071,2018.4870030156374
1072,2018.5650239602915
1073,2023.2689022233276
1074,2023.2689022233485
1075,2023.2689022233849
1076,2023.2689022233981
1077,2033.300824617749
1078,2033.3755606870127
1079,2035.9067540408787
1080,2037.2560339478964
1081,2037.3477824118354
1082,2039.8654292064164
1083,2044.0657533524954
1084,2046.0273409643987
1085,2046.7304093692637
1086,2049.7316184500778
1087,2052.8777154265354
1088,2052.8777154265958
1089,2053.0031712218993
1090,2053.7109290033991
1091,2057.4030623052922
1092,2058.6814368801975
1093,2063.8802519277328
1094,2063.9675548889968
1095,2066.3081717335072
1096,2066.3846824522348
1097,2067.8754927006057
1098,2068.5704095834335
1099,2069.5921129701196
1100,2069.7138348643148
1101,2070.6731272201678
1102,2075.3391884743282
1103,2080.7466352144206
1104,2082.9081610141347
1105,2087.6427294626742
1106,2087.9606569914708
1107,2091.739006893089
1108,2092.3561330309394
1109,2092.3561330309462
1110,2093.8146338778529
1111,2095.2449733577623
1112,2098.0827302656094
1113,2098.6036360582075
1114,2101.6043512930937
1115,2103.2060880423023
1116,2106.2855018986211
1117,2109.1097686119078
1118,2111.4351571400812
1119,2111.6543432485391
1120,2113.9157726628705
1121,2115.0416268984523
1122,2118.7721019753326
1123,2122.4663572683094
1124,2125.0852559612658
1125,2126.1902579243188
1126,2126.3231199865841
1127,2127.9287291021101
1128,2130.0399190674225
1129,2131.8898532567314
1130,2132.641936559583
1131,2134.2630874409601
1132,2134.4011829510387
1133,2135.5193918865571
1134,2136.726852319995
1135,2139.7486965628418
1136,2147.1616620026734
1137,2148.5352482212293
1138,2151.57375943747
1139,2151.5737594374837
1140,2152.0036582544949
1141,2155.2932451509573
1142,2157.7479667146627
1143,2159.9494890559959
1144,2161.6859518530523
1145,2162.7712664071423
1146,2165.7526810309978
1147,2169.9552489780167
1148,2172.8793863341075
1149,2173.7038460161634
1150,2178.2323868506287
1151,2179.1999432644998
1152,2180.7081985488448
1153,2181.1825726406969
1154,2181.1825726407214
1155,2181.1825726407487
1156,2181.1825726408033
1157,2185.5603269962471
1158,2186.1324108679391
1159,2186.7436998436619
1160,2190.7776671039032
1161,2193.9881937381001
1162,2198.0399850485319
1163,2200.7034297774235
1164,2209.4959316255349
1165,2209.7947173563457
1166,2210.8250309228747
1167,2212.2202862682843
1168,2212.3615798930682
1169,2215.8217317805302
1170,2217.8151469868631
1171,2218.815531586682
1172,2220.1781838590191
1173,2220.660990245095
1174,2220.6609902451119
1175,2221.5151884258639
1176,2224.8794672581353
1177,2226.952815139924
1178,2227.9055590709968
1179,2228.1071354838427
1180,2228.9983319817325
1181,2229.6802863756388
1182,2230.0913296024451
1183,2230.5305946461508
1184,2230.5305946462004
1185,2234.8238991121234
1186,2236.5814206241566
1187,2237.1999641355806
1188,2241.9338179933252
1189,2243.127010924703
1190,2243.5993453244701
1191,2244.4630683139999
1192,2246.9298053118082
1193,2248.0053883090018
1194,2248.5647473872878
1195,2249.0429537763016
1196,2251.7663123316825
1197,2252.8807610499289
1198,2255.1971076583623
1199,2260.1394078494632
1200,2260.1394078495132
1201,2260.3803313427334
1202,2260.9230877144228
1203,2264.8419726401303
1204,2265.895332606141
1205,2267.0839651335823
1206,2269.6180661335225
1207,2269.749811609307
1208,2271.155203949676
1209,2276.1213276603244
1210,2279.986847819072
1211,2280.1609319878335
1212,2283.0835001013138
1213,2283.5276829379145
1214,2287.2341817898273
1215,2288.4810188287383
1216,2288.8226170351263
1217,2289.7482210527305
1218,2289.7482210528283
1219,2291.6429251793979
1220,2293.6133759699687
1221,2297.955465017918
1222,2299.6178254538249
1223,2299.6178254538354
1224,2300.7524202453264
1225,2301.3734078114962
1226,2302.9699481026751
1227,2304.349601586131
1228,2308.3374522098688
1229,2309.4874298549184
1230,2309.4874298549221
1231,2311.9225813853577
1232,2318.1955736369282
1233,2318.4652241301087
1234,2319.3825907360579
1235,2322.1228406890141
1236,2325.1919757522796
1237,2327.3511068454136
1238,2327.9674615368453
1239,2328.28980466035
1240,2329.9369654462962
1241,2330.1162254366718
1242,2330.1927800112635
1243,2332.2468829002532
1244,2336.8504880422397
1245,2337.9660198859469
1246,2343.0143831868158
1247,2345.9952632089717
1248,2346.4729291230242
1249,2350.1432250748639
1250,2350.2395846122108
1251,2354.6757855592873
1252,2355.4459583103931
1253,2356.990547192227
1254,2359.932471754506
1255,2360.2161658539458
1256,2363.1943698298846
1257,2364.508474502938
1258,2367.4867384992094
1259,2368.1740150571145
1260,2370.104720514481
1261,2372.2355262382771
1262,2372.4119604099469
1263,2375.5176075371155
1264,2377.6541109221125
1265,2378.5746606625107
1266,2378.5746606625457
1267,2380.979334967587
1268,2381.5091735878482
1269,2381.9206208030096
1270,2384.6250031286695
1271,2386.8957615455556
1272,2387.5208131250729
1273,2388.4442650636256
1274,2394.5388258365106
1275,2400.4832340190251
1276,2403.0488401845441
1277,2403.6738350175438
1278,2407.8487937134146
1279,2408.1834738658031
1280,2408.183473865824
1281,2408.2035128255011
1282,2408.8068418972143
1283,2411.4052305027567
1284,2412.776575365077
1285,2418.0530782668725
1286,2418.0530782669084
1287,2418.9340325624235
1288,2421.8644855685652
1289,2422.4628180616819
1290,2426.7109577319084
1291,2430.7506649741849
1292,2431.5864524829121
1293,2431.8305087786125
1294,2432.5039042892572
1295,2433.771279882817
1296,2439.6725455984933
1297,2444.9302676426778
1298,2445.6864155182184
1299,2446.0024995131666
1300,2454.9460844191954
1301,2457.9488410277413
1302,2459.840968908999
1303,2461.2535873273937
1304,2461.5530768320482
1305,2461.8471297177034
1306,2462.2597339073127
1307,2466.2087546171765
1308,2467.401100272335
1309,2467.40110027235
1310,2467.4011002724033
1311,2467.4011002724519
1312,2468.6553416786364
1313,2470.9314834820025
1314,2471.3103393391029
1315,2473.9821950711153
1316,2474.9226871663095
1317,2475.4353590375031
1318,2477.3377043014184
1319,2482.1063211389724
1320,2483.9459907004248
1321,2485.9310395098769
1322,2486.4902154144497
1323,2488.7098956395544
1324,2491.4937946902533
1325,2497.8478496568164
1326,2500.9364959937375
1327,2503.5806813866934
1328,2505.3886150966287
1329,2505.746048800067
1330,2509.6380337190258
1331,2509.6599359286492
1332,2510.3044519939981
1333,2511.6191124927668
1334,2516.6171786037203
1335,2519.8357843474446
1336,2521.1421772277827
1337,2522.6531211340098
1338,2524.5874661609232
1339,2527.5292495859185
1340,2528.8457842211328
1341,2530.3810261338481
1342,2532.9216589661105
1343,2533.809043980832
1344,2534.7753653607219
1345,2534.8823439647217
1346,2535.2525268031368
1347,2536.4883310799719
1348,2536.4883310800574
1349,2538.2809682895754
1350,2541.8758565271005
1351,2542.0048721727071
1352,2545.2519429156255
1353,2547.9124465604718
1354,2549.934195007982
1355,2552.0716231180932
1356,2553.9467687886217
1357,2554.0653317587253
1358,2554.324672843265
1359,2555.4894863932982
1360,2558.8377358104467
1361,2559.0015297335226
1362,2560.114584555176
1363,2561.4942235323001
1364,2565.7917310322478
1365,2566.0971442831783
1366,2566.0971442832424
1367,2566.0971442832442
1368,2566.0971442832606
1369,2566.3007062697598
1370,2566.760454864454
1371,2568.1794886491007
1372,2569.9871575338493
1373,2572.6451239823778
1374,2575.9667486843259
1375,2575.96674868434
1376,2578.3667495666346
1377,2579.6804592977805
1378,2581.7076566324768
1379,2583.7518450278008
1380,2586.5372602026928
1381,2589.6976327901648
1382,2591.9664280311454
1383,2593.4656968070367
1384,2596.0244378324346
1385,2596.3032856519189
1386,2599.008540226318
1387,2600.2963266748116
1388,2602.3589695062983
1389,2602.7086176581242
1390,2604.8165666532327
1391,2608.8014707968946
1392,2612.0705719991743
1393,2612.3125590557684
1394,2615.3963540156024
1395,2615.4451662886709
1396,2615.4451662886863
1397,2615.4451662887018
1398,2615.4451662887113
1399,2620.4830030772378
1400,2623.0271036308955
1401,2626.7447136133792
1402,2632.9634623448974
1403,2635.0206722441071
1404,2635.284764530034
1405,2639.1799142639697
1406,2641.3523969692692
1407,2642.6445684927826
1408,2642.6678629984385
1409,2644.3440044354861
1410,2646.6128502667402
1411,2648.713806141674
1412,2649.8474442460924
1413,2649.9742714603244
1414,2654.0758734538285
1415,2654.9235838930249
1416,2654.9235838930754
1417,2657.3748762091363
1418,2658.5912664531697
1419,2661.7887034774735
1420,2662.2130627160868
1421,2662.8121763835911
1422,2663.8937573883295
1423,2667.2023737791187
1424,2671.4123148079261
1425,2671.9796918062807
1426,2671.9900231133729
1427,2673.9099263149219
1428,2674.90418059179
1429,2676.2392655823764
1430,2679.7413994739682
1431,2680.2567734756185
1432,2681.7567039310825
1433,2682.158221527578
1434,2684.5323970963082
1435,2684.5323970963354
1436,2685.1605930344272
1437,2685.546286274267
1438,2691.9843518447647
1439,2692.1430776807651
1440,2692.9890329034729
1441,2702.8773426301286
1442,2704.2716058985047
1443,2704.2716058985798
1444,2707.5503498110234
1445,2710.7965291063915
1446,2710.9107873904259
1447,2716.1036248186811
1448,2716.258576682058
1449,2717.1077804425909
1450,2719.2518630745608
1451,2719.6151099889062
1452,2724.7101691316275
1453,2729.227992478226
1454,2733.8804191017593
1455,2733.880419101818
1456,2736.210576702756
1457,2737.7442859090152
1458,2737.9383053826346
1459,2738.8779536047346
1460,2741.6346617085983
1461,2745.1116704410301
1462,2746.3319878523293
1463,2748.0547365363927
1464,2750.7696869009728
1465,2750.929876595083
1466,2751.2904677172987
1467,2751.2989039979429
1468,2753.2245292385896
1469,2754.1433877589811
1470,2758.9973363316376
1471,2759.8284024580094
1472,2765.717935028782
1473,2768.0442723226024
1474,2773.3588367061052
1475,2773.3588367061084
1476,2773.9107721162682
1477,2773.9206367037004
1478,2776.1695251116939
1479,2776.5367011403869
1480,2776.5771675204928
1481,2778.0846517278005
1482,2780.2056893204149
1483,2780.7664323024842
1484,2785.34321506994
1485,2786.5366791782121
1486,2786.9471824894808
1487,2787.6157205519776
1488,2788.2533942327045
1489,2791.6785959316994
1490,2795.9658896197143
1491,2798.3736594276675
1492,2799.2401292194359
1493,2803.4814788782505
1494,2804.5039044527321
1495,2810.6983411806204
1496,2813.9663594876529
1497,2815.4864677686987
1498,2815.716547917204
1499,2816.3800156830011
1500,2817.7299557236911
1501,2818.7511520573216
1502,2818.9287629248261
1503,2820.2275418511772
1504,2828.2928271740006
1505,2828.5377147371314
1506,2830.6557966840492
1507,2833.425915147694
1508,2839.3899005028538
1509,2839.7309493412467
1510,2842.4460675137238
1511,2846.2648635967134
1512,2847.9049196270412
1513,2849.8737487254457
1514,2852.3156719148228
1515,2852.3156719148383
1516,2852.4025447400718
1517,2856.7720209623585
1518,2858.0880565250964
1519,2858.2169267919949
1520,2859.9531202841863
1521,2860.0784280233679
1522,2860.924323892682
1523,2862.1852763158658
1524,2862.1852763158981
1525,2862.1852763159086
1526,2862.1852763159163
1527,2865.8652087137193
1528,2866.782067618401
1529,2867.1371833861158
1530,2868.7418224751868
1531,2869.4646901814554
1532,2870.5743297231697
1533,2870.623574539954
1534,2876.6115523099988
1535,2880.8548027600505
1536,2881.9244851180651
1537,2881.9244851180983
1538,2884.1501944185666
1539,2885.3441570466589
1540,2885.3830898238707
1541,2887.4128285734114
1542,2887.4503429867827
1543,2890.2468039610858
1544,2890.6652285620821
1545,2890.9405368041421
1546,2891.7940895191705
1547,2891.7940895191909
1548,2892.8996721249555
1549,2893.6969199041459
1550,2898.1224739137961
1551,2900.8250289764619
1552,2901.5855112512286
1553,2905.7532579453077
1554,2908.1606134536582
1555,2914.3702966487499
1556,2917.0965904962632
1557,2918.852008959333
1558,2919.0034732386275
1559,2919.6348338595935
1560,2919.737422031013
1561,2921.4029027223828
1562,2921.4029027224751
1563,2922.1339752783911
1564,2923.2937693768545
1565,2925.005213795826
1566,2925.5658922829275
1567,2929.8131954171313
1568,2930.1643314576963
1569,2930.488821995833
1570,2934.7988644523807
1571,2936.0982082118494
1572,2939.2192248308902
1573,2941.1421115246389
1574,2941.1421115246426
1575,2944.0618711020297
1576,2945.6101243019402
1577,2945.9556721418339
1578,2953.3827163501269
1579,2955.5693076886155
1580,2955.6555584252142
1581,2958.2200622461319
1582,2960.4517388366226
1583,2964.0842869055696
1584,2965.0485405002082
1585,2966.4969422438758
1586,2971.6755298511061
1587,2974.022916479511
1588,2974.0935186064007
1589,2974.8389919223714
1590,2975.0412015112233
1591,2976.0633082579056
1592,2978.0221692277023
1593,2981.0387270621
1594,2982.0519263752108
1595,2984.4465872845781
1596,2986.5415262551178
1597,2986.6066555763305
1598,2989.6466573884773
1599,2991.7046002147495
1600,2993.5749540922588
1601,2994.0923218321573
1602,2997.6004567592781
1603,2999.9837157145635
1604,3000.620181257123
1605,3002.3272900813849
1606,3004.231914379066
1607,3004.2634400783872
1608,3004.7363809686649
1609,3005.3198851182374
1610,3010.2293423322094
1611,3010.229342332249
1612,3010.2293423322635
1613,3010.2293423323313
1614,3010.2871987263279
1615,3017.4581151978541
1616,3018.8168803613171
1617,3020.0989467333302
1618,3020.0989467333688
1619,3022.1936290777171
1620,3027.2240225846876
1621,3030.5331322325856
1622,3030.7802748063309
1623,3035.2551083311864
1624,3037.0551039217935
1625,3037.8949257871031
1626,3040.355660066979
1627,3040.3726613259032
1628,3041.0995852740803
1629,3044.9226801998129
1630,3045.3126002046106
1631,3052.0350576741935
1632,3052.6253565024153
1633,3053.8480157413114
1634,3060.0375504403573
1635,3062.1164875270333
1636,3063.3844117774406
1637,3063.8832830746123
1638,3064.96953280863
1639,3069.1966218669377
1640,3070.1018054011888
1641,3074.8145090552266
1642,3079.0271696557356
1643,3079.7193088511831
1644,3080.8550142075046
1645,3083.6261122954243
1646,3085.173182097858
1647,3089.1861775409598
1648,3089.1861775409811
1649,3089.6455493178983
1650,3090.2889044835242
1651,3090.6082264309139
1652,3095.7841897378817
1653,3098.5834851151812
1654,3099.0557819420674
1655,3099.0557819420983
1656,3099.989767926822
1657,3103.7359215836468
1658,3104.140200710975
1659,3109.2251059076307
1660,3111.8607784988235
1661,3113.0765881449606
1662,3113.22697438552
1663,3113.7781100829889
1664,3115.005868279618
1665,3116.6886148351864
1666,3118.5345199553421
1667,3119.2425994606183
1668,3119.285597122805
1669,3119.632662173779
1670,3119.7146653292425
1671,3124.3695140825148
1672,3125.6874837045234
1673,3128.6645951453002
1674,3128.6645951453211
1675,3134.7063415346538
1676,3137.108427596143
1677,3137.1088641682977
1678,3139.6461287678048
1679,3141.4878458385729
1680,3142.4580390892625
1681,3150.7930786570132
1682,3151.8340489349757
1683,3153.6822727536101
1684,3158.1746999174284
1685,3158.2734083486034
1686,3158.2734083486348
1687,3160.8166841675088
1688,3161.6432050377989
1689,3165.3554572532116
1690,3166.3616470864108
1691,3167.4755156263127
1692,3170.2895261538442
1693,3174.621143531248
1694,3177.3368199387683
1695,3184.5734913047077
1696,3185.4092355477014
1697,3188.0845130003436
1698,3189.6817474054542
1699,3195.3983841982204
1700,3197.9747095455446
1701,3198.0370267258545
1702,3199.2226892819222
1703,3203.7775066493064
1704,3204.2166269512518
1705,3206.1488420448027
1706,3206.4875488935522
1707,3206.6863013546886
1708,3207.6214303539573
1709,3207.6214303540314
1710,3207.6214303540378
1711,3207.621430354066
1712,3207.6214303540851
1713,3207.6214303541256
1714,3207.9209567524695
1715,3208.5982293467328
1716,3210.0093449334354
1717,3210.4575171257716
1718,3213.6413386302152
1719,3215.3076814538099
1720,3216.8678757116677
1721,3218.1128674818069
1722,3218.7139834913864
1723,3219.0240422491597
1724,3219.5565111807782
1725,3221.319205578814
1726,3225.7445816725963
1727,3227.9856004050712
1728,3229.0451181875387
1729,3229.2778979653531
1730,3230.835721744892
1731,3234.4229242928086
1732,3235.9258434713997
1733,3236.4440607432562
1734,3236.5019804612298
1735,3237.1479626891446
1736,3237.2302435572706
1737,3237.2302435573074
1738,3243.5290135274086
1739,3243.6141994959789
1740,3245.4814112538002
1741,3249.405971646635
1742,3252.02162872487
1743,3253.0250021302759
1744,3254.7711761209657
1745,3256.5154004593992
1746,3258.5308681239076
1747,3259.1223831708767
1748,3260.111461560271
1749,3260.4847904826365
1750,3264.2579016978407
1751,3265.6163897457291
1752,3270.5363615212259
1753,3274.4444995682388
1754,3275.5047157256431
1755,3277.0783304947677
1756,3277.7305595444977
1757,3277.9580438096077
1758,3282.2526956903707
1759,3285.9889285457862
1760,3286.4941107757545
1761,3286.5782655627518
1762,3286.5782655627686
1763,3292.7317859823356
1764,3295.6632433755776
1765,3297.8916072059956
1766,3300.0746854693948
1767,3301.2433089354272
1768,3304.6236002159562
1769,3305.0209271994358
1770,3306.9836850349184
1771,3307.7528843761338
1772,3309.0855045181415
1773,3309.1070567509669
1774,3314.2612150127452
1775,3314.5932855699953
1776,3322.2058980655615
1777,3323.4236674577382
1778,3326.0566831671067
1779,3326.0566831671163
1780,3326.7638677196192
1781,3326.8948152204616
1782,3327.0393729312818
1783,3327.2682609124795
1784,3327.9360356852053
1785,3328.7731311758944
1786,3330.4471779629889
1787,3330.534909530289
1788,3330.9954493677615
1789,3335.9262875681352
1790,3335.9262875681552
1791,3335.9262875681989
1792,3336.5273455968008
1793,3344.7281142397351
1794,3347.0007010856352
1795,3348.4881887499778
1796,3352.6974370404319
1797,3354.7612087309344
1798,3355.6654963702886
1799,3355.6654963703581
1800,3355.6654963703745
1801,3355.6654963703886
1802,3355.7682918311862
1803,3355.8028603977227
1804,3356.0994487445373
1805,3361.3086944934312
1806,3361.4285118255311
1807,3365.1562939846281
1808,3365.840531428702
1809,3368.2794206341559
1810,3376.4795459839625
1811,3377.8229785370854
1812,3380.1964266331065
1813,3380.5400214761453
1814,3384.3982534304091
1815,3389.2176937417253
1816,3391.4589622413978
1817,3391.9840228885078
1818,3394.9493407936043
1819,3397.062402447636
1820,3401.5131599586784
1821,3404.2294901233577
1822,3404.3079199645576
1823,3404.8583076632362
1824,3412.6266489755571
1825,3412.6637284545282
1826,3413.1723379384321
1827,3414.8823460387284
1828,3414.8831227768578
1829,3414.8831227769333
1830,3416.4693283318434
1831,3419.6887824419227
1832,3421.5462380748318
1833,3422.627753269825
1834,3428.99902353073
1835,3429.3971868682797
1836,3430.2708844217418
1837,3432.1790728097003
1838,3432.1887088827061
1839,3438.8606300553597
1840,3438.8756924131339
1841,3442.2028888319542
1842,3442.8171388910469
1843,3442.8481373972031
1844,3444.4919359801656
1845,3444.4919359801893
1846,3446.5931657689976
1847,3447.2523926826407
1848,3447.8177536110466
1849,3448.8257471013444
1850,3448.8436371804914
1851,3452.4007021914736
1852,3458.1250771854238
1853,3463.3135760251466
1854,3463.3692093326404
1855,3463.9885204252728
1856,3467.3323468735989
1857,3468.4678878377495
1858,3468.6511173286444
1859,3472.0241480962932
1860,3472.0932124760388
1861,3473.4677692803566
1862,3474.6218980266181
1863,3478.0403650462308
1864,3479.2994005600231
1865,3482.7574989090249
1866,3483.9703535845283
1867,3483.9703535845365
1868,3485.2636011336153
1869,3486.5154423138761
1870,3488.5753222382514
1871,3491.955567068524
1872,3497.0777106218397
1873,3501.9328486104137
1874,3505.3131929508872
1875,3511.8289086874456
1876,3513.5791667878175
1877,3513.5791667878307
1878,3513.8293021203517
1879,3515.2840444712256
1880,3517.8212770540376
1881,3517.8274320487299
1882,3519.9689346663545
1883,3524.2811157478664
1884,3525.3560202371559
1885,3527.5513042205821
1886,3528.7650144152753
1887,3528.7870161517499
1888,3531.1195042560048
1889,3533.5425107225055
1890,3536.3606459392781
1891,3536.6568977628513
1892,3539.2668715146074
1893,3539.7922427546296
1894,3544.6453427573942
1895,3546.7840088368239
1896,3548.8360171098443
1897,3550.9631535976723
1898,3553.057584392152
1899,3553.0575843921788
1900,3556.5771779721285
1901,3560.3738350223803
1902,3560.814003567732
1903,3564.2152076161296
1904,3564.9560594964696
1905,3566.5013642486438
1906,3568.1250387124924
1907,3569.5557514002899
1908,3571.0571969460002
1909,3571.5356194414885
1910,3571.7585317853632
1911,3572.0169083111664
1912,3572.4272142879918
1913,3572.5454240582744
1914,3572.7967931943217
1915,3572.7967931943472
1916,3576.1795363728215
1917,3576.3784844079323
1918,3582.5147602581637
1919,3584.9252152523663
1920,3587.1439685848159
1921,3587.4907974884941
1922,3588.4481892771646
1923,3589.4530110232618
1924,3592.0364305163125
1925,3592.3117670456454
1926,3594.5285544763701
1927,3595.708681269482
1928,3595.7519323749357
1929,3596.0923433651546
1930,3597.8615759162044
1931,3600.1849509816498
1932,3600.3236868594709
1933,3602.405606397569
1934,3602.4056063975945
1935,3602.4056063976145
1936,3602.4056063976186
1937,3604.1004186843375
1938,3604.2167704341337
1939,3607.2740832954696
1940,3610.0199490006958
1941,3615.8557344495616
1942,3617.8996408667631
1943,3618.1923059847936
1944,3620.9609901582294
1945,3624.9202051637562
1946,3629.1047236297968
1947,3631.2128440819974
1948,3631.3514248755318
1949,3633.1771484072428
1950,3633.3154248237456
1951,3639.545008302985
1952,3639.6419016813056
1953,3641.8840240019781
1954,3641.8840240019995
1955,3642.6175625759092
1956,3644.851555723928
1957,3646.9204068591634
1958,3650.4101093409417
1959,3651.7536284029879
1960,3651.753628403063
1961,3651.753628403068
1962,3651.7536284030825
1963,3653.1758845450722
1964,3658.8309344238373
1965,3660.0398386589141
1966,3662.3361676886593
1967,3663.1910956138804
1968,3663.5709939032895
1969,3664.7411872115272
1970,3667.3270519522021
1971,3677.1239785046932
1972,3677.4092873236254
1973,3678.3539658305681
1974,3681.3624416063171
1975,3681.3624416063258
1976,3682.2730005981853
1977,3683.9524885650603
1978,3684.5423838898946
1979,3685.1548077974953
1980,3686.4891451797112
1981,3690.6483590106432
1982,3694.7976609128905
1983,3696.2110977716102
1984,3696.5140808076244
1985,3697.5385342993882
1986,3698.7228585342741
1987,3698.7692051239014
1988,3700.7727785712732
1989,3701.8421940691096
1990,3703.4417554268648
1991,3707.5840940830917
1992,3712.3284465425331
1993,3713.2270533605119
1994,3715.359125929454
1995,3719.3530106070498
1996,3720.8408592106484
1997,3720.8408592106784
1998,3720.8408592106898
1999,3720.8408592107221
2000,3723.486884637538
2001,3726.1578022383073
2002,3726.6123760716864
2003,3726.7465073711078
2004,3727.1954325879233
2005,3727.744536458385
2006,3729.5812877439489
2007,3729.747754425076
2008,3731.1828073557353
2009,3733.2516467427049
2010,3734.3712631799472
2011,3735.8045254838507
2012,3741.1208334702201
2013,3746.1106300507754
2014,3752.3379493296429
2015,3752.6649928267111
2016,3753.5460899907175
2017,3755.6920813341144
2018,3757.4881501642922
2019,3758.6880501474843
2020,3766.0068226444332
2021,3766.8425234095466
2022,3768.6611652358924
2023,3769.714092160099
2024,3774.0535676270406
2025,3774.6950365042976
2026,3776.6296754808313
2027,3777.5527584321744
2028,3778.1519499874776
2029,3778.4390792006488
2030,3782.5134172496178
2031,3785.0512729075604
2032,3785.7707926650719
2033,3786.3644215629611
2034,3790.9015233639916
2035,3796.0325576193591
2036,3796.6792852830727
2037,3797.195224345568
2038,3800.1869676096576
2039,3803.184604671836
2040,3804.4601873205256
2041,3805.9335062200357
2042,3807.6275057844673
2043,3808.2855827068279
2044,3809.6672988204937
2045,3809.6672988204964
2046,3812.5210859571162
2047,3813.6020608008439
2048,3814.1228253681452
2049,3826.3031540195179
2050,3826.7130807303602
2051,3827.1285392574819
2052,3828.2023810350502
2053,3829.4065076226711
2054,3829.406507622683
2055,3829.7483499626501
2056,3832.112912127563
2057,3833.7476717996956
2058,3833.8222879332848
2059,3833.8313963972532
2060,3839.2761120237687
2061,3839.2761120237883
2062,3842.1922217354017
2063,3842.8297832703392
2064,3843.9517299996432
2065,3844.5891076252951
2066,3845.495593920858
2067,3847.9013171648548
2068,3851.5597461608322
2069,3854.7871766213962
2070,3855.0863801069645
2071,3855.9159424040431
2072,3858.3607663726734
2073,3862.6704638027431
2074,3864.0799583010707
2075,3864.1979065386072
2076,3868.8849252270147
2077,3874.1703385379396
2078,3879.308968322302
2079,3879.8686957517507
2080,3880.2890918578414
2081,3881.8598791323338
2082,3882.2733374240661
2083,3884.1150085085887
2084,3888.624134029199
2085,3888.6241340292172
2086,3892.2589773520194
2087,3893.9364980820415
2088,3894.3351610027316
2089,3898.9285142031104
2090,3899.1567461649197
2091,3906.2160357337234
2092,3906.5734736407144
2093,3907.7944983985408
2094,3911.1067547492262
2095,3913.2871498516261
2096,3918.2329472324855
2097,3918.2329472325041
2098,3920.9325079044552
2099,3922.6999553477931
2100,3922.9772660077042
2101,3923.0532538423558
2102,3923.2655200744393
2103,3924.4600371181559
2104,3930.2034356468826
2105,3931.4496410803818
2106,3934.17768684569
2107,3934.824165819341
2108,3940.6076358189807
2109,3941.85625682919
2110,3941.9271682163594
2111,3944.4540693391136
2112,3946.8854327003232
2113,3947.8417604357469
2114,3947.8417604357887
2115,3948.976697831793
2116,3952.7612041444568
2117,3953.8175956532282
2118,3954.3423962898028
2119,3954.4415001273528
2120,3954.7968333271374
2121,3955.9760085408948
2122,3956.6297199528476
2123,3957.2394053859366
2124,3957.7113648368122
2125,3957.7113648368263
2126,3959.2464386317947
2127,3960.2834869807466
2128,3964.0165187147522
2129,3965.0511520698547
2130,3965.5401361447812
2131,3965.900163486257
2132,3968.4972513482649
2133,3969.9211138132828
2134,3971.6996585763568
2135,3973.2749033799782
2136,3976.2398987672859
2137,3978.5631710592961
2138,3978.7042257250696
2139,3979.6167068941268
2140,3981.8867733569573
2141,3984.7310252126904
2142,3985.0229402422128
2143,3985.1848954474995
2144,3987.3201780400814
2145,3987.3201780401223
2146,3990.041278799793
2147,3994.4003787225529
2148,3996.2099608522744
2149,3996.7519032687137
2150,3997.1897824411626
2151,3997.1897824411863
2152,4002.4807873865088
2153,4004.8009836141632
2154,4006.470201141919
2155,4007.3014044478036
2156,4010.1305884257813
2157,4011.8674577225152
2158,4013.4933153009606
2159,4015.2463172321309
2160,4018.1128275503156
2161,4019.114680245159
2162,4024.1457475979041
2163,4028.8407634200244
2164,4032.7454646339143
2165,4036.2213901999803
2166,4036.668200045538
2167,4036.6682000455526
2168,4039.6871816389803
2169,4039.7542908272853
2170,4039.8081016273541
2171,4042.3591187597199
2172,4042.5236727191873
2173,4042.6953695706479
2174,4045.7750237555397
2175,4046.5378044466302
2176,4046.5378044466388
2177,4046.5378044466443
2178,4046.5378044466574
2179,4049.710389028347
2180,4050.1347901159061
2181,4052.1868095264072
2182,4056.5726864896774
2183,4058.2820291020566
2184,4062.0058270709465
2185,4062.3973506486723
2186,4062.7204504343113
2187,4063.1499534924988
2188,4063.3219815314983
2189,4068.9193077994314
2190,4070.1794209252703
2191,4071.6868760058101
2192,4073.1480512754274
2193,4077.2731476226982
2194,4078.6914370082686
2195,4080.3236884392004
2196,4081.4198201247355
2197,4084.0724559455707
2198,4084.8233488417309
2199,4086.572912083654
2200,4090.1888824713646
2201,4090.2361454368706
2202,4091.02522520927
2203,4092.6487730691256
2204,4093.3061991651625
2205,4095.3897358249751
2206,4099.4404045027713
2207,4099.4431077899071
2208,4101.0119109110474
2209,4105.381500483496
2210,4105.7554308531398
2211,4105.755430853168
2212,4106.589461128432
2213,4116.4561440460184
2214,4116.6134716619408
2215,4117.0771518180845
2216,4119.2882367427292
2217,4121.0958157173964
2218,4122.2813608833812
2219,4123.3746025442379
2220,4124.3006581388563
2221,4124.8338464865155
2222,4127.7318082039592
2223,4128.2577882740406
2224,4132.1090592495539
2225,4134.4923814105005
2226,4140.1869065771507
2227,4141.3937977472515
2228,4144.3637684819341
2229,4146.1680621895666
2230,4147.2172451433416
2231,4148.0884809084155
2232,4153.5252009930764
2233,4155.1034528585778
2234,4155.1034528586406
2235,4155.3862697055356
2236,4156.3293125657983
2237,4162.4230627961269
2238,4162.9233634943939
2239,4164.2409711857063
2240,4168.1822145965698
2241,4168.9523323614121
2242,4173.2285930787411
2243,4174.2001293835892
2244,4174.7518991080806
2245,4176.5525123435209
2246,4176.821468627485
2247,4178.9018394540199
2248,4181.0944882462109
2249,4181.8881243172591
2250,4184.5398334278143
2251,4184.7122660619061
2252,4184.7122660619307
2253,4187.1018365080772
2254,4194.581870462941
2255,4194.5818704629655
2256,4194.5818704629692
2257,4194.5818704629928
2258,4194.5818704630028
2259,4194.5818704630046
2260,4198.7409522293592
2261,4205.1755519271783
2262,4206.4005833179845
2263,4207.1331457623592
2264,4211.4636646370927
2265,4215.3917657658421
2266,4217.5089845133271
2267,4219.3308308350615
2268,4222.3204292126011
2269,4222.5328248362057
2270,4224.2268960011697
2271,4225.1310633890607
2272,4225.5334797349533
2273,4225.8075647959722
2274,4226.7831375215073
2275,4231.4867439184791
2276,4232.2124756089988
2277,4234.8320419514466
2278,4236.3547196618283
2279,4236.7718875240635
2280,4239.1387984212433
2281,4243.9084870060042
2282,4244.6780345002289
2283,4247.8397393083524
2284,4253.2933065376374
2285,4255.8182612318778
2286,4256.8967969324121
2287,4258.7943966869789
2288,4258.9882406259412
2289,4259.2125724029756
2290,4262.283257734658
2291,4266.529859305334
2292,4267.4544158797626
2293,4270.6601132591613
2294,4271.5751173367971
2295,4273.5387056716963
2296,4273.5387056717582
2297,4275.3578870084293
2298,4277.0569499673984
2299,4277.5064347517819
2300,4282.9040290379717
2301,4287.5883455569347
2302,4291.1952056964692
2303,4294.1933927541913
2304,4294.4594321674685
2305,4294.725939514864
2306,4297.2870790499501
2307,4298.6357529129036
2308,4298.8288198721666
2309,4300.6138166947721
2310,4301.004680346593
2311,4303.1475188749409
2312,4303.1475188749646
2313,4303.8232425484348
2314,4303.890773438814
2315,4311.3593402245197
2316,4311.7379187537517
2317,4311.8949590294578
2318,4312.9969173501677
2319,4313.5143731040725
2320,4320.2487941325207
2321,4322.6724908530177
2322,4322.7574379335747
2323,4326.4670134016033
2324,4327.4696842386284
2325,4331.2735871033274
2326,4332.3295394890956
2327,4335.0263221199275
2328,4338.2419280167069
2329,4341.0007858493809
2330,4344.5853314281612
2331,4346.3113647792479
2332,4347.055531971876
2333,4350.1349823194596
2334,4351.397104239466
2335,4351.6888988159899
2336,4358.1118539145564
2337,4358.6193288183358
2338,4359.1792142735367
2339,4359.2933727191821
2340,4360.6420924669037
2341,4361.7656269107483
2342,4361.9756869074099
2343,4362.3651452814547
2344,4362.365145281492
2345,4362.3651452815029
2346,4362.3651452815111
2347,4362.8735531912434
2348,4365.5994962027798
2349,4369.5486585365688
2350,4369.7106016538901
2351,4373.4411563587882
2352,4374.8005685810494
2353,4377.7145022966988
2354,4378.2761452172699
2355,4381.9691052623248
2356,4383.7766448273551
2357,4383.8060706464021
2358,4387.9170344367512
2359,4388.4442932593029
2360,4390.0499304013747
2361,4390.1228543449797
2362,4391.2234778026505
2363,4391.9739584847293
2364,4391.973958484763
2365,4391.9739584847639
2366,4391.9739584848221
2367,4394.3620296559884
2368,4398.9619947471238
2369,4400.1419125922866
2370,4400.879778325665
2371,4401.0443113727024
2372,4402.6492888631847
2373,4405.7369697778286
2374,4408.791285697569
2375,4409.3311203269704
2376,4410.2856631397844
2377,4413.6176666307256
2378,4416.2042379703635
2379,4421.6398274619778
2380,4421.7589121932897
2381,4423.2383771137738
2382,4425.9596626223401
2383,4425.9869281812707
2384,4428.2637678620595
2385,4431.4523760890715
2386,4431.452376089117
2387,4434.3834277676824
2388,4436.2586189013437
2389,4436.337540913094
2390,4439.7979406494323
2391,4441.3219804902064
2392,4441.3219804902201
2393,4441.3219804902328
2394,4441.6737063570472
2395,4442.1402860627704
2396,4442.3388299226281
2397,4446.1257408545307
2398,4447.9953851828877
2399,4451.0407306233346
2400,4452.287878683459
2401,4458.235379806114
2402,4458.5979005948066
2403,4459.6997099035716
2404,4459.8928907552754
2405,4461.0611892923962
2406,4461.0611892924262
2407,4463.3018172132342
2408,4473.6367786500859
2409,4474.2461421624694
2410,4475.7426951777534
2411,4475.8615579592924
2412,4476.2112581674783
2413,4479.6921844858716
2414,4479.9875305209553
2415,4480.4665179407266
2416,4481.2760529385087
2417,4486.3750599350651
2418,4489.297548793189
2419,4492.1853745093722
2420,4493.4604558712108
2421,4498.1155924331888
2422,4500.2902160223639
2423,4500.9406358060851
2424,4501.2800850874319
2425,4501.4419403497923
2426,4502.1882308218555
2427,4502.6262472087401
2428,4504.6243860914219
2429,4505.6501158291276
2430,4507.1943786564343
2431,4510.4092112978233
2432,4510.4092112978451
2433,4516.7770503359725
2434,4520.2788156989191
2435,4520.2788156989245
2436,4521.7272890809172
2437,4524.573084421143
2438,4525.1613604974063
2439,4526.2505255773413
2440,4529.892990565826
2441,4530.7282919472254
2442,4531.8243286068046
2443,4532.4119995574674
2444,4533.4667967535024
2445,4535.3906744623928
2446,4539.9798230778079
2447,4540.4851774908893
2448,4541.3765471687357
2449,4542.0434606058625
2450,4543.4148975361895
2451,4549.5107950005668
2452,4549.8876289021946
2453,4549.8876289022128
2454,4551.6253821818955
2455,4553.4587457954422
2456,4555.9143345018456
2457,4556.7179841923098
2458,4559.8629031752616
2459,4568.2220909391799
2460,4569.6925179512946
2461,4570.8023967217996
2462,4571.0267352638275
2463,4571.6179463963063
2464,4573.8081478785289
2465,4576.2086110470827
2466,4579.3172251414826
2467,4579.4964421054528
2468,4579.4964421054683
2469,4579.7887105293539
2470,4584.7153978758924
2471,4585.1682395272874
2472,4587.2493640632147
2473,4587.5407531384335
2474,4589.9633354817088
2475,4589.983131847488
2476,4593.9984255944673
2477,4599.2356509076426
2478,4599.2356509076517
2479,4602.867563986174
2480,4605.7878823921428
2481,4607.7832510731259
2482,4609.561425042054
2483,4613.1579984695982
2484,4618.9244992928025
2485,4618.9748597097778
2486,4618.9748597098196
2487,4619.3751965966903
2488,4621.9210008532145
2489,4627.2468064541454
2490,4627.9897773467846
2491,4630.4398755829188
2492,4630.6385886642374
2493,4630.7413517256937
2494,4630.7725155009875
2495,4632.8940146777786
2496,4632.991055159212
2497,4636.802984744073
2498,4638.4646091192626
2499,4641.7002725386783
2500,4642.1069631349901
2501,4642.9399768392932
2502,4643.4981493889218
2503,4645.5904337603561
2504,4647.2745013133808
2505,4648.6052937477216
2506,4652.7972779503198
2507,4657.1600084908787
2508,4662.1863361583746
2509,4662.3557947056588
2510,4662.5694016317502
2511,4665.4787787025944
2512,4667.8681006115594
2513,4669.4101686982594
2514,4669.6839021996229
2515,4672.8857869801614
2516,4672.9828535713259
2517,4675.0320531181724
2518,4676.3948531137339
2519,4676.9303151615195
2520,4678.9898338757048
2521,4679.9125971111098
2522,4681.9008713887624
2523,4687.2146860707717
2524,4691.0858474679781
2525,4694.3570614979426
2526,4695.5671681453196
2527,4701.9301093830109
2528,4705.6165705563535
2529,4707.1365612649051
2530,4707.8012993196307
2531,4707.8012993196508
2532,4710.2731668355864
2533,4711.4303443484505
2534,4711.496621801145
2535,4712.3364038950931
2536,4712.8954596966278
2537,4714.364955328916
2538,4714.4440919380058
2539,4716.0661721752585
2540,4721.0072469518509
2541,4721.6650756856607
2542,4723.6516440138548
2543,4723.7345614908409
2544,4726.4861777608103
2545,4726.9548902705601
2546,4730.5987507183645
2547,4733.6857610473216
2548,4734.3999001352531
2549,4739.9164577669299
2550,4744.5417053910269
2551,4747.2797169239684
2552,4747.2797169239793
2553,4747.2797169239902
2554,4747.2797169240475
2555,4749.1336769843037
2556,4752.4141948256956
2557,4754.2193344815469
2558,4755.0284561373119
2559,4757.1493213250706
2560,4757.1493213250787
2561,4763.4442061183781
2562,4764.0710409493004
2563,4764.082972832779
2564,4770.8594941467172
2565,4780.5160374090947
2566,4781.6476743297208
2567,4782.5607205883689
2568,4782.6168054981326
2569,4783.606622359147
2570,4784.3763483049179
2571,4785.5666109555423
2572,4786.2986548163572
2573,4786.7581345283033
2574,4786.758134528327
2575,4786.758134528327
2576,4786.7581345283561
2577,4786.9714585639085
2578,4788.0396618423192
2579,4791.1575992383814
2580,4791.515231895467
2581,4793.5090019723784
2582,4793.6701900675107
2583,4795.3063496615678
2584,4798.2289363990249
2585,4799.2423637140519
2586,4799.960663206949
2587,4802.0292362097425
2588,4802.2298610906428
2589,4802.9414117589131
2590,4806.024906088699
2591,4806.9251289585927
2592,4810.5507980105358
2593,4811.8700912492513
2594,4812.9936561235827
2595,4813.6474206180092
2596,4816.3669477315989
2597,4816.3669477316025
2598,4816.9153295864025
2599,4819.4109150915319
2600,4821.7682224484606
2601,4827.1827277985421
2602,4831.9705250153884
2603,4831.9778846129047
2604,4834.5397372550715
2605,4835.9142713801302
2606,4836.1061565337886
2607,4836.1061565338059
2608,4837.9087880363886
2609,4838.4663685412479
2610,4839.7126581596722
2611,4841.9245068214987
2612,4846.3578732458036
2613,4847.6123758539798
2614,4848.5803563743666
2615,4850.4524996982846
2616,4852.7436622127625
2617,4854.0712899429473
2618,4856.1543215443071
2619,4858.533772986807
2620,4860.8188649651975
2621,4861.142631142061
2622,4863.2396667456396
2623,4864.2830670336807
2624,4865.7149697370141
2625,4865.7149697370405
2626,4865.714969737046
2627,4865.7149697370514
2628,4869.1605996607404
2629,4869.5434287753278
2630,4869.9674117577124
2631,4871.2673879741315
2632,4875.3111457786263
2633,4877.0731224779047
2634,4877.7204012063085
2635,4879.769979587827
2636,4880.536333216658
2637,4884.5206095443154
2638,4885.9756273878083
2639,4888.3611830826076
2640,4889.0379134712066
2641,4889.6571535132998
2642,4891.3497785260433
2643,4892.3950409716635
2644,4898.2459721803907
2645,4900.9152914746719
2646,4902.0556979868743
2647,4902.4914745025526
2648,4902.9437671872183
2649,4908.1529687805578
2650,4911.0060480100319
2651,4918.5258006790009
2652,4918.6821589493247
2653,4923.4989053433655
2654,4923.8723436140954
2655,4924.6982156336735
2656,4927.2880181341907
2657,4931.7120168527481
2658,4932.2716161710159
2659,4932.4043502009854
2660,4932.5222465706238
2661,4934.2129907112012
2662,4934.8022005446792
2663,4934.8022005446828
2664,4934.8022005446892
2665,4934.8022005447183
2666,4935.2828703794839
2667,4935.5171529155305
2668,4940.6956154532927
2669,4945.4119560565396
2670,4947.6973259672332
2671,4949.0940725634555
2672,4951.3518677903103
2673,4955.3183090800376
2674,4958.4329410803184
2675,4961.3331546676
2676,4962.0221934615411
2677,4964.6714786601469
2678,4964.8405810806544
2679,4967.134403907522
2680,4967.1431068416314
2681,4971.3809606827162
2682,4974.9071964586265
2683,4980.1755935830079
2684,4982.224712314337
2685,4982.299165054279
2686,4984.150222550129
2687,4984.1502225501299
2688,4984.150222550139
2689,4984.1502225501572
2690,4984.8353389426593
2691,4985.6942431506741
2692,4986.411314175547
2693,4986.5300167361165
2694,4987.1171842257527
2695,4989.6886711245297
2696,4990.9754507387561
2697,4992.2195911803465
2698,4998.8239270414415
2699,4999.2750795576276
2700,4999.606051464526
2701,5003.0885040954317
2702,5007.0198524275565
2703,5007.8555026968634
2704,5008.1850695492603
2705,5009.5729796015639
2706,5010.3823220394697
2707,5010.6297539923989
2708,5013.1145981708514
2709,5014.4097771537417
2710,5015.7124717653651
2711,5017.4132213876619
2712,5023.6286401544776
2713,5023.6286401544876
2714,5024.9167850398062
2715,5029.4863044452495
2716,5031.3805570007271
2717,5034.4136481031819
2718,5040.3345916524486
2719,5041.4848979684994
2720,5043.7333341577105
2721,5045.6522755144342
2722,5050.4457743532284
2723,5052.7168649853738
2724,5053.2374533577504
2725,5054.9313538836032
2726,5057.3429387786127
2727,5058.2952453947555
2728,5059.1724542129532
2729,5059.7147037482791
2730,5064.2512526206074
2731,5066.1261832006603
2732,5069.1857152205948
2733,5072.9766621599283
2734,5072.9766621599474
2735,5076.1413420786175
2736,5077.1281986370095
2737,5079.0573941795174
2738,5079.2178442686891
2739,5080.1179408357757
2740,5080.8684944267106
2741,5080.9205154944129
2742,5083.2605096606721
2743,5086.0252514556687
2744,5092.1045235235551
2745,5094.3577195066155
2746,5095.4863288000179
2747,5098.1443356364553
2748,5099.7790233908963
2749,5100.6588569906862
2750,5103.1252265567982
2751,5107.8131876930493
2752,5108.5521097544188
2753,5109.9154671189281
2754,5110.2429921055027
2755,5110.3137119506955
2756,5112.4658797245274
2757,5113.486988211328
2758,5117.9297993944956
2759,5121.080997302849
2760,5122.169848396511
2761,5124.4600834887342
2762,5128.3328363963892
2763,5128.4252629172934
2764,5131.7113706139216
2765,5132.1942885664275
2766,5132.1942885664621
2767,5132.1942885664703
2768,5132.1942885664957
2769,5132.5141640476077
2770,5133.7206477629425
2771,5136.3139301001938
2772,5142.0638929675588
2773,5142.0638929675597
2774,5148.8526851278493
2775,5148.9714140228216
2776,5151.9334973686446
2777,5151.9334973686591
2778,5152.7366563507994
2779,5154.652229977517
2780,5155.6295560833532
2781,5157.1037980773826
2782,5158.8181734977188
2783,5159.0074199523106
2784,5160.7720469056903
2785,5161.0619969136442
2786,5163.8499448083912
2787,5165.0331387729666
2788,5171.2285631003506
2789,5171.7446324661478
2790,5172.783743557733
2791,5173.7416750409257
2792,5179.6329075187705
2793,5181.7996768090552
2794,5183.2619061574069
2795,5186.1110663217469
2796,5197.2561020869343
2797,5199.3061459608107
2798,5199.9416616851513
2799,5201.1108282148707
2800,5203.2740384002946
2801,5205.0357344637705
2802,5213.5239474640211
2803,5213.8153462365499
2804,5216.928986611304
2805,5217.7184215352481
2806,5220.3365401897026
2807,5223.9940898419491
2808,5224.2887562569376
2809,5226.9285380841638
2810,5227.4989375716423
2811,5227.5392150318257
2812,5228.2692816968902
2813,5228.6985236196424
2814,5229.3605060763321
2815,5229.4724917754411
2816,5230.7213427405795
2817,5230.8903325773381
2818,5230.8903325773435
2819,5230.8903325773654
2820,5230.8903325773963
2821,5230.9152956782291
2822,5233.2889885120076
2823,5234.0642101301619
2824,5236.301244679913
2825,5238.3774116680706
2826,5241.301421117817
2827,5241.5609192115771
2828,5243.1048657137253
2829,5244.5866857080846
2830,5246.1089012652574
2831,5249.9482800531223
2832,5251.0474747202124
2833,5252.0716599361213
2834,5253.1974631777402
2835,5256.4360728510228
2836,5258.3563126594645
2837,5260.4991457805845
2838,5260.4991457806182
2839,5260.4991457806191
2840,5260.4991457806309
2841,5262.9645224591795
2842,5263.5656927956234
2843,5264.6374553364758
2844,5264.9002687403436
2845,5267.5080513772346
2846,5267.6953158631259
2847,5271.5982409727567
2848,5272.9144304422944
2849,5274.8554028520548
2850,5276.5626473708053
2851,5277.035829499061
2852,5277.5409673508666
2853,5280.7017138176088
2854,5281.6395151355291
2855,5283.4603944862347
2856,5283.522073241561
2857,5283.5855685746992
2858,5290.1517613279893
2859,5293.2335091358027
2860,5293.9039903872845
2861,5297.5759050110228
2862,5297.697413330563
2863,5299.1736965936725
2864,5300.262370175953
2865,5301.1750942855342
2866,5306.5752619752921
2867,5306.9728288782053
2868,5307.4920548653654
2869,5308.364556131819
2870,5309.8471677860734
2871,5309.847167786078
2872,5310.6615929464087
2873,5315.9613055480049
2874,5316.1840131244844
2875,5316.2776716462995
2876,5322.1867038661876
2877,5322.6382714548181
2878,5324.6291277603586
2879,5330.5145741563392
2880,5330.630950865363
2881,5334.9470384648675
2882,5338.2729270768832
2883,5338.9483351600493
2884,5339.2676867033506
2885,5339.4559809893371
2886,5339.4559809893453
2887,5341.0313012888946
2888,5345.3659714247269
2889,5349.5487998910266
2890,5352.5310483259573
2891,5354.7471989206988
2892,5356.0213457125292
2893,5359.2512105261076
2894,5360.4953029422395
2895,5361.4666116433591
2896,5361.9463265786353
2897,5363.4426201015795
2898,5369.06479419261
2899,5369.0647941926109
2900,5370.9104638774261
2901,5377.1864226233711
2902,5378.8750786135734
2903,5378.9343985936748
2904,5378.9343985937103
2905,5378.9343985937221
2906,5378.9343985937312
2907,5379.4900400000579
2908,5382.9862319665699
2909,5383.2048560736948
2910,5383.2593398201916
2911,5385.1814131990559
2912,5390.1730849033729
2913,5390.3698546235773
2914,5392.8980212102551
2915,5393.6680293838326
2916,5399.4266061101935
2917,5399.4819017698119
2918,5404.5453806493078
2919,5404.9263389706566
2920,5406.20670210754
2921,5408.5432117969594
2922,5408.543211797044
2923,5412.2370933569582
2924,5412.4076934907271
2925,5412.4648467227344
2926,5414.3479895424225
2927,5415.6492712911286
2928,5418.1876108510587
2929,5418.4128161980288
2930,5418.4128161980607
2931,5419.5422299624179
2932,5422.7857486267148
2933,5423.653480217361
2934,5423.6576640474295
2935,5424.0331065472828
2936,5427.7517170214005
2937,5429.0306984748468
2938,5430.8549586107001
2939,5434.9537282861902
2940,5435.56448955612
2941,5437.4425253325344
2942,5442.8288094261534
2943,5445.1868368918995
2944,5445.6686384470131
2945,5449.5548781703728
2946,5450.1037879645928
2947,5452.0205946860715
2948,5459.688922297596
2949,5459.8159257270954
2950,5461.280999014386
2951,5461.3571915844032
2952,5463.8464931651833
2953,5466.8448766323518
2954,5467.4250034991355
2955,5467.7608382034969
2956,5467.760838203506
2957,5469.0013255912036
2958,5470.7873921994642
2959,5470.9750859631758
2960,5475.5581285706421
2961,5481.4761655030661
2962,5483.1311184037168
2963,5486.5304717497784
2964,5489.083652714251
2965,5490.1951113160376
2966,5491.6956708052858
2967,5494.3940857760072
2968,5495.9158772276751
2969,5497.3696514067606
2970,5497.3696514067642
2971,5501.9394689923938
2972,5504.5197961139793
2973,5506.8899256316563
2974,5507.4978561412554
2975,5508.2208770719035
2976,5511.8151151484208
2977,5514.0051599275748
2978,5521.4630538046385
2979,5521.6659333203706
2980,5522.8229002259677
2981,5523.6323137873906
2982,5527.0777769973192
2983,5529.3181739609408
2984,5531.6104637394956
2985,5532.4108317661457
2986,5532.7519704575607
2987,5534.2970818234944
2988,5535.270009777435
2989,5537.2466292152412
2990,5538.0905847845506
2991,5538.7349530639467
2992,5539.0924971025497
2993,5545.8584415975392
2994,5546.7176734122049
2995,5546.7176734122231
2996,5548.68004724609
2997,5549.7482340529341
2998,5551.6465144985023
2999,5553.8076511980435
3000,5556.2182541534285
3001,5559.4792895450191
3002,5563.4333996724235
3003,5564.2183173440171
3004,5564.9404093183357
3005,5565.0904305579706
3006,5565.9045440093241
3007,5567.587095335839
3008,5569.3265556433107
3009,5571.1506303234664
3010,5572.3525327909374
3011,5576.3264866154877
3012,5576.3264866154914
3013,5576.3264866155196
3014,5576.3264866155614
3015,5577.9190666286204
3016,5583.0001678961726
3017,5587.5338379031709
3018,5590.6530672063691
3019,5598.1970419110285
3020,5598.5675941659847
3021,5600.4200881561483
3022,5603.3396252459461
3023,5604.2568599273973
3024,5604.929701676052
3025,5606.8692017596413
3026,5609.3579373662724
3027,5611.8185327707097
3028,5615.1657657468122
3029,5615.3316260207903
3030,5615.7041177127685
3031,5615.8049042198354
3032,5615.8049042198463
3033,5616.3374216474058
3034,5617.3291347096165
3035,5620.4173364523504
3036,5621.0340315760304
3037,5621.985245569429
3038,5623.6725204843915
3039,5628.7796700313365
3040,5629.6660278375048
3041,5633.4694393950012
3042,5635.826552812744
3043,5639.5223070281463
3044,5639.7588333864378
3045,5640.5378532483064
3046,5644.9634583933457
3047,5645.7314131097155
3048,5649.4440145858389
3049,5653.4624237379794
3050,5655.8877321955142
3051,5660.8127419247012
3052,5665.0916814465527
3053,5667.4205722464667
3054,5668.0095566974087
3055,5668.2253813248626
3056,5668.8502702794713
3057,5674.669753335068
3058,5676.5650082569819
3059,5680.7491933847377
3060,5682.4202251303232
3061,5683.236066909546
3062,5685.5603565951551
3063,5685.6983627500076
3064,5687.6540461034356
3065,5688.6082814157326
3066,5689.9158377156627
3067,5690.6311691107785
3068,5694.2831057681697
3069,5694.439149439595
3070,5694.7617394285453
3071,5694.7617394285608
3072,5695.5561333330998
3073,5695.9821959900264
3074,5697.8245185579326
3075,5698.0991402246982
3076,5698.1265491810682
3077,5701.7449484732797
3078,5704.6313438296256
3079,5704.6313438296484
3080,5704.6313438296511
3081,5707.3725121442303
3082,5707.9787202461557
3083,5709.2630064844816
3084,5711.6442064103676
3085,5712.7744858172646
3086,5714.9374000675562
3087,5715.0702822412641
3088,5715.3574007578491
3089,5717.0175451877894
3090,5718.3777234499967
3091,5718.4583951204204
3092,5720.0093709728371
3093,5722.7045609341003
3094,5724.3705526318136
3095,5724.3705526318345
3096,5724.370552631839
3097,5724.3705526318499
3098,5724.7498439479468
3099,5724.8334260124429
3100,5727.1584390537564
3101,5727.5517452010245
3102,5734.2217882931118
3103,5738.2731576313608
3104,5739.9494415748431
3105,5740.366431514155
3106,5744.1606751079999
3107,5747.3502329150169
3108,5751.6343233445687
3109,5751.8867674416406
3110,5753.3047345162913
3111,5755.1379604031454
3112,5757.231782318242
3113,5759.1543811598995
3114,5759.9711993146948
3115,5761.3111354261782
3116,5761.5360401824319
3117,5763.8489702361949
3118,5763.8489702361985
3119,5766.5471843441683
3120,5767.0741358695741
3121,5768.9710372079107
3122,5770.4399358617111
3123,5772.1920048725697
3124,5773.7185746372143
3125,5773.718574637257
3126,5773.7185746372634
3127,5773.7185746372816
3128,5776.9045990551394
3129,5780.6114709356571
3130,5783.5881790383492
3131,5783.5881790383819
3132,5788.105922232281
3133,5789.689233602885
3134,5796.114642656059
3135,5800.4032091875279
3136,5800.9259081891787
3137,5801.9098742247479
3138,5802.3876816604206
3139,5803.3789511728864
3140,5803.9418931806777
3141,5804.1412976321499
3142,5807.0043998436749
3143,5810.2965031648664
3144,5812.0080165885247
3145,5812.4648204737023
3146,5813.4147865924097
3147,5814.7699077629577
3148,5815.4908626899005
3149,5822.68467707734
3150,5824.6859478372917
3151,5825.0907276278203
3152,5825.2252678943223
3153,5834.4866297469307
3154,5837.7175373314276
3155,5838.6209654909271
3156,5840.6603933380211
3157,5842.8058054448893
3158,5842.8058054448984
3159,5847.5561339142287
3160,5849.5850702343741
3161,5852.6754098459833
3162,5852.6754098460078
3163,5853.081139474858
3164,5853.3255902961182
3165,5853.6122400928652
3166,5853.6276400181505
3167,5854.7103891563229
3168,5857.7226558685725
3169,5858.8241807894237
3170,5859.5427320967683
3171,5860.8546855699924
3172,5861.1522843882085
3173,5867.4846051389059
3174,5869.9388984977204
3175,5870.3284067820077
3176,5872.0788789312282
3177,5872.7825747435691
3178,5874.6856886443766
3179,5879.5927568468378
3180,5881.5105866323411
3181,5882.2842230492615
3182,5882.2842230492852
3183,5883.100854973598
3184,5883.2108654360027
3185,5885.3395139125942
3186,5885.8415272788843
3187,5886.6573039865771
3188,5889.2750365213133
3189,5890.4618157698924
3190,5890.8264794230709
3191,5891.4948856652318
3192,5893.9804451630125
3193,5895.4707323502025
3194,5898.253664188238
3195,5900.785932448036
3196,5902.8988412326289
3197,5905.0174800433851
3198,5905.0192162371131
3199,5907.4798121777649
3200,5907.8470864490582
3201,5911.6463166056528
3202,5913.0662095784519
3203,5914.2641363676012
3204,5915.8601846974443
3205,5919.6666878735205
3206,5921.1665500836434
3207,5927.1054444117563
3208,5930.466485040015
3209,5930.657689621692
3210,5931.6322450546877
3211,5931.632245054705
3212,5932.1816302036641
3213,5934.042750983579
3214,5934.3512303753623
3215,5938.2280932462445
3216,5942.9542892732743
3217,5943.4304767637968
3218,5950.0887853315198
3219,5952.1279485079303
3220,5956.8143662249295
3221,5956.8732249400209
3222,5958.9496497781565
3223,5963.3102647278456
3224,5964.2060846388749
3225,5964.9131735122155
3226,5965.6881007801312
3227,5968.3572452953649
3228,5968.5969846968783
3229,5970.79085153079
3230,5971.1106626590554
3231,5971.1106626590581
3232,5974.9539633437707
3233,5976.0326584920604
3234,5987.2774882739895
3235,5989.5194361907061
3236,5989.5627789799182
3237,5995.9738212739703
3238,5999.8692532750119
3239,6000.565158773019
3240,6001.0317264964915
3241,6001.9170244178431
3242,6006.9347740361945
3243,6009.239143359363
3244,6011.3224517269027
3245,6011.3843789109833
3246,6012.7862308650656
3247,6014.4708857930582
3248,6014.5799763480563
3249,6014.7949974318517
3250,6015.130469653157
3251,6016.1456175941657
3252,6017.8592441234941
3253,6018.4109022230195
3254,6018.9817370508108
3255,6019.4875333353402
3256,6020.4586846645025
3257,6020.458684664507
3258,6020.4586846645334
3259,6020.4586846645625
3260,6020.930624690669
3261,6025.3869537791588
3262,6026.5590477207661
3263,6028.6660673204242
3264,6036.6019331258285
3265,6040.1978934666922
3266,6040.197893466694
3267,6040.5719714249581
3268,6041.0997457088461
3269,6041.6302581150476
3270,6044.1734186891963
3271,6044.4527476168814
3272,6046.7255748439784
3273,6048.2242565227907
3274,6048.6621632823317
3275,6050.0674978677807
3276,6050.0674978677871
3277,6059.4604409678504
3278,6064.6289813084895
3279,6066.733167211014
3280,6068.8590526656762
3281,6069.1419469214879
3282,6072.162211808436
3283,6076.1024580975427
3284,6076.8762105540955
3285,6077.1109935916793
3286,6082.6902525090454
3287,6082.8564813590929
3288,6084.5337665461675
3289,6085.5814874215448
3290,6086.5949247747931
3291,6089.5459154721275
3292,6089.5459154721593
3293,6092.7406059055256
3294,6093.1373931139051
3295,6093.3517833125161
3296,6096.5470076558267
3297,6097.2008409336095
3298,6097.603978922114
3299,6102.459955897014
3300,6104.4506608951324
3301,6104.9971520309873
3302,6107.3654640313425
3303,6116.7286094017318
3304,6117.590140117064
3305,6119.4529233733301
3306,6123.3872974027963
3307,6124.0906815427152
3308,6128.9440125022566
3309,6129.2808216830017
3310,6132.5193901082139
3311,6134.5335928604836
3312,6140.4299080895962
3313,6142.8589504245592
3314,6143.3162555800745
3315,6149.2209830793772
3316,6151.3253967386336
3317,6153.1963432792727
3318,6154.2133840296674
3319,6157.4122315806153
3320,6158.2376722191575
3321,6158.742319411569
3322,6161.4150104490709
3323,6161.8852687046119
3324,6162.6096700617063
3325,6164.0706340503757
3326,6167.3014481244409
3327,6168.5027506808292
3328,6168.5027506808456
3329,6168.5027506808628
3330,6168.502750680901
3331,6169.8566434968534
3332,6171.2097834484675
3333,6172.6891022310319
3334,6173.6336539726726
3335,6174.5952399828948
3336,6174.8665839721516
3337,6177.3921150849565
3338,6177.6706395158608
3339,6178.3723550819086
3340,6178.3723550819304
3341,6179.1634265214079
3342,6179.9243456603936
3343,6180.2234981612337
3344,6181.1496003708007
3345,6182.0845303227052
3346,6183.2567698896701
3347,6185.8278642318019
3348,6187.8824237439185
3349,6190.1025939792289
3350,6196.8054121015884
3351,6198.080676643176
3352,6198.1115638840965
3353,6198.1115638841202
3354,6198.8088757076921
3355,6200.8200890519838
3356,6202.7015821773939
3357,6203.9015605177401
3358,6205.4958013756332
3359,6207.0787513027481
3360,6207.9811682851987
3361,6207.9811682852169
3362,6207.9811682852351
3363,6207.9811682852524
3364,6208.5576804498387
3365,6209.3458856164398
3366,6211.5479856631464
3367,6212.9909195059417
3368,6214.0086527239264
3369,6215.3092036295675
3370,6219.003188711551
3371,6222.0467804928885
3372,6224.2029521644645
3373,6228.0927795361067
3374,6229.5119643958151
3375,6235.0095976950779
3376,6235.1146300170003
3377,6241.0980844913993
3378,6241.8027443492656
3379,6242.9545798029303
3380,6244.4483941567651
3381,6246.1410089815745
3382,6249.7311359622627
3383,6250.3225381132543
3384,6251.7574547350987
3385,6252.9857893194048
3386,6255.3675550505004
3387,6257.3291902906622
3388,6257.3291902906758
3389,6259.2617332486097
3390,6259.6349214310085
3391,6261.9989887498887
3392,6262.6019881747225
3393,6266.8521241252729
3394,6270.7771509061058
3395,6270.933595486953
3396,6272.9460136848329
3397,6274.0541781830834
3398,6279.6397570440304
3399,6279.8715353396437
3400,6284.1983957009707
3401,6285.9239673167485
3402,6286.9380034939059
3403,6286.9380034939068
3404,6288.1816731791278
3405,6292.0668756911673
3406,6292.606440678489
3407,6292.8280660643304
3408,6294.154679796743
3409,6294.6898120216974
3410,6294.7550121287732
3411,6298.0424846517999
3412,6299.3984741521945
3413,6301.7477917226697
3414,6307.0069656384767
3415,6308.9184653582797
3416,6312.2129297378315
3417,6312.7060242232728
3418,6316.3978971776514
3419,6316.5468166971878
3420,6316.5468166971923
3421,6321.1959401730301
3422,6326.4164210982754
3423,6326.416421098279
3424,6326.7752524400667
3425,6327.2877080941853
3426,6327.3316068346203
3427,6327.951508940504
3428,6329.5068940650763
3429,6330.0892964287214
3430,6331.7250820929239
3431,6333.4761553044164
3432,6334.3978450533086
3433,6334.9670467759306
3434,6338.4008640219554
3435,6340.5176197860565
3436,6342.9097806138125
3437,6343.6246654719662
3438,6343.763891293529
3439,6345.8699968287883
3440,6347.6353434402163
3441,6348.8081774524344
3442,6354.1830009554042
3443,6354.4564945202474
3444,6355.2657568482882
3445,6358.8754707956141
3446,6360.6599649060972
3447,6361.7984850379517
3448,6368.7042980105907
3449,6368.7980632465988
3450,6369.3634118525733
3451,6369.8449465930362
3452,6370.7176583933751
3453,6371.5427835310884
3454,6372.7753738178344
3455,6372.8703871848147
3456,6374.9720876389501
3457,6376.3913341575699
3458,6381.131245968083
3459,6383.4566327977245
3460,6387.932523911044
3461,6388.1493091480597
3462,6388.244123602859
3463,6389.310292300599
3464,6390.1861744916287
3465,6395.1783542560352
3466,6395.1810535387485
3467,6395.5036519059031
3468,6397.8826605095956
3469,6401.9118624279899
3470,6403.5748571485974
3471,6414.1751104149334
3472,6415.2428607080501
3473,6415.2428607080565
3474,6415.2428607080619
3475,6415.2428607080838
3476,6415.2428607080847
3477,6415.2428607081001
3478,6420.0862613611162
3479,6420.8000097724216
3480,6422.1079894406894
3481,6426.4736118890969
3482,6428.7814531960303
3483,6429.3984178985547
3484,6431.0240242293066
3485,6436.0343614475805
3486,6436.3289054051102
3487,6444.247553788422
3488,6444.8516739113584
3489,6444.8516739113702
3490,6446.0286266725088
3491,6446.3477857473845
3492,6446.3908516142774
3493,6450.3053645901255
3494,6454.8207849039882
3495,6457.9713649098048
3496,6462.303955855702
3497,6462.5736119218509
3498,6463.030146179959
3499,6463.0920224061065
3500,6474.3184650876374
3501,6474.4604871146148
3502,6474.4604871146348
3503,6476.4088494324105
3504,6480.5363389489949
3505,6483.1365065373884
3506,6484.3300915157051
3507,6484.3300915157261
3508,6484.4138326213861
3509,6484.6499238482247
3510,6485.4832527148137
3511,6485.8568523488611
3512,6487.3600125622897
3513,6488.1346029299948
3514,6488.3787467863376
3515,6489.718563747083
3516,6490.8366510446476
3517,6490.9488051634744
3518,6497.9451175337335
3519,6500.4407773665143
3520,6501.1257890923553
3521,6501.4121933038296
3522,6503.9044999115558
3523,6506.2316959872924
3524,6509.7387266207679
3525,6510.8571060914865
3526,6511.0928311625958
3527,6511.788139858133
3528,6511.9182406433874
3529,6512.3399704739077
3530,6513.495996489637
3531,6522.0089382768283
3532,6523.808509120031
3533,6523.8085091200646
3534,6525.3476963190506
3535,6526.6767756334793
3536,6527.4388730529863
3537,6537.8285273488273
3538,6539.0263534925289
3539,6541.1272806901361
3540,6543.2188988499947
3541,6544.3506069587102
3542,6548.1274332268486
3543,6548.6497580076311
3544,6549.8221083272238
3545,6549.8657139381703
3546,6551.1259310668875
3547,6551.9448631202195
3548,6555.1615422530758
3549,6557.0678245680692
3550,6560.3636855537134
3551,6564.6930743785988
3552,6567.9770572199595
3553,6568.3718909717345
3554,6568.4894114357367
3555,6570.9876511330694
3556,6573.1565311254835
3557,6573.1565311255017
3558,6574.0335671092607
3559,6574.066508787434
3560,6574.2517113012718
3561,6576.242589687703
3562,6584.3092404696399
3563,6585.5063392007132
3564,6585.972774496091
3565,6587.6785399555501
3566,6588.6923790033979
3567,6589.4087032300604
3568,6591.7289499513472
3569,6592.4824600227548
3570,6597.0799255372667
3571,6597.6471392199637
3572,6603.794427859295
3573,6607.3401691259669
3574,6607.9033368322271
3575,6610.1244168883122
3576,6612.1107230344942
3577,6613.3326281218351
3578,6614.411970231874
3579,6617.2254655394481
3580,6618.9822317559992
3581,6622.8166824748178
3582,6625.7645691019134
3583,6634.7248879868166
3584,6635.6509339546928
3585,6635.7033591735189
3586,6640.0238520568973
3587,6642.243761933134
3588,6642.2437619331449
3589,6642.3236820218381
3590,6644.1066169350843
3591,6645.2423320165026
3592,6646.715899555762
3593,6646.8507240297704
3594,6650.9308538833957
3595,6651.3789717623085
3596,6652.1133663342334
3597,6652.1133663342389
3598,6653.8562122291041
3599,6656.9443663910597
3600,6658.3607562506686
3601,6659.0512102983002
3602,6660.2131841664632
3603,6660.6861947331718
3604,6663.9051199700552
3605,6668.3157803564809
3606,6671.8525751363877
3607,6671.8525751364086
3608,6673.6723540182729
3609,6673.9216262039936
3610,6677.1187138630376
3611,6678.7821324975475
3612,6680.8307812223793
3613,6681.282947829055
3614,6681.7221795374708
3615,6681.722179537488
3616,6682.1345707960045
3617,6683.9011842573054
3618,6684.9549749415655
3619,6687.3313865176424
3620,6689.842769640999
3621,6689.9614303938524
3622,6692.0176035327831
3623,6696.0310017303682
3624,6698.5017487426885
3625,6699.5871194256852
3626,6700.7284693119218
3627,6701.5213394724697
3628,6703.4344887147099
3629,6703.9118335710846
3630,6705.5547401946951
3631,6706.2401244126659
3632,6707.6202661923135
3633,6710.1410890723419
3634,6711.330992740739
3635,6711.3309927407627
3636,6711.3309927407754
3637,6711.3309927407763
3638,6712.2530175334095
3639,6713.4427140253956
3640,6714.6073150210696
3641,6715.8471007016014
3642,6718.3174494225977
3643,6718.4654545417052
3644,6719.2303241284999
3645,6720.4784683205899
3646,6723.6870309706928
3647,6728.3029777544307
3648,6731.17699502087
3649,6733.26028030212
3650,6733.6283508482602
3651,6737.1675649161662
3652,6738.1159709709227
3653,6738.6801398105199
3654,6744.7662167971694
3655,6746.3684544144271
3656,6747.354796110516
3657,6747.4038080645887
3658,6750.8634503736184
3659,6751.1311339945723
3660,6751.9647331007127
3661,6752.8709060060764
3662,6754.3194040586905
3663,6757.7674680540049
3664,6760.5694495916996
3665,6760.6790147461843
3666,6760.6790147462107
3667,6760.6790147462152
3668,6760.6790147462179
3669,6764.928407026513
3670,6770.1273142534455
3671,6771.3454025316432
3672,6771.5663285971887
3673,6775.4652650737135
3674,6777.5777337917825
3675,6782.6617833748514
3676,6784.2937675526109
3677,6785.9982483682898
3678,6788.5649765808303
3679,6790.7414774065637
3680,6792.6482113330394
3681,6796.5916363476135
3682,6800.1574323505511
3683,6800.157432350562
3684,6800.1574323505702
3685,6800.1574323505811
3686,6803.5428798489556
3687,6804.2748045233866
3688,6804.5448807491985
3689,6804.6895701105504
3690,6807.3298628736184
3691,6808.6587382443813
3692,6809.3277499514879
3693,6812.3625360502092
3694,6815.344684228754
3695,6816.8824290665671
3696,6818.1336258502042
3697,6818.1688583050918
3698,6818.7209049512667
3699,6819.2300680228973
3700,6822.5945975881768
3701,6826.42989260372
3702,6827.1766440064448
3703,6829.7662455538284
3704,6829.7662455538293
3705,6829.8578297874083
3706,6837.2973163272081
3707,6838.5203742511976
3708,6838.7313990855082
3709,6845.3750451304586
3710,6846.2491335172981
3711,6848.5882493270456
3712,6852.3313642375697
3713,6852.9458056630338
3714,6853.1419877216185
3715,6853.8623419039959
3716,6854.2307718435886
3717,6855.241878635572
3718,6857.2166467553479
3719,6858.0565445478787
3720,6859.9753586251572
3721,6862.1399553704741
3722,6865.1281570466699
3723,6865.3737071309124
3724,6870.0182274493
3725,6870.5052889999715
3726,6873.1007447511965
3727,6875.2160287423112
3728,6875.717480916368
3729,6877.1787574130567
3730,6878.1647218062944
3731,6879.1142675592746
3732,6879.1142675592819
3733,6879.1142675592937
3734,6879.114267559301
3735,6880.5800535380149
3736,6882.8686185490942
3737,6883.5968621997508
3738,6885.6332766885425
3739,6888.9838719603649
3740,6888.983871960384
3741,6895.037640483567
3742,6898.297447289674
3743,6901.2554547815253
3744,6902.075231745458
3745,6905.2870186940554
3746,6907.3387373741343
3747,6911.8826601691817
3748,6913.3061057841915
3749,6917.1255488287479
3750,6918.5926851635968
3751,6918.5926851636377
3752,6918.6464277271425
3753,6919.1861662727579
3754,6921.6773061697641
3755,6922.1502838746501
3756,6925.9925431753454
3757,6927.00133022509
3758,6927.2786284891836
3759,6927.8955456922768
3760,6929.4241445820971
3761,6931.9111770533609
3762,6934.0041610550643
3763,6939.9726751899943
3764,6940.1809022345224
3765,6942.2491553665541
3766,6946.3263240213491
3767,6954.410586845941
3768,6954.9974468439295
3769,6957.5592852936834
3770,6960.6575409369443
3771,6963.1807340746409
3772,6965.6965800597063
3773,6967.0739299724337
3774,6967.9407071690848
3775,6967.9407071690885
3776,6972.9704006892762
3777,6973.8768854960872
3778,6975.3738875899244
3779,6976.0282201226428
3780,6976.7443817478843
3781,6978.2809078386235
3782,6979.6194734203855
3783,6980.5535493625848
3784,6983.7691821424178
3785,6985.0841132607648
3786,6987.558593607906
3787,6987.785165716984
3788,6993.578436107543
3789,6997.5495203723449
3790,6997.5495203723649
3791,6999.2347020970446
3792,6999.2711014885308
3793,6999.318577477713
3794,7000.5168130007214
3795,7002.2957665851873
3796,7004.3516269969223
3797,7005.6860091044218
3798,7006.1831276040875
3799,7006.5862880523455
3800,7008.4569995683732
3801,7013.7257480911167
3802,7013.8277691097983
3803,7017.5383257460853
3804,7018.3857697189005
3805,7021.2548580343073
3806,7025.6638491968815
3807,7026.8663028282235
3808,7027.158333575605
3809,7027.1583335756141
3810,7027.2792173276894
3811,7028.2194148339022
3812,7028.2345262936742
3813,7030.8305322620226
3814,7031.8521044600984
3815,7032.6356583314273
3816,7034.8387876694605
3817,7035.7779986387604
3818,7041.2831325261277
3819,7045.9136380033397
3820,7048.6902900788764
3821,7052.2228906664486
3822,7052.3420707755804
3823,7053.9299329370506
3824,7053.9807663764523
3825,7054.423430220525
3826,7057.4243496186273
3827,7062.8901950841891
3828,7064.0383532992582
3829,7065.4895335497695
3830,7067.272840488652
3831,7067.3993157536224
3832,7073.4640229161387
3833,7074.4053298014105
3834,7075.6012089489896
3835,7077.6135558801434
3836,7081.8414046095195
3837,7085.6767608978025
3838,7087.2106567795736
3839,7091.852303136081
3840,7092.690584037372
3841,7092.7244731577321
3842,7095.6456790301709
3843,7098.8915433461707
3844,7100.853187673596
3845,7101.244498646437
3846,7102.9424428583798
3847,7103.7774128183955
3848,7106.1151687843312
3849,7106.1151687843421
3850,7106.1396226069692
3851,7107.6663392040473
3852,7107.7874598142571
3853,7112.3208991822921
3854,7112.4312048974944
3855,7117.516572666168
3856,7120.6268673822306
3857,7125.8543775865046
3858,7128.9533098613156
3859,7132.9475770481786
3860,7133.251079156018
3861,7135.0729945463454
3862,7138.5708681789738
3863,7139.2674619804538
3864,7141.4471150909685
3865,7145.2338388758935
3866,7145.5935863886798
3867,7145.5935863886834
3868,7146.4206423487785
3869,7148.4815455736943
3870,7155.4631907897365
3871,7155.4631907897483
3872,7155.4631907897538
3873,7155.4631907897647
3874,7155.4631907897856
3875,7155.4631907897901
3876,7155.4693227211292
3877,7155.5010692074529
3878,7159.1219642209016
3879,7161.6834561562655
3880,7164.5029613312036
3881,7172.0804760416149
3882,7172.122505447709
3883,7173.4139058821493
3884,7174.8917496624772
3885,7175.3689732239127
3886,7176.0927956074484
3887,7182.2998328952635
3888,7183.9981265758124
3889,7185.1661204057045
3890,7185.2948750738688
3891,7188.5459835253687
3892,7191.9064660994209
3893,7194.5537742077986
3894,7199.1834737848294
3895,7201.55043531513
3896,7202.0808379922564
3897,7203.1260953346145
3898,7203.3592883740093
3899,7203.4241473603288
3900,7204.6436081932361
3901,7204.8112127952209
3902,7204.8112127952272
3903,7204.8112127952336
3904,7204.8112127952454
3905,7205.2359162477751
3906,7205.6348264831613
3907,7206.2742324146866
3908,7207.1649654716475
3909,7210.9824629450159
3910,7213.5555541854237
3911,7216.0931511187846
3912,7217.5050785702124
3913,7218.0840349680475
3914,7218.6701737561898
3915,7220.0792514463583
3916,7222.5766397997859
3917,7224.6035094425624
3918,7226.145946534185
3919,7227.8861295790302
3920,7232.1295407111838
3921,7232.2470415410962
3922,7232.3730172490941
3923,7232.716684781728
3924,7234.4200259985037
3925,7234.4200259985182
3926,7238.0864125300332
3927,7239.650407712018
3928,7241.408669599834
3929,7241.7005827411749
3930,7247.1842709309176
3931,7248.2856127528294
3932,7250.7364406815632
3933,7252.2827488256253
3934,7254.0780827801036
3935,7256.879097116338
3936,7257.8562184799939
3937,7258.423089910164
3938,7262.7254413314531
3939,7266.3231224797728
3940,7267.6242376706705
3941,7268.9160567848794
3942,7270.1531942052934
3943,7270.1988003743863
3944,7273.1260194055012
3945,7275.0503627453691
3946,7275.7688505924216
3947,7279.4644310062904
3948,7282.2650741030684
3949,7283.2310698756337
3950,7283.7680480039389
3951,7283.7680480039544
3952,7287.707012298979
3953,7288.3292942638109
3954,7290.7352225147224
3955,7293.0419899993176
3956,7297.6401933846746
3957,7297.7481432244713
3958,7298.0165850470976
3959,7303.5072568061178
3960,7303.5072568061205
3961,7303.5072568061278
3962,7303.5072568061287
3963,7304.6285294094632
3964,7304.8635295343338
3965,7305.4831893739656
3966,7305.4985835096586
3967,7309.2167359544592
3968,7309.2563430379332
3969,7310.8856172638853
3970,7312.9094155311341
3971,7313.671318682691
3972,7315.4003313666435
3973,7315.7820255332954
3974,7318.7675093561247
3975,7321.8421172201879
3976,7323.9165523528418
3977,7329.0221492616611
3978,7329.2281247881856
3979,7329.9193990013955
3980,7332.0191336840044
3981,7333.4004182777471
3982,7337.4780997510607
3983,7338.867100723879
3984,7339.4317181780489
3985,7344.8727381033368
3986,7347.5118554028913
3987,7349.1735218978274
3988,7352.3657176358129
3989,7352.8552788115539
3990,7352.855278811573
3991,7352.8552788115776
3992,7352.8552788115803
3993,7353.5424450083083
3994,7355.8684743256072
3995,7357.9664249998877
3996,7358.553713151492
3997,7362.7248832126525
3998,7362.7248832126616
3999,7363.456029302487
4000,7363.8816147332109
4001,7366.5611245747968
4002,7368.8199605201416
4003,7378.1447604135192
4004,7381.3368424716828
4005,7381.4930226085544
4006,7381.6771172408144
4007,7383.4374989031357
4008,7383.5860978283145
4009,7384.7340345604553
4010,7385.6171959127023
4011,7388.0901212234685
4012,7391.1832279753462
4013,7394.0155059947001
4014,7394.236331709797
4015,7395.7734320944346
4016,7398.626645831685
4017,7400.8034807417498
4018,7405.8401047803836
4019,7406.5000147305427
4020,7407.2718977791028
4021,7410.2631035217246
4022,7412.2299452498555
4023,7412.8378167672518
4024,7413.4100210457036
4025,7418.2813749088691
4026,7420.0848907920572
4027,7420.9377329234867
4028,7423.6200487079486
4029,7423.7985522937679
4030,7424.1296795315093
4031,7427.9953521949219
4032,7432.47238686124
4033,7436.2913982227692
4034,7436.8854091807898
4035,7436.9065258461515
4036,7441.6817184213551
4037,7441.681718421356
4038,7441.6817184213842
4039,7441.6817184213851
4040,7443.204899335803
4041,7446.8086926910237
4042,7452.7955758527251
4043,7453.5836089759114
4044,7453.9309612625184
4045,7454.1468683905232
4046,7454.8458636310088
4047,7458.0833117072416
4048,7460.2996933563463
4049,7461.4368986896361
4050,7461.4979143880892
4051,7461.9553105419936
4052,7463.606616168373
4053,7466.1876215699467
4054,7467.1348150352669
4055,7467.2696969842591
4056,7470.6284666343308
4057,7471.2905316246442
4058,7471.2905316246597
4059,7474.2062955442825
4060,7478.6543617530069
4061,7479.8256063626341
4062,7485.4182960750823
4063,7488.1335591346169
4064,7488.2943844902293
4065,7489.5924681100041
4066,7494.0956306680209
4067,7496.2771596741923
4068,7497.0389771469308
4069,7497.6522536881539
4070,7498.6996382311418
4071,7499.7058944078708
4072,7503.8544992202687
4073,7508.21086603403
4074,7508.2734252397049
4075,7510.7689492290001
4076,7510.7689492290156
4077,7512.6471941284781
4078,7514.1433529062169
4079,7517.1056374687423
4080,7518.1758604058277
4081,7518.9098727893361
4082,7522.5077151925225
4083,7524.9106238246213
4084,7528.9551556420774
4085,7529.6022806402243
4086,7531.1127452588407
4087,7531.5856476556964
4088,7533.0203937983688
4089,7535.2489894480159
4090,7541.0474185127514
4091,7541.9259013665824
4092,7545.7846299411813
4093,7549.8761007084213
4094,7550.0214314087516
4095,7550.2473668333323
4096,7550.2473668333514
4097,7550.2473668333605
4098,7550.2473668333705
4099,7552.8663172091165
4100,7553.2481194193824
4101,7557.8142944797946
4102,7559.284145294122
4103,7562.7902074481108
4104,7563.9380448568318
4105,7564.2040035836299
4106,7564.4570878980312
4107,7570.1583581307477
4108,7574.6783264091919
4109,7576.0796486230574
4110,7579.4830262220548
4111,7588.5677898805998
4112,7589.4483883600897
4113,7589.7257844377136
4114,7589.7257844377164
4115,7591.6121134250507
4116,7592.5064574660664
4117,7593.4572538126922
4118,7595.6118471203727
4119,7595.8167138373592
4120,7597.026060723344
4121,7597.8897382354435
4122,7598.8003106785127
4123,7599.5803226977996
4124,7600.9885727811561
4125,7605.6376708449143
4126,7607.3975036963539
4127,7617.0159588483357
4128,7619.334597640971
4129,7619.3345976409746
4130,7620.420310404369
4131,7621.775782007855
4132,7622.1120761950797
4133,7623.4817634353612
4134,7625.1219678171637
4135,7629.2042020420586
4136,7629.2042020420713
4137,7630.0836501004915
4138,7631.5112216222806
4139,7631.9254845292508
4140,7633.4933625535659
4141,7634.8936816414962
4142,7642.8244209743716
4143,7644.4860499323504
4144,7645.0448381228598
4145,7646.7548003878328
4146,7647.6329180598768
4147,7648.2751468460656
4148,7650.1513742710022
4149,7652.0477364832796
4150,7652.3516775130538
4151,7654.6774780974529
4152,7656.3412389835858
4153,7658.813015245335
4154,7658.8130152453396
4155,7659.3550211444954
4156,7659.7733441233013
4157,7660.1396834840989
4158,7663.2248273981768
4159,7664.2572238833691
4160,7667.7875281736187
4161,7668.6406955911998
4162,7675.1656032698511
4163,7676.709915933021
4164,7678.5522240475075
4165,7678.5522240475138
4166,7684.3275891539124
4167,7684.926641193254
4168,7685.537288976614
4169,7690.1278822339191
4170,7694.0153486375793
4171,7701.5785613229054
4172,7702.5116190822746
4173,7702.5275668454151
4174,7703.9582422989724
4175,7707.1883992815638
4176,7710.3988257977053
4177,7711.8552303616061
4178,7715.8881432607941
4179,7716.3259843645737
4180,7718.3567751139735
4181,7719.5593316379163
4182,7722.8819848447547
4183,7723.0397085289151
4184,7724.0860960163473
4185,7726.7110101690869
4186,7731.4039112241799
4187,7735.9924707080891
4188,7735.9992185103274
4189,7737.5890058094583
4190,7737.7584163253223
4191,7738.9997865730875
4192,7742.039808757334
4193,7742.7978872994054
4194,7743.0762669354463
4195,7743.7744311823808
4196,7745.3099537737626
4197,7745.738876835363
4198,7746.4874194989397
4199,7747.3267805770893
4200,7747.6394548551189
4201,7747.639454855128
4202,7747.6394548551471
4203,7747.639454855148
4204,7748.1720811717869
4205,7749.6329764100292
4206,7753.7589191764264
4207,7755.4544732058685
4208,7756.6295722830018
4209,7761.608084070519
4210,7762.5829946379463
4211,7765.8445976065595
4212,7766.436544660065
4213,7767.4910525900295
4214,7767.9174125935087
4215,7768.4467260438078
4216,7770.6667896588224
4217,7771.3706253485516
4218,7772.0407384711498
4219,7773.9134846541556
4220,7775.4260351209132
4221,7776.1427586858235
4222,7777.2482680584035
4223,7777.2482680584171
4224,7780.1362870047442
4225,7783.4026079656151
4226,7783.6941579785043
4227,7785.4746371777792
4228,7789.3326967559087
4229,7790.7050264829813
4230,7791.6688024914356
4231,7796.3969372846832
4232,7796.9812035944524
4233,7798.718107241215
4234,7801.2021526975823
4235,7801.8558805904995
4236,7806.4159293410794
4237,7807.4726609111694
4238,7807.5166422879493
4239,7808.3147089856411
4240,7811.6690847097461
4241,7812.6784977198295
4242,7815.2679922985299
4243,7816.8432687626173
4244,7820.9221871808631
4245,7820.9668618196729
4246,7822.172849800997
4247,7824.1244936712801
4248,7826.5272803622756
4249,7826.5962900638615
4250,7826.5962900638669
4251,7826.5962900638733
4252,7826.5962900638733
4253,7827.1710864727665
4254,7828.6380676727349
4255,7830.6208685576976
4256,7831.8949765717243
4257,7836.4658944649473
4258,7836.4658944649645
4259,7836.7245238896157
4260,7837.985525483984
4261,7838.4790970705844
4262,7841.3074258447277
4263,7841.8066501941248
4264,7842.1032350551168
4265,7844.395887755375
4266,7850.0342895592075
4267,7855.758709443814
4268,7855.9737069282801
4269,7861.9608566545312
4270,7862.6812829918636
4271,7863.8761642975187
4272,7866.0747076682246
4273,7866.0747076682292
4274,7869.6032319693186
4275,7870.7361176779395
4276,7873.8595254287566
4277,7874.0495720588951
4278,7876.9488921189713
4279,7879.0117928928066
4280,7884.9140053895599
4281,7886.0122285842581
4282,7886.1467666244689
4283,7886.4600492103609
4284,7888.9845995021951
4285,7893.8375027987013
4286,7894.9170559428758
4287,7895.6835208714756
4288,7895.6835208714911
4289,7895.683520871502
4290,7896.8730985492439
4291,7898.1030375939145
4292,7899.5724091876191
4293,7902.8583032030347
4294,7903.7692836462293
4295,7905.5531252725686
4296,7905.5531252725732
4297,7908.5320642683482
4298,7911.2605253387992
4299,7913.5919162637456
4300,7915.422729673659
4301,7915.4227296736626
4302,7922.3620724762604
4303,7922.5766336774213
4304,7923.2235402261203
4305,7928.6224300118602
4306,7931.0408885668776
4307,7932.7159116835655
4308,7932.9327390925109
4309,7933.3775602102687
4310,7933.9814600648733
4311,7935.7953814818748
4312,7936.6804553796492
4313,7937.2595366308906
4314,7937.2785587677618
4315,7939.8736458527355
4316,7940.2424639911542
4317,7943.1481853228024
4318,7945.1793718934587
4319,7949.0978686082672
4320,7953.863455959051
4321,7954.8865461469477
4322,7957.9806545840775
4323,7962.1836743814765
4324,7963.4552683771408
4325,7963.8991117312708
4326,7964.7334950544137
4327,7965.3748839215277
4328,7968.53511525465
4329,7970.5139055920081
4330,7973.3238775345362
4331,7974.6403560802064
4332,7974.6403560802091
4333,7975.5956760446552
4334,7976.4453121612114
4335,7984.509960481284
4336,7984.5099604812985
4337,7985.105808347329
4338,7987.0702118064946
4339,7988.1860926144172
4340,7990.0653330270507
4341,7994.3795648823834
4342,7994.3795648824198
4343,7996.1750317762016
4344,7997.7073762431901
4345,7998.2052458446924
4346,7998.7491644125612
4347,8000.6649130670867
4348,8001.4210994977648
4349,8004.4985077460042
4350,8005.3553208996391
4351,8007.1139821339793
4352,8009.1849736467811
4353,8010.1314247032115
4354,8011.462768754358
4355,8013.4517534235119
4356,8014.7007530209867
4357,8016.590133723148
4358,8018.6978977316448
4359,8020.7002876395463
4360,8023.2777850707325
4361,8023.9090518335197
4362,8029.4123576923566
4363,8031.3824726157727
4364,8034.5861443823651
4365,8037.042276333219
4366,8037.2766966763638
4367,8037.8448069048418
4368,8038.7694090234227
4369,8043.6726587608591
4370,8043.7221972955913
4371,8049.6627788827054
4372,8051.2761584937798
4373,8053.7039158935377
4374,8054.9771252944602
4375,8057.0848090856034
4376,8057.4320751189316
4377,8060.7833307054807
4378,8061.2582754924861
4379,8063.3786661018803
4380,8066.6455153899933
4381,8069.2619590367758
4382,8071.5754338920824
4383,8072.5057504148326
4384,8073.3364000911015
4385,8073.3364000911206
4386,8073.6008166354222
4387,8074.994196268367
4388,8078.2322248918972
4389,8082.1375956859119
4390,8082.6478067143789
4391,8082.8435291764499
4392,8084.4943379448378
4393,8085.999054671548
4394,8093.0756088932767
4395,8093.0756088932785
4396,8093.0756088932812
4397,8093.0756088932858
4398,8098.2597488451975
4399,8101.473244837689
4400,8102.9452132943588
4401,8102.9452132943679
4402,8107.4397134761148
4403,8111.5933870933222
4404,8116.5282401239538
4405,8118.2867766028639
4406,8118.8149578243256
4407,8119.4541525328423
4408,8119.7916177325033
4409,8120.3853488353934
4410,8121.2245665926021
4411,8123.4640908032525
4412,8123.9180396631382
4413,8128.5775696039263
4414,8129.1240421849288
4415,8132.3790989112185
4416,8134.6671191010864
4417,8134.6950927337857
4418,8137.4513843134409
4419,8139.5592944528398
4420,8139.7401931594095
4421,8146.0291419140349
4422,8148.6040481951959
4423,8149.5073956116448
4424,8150.5506730953011
4425,8151.4030792144758
4426,8154.5802052567087
4427,8156.713193160952
4428,8158.3461819274835
4429,8164.9159206081013
4430,8166.2704963639198
4431,8167.411420943452
4432,8169.5932887071804
4433,8171.0296644461851
4434,8172.1854376383308
4435,8177.3514527919106
4436,8177.5811405529976
4437,8181.3259006473691
4438,8181.9020485030551
4439,8181.902048503076
4440,8182.2378505770739
4441,8183.3599362832747
4442,8183.3675393938238
4443,8184.8237338313256
4444,8184.8391273635143
4445,8188.9978420560674
4446,8189.6927249612663
4447,8193.4712422469947
4448,8194.8442017446232
4449,8196.11487817327
4450,8196.3611088257057
4451,8199.6236941500101
4452,8200.4961268214065
4453,8202.6979382620866
4454,8204.670727826302
4455,8205.5201986452703
4456,8211.5108617063306
4457,8211.5108617063452
4458,8212.8787419446362
4459,8214.5828035045997
4460,8216.6433973846724
4461,8217.0058399660029
4462,8219.3348419404829
4463,8221.3804661074319
4464,8221.3804661074373
4465,8222.3700262373623
4466,8222.5953404132488
4467,8225.4270234078285
4468,8232.6049957389896
4469,8237.4757004368239
4470,8239.8038743749039
4471,8243.4912574259833
4472,8245.0377131811001
4473,8245.7353655204151
4474,8247.6339357036777
4475,8249.1918322754846
4476,8249.6076707015782
4477,8251.7066185152598
4478,8251.9014141849657
4479,8254.0476327008728
4480,8254.0750771715211
4481,8258.4711674678965
4482,8259.1821477813955
4483,8262.2943049868445
4484,8264.6889876924397
4485,8266.0263219913377
4486,8267.0794969299823
4487,8267.5968967211411
4488,8271.139537216246
4489,8274.7520485308323
4490,8275.7843154512666
4491,8279.0149885153332
4492,8279.6314054882569
4493,8283.2868084295624
4494,8285.877429160646
4495,8286.6827332753728
4496,8295.7615521948137
4497,8300.3373013161436
4498,8300.3373013161563
4499,8301.3412554949227
4500,8304.0371312882962
4501,8304.3302737714293
4502,8306.8650182454094
4503,8308.1028572717023
4504,8308.2912710995497
4505,8308.7573464613943
4506,8309.5886173589242
4507,8309.632991406912
4508,8310.2069057172375
4509,8310.2069057172448
4510,8311.2668382842567
4511,8314.7952415209547
4512,8317.9753166722639
4513,8319.3377878817064
4514,8320.6248177120997
4515,8321.8834748432
4516,8322.005212016049
4517,8322.063212253066
4518,8323.9261235233062
4519,8326.1574442156707
4520,8327.7595893441885
4521,8328.1777665327772
4522,8330.6001135923452
4523,8333.3199997179472
4524,8333.9767489347341
4525,8334.4868029520476
4526,8336.8764055342963
4527,8336.994454303549
4528,8339.8157189204831
4529,8339.815718920494
4530,8339.815718920494
4531,8339.8157189205085
4532,8339.815718920514
4533,8339.8157189205231
4534,8345.9207423592998
4535,8349.5621757673434
4536,8351.1050564068155
4537,8354.7853340256115
4538,8355.2459763012121
4539,8357.6158390444052
4540,8359.5899634418165
4541,8362.2077851712456
4542,8362.2272375430694
4543,8364.3958163428561
4544,8365.3777487077477
4545,8366.0049296143425
4546,8366.9001587398343
4547,8367.1952841799557
4548,8369.4245321237595
4549,8369.4245321237704
4550,8373.5844584074475
4551,8373.7992326637832
4552,8376.1059629444189
4553,8376.2972129167229
4554,8379.7777401817038
4555,8382.3635099933417
4556,8385.7189263181244
4557,8386.1843300310829
4558,8389.1637409259383
4559,8389.1637409259474
4560,8389.1637409259474
4561,8389.1637409259602
4562,8389.1637409259729
4563,8389.1637409259838
4564,8390.1732449375868
4565,8391.9165903513567
4566,8394.1102288915044
4567,8394.3198778657716
4568,8395.3265954108119
4569,8401.1226310400471
4570,8401.7154502558114
4571,8406.6035389623121
4572,8410.8623783295097
4573,8412.274899115584
4574,8414.7089068885361
4575,8415.8524308516717
4576,8416.4159443646622
4577,8416.4777812507073
4578,8418.7725541292202
4579,8418.772554129222
4580,8420.1124327990128
4581,8425.6586261039483
4582,8427.8423680901033
4583,8428.5192291210096
4584,8430.0201915565849
4585,8430.145806098677
4586,8433.4199951713581
4587,8433.8283772849572
4588,8435.2277215473023
4589,8438.9797352144069
4590,8440.2335343681971
4591,8442.2892953768987
4592,8442.3170833441091
4593,8445.7669749750257
4594,8447.6112657239191
4595,8449.5268836105297
4596,8450.7238136827109
4597,8457.0672510481818
4598,8457.2297881013892
4599,8458.2509717335724
4600,8458.2509717335852
4601,8461.2122403785033
4602,8462.4967055809411
4603,8468.0471867333326
4604,8469.8520375710741
4605,8469.9357506798824
4606,8471.1085326950342
4607,8473.1272618344101
4608,8480.6510053111942
4609,8482.9733137667899
4610,8483.2155135817047
4611,8484.7246065700383
4612,8485.6164698217635
4613,8488.1541439209523
4614,8492.6202982085488
4615,8492.7442164046624
4616,8494.3329595628002
4617,8495.9078078719667
4618,8498.4203800300365
4619,8500.1060413142714
4620,8501.0230113321049
4621,8502.0085183457759
4622,8503.6629505248184
4623,8505.6610617959032
4624,8506.1620055271578
4625,8514.6042586045587
4626,8516.56069902124
4627,8517.0416056839549
4628,8517.6574420758461
4629,8520.789102956127
4630,8520.7942679154494
4631,8530.6202831750943
4632,8531.0320913289652
4633,8531.371857059632
4634,8533.597316548141
4635,8534.1349563202421
4636,8534.3444703230962
4637,8535.3778643026835
4638,8535.9365811959688
4639,8537.2078069422678
4640,8537.2078069422914
4641,8537.2078069422951
4642,8537.2078069422969
4643,8537.420843617705
4644,8539.2901000204256
4645,8542.3633387920781
4646,8544.0318746420471
4647,8544.5692203186263
4648,8547.0774113433708
4649,8547.077411343389
4650,8548.1329393561682
4651,8550.4344832496245
4652,8550.533374908242
4653,8551.1940938303014
4654,8551.3361598346874
4655,8552.625218395533
4656,8555.7984842596215
4657,8556.5025858887366
4658,8557.4381980580765
4659,8561.2194708826446
4660,8562.6797073083362
4661,8569.307848012113
4662,8569.6473834158351
4663,8574.9671666361919
4664,8577.7991296587643
4665,8578.2100436345572
4666,8578.5700085849585
4667,8581.9685702570059
4668,8584.80315318455
4669,8585.0318407975865
4670,8585.0433294851046
4671,8585.5511960666154
4672,8590.3732039168499
4673,8593.2555378080178
4674,8595.6051017619484
4675,8595.7118779768807
4676,8596.0113306433759
4677,8597.3725513808167
4678,8601.4221104525514
4679,8603.1313913943977
4680,8606.2950377499183
4681,8606.295037749931
4682,8608.2327462133435
4683,8609.4142086301654
4684,8609.5726859416864
4685,8612.7042781529817
4686,8614.5900032717163
4687,8614.959335844027
4688,8616.1646421510086
4689,8616.1646421510268
4690,8618.2018208706249
4691,8628.6913108970384
4692,8629.9510925554532
4693,8634.7643649632028
4694,8634.85861799345
4695,8636.4929421509169
4696,8637.1266906838464
4697,8646.6901248811901
4698,8647.2924957346404
4699,8648.4952444106439
4700,8649.7447191344709
4701,8650.4351940277156
4702,8655.643059755359
4703,8655.6430597553754
4704,8659.7995398899966
4705,8661.0851268062688
4706,8661.1407987568418
4707,8663.9102786382573
4708,8666.8274202462144
4709,8667.6250035547855
4710,8669.2784363303872
4711,8669.4415125007545
4712,8679.2657460539249
4713,8679.3235384927229
4714,8682.371571806294
4715,8683.4922075093564
4716,8687.2913836273037
4717,8687.4593534134856
4718,8690.5801277701412
4719,8695.0114623369718
4720,8695.1214773597294
4721,8695.1214773597367
4722,8696.0128790732069
4723,8696.3878672970386
4724,8697.2691876195004
4725,8697.4722470654469
4726,8697.6256216423426
4727,8700.6870537852501
4728,8703.4757995957243
4729,8704.9910817608088
4730,8705.6136554054228
4731,8707.1800566671754
4732,8708.583815600643
4733,8714.4216956135951
4734,8714.8631447318076
4735,8717.1060935454407
4736,8720.3563695369085
4737,8720.5628358557424
4738,8724.7302905629858
4739,8724.7302905629895
4740,8724.7302905629931
4741,8724.7302905630004
4742,8725.3137592153926
4743,8725.742031520509
4744,8727.5501496999386
4745,8730.8279307250159
4746,8731.5713227050928
4747,8733.2867956437931
4748,8734.3765356163804
4749,8734.4008445725995
4750,8737.1895846170155
4751,8737.7111825680222
4752,8738.9597885457715
4753,8740.6319342535098
4754,8748.1482135626738
4755,8748.5317879805498
4756,8753.8362027761341
4757,8756.7064488219694
4758,8756.7807883536279
4759,8757.8865712184743
4760,8758.7054086392527
4761,8761.1816490189412
4762,8761.7514600650848
4763,8767.6378007527765
4764,8769.4210929057608
4765,8771.3605325161625
4766,8773.8486803988671
4767,8774.1883049091448
4768,8775.0880466915041
4769,8776.8306298243351
4770,8778.9045809079107
4771,8783.359331907619
4772,8783.8098636297127
4773,8783.9479169695223
4774,8783.9479169695242
4775,8783.9479169695351
4776,8783.9479169695369
4777,8784.4314592474493
4778,8785.1625268795306
4779,8791.8017777200312
4780,8792.2342315540136
4781,8796.2921913846239
4782,8801.8982313987126
4783,8802.3016315302739
4784,8803.3708957132822
4785,8810.8347988635196
4786,8813.2105498545097
4787,8814.2137177051227
4788,8816.1489351294695
4789,8818.4705532938897
4790,8821.6827520638544
4791,8821.9476821129683
4792,8829.2611215918678
4793,8829.541071865955
4794,8830.8714031943964
4795,8833.1752837796193
4796,8836.7800413476125
4797,8836.956388286786
4798,8837.1080500896514
4799,8840.815123235192
4800,8841.7944254771246
4801,8841.8492522911001
4802,8847.3938283381758
4803,8848.6346177424311
4804,8858.3771843763097
4805,8860.194677369831
4806,8860.7674174454787
4807,8862.9047521782304
4808,8862.9047521782541
4809,8862.9726589976744
4810,8864.2666873968519
4811,8866.2428176183257
4812,8868.2389825513783
4813,8869.9805059037226
4814,8872.8648979120135
4815,8876.4330280681552
4816,8880.675315192866
4817,8882.643960980422
4818,8882.6439609804274
4819,8883.278672366343
4820,8884.7671332143036
4821,8885.634973635857
4822,8885.9758208996027
4823,8889.2909273721452
4824,8889.3567053979405
4825,8890.1580475978863
4826,8891.1388526759038
4827,8891.1755815238557
4828,8892.08067925256
4829,8892.5135653815069
4830,8892.5135653815123
4831,8892.5135653815178
4832,8892.5135653815269
4833,8898.4339867653398
4834,8901.4170849816801
4835,8903.5247136985145
4836,8905.6970538069927
4837,8905.7709373026628
4838,8906.3283491019956
4839,8906.7700957923043
4840,8908.9059999143446
4841,8911.7372641025631
4842,8912.8305300081374
4843,8915.3006929408384
4844,8917.5381686969722
4845,8919.1734953660034
4846,8919.2458613166746
4847,8919.5736732318019
4848,8920.5664489444625
4849,8921.2335958086442
4850,8921.4133535032724
4851,8922.122378584776
4852,8922.1223785847797
4853,8924.2781501739755
4854,8927.037975560921
4855,8927.2086656352913
4856,8928.7036290650085
4857,8930.1236363009302
4858,8931.9919829858536
4859,8931.9919829858682
4860,8931.9919829858827
4861,8931.9919829858973
4862,8932.3007298116227
4863,8934.1444651792444
4864,8934.8174816988649
4865,8935.5860445084927
4866,8937.5008521602867
4867,8940.1799480655063
4868,8947.7432214590881
4869,8947.9227767693519
4870,8951.1033926543842
4871,8953.7858525700231
4872,8955.8468543894523
4873,8957.0794874752737
4874,8959.258328926242
4875,8959.7585829937452
4876,8963.2224777497886
4877,8964.066187751192
4878,8965.641844499467
4879,8966.7083890937429
4880,8971.1654520781449
4881,8971.4704005902258
4882,8971.4704005902258
4883,8973.5283171865594
4884,8973.9814540979205
4885,8980.2023724568226
4886,8980.7064339242334
4887,8986.8622230671153
4888,8987.4683973194205
4889,8987.4785171986023
4890,8988.4493741474689
4891,8989.3052966666237
4892,8989.671149157557
4893,8992.8694151841191
4894,8996.5269019755142
4895,8997.761041586793
4896,8998.3564780570578
4897,8999.7873680800858
4898,9006.0828812390246
4899,9006.795749505307
4900,9009.722679082799
4901,9012.0596242269985
4902,9014.8876768553328
4903,9016.387822768962
4904,9017.6314228660412
4905,9018.7894690753601
4906,9019.0803430961241
4907,9020.4539861274588
4908,9020.8184225956629
4909,9020.8184225956793
4910,9024.8043904380538
4911,9026.1518586547845
4912,9028.8942052923012
4913,9030.6239674630579
4914,9031.7933406640841
4915,9032.080770571687
4916,9034.6667396521134
4917,9040.5576313978472
4918,9040.5576313978545
4919,9040.7738031658446
4920,9040.9275240682309
4921,9041.5970541804254
4922,9043.1589178452377
4923,9045.9071293792604
4924,9049.5478493897353
4925,9052.0913211836232
4926,9053.3969456437844
4927,9055.3870925001193
4928,9056.6352657978205
4929,9059.392835677756
4930,9059.8212220684909
4931,9063.1595723119081
4932,9069.4083686842932
4933,9071.4096928379931
4934,9071.5728121586162
4935,9073.0682427151787
4936,9076.9099420662096
4937,9077.2381048007683
4938,9078.3400564667936
4939,9085.6940640581688
4940,9085.7204147675475
4941,9087.0522656777503
4942,9090.5962499077868
4943,9090.9229342538692
4944,9091.9609743360015
4945,9092.6705910157852
4946,9093.4980708612802
4947,9093.5972653794724
4948,9096.674274434421
4949,9097.5092595510432
4950,9099.1624420770731
4951,9099.6941010582177
4952,9099.7752578043837
4953,9099.7752578044019
4954,9102.0651294022355
4955,9108.2494375788083
4956,9108.7831275243625
4957,9110.675864248009
4958,9116.8677922533971
4959,9119.8167653186774
4960,9120.1351991287047
4961,9120.4689555349032
4962,9121.1971460946461
4963,9121.8089002175384
4964,9123.5173014529519
4965,9124.0190275450295
4966,9125.2185673988261
4967,9126.9710046135224
4968,9129.3840710076402
4969,9129.3840710076493
4970,9129.3840710076565
4971,9129.3840710076565
4972,9129.3840710076583
4973,9129.3840710076729
4974,9129.8438322815746
4975,9130.2029623572616
4976,9132.3209827820574
4977,9140.9132649862768
4978,9141.1142111642093
4979,9143.1065462326733
4980,9143.4456879747522
4981,9148.580363457635
4982,9158.9928842109111
4983,9158.9928842109202
4984,9159.1648542613129
4985,9163.2194886777088
4986,9165.7533812810598
4987,9166.1803004222002
4988,9166.5966818794477
4989,9168.8624886120124
4990,9168.862488612016
4991,9169.4784381116424
4992,9169.6031933197137
4993,9170.5508156401811
4994,9173.8282179679736
4995,9176.6935338343919
4996,9178.3396295074308
4997,9179.354595271976
4998,9181.0208787199317
4999,9181.8717494036264
5000,9188.5877099833833
5001,9188.8749483108313
5002,9189.658371136702
5003,9194.7020699346758
5004,9196.0268746506517
5005,9197.7432417598629
5006,9198.4713018152761
5007,9198.4713018152815
5008,9200.2458308840087
5009,9206.5125973064169
5010,9210.6242211229128
5011,9211.1782768413668
5012,9214.3784682609585
5013,9216.6533140545052
5014,9217.4678623018917
5015,9218.0824652058145
5016,9223.7930575886439
5017,9226.4224937516283
5018,9228.3856245123498
5019,9230.719533377578
5020,9231.3232835788785
5021,9233.0749432959219
5022,9235.7111381727664
5023,9237.2196462034972
5024,9237.9497194196301
5025,9237.9497194196319
5026,9238.4856180185525
5027,9239.2035254335824
5028,9240.5912606807469
5029,9247.3987646741007
5030,9247.8193238207223
5031,9247.8193238207259
5032,9251.1193523141937
5033,9251.956262826372
5034,9252.7586715446723
5035,9259.3642924826727
5036,9261.6094723361239
5037,9263.7530049872275
5038,9264.4690861692834
5039,9268.2643500827162
5040,9271.1839586845072
5041,9271.493592388475
5042,9272.9570215786389
5043,9277.6575578860939
5044,9281.2796973934328
5045,9281.4209718988022
5046,9286.8307898179355
5047,9287.2977414250799
5048,9287.2977414250927
5049,9288.190415560588
5050,9288.9138067709791
5051,9289.9189776051589
5052,9290.5240905869996
5053,9291.7848621179965
5054,9292.0078092838903
5055,9293.4077177186682
5056,9299.7385698662529
5057,9301.554966243235
5058,9302.9889596319808
5059,9306.8652367348877
5060,9307.5565861189461
5061,9308.2057691959835
5062,9308.7893996886523
5063,9311.4430362077801
5064,9312.48665655677
5065,9312.591938553589
5066,9316.6660437162918
5067,9318.0644276654511
5068,9320.933044725698
5069,9320.9955684600864
5070,9321.8483006925781
5071,9323.0682498219321
5072,9323.9662352133928
5073,9324.9630854991192
5074,9325.1379048614272
5075,9329.3428382755192
5076,9330.6540327008734
5077,9331.2301032268133
5078,9334.0678656882137
5079,9338.1984373781361
5080,9338.5803681677753
5081,9339.7342943382537
5082,9346.4384126915174
5083,9348.3211909551046
5084,9349.3008779685806
5085,9350.6109021524408
5086,9355.1214427391678
5087,9357.9439981975283
5088,9359.7177938109799
5089,9363.487578479253
5090,9364.0897995355535
5091,9364.1361459576892
5092,9366.2545766337807
5093,9366.2545766337971
5094,9366.2545766337989
5095,9366.2545766338098
5096,9367.7001512128845
5097,9367.9989050267468
5098,9370.4330840781167
5099,9370.5070064497722
5100,9371.0101018960122
5101,9372.393141206825
5102,9375.932256185808
5103,9376.7441407360311
5104,9384.3718863067152
5105,9386.5481959165227
5106,9389.3890999968735
5107,9391.5099949670239
5108,9393.895454130814
5109,9400.7070908012247
5110,9401.7754727248066
5111,9401.9525306973246
5112,9405.7329942381493
5113,9405.7329942381602
5114,9409.5203488158149
5115,9409.6563275086555
5116,9414.2125289769319
5117,9415.6025986392433
5118,9415.6025986392506
5119,9421.5620335181047
5120,9422.0237939663566
5121,9423.1736744115278
5122,9423.586869020266
5123,9424.6174481856233
5124,9430.6194981387798
5125,9432.1491876795171
5126,9434.3719992211518
5127,9434.8935582409686
5128,9435.9935508053695
5129,9438.166834641499
5130,9440.932664293663
5131,9442.3061248285539
5132,9445.2562561844516
5133,9446.4588051832961
5134,9449.5313534443449
5135,9453.5542673949549
5136,9454.5888625222251
5137,9456.0351552141638
5138,9456.8258386935504
5139,9457.7831936115563
5140,9463.6152720628361
5141,9464.9166426302454
5142,9473.6965695447288
5143,9475.4187735848154
5144,9476.5960528644482
5145,9477.6063891148278
5146,9480.738451885094
5147,9481.7686237829948
5148,9486.4768936558139
5149,9486.895780336672
5150,9487.2940049628214
5151,9488.9386358019674
5152,9491.3556877006795
5153,9492.5198768408845
5154,9492.628432153695
5155,9492.8829163291921
5156,9493.6760350519835
5157,9494.1963386932166
5158,9494.5594338479568
5159,9494.5594338479586
5160,9494.5594338479605
5161,9494.5594338479677
5162,9495.9729637360906
5163,9497.9814516087117
5164,9499.7794591874335
5165,9501.7254363979082
5166,9504.1805169090494
5167,9504.3883351734112
5168,9506.3216263172981
5169,9507.4809956362897
5170,9509.9344072168988
5171,9511.8417469876349
5172,9514.2986426501375
5173,9514.2986426501557
5174,9514.7843852597725
5175,9514.8270294840477
5176,9516.0657153098127
5177,9518.2039487444799
5178,9521.6055380685957
5179,9524.1682470512133
5180,9524.1682470512296
5181,9524.1682470512351
5182,9524.1682470512387
5183,9524.4745898762467
5184,9524.5104230554061
5185,9525.0366608105815
5186,9527.2236934836837
5187,9527.513981279717
5188,9529.1869776852182
5189,9531.8707206786548
5190,9533.3744575438832
5191,9535.8638376662329
5192,9536.1503203875673
5193,9536.4244251965883
5194,9539.1571226404994
5195,9539.1679527270699
5196,9539.8982846832223
5197,9541.7466059163489
5198,9546.2048036352189
5199,9550.2566424926263
5200,9553.4934762396078
5201,9553.7770602544933
5202,9555.0494259030656
5203,9556.7382979611411
5204,9557.402987039517
5205,9561.8111532879429
5206,9563.1637640256995
5207,9565.3926908309222
5208,9566.6973659207488
5209,9566.8507642508321
5210,9569.9903303475985
5211,9570.0709936034382
5212,9572.1751157834569
5213,9573.516269056674
5214,9573.5162690566758
5215,9573.5162690566776
5216,9573.5162690566867
5217,9573.633948607905
5218,9576.3574925723788
5219,9577.6475593316227
5220,9580.2580385181682
5221,9580.5073975243904
5222,9581.7786194278178
5223,9590.6921870170918
5224,9591.6309220881267
5225,9594.4079027438747
5226,9597.2564569073693
5227,9597.7088098966324
5228,9599.224887863058
5229,9603.159519998635
5230,9603.8733384860061
5231,9610.6181404753443
5232,9617.1268672025053
5233,9618.7799083994778
5234,9620.6050637366025
5235,9620.9545661720203
5236,9621.1050845803966
5237,9623.1624678160024
5238,9623.561060753218
5239,9629.1021267000415
5240,9630.8085193951865
5241,9630.9313357771534
5242,9632.7338954631996
5243,9632.7338954632141
5244,9633.6859675607302
5245,9635.021525760887
5246,9639.8695154387133
5247,9640.6963766993522
5248,9641.006819212078
5249,9641.6080055375405
5250,9642.1646658137615
5251,9642.6034998642845
5252,9642.6034998643008
5253,9644.6476492535003
5254,9649.7487289492947
5255,9650.1379968315978
5256,9650.2495129540657
5257,9653.6671249430656
5258,9654.112522793268
5259,9656.8241171375666
5260,9672.2123130675736
5261,9672.2123130675736
5262,9672.9671667297662
5263,9673.8956550796338
5264,9674.8668988624067
5265,9675.0591630393774
5266,9677.9833676246253
5267,9678.0050020936305
5268,9679.0499524487241
5269,9682.0819174686694
5270,9682.0819174686712
5271,9684.4303310362193
5272,9684.4432924700341
5273,9684.8830599035227
5274,9687.598026802425
5275,9691.3027555534736
5276,9693.6437283324667
5277,9695.765327899082
5278,9697.8263188299679
5279,9699.4520113237668
5280,9699.4765828331292
5281,9699.50031017742
5282,9699.5828685164761
5283,9700.7379448723623
5284,9701.4706331394082
5285,9709.6457148962891
5286,9712.3457559481012
5287,9715.2495266874266
5288,9715.7770506475226
5289,9716.9345775634229
5290,9718.0259758599623
5291,9721.5603350730053
5292,9721.5603350730071
5293,9721.5603350730125
5294,9721.5603350730162
5295,9725.4698204843389
5296,9725.6988096486693
5297,9726.0973398787519
5298,9726.4958573781878
5299,9726.7061775336388
5300,9728.9467832123846
5301,9729.1187301657264
5302,9731.4299394740883
5303,9731.4299394741029
5304,9731.4299394741047
5305,9731.429939474112
5306,9731.7423850118812
5307,9736.7853046009313
5308,9739.9982991403122
5309,9740.2494238246436
5310,9742.3413454203601
5311,9748.3621047566685
5312,9748.7980193487729
5313,9750.2023387717545
5314,9753.1399548472964
5315,9756.884735584701
5316,9758.5633697335725
5317,9760.8093663442851
5318,9763.1675223925176
5319,9764.2919388920109
5320,9766.8378186928185
5321,9767.3926959132441
5322,9767.4645850312518
5323,9768.7376853927908
5324,9772.1125004371643
5325,9772.5338742962831
5326,9775.8159666802185
5327,9776.3852300030558
5328,9777.5207981715539
5329,9780.1990200999971
5330,9780.8677824736624
5331,9781.2097734860436
5332,9782.9534847360428
5333,9785.4602428429134
5334,9793.9401243887733
5335,9794.961764721771
5336,9799.4081570785511
5337,9799.5639855785885
5338,9806.5151219209129
5339,9807.740853042882
5340,9808.5905153404783
5341,9810.8176376287902
5342,9810.9896457588147
5343,9815.4207232496556
5344,9816.3238326877527
5345,9816.7178386699106
5346,9818.5476745611304
5347,9826.2990704222248
5348,9827.913819081803
5349,9827.9222087231938
5350,9834.7256840770588
5351,9839.5856538261269
5352,9839.6635047082164
5353,9839.995587886071
5354,9839.9955878860837
5355,9841.0606773010495
5356,9844.4085692487333
5357,9845.5781273354205
5358,9846.6376634031021
5359,9846.8243693393197
5360,9847.9371083769693
5361,9848.8214431850101
5362,9857.7604134744761
5363,9860.3148502005006
5364,9864.766130063148
5365,9865.0346971717445
5366,9866.5887867926485
5367,9868.671698494205
5368,9869.6044010893274
5369,9869.6044010893511
5370,9869.604401089362
5371,9869.6044010893711
5372,9871.3428427351864
5373,9874.9333029479167
5374,9875.888789232451
5375,9876.8689448874338
5376,9877.9222219483909
5377,9878.1132707050638
5378,9878.4300453824526
5379,9879.5829632876612
5380,9886.0912071476159
5381,9886.7182257918539
5382,9886.8963683683669
5383,9887.3704767199215
5384,9889.5728399158579
5385,9891.0519278668344
5386,9891.9173914567127
5387,9897.6870369651042
5388,9901.3476406493228
5389,9902.7409434423571
5390,9903.3612769815227
5391,9904.8725373650395
5392,9906.3550248940992
5393,9906.6932397688925
5394,9906.7203629098385
5395,9907.8806614350906
5396,9909.6267072321079
5397,9913.0162914342363
5398,9915.9046050921188
5399,9917.2504674882184
5400,9921.7292956404781
5401,9926.186630573633
5402,9930.1051199084923
5403,9930.4196817597185
5404,9930.7202500186086
5405,9930.9977809990469
5406,9932.2702422749499
5407,9934.0826030638946
5408,9934.1539364071832
5409,9935.5437202971552
5410,9936.7757221069114
5411,9937.3179590316377
5412,9938.7592344677869
5413,9938.8567929882574
5414,9942.1736051114076
5415,9945.0600615976891
5416,9945.4135857570782
5417,9947.0211661614558
5418,9950.0560536006851
5419,9950.6911467549762
5420,9951.9480162489999
5421,9954.8868490657296
5422,9956.7471360317704
5423,9958.4308406991404
5424,9958.4308406991622
5425,9965.2027955785888
5426,9968.3004451002362
5427,9968.3004451002598
5428,9968.3004451002689
5429,9968.3004451002889
5430,9972.3501382558989
5431,9978.272844197978
5432,9983.261472896751
5433,9985.2795962745768
5434,9987.4350289678641
5435,9989.8048662351084
5436,9991.7787053909378
5437,9997.9092583035199
5438,9997.9092583035235
5439,9998.0848136784607
5440,9998.2040053505989
5441,9998.9708871784278
5442,10002.218070210685
5443,10003.780385769298
5444,10007.275466803225
5445,10011.364053629999
5446,10012.513584758563
5447,10013.945297444401
5448,10016.13292233004
5449,10018.003507447045
5450,10018.831215537357
5451,10022.378393767047
5452,10025.469589648981
5453,10033.558501282321
5454,10035.535219097377
5455,10037.387675907861
5456,10037.38767590787
5457,10039.802103650742
5458,10042.744912404794
5459,10042.93807967867
5460,10044.358697300946
5461,10044.749904429622
5462,10045.62518381201
5463,10046.113739154896
5464,10047.257280308935
5465,10047.257280308959
5466,10053.69456262277
5467,10055.930523538649
5468,10056.433574320579
5469,10060.477148759921
5470,10062.385245982994
5471,10063.912494562566
5472,10064.633172229906
5473,10067.676778864874
5474,10072.266018045095
5475,10072.734492098743
5476,10074.285999457112
5477,10075.376807806006
5478,10075.454659177994
5479,10076.536496740764
5480,10076.866093512233
5481,10076.866093512239
5482,10077.6925627771
5483,10078.009244728433
5484,10079.879294091666
5485,10081.493340781211
5486,10083.847481487353
5487,10090.423844649342
5488,10092.389930032559
5489,10098.991908994019
5490,10101.526517935572
5491,10104.861978658942
5492,10106.985259612617
5493,10111.536155026788
5494,10113.068417758974
5495,10113.683270726871
5496,10114.029321679107
5497,10114.731726255744
5498,10115.011668969837
5499,10115.543921422126
5500,10116.344511116546
5501,10116.344511116571
5502,10116.344511116578
5503,10116.344511116591
5504,10116.344511116595
5505,10116.344511116595
5506,10117.75907425942
5507,10118.293810808218
5508,10118.827901754743
5509,10121.978860233723
5510,10125.043816126183
5511,10125.259009540709
5512,10127.310628519353
5513,10127.463605874658
5514,10130.650345579699
5515,10130.712769226071
5516,10132.079869468051
5517,10134.049194150704
5518,10137.620753529916
5519,10138.670171751279
5520,10139.483788817472
5521,10139.651730664278
5522,10139.790932021842
5523,10140.409353278072
5524,10144.285373059733
5525,10145.028807104312
5526,10145.23393537952
5527,10145.95332431984
5528,10145.953324319873
5529,10146.631889971681
5530,10148.690726259687
5531,10149.731131811663
5532,10152.853838476465
5533,10153.882602862928
5534,10155.243238218372
5535,10155.93763391406
5536,10162.379154137323
5537,10162.651285384703
5538,10166.079143527886
5539,10169.813949890327
5540,10170.095558295143
5541,10172.992217614892
5542,10175.031480175165
5543,10178.255769364427
5544,10178.292307173942
5545,10179.03502912769
5546,10182.949309548065
5547,10184.256284328914
5548,10184.588184839229
5549,10186.823083358322
5550,10187.27973312153
5551,10189.453510554486
5552,10192.561177897396
5553,10192.866272818232
5554,10194.264190485232
5555,10195.301346325303
5556,10195.301346325348
5557,10197.38884255759
5558,10197.959333010685
5559,10200.646743433777
5560,10201.918640784346
5561,10207.789403199797
5562,10218.061356908021
5563,10220.543219579577
5564,10222.121289608482
5565,10222.578965338049
5566,10224.834028001504
5567,10225.518455036688
5568,10225.931936857787
5569,10226.536057321606
5570,10230.473457180005
5571,10233.637118108609
5572,10234.53218701633
5573,10234.779763929639
5574,10234.779763929655
5575,10234.779763929662
5576,10234.779763929673
5577,10234.798795211491
5578,10235.618905876921
5579,10238.745178217936
5580,10239.997527738004
5581,10243.963481461407
5582,10246.958509137827
5583,10249.089519331106
5584,10252.499686317436
5585,10255.059417473296
5586,10256.149305174178
5587,10257.455087075436
5588,10261.297802253197
5589,10261.724186910156
5590,10263.859279779219
5591,10264.38857713293
5592,10264.388577132931
5593,10264.388577132948
5594,10264.38857713295
5595,10264.861494245455
5596,10268.117026640144
5597,10269.931037076405
5598,10271.07050699807
5599,10275.70581320812
5600,10278.787895472035
5601,10278.984485987672
5602,10281.986608179484
5603,10282.267804303345
5604,10284.127785935103
5605,10284.127785935107
5606,10286.818729218814
5607,10288.66728802129
5608,10290.37298522399
5609,10290.542939606074
5610,10293.902118407319
5611,10298.607988431697
5612,10298.935928167661
5613,10302.767774855347
5614,10303.781348170884
5615,10303.866994737275
5616,10303.866994737304
5617,10306.048842710725
5618,10309.095550768116
5619,10309.491051897525
5620,10313.749163268316
5621,10314.974269092883
5622,10321.130592569518
5623,10322.693059218342
5624,10323.149289396675
5625,10323.568484718679
5626,10325.990483065698
5627,10326.556524187403
5628,10327.230075775917
5629,10327.889844389943
5630,10328.484702087813
5631,10328.630297222067
5632,10331.049296454259
5633,10332.16683437654
5634,10342.341503161229
5635,10344.292068691177
5636,10344.597781607314
5637,10345.297883919273
5638,10347.974449675123
5639,10348.782574300005
5640,10349.713170080366
5641,10353.215016742704
5642,10353.215016742733
5643,10355.26995542495
5644,10356.013371761526
5645,10356.65369453825
5646,10357.216942659685
5647,10358.318027981006
5648,10358.426159624143
5649,10362.799248225019
5650,10364.264880077393
5651,10364.906122113971
5652,10368.959568853092
5653,10376.744473323988
5654,10376.99953415862
5655,10377.48774384002
5656,10382.462676323848
5657,10383.739454984572
5658,10388.022729235225
5659,10388.04538592276
5660,10390.246866780593
5661,10391.123184168724
5662,10392.657110690794
5663,10392.69343434708
5664,10392.693434347113
5665,10397.037868640346
5666,10397.348515121086
5667,10398.612288885764
5668,10399.31619871449
5669,10401.854616742152
5670,10403.47498915022
5671,10405.540818736097
5672,10406.30136333836
5673,10408.253147361384
5674,10409.000605346178
5675,10409.658095873232
5676,10411.179106744288
5677,10412.221143269771
5678,10414.517715834703
5679,10415.832279565744
5680,10418.357074497912
5681,10420.816015530934
5682,10425.140355158826
5683,10427.487048667588
5684,10428.526492642013
5685,10430.382328223171
5686,10433.972196472034
5687,10436.382132901797
5688,10440.719333224866
5689,10442.041456352546
5690,10445.996375828916
5691,10448.115969463488
5692,10448.2209294693
5693,10453.627950558423
5694,10454.93930112059
5695,10458.819819728813
5696,10461.78066515472
5697,10461.780665154725
5698,10461.780665154743
5699,10461.780665154753
5700,10469.337149742869
5701,10469.670320978123
5702,10470.026832957237
5703,10471.65026955579
5704,10471.65026955581
5705,10474.075626763679
5706,10474.12675574744
5707,10475.109343367771
5708,10475.881971810675
5709,10476.356904107841
5710,10481.041615052622
5711,10481.780732925597
5712,10483.234508820629
5713,10484.768268662332
5714,10486.133753759459
5715,10487.651912655987
5716,10490.344819832339
5717,10494.441517827552
5718,10497.233226757458
5719,10501.980227414619
5720,10503.269408792847
5721,10504.658294786648
5722,10507.923363460141
5723,10509.734753625669
5724,10513.786346902003
5725,10515.42635254848
5726,10515.767617523092
5727,10518.107588569281
5728,10519.251512977817
5729,10520.998291561253
5730,10520.998291561258
5731,10520.998291561262
5732,10520.998291561271
5733,10521.548180674696
5734,10523.027263713888
5735,10523.925409821813
5736,10524.112454335185
5737,10524.11248374032
5738,10529.053241557653
5739,10538.964788755175
5740,10541.553110574319
5741,10541.668585657044
5742,10541.996611233193
5743,10543.542018012511
5744,10543.871249627704
5745,10545.20363630551
5746,10550.607104764505
5747,10550.607104764522
5748,10551.673941888324
5749,10552.212185184173
5750,10560.197135406856
5751,10560.313370180758
5752,10562.41101763334
5753,10564.699101287035
5754,10566.453998517096
5755,10569.963170048459
5756,10571.572980977258
5757,10572.876264909099
5758,10573.14999687616
5759,10573.376500701914
5760,10575.481993909038
5761,10575.839376531727
5762,10576.198745047674
5763,10578.465379589448
5764,10582.426726724569
5765,10584.664406958285
5766,10587.364654508261
5767,10590.085522368838
5768,10590.085522368852
5769,10590.08552236887
5770,10590.085522368874
5771,10595.328934825795
5772,10597.676842547568
5773,10602.932983078272
5774,10607.226403716766
5775,10607.275284652569
5776,10608.91036159366
5777,10610.505011164923
5778,10610.527593264907
5779,10612.128625713198
5780,10613.252522953531
5781,10618.194677914824
5782,10619.694335572136
5783,10619.694335572151
5784,10619.957086205772
5785,10620.362233061354
5786,10621.178131978731
5787,10624.740404988948
5788,10627.648606672994
5789,10629.043269090549
5790,10631.276826141973
5791,10632.832811465725
5792,10635.358399098111
5793,10638.615926067563
5794,10639.286103217593
5795,10642.545726814049
5796,10644.708893290857
5797,10645.053989909547
5798,10647.493921419707
5799,10654.440517220635
5800,10655.124874873247
5801,10655.865726555501
5802,10660.520122863136
5803,10662.829585192641
5804,10666.515547250921
5805,10667.959596106444
5806,10670.26070370068
5807,10671.717902840124
5808,10674.097302869975
5809,10675.129009697312
5810,10675.651892657384
5811,10678.911961978667
5812,10678.911961978696
5813,10681.433338980405
5814,10682.655195991254
5815,10682.986012148769
5816,10684.9572451491
5817,10687.926741304344
5818,10689.660878491644
5819,10690.421562100561
5820,10691.858039702309
5821,10694.268195582159
5822,10695.589342646768
5823,10699.01978747507
5824,10701.806057594935
5825,10702.027032744894
5826,10702.584684379368
5827,10703.497990441783
5828,10706.729280280566
5829,10713.022433043749
5830,10715.801544167811
5831,10717.424645645649
5832,10721.026773260155
5833,10721.156680193646
5834,10721.636067725527
5835,10726.480495862745
5836,10729.060141364429
5837,10731.142323675575
5838,10734.110195695412
5839,10734.480137011667
5840,10738.129588385231
5841,10738.129588385254
5842,10738.281431353596
5843,10742.526311053862
5844,10745.753764100642
5845,10746.132497117858
5846,10750.628425666313
5847,10751.087908630663
5848,10754.211493280383
5849,10754.506180344826
5850,10754.997399325366
5851,10755.344978386558
5852,10756.515417849045
5853,10756.934648037148
5854,10757.18767239045
5855,10757.723629014261
5856,10757.86879718737
5857,10757.868797187391
5858,10757.868797187413
5859,10757.868797187413
5860,10759.057386838034
5861,10761.513111337636
5862,10761.904054127541
5863,10763.937689642798
5864,10765.479612924588
5865,10766.339613559026
5866,10770.801100365843
5867,10772.143683815966
5868,10772.797221847048
5869,10775.070125750695
5870,10775.934386066756
5871,10776.659038934577
5872,10776.944921381026
5873,10778.427552321937
5874,10778.906033681469
5875,10780.481947840241
5876,10781.332777731492
5877,10782.142369465904
5878,10785.124455735315
5879,10787.338612361349
5880,10787.477610390662
5881,10787.477610390675
5882,10789.518878108305
5883,10792.252828899433
5884,10792.800980826958
5885,10796.604803122089
5886,10797.995597148909
5887,10798.653782448086
5888,10800.180239870906
5889,10801.554360659837
5890,10802.116768496629
5891,10813.282073663004
5892,10813.678333199698
5893,10815.323193005248
5894,10817.086423593899
5895,10817.086423593932
5896,10819.194156508987
5897,10820.004934962144
5898,10826.956027994973
5899,10826.956027995007
5900,10827.053381130643
5901,10827.43890922743
5902,10828.124812841719
5903,10830.798362960255
5904,10831.185828790489
5905,10831.69030924228
5906,10833.031931295624
5907,10833.664089933516
5908,10836.646037815439
5909,10836.825632396118
5910,10836.825632396149
5911,10838.783556200584
5912,10839.826207671098
5913,10843.569294008699
5914,10845.56231304279
5915,10847.431555865234
5916,10850.828063645049
5917,10852.993457945955
5918,10853.232634917738
5919,10859.119806268802
5920,10860.329314840965
5921,10861.771890966018
5922,10861.955623166623
5923,10862.797569566073
5924,10866.137207399852
5925,10872.107157199402
5926,10873.44396599088
5927,10883.200147324351
5928,10885.494385507975
5929,10885.992503875066
5930,10887.381809489365
5931,10888.787794688946
5932,10888.899139537914
5933,10889.844941406496
5934,10890.576717966711
5935,10892.993557436779
5936,10894.170432703511
5937,10895.605794969149
5938,10896.747527671443
5939,10896.86356748921
5940,10899.035336089724
5941,10899.385620393627
5942,10900.481464984488
5943,10903.010673786668
5944,10905.912863203717
5945,10905.912863203721
5946,10905.912863203739
5947,10905.912863203739
5948,10905.912863203739
5949,10905.912863203746
5950,10905.912863203746
5951,10905.912863203781
5952,10906.215042906975
5953,10910.501080261303
5954,10919.411944510568
5955,10919.859435098999
5956,10925.622351297961
5957,10926.460063761389
5958,10928.38505957579
5959,10931.078638833431
5960,10932.811006893644
5961,10935.521676406994
5962,10935.521676407003
5963,10937.760674097792
5964,10940.682056233807
5965,10940.708590051485
5966,10940.739574547619
5967,10941.511235674789
5968,10942.506516226531
5969,10945.391280808069
5970,10945.391280808099
5971,10948.485773718181
5972,10950.550135593689
5973,10953.599166406824
5974,10954.024644210367
5975,10954.592057394051
5976,10961.59251028065
5977,10963.723285010314
5978,10963.789976378983
5979,10966.673765442045
5980,10969.655907011189
5981,10969.899031489735
5982,10970.610591896366
5983,10973.92046997185
5984,10974.778587377978
5985,10975.352016631854
5986,10975.991302050452
5987,10976.158678634172
5988,10976.289622214455
5989,10984.325626962423
5990,10984.380743547285
5991,10985.081822558395
5992,10990.739823906761
5993,10992.703447449747
5994,10993.005930199735
5995,10994.739302813527
5996,10994.739302813539
5997,10997.027827770056
5998,10998.088552391879
5999,10998.861288680671
6000,11001.898730399629
6001,11002.397840134734
6002,11003.140317923229
6003,11004.362773303916
6004,11005.510671131047
6005,11007.052245826026
6006,11014.318389500606
6007,11014.326159158898
6008,11016.145168620049
6009,11018.959915081985
6010,11019.807523123198
6011,11024.348116016818
6012,11024.348116016819
6013,11027.155450150734
6014,11027.512884239972
6015,11027.719082850581
6016,11030.034386936832
6017,11034.08500624308
6018,11036.67522124905
6019,11038.652790656244
6020,11038.705814554523
6021,11040.114429999143
6022,11042.200806569135
6023,11043.118450671727
6024,11046.551084792261
6025,11048.132209088626
6026,11049.448939452672
6027,11051.77474958118
6028,11053.334125162566
6029,11056.766409152762
6030,11058.823375917817
6031,11059.071260006922
6032,11059.66147504597
6033,11060.792494715364
6034,11063.469837292432
6035,11070.108106116666
6036,11074.069588562203
6037,11074.639759261168
6038,11077.447452964941
6039,11079.017424720587
6040,11080.892199948697
6041,11081.257115746635
6042,11081.333188550796
6043,11089.992585902259
6044,11093.435346824437
6045,11093.435346824444
6046,11096.260638191228
6047,11096.750282968023
6048,11098.341803830232
6049,11099.302271737999
6050,11103.304951225517
6051,11103.304951225522
6052,11103.304951225546
6053,11103.304951225549
6054,11103.663068532725
6055,11106.060804279266
6056,11110.206902751173
6057,11110.897488476914
6058,11111.157753857327
6059,11112.056354185856
6060,11113.307841079439
6061,11114.943424696672
6062,11118.16559028146
6063,11121.128807813382
6064,11121.238446719864
6065,11121.352168198728
6066,11121.385094913108
6067,11122.408724278046
6068,11133.336819817519
6069,11134.397213262997
6070,11135.887386142431
6071,11136.512389153997
6072,11142.480714042409
6073,11142.783368829878
6074,11142.783368829896
6075,11144.146719591459
6076,11149.836420099111
6077,11152.652973230941
6078,11152.652973230966
6079,11152.652973230981
6080,11152.652973231014
6081,11152.855284813062
6082,11153.798865658635
6083,11156.961026346698
6084,11158.009630527224
6085,11159.154377142768
6086,11161.621197360071
6087,11164.131050819375
6088,11166.064395490863
6089,11168.584198791637
6090,11169.52530816782
6091,11174.032165496918
6092,11177.724524678179
6093,11177.760673910558
6094,11177.792032845546
6095,11181.305207082652
6096,11182.154345047074
6097,11182.267236722544
6098,11183.051628475952
6099,11187.090409797494
6100,11193.608579502703
6101,11194.179410117034
6102,11194.59959207893
6103,11195.858247548675
6104,11196.364245978222
6105,11196.662028317576
6106,11197.511920115836
6107,11205.041994591891
6108,11205.153660553993
6109,11208.386277860058
6110,11209.056111345215
6111,11210.368857877211
6112,11212.222618070346
6113,11214.385528803421
6114,11216.819922776693
6115,11221.257051109709
6116,11223.884907042799
6117,11226.095512987305
6118,11226.71658670298
6119,11230.07450425672
6120,11230.933245331486
6121,11231.609808439671
6122,11231.609808439693
6123,11232.536814620709
6124,11232.602529775286
6125,11237.297827677085
6126,11237.64912868924
6127,11238.037441264194
6128,11242.949825727481
6129,11244.805453326751
6130,11246.228020026871
6131,11251.713750276233
6132,11256.045817264836
6133,11256.514821826895
6134,11260.036679634613
6135,11260.977745736584
6136,11261.682171467166
6137,11265.640823963933
6138,11268.255175787403
6139,11273.777446778751
6140,11274.041965919439
6141,11274.5122239418
6142,11274.853920263449
6143,11275.263491080364
6144,11278.049063735672
6145,11282.178297795414
6146,11282.266114526594
6147,11283.014833067671
6148,11288.876938979558
6149,11293.414483650044
6150,11297.160316647449
6151,11298.08534170253
6152,11300.697039247299
6153,11300.697039247314
6154,11300.697039247327
6155,11300.697039247332
6156,11304.04575666981
6157,11305.246689531334
6158,11305.621985319509
6159,11305.949012422509
6160,11311.029444490727
6161,11311.488562966289
6162,11311.504187066317
6163,11311.521275335797
6164,11313.507770326269
6165,11318.00391659362
6166,11318.534081285346
6167,11319.323953833666
6168,11322.047736701285
6169,11322.369196867197
6170,11322.65493603486
6171,11323.718105505577
6172,11328.423453164416
6173,11331.38312367328
6174,11332.660033019769
6175,11333.06762154337
6176,11334.562709928927
6177,11336.724607733635
6178,11337.200720607651
6179,11338.261553835398
6180,11338.479607976509
6181,11339.887068508349
6182,11344.347215650703
6183,11345.682748280715
6184,11345.823281651485
6185,11347.752975562078
6186,11348.87064866071
6187,11350.619612244473
6188,11351.798936304243
6189,11359.65414570648
6190,11363.999799611087
6191,11369.78427005493
6192,11371.1037739938
6193,11372.49532692811
6194,11377.17196503125
6195,11378.470129511361
6196,11378.626551949006
6197,11379.653874456026
6198,11379.653874456028
6199,11380.556578825324
6200,11381.076478633178
6201,11383.392834710881
6202,11389.523478857122
6203,11389.523478857129
6204,11391.417778816218
6205,11394.657750356731
6206,11401.563713640513
6207,11403.246996708252
6208,11404.344625921352
6209,11405.86119958846
6210,11409.262687659317
6211,11409.262687659322
6212,11410.811406664698
6213,11412.60938585754
6214,11414.337327357678
6215,11415.784869936879
6216,11416.479436155854
6217,11417.588466859141
6218,11418.325014446293
6219,11419.132292060354
6220,11419.132292060367
6221,11419.132292060402
6222,11419.132292060423
6223,11419.427503517332
6224,11420.791695684369
6225,11422.395015492404
6226,11427.431470818068
6227,11429.488581780211
6228,11430.577372781494
6229,11431.355463004074
6230,11433.736676841296
6231,11437.768282626483
6232,11438.996409780279
6233,11439.324181723936
6234,11439.974589502568
6235,11440.822667676333
6236,11441.125449354739
6237,11445.083485059264
6238,11448.121370228193
6239,11448.334484354431
6240,11448.734157900068
6241,11448.741105263616
6242,11448.741105263649
6243,11448.741105263654
6244,11448.741105263687
6245,11449.030569597855
6246,11450.067802266898
6247,11450.947239165158
6248,11456.362034311504
6249,11456.698922053187
6250,11464.20056084574
6251,11466.04929677885
6252,11469.601453484589
6253,11470.927330783414
6254,11471.984609621155
6255,11471.992695329835
6256,11475.587061975764
6257,11476.251222187348
6258,11478.972494475616
6259,11479.925828632233
6260,11482.996038868554
6261,11486.449376046621
6262,11487.137983803523
6263,11489.894811707358
6264,11490.864901024364
6265,11491.565023895117
6266,11496.500502510393
6267,11497.672604944793
6268,11498.089127269079
6269,11498.089127269104
6270,11498.089127269121
6271,11498.089127269133
6272,11499.508806465336
6273,11503.43566171774
6274,11505.286902936195
6275,11505.958107159466
6276,11506.702780742133
6277,11512.535330092651
6278,11513.215833894808
6279,11516.094628756451
6280,11516.286254574727
6281,11518.257356080863
6282,11520.339083709072
6283,11520.356765988243
6284,11522.379932105247
6285,11522.560811469662
6286,11523.923663485899
6287,11525.788518038411
6288,11527.697940472357
6289,11527.697940472362
6290,11528.101293953943
6291,11531.128080020575
6292,11532.701465559598
6293,11532.751930060849
6294,11536.992005284523
6295,11540.187007578059
6296,11541.586756855346
6297,11542.121370150591
6298,11542.4022577863
6299,11543.197343796373
6300,11543.500237902717
6301,11545.502596662032
6302,11547.437149274483
6303,11547.437149274539
6304,11547.437149274558
6305,11547.437149274572
6306,11550.375927510428
6307,11556.406161480809
6308,11558.9321834739
6309,11561.455193750307
6310,11565.056872804576
6311,11566.290243105257
6312,11567.176358076735
6313,11567.176358076738
6314,11568.071394783628
6315,11571.378088709555
6316,11573.17623843205
6317,11573.182562674343
6318,11573.864211647562
6319,11574.766004990341
6320,11578.390418854202
6321,11581.961725981959
6322,11584.583765813588
6323,11589.276993370328
6324,11589.708538437317
6325,11590.26064301013
6326,11596.328378539105
6327,11596.594640793071
6328,11596.752528535884
6329,11600.061510202118
6330,11601.195534686769
6331,11604.33626708866
6332,11605.543584508814
6333,11606.170657073739
6334,11606.367040024095
6335,11607.921220010445
6336,11609.149079771561
6337,11612.184108580443
6338,11612.347825763693
6339,11617.785840968769
6340,11619.103304160635
6341,11624.424517161251
6342,11625.291357467166
6343,11625.353868316308
6344,11629.198559811197
6345,11634.220433921257
6346,11635.21120972574
6347,11637.205323782937
6348,11641.711975629227
6349,11643.770501138833
6350,11643.8241919394
6351,11643.887642476149
6352,11645.289387076815
6353,11646.417805676847
6354,11653.471248651245
6355,11655.873050588531
6356,11656.002797686531
6357,11656.002797686535
6358,11656.782132458704
6359,11658.766739249
6360,11658.897745915983
6361,11663.023835679041
6362,11663.465030967822
6363,11663.700543910705
6364,11664.215988140913
6365,11670.880446572661
6366,11673.252500318324
6367,11673.26513864429
6368,11674.651655656082
6369,11675.056279078093
6370,11675.38200325202
6371,11675.650588913073
6372,11679.313809685953
6373,11680.926878301823
6374,11681.256137203703
6375,11682.658332650424
6376,11685.61161088979
6377,11685.611610889799
6378,11692.75672604676
6379,11693.79660587637
6380,11694.050387302676
6381,11695.339922518815
6382,11697.45784685266
6383,11697.61954063994
6384,11700.425863663253
6385,11703.035304657787
6386,11705.350819691961
6387,11705.350819691983
6388,11705.458129369292
6389,11708.895861420504
6390,11709.463899703309
6391,11713.405933912507
6392,11713.477534193678
6393,11717.636743778807
6394,11718.492237011398
6395,11721.237039872123
6396,11721.904960850115
6397,11722.148281678252
6398,11723.308682883486
6399,11723.899641694527
6400,11730.67845033133
6401,11733.957239698402
6402,11734.959632895196
6403,11734.959632895236
6404,11734.959632895248
6405,11734.95963289531
6406,11736.526001869506
6407,11739.371364630013
6408,11739.779032403314
6409,11740.838056091197
6410,11744.503238209443
6411,11749.318248606065
6412,11750.501911401854
6413,11753.157337803201
6414,11756.279064473061
6415,11760.001612968279
6416,11761.311265055363
6417,11764.568446098505
6418,11764.56844609853
6419,11764.878621376572
6420,11765.360816964148
6421,11766.124211283959
6422,11768.600251758113
6423,11770.988880048259
6424,11771.879412494312
6425,11772.018005968541
6426,11774.438050499592
6427,11774.43805049961
6428,11779.093827811985
6429,11779.582812378885
6430,11779.738673158407
6431,11780.7285845684
6432,11785.845203174969
6433,11789.427477578196
6434,11790.156397976651
6435,11790.74341926019
6436,11793.021764330339
6437,11793.516473387364
6438,11795.252091245664
6439,11798.351382292891
6440,11802.025080595642
6441,11806.37472470055
6442,11808.41912118793
6443,11810.680134700438
6444,11813.853256632476
6445,11814.955424310408
6446,11817.209958715248
6447,11818.397067245209
6448,11819.77808544312
6449,11828.703636898763
6450,11829.888887813631
6451,11830.370991037958
6452,11833.392404151729
6453,11835.501778309734
6454,11836.301148340437
6455,11840.145351686055
6456,11840.837700146019
6457,11842.210271368849
6458,11844.551995565611
6459,11845.466879704883
6460,11853.394885708332
6461,11853.394885708351
6462,11853.672328963106
6463,11858.502144943195
6464,11862.31830005649
6465,11863.264490109323
6466,11863.26449010943
6467,11863.662703183194
6468,11863.72862567731
6469,11868.068420156153
6470,11869.638952222766
6471,11869.763109792113
6472,11870.976571693433
6473,11871.067728437982
6474,11871.69483920769
6475,11874.056630701427
6476,11874.694917696157
6477,11875.303059988943
6478,11875.9578881663
6479,11877.532080178495
6480,11878.640794471059
6481,11880.053623153861
6482,11883.573816729599
6483,11883.626543100872
6484,11889.876142562816
6485,11891.472420069484
6486,11892.873303312643
6487,11892.87330331265
6488,11892.873303312674
6489,11892.873303312688
6490,11896.020312049473
6491,11898.064340459379
6492,11899.956408098984
6493,11900.419760048782
6494,11906.183713655984
6495,11909.143452095726
6496,11909.683304327164
6497,11913.557076502311
6498,11915.542362520195
6499,11921.655846677964
6500,11923.37522572779
6501,11925.425490344871
6502,11927.008260726196
6503,11927.655646122212
6504,11932.416767587472
6505,11933.116826944393
6506,11935.500982092131
6507,11936.052331790015
6508,11937.209042270808
6509,11939.798069904014
6510,11942.2213253181
6511,11942.221325318129
6512,11942.672999491022
6513,11946.656908333123
6514,11947.53265873186
6515,11948.447094580992
6516,11949.412865568871
6517,11951.402260409417
6518,11952.129083749389
6519,11957.343600196868
6520,11957.675893803165
6521,11957.721052662251
6522,11959.883131513538
6523,11964.26860889061
6524,11971.038309252981
6525,11971.830138521389
6526,11971.830138521447
6527,11974.865783462406
6528,11975.094247102692
6529,11976.161989631422
6530,11976.757680865774
6531,11978.391699633745
6532,11978.399718635173
6533,11982.253093574285
6534,11983.478040152215
6535,11984.111231383631
6536,11986.467788864908
6537,11986.521469319923
6538,11987.351286534345
6539,11989.655961198478
6540,11991.802929699086
6541,11995.214114354321
6542,11998.42214643316
6543,11998.500564570779
6544,11999.934436659309
6545,12002.167348351541
6546,12004.138850050054
6547,12005.126842420241
6548,12009.591114926219
6549,12010.564341830439
6550,12011.308556125718
6551,12011.308556125745
6552,12015.574995571587
6553,12019.543453481394
6554,12021.286029930956
6555,12022.192229299351
6556,12024.936340578568
6557,12025.778776102941
6558,12027.113050411745
6559,12030.351335657386
6560,12032.995815134593
6561,12040.917369328987
6562,12040.917369329005
6563,12040.917369329038
6564,12040.917369329074
6565,12042.900466761641
6566,12050.960367382511
6567,12057.264180558705
6568,12058.379223413323
6569,12061.427790181528
6570,12064.026552060799
6571,12065.624110746046
6572,12067.008432181812
6573,12067.373846204866
6574,12073.157123310124
6575,12074.903407885748
6576,12075.445217800374
6577,12077.604020062403
6578,12078.639839963289
6579,12080.395786933337
6580,12080.395786933392
6581,12089.127504396978
6582,12089.282678564334
6583,12089.706433326088
6584,12090.209099194279
6585,12090.265391334469
6586,12090.265391334508
6587,12090.83643993021
6588,12094.08655258109
6589,12095.633084110095
6590,12096.655032781287
6591,12096.692018706588
6592,12097.537072596711
6593,12098.143424836724
6594,12098.463735618614
6595,12100.059779468907
6596,12100.134995735541
6597,12100.134995735561
6598,12100.42517085856
6599,12101.120744304386
6600,12102.00224068693
6601,12103.582582017068
6602,12108.111778863793
6603,12109.75723053561
6604,12112.289057626691
6605,12113.398118860143
6606,12114.481503919547
6607,12118.407070376423
6608,12121.678731911099
6609,12122.659714198751
6610,12123.015569045834
6611,12123.625851221223
6612,12124.861442733041
6613,12125.618014113572
6614,12126.481845603368
6615,12126.512202922091
6616,12128.561946593516
6617,12128.760981708632
6618,12129.743808938825
6619,12129.743808938827
6620,12129.935580248784
6621,12132.966227074605
6622,12134.233654924557
6623,12134.824246298898
6624,12135.939971437943
6625,12139.272108790688
6626,12140.813641912742
6627,12144.408065200552
6628,12145.040558745539
6629,12146.465175680887
6630,12152.511710442976
6631,12154.956722204963
6632,12156.004060598405
6633,12160.06409222721
6634,12160.420693043825
6635,12163.976529110894
6636,12164.964515257681
6637,12166.523127255652
6638,12166.57020050248
6639,12168.600629647397
6640,12168.852605196576
6641,12169.222226543194
6642,12169.222226543196
6643,12172.133884900575
6644,12174.420623750948
6645,12176.840626483974
6646,12177.423552019583
6647,12179.091830944277
6648,12179.091830944284
6649,12181.319516959857
6650,12181.680825142956
6651,12183.537427788775
6652,12185.576750869819
6653,12190.768882900871
6654,12191.121686121422
6655,12194.242001829445
6656,12194.446145165071
6657,12195.38533839634
6658,12204.791189617015
6659,12205.059408062885
6660,12205.831620827819
6661,12205.875834368273
6662,12208.700644147537
6663,12208.700644147541
6664,12209.559754615157
6665,12209.780405776935
6666,12210.858885453499
6667,12212.555975201507
6668,12213.380475176702
6669,12213.527556101555
6670,12215.952562761528
6671,12219.478083210657
6672,12222.218504593158
6673,12222.538245183756
6674,12225.483696231544
6675,12225.988163886974
6676,12232.023320964663
6677,12232.41404094535
6678,12233.984716883328
6679,12238.019028472105
6680,12238.190548852672
6681,12238.567711497057
6682,12239.402078905361
6683,12243.947232109471
6684,12245.97036800662
6685,12248.179061751865
6686,12248.179061751887
6687,12248.179061751896
6688,12248.179061751936
6689,12250.319959418288
6690,12250.85849570364
6691,12251.362635929836
6692,12253.866056264225
6693,12254.839225685315
6694,12255.625772914555
6695,12256.915377723441
6696,12260.666880014782
6697,12263.100552262043
6698,12264.153873668851
6699,12268.16690256079
6700,12268.746146214035
6701,12274.937426497885
6702,12278.063374775918
6703,12278.263916273954
6704,12278.670287509631
6705,12279.802722141263
6706,12280.17829318602
6707,12282.21696875751
6708,12283.391763670339
6709,12287.036743893876
6710,12287.478229732676
6711,12289.61281045851
6712,12294.417526937716
6713,12297.184234913204
6714,12297.777944814305
6715,12304.317518331633
6716,12304.765770161159
6717,12304.971237321237
6718,12310.327049459738
6719,12310.391392506008
6720,12321.968683879108
6721,12322.576679437827
6722,12323.666258769379
6723,12324.141009537596
6724,12327.135896960595
6725,12327.135896960599
6726,12328.89602678763
6727,12330.457925427787
6728,12331.287252152826
6729,12331.555598113171
6730,12331.612365080353
6731,12333.060827651776
6732,12333.173042757857
6733,12335.353464590477
6734,12337.005501361666
6735,12337.005501361671
6736,12337.005501361698
6737,12337.005501361717
6738,12337.005501361764
6739,12337.480807425618
6740,12340.634213433626
6741,12347.626405374149
6742,12348.043136349521
6743,12350.605645419681
6744,12355.409159603254
6745,12356.744710163845
6746,12356.744710163886
6747,12357.013876527826
6748,12357.782694082684
6749,12360.760592185941
6750,12360.882294261266
6751,12363.896175013984
6752,12367.585987414266
6753,12369.39741396675
6754,12373.093596486928
6755,12376.283185652012
6756,12378.093555316076
6757,12380.782408102204
6758,12380.936958002498
6759,12381.183027113291
6760,12385.509614299104
6761,12385.69198281414
6762,12387.086810175015
6763,12390.93146953366
6764,12393.281004871309
6765,12394.358048374161
6766,12396.158771790422
6767,12396.223127768239
6768,12396.22312776824
6769,12398.440833819104
6770,12398.824879157635
6771,12399.504069869945
6772,12408.981599438717
6773,12409.831488062293
6774,12409.8417399304
6775,12411.289574407239
6776,12412.611565211446
6777,12415.962336570363
6778,12415.962336570401
6779,12415.962336570436
6780,12415.962336570463
6781,12418.942154289616
6782,12419.443609484597
6783,12422.477584556542
6784,12423.330119530772
6785,12425.822045160376
6786,12427.780923227134
6787,12431.265744526181
6788,12432.091932706302
6789,12432.326070731217
6790,12433.853738923272
6791,12438.234285240362
6792,12440.108117840698
6793,12440.688420549008
6794,12443.345983698113
6795,12444.212401029619
6796,12445.571149773643
6797,12445.571149773674
6798,12445.571149773677
6799,12445.571149773685
6800,12451.616338964006
6801,12459.816345579078
6802,12460.069780015378
6803,12461.270243417535
6804,12465.393640692851
6805,12467.18763272654
6806,12467.725847112823
6807,12468.332491568626
6808,12469.451525932975
6809,12469.664101581562
6810,12472.832952549466
6811,12473.648863953204
6812,12475.084974863204
6813,12476.766918327055
6814,12479.997551109886
6815,12480.235231204841
6816,12482.19624338354
6817,12487.525024676535
6818,12487.598903715561
6819,12491.164787648246
6820,12493.34386562852
6821,12495.903466895639
6822,12496.678661037024
6823,12498.001307811408
6824,12499.815695406211
6825,12503.409414501577
6826,12506.016802639038
6827,12507.06830464202
6828,12513.082281589428
6829,12513.661034927447
6830,12514.658380581257
6831,12514.658380581317
6832,12519.462814914101
6833,12520.165641176976
6834,12521.304170077001
6835,12522.030024821986
6836,12523.128750673797
6837,12526.119402924205
6838,12530.749069553003
6839,12534.459921746404
6840,12536.159122624744
6841,12537.592858845575
6842,12537.852633341883
6843,12537.964000722373
6844,12542.387132610542
6845,12543.466499347016
6846,12545.899503175042
6847,12546.109950694608
6848,12551.364658726017
6849,12556.58499209924
6850,12560.225610589394
6851,12561.985731110688
6852,12564.521722782501
6853,12564.832028565665
6854,12565.22972137607
6855,12565.351213801016
6856,12567.880144213823
6857,12568.399846760914
6858,12569.439196509193
6859,12570.912690307146
6860,12571.631876069587
6861,12573.876006987859
6862,12573.876006987886
6863,12578.13512528814
6864,12581.384480522647
6865,12583.540170396209
6866,12586.806175568136
6867,12590.939431856832
6868,12591.941119699266
6869,12592.196103586568
6870,12592.418956261492
6871,12594.456623940101
6872,12596.922660869122
6873,12597.142596630902
6874,12598.871914751451
6875,12603.484820191065
6876,12603.484820191092
6877,12605.415761827051
6878,12606.439974340961
6879,12606.637643315831
6880,12609.364675949828
6881,12614.06572987085
6882,12615.004716550713
6883,12616.043429041161
6884,12616.148280879848
6885,12618.107425133032
6886,12619.086836077417
6887,12627.737489063289
6888,12630.125137890291
6889,12633.093633394376
6890,12633.093633394381
6891,12634.844748842563
6892,12635.478831780543
6893,12635.878731286602
6894,12637.01302938331
6895,12637.993237882138
6896,12638.455062385037
6897,12640.395468594326
6898,12640.53627856552
6899,12644.306353347341
6900,12644.555313441626
6901,12645.348756013009
6902,12645.963011980766
6903,12648.647058931467
6904,12651.031434912349
6905,12652.090414935135
6906,12652.832842196525
6907,12652.832842196542
6908,12657.217614988776
6909,12660.165835685193
6910,12660.940819782936
6911,12666.797172184197
6912,12669.060023848111
6913,12670.972907732863
6914,12672.333998781403
6915,12672.496256525801
6916,12673.945190867418
6917,12679.107757405605
6918,12680.989967553685
6919,12682.441655399818
6920,12682.441655399822
6921,12682.441655399824
6922,12682.441655399849
6923,12688.008215794618
6924,12689.430298419704
6925,12690.224807348062
6926,12690.643775911631
6927,12692.397054623711
6928,12693.923693683724
6929,12696.149729870705
6930,12698.303981153111
6931,12698.833770745261
6932,12699.208174342617
6933,12702.911996968753
6934,12705.684285524028
6935,12709.797492245074
6936,12712.318058822721
6937,12713.281025140041
6938,12714.768762519787
6939,12716.968741988709
6940,12721.920073004168
6941,12721.920073004188
6942,12722.754849785257
6943,12727.979237695154
6944,12734.48607911468
6945,12736.031937742755
6946,12738.078019839235
6947,12738.426654097659
6948,12740.453326784038
6949,12743.401387421147
6950,12744.707371159782
6951,12750.25553353613
6952,12753.921317275872
6953,12754.747652306505
6954,12757.075593599551
6955,12758.425832221554
6956,12762.421166805163
6957,12764.183976227843
6958,12765.175190039319
6959,12767.346288733113
6960,12768.28317023556
6961,12768.557244358597
6962,12770.550418737681
6963,12772.647386103472
6964,12779.189058180496
6965,12783.413193365723
6966,12783.596545592854
6967,12787.900039569009
6968,12792.74496228301
6969,12793.404194762097
6970,12794.790046485692
6971,12794.936327994592
6972,12795.086059552452
6973,12798.149778976198
6974,12798.197531690574
6975,12798.471933996354
6976,12799.122157450518
6977,12800.876908212886
6978,12800.876908212902
6979,12801.110630857129
6980,12801.633448285287
6981,12803.243289190161
6982,12805.072897140644
6983,12806.071935219587
6984,12806.710471905839
6985,12807.130018575659
6986,12810.709063556153
6987,12813.813824701172
6988,12816.613919028954
6989,12819.479505195017
6990,12820.923821572032
6991,12822.061408509295
6992,12823.003575492599
6993,12823.266719582743
6994,12823.585454073562
6995,12826.694670034758
6996,12827.545658693145
6997,12828.594074365716
6998,12830.485721416077
6999,12830.485721416106
7000,12830.485721416138
7001,12830.485721416142
7002,12830.485721416153
7003,12830.485721416206
7004,12833.20764832675
7005,12833.450789414195
7006,12833.737754619584
7007,12836.214721908778
7008,12836.667893898655
7009,12839.124011745098
7010,12840.355325817267
7011,12840.355325817278
7012,12840.937520688603
7013,12843.577556758681
7014,12843.652277958525
7015,12845.133157807537
7016,12847.100526724091
7017,12849.780418782902
7018,12851.606758920952
7019,12853.64583927151
7020,12856.607876130167
7021,12856.784852909375
7022,12856.923521941602
7023,12857.973749363289
7024,12858.182269342993
7025,12858.830403336979
7026,12860.633139914687
7027,12864.907184556139
7028,12870.177345758506
7029,12870.240276415052
7030,12872.643628145921
7031,12873.908450885123
7032,12874.969396965076
7033,12876.807176073284
7034,12876.986472150049
7035,12879.833743421537
7036,12879.833743421559
7037,12879.833743421628
7038,12879.833743421688
7039,12881.110175053775
7040,12885.348064600646
7041,12888.224680964984
7042,12889.580026247115
7043,12889.703347822666
7044,12889.703347822704
7045,12894.195856904344
7046,12897.240489885538
7047,12902.592517939198
7048,12902.706609175488
7049,12905.204203335283
7050,12906.421301512391
7051,12908.797282804253
7052,12909.199175372663
7053,12913.604064515313
7054,12915.208498614942
7055,12917.690330947833
7056,12918.081462559758
7057,12919.615415640566
7058,12919.965657799936
7059,12922.861590388404
7060,12923.107901323465
7061,12923.730994807516
7062,12926.669505127202
7063,12927.689798080437
7064,12929.755359351311
7065,12936.618804086904
7066,12937.428477663616
7067,12939.046904329325
7068,12939.163483973378
7069,12943.078437035225
7070,12947.528266465244
7071,12948.644500392887
7072,12948.920974229217
7073,12948.920974229222
7074,12952.552957839976
7075,12953.753556524252
7076,12955.887137241903
7077,12955.976679789219
7078,12958.790578630322
7079,12958.790578630338
7080,12958.790578630338
7081,12958.790578630375
7082,12959.564976060365
7083,12961.826967454756
7084,12966.60954976834
7085,12968.067550971311
7086,12968.660183031394
7087,12968.660183031423
7088,12969.470930009269
7089,12973.007229136863
7090,12976.578153174858
7091,12982.768362803039
7092,12987.978121472293
7093,12989.501300925735
7094,12989.583464301428
7095,12994.401210904805
7096,12994.967984256318
7097,13002.97987162133
7098,13003.341420216004
7099,13003.910911277919
7100,13004.65529896628
7101,13005.298915881478
7102,13005.982465537065
7103,13007.811069772237
7104,13013.699539009514
7105,13014.951385318527
7106,13018.432602164656
7107,13020.520397919125
7108,13024.126825383744
7109,13024.902291175118
7110,13026.884178043882
7111,13030.590743001008
7112,13033.439232245511
7113,13034.601481853042
7114,13037.747413839035
7115,13037.747413839068
7116,13038.705723151441
7117,13038.790210693891
7118,13038.797411824622
7119,13039.881823137603
7120,13041.219105248225
7121,13041.814498221065
7122,13042.283451175465
7123,13044.697335309802
7124,13047.617018240111
7125,13047.617018240127
7126,13048.897241146367
7127,13055.198021075405
7128,13056.901773779662
7129,13057.125717628629
7130,13057.832582680463
7131,13058.009316032378
7132,13058.424085758517
7133,13060.883598441245
7134,13061.41589996716
7135,13063.651497566618
7136,13064.661142778006
7137,13066.372089927705
7138,13066.414325986269
7139,13068.180015363807
7140,13068.513444006372
7141,13072.51826871125
7142,13072.743392771157
7143,13075.48486063883
7144,13077.225831443349
7145,13077.225831443366
7146,13077.225831443397
7147,13077.225831443404
7148,13077.225831443408
7149,13077.225831443429
7150,13080.665668497497
7151,13082.323469591111
7152,13083.967067987163
7153,13085.372001254702
7154,13087.554612420437
7155,13090.640492194068
7156,13090.741550218352
7157,13091.478277698801
7158,13094.671556189141
7159,13097.350497674703
7160,13101.590150093194
7161,13104.572301568895
7162,13107.165388134739
7163,13114.094871859208
7164,13114.348075365479
7165,13115.540789134791
7166,13116.824577814421
7167,13118.712504288816
7168,13119.00712434231
7169,13120.642139580343
7170,13120.678630059203
7171,13121.145708051083
7172,13121.585356578344
7173,13124.348592519162
7174,13126.106899392744
7175,13130.118700831155
7176,13131.213419675989
7177,13134.110325978441
7178,13136.789245693357
7179,13137.088332942349
7180,13139.27941596963
7181,13139.888209711838
7182,13145.735094073565
7183,13146.313062251002
7184,13146.313062251054
7185,13147.982178698903
7186,13152.198141728166
7187,13156.329594261731
7188,13156.813803091496
7189,13158.573630516474
7190,13159.003181674081
7191,13163.850865788536
7192,13164.695168321265
7193,13165.308176342212
7194,13168.805112470549
7195,13168.920896735171
7196,13176.33720753699
7197,13180.236207142227
7198,13181.768851794757
7199,13183.242862087152
7200,13186.028048860977
7201,13186.30435229178
7202,13187.18640576902
7203,13190.69450691261
7204,13191.604991896997
7205,13192.815780975205
7206,13195.028015921818
7207,13195.680918983264
7208,13196.554630293987
7209,13198.444118625872
7210,13200.627240620808
7211,13201.476166831118
7212,13206.987523877626
7213,13212.832309548317
7214,13214.122561798546
7215,13215.779200149183
7216,13216.916348625637
7217,13222.123694006494
7218,13222.96544717142
7219,13223.496936672147
7220,13224.640779976708
7221,13228.741902739195
7222,13229.828292297176
7223,13232.382638666773
7224,13234.124341085222
7225,13234.165054397818
7226,13235.139501860831
7227,13235.139501860835
7228,13237.963489568469
7229,13239.206131046478
7230,13243.361311237099
7231,13243.532003506703
7232,13245.349425324448
7233,13252.447813767953
7234,13255.010792057572
7235,13256.668927677279
7236,13259.985130529243
7237,13264.376695134421
7238,13267.662708326823
7239,13268.816297476074
7240,13270.795586057806
7241,13273.294641814582
7242,13273.635813412437
7243,13274.617919465125
7244,13274.617919465143
7245,13274.617919465163
7246,13274.617919465181
7247,13275.041075288354
7248,13278.523938134216
7249,13278.887162297831
7250,13278.990409615591
7251,13281.029839423825
7252,13284.381658073007
7253,13284.487523866177
7254,13284.487523866275
7255,13285.358464141924
7256,13288.479944025688
7257,13290.114504875417
7258,13291.75881512948
7259,13292.860775769495
7260,13293.158722770664
7261,13293.878585820947
7262,13298.507240663141
7263,13300.910482303498
7264,13303.651927029012
7265,13304.226732668458
7266,13304.226732668461
7267,13304.809623799623
7268,13307.684419020483
7269,13308.636613613524
7270,13309.386355223132
7271,13311.843384304164
7272,13313.640640363497
7273,13314.115999078656
7274,13315.891953091763
7275,13318.73337943365
7276,13325.913787796339
7277,13326.495843771305
7278,13328.435685809964
7279,13329.896159360032
7280,13330.179697762693
7281,13333.244892093115
7282,13335.9685669707
7283,13337.663572505175
7284,13339.84384877622
7285,13343.705150272783
7286,13343.705150272783
7287,13343.705150272805
7288,13344.739698353989
7289,13347.381950774563
7290,13348.055782412057
7291,13350.816967537927
7292,13355.538269034096
7293,13356.768243871722
7294,13359.868383672332
7295,13362.508687544248
7296,13362.584444325938
7297,13363.444359074965
7298,13363.444359074982
7299,13366.759204498027
7300,13368.818252980573
7301,13369.568584505927
7302,13370.49021510127
7303,13372.118786316663
7304,13373.129295371753
7305,13378.421695026493
7306,13379.726670846649
7307,13381.461364336057
7308,13382.487225872681
7309,13387.837289527633
7310,13391.097505357402
7311,13392.171733706178
7312,13397.203719882496
7313,13397.537181843065
7314,13400.801896966464
7315,13404.910200032746
7316,13405.744166729537
7317,13411.452116843302
7318,13415.493722334075
7319,13418.656999906223
7320,13422.376219504195
7321,13422.661985481438
7322,13422.661985481496
7323,13422.661985481536
7324,13422.661985481591
7325,13425.335559249857
7326,13426.175090930446
7327,13426.844341136921
7328,13427.677625799928
7329,13428.782051312923
7330,13430.76372794087
7331,13432.531589882605
7332,13432.531589882639
7333,13434.529714298893
7334,13435.123682205247
7335,13436.018620977477
7336,13436.218647718153
7337,13438.125474416871
7338,13440.099106754766
7339,13446.554391621712
7340,13448.959567689344
7341,13454.536593067245
7342,13455.853999516492
7343,13456.06007147323
7344,13457.866798489671
7345,13467.59251538959
7346,13468.287160473854
7347,13469.087771904991
7348,13469.727589966176
7349,13471.560376706353
7350,13472.869117634335
7351,13477.805708126529
7352,13480.481724125793
7353,13485.328372846954
7354,13490.956598269549
7355,13492.24612504815
7356,13495.992584026571
7357,13496.25977476371
7358,13496.937421850693
7359,13496.965920626015
7360,13501.482654102432
7361,13502.297401666798
7362,13504.650029434957
7363,13505.152083247074
7364,13508.209413831126
7365,13509.392440433179
7366,13511.488425091267
7367,13511.488425091304
7368,13514.572573275454
7369,13515.993084900821
7370,13516.794379797211
7371,13517.260958373115
7372,13517.868503946509
7373,13518.191623276985
7374,13519.129429642726
7375,13519.274165281502
7376,13519.894823007888
7377,13520.877749196237
7378,13521.106009069632
7379,13521.35802949242
7380,13521.358029492421
7381,13521.358029492449
7382,13521.358029492467
7383,13521.516726732671
7384,13524.370888193445
7385,13525.596597502596
7386,13526.344929972935
7387,13528.306646603229
7388,13531.098222149891
7389,13533.377111827293
7390,13533.834133722896
7391,13536.142293430288
7392,13540.925859563253
7393,13541.507112755227
7394,13541.967497995489
7395,13542.196361916043
7396,13544.072989022983
7397,13544.492615933494
7398,13545.616461024605
7399,13546.824116491569
7400,13547.994227625959
7401,13548.318471955037
7402,13548.745482935428
7403,13549.326105343249
7404,13550.9668426957
7405,13550.966842695723
7406,13552.879814925633
7407,13553.340389938707
7408,13554.430973237499
7409,13558.244894556992
7410,13560.380741626854
7411,13567.3008425223
7412,13567.466860770352
7413,13569.643899162254
7414,13571.50883118323
7415,13572.313357518986
7416,13574.443565069412
7417,13575.356203522737
7418,13578.666409290292
7419,13581.885008085366
7420,13582.860689291865
7421,13585.955323312703
7422,13586.372715853879
7423,13586.743489399454
7424,13589.269233428289
7425,13590.28199107404
7426,13590.445260300001
7427,13590.445260300025
7428,13595.235273886668
7429,13596.377656287246
7430,13596.853022891197
7431,13596.907033600644
7432,13600.314864701031
7433,13600.314864701113
7434,13600.314864701137
7435,13600.314864701151
7436,13601.943017484782
7437,13606.374686004343
7438,13606.787642992338
7439,13608.884202114783
7440,13609.723390079891
7441,13613.718823785015
7442,13617.29911493062
7443,13622.396956737843
7444,13622.470834420561
7445,13626.977171582563
7446,13629.923677904379
7447,13629.923677904426
7448,13637.019280003915
7449,13637.616500040502
7450,13640.816057984328
7451,13641.833158697738
7452,13644.587290603387
7453,13646.077604434537
7454,13647.22259982214
7455,13647.31658341587
7456,13649.285797674831
7457,13650.21935492683
7458,13650.684138226743
7459,13653.862094076729
7460,13654.23654333987
7461,13655.40980348897
7462,13655.423543605642
7463,13655.859203178974
7464,13659.532491107657
7465,13659.532491107671
7466,13660.16820620072
7467,13662.799077888727
7468,13667.068961486912
7469,13668.801143996483
7470,13669.184517261649
7471,13669.402095508738
7472,13669.402095508749
7473,13669.402095508762
7474,13669.402095508824
7475,13671.08142104792
7476,13672.601486402587
7477,13676.225604784617
7478,13679.507335333385
7479,13679.932484723104
7480,13687.554284023394
7481,13687.756901984418
7482,13689.459322021974
7483,13692.899370429826
7484,13698.974427398349
7485,13700.250403947884
7486,13701.517118710508
7487,13701.748317230615
7488,13703.203102971187
7489,13704.812591234238
7490,13706.261747162767
7491,13707.236130604828
7492,13707.816986596476
7493,13711.341870863349
7494,13712.740044953882
7495,13713.578823077482
7496,13717.568697344319
7497,13719.763024286478
7498,13722.63187422655
7499,13723.239081682977
7500,13723.81377755796
7501,13731.1188246204
7502,13731.127516473236
7503,13739.404940958599
7504,13741.119718129627
7505,13741.562371066206
7506,13744.900651414453
7507,13745.017462422384
7508,13749.148437020205
7509,13749.603198381996
7510,13752.02972555101
7511,13753.696790516738
7512,13754.804575645414
7513,13756.095380833389
7514,13757.092609251098
7515,13757.693577601232
7516,13758.228535118447
7517,13758.228535118484
7518,13758.228535118513
7519,13758.228535118578
7520,13758.683956566767
7521,13760.863399576483
7522,13764.161660453909
7523,13764.226661451739
7524,13765.157048754643
7525,13765.654846353245
7526,13765.862815253387
7527,13765.97628459017
7528,13769.983519989781
7529,13771.159538307762
7530,13776.649703393428
7531,13777.967743920684
7532,13777.967743920741
7533,13782.192355020497
7534,13783.739112590509
7535,13786.245849859224
7536,13787.051301910911
7537,13793.209791120677
7538,13793.718876717428
7539,13794.969049885434
7540,13795.258057106146
7541,13795.364345486876
7542,13795.654704899758
7543,13800.383285818378
7544,13801.967564155357
7545,13804.357814934016
7546,13804.731470826537
7547,13806.273619379173
7548,13807.814452109846
7549,13811.670395136382
7550,13812.540485554082
7551,13812.75160939204
7552,13817.267780919916
7553,13818.742727546243
7554,13820.700998945964
7555,13820.923711369058
7556,13828.429320114907
7557,13830.722748575878
7558,13832.479214261004
7559,13835.431744715059
7560,13837.185370327274
7561,13837.185370327286
7562,13838.339663154384
7563,13838.901364844984
7564,13839.257928391798
7565,13842.469227612812
7566,13842.706705767971
7567,13843.684098203219
7568,13843.768548631593
7569,13843.994148589794
7570,13844.634582913004
7571,13846.180124362147
7572,13847.546415235634
7573,13849.185091916432
7574,13852.472569541744
7575,13855.509552181464
7576,13856.965453405437
7577,13858.066782508718
7578,13859.193874722074
7579,13860.532120789883
7580,13866.794183530481
7581,13866.794183530536
7582,13866.794183530548
7583,13866.794183530592
7584,13868.275762431931
7585,13869.759513081181
7586,13873.661819387582
7587,13875.348555956409
7588,13875.871670368779
7589,13879.146669761376
7590,13884.289985591873
7591,13884.357703739017
7592,13885.287221552486
7593,13886.549471822247
7594,13897.719631687512
7595,13900.957967771812
7596,13902.96877361268
7597,13906.272601134891
7598,13906.272601134906
7599,13907.378399866202
7600,13907.645801500144
7601,13909.165966498553
7602,13911.538556993768
7603,13912.471324208116
7604,13913.722219356207
7605,13914.220815887315
7606,13920.015663908189
7607,13921.465252181049
7608,13922.077397070398
7609,13922.768959396948
7610,13933.57504103091
7611,13934.420108687149
7612,13935.488103634008
7613,13935.61450770979
7614,13935.881414338097
7615,13935.881414338142
7616,13937.305595958343
7617,13938.323748680608
7618,13942.376124490826
7619,13944.410552009467
7620,13945.751018739227
7621,13945.751018739296
7622,13950.414526557641
7623,13951.761338156957
7624,13953.713799904663
7625,13957.534590382198
7626,13959.12798697411
7627,13961.969728932259
7628,13974.239979238619
7629,13975.470403993591
7630,13977.294906153331
7631,13979.960760487056
7632,13980.504223593787
7633,13984.138833164709
7634,13985.13319972146
7635,13985.229436343549
7636,13985.229436343559
7637,13985.229436343616
7638,13985.229436343656
7639,13987.087121784352
7640,13989.276478771251
7641,13991.543175011906
7642,13993.226109561343
7643,13995.099040744684
7644,13995.099040744699
7645,13995.990164926416
7646,13998.451952662241
7647,13998.485280288527
7648,13999.689304183736
7649,14000.225407075539
7650,14000.835813629483
7651,14002.272764422223
7652,14006.082752828615
7653,14006.12687758778
7654,14012.129682296407
7655,14012.533813534521
7656,14012.781184029325
7657,14016.34848837851
7658,14019.536410415523
7659,14021.298291095576
7660,14021.593370475299
7661,14024.707853947968
7662,14024.707853947983
7663,14027.486177621136
7664,14031.695844925847
7665,14031.730666219586
7666,14033.792264851594
7667,14035.855123646788
7668,14038.490642420717
7669,14039.127783188089
7670,14040.091294420416
7671,14041.389142167413
7672,14044.717913498189
7673,14045.034571300252
7674,14045.893253140279
7675,14046.429490226077
7676,14049.683974585354
7677,14050.819914801521
7678,14051.362864028457
7679,14054.316667151186
7680,14054.316667151234
7681,14057.229799030798
7682,14059.795602661783
7683,14060.156050339217
7684,14061.287247235703
7685,14062.792129910056
7686,14063.737655976734
7687,14065.258384226781
7688,14071.397513092934
7689,14075.600167191849
7690,14076.525595907109
7691,14078.927882889799
7692,14078.977941294017
7693,14080.107983690088
7694,14083.381686455436
7695,14083.995218140159
7696,14085.8403305502
7697,14087.123596541092
7698,14089.881101456118
7699,14092.919492006844
7700,14093.995911084388
7701,14096.227593604925
7702,14097.102883509411
7703,14100.436633858688
7704,14102.211035584089
7705,14103.664689156623
7706,14103.664689156676
7707,14106.631221432002
7708,14108.560829859462
7709,14108.774344910822
7710,14110.92516040008
7711,14111.62830008341
7712,14115.8906485631
7713,14122.159109826556
7714,14122.513068316212
7715,14126.661576209897
7716,14127.363313594475
7717,14131.147588234198
7718,14131.980619080308
7719,14132.312080430775
7720,14138.072281091067
7721,14139.297585040567
7722,14139.626467354248
7723,14140.85574999573
7724,14141.160902509137
7725,14143.143106761047
7726,14143.143106761056
7727,14149.161430151898
7728,14149.515620773116
7729,14150.397850010122
7730,14152.934306490932
7731,14154.764228429645
7732,14155.782999797637
7733,14156.315346615182
7734,14156.807270661402
7735,14159.385349123815
7736,14161.286297114562
7737,14166.969455212187
7738,14171.119973384721
7739,14173.127822212078
7740,14175.121333723226
7741,14176.331643328833
7742,14186.141926414388
7743,14186.630378965117
7744,14189.008438826573
7745,14191.752408768059
7746,14195.111328988847
7747,14197.285304195262
7748,14197.838312952719
7749,14203.43566680828
7750,14207.863292733871
7751,14207.950549950387
7752,14211.995385426691
7753,14212.230337568613
7754,14212.230337568692
7755,14216.786668995033
7756,14217.529794679007
7757,14218.885073846814
7758,14219.455157889755
7759,14225.837685034847
7760,14225.975628551934
7761,14226.398258903699
7762,14226.713498700694
7763,14229.172126631498
7764,14231.763377927109
7765,14231.960964128388
7766,14232.427650880578
7767,14235.380412884504
7768,14235.753358724973
7769,14237.735180924481
7770,14241.351054085619
7771,14242.287453090537
7772,14246.118045141153
7773,14249.035458345978
7774,14249.128845112875
7775,14249.168915299162
7776,14249.907488151101
7777,14253.272016409603
7778,14253.96683284436
7779,14255.026654284024
7780,14255.522297156278
7781,14256.263242217647
7782,14256.843197839355
7783,14258.052565857133
7784,14259.80480847977
7785,14260.282200569653
7786,14261.161262417272
7787,14261.318696530925
7788,14261.57835957405
7789,14261.578359574063
7790,14261.578359574096
7791,14261.57835957412
7792,14261.578359574127
7793,14261.57835957414
7794,14263.871341691662
7795,14265.167932760562
7796,14267.868554301996
7797,14268.337719328025
7798,14268.93943658281
7799,14271.26337331791
7800,14273.902749994368
7801,14274.984939767859
7802,14276.166126239377
7803,14281.017361702981
7804,14282.287878088242
7805,14283.231092659889
7806,14283.421534275283
7807,14284.511081913397
7808,14284.879962996905
7809,14287.26965965443
7810,14289.185368923563
7811,14291.187172777369
7812,14291.1871727774
7813,14295.021023571346
7814,14296.581932023375
7815,14297.558147015649
7816,14299.797904133537
7817,14302.613563789942
7818,14303.635950237376
7819,14310.926381579509
7820,14310.926381579566
7821,14310.926381579569
7822,14310.926381579571
7823,14310.926381579584
7824,14310.926381579597
7825,14313.957034698802
7826,14314.604287804452
7827,14315.492736601453
7828,14316.359995028584
7829,14320.422038769677
7830,14322.701741751596
7831,14326.066244016554
7832,14327.917219004161
7833,14328.150378732742
7834,14330.803478148562
7835,14334.300767581482
7836,14334.538400188489
7837,14335.246191598515
7838,14336.009254228857
7839,14336.133681716485
7840,14337.708282592464
7841,14340.535194782862
7842,14340.535194782877
7843,14343.000800723725
7844,14343.663354604663
7845,14346.593582834343
7846,14347.255511547472
7847,14347.902774556578
7848,14354.631907446039
7849,14355.722270940065
7850,14358.688923690945
7851,14361.58089290076
7852,14362.455799850868
7853,14362.679976720494
7854,14366.224480919984
7855,14368.814630125469
7856,14372.308668098864
7857,14373.291283526969
7858,14373.647115262731
7859,14374.18897401202
7860,14377.152688895605
7861,14379.365840562301
7862,14379.58649523076
7863,14380.717185766338
7864,14382.10779333073
7865,14382.259761906344
7866,14383.573434773634
7867,14386.150387840913
7868,14389.883216788283
7869,14396.298455563674
7870,14399.324502617052
7871,14400.12277277762
7872,14401.899287288497
7873,14403.975659261954
7874,14404.080772885694
7875,14409.622425590449
7876,14409.622425590453
7877,14409.622425590478
7878,14409.622425590511
7879,14414.410986321918
7880,14414.73068088075
7881,14415.845996605341
7882,14417.328723685765
7883,14418.833216567051
7884,14420.626941888086
7885,14421.710175987684
7886,14424.434860097317
7887,14425.017612995201
7888,14430.21084695223
7889,14436.35813620161
7890,14441.059355834532
7891,14442.375370124761
7892,14443.376286693685
7893,14443.912801380633
7894,14447.529171063507
7895,14450.386291441504
7896,14453.719529932183
7897,14457.653074177655
7898,14458.970447595873
7899,14458.970447595901
7900,14458.970447595948
7901,14458.970447595959
7902,14459.528042778091
7903,14460.565004124526
7904,14460.68718279385
7905,14463.005443560633
7906,14463.109022519062
7907,14464.095715179788
7908,14467.475926755795
7909,14467.69941704178
7910,14468.840051996909
7911,14468.840051996978
7912,14469.464043804204
7913,14469.769513069494
7914,14473.353984053347
7915,14474.384898491115
7916,14477.956384107421
7917,14481.666392808153
7918,14482.192340329128
7919,14483.52996388809
7920,14483.676961699821
7921,14484.482608000215
7922,14487.540912020919
7923,14491.642128387335
7924,14492.24960619492
7925,14495.141330280736
7926,14495.273223591868
7927,14495.418342611132
7928,14498.448865200135
7929,14498.448865200175
7930,14498.448865200227
7931,14498.448865200246
7932,14499.881411163797
7933,14504.075626191605
7934,14506.545988849797
7935,14512.03644352142
7936,14512.158193728854
7937,14512.635946089382
7938,14512.894864053529
7939,14515.17645497826
7940,14516.107719289399
7941,14517.768433578598
7942,14520.181992142436
7943,14522.839649292095
7944,14525.099270192532
7945,14525.351075425577
7946,14528.02081848214
7947,14531.028622892467
7948,14533.215344809254
7949,14539.399040306736
7950,14539.589746564809
7951,14539.607979278435
7952,14542.049870850053
7953,14542.137413850647
7954,14544.093124373218
7955,14548.010783884436
7956,14548.377056368325
7957,14550.417379962199
7958,14550.802660556388
7959,14551.267655802989
7960,14552.804392953705
7961,14553.19207031197
7962,14553.849061581579
7963,14559.623091366882
7964,14559.973305927218
7965,14565.558522674655
7966,14566.181475355072
7967,14567.53609600786
7968,14567.536096007963
7969,14569.544270061657
7970,14573.261732654084
7971,14573.71235726245
7972,14573.745242433384
7973,14576.173544133322
7974,14577.900865020623
7975,14578.229577562066
7976,14582.980918330504
7977,14583.316238983001
7978,14584.921053438058
7979,14591.080664968944
7980,14591.165909216284
7981,14591.810508149878
7982,14592.497510518662
7983,14597.146402820938
7984,14599.04547776626
7985,14600.152824371782
7986,14602.605761772995
7987,14607.014513612225
7988,14607.01451361223
7989,14607.014513612274
7990,14607.014513612292
7991,14608.616110201474
7992,14610.109851440542
7993,14610.539642344267
7994,14614.055405843048
7995,14616.884118013371
7996,14616.884118013379
7997,14630.567188274921
7998,14631.834049902856
7999,14633.701322170076
8000,14634.584591541865
8001,14635.90556866953
8002,14638.343802193927
8003,14638.447512530078
8004,14638.997618826637
8005,14642.157558411509
8006,14644.650808310698
8007,14646.045489628237
8008,14650.15600826284
8009,14650.289749109526
8010,14655.167164155166
8011,14657.004267585993
8012,14659.751555534238
8013,14660.959676838918
8014,14663.287810937489
8015,14664.726513718422
8016,14665.509317187749
8017,14666.735602357432
8018,14666.889499551802
8019,14671.85805884919
8020,14672.60313338018
8021,14674.712134800193
8022,14676.692320063492
8023,14678.789878947942
8024,14686.972841981773
8025,14691.108607216067
8026,14691.679118134221
8027,14695.840953222019
8028,14695.840953222039
8029,14696.832327227679
8030,14699.571658323744
8031,14699.830073347197
8032,14700.479655338737
8033,14701.031675690472
8034,14703.693023839629
8035,14705.403185637002
8036,14705.46297624191
8037,14705.600524035308
8038,14705.71055762311
8039,14705.710557623126
8040,14705.710557623166
8041,14705.71055762321
8042,14707.034070114669
8043,14710.62559089812
8044,14711.027520832338
8045,14712.086089728042
8046,14717.042357654478
8047,14721.52615011166
8048,14724.594201356502
8049,14725.449766425298
8050,14725.449766425356
8051,14730.931440264325
8052,14731.422702616514
8053,14733.648340666077
8054,14735.319370826333
8055,14735.31937082641
8056,14736.517571039572
8057,14736.853759929998
8058,14737.567231630899
8059,14739.786361733872
8060,14740.212955059622
8061,14740.523084974857
8062,14740.902415917712
8063,14742.922171109349
8064,14747.523343657977
8065,14749.291205561767
8066,14751.361476041149
8067,14755.732732524653
8068,14756.516844575412
8069,14757.018532938559
8070,14761.759867280574
8071,14764.860574332934
8072,14765.436062831062
8073,14765.897036480626
8074,14766.030239234948
8075,14769.588139384978
8076,14770.056439355598
8077,14775.144198284419
8078,14779.032591108451
8079,14780.643287562163
8080,14782.986934266652
8081,14783.865033376762
8082,14783.997844630972
8083,14784.621416118169
8084,14785.699515980461
8085,14788.531821389335
8086,14789.235160204367
8087,14792.415246323048
8088,14795.426451015101
8089,14796.587922557392
8090,14798.244549783065
8091,14801.02052550521
8092,14802.561131514078
8093,14803.60633835459
8094,14807.404668065707
8095,14810.876498312935
8096,14810.938847409911
8097,14814.63094068254
8098,14818.12134809059
8099,14819.372491288394
8100,14820.373273962721
8101,14822.016704574828
8102,14822.470681340563
8103,14822.543252146495
8104,14823.086589615777
8105,14824.451108296385
8106,14826.95227340527
8107,14833.956449729223
8108,14837.866433120629
8109,14840.121188434732
8110,14845.028844427659
8111,14845.274040634746
8112,14848.324545394116
8113,14849.678069827212
8114,14851.623780139964
8115,14852.265489057552
8116,14852.442376109429
8117,14854.664821385904
8118,14856.936840123077
8119,14857.371704097834
8120,14859.623366061933
8121,14861.495987691946
8122,14862.713409104876
8123,14864.325285196339
8124,14866.355508711469
8125,14869.418694560944
8126,14872.275870963787
8127,14880.415151591533
8128,14882.195883434593
8129,14883.363436842663
8130,14883.363436842705
8131,14883.36343684279
8132,14883.363436842819
8133,14885.325984201118
8134,14885.503431972707
8135,14885.553140418138
8136,14886.798171257698
8137,14889.78652843817
8138,14890.440643390662
8139,14897.489512590662
8140,14900.901742013053
8141,14902.255234021182
8142,14905.162371190716
8143,14907.517522564423
8144,14908.561656574362
8145,14912.393645471024
8146,14913.544919417538
8147,14915.415133427165
8148,14919.226255228807
8149,14922.788812175848
8150,14923.171230196884
8151,14925.906130230285
8152,14927.16804561971
8153,14928.615139750089
8154,14932.711458848187
8155,14932.711458848207
8156,14932.711458848213
8157,14932.711458848273
8158,14935.703017857077
8159,14935.900572114899
8160,14936.071914291921
8161,14936.603997064552
8162,14938.314286297724
8163,14940.051392296111
8164,14942.581063249263
8165,14942.581063249356
8166,14943.282657004293
8167,14944.699208817943
8168,14948.043280241513
8169,14951.94334900329
8170,14957.338670213709
8171,14962.159598856304
8172,14962.40064118814
8173,14968.19724060658
8174,14971.035744064
8175,14972.125220297034
8176,14972.189876452492
8177,14972.189876452512
8178,14972.18987645255
8179,14972.189876452618
8180,14975.496873800736
8181,14975.699050144725
8182,14977.909072598404
8183,14985.886164041454
8184,14987.036324710802
8185,14987.152130781227
8186,14988.143797113793
8187,14990.224487372874
8188,14992.356312774882
8189,14997.14986958078
8190,15001.36299291654
8191,15004.524744489894
8192,15004.958593648851
8193,15006.732640783694
8194,15006.754738500824
8195,15008.739377685002
8196,15009.026530437672
8197,15011.219263784471
8198,15011.668294056852
8199,15011.668294056912
8200,15013.247674851982
8201,15017.026260698998
8202,15018.884991196854
8203,15024.240514814473
8204,15024.936288150542
8205,15025.625382472652
8206,15026.766702279687
8207,15027.80867763907
8208,15028.857246417925
8209,15030.247268900215
8210,15033.464873646541
8211,15049.419421934774
8212,15051.146711661226
8213,15051.146711661244
8214,15051.146711661277
8215,15051.146711661373
8216,15053.600885108661
8217,15055.601782887839
8218,15056.876996607782
8219,15064.716957628149
8220,15066.693164014479
8221,15067.884626663346
8222,15068.788182594315
8223,15075.392396501482
8224,15077.406777546894
8225,15079.480619107449
8226,15083.998623323376
8227,15087.783642999408
8228,15091.607645509594
8229,15092.699609958629
8230,15094.522185059925
8231,15096.074285087618
8232,15097.097865685038
8233,15098.034643551069
8234,15099.532689965641
8235,15100.494733666708
8236,15100.494733666716
8237,15102.555899819283
8238,15104.715190376675
8239,15106.527731012902
8240,15108.06501767271
8241,15108.356176722085
8242,15113.656571128518
8243,15114.867049747325
8244,15117.026890223457
8245,15121.148348862389
8246,15122.894011101251
8247,15123.494706335983
8248,15123.942076282361
8249,15126.602698350813
8250,15126.65845767493
8251,15134.495660371656
8252,15134.629936318908
8253,15135.293267486517
8254,15140.533651805845
8255,15141.156026852554
8256,15144.070301524407
8257,15147.058471944023
8258,15147.608966599266
8259,15153.989769063637
8260,15157.759146076729
8261,15160.124279961945
8262,15164.645447060657
8263,15165.812606349524
8264,15169.581964474242
8265,15169.581964474319
8266,15171.90968237408
8267,15176.34763377498
8268,15176.718881127828
8269,15178.838316590854
8270,15179.451568875369
8271,15179.451568875427
8272,15181.296131958366
8273,15181.568913323657
8274,15184.164119507632
8275,15184.369685734069
8276,15184.807892894692
8277,15188.240989833548
8278,15190.037517261926
8279,15190.257355938324
8280,15191.968143012384
8281,15192.700421320345
8282,15194.634624094062
8283,15195.986580018402
8284,15200.176116463226
8285,15208.059354220242
8286,15211.507748058551
8287,15213.122509622171
8288,15213.759117870288
8289,15218.897672401792
8290,15218.951914802676
8291,15219.525492330578
8292,15219.988083151222
8293,15224.408307224377
8294,15229.786333612117
8295,15230.765028579706
8296,15234.612610375001
8297,15238.103546423612
8298,15238.613874879959
8299,15238.66919528196
8300,15238.669195281987
8301,15240.988210914866
8302,15243.389689630527
8303,15245.845512644642
8304,15247.932717856085
8305,15251.087381405234
8306,15251.355158244933
8307,15254.185279532405
8308,15255.407433616811
8309,15256.222039153963
8310,15261.912827400338
8311,15269.807119430136
8312,15269.885842660349
8313,15271.169640356144
8314,15271.848056100822
8315,15278.146793128
8316,15281.716627097598
8317,15285.338425815107
8318,15288.017217287404
8319,15288.017217287465
8320,15288.131117429501
8321,15291.75374485158
8322,15293.036930643273
8323,15297.433641292066
8324,15299.464365028211
8325,15305.359620712612
8326,15308.46558265601
8327,15309.405680345373
8328,15310.622781656892
8329,15313.212933671199
8330,15314.937919846732
8331,15316.826720273271
8332,15317.626030490694
8333,15317.626030490708
8334,15325.333265356287
8335,15325.605903833053
8336,15326.764031906294
8337,15327.495634891673
8338,15327.495634891751
8339,15331.568336380627
8340,15339.416118001289
8341,15341.106498958145
8342,15343.92459148295
8343,15345.457935545763
8344,15346.663703034439
8345,15349.156742673027
8346,15351.738937258324
8347,15352.336251023757
8348,15355.035535024444
8349,15357.10444809506
8350,15357.10444809514
8351,15358.992940349639
8352,15361.71325143761
8353,15362.926927557124
8354,15366.529796862907
8355,15366.662429879521
8356,15369.624386164065
8357,15380.858200084935
8358,15382.448167801358
8359,15385.249438241386
8360,15389.92772942979
8361,15390.317790674446
8362,15395.011803953897
8363,15395.407972264829
8364,15397.337665412158
8365,15398.020151941313
8366,15404.706010608139
8367,15405.550561568922
8368,15406.970376174015
8369,15407.867645439368
8370,15411.030159656539
8371,15411.832656682705
8372,15414.754702463022
8373,15417.750355712669
8374,15421.674675171011
8375,15422.393530822472
8376,15427.56594496664
8377,15430.151067200923
8378,15430.738843289721
8379,15433.187704499016
8380,15433.333623523911
8381,15433.925029821596
8382,15438.237838890953
8383,15442.233346183346
8384,15442.865774758446
8385,15445.355108032994
8386,15445.930887704841
8387,15445.930887704862
8388,15445.93088770489
8389,15445.930887704895
8390,15447.122986410735
8391,15455.128772026994
8392,15458.718036780127
8393,15466.153375307962
8394,15469.018266006726
8395,15475.066461935112
8396,15475.539700908083
8397,15477.288290945142
8398,15479.980084451016
8399,15481.849046080129
8400,15486.379217510372
8401,15486.963020220333
8402,15487.997033759088
8403,15489.097369069515
8404,15494.325431189707
8405,15494.502240147782
8406,15495.278909710252
8407,15495.278909710312
8408,15501.70694322107
8409,15505.88436260975
8410,15508.563741824726
8411,15510.991388457573
8412,15512.282514681634
8413,15513.504970577276
8414,15514.441675051514
8415,15517.533876509939
8416,15523.64604285528
8417,15524.887722913547
8418,15524.887722913567
8419,15525.138821110633
8420,15531.303113947517
8421,15533.857254767203
8422,15537.466777158903
8423,15538.990429390658
8424,15540.909176642879
8425,15541.173267829496
8426,15541.272249131258
8427,15541.648321534292
8428,15542.660093529827
8429,15544.966801819639
8430,15547.468328786194
8431,15549.5992345741
8432,15554.496536116811
8433,15554.496536116892
8434,15556.718275919371
8435,15558.874014076957
8436,15565.251618088227
8437,15569.413512102106
8438,15571.337225961726
8439,15572.299112319828
8440,15573.629686029613
8441,15580.325133040424
8442,15585.320259497237
8443,15588.917899753296
8444,15590.146325377
8445,15590.725967660597
8446,15591.093283483755
8447,15600.699290226343
8448,15601.248198169631
8449,15601.316256035181
8450,15605.366203407024
8451,15612.851610049354
8452,15613.439945413387
8453,15620.015186360788
8454,15624.962276592109
8455,15630.769472151906
8456,15634.09869974148
8457,15635.240167357388
8458,15635.951222588124
8459,15637.513976675658
8460,15640.286465563502
8461,15642.300379979433
8462,15643.322975726638
8463,15643.322975726698
8464,15651.838108989685
8465,15653.192580127657
8466,15653.192580127698
8467,15653.192580127785
8468,15653.192580127788
8469,15657.498254448468
8470,15661.288710697083
8471,15662.191924073792
8472,15665.580912858248
8473,15672.931788929884
8474,15672.931788929969
8475,15673.751902743194
8476,15674.275326768171
8477,15675.594698442226
8478,15675.88106824257
8479,15679.926324410861
8480,15681.344482735623
8481,15684.374969624952
8482,15688.271520487206
8483,15688.652102741384
8484,15691.190948084315
8485,15697.481103718343
8486,15697.808947761028
8487,15698.662311681459
8488,15701.20934945825
8489,15702.262751381164
8490,15709.887541009713
8491,15711.765569590279
8492,15715.97986978176
8493,15719.180686464058
8494,15722.485694041663
8495,15730.057015357334
8496,15731.035374591549
8497,15732.1494153364
8498,15732.149415336446
8499,15735.529887865127
8500,15738.695633501899
8501,15739.466590231954
8502,15740.496861377334
8503,15742.861987225331
8504,15745.128692670156
8505,15746.694829030508
8506,15747.314443228939
8507,15750.319612086734
8508,15751.996199125068
8509,15757.222994738193
8510,15757.449503185791
8511,15760.869087608236
8512,15761.758228539707
8513,15761.758228539866
8514,15762.514161155023
8515,15767.855195425465
8516,15774.767388729906
8517,15775.90717027243
8518,15781.66767317057
8519,15783.306474019708
8520,15787.195724785382
8521,15791.367041742948
8522,15791.367041742964
8523,15791.968591255243
8524,15792.87687758784
8525,15795.196361641843
8526,15799.225411540916
8527,15803.847040421622
8528,15804.6995455786
8529,15808.1552746901
8530,15810.858624569993
8531,15814.34126972209
8532,15819.469140011497
8533,15821.74365103608
8534,15822.954514585655
8535,15826.735358162174
8536,15827.534225031128
8537,15831.238857913768
8538,15835.613570500427
8539,15836.763176902063
8540,15838.555592186489
8541,15839.163495474448
8542,15842.929936178491
8543,15848.471879355287
8544,15851.091238300865
8545,15853.672721468412
8546,15854.807415448806
8547,15858.665199746802
8548,15860.881551813607
8549,15863.252509917345
8550,15871.083637732298
8551,15875.645679446527
8552,15876.84244061999
8553,15877.962051403782
8554,15883.996209040253
8555,15888.504008667718
8556,15895.467581682458
8557,15899.501664823872
8558,15901.622411523724
8559,15902.422865932254
8560,15910.806075143304
8561,15913.520144019179
8562,15916.521588873766
8563,15917.858851966217
8564,15918.757450179919
8565,15919.67189895712
8566,15919.671898957145
8567,15920.851862422775
8568,15922.216404526935
8569,15923.125728090094
8570,15926.51096809003
8571,15927.903521709441
8572,15933.382205966391
8573,15936.438094752824
8574,15940.277041103769
8575,15943.166537777315
8576,15945.016600694176
8577,15946.425973305821
8578,15947.685547097039
8579,15947.841167071652
8580,15952.80269827878
8581,15954.080583426025
8582,15954.475313283354
8583,15955.104664304945
8584,15960.119415670195
8585,15963.671061201723
8586,15967.455280714703
8587,15968.659792551469
8588,15969.019920962521
8589,15969.019920962573
8590,15971.723134291511
8591,15972.203729448474
8592,15977.289953317229
8593,15981.48358013781
8594,15985.63613971164
8595,15985.815919242841
8596,15988.75912976475
8597,15988.759129764805
8598,15993.486885383834
8599,15995.648019413891
8600,16001.320757284757
8601,16004.116085928466
8602,16007.242477376003
8603,16008.040668366453
8604,16008.862928598723
8605,16009.471908955238
8606,16017.278060468532
8607,16018.62163677082
8608,16022.086440133535
8609,16031.730659796569
8610,16036.298431472282
8611,16038.107151770137
8612,16038.107151770153
8613,16038.107151770175
8614,16038.107151770208
8615,16038.107151770233
8616,16038.107151770297
8617,16045.997647419723
8618,16050.64226066931
8619,16056.943103712367
8620,16057.873219626734
8621,16059.281376904913
8622,16063.444299210101
8623,16066.76173214001
8624,16073.852941811512
8625,16077.585569374511
8626,16077.585569374691
8627,16079.076907386028
8628,16084.144745476622
8629,16092.320370619627
8630,16093.039496239266
8631,16095.934785378309
8632,16095.950810795821
8633,16096.237923247509
8634,16098.18342567999
8635,16104.556561038673
8636,16108.096098372336
8637,16109.961597158619
8638,16112.479565822188
8639,16124.894754425015
8640,16127.427455145984
8641,16130.826249640486
8642,16131.240264664875
8643,16133.125918394568
8644,16134.998168431683
8645,16148.291152300526
8646,16153.529521058685
8647,16153.68581464668
8648,16153.825710374946
8649,16156.542404583186
8650,16156.542404583253
8651,16157.226179580524
8652,16162.334008976566
8653,16163.248171485571
8654,16168.174966418957
8655,16172.222439695106
8656,16173.234980036819
8657,16176.402691762889
8658,16179.223881076561
8659,16181.33439258394
8660,16181.953371471818
8661,16183.404731286282
8662,16186.151217786452
8663,16186.151217786492
8664,16186.151217786519
8665,16186.151217786555
8666,16188.027670864378
8667,16189.470253483159
8668,16192.182261109063
8669,16192.889147755315
8670,16202.460332458109
8671,16204.092083649641
8672,16205.726114965586
8673,16209.729853497716
8674,16210.251124075627
8675,16216.328345742999
8676,16219.073849559849
8677,16219.153382722292
8678,16221.558846468768
8679,16224.278949070491
8680,16226.151742665588
8681,16233.151301966855
8682,16235.105147058002
8683,16243.87985633507
8684,16246.586941861551
8685,16248.107250388721
8686,16250.517883917306
8687,16251.716526228627
8688,16252.823267481093
8689,16257.057311552791
8690,16258.315243640636
8691,16259.062437957218
8692,16267.938651843007
8693,16274.977657396292
8694,16274.977657396332
8695,16275.540879949947
8696,16276.440502358551
8697,16277.342282316255
8698,16280.17283647044
8699,16283.992512211149
8700,16285.071668736438
8701,16289.358452886649
8702,16291.235715372954
8703,16296.333926366229
8704,16299.964502817787
8705,16301.644107074051
8706,16307.701151486992
8707,16308.622566147254
8708,16309.310050656331
8709,16319.872037615503
8710,16321.600466685879
8711,16324.298119220706
8712,16325.047681428492
8713,16331.98278497978
8714,16333.046335908195
8715,16334.448598852317
8716,16343.479446837564
8717,16349.856910271503
8718,16349.877151756449
8719,16351.61359383958
8720,16353.934492605062
8721,16353.934492605085
8722,16361.595448052367
8723,16363.804097006128
8724,16363.804097006145
8725,16367.820590634026
8726,16370.762355997938
8727,16372.854585688548
8728,16374.406756279253
8729,16379.28492524385
8730,16398.848814908586
8731,16403.647845483199
8732,16405.292195172322
8733,16406.424808816708
8734,16408.571339958664
8735,16409.516929898338
8736,16410.062590901493
8737,16411.096419613285
8738,16415.439419465263
8739,16418.890274541034
8740,16423.827957682213
8741,16424.124383232018
8742,16427.031125718509
8743,16430.529667658873
8744,16432.168251705192
8745,16432.891327813784
8746,16432.891327813802
8747,16434.662126873038
8748,16442.760932214875
8749,16442.760932214889
8750,16444.295687621197
8751,16447.47505892604
8752,16447.563303394018
8753,16449.268547720203
8754,16449.621598204016
8755,16452.918003505336
8756,16456.108473329528
8757,16456.58721359065
8758,16459.392352581719
8759,16460.915756055514
8760,16469.759254524302
8761,16471.98064071593
8762,16472.369745418124
8763,16472.369745418197
8764,16473.38838714928
8765,16475.337125595848
8766,16475.921203082624
8767,16476.628682961644
8768,16483.341406873064
8769,16492.262636875665
8770,16500.262137443915
8771,16502.058541648974
8772,16504.938141310628
8773,16510.981361654904
8774,16513.88971821883
8775,16514.283321461196
8776,16517.180678334407
8777,16528.730712185075
8778,16532.728747601235
8779,16536.101460394195
8780,16536.827113670359
8781,16538.24173265748
8782,16538.533182852261
8783,16540.257138769477
8784,16545.69081128847
8785,16551.363597509935
8786,16552.635428410846
8787,16555.642534885043
8788,16558.670593585266
8789,16563.509767900421
8790,16569.244745530235
8791,16575.251939230042
8792,16576.531681153498
8793,16577.205866198627
8794,16580.15478283304
8795,16581.519408378335
8796,16584.181438718882
8797,16593.134383703637
8798,16600.674602632291
8799,16602.802782675994
8800,16603.34693950948
8801,16604.656899865557
8802,16609.897936368481
8803,16615.52151014395
8804,16616.654035436648
8805,16620.149011138306
8806,16620.413811434406
8807,16620.41381143449
8808,16624.637654691705
8809,16625.212628702928
8810,16630.283415835511
8811,16630.283415835584
8812,16635.336340655776
8813,16640.381973924115
8814,16644.826231918334
8815,16647.333084232621
8816,16647.442243734266
8817,16651.505866527517
8818,16655.225608732479
8819,16656.261330196859
8820,16657.617109246843
8821,16660.329484036753
8822,16664.94437628306
8823,16673.763791325789
8824,16675.535678196164
8825,16679.631437840901
8826,16679.631437840992
8827,16682.192458201709
8828,16690.872989787469
8829,16692.969757969571
8830,16696.24293909044
8831,16696.335635685351
8832,16699.381001450452
8833,16704.289016628441
8834,16704.824161765257
8835,16708.763423678996
8836,16709.240251044295
8837,16709.240251044364
8838,16713.700823022464
8839,16713.732131348537
8840,16719.398705638094
8841,16727.143462624117
8842,16738.849064247497
8843,16738.849064247508
8844,16739.944850596876
8845,16740.620056792704
8846,16741.91614873035
8847,16744.620668679287
8848,16746.124652841194
8849,16747.413805786346
8850,16757.437100358387
8851,16761.041853363597
8852,16769.607348515452
8853,16775.569615998254
8854,16776.313030793495
8855,16778.327481851822
8856,16778.327481851833
8857,16778.327481851869
8858,16778.327481851909
8859,16778.881632655706
8860,16780.294553551048
8861,16780.98059182529
8862,16787.456771784993
8863,16788.147307683139
8864,16790.253742654157
8865,16792.893215195571
8866,16795.965895352107
8867,16806.89842608001
8868,16815.30246982984
8869,16819.347668802598
8870,16825.221100023915
8871,16830.072222701172
8872,16835.279580000461
8873,16836.902288072888
8874,16839.412728974672
8875,16846.111859743029
8876,16849.356059646423
8877,16855.602141560728
8878,16859.722687355406
8879,16860.556161236287
8880,16862.790826337714
8881,16866.993861775612
8882,16867.153921461653
8883,16867.153921461711
8884,16868.50341942575
8885,16871.268879772662
8886,16872.081375237391
8887,16874.904461129914
8888,16876.289248682158
8889,16876.71371822694
8890,16882.369851558633
8891,16883.666246336117
8892,16891.925525129351
8893,16894.589865722817
8894,16899.954687334579
8895,16901.140677612704
8896,16908.914940776674
8897,16914.938510427521
8898,16916.501943467047
8899,16916.501943467145
8900,16922.274568631801
8901,16922.555695082239
8902,16926.645031825428
8903,16937.26690594542
8904,16940.44809860169
8905,16941.513557660317
8906,16943.970743229384
8907,16945.353645377421
8908,16945.909745573637
8909,16949.900655701622
8910,16953.327685032466
8911,16954.237185653215
8912,16958.826781318876
8913,16962.458621958642
8914,16963.951880292087
8915,16964.241398325888
8916,16967.149469762553
8917,16970.36739476088
8918,16972.891452965752
8919,16980.441268839149
8920,16987.8870180987
8921,16993.218853887771
8922,17002.161330419254
8923,17002.805445035487
8924,17002.938192117057
8925,17006.247503264331
8926,17015.393578494452
8927,17019.850365632225
8928,17020.06742287075
8929,17021.027907883268
8930,17025.76450814123
8931,17026.728490865342
8932,17035.468697330834
8933,17037.432486700505
8934,17041.957645301271
8935,17043.056346135581
8936,17044.817732968317
8937,17045.474478289849
8938,17052.176163066462
8939,17054.824163307701
8940,17056.597974228644
8941,17061.347053643418
8942,17065.644176512524
8943,17067.119818518062
8944,17067.198789501344
8945,17074.41561388459
8946,17074.41561388467
8947,17080.15843538427
8948,17088.046026881773
8949,17088.141119007109
8950,17094.154822686749
8951,17094.154822686793
8952,17099.774504308101
8953,17101.087838655785
8954,17101.889421052485
8955,17102.12253418918
8956,17104.024427087847
8957,17104.024427088065
8958,17114.447587477141
8959,17117.665949229347
8960,17121.165253840198
8961,17121.633327601354
8962,17131.8141671839
8963,17131.840668833171
8964,17143.502844692208
8965,17143.502844692295
8966,17143.73676166252
8967,17148.678506442913
8968,17153.067603576881
8969,17153.113207515951
8970,17154.281960202381
8971,17160.956894066814
8972,17168.941313123672
8973,17169.389888764486
8974,17174.392468778802
8975,17174.511283915846
8976,17182.677682690657
8977,17182.981262296438
8978,17182.981262296569
8979,17184.202048179883
8980,17184.37438782871
8981,17184.874911177409
8982,17195.294007656757
8983,17195.496491855487
8984,17201.057953579599
8985,17204.754582608661
8986,17216.12557290234
8987,17220.937883218634
8988,17222.459679900916
8989,17222.459679900949
8990,17235.079715867108
8991,17240.297235007081
8992,17241.542751754911
8993,17244.065340628196
8994,17244.722851230028
8995,17246.939930908971
8996,17262.826373148248
8997,17265.993944531434
8998,17267.83048499405
8999,17269.867077914078
9000,17270.094777240847
9001,17274.742693535005
9002,17278.929105268347
9003,17284.785843730369
9004,17293.642184267082
9005,17301.416515109609
9006,17301.416515109646
9007,17303.838029313698
9008,17306.876889069674
9009,17309.032517253541
9010,17309.367139423539
9011,17310.479224100993
9012,17311.286119510725
9013,17311.286119510743
9014,17312.474030240137
9015,17314.723025165702
9016,17316.527993645221
9017,17321.695758823698
9018,17323.116369023341
9019,17329.356316518039
9020,17332.582929491324
9021,17334.692259327352
9022,17338.761194004783
9023,17340.206171828115
9024,17354.059219151826
9025,17355.399861402708
9026,17356.048827149822
9027,17357.298699739506
9028,17359.418554547898
9029,17363.42681740746
9030,17367.374876678081
9031,17367.852854744669
9032,17369.455080734144
9033,17379.848293233787
9034,17380.086703085934
9035,17386.063027721335
9036,17393.908309385624
9037,17399.40593912941
9038,17406.232406761104
9039,17406.3115337116
9040,17407.175083137539
9041,17412.287682347855
9042,17418.260936931423
9043,17419.851767922701
9044,17419.851767922708
9045,17425.09954176216
9046,17430.910376554402
9047,17434.036315406025
9048,17439.819214556937
9049,17443.108676556258
9050,17444.876742271084
9051,17449.239092586442
9052,17449.356174171531
9053,17449.460581125997
9054,17449.460581126019
9055,17459.330185527069
9056,17459.33018552712
9057,17464.326980219244
9058,17465.120080871606
9059,17470.135749877267
9060,17473.98428554826
9061,17484.451042257933
9062,17489.457101903732
9063,17493.460948731659
9064,17496.486321582379
9065,17504.791724997191
9066,17509.600060668407
9067,17511.757938406139
9068,17516.58340121782
9069,17518.299149903061
9070,17524.792369357612
9071,17526.973968088168
9072,17544.355270834709
9073,17544.513244525442
9074,17546.10483767925
9075,17550.270139306409
9076,17552.004616288828
9077,17558.935476483923
9078,17560.212800631612
9079,17560.825884897509
9080,17564.015772004444
9081,17567.89583393903
9082,17567.89583393903
9083,17568.667113142121
9084,17569.733706829742
9085,17577.215811265029
9086,17577.6061276002
9087,17577.765438340135
9088,17577.76543834015
9089,17578.681967802495
9090,17581.888333503586
9091,17589.116366499777
9092,17597.134000818893
9093,17606.855892050662
9094,17608.020207758251
9095,17608.693252536577
9096,17612.471655560523
9097,17612.757107534206
9098,17621.40897559292
9099,17623.689885453306
9100,17624.730903871936
9101,17630.593568360851
9102,17633.292889189073
9103,17637.049313806136
9104,17645.25534820016
9105,17651.044313811126
9106,17663.337137766484
9107,17664.01376791517
9108,17667.405421835465
9109,17667.655452258365
9110,17667.87078614223
9111,17683.094309444015
9112,17684.382065742295
9113,17685.022291216588
9114,17687.405793083362
9115,17688.286307963037
9116,17690.11995958538
9117,17695.055689424385
9118,17697.014266971713
9119,17697.043489886804
9120,17699.415189698349
9121,17709.006272048879
9122,17715.265290446368
9123,17718.96358443638
9124,17727.683472073673
9125,17729.15668887744
9126,17730.983872264587
9127,17742.862746162424
9128,17743.429243092061
9129,17751.996151343454
9130,17755.570950627047
9131,17764.074245176624
9132,17764.831654007849
9133,17765.287921960826
9134,17770.417349064792
9135,17773.823241667586
9136,17775.157526361923
9137,17775.157526362036
9138,17777.202562155584
9139,17778.018075460408
9140,17781.094631271051
9141,17782.939862446117
9142,17783.870384204991
9143,17785.027130763017
9144,17785.027130763032
9145,17797.174962187328
9146,17810.782324848282
9147,17812.379201408567
9148,17814.635943966266
9149,17814.635943966288
9150,17816.406284496956
9151,17816.741530451996
9152,17828.579192888763
9153,17829.172899309968
9154,17844.244757169512
9155,17844.24475716957
9156,17855.888544434954
9157,17856.072922395029
9158,17857.124426842252
9159,17858.514601536528
9160,17863.983965971729
9161,17863.983965971765
9162,17865.706873371091
9163,17868.098530762018
9164,17878.013537811836
9165,17881.228588601833
9166,17885.535656983928
9167,17890.19838380006
9168,17893.05610530659
9169,17894.766415738293
9170,17899.596567868051
9171,17901.529320529418
9172,17916.069875543912
9173,17919.367631274668
9174,17920.976694073714
9175,17930.56353145542
9176,17931.015855794038
9177,17932.482182937762
9178,17937.065115567639
9179,17942.940801180437
9180,17942.940801180466
9181,17950.893257767006
9182,17951.667541103783
9183,17952.175896786735
9184,17954.806912826622
9185,17956.53315401504
9186,17971.941841285698
9187,17974.782352690945
9188,17984.808094613334
9189,17985.279936655112
9190,17997.012199766472
9191,18000.727733257034
9192,18002.497741508978
9193,18007.875332495078
9194,18009.524743246508
9195,18011.509719383896
9196,18012.02803198808
9197,18012.028031988157
9198,18017.24203772351
9199,18023.150761356079
9200,18029.167940618605
9201,18031.597001878032
9202,18033.029567996444
9203,18036.564572878142
9204,18037.775165179668
9205,18039.405379878564
9206,18040.302670032754
9207,18040.973155489242
9208,18044.619166666525
9209,18054.573044121669
9210,18055.75019755758
9211,18066.234925848366
9212,18076.893013620243
9213,18080.784717279446
9214,18081.115262795676
9215,18081.115262795694
9216,18082.483860544635
9217,18088.215483842363
9218,18090.275016928976
9219,18093.636798195897
9220,18102.507705968575
9221,18108.947216610119
9222,18109.609721763372
9223,18110.838698633666
9224,18117.380948634367
9225,18118.069807754637
9226,18119.014583073014
9227,18124.535726699996
9228,18128.850352881724
9229,18131.549921380771
9230,18133.651292822342
9231,18144.168676948815
9232,18156.670999681839
9233,18156.818871522159
9234,18164.274369522533
9235,18167.12845799061
9236,18167.352258921266
9237,18176.293935500991
9238,18189.372822443194
9239,18190.775652304572
9240,18195.142881935903
9241,18199.550515608793
9242,18199.550515608877
9243,18205.931569445307
9244,18209.831359999185
9245,18212.280256957969
9246,18217.928238927761
9247,18220.586662950198
9248,18225.878554583247
9249,18227.119468494591
9250,18233.353821073521
9251,18246.282338968966
9252,18247.181399898076
9253,18249.299985589227
9254,18252.809033888287
9255,18257.751208861882
9256,18258.768142015291
9257,18258.768142015328
9258,18260.184551161336
9259,18267.356785346761
9260,18273.794060191503
9261,18275.915384241031
9262,18281.595378718754
9263,18288.376955218555
9264,18288.376955218642
9265,18293.764350002395
9266,18293.9472352636
9267,18295.503483869903
9268,18298.394715578568
9269,18300.833394154051
9270,18301.644032393189
9271,18307.712484100153
9272,18314.762661182423
9273,18327.137178293237
9274,18327.772658207345
9275,18332.209915176249
9276,18335.772348366649
9277,18336.244687033508
9278,18341.973346596456
9279,18349.010959996645
9280,18352.497303349828
9281,18364.24744249709
9282,18367.115351881006
9283,18367.333790427208
9284,18367.333790427303
9285,18376.075602081866
9286,18387.017162472694
9287,18388.520421092224
9288,18390.302140383119
9289,18402.107853250804
9290,18406.812208031646
9291,18406.812208031653
9292,18413.8163487946
9293,18414.921626946078
9294,18427.14262459143
9295,18428.75396660672
9296,18432.123419250314
9297,18433.649867292563
9298,18438.286889630806
9299,18443.185001752732
9300,18452.197512118768
9301,18453.151985717941
9302,18459.591441321183
9303,18464.247618089976
9304,18469.591432318128
9305,18475.899438839202
9306,18475.899438839286
9307,18478.043060982422
9308,18481.888321603554
9309,18483.157503140668
9310,18484.392836077779
9311,18485.769043240372
9312,18485.769043240452
9313,18492.955797634164
9314,18495.360923503755
9315,18495.805566517956
9316,18500.13715826832
9317,18505.442456739678
9318,18507.934632001168
9319,18511.613121025257
9320,18527.931976596625
9321,18538.852399941828
9322,18540.487856374039
9323,18543.502120952093
9324,18546.971400693532
9325,18548.819442549549
9326,18552.266675267005
9327,18558.561075021305
9328,18559.125423240956
9329,18571.350175063184
9330,18578.218808699756
9331,18589.756745823765
9332,18594.238101147639
9333,18601.70472124805
9334,18602.913859164346
9335,18604.204296053358
9336,18604.20429605338
9337,18604.204296053435
9338,18604.204296053449
9339,18610.322400150388
9340,18616.209187752473
9341,18617.795445651911
9342,18627.352274443136
9343,18629.854335976481
9344,18632.367751375201
9345,18633.098198815649
9346,18633.218626420552
9347,18641.579017503642
9348,18644.855166736874
9349,18662.313127839912
9350,18669.586238028554
9351,18677.750345331857
9352,18679.315808553583
9353,18683.083877912792
9354,18685.49170393894
9355,18687.421953765173
9356,18695.317925643583
9357,18710.842193164248
9358,18715.165290666922
9359,18717.356579956064
9360,18719.34905683103
9361,18720.073570209028
9362,18720.694670783636
9363,18729.669674551427
9364,18732.509153267594
9365,18732.509153267602
9366,18745.490644332098
9367,18749.866984370692
9368,18749.962785227734
9369,18751.859703852351
9370,18754.294256094479
9371,18755.289404268246
9372,18762.117966470865
9373,18762.117966471058
9374,18765.911661922091
9375,18771.283643532406
9376,18774.328331616525
9377,18778.527224396472
9378,18786.716438802174
9379,18794.503154116272
9380,18803.910443738056
9381,18806.138800625697
9382,18811.074329563351
9383,18812.474922564375
9384,18813.981368663441
9385,18814.101261035539
9386,18820.732458389677
9387,18830.488436638701
9388,18831.936311343914
9389,18834.526996095312
9390,18837.925278775263
9391,18856.909696095354
9392,18859.354485052107
9393,18861.762574686971
9394,18864.667440310099
9395,18874.760636394367
9396,18875.088514538347
9397,18881.911970484918
9398,18893.664203879005
9399,18894.130878421038
9400,18897.11202602601
9401,18900.404290373401
9402,18905.385628668875
9403,18910.90836174562
9404,18913.264736695681
9405,18916.093397864122
9406,18927.58663525973
9407,18928.846058396684
9408,18941.981810078723
9409,18950.192589467606
9410,18957.682729368134
9411,18958.205508736759
9412,18959.510054492606
9413,18959.51005449265
9414,18961.465740843116
9415,18964.089904369303
9416,18969.379658893751
9417,18970.104766051008
9418,18975.20865093977
9419,18983.165874486232
9420,18986.667255545519
9421,18989.11886769587
9422,18989.118867695921
9423,18996.52594182131
9424,19006.25280011904
9425,19010.37015450644
9426,19016.740282199811
9427,19019.383503832545
9428,19028.597285300282
9429,19028.597285300377
9430,19041.447589939755
9431,19048.336494102434
9432,19048.336494102499
9433,19048.794151088605
9434,19053.098822307493
9435,19058.745591432267
9436,19059.295653741487
9437,19060.437803014422
9438,19062.671913031914
9439,19074.675614946198
9440,19081.975548404418
9441,19084.348107342095
9442,19088.040582148838
9443,19088.309096228641
9444,19101.927706515646
9445,19109.927342041276
9446,19123.438582754283
9447,19132.522594967068
9448,19135.528219169366
9449,19137.955207698629
9450,19147.032538113268
9451,19147.032538113373
9452,19151.464370810962
9453,19153.424627261593
9454,19155.226164445678
9455,19158.544173976989
9456,19160.415358519953
9457,19161.343854715382
9458,19179.937152611103
9459,19186.239473021655
9460,19196.380560118785
9461,19196.380560118803
9462,19198.785431790151
9463,19198.94717703799
9464,19202.618066994859
9465,19203.13113465322
9466,19212.009709634684
9467,19213.073601237058
9468,19222.238399274131
9469,19227.699392436469
9470,19230.261426092937
9471,19242.737760910772
9472,19246.247284785044
9473,19246.773619389438
9474,19249.885303902236
9475,19250.994541293607
9476,19255.523719478635
9477,19265.613973161151
9478,19267.37613041743
9479,19275.880718730485
9480,19282.928345429715
9481,19285.206999728602
9482,19285.206999728623
9483,19289.42853151571
9484,19299.043651489934
9485,19299.676641558523
9486,19301.847761050394
9487,19315.263253106939
9488,19322.815997897553
9489,19323.108018704221
9490,19323.63380155612
9491,19335.713932703351
9492,19336.140629917194
9493,19338.337371582151
9494,19340.766874399535
9495,19355.189422899664
9496,19356.40025460281
9497,19360.198324511945
9498,19370.927880572028
9499,19372.168551131112
9500,19379.061857330245
9501,19399.687200260068
9502,19408.167485199614
9503,19412.983329651353
9504,19416.54650906492
9505,19424.141692900605
9506,19427.197384504081
9507,19430.465506579945
9508,19431.31456619512
9509,19440.489509885974
9510,19441.672860019939
9511,19446.951522203952
9512,19449.339066674827
9513,19456.338730997824
9514,19462.859878948118
9515,19462.859878948195
9516,19469.641581134503
9517,19472.729483349252
9518,19472.729483349282
9519,19475.498826393035
9520,19477.245015117409
9521,19482.095772167424
9522,19483.146800693037
9523,19498.074430700181
9524,19503.680389196463
9525,19505.627204098713
9526,19507.026192690042
9527,19512.221313013044
9528,19516.853598312933
9529,19525.413367637066
9530,19527.929008824038
9531,19539.04133366872
9532,19544.372167947888
9533,19546.288649230759
9534,19548.732871723532
9535,19564.535072449689
9536,19567.106900510327
9537,19576.461462825388
9538,19583.187177498126
9539,19585.574860946464
9540,19587.676367947624
9541,19591.164736162362
9542,19591.16473616238
9543,19604.474422526073
9544,19629.191190608508
9545,19629.326181936118
9546,19630.643153766727
9547,19630.643153766774
9548,19643.174703449742
9549,19647.500149794927
9550,19647.865459378798
9551,19651.762892104685
9552,19659.844299183616
9553,19679.991175772102
9554,19679.991175772178
9555,19681.993775517505
9556,19683.805651337527
9557,19686.799213752831
9558,19686.958614773692
9559,19690.669840075341
9560,19697.056882602545
9561,19697.288201903662
9562,19705.974275165754
9563,19709.58571291529
9564,19709.599988975435
9565,19709.599988975471
9566,19718.26749486912
9567,19720.763721069197
9568,19731.933969651323
9569,19732.38867404759
9570,19733.819315312201
9571,19753.357349140042
9572,19754.853093571834
9573,19763.794775603212
9574,19773.850268486574
9575,19775.199308725878
9576,19777.706020365305
9577,19778.122515780633
9578,19791.287388690933
9579,19794.641124957976
9580,19812.314695416051
9581,19821.548622359289
9582,19822.86370112346
9583,19824.41196897945
9584,19828.03524178845
9585,19828.03524178853
9586,19835.644960766855
9587,19840.021189318082
9588,19851.266262133206
9589,19851.489989253132
9590,19851.680022317822
9591,19859.601254220273
9592,19863.415512828855
9593,19872.543137666209
9594,19896.038174092628
9595,19898.11278831946
9596,19901.884092967179
9597,19909.838404841081
9598,19913.277956590071
9599,19915.444425802623
9600,19927.734452279128
9601,19929.756668749909
9602,19936.600890200461
9603,19936.600890200545
9604,19940.701146843581
9605,19944.841821271355
9606,19950.634163332103
9607,19957.916486301201
9608,19960.537760142197
9609,19962.756178855856
9610,19966.717164158927
9611,19979.389378540134
9612,19982.283689851203
9613,19983.174540369786
9614,19983.572667567729
9615,19985.948912205873
9616,19985.948912205924
9617,20000.649160233039
9618,20004.3335188446
9619,20015.764904734657
9620,20017.431182474535
9621,20022.617809715033
9622,20029.905693417521
9623,20040.101373659647
9624,20044.91798600294
9625,20049.445368761921
9626,20052.405535868773
9627,20054.374728970157
9628,20077.783920278453
9629,20084.976675864604
9630,20091.473214022364
9631,20096.449485137491
9632,20103.372019297218
9633,20107.043595933072
9634,20114.106804343672
9635,20121.15383191657
9636,20126.881376645546
9637,20133.48464805038
9638,20140.377267326425
9639,20143.015827837051
9640,20148.514518408832
9641,20154.429151198332
9642,20164.633798038049
9643,20175.88981596733
9644,20177.945088908782
9645,20179.751152939556
9646,20183.341000227731
9647,20183.341000227734
9648,20185.481499542115
9649,20188.700645715107
9650,20194.162568030224
9651,20196.868460654794
9652,20207.396356319106
9653,20207.517524055595
9654,20212.949813431012
9655,20222.504231285202
9656,20226.062142126055
9657,20232.689022233117
9658,20232.689022233186
9659,20243.626402604259
9660,20252.949192629269
9661,20256.341502984469
9662,20258.166015485098
9663,20264.585680766188
9664,20282.460652806203
9665,20291.906648639702
9666,20291.906648639735
9667,20299.33446095862
9668,20301.851116014757
9669,20311.674029952421
9670,20315.732422406185
9671,20320.364336687802
9672,20325.489238395508
9673,20330.377342480901
9674,20358.365743097085
9675,20359.171253620534
9676,20368.127945209133
9677,20371.5820746809
9678,20372.579695844626
9679,20390.602692650653
9680,20390.602692650664
9681,20394.840180828171
9682,20402.253073735537
9683,20402.964232652132
9684,20409.126955167383
9685,20415.672038414559
9686,20420.211505853797
9687,20420.211505853862
9688,20424.855283748475
9689,20426.029116710535
9690,20431.424903941144
9691,20431.614671462528
9692,20446.185848729889
9693,20446.95744068149
9694,20447.803857068793
9695,20461.245230489207
9696,20470.140161857646
9697,20471.755971758415
9698,20483.267750226285
9699,20497.471239078281
9700,20497.953333052817
9701,20500.139325252363
9702,20501.562341736404
9703,20517.609402977374
9704,20528.777154265808
9705,20528.77715426587
9706,20533.166079725328
9707,20537.199310917978
9708,20545.212940384703
9709,20548.302861465829
9710,20563.904462608592
9711,20567.193554418602
9712,20570.579091625412
9713,20584.235877280946
9714,20588.924035112486
9715,20591.351761417583
9716,20592.18837149526
9717,20604.37344915932
9718,20604.511320611917
9719,20607.002251704082
9720,20615.973501841461
9721,20643.534907003741
9722,20653.798853424127
9723,20658.169128828446
9724,20669.512999147297
9725,20672.680231914495
9726,20673.15930341441
9727,20679.485245616343
9728,20679.925258908239
9729,20679.98102305756
9730,20680.468730903693
9731,20693.390353682742
9732,20698.399352321623
9733,20699.582593986819
9734,20706.430033485456
9735,20706.430033485463
9736,20707.80302736723
9737,20719.790021180263
9738,20730.584379727206
9739,20732.232086306805
9740,20741.706471856633
9741,20755.716103657571
9742,20760.024195410395
9743,20763.891416040366
9744,20765.346101902032
9745,20775.51275578159
9746,20784.83185124517
9747,20796.229454432672
9748,20804.794146158689
9749,20806.673587004436
9750,20820.513322366034
9751,20820.541212406337
9752,20823.835591465118
9753,20839.340162739365
9754,20843.801948706448
9755,20854.474099501753
9756,20854.474099501844
9757,20856.631202490527
9758,20882.415121904472
9759,20893.952517106129
9760,20893.952517106205
9761,20898.181489436833
9762,20906.837495965647
9763,20908.082968150302
9764,20912.4336774146
9765,20923.561330309403
9766,20923.561330309458
9767,20925.025055314542
9768,20928.407151478852
9769,20929.379624332123
9770,20948.91005148715
9771,20950.361848892764
9772,20953.985269580397
9773,20957.88617924236
9774,20962.855984764345
9775,20965.983841959889
9776,20972.909352314775
9777,20972.909352314891
9778,20993.211400663327
9779,20995.908366432261
9780,21003.549751219085
9781,21012.612729359171
9782,21036.170331130572
9783,21038.322877396116
9784,21038.828446405802
9785,21042.987785988706
9786,21051.834671689005
9787,21075.564561191892
9788,21081.860896610702
9789,21084.403368707921
9790,21090.185188412852
9791,21091.344605127888
9792,21091.344605127957
9793,21097.32962206734
9794,21101.718600306955
9795,21104.836824215752
9796,21113.190317396537
9797,21128.613075624722
9798,21134.285577557683
9799,21141.833936033421
9800,21155.555776316516
9801,21165.910034129407
9802,21167.226390317366
9803,21178.694141652715
9804,21179.061450459023
9805,21182.337209649893
9806,21182.595226344409
9807,21184.809492189179
9808,21201.914254633601
9809,21210.073820477748
9810,21218.598962007105
9811,21233.078627993815
9812,21234.401314357128
9813,21249.258275545333
9814,21249.258275545333
9815,21251.873996178438
9816,21252.970919250558
9817,21260.818480643
9818,21265.329153978819
9819,21274.578464390594
9820,21276.845619095726
9821,21283.965834516439
9822,21288.178485702683
9823,21292.385188584492
9824,21309.280335749165
9825,21321.503390261354
9826,21324.187069749616
9827,21326.374135795999
9828,21354.067778956898
9829,21354.675810196804
9830,21369.547721533345
9831,21373.386342236547
9832,21385.766373598512
9833,21388.713670007579
9834,21391.872990862361
9835,21413.588686780349
9836,21413.788195523615
9837,21420.215841555892
9838,21424.22685952577
9839,21440.118945963593
9840,21442.614234367127
9841,21444.04396982125
9842,21446.650363567096
9843,21446.650363567183
9844,21446.69695934801
9845,21454.855553705787
9846,21465.438492434238
9847,21469.567312802861
9848,21485.211644415038
9849,21495.998385572606
9850,21499.262324162188
9851,21502.844544135565
9852,21515.737594374812
9853,21515.737594374874
9854,21516.413640984476
9855,21530.155507665819
9856,21535.951709297464
9857,21554.707443301446
9858,21574.43127604905
9859,21574.955220781369
9860,21574.955220781383
9861,21577.512882068488
9862,21584.485384322226
9863,21604.866925202936
9864,21607.141339436774
9865,21609.229506896118
9866,21624.899417400426
9867,21644.610902823126
9868,21645.921561546111
9869,21651.887959512289
9870,21657.123684717484
9871,21673.651264792141
9872,21673.651264792185
9873,21677.11279346616
9874,21687.29260529139
9875,21688.349455122705
9876,21695.785455384455
9877,21696.808190949781
9878,21704.470405085012
9879,21712.64011028274
9880,21726.022143394624
9881,21734.18934396129
9882,21738.228842884575
9883,21748.270038817373
9884,21750.811710153543
9885,21766.758559409907
9886,21784.45363726265
9887,21787.605830675966
9888,21791.761727155725
9889,21793.532635548625
9890,21804.808099211819
9891,21807.063547005131
9892,21811.825726407431
9893,21811.825726407478
9894,21829.301493404593
9895,21834.042919004773
9896,21850.541113084622
9897,21858.378306199655
9898,21863.32064721212
9899,21873.334065376359
9900,21884.392208304696
9901,21884.41229868443
9902,21891.285585898582
9903,21894.524475636626
9904,21901.940121778713
9905,21945.658245088303
9906,21946.135000514507
9907,21962.02143836948
9908,21969.265466707817
9909,21971.726463397248
9910,21972.113758357431
9911,21977.345257864483
9912,21977.460504702169
9913,21980.705526344958
9914,21989.478605626846
9915,21989.478605627086
9916,21991.02827380455
9917,22001.865572078455
9918,22004.234066714129
9919,22021.415041663498
9920,22034.439389274587
9921,22041.753497780988
9922,22058.348196177911
9923,22064.316766838485
9924,22075.439780675795
9925,22076.658473269632
9926,22090.82649291764
9927,22105.280446734003
9928,22106.593409108729
9929,22112.229314928634
9930,22114.611027402869
9931,22133.055945117205
9932,22139.154121372983
9933,22150.619741069731
9934,22157.2618804454
9935,22157.261880445592
9936,22178.912359171507
9937,22189.002781293239
9938,22196.740298049881
9939,22196.740298049976
9940,22209.37908695119
9941,22212.271604842739
9942,22218.275249079379
9943,22246.175322009531
9944,22249.553395485935
9945,22255.825047313618
9946,22257.145550318059
9947,22262.016096946616
9948,22262.886379504806
9949,22275.697133258618
9950,22275.697133258673
9951,22290.493425781755
9952,22297.202725152918
9953,22302.227062081965
9954,22315.502280150497
9955,22336.173051368198
9956,22341.122061671875
9957,22351.704013913673
9958,22357.896209584047
9959,22377.342691450569
9960,22383.222361464861
9961,22391.817586135676
9962,22394.132386071717
9963,22394.13238607188
9964,22398.913663656378
9965,22404.265181025396
9966,22420.658993986333
9967,22426.539292572197
9968,22445.327450854878
9969,22455.031169563648
9970,22461.129589470194
9971,22479.412963515872
9972,22485.873020030467
9973,22492.067576281355
9974,22495.568341476028
9975,22502.674524834685
9976,22531.221729126963
9977,22535.308051688789
9978,22536.776589428111
9979,22545.096368113296
9980,22552.046056489206
9981,22552.04605648942
9982,22565.776347248433
9983,22566.232069549933
9984,22572.624605581663
9985,22581.468652935386
9986,22591.297814530793
9987,22596.140280937714
9988,22598.266059240636
9989,22637.866979706498
9990,22637.990309176112
9991,22643.460568459632
9992,22646.882979979127
9993,22672.897990829024
9994,22682.969585928957
9995,22688.421984466324
9996,22698.048199411052
9997,22701.969933625664
9998,22708.360314782542
9999,22725.149980369406
10000,22733.870224257887
10001,22739.43663102937
10002,22743.271729182936
10003,22766.410343469477
10004,22780.840339523213
10005,22782.78628283412
10006,22793.903266251127
10007,22803.21568110535
10008,22815.378589732733
10009,22818.525375318608
10010,22826.003949595462
10011,22829.82198513503
10012,22838.264584120752
10013,22838.264584120825
10014,22848.487187966264
10015,22852.396539280704
10016,22870.687061322678
10017,22897.482210527312
10018,22897.482210527331
10019,22902.539357718877
10020,22905.192663316495
10021,22928.340164543617
10022,22928.883178897839
10023,22933.955151671678
10024,22964.636621108293
10025,22974.862423292172
10026,22990.573155569975
10027,22996.178254538198
10028,22996.178254538201
10029,22999.745990810603
10030,23013.406516641393
10031,23024.262087638719
10032,23027.032707474908
10033,23039.33856777009
10034,23053.321322484098
10035,23070.893473109056
10036,23080.03493184903
10037,23098.602806747222
10038,23110.20519039912
10039,23117.182013213955
10040,23120.245162484527
10041,23122.221992222429
10042,23123.417732674745
10043,23133.229460331702
10044,23134.352716153422
10045,23134.352716153426
10046,23162.484398537126
10047,23185.904344794788
10048,23195.719236385507
10049,23201.64326596538
10050,23209.342037671697
10051,23216.74375321441
10052,23216.984588056355
10053,23228.259371993674
10054,23237.66056889639
10055,23272.096009973277
10056,23292.44067741941
10057,23299.526305361102
10058,23302.048603018644
10059,23307.755136957072
10060,23317.372927958291
10061,23319.359946044096
10062,23320.375054551321
10063,23343.212830005745
10064,23371.381080136776
10065,23382.725763318569
10066,23384.383115042325
10067,23400.649624830516
10068,23405.158180938015
10069,23412.32818908379
10070,23414.668657838509
10071,23424.743373813297
10072,23443.79287421906
10073,23448.289809741134
10074,23451.666252394116
10075,23460.617325228061
10076,23483.950413210147
10077,23499.528078993677
10078,23499.528078993742
10079,23512.38116065368
10080,23516.272008143565
10081,23539.006496598093
10082,23539.006496598169
10083,23553.13533569251
10084,23587.840302617849
10085,23589.185391931158
10086,23603.042436836731
10087,23610.992633602011
10088,23617.963331806812
10089,23617.963331806895
10090,23641.306895153513
10091,23646.569014809676
10092,23655.480458503731
10093,23657.054691287598
10094,23701.252806521548
10095,23705.834242657915
10096,23710.562591655402
10097,23725.176759797519
10098,23730.143342276388
10099,23736.39858461991
10100,23736.39858461999
10101,23742.45740459413
10102,23753.313929470485
10103,23780.829755245988
10104,23795.736283989005
10105,23807.434851567341
10106,23814.669190450611
10107,23831.209928079963
10108,23831.961199336056
10109,23841.953612000376
10110,23853.181643596959
10111,23883.13044816296
10112,23890.947777810808
10113,23914.723031382575
10114,23918.669404491393
10115,23922.823707229927
10116,23930.13013268435
10117,23939.631278635239
10118,23944.390050294867
10119,23991.555857737625
10120,23994.724998663882
10121,23998.875379587615
10122,24005.141756298442
10123,24008.986778002069
10124,24032.570061485145
10125,24036.729175898028
10126,24051.251452216227
10127,24059.534018499329
10128,24078.366329211563
10129,24093.790304230006
10130,24098.116972876829
10131,24098.413395440712
10132,24136.443629287249
10133,24140.190338576693
10134,24141.541325382619
10135,24180.530782668902
10136,24195.420949853156
10137,24200.269991471119
10138,24200.269991471218
10139,24209.64917472974
10140,24217.988267232333
10141,24259.487617877487
10142,24259.487617877625
10143,24265.980600761151
10144,24281.792911893168
10145,24289.929690727051
10146,24293.488648983352
10147,24299.16645060309
10148,24340.462762682033
10149,24357.250419077347
10150,24358.183661888506
10151,24358.183661888692
10152,24379.144208130147
10153,24389.514491164617
10154,24395.816429999653
10155,24423.4777302763
10156,24426.832156164481
10157,24447.945747403173
10158,24479.661639139751
10159,24489.558342709133
10160,24490.433997111162
10161,24495.165032758669
10162,24502.679626586258
10163,24527.292903136124
10164,24556.203448820517
10165,24568.459140024137
10166,24582.653728455367
10167,24585.997994269095
10168,24588.751828961485
10169,24600.502682292674
10170,24621.704822752337
10171,24631.7888121016
10172,24652.889748882521
10173,24674.921069936721
10174,24687.001111099387
10175,24690.262739543879
10176,24694.272918006565
10177,24712.999274044148
10178,24721.966069660128
10179,24747.642758878043
10180,24785.823846595249
10181,24788.232041905681
10182,24794.369867562913
10183,24819.282230049281
10184,24842.772092498832
10185,24845.026826883975
10186,24872.843919533731
10187,24881.272695146195
10188,24881.27269514625
10189,24897.536798286852
10190,24917.439244299723
10191,24920.751112750462
10192,24920.75111275055
10193,24948.276283711697
10194,24987.683698262768
10195,24995.413420306104
10196,24999.707947959192
10197,24999.707947959389
10198,25028.470827232937
10199,25032.975423874428
10200,25079.922452796203
10201,25090.266283942467
10202,25092.772250478381
10203,25128.741016550954
10204,25129.784206763998
10205,25140.876366172226
10206,25182.137651361929
10207,25185.684479025309
10208,25209.776872263206
10209,25213.388246348211
10210,25221.352531926554
10211,25226.892323044878
10212,25270.729839000465
10213,25276.302853056524
10214,25278.870980081312
10215,25286.705984391308
10216,25318.987781175383
10217,25329.781459080994
10218,25344.78173756654
10219,25362.844623322591
10220,25391.134170187135
10221,25396.511474627023
10222,25428.319942531209
10223,25448.200693813931
10224,25492.585844705947
10225,25494.46872958872
10226,25505.941836825237
10227,25525.955370135132
10228,25537.269946670502
10229,25544.08413341991
10230,25579.468004333394
10231,25582.014607623645
10232,25601.753816425815
10233,25601.753816425899
10234,25605.355962065907
10235,25660.971442832324
10236,25660.971442832368
10237,25694.130409146972
10238,25701.890643619903
10239,25720.048183559833
10240,25744.474011491257
10241,25797.977221328874
10242,25799.822929091861
10243,25803.14903686188
10244,25835.84881046645
10245,25856.173327859102
10246,25884.680319941126
10247,25905.399085515986
10248,25909.725927288429
10249,25914.598510833632
10250,25938.281722778756
10251,25946.597020642435
10252,25964.677479221162
10253,26004.658585307548
10254,26013.630782189361
10255,26015.273841942901
10256,26032.909661180056
10257,26104.130476630005
10258,26110.779255755708
10259,26144.268750984735
10260,26172.729668198001
10261,26204.680251016194
10262,26211.501450192121
10263,26219.769798452762
10264,26232.532352300117
10265,26250.968087188725
10266,26287.17925643361
10267,26302.495728902988
10268,26302.495728903152
10269,26341.974146507499
10270,26341.974146507509
10271,26410.572320828258
10272,26413.122974479975
10273,26434.602280559393
10274,26480.786398916367
10275,26517.37796001439
10276,26520.224654396214
10277,26569.192343406095
10278,26580.01713205842
10279,26608.16775864466
10280,26609.845892148118
10281,26628.86535831431
10282,26633.294155297244
10283,26687.253837825949
10284,26702.531589050486
10285,26721.842805126424
10286,26722.071317252674
10287,26829.866314363855
10288,26834.261633746202
10289,26883.546253915552
10290,26903.17779884073
10291,26929.476211604153
10292,26932.489284447696
10293,26953.343179038224
10294,26980.900357731894
10295,27022.976850182695
10296,27042.716058984788
10297,27042.716058984792
10298,27132.92651037054
10299,27138.138061800004
10300,27186.356722477158
10301,27247.952951935345
10302,27250.880922062879
10303,27315.832103812874
10304,27325.933990414462
10305,27334.4488513326
10306,27345.466087642366
10307,27374.970355480458
10308,27434.582623189654
10309,27437.411213832012
10310,27570.595185201837
10311,27574.775668785507
10312,27627.658745148237
10313,27662.456274963279
10314,27664.205085963949
10315,27702.800709163323
10316,27763.197180264349
10317,27763.197180264491
10318,27864.293965289762
10319,27901.712624598717
10320,27992.119053689992
10321,28012.200365602675
10322,28060.556195731482
10323,28067.232303606459
10324,28135.916895824226
10325,28145.421119482638
10326,28333.459817898904
10327,28340.444058639514
10328,28406.366070564298
10329,28431.268791116985
10330,28503.417510346004
10331,28641.933660482035
10332,28781.329016051848
10333,28795.057243522555
10334,28833.216755401601
10335,29119.532721137737
10336,29207.924241729001
