# Domain: H_shaped (FD, convergence sweep, dense eig full spectrum)
# Resolution M = 101, dofs = 7821
# Computation time: 7.9033 s
# Eigenvalues stored: 7821 of 7821
n,lambda_n
1,7.7552572434284981
2,8.5722461293576337
3,13.932351119551704
4,13.936243674439243
5,14.294916765344331
6,17.697123698338803
7,19.725168811800529
8,24.778431940332617
9,26.367918311886587
10,26.41950616237007
11,32.971309138468726
12,37.101742925210644
13,37.165645075893572
14,39.086334779057921
15,40.5953881888422
16,42.141128856286336
17,45.156477113736834
18,46.182530830524065
19,47.355963100898201
20,49.228777936709839
21,49.228777936786763
22,51.884999719420755
23,54.792870559506639
24,58.567283237188292
25,62.480275994499806
26,62.620226427631252
27,62.925519458774474
28,65.311372790147729
29,67.312242247811454
30,71.848388228787371
31,76.613852322996877
32,78.732387061601841
33,79.483778339419288
34,79.560211937822174
35,84.860802429693877
36,85.564295874520724
37,87.503573899686941
38,90.672163823294753
39,91.605746004247024
40,94.86595344190188
41,95.080111851986771
42,95.268388726894955
43,97.332818516438508
44,98.121697390317408
45,98.121697390333892
46,100.49547817138472
47,105.41704841023287
48,106.93560564013693
49,107.6744295029561
50,111.13649162051411
51,111.95866420215738
52,112.38866591905985
53,117.96547480369679
54,118.25127652899863
55,120.42531511732557
56,120.57892138370337
57,121.90398131023564
58,127.62530651522241
59,127.62530651526355
60,132.88902795681284
61,138.23108276094544
62,138.63622548181479
63,138.79271285048705
64,141.13980161262455
65,141.20955632907342
66,144.39732588307939
67,145.0594762581554
68,149.5960984740193
69,153.77230869184783
70,155.11299907799372
71,155.52601230769014
72,156.95122789547395
73,162.52098733573129
74,162.59208665468188
75,162.98386652111404
76,164.33662039227133
77,165.02443411523802
78,165.98679002297757
79,165.98679002301125
80,167.28030470850817
81,170.53343796230226
82,171.69575334316602
83,172.84566464970786
84,176.5182259689044
85,178.71132970681603
86,179.23202377603494
87,180.26296222523422
88,183.42177586489814
89,188.66230574762628
90,190.72629546290133
91,192.28326718207001
92,192.71617106589039
93,192.84292767681811
94,195.49039914789103
95,195.49039914801787
96,195.96976165447532
97,196.55008101664589
98,203.61166846227161
99,209.72910824177643
100,211.02349593214288
101,211.37886921718936
102,214.78609979274347
103,218.66150396288907
104,220.19380481411733
105,221.13638163155741
106,221.26540712987767
107,221.73069315313779
108,221.78376604379639
109,221.81057600502507
110,230.18202182786618
111,231.69644555183311
112,232.27585786866391
113,240.82593069789073
114,243.03113898046084
115,244.38331860157069
116,244.38331860165974
117,247.12672902512881
118,247.18666666252741
119,248.10501359419357
120,249.16641294388722
121,250.45085544884407
122,250.65274961146093
123,251.72709989377111
124,252.24505479293285
125,252.24505479293376
126,254.47596152511423
127,256.56795196961139
128,257.52960436453776
129,259.7887483317503
130,263.42515155514235
131,264.21292425805802
132,265.14895974760356
133,272.67265177619805
134,273.31180263441314
135,273.69657491130965
136,273.79594578637852
137,278.5982245825997
138,281.74866391785838
139,281.74866391795024
140,282.14933602473951
141,284.15234210429077
142,284.35812204368136
143,284.71098437492299
144,286.15890031632335
145,290.54866874256095
146,291.14237289701714
147,297.64723409945827
148,298.17710554263817
149,300.99169591420537
150,301.91244524273316
151,301.91349216407087
152,309.8908414493651
153,312.24841123424449
154,312.7962966841834
155,313.07249940666071
156,315.05694653311514
157,317.53174716680303
158,317.8779299665573
159,318.15663027960647
160,319.67337568522726
161,320.86152610592359
162,327.30566061957489
163,330.64158337154265
164,330.64158337158904
165,333.9241286625678
166,337.27109372661084
167,338.821348159254
168,342.82281891057801
169,342.97254033478879
170,345.72341885175888
171,347.2779917581978
172,348.23188215415286
173,349.49964197612303
174,351.87323841955094
175,352.44104126202535
176,352.88621513574782
177,354.81183291327864
178,355.94857067153669
179,356.16056659897868
180,356.16056659906826
181,356.86360752802369
182,357.20469091438508
183,362.28495447685407
184,364.50639468919354
185,365.7935762359914
186,365.83047876721997
187,367.33352064887248
188,368.68233340870535
189,373.87086259982408
190,374.02762291603102
191,376.3284107171354
192,380.1334797055755
193,382.376750218307
194,382.46947906531972
195,384.61763652519744
196,385.66417572393851
197,385.66417572395801
198,390.25535691748104
199,394.17392947660971
200,394.27449132498424
201,394.45216143409857
202,397.20052381778396
203,397.53735759936467
204,397.68683904046071
205,398.50667600418666
206,398.50667600421758
207,403.47218611932351
208,405.66106198524216
209,408.71286664904068
210,410.02469510348021
211,414.88745378638487
212,420.22006935041685
213,421.26481225752894
214,422.51506161237461
215,423.0156778362292
216,424.10121590620247
217,425.11736150007408
218,431.24970402208584
219,433.01344506748637
220,433.29229930976669
221,434.55709517755844
222,434.55709517759448
223,434.75149595321307
224,434.75224019769917
225,434.86710853214123
226,443.40536728887491
227,447.03000478856245
228,452.18332236665032
229,452.20642922155344
230,453.34188543654705
231,453.58156636789568
232,460.36249435689604
233,460.50338618047823
234,463.09185054696411
235,464.2051685968334
236,464.84106954930121
237,468.09079295403262
238,468.76296782834868
239,470.16466717794225
240,471.66422400344402
241,471.79277772942368
242,471.82363859386828
243,475.20959601462221
244,475.35952290871705
245,476.51341729408233
246,476.84675493393138
247,476.84675493395775
248,477.63326641206129
249,482.12166166189814
250,482.32039706196298
251,484.35611721041272
252,484.76494077418266
253,485.22129493703301
254,491.35780456308061
255,492.36858914365496
256,496.23641348404357
257,496.34894060358948
258,501.9989135076637
259,502.42218781025269
260,502.42218781025912
261,504.02766281222779
262,506.35036405886257
263,506.35036405887394
264,507.84566314168723
265,508.39331319548603
266,511.94528701215489
267,512.33856725688963
268,514.65737547095523
269,514.97628454097423
270,519.0626065987592
271,520.23892605943604
272,520.34693467011164
273,521.31863134416312
274,521.71778489133146
275,525.10059994834387
276,526.75553121406483
277,527.68378094821514
278,532.61024472927272
279,539.72235135364065
280,539.93402369259013
281,540.98081301350408
282,543.14975686106584
283,547.62933352435232
284,547.75075707368251
285,548.43191141188174
286,549.16117172876272
287,549.21809816143036
288,551.07189683738079
289,555.0732875249231
290,555.24328351250347
291,555.2432835125461
292,561.30733464726643
293,561.96390714902066
294,564.22702027360117
295,565.55860506482315
296,565.93678113806334
297,570.46271743891248
298,570.56286821326125
299,574.42614172860067
300,577.21996669643011
301,577.83597391545902
302,580.30874971129151
303,582.33412626048619
304,588.68045258017912
305,588.68045258019117
306,589.66465295136186
307,591.60393283941153
308,594.12363189576081
309,594.40908436421626
310,595.18873194572132
311,596.04736201188553
312,600.4433803307594
313,602.5411298260957
314,603.29516520524635
315,603.67709994410347
316,605.77293956310677
317,609.11154031803903
318,610.16934301939045
319,611.33587247813307
320,611.4487337584427
321,612.49361447611216
322,613.27396779169851
323,613.27396779172204
324,613.39379227618963
325,616.55463037297386
326,622.10526253969192
327,623.10837614517106
328,623.10837614523234
329,623.14831954503882
330,624.70769299513904
331,625.5018418616113
332,626.30236497756664
333,631.34941347031656
334,631.63542172258519
335,634.44363188948012
336,636.92559845313679
337,639.36034721736291
338,639.85108218613436
339,641.68471735914716
340,642.77757691662305
341,642.77757691664351
342,643.03787393073685
343,646.74495090831658
344,647.46520243947725
345,647.98423665713256
346,651.48109782644804
347,656.78846574146394
348,658.6394241259851
349,660.2306890435849
350,660.44329143603511
351,661.41401526280845
352,661.72977294619557
353,662.90304533484561
354,663.5734894657495
355,664.55885721006655
356,667.67677422340103
357,668.67433659624373
358,673.77576618191631
359,674.47770031102141
360,676.74815901438615
361,681.19965668995428
362,684.28832838107701
363,685.45716844384333
364,687.41789037217143
365,688.53652948905062
366,690.44998548797014
367,690.81941348609382
368,691.67049637028117
369,691.67049637029152
370,691.84330251657389
371,692.59596438624953
372,700.12213937544425
373,707.18536542230322
374,709.36664091518742
375,709.36664091520333
376,710.33769580452599
377,710.41676966668115
378,710.65706858421038
379,712.10833072199034
380,713.02594762141666
381,714.05032645872166
382,714.89055490588942
383,716.57767970627992
384,719.52620860926527
385,724.42214259450338
386,727.1340739269275
387,731.03039024557074
388,734.32826004537321
389,734.95672744113654
390,736.23994723550879
391,736.88515034249792
392,738.73283809195937
393,741.39959570340795
394,741.55051676468224
395,741.91388449414376
396,743.02046852896342
397,747.69821078124528
398,752.64631078162927
399,753.18312632712525
400,756.57460643617651
401,758.23704585772964
402,759.37227507600062
403,759.53558900297071
404,759.53558900301039
405,759.95498082818381
406,760.1962479730571
407,762.199567688206
408,763.21620747769884
409,764.27825629504241
410,764.27825629504343
411,764.61090182586202
412,766.26151878023848
413,769.64657733389754
414,770.30663004517555
415,772.56368785461416
416,772.67102573218222
417,773.78899416401475
418,779.76850847576782
419,781.62891094935333
420,782.71836471159565
421,782.95285124764189
422,785.28556753681733
423,787.67220652331957
424,788.18818758465886
425,791.22348392913955
426,792.20756416539371
427,792.23775706890501
428,793.781865419974
429,793.78186542001288
430,795.9118992198961
431,796.97798930760189
432,799.69462337070729
433,800.80852223605655
434,803.54329503097415
435,805.54483749367967
436,808.94493067020176
437,810.3551126500389
438,811.51318417479752
439,813.28215272122293
440,813.28215272124976
441,815.35078542632903
442,817.13749089077714
443,817.16303304456221
444,818.52097038478723
445,819.16455654184449
446,823.381371411587
447,823.59662146043138
448,827.14028915119093
449,829.45407881266999
450,833.50026899949216
451,835.03245206591407
452,837.06594142942606
453,842.67478487359301
454,842.67478487360188
455,845.02105399354707
456,845.72634120350983
457,845.79385377293841
458,845.79385377294625
459,845.95052542971496
460,846.09680277897667
461,849.69302497525098
462,851.34711120628776
463,854.13064155808763
464,856.70951652951749
465,856.87378493976962
466,857.98763021802336
467,860.60156242616392
468,863.52507712029114
469,867.2125896292157
470,869.84328250535248
471,870.51959252065228
472,871.76172112420136
473,872.04045461187013
474,872.61235354274595
475,875.48370139207589
476,880.5459478284605
477,885.00022341292765
478,885.42706661508851
479,888.16947475436496
480,889.68561904044589
481,891.48008811964394
482,892.01893451254136
483,894.90949458997977
484,895.02196739490068
485,896.21597376403713
486,896.79458322307539
487,899.35100446758156
488,900.36325155220834
489,901.95102515889755
490,902.74538880745013
491,905.32354355223026
492,907.25659935940473
493,910.53987750623219
494,910.53987750628721
495,916.11827934526139
496,917.81548894286698
497,919.26783509847792
498,922.41181364222587
499,922.90721113418704
500,923.28779465363061
501,923.47203220015263
502,925.69804266164624
503,927.16476558183774
504,927.24967615241542
505,928.57130509704848
506,928.57130509709032
507,929.03065437457599
508,931.55689235342641
509,933.35610570434585
510,933.96834105619462
511,934.05062879789386
512,934.10093340350204
513,941.66852948096414
514,945.11925212558072
515,946.00701532658957
516,947.34767007884125
517,947.35411878445461
518,947.50838301253327
519,948.14219152358771
520,949.70936557898131
521,949.70936557899938
522,952.00611012168986
523,953.54910390371924
524,956.62105055130803
525,957.1616178516631
526,958.07491422194084
527,958.07491422198973
528,958.3024615523542
529,959.92750307833251
530,962.24877746155551
531,962.8734369359895
532,968.27529090337623
533,970.47725487202467
534,971.91921073546507
535,972.51371601624714
536,973.33216847005212
537,979.92387897124752
538,980.85215591705787
539,981.06293838894783
540,983.22542130328407
541,985.77978362603221
542,985.85258534587979
543,986.67192264592677
544,991.05001381414218
545,992.43583628045053
546,995.25968264580433
547,995.33440600913343
548,996.69343058028846
549,996.79814227624365
550,996.79814227625423
551,998.76164677256986
552,1000.7996195551417
553,1006.9678336755496
554,1006.9678336755672
555,1010.1380723231842
556,1010.7897645684353
557,1012.4787452616808
558,1012.6473702221141
559,1013.2919867482635
560,1015.325091154505
561,1015.6654787876683
562,1017.0636658135782
563,1017.9504851122086
564,1020.3113437092908
565,1022.2585326775594
566,1025.0039660505499
567,1028.3835709950094
568,1030.7484690559825
569,1033.1485434118079
570,1037.1074441330634
571,1040.7905659596572
572,1041.1543208624921
573,1042.2754898867588
574,1043.6683300127197
575,1044.3530682612104
576,1045.1879228202645
577,1045.3980324077488
578,1049.8815090347382
579,1050.8388915020539
580,1052.0930326037762
581,1054.3924670708907
582,1056.3818101536942
583,1058.9569341800457
584,1059.9617244245817
585,1061.9195972734881
586,1065.0125096320007
587,1066.0473536587242
588,1066.6812389476584
589,1070.3955539139181
590,1070.3955539139192
591,1072.0991835677619
592,1073.9673350445703
593,1074.0320701427988
594,1074.2308460276361
595,1074.8329263082574
596,1074.8329263082953
597,1075.5847239444959
598,1085.27901286368
599,1091.0527693187287
600,1094.1136196770331
601,1094.570255972405
602,1095.5696603175124
603,1097.2308308710137
604,1098.1358775297431
605,1099.5829909139802
606,1100.7136540822653
607,1100.7136540822828
608,1100.9480202286818
609,1102.5422745755977
610,1103.7977996959614
611,1104.2786689788572
612,1104.6400944773247
613,1104.7514238334429
614,1104.7514238334925
615,1104.8554639830418
616,1109.6390517333398
617,1110.2882442226166
618,1111.2367922187036
619,1114.2317542057617
620,1116.4084363215907
621,1116.8480262324922
622,1118.6344708620395
623,1119.385438836043
624,1122.3063599746711
625,1122.7240170713887
626,1123.4555301611242
627,1124.2246715876613
628,1124.5361015084995
629,1129.976805805582
630,1131.4752450367514
631,1132.8842521643176
632,1133.5572417180485
633,1134.2550329583544
634,1134.2550329583553
635,1134.5288267067692
636,1136.5472997615946
637,1139.2569365730037
638,1139.5796303769532
639,1140.2820221176719
640,1149.9595178976401
641,1150.9876083899926
642,1151.3622491207777
643,1151.9085649106109
644,1154.4561098778165
645,1157.3785206844748
646,1158.619404891002
647,1158.7065830492456
648,1160.7579611773504
649,1161.0911910782604
650,1161.0911910782761
651,1165.4122384034069
652,1165.5846872409375
653,1165.7786071559403
654,1168.0045438406905
655,1168.5030175177151
656,1169.101794116606
657,1169.6915937543572
658,1173.2043294984262
659,1180.5871958971329
660,1181.489244698578
661,1181.7656025294232
662,1183.1479524119857
663,1183.1479524120323
664,1184.8474454045988
665,1186.6462227653822
666,1187.9215661096782
667,1190.5950146710773
668,1192.2846227262801
669,1193.321175677652
670,1193.54718964224
671,1194.5613071259984
672,1194.7101070951912
673,1197.8404623798392
674,1201.2666507339693
675,1206.3669476231112
676,1206.8227667716942
677,1207.4002034415341
678,1207.8426711833933
679,1209.2492885523411
680,1212.9833647162454
681,1213.5390399357161
682,1221.1808244815638
683,1221.3998424172103
684,1221.3998424172398
685,1221.9179211321559
686,1224.1908338547412
687,1227.534843120595
688,1227.9594524932636
689,1228.4596389982707
690,1229.638122941481
691,1230.7271123375031
692,1233.5855698721073
693,1236.5624457390336
694,1238.1938578267891
695,1238.9075991996419
696,1241.0785170226743
697,1241.3325070854951
698,1241.6731942806318
699,1242.8574559817691
700,1251.0130450446779
701,1251.0130450446827
702,1251.0333439695009
703,1252.474193898265
704,1252.7549378167434
705,1256.5865201035651
706,1257.162026669565
707,1257.3168967093138
708,1264.874811890149
709,1265.0067028842225
710,1265.0067028842832
711,1267.1168742305917
712,1269.5130657319617
713,1270.5579167873482
714,1271.7357359973128
715,1273.1233326496742
716,1274.245988124022
717,1277.459519155909
718,1277.5164813806482
719,1278.6595765031825
720,1284.0443889281132
721,1285.8932885068621
722,1286.446793895055
723,1287.4549426524736
724,1288.6329562165297
725,1290.2052593402552
726,1291.1183601981261
727,1291.3155058505213
728,1291.3155058505488
729,1291.3775445659908
730,1294.2786280953935
731,1296.4079153834994
732,1296.4325655932805
733,1297.4903301780114
734,1299.090140951741
735,1301.2167946830268
736,1302.9929558474405
737,1303.0963317990386
738,1303.6657796686711
739,1306.1905959453163
740,1306.2121559449731
741,1308.0283026656898
742,1314.7806413998194
743,1315.2458183502306
744,1315.3739804941661
745,1316.5087066918738
746,1316.9765128278186
747,1317.7359590100195
748,1318.9823205601308
749,1319.2618993860101
750,1319.6703170636642
751,1320.8191149754603
752,1320.8191149754796
753,1322.3422774306916
754,1324.4552911858341
755,1325.8160840883031
756,1327.9804254598544
757,1333.4573869229298
758,1336.1316979343537
759,1337.2713098146494
760,1337.2713098146651
761,1338.8840106601656
762,1339.8573404273488
763,1341.7506527597932
764,1341.8702516291801
765,1347.8142305840452
766,1348.4810394803742
767,1350.6981324321735
768,1351.9605770066562
769,1354.9265638026036
770,1355.1704418097472
771,1355.5982573800532
772,1357.8270552749912
773,1357.8270552749989
774,1359.2103092473465
775,1359.641540480028
776,1360.0857208078196
777,1363.9793074501895
778,1368.1943778883578
779,1368.5777850748041
780,1369.7120344290076
781,1369.7120344290861
782,1370.6760977555541
783,1376.7481402380276
784,1377.7298123891583
785,1379.9098870619466
786,1380.2381013671959
787,1380.543062907416
788,1384.0329153220841
789,1384.4401075732987
790,1385.4337461348989
791,1385.692891219247
792,1385.6928912192664
793,1386.293675412943
794,1386.7803538070814
795,1393.4418312538246
796,1394.0520061689517
797,1394.4761349877917
798,1395.6802369615455
799,1398.3981529664986
800,1400.5238737186476
801,1405.7079705132894
802,1406.1093194863899
803,1406.2445426017873
804,1408.5917793370786
805,1414.3131641178359
806,1414.6380062260798
807,1417.0650527914622
808,1418.0277378487888
809,1419.7829949832267
810,1420.7876220114247
811,1421.1811079250358
812,1422.0167698795085
813,1425.4836127820899
814,1427.6253276415184
815,1430.1506561742519
816,1431.095024435607
817,1431.2829872690147
818,1434.4576971245112
819,1437.5771270617568
820,1437.5771270617959
821,1439.5542877406133
822,1440.1571311412554
823,1441.1868216206669
824,1441.1868216206697
825,1442.6002333988538
826,1445.7869664205041
827,1445.9708531393051
828,1447.3216463231659
829,1448.5924882005504
830,1449.7957620570053
831,1452.0623548228928
832,1453.7631802266255
833,1457.2938070679661
834,1458.3778533321022
835,1458.6063625280858
836,1463.3963476843128
837,1464.3595703330304
838,1464.5894602666849
839,1465.5711838971399
840,1470.1425055965619
841,1471.5273830008839
842,1475.7758043788249
843,1476.4095172701072
844,1480.543190006106
845,1480.9629628538194
846,1481.0021944806413
847,1483.9025437512212
848,1484.5631736875762
849,1485.2057343971094
850,1485.2327815428946
851,1486.6718521811426
852,1486.6718521812122
853,1487.0422021172574
854,1488.5190573630387
855,1490.0792425330544
856,1491.9403094305312
857,1493.4854117339789
858,1493.5006077969433
859,1493.5458762426488
860,1495.8094630965199
861,1497.8811886999245
862,1498.9129068813077
863,1499.1415251889332
864,1499.465882666324
865,1502.5433222931849
866,1503.8424477517776
867,1506.0004725736751
868,1507.3138200651899
869,1507.5830648314238
870,1507.6855297420536
871,1508.8313437783406
872,1510.9850269559956
873,1512.0041291674509
874,1513.958233103649
875,1515.8987152463878
876,1516.1754613061112
877,1516.1754613061125
878,1516.5042618154248
879,1522.1201040769977
880,1522.1201040770009
881,1523.8353918317246
882,1523.8353918317357
883,1527.1637023429914
884,1527.4949231116634
885,1530.0271815831566
886,1531.0831593464393
887,1532.9061536782726
888,1535.2412176656933
889,1535.6931595316712
890,1538.1670872268367
891,1540.8569909566288
892,1544.4931105553121
893,1545.7157132258778
894,1551.0838157565313
895,1551.8886059298293
896,1553.1278387525285
897,1553.2802458590224
898,1555.3333285812446
899,1556.0444293284183
900,1556.8472719060608
901,1558.8123508538308
902,1559.9925441082103
903,1561.873009955619
904,1561.8730099556572
905,1562.8581822623592
906,1563.5660777400456
907,1563.9406412232925
908,1564.9827527562124
909,1565.0683807596952
910,1565.0683807597504
911,1568.7735895174253
912,1569.0667690429812
913,1571.5147049415527
914,1575.9352229937986
915,1576.9190452015127
916,1578.2803470657298
917,1578.368571350512
918,1580.1871971523267
919,1581.8404264607384
920,1582.1490211755633
921,1583.9004159882877
922,1586.2175233595372
923,1587.8340703452877
924,1589.8735806889208
925,1592.5480160855502
926,1593.2445975680585
927,1594.8566929430208
928,1599.2791456698717
929,1601.8161105118622
930,1602.7046523691661
931,1605.3364803138822
932,1607.4564715974793
933,1608.3188366325139
934,1611.9428664937684
935,1612.4930382322361
936,1615.4375240671282
937,1618.2914471427364
938,1618.9962836627496
939,1620.3775895970309
940,1621.0272796733313
941,1623.0857571074514
942,1624.8010546913069
943,1626.5129354148312
944,1627.6616745072411
945,1627.750903637741
946,1627.7509036377801
947,1629.1884130456633
948,1630.2250091730095
949,1630.5006708935218
950,1631.5764774544737
951,1632.9334733924147
952,1632.9334733924504
953,1633.9424228528005
954,1638.6134824656872
955,1640.0982361961312
956,1643.580971235308
957,1644.2313892774566
958,1645.9145704509874
959,1646.0940573296646
960,1649.1433909519508
961,1649.8994976666213
962,1652.4463131218156
963,1654.2308460645054
964,1656.0757541772605
965,1657.3841651816952
966,1659.0220192550144
967,1660.8633704988345
968,1663.937412037476
969,1666.1679560115886
970,1667.921090046098
971,1670.5444355325262
972,1673.1243925802999
973,1673.1243925803674
974,1675.4498247324284
975,1679.9870257965579
976,1680.8574863582426
977,1681.9087830182789
978,1682.9086414610758
979,1683.5954417204664
980,1686.2469463588448
981,1686.399332089763
982,1687.3877167413414
983,1688.4899853982333
984,1688.6968851420145
985,1689.1537513592091
986,1689.1537513592352
987,1690.7727531317314
988,1690.8698273424582
989,1692.6797925651265
990,1693.1891177791204
991,1693.873228149137
992,1694.6845974719288
993,1695.8067286967325
994,1697.1893708942946
995,1698.3002228133716
996,1698.3002228134221
997,1700.5400462561431
998,1703.0142064891681
999,1703.2140469366398
1000,1706.345845835021
1001,1708.0021450687896
1002,1708.2038041867681
1003,1710.2374437221524
1004,1710.4517706173858
1005,1712.8904306182822
1006,1713.6724896776154
1007,1713.9665735227741
1008,1715.5455135206403
1009,1716.7944079536446
1010,1718.6573604841763
1011,1718.6573604842074
1012,1719.1917381623946
1013,1719.1917381624212
1014,1719.9766491139483
1015,1721.6082200326712
1016,1724.9641921064626
1017,1726.5039576288818
1018,1732.4723429360045
1019,1733.7111569075776
1020,1734.9048046141061
1021,1737.0678391920569
1022,1740.1698024515183
1023,1744.1288270052426
1024,1744.1891257257644
1025,1746.9520363917459
1026,1748.437091972713
1027,1748.4370919727337
1028,1750.4214908487531
1029,1750.5496134708364
1030,1752.0894997307532
1031,1754.3152784353035
1032,1755.4220246826153
1033,1755.8406993408501
1034,1756.1101681250668
1035,1756.8065261874053
1036,1757.4894308503601
1037,1757.8061284038768
1038,1757.854253357616
1039,1759.4923623837922
1040,1762.9880694749834
1041,1763.0786800911535
1042,1767.5502799377878
1043,1767.5502799377887
1044,1768.2160928166004
1045,1768.7969636410987
1046,1771.0505144219544
1047,1773.6595719541044
1048,1774.9665534891203
1049,1775.437471684904
1050,1777.1867238127741
1051,1780.4881122565987
1052,1782.4605005369749
1053,1783.6022360924801
1054,1784.2492367701666
1055,1786.0774823609197
1056,1786.2593992058407
1057,1787.3578348538097
1058,1788.5180380227594
1059,1790.7687274172363
1060,1791.2569352546566
1061,1794.7277371003338
1062,1796.2914130425709
1063,1799.8073564135657
1064,1800.226581668051
1065,1801.1226933261576
1066,1801.3958592555982
1067,1805.5983050956611
1068,1812.4532528185193
1069,1812.5433521667965
1070,1813.2753299179749
1071,1814.6014337911995
1072,1816.5681681840281
1073,1816.7931224620163
1074,1816.8044233025121
1075,1822.6052449207746
1076,1823.1072499684321
1077,1823.1072499684378
1078,1823.2335106560613
1079,1826.0527529182509
1080,1827.2876040610774
1081,1827.7809181605937
1082,1828.5212479205543
1083,1832.4222769762764
1084,1833.1970902121507
1085,1833.3137582256431
1086,1834.3099384993609
1087,1835.4153725704653
1088,1835.4153725704764
1089,1837.4174413823198
1090,1839.6499736168448
1091,1843.1473320674938
1092,1843.4826555085258
1093,1846.2817825446464
1094,1849.3045113167138
1095,1849.3045113167211
1096,1849.6002630187786
1097,1849.8863244185939
1098,1850.078021084965
1099,1850.5458114865455
1100,1850.7127893944137
1101,1856.0294932878651
1102,1856.5084223843842
1103,1859.7370758093532
1104,1863.6666372154264
1105,1866.1826520819081
1106,1866.7400489099957
1107,1866.9571601447492
1108,1870.4031432829634
1109,1872.847579774736
1110,1874.1469928977481
1111,1880.9297950396733
1112,1881.8659339940275
1113,1882.4475629474539
1114,1884.8643048304568
1115,1884.8643048304859
1116,1887.2198576360504
1117,1887.7749455389946
1118,1888.4403869627172
1119,1888.5754901057674
1120,1890.2849261839633
1121,1891.9211497181593
1122,1891.9684025497022
1123,1892.2964509347057
1124,1893.6834543131192
1125,1893.7519948680815
1126,1895.551370287809
1127,1895.9532435248002
1128,1897.033699213938
1129,1897.0336992139446
1130,1897.6613293969435
1131,1898.0822447854437
1132,1898.3430819407458
1133,1901.0316721327858
1134,1901.1251331480444
1135,1901.1315254514193
1136,1903.1672896213279
1137,1905.5985700123658
1138,1906.126018613963
1139,1909.7333000123012
1140,1913.086044563968
1141,1914.1746180442281
1142,1915.1759598617489
1143,1915.3043506395481
1144,1915.6573145346831
1145,1917.3923146307898
1146,1917.5677093210443
1147,1917.9652888917915
1148,1921.6736373404478
1149,1921.673637340469
1150,1921.9837325632179
1151,1922.161023047415
1152,1923.2384101720379
1153,1926.008648332989
1154,1926.5373083389122
1155,1926.5373083389238
1156,1934.4712174120625
1157,1936.4153316524475
1158,1939.1613046302559
1159,1940.5132603119755
1160,1941.4838175656851
1161,1941.5521406719276
1162,1941.8215716721543
1163,1943.0191862938962
1164,1943.793438303388
1165,1943.793438303423
1166,1946.4397436028055
1167,1947.7257217790814
1168,1949.8665226739965
1169,1951.1868701803819
1170,1954.9924410181491
1171,1957.3131800528051
1172,1957.5322203513513
1173,1959.0342530464736
1174,1959.045068871008
1175,1961.337068073926
1176,1961.7232310779366
1177,1965.1921626308717
1178,1965.4952683392878
1179,1966.5794952075296
1180,1967.0405179249472
1181,1967.8834160988715
1182,1968.65394192139
1183,1969.0006184448885
1184,1972.4098661168914
1185,1972.6771318188471
1186,1973.4509130270806
1187,1975.3973760108995
1188,1975.4302277925215
1189,1975.4302277925506
1190,1978.3700846142392
1191,1980.7352175929027
1192,1980.971666091843
1193,1986.8376155652822
1194,1990.8698512002786
1195,1991.1982565735052
1196,1991.2298136263189
1197,1992.0381153610442
1198,1992.3236475736244
1199,1995.0028538479939
1200,1995.0121534116911
1201,1995.1459543284031
1202,1996.6021448762667
1203,1996.847452795799
1204,1997.7708103619166
1205,2002.7292265048347
1206,2003.6210533737176
1207,2004.0964934640367
1208,2004.9112585139835
1209,2006.872764164428
1210,2011.7962832907112
1211,2013.5975601187008
1212,2013.5975601187351
1213,2013.857837076381
1214,2019.2927366332112
1215,2020.4841240624517
1216,2020.8835577470811
1217,2022.6004194122543
1218,2023.9147177064085
1219,2025.5891491464795
1220,2025.5891491464802
1221,2029.8880832706934
1222,2035.8685933338031
1223,2035.8685933338263
1224,2036.0397519193589
1225,2037.6539327894634
1226,2037.7442226011783
1227,2038.8466304876636
1228,2039.0758537151271
1229,2040.3165100064941
1230,2042.1283553512342
1231,2042.4270366207011
1232,2043.1108608491625
1233,2043.2772558783627
1234,2043.2953204251883
1235,2043.2953204252301
1236,2045.2524697341803
1237,2048.5575834620272
1238,2049.2305348525106
1239,2050.1228382716458
1240,2054.8770077888435
1241,2056.6805954707665
1242,2056.9326770679386
1243,2058.9282448734457
1244,2062.4842738642806
1245,2063.568074957002
1246,2066.2085617086404
1247,2066.4309633926914
1248,2067.5985171494422
1249,2072.8292429464591
1250,2073.3660174590937
1251,2073.5681004921685
1252,2074.0363659764225
1253,2075.2793558250219
1254,2076.7171307053422
1255,2080.1786658311462
1256,2080.2206511611189
1257,2080.2206511611348
1258,2080.4929316063572
1259,2086.3713382917035
1260,2086.986258168974
1261,2092.257582088153
1262,2093.0436944072394
1263,2093.7743694321489
1264,2094.89627415004
1265,2095.4207600770087
1266,2095.7136529660124
1267,2097.2496294565017
1268,2100.4534553502481
1269,2100.4869927771756
1270,2100.4912757660409
1271,2101.3463772169889
1272,2102.4677921905527
1273,2104.103903024848
1274,2105.7308236492167
1275,2108.5381373267392
1276,2108.5381373267428
1277,2108.5584183808837
1278,2108.8190170131938
1279,2110.2565429061056
1280,2110.6960811760064
1281,2110.7438178669586
1282,2114.1933579168708
1283,2114.3883411886186
1284,2115.0719062257854
1285,2116.4305788487718
1286,2117.9028866501221
1287,2118.3907222354046
1288,2120.5298567487102
1289,2121.8489395662882
1290,2124.3769782471772
1291,2125.5837001074751
1292,2125.6505359498487
1293,2126.965365908658
1294,2127.0130897305376
1295,2127.6430537512547
1296,2129.5535851951718
1297,2129.5535851951895
1298,2132.8158447605524
1299,2133.2369943158387
1300,2134.762021798424
1301,2138.0417464516481
1302,2138.0417464516727
1303,2138.4210766605729
1304,2139.7058869496705
1305,2139.7670917815703
1306,2146.2753374814479
1307,2146.2753374814606
1308,2146.6394342008448
1309,2146.693621133395
1310,2147.3577571248106
1311,2149.9676888021131
1312,2151.5668577595288
1313,2151.9075001497099
1314,2153.2651511555227
1315,2154.1305273710859
1316,2156.364172897725
1317,2156.4359416724606
1318,2160.6699097334481
1319,2162.6469285016442
1320,2163.4665131202419
1321,2164.6096455983379
1322,2165.8999418525837
1323,2167.1604582136106
1324,2167.9873786992548
1325,2170.8391423720077
1326,2174.2497992486497
1327,2177.2824613562266
1328,2177.8518795657187
1329,2178.0638574101058
1330,2179.1018962194808
1331,2179.8775121764861
1332,2180.1417123675196
1333,2180.5149809479117
1334,2181.4120149778519
1335,2181.6094096886104
1336,2186.7821633398216
1337,2186.9346659052794
1338,2186.934665905289
1339,2189.77767885511
1340,2189.8121932131771
1341,2189.8417820884774
1342,2190.1667682135685
1343,2194.651766569033
1344,2195.1081829276009
1345,2196.7622382618642
1346,2198.7154632861871
1347,2199.5048699667018
1348,2200.1616421358021
1349,2200.1616421358067
1350,2200.6212186048469
1351,2204.7907051287207
1352,2207.2473408405162
1353,2207.3762988612402
1354,2208.0179686652946
1355,2208.2884007915459
1356,2213.7059006751469
1357,2213.7468527790757
1358,2215.2622385963896
1359,2215.7443952405574
1360,2217.001126394227
1361,2217.0266076953581
1362,2221.3851453298944
1363,2222.9121459415464
1364,2224.9384828631746
1365,2229.4665660803857
1366,2231.2249396644443
1367,2231.2249396644597
1368,2231.6196402316527
1369,2231.9009703821921
1370,2233.4690970012175
1371,2233.4690970012275
1372,2236.2782948325971
1373,2240.2636251781191
1374,2242.2399135045971
1375,2243.0407703161159
1376,2244.7401107376359
1377,2246.964915049281
1378,2247.6494725161083
1379,2248.595867044753
1380,2249.4008294722489
1381,2250.6564505992155
1382,2250.9340140995978
1383,2250.9445994215907
1384,2253.9001757279084
1385,2253.9192594842871
1386,2254.7997585379612
1387,2254.7997585380008
1388,2255.1185461118243
1389,2256.474923457904
1390,2258.6456360617199
1391,2262.6174585287581
1392,2265.2377378535866
1393,2265.8688300067356
1394,2266.4154599874146
1395,2272.4425735753075
1396,2272.6145992116967
1397,2272.6439981235317
1398,2275.5550892074671
1399,2278.1169908499664
1400,2278.9637864494975
1401,2279.5427659256979
1402,2280.8473029483325
1403,2281.5113892452669
1404,2282.7025503391692
1405,2282.7025503391833
1406,2284.095068955357
1407,2284.7540411910345
1408,2285.9536466753143
1409,2285.9878944942993
1410,2287.2620573653339
1411,2291.5202918827722
1412,2291.6207357336657
1413,2296.2522710170897
1414,2297.2628452158547
1415,2298.5222611946042
1416,2301.6080796184688
1417,2302.2855741205799
1418,2304.7311104186133
1419,2307.4962761655802
1420,2308.5643474406243
1421,2311.2199910179115
1422,2311.9916503740656
1423,2312.8756900226726
1424,2313.1607495771982
1425,2313.5957567451132
1426,2314.4494064667761
1427,2315.5398287825255
1428,2317.9372086917965
1429,2318.9368606688272
1430,2321.1060697159346
1431,2321.4764580518154
1432,2321.8625844058847
1433,2321.8625844058961
1434,2322.2458046253896
1435,2322.6219055628667
1436,2323.1120929804224
1437,2323.1819134140337
1438,2325.1649621988945
1439,2325.7632431794004
1440,2326.7387642643821
1441,2327.8220703296952
1442,2328.2885946744359
1443,2329.6551879306849
1444,2333.3969270867765
1445,2333.9804876740445
1446,2337.6536642687388
1447,2338.8681027072325
1448,2339.6098756900938
1449,2340.1781968121491
1450,2340.789854570949
1451,2341.0580233079318
1452,2341.0580233079409
1453,2341.2318716808213
1454,2343.2766055707552
1455,2346.4100653383111
1456,2349.3495338708549
1457,2351.2202386654722
1458,2351.366193530806
1459,2351.3661935308141
1460,2352.5448166688416
1461,2352.805448314869
1462,2354.1552853361777
1463,2354.1552853361795
1464,2354.4765163743396
1465,2354.553798315872
1466,2357.0260569166271
1467,2357.5291273526632
1468,2363.6378157151958
1469,2364.1159644879694
1470,2364.579423397895
1471,2364.6704775535809
1472,2366.2870254878849
1473,2368.1007503507763
1474,2369.2111806720436
1475,2374.1216395162851
1476,2376.3417608722025
1477,2376.3417608722216
1478,2378.4200427510714
1479,2378.5045077655077
1480,2379.8567590600051
1481,2380.1481876372695
1482,2382.8336084281141
1483,2386.1235128577532
1484,2387.0162092317942
1485,2387.2812949241647
1486,2390.5415048530567
1487,2390.923132972905
1488,2392.9314324517159
1489,2393.229355339407
1490,2393.5562827788426
1491,2394.1256572368725
1492,2395.517988466434
1493,2395.5179884664581
1494,2396.4284645209959
1495,2399.0935147334444
1496,2399.6514701772412
1497,2400.2591129844582
1498,2400.2591129844723
1499,2400.7479999158777
1500,2405.4226479990521
1501,2405.8163682377399
1502,2406.2760762586572
1503,2406.9750451352907
1504,2409.1527433070714
1505,2409.9268822966537
1506,2410.2998106621553
1507,2416.5720923478093
1508,2417.7467009761276
1509,2417.9355812846752
1510,2419.5997899935642
1511,2421.2196665772653
1512,2421.3827684961684
1513,2422.1404832171534
1514,2423.2546445691592
1515,2425.7544894190914
1516,2426.2155326140978
1517,2426.648716298153
1518,2429.3809026856247
1519,2430.1774665905859
1520,2432.4974700450316
1521,2433.7068388424746
1522,2433.7068388425068
1523,2435.1804098496946
1524,2435.7600397123629
1525,2436.2203747288277
1526,2444.4572854623934
1527,2444.5412168758758
1528,2444.9735351139771
1529,2444.9735351139802
1530,2445.5609813724186
1531,2445.8884175214926
1532,2448.1025069199368
1533,2452.1435473008646
1534,2452.5982895494749
1535,2455.6946541456437
1536,2456.3825355852896
1537,2458.8425948989279
1538,2460.2626104243254
1539,2461.3938229437285
1540,2463.61735439411
1541,2463.7551316693184
1542,2464.1752115778868
1543,2464.5024394604702
1544,2466.9758247643813
1545,2468.1242056171109
1546,2468.1242056171368
1547,2468.2953167217506
1548,2471.5289982269305
1549,2472.1433306072722
1550,2473.1848201894918
1551,2473.9563090797888
1552,2479.226711121325
1553,2479.3195809355548
1554,2480.6310250794768
1555,2483.4282812188367
1556,2485.3408128327219
1557,2485.9928582562284
1558,2487.920393081808
1559,2488.3170861558201
1560,2489.9580398152302
1561,2490.5824981939199
1562,2490.5824981939377
1563,2492.0764188596904
1564,2492.9103723360245
1565,2493.0451018696153
1566,2494.3447664975024
1567,2495.8089287437028
1568,2495.9349250955547
1569,2497.1892383112777
1570,2498.0139421571307
1571,2499.3683582493009
1572,2501.7348716944343
1573,2502.4333572092519
1574,2508.5661518372176
1575,2508.9821616719914
1576,2510.9433836913081
1577,2513.6386859359791
1578,2513.8234738312221
1579,2516.8374394610018
1580,2519.4124805598972
1581,2520.0940751996172
1582,2520.6464006899851
1583,2521.8033635518759
1584,2523.8804884221468
1585,2525.1856364314108
1586,2525.3113027547661
1587,2525.9867231182025
1588,2527.825232624718
1589,2527.8618960426052
1590,2531.0362731206997
1591,2533.1067042941886
1592,2533.2413115499635
1593,2533.9693535017768
1594,2534.8118434038315
1595,2534.9558298626489
1596,2535.1870314850371
1597,2535.1870314850398
1598,2536.6069992122561
1599,2536.8761988209944
1600,2537.4200598575758
1601,2537.4302048248956
1602,2539.589007541721
1603,2542.3032403041993
1604,2544.7798171289528
1605,2544.8397279537371
1606,2545.4750595003638
1607,2546.3897905959325
1608,2547.1571131479586
1609,2549.5188047012834
1610,2551.5858197711382
1611,2552.1464340439688
1612,2552.5295235513304
1613,2552.9045394362579
1614,2554.3824703870923
1615,2554.3824703871351
1616,2555.0416426398588
1617,2559.4117723875024
1618,2559.7467994131762
1619,2560.276864862074
1620,2561.0596191601408
1621,2562.9058428892868
1622,2563.0719792780724
1623,2563.1158120233122
1624,2564.6906406099538
1625,2564.6906406099729
1626,2565.6597234489082
1627,2565.6597234489409
1628,2570.222480635673
1629,2571.6981072028584
1630,2571.6981072028589
1631,2572.1276426393151
1632,2575.553398554101
1633,2576.7157033179128
1634,2576.8024516037617
1635,2579.1331370843313
1636,2579.2955555102531
1637,2579.5097748729709
1638,2580.7927476258219
1639,2587.7705124562831
1640,2589.275863951174
1641,2591.4817151173702
1642,2592.1590951371045
1643,2592.758256111817
1644,2593.5161657974463
1645,2597.7631550611022
1646,2597.8863854664523
1647,2597.9998876444993
1648,2597.9998876445179
1649,2599.1232152064558
1650,2599.4334480304237
1651,2603.3582666461211
1652,2603.4841876784321
1653,2604.291281934698
1654,2604.6202250863953
1655,2605.8513351347183
1656,2606.1346353912936
1657,2606.5606236963781
1658,2607.5353105062054
1659,2610.4994866900324
1660,2613.2303510362835
1661,2613.3769937437264
1662,2613.5835600636069
1663,2613.5835600636201
1664,2616.7686089482772
1665,2617.1671208133225
1666,2618.1347396683618
1667,2621.3053782922802
1668,2621.6698425017503
1669,2622.0776518587418
1670,2622.5378593063797
1671,2624.8313248435456
1672,2629.1505175916786
1673,2630.9139408662927
1674,2631.5085020724432
1675,2632.6392728429164
1676,2633.6798556726426
1677,2634.4306273810475
1678,2634.4739303297479
1679,2634.4762885033156
1680,2637.3941336813791
1681,2638.4065033712209
1682,2639.3679379351033
1683,2639.9308834911249
1684,2641.5867866972458
1685,2641.5867866972458
1686,2643.5374815319497
1687,2644.6020973808122
1688,2645.5069117362659
1689,2646.8471663590526
1690,2648.4666024832368
1691,2651.4560409295709
1692,2656.4008270396503
1693,2657.1728161890865
1694,2658.0342704490959
1695,2658.2979821931367
1696,2658.2979821931444
1697,2658.4978826110309
1698,2660.5608655969963
1699,2664.0383062431633
1700,2664.2250681834798
1701,2665.2940318734663
1702,2666.9343083598937
1703,2669.6536272304511
1704,2674.8872723538702
1705,2675.6059893011611
1706,2676.5189100599969
1707,2676.5569062030304
1708,2676.801926603373
1709,2678.4371473128626
1710,2680.419896126471
1711,2680.7438016927094
1712,2681.0388243995867
1713,2681.448652696286
1714,2681.4486526963083
1715,2681.9721171600559
1716,2684.8913681857794
1717,2685.7981661393164
1718,2689.7069758040411
1719,2691.4578577058869
1720,2691.495835728068
1721,2691.9223015175994
1722,2692.2897527585055
1723,2695.5566896262426
1724,2696.535570660873
1725,2700.954259993418
1726,2700.9964349997526
1727,2702.0869363066677
1728,2702.086936306679
1729,2703.7113537764776
1730,2704.866707386298
1731,2704.8918996471198
1732,2705.2718741176286
1733,2705.6105277942306
1734,2705.8090779397426
1735,2707.9334751943838
1736,2708.3308918118983
1737,2708.8179360023
1738,2711.4630092823249
1739,2712.3147412323065
1740,2714.0885655870161
1741,2714.6888155049014
1742,2719.9675307202856
1743,2723.1321951871023
1744,2723.9776445690522
1745,2726.2643398616674
1746,2726.9852380943094
1747,2728.9453679760936
1748,2730.927906733787
1749,2731.5588609143306
1750,2732.1933424725544
1751,2734.3329818128814
1752,2735.5892864287835
1753,2736.709624379876
1754,2737.7990866821697
1755,2738.2902128863007
1756,2738.4040490974176
1757,2738.6186455840862
1758,2739.8388331303945
1759,2743.5640392564551
1760,2744.0072212456021
1761,2746.0508226041775
1762,2746.5202813602832
1763,2746.6914695977948
1764,2746.6914695978198
1765,2747.6592273059118
1766,2747.7558798823738
1767,2748.6602008315208
1768,2751.0889899666645
1769,2751.5541888256394
1770,2753.3154394733178
1771,2753.9422406852564
1772,2754.3265778649798
1773,2755.8355171158883
1774,2756.9001794951778
1775,2757.8149738036773
1776,2758.2621892199495
1777,2758.2621892199586
1778,2759.0156914590407
1779,2759.5071728528656
1780,2763.8850854784773
1781,2763.9897508209651
1782,2764.1381515350286
1783,2765.5806817561479
1784,2767.7069174662379
1785,2767.706917466242
1786,2767.8306898516748
1787,2770.0245912465703
1788,2771.4137533225371
1789,2772.6097880465595
1790,2774.1800063809019
1791,2774.1800063809023
1792,2774.9680562671842
1793,2775.6409898087368
1794,2776.1950787227247
1795,2776.1950787227252
1796,2778.9841705280746
1797,2778.9841705280883
1798,2782.8967830009647
1799,2783.518119032783
1800,2786.5920720693421
1801,2787.0028835039984
1802,2788.3659630987613
1803,2788.8608191289663
1804,2789.5721321805017
1805,2791.099251235094
1806,2791.5580249558975
1807,2792.1036464859844
1808,2792.4417242672439
1809,2796.5303478667993
1810,2802.1163317607038
1811,2803.1254109955853
1812,2804.1278872172852
1813,2804.9806754286751
1814,2805.8798354992509
1815,2805.8798354992555
1816,2807.3853009581835
1817,2808.7222829263824
1818,2809.6118038001919
1819,2809.9264669557192
1820,2811.5678486229322
1821,2813.8277331679619
1822,2814.3025551362293
1823,2815.2509473090495
1824,2816.3955873634418
1825,2816.606911779958
1826,2816.7449301033657
1827,2816.8116879459053
1828,2817.3256402067686
1829,2818.4353075067829
1830,2823.074840782836
1831,2824.4044609175617
1832,2825.0427552328633
1833,2825.0879981763524
1834,2825.087998176356
1835,2825.1256146094693
1836,2826.2036038439828
1837,2830.6430940566247
1838,2832.1109653257245
1839,2834.2410592709266
1840,2835.0862711246209
1841,2835.3291464997201
1842,2839.1920302831886
1843,2839.9549497674616
1844,2842.231190799308
1845,2842.7616448375661
1846,2843.2615986003243
1847,2844.5950339993269
1848,2844.6785541101622
1849,2845.4183942885065
1850,2845.6189929530965
1851,2846.147659769576
1852,2848.2418392179366
1853,2848.8700852291063
1854,2851.6292317822922
1855,2852.945089141313
1856,2853.0912248099949
1857,2853.0912248100121
1858,2854.1983262938315
1859,2855.2379720207232
1860,2856.040119402669
1861,2859.4460257108717
1862,2861.3318194114104
1863,2864.1981143729963
1864,2868.9291526988864
1865,2869.5493753653118
1866,2869.6207703016039
1867,2869.6760676674721
1868,2870.8255696924525
1869,2871.5172967822086
1870,2871.62242927227
1871,2871.6224292722932
1872,2874.3289561603397
1873,2876.6271093969344
1874,2877.0602547496455
1875,2878.3640097647913
1876,2880.4539481847728
1877,2884.9836251232341
1878,2885.1569364570078
1879,2885.8214133649044
1880,2886.4028948446562
1881,2887.8715827393839
1882,2890.9686252828196
1883,2891.5151059290074
1884,2891.5881296805674
1885,2892.4301154961845
1886,2892.9530908090464
1887,2892.9530908090633
1888,2894.5655985665635
1889,2894.9179202185023
1890,2897.0241027272118
1891,2897.4931228342648
1892,2900.4437375143875
1893,2902.9705568842664
1894,2903.0865229499364
1895,2903.5105253596835
1896,2906.414197821493
1897,2907.3615028846693
1898,2909.3037670279291
1899,2909.9322888496708
1900,2910.352479185899
1901,2911.8137083907764
1902,2914.451777719737
1903,2914.8358622938358
1904,2915.4113833858351
1905,2915.4113833858391
1906,2916.3519245125794
1907,2919.0567470396841
1908,2919.3802137988441
1909,2919.5996248131905
1910,2921.0847566981593
1911,2921.8177015142824
1912,2922.4977262238845
1913,2923.8801862613741
1914,2926.7247811277184
1915,2927.4880429660966
1916,2931.4221879458578
1917,2932.1553452611656
1918,2934.8390263796437
1919,2934.9095895241953
1920,2935.4404662186562
1921,2938.3972526249268
1922,2938.7717085790055
1923,2942.4800227623414
1924,2943.0804421509461
1925,2944.1052622486372
1926,2945.3795855322805
1927,2946.3280679531763
1928,2947.4538060787158
1929,2947.9846919139322
1930,2949.390404189267
1931,2949.515769720098
1932,2951.8802901720856
1933,2953.3508334032231
1934,2953.3933234991905
1935,2953.6185355505959
1936,2954.3937245119337
1937,2954.5714174525397
1938,2954.571417452541
1939,2955.7281796818165
1940,2957.1024235341893
1941,2957.8238141743655
1942,2957.9540322970679
1943,2958.5203381303877
1944,2960.7440883979789
1945,2960.7440883980116
1946,2961.700465700007
1947,2962.4142863060329
1948,2964.1634668600514
1949,2966.8966803874682
1950,2967.1057115239096
1951,2968.1103638773525
1952,2968.1674304644766
1953,2970.4847270175546
1954,2971.4650016206747
1955,2972.8305847514262
1956,2973.1712145334004
1957,2973.5102334779017
1958,2973.7119833865486
1959,2977.903384089504
1960,2979.2113555789974
1961,2979.2113555790065
1962,2979.4548708296225
1963,2980.9827320310806
1964,2982.0599542356426
1965,2982.0599542356504
1966,2982.7919106161339
1967,2984.0750265774791
1968,2984.0750265774914
1969,2986.1624173407363
1970,2987.4671693153423
1971,2988.1502482470187
1972,2988.8501534960583
1973,2992.3086176072466
1974,2992.3086176072729
1975,2993.8869142071485
1976,2995.3034345188294
1977,2995.636119099363
1978,2997.1124360237245
1979,2998.2075340370352
1980,2999.131256942414
1981,3000.8801802482085
1982,3002.8821231736583
1983,3004.0358900501315
1984,3004.3425845216398
1985,3005.2186222827281
1986,3011.4096876236472
1987,3012.0547921577468
1988,3013.0328152132201
1989,3014.9604701764206
1990,3015.5652029752428
1991,3015.7200601855848
1992,3016.9184029076268
1993,3017.3842736119941
1994,3017.3842736119964
1995,3019.6050913142685
1996,3019.7063080736061
1997,3020.7768157092892
1998,3022.1846584417772
1999,3022.3212510118178
2000,3022.8704256337405
2001,3023.6058044500701
2002,3025.2142471441143
2003,3025.5305303231949
2004,3026.8607814351349
2005,3027.0806314299871
2006,3028.3887087340049
2007,3031.743555218055
2008,3032.1241393216796
2009,3032.9679460310927
2010,3032.9679460311004
2011,3034.1381923856839
2012,3034.8703444016014
2013,3035.1843683672828
2014,3039.9733058142838
2015,3043.3965224473454
2016,3044.2430782579172
2017,3045.0290016801887
2018,3045.7373028008956
2019,3045.7612433721042
2020,3046.6812280846129
2021,3048.1353523247917
2022,3049.3284380961559
2023,3050.886766018687
2024,3051.1990309745147
2025,3052.1635663130469
2026,3053.8920200416655
2027,3055.1120225002046
2028,3055.9479828431399
2029,3057.0440176590987
2030,3059.2406255645938
2031,3060.4775969705092
2032,3060.8077198832893
2033,3063.6568932653386
2034,3063.8686686609026
2035,3065.518011844676
2036,3065.6955818333422
2037,3066.4156718891513
2038,3066.4156718891554
2039,3071.9475815257429
2040,3072.2849917348849
2041,3073.2697690961209
2042,3073.3267757563972
2043,3074.8138492700978
2044,3077.3317365414596
2045,3078.6095266102702
2046,3078.7979542771081
2047,3080.8935381962365
2048,3082.9939425282723
2049,3083.1268673850445
2050,3083.1268673850495
2051,3085.8146211486892
2052,3086.183744631724
2053,3086.8153052236225
2054,3088.6149030526153
2055,3089.8736401033402
2056,3090.3076704308628
2057,3090.3204193888882
2058,3091.0993330606248
2059,3092.3964308068244
2060,3096.0253441542282
2061,3097.5844896369722
2062,3098.0097261417877
2063,3098.2086396723548
2064,3100.833038663794
2065,3100.8330386638013
2066,3101.5097519076803
2067,3103.9476102819017
2068,3104.3210193809205
2069,3104.7011227520074
2070,3106.0134243936682
2071,3107.897280203525
2072,3108.5941522160324
2073,3111.6165878346396
2074,3111.9796340618691
2075,3112.7854935646101
2076,3114.0613052763083
2077,3114.6587921570749
2078,3118.1667270681755
2079,3118.8257704165712
2080,3119.1682781724371
2081,3119.7470859614082
2082,3122.3148846570989
2083,3125.4675205160479
2084,3126.4958100539448
2085,3127.6454746209383
2086,3128.7358304649829
2087,3128.7358304649842
2088,3128.7925921189558
2089,3129.9809942364191
2090,3131.0544793758672
2091,3131.3760516445172
2092,3132.3288498800198
2093,3133.1286704494059
2094,3133.1777449878887
2095,3133.4942098155502
2096,3138.6390622108661
2097,3141.8480630977988
2098,3143.2212499932907
2099,3143.6342609856897
2100,3145.5237505146119
2101,3146.7460277368841
2102,3148.1800647232926
2103,3149.5163528585103
2104,3149.9367498528627
2105,3150.8422022395694
2106,3151.1344110877039
2107,3152.2891961679125
2108,3152.8304303883524
2109,3154.3984817122778
2110,3154.6140860626911
2111,3154.8027242161425
2112,3156.1004347286321
2113,3156.1004347286475
2114,3157.0533166305531
2115,3157.0533166305845
2116,3157.3996772587066
2117,3158.2323184007591
2118,3158.9268871524127
2119,3160.771162084633
2120,3161.1583396641377
2121,3161.4078939567025
2122,3163.7285440298947
2123,3163.8196218562689
2124,3164.2358557350813
2125,3168.6240362527128
2126,3168.624036252736
2127,3169.2644212999307
2128,3170.6687764801363
2129,3170.9790649947408
2130,3172.6668243007452
2131,3174.7391217932427
2132,3175.4178003794623
2133,3176.9833003371873
2134,3177.3693753519819
2135,3177.9102269356822
2136,3178.452732138685
2137,3179.7052886510141
2138,3179.9245898139661
2139,3181.0480701959959
2140,3182.7418792669591
2141,3182.8742500310218
2142,3184.221356297207
2143,3186.4700528461149
2144,3186.5569257555003
2145,3186.556925755513
2146,3187.0913034337518
2147,3187.0913034337732
2148,3189.1571698391717
2149,3190.6365351896707
2150,3193.5643923483744
2151,3193.5643923484131
2152,3195.9005398570735
2153,3197.9842149926826
2154,3199.1795681130698
2155,3200.9611136412036
2156,3201.056327477555
2157,3202.9385566073888
2158,3203.3100147611885
2159,3203.8130557199879
2160,3203.8130557199993
2161,3204.0030016588794
2162,3204.2923068983782
2163,3208.471797237627
2164,3208.6563034360383
2165,3212.9406377475393
2166,3213.7300542248327
2167,3214.0628683100545
2168,3214.4367638534281
2169,3215.2356894213035
2170,3216.7595224889833
2171,3216.8916035699644
2172,3219.5153586548231
2173,3220.9739860269597
2174,3222.7319339914461
2175,3222.7804386549037
2176,3222.8458372264777
2177,3223.1978652995222
2178,3224.6782495135844
2179,3225.3129864187595
2180,3229.3604445983324
2181,3229.6337440214206
2182,3230.7087206911451
2183,3230.7087206911583
2184,3230.959561598941
2185,3231.0171099723029
2186,3232.3557486885065
2187,3232.9412088984236
2188,3234.7939552226067
2189,3235.4498452091088
2190,3235.4498452091448
2191,3237.4247634958447
2192,3238.1093301726191
2193,3239.2930766164359
2194,3240.8897382657983
2195,3242.8321215561436
2196,3243.2069241064728
2197,3243.6598523805114
2198,3245.286582752401
2199,3247.8378134415702
2200,3249.3505070646443
2201,3250.2835849849698
2202,3251.0478642881594
2203,3251.3122045735099
2204,3251.6959035172572
2205,3253.2916129683608
2206,3253.5374894256511
2207,3255.0909832488505
2208,3258.1310152563028
2209,3259.6002584268986
2210,3260.4850996751143
2211,3261.8704440205665
2212,3262.726279598452
2213,3263.302061150187
2214,3263.6036635968194
2215,3266.5027053270246
2216,3268.1319662038236
2217,3270.9224427696199
2218,3271.6900537806455
2219,3272.7914843914582
2220,3275.7423559598183
2221,3276.7189441997475
2222,3278.2048701108624
2223,3278.4409398136954
2224,3279.7401189683023
2225,3279.7401189683164
2226,3280.0663402234541
2227,3281.6055722206065
2228,3281.6189984655971
2229,3283.5537591127791
2230,3284.2594860859122
2231,3286.3918756241515
2232,3286.6905338442898
2233,3287.8568281468497
2234,3288.2461659882374
2235,3290.3488480620226
2236,3290.3884673612597
2237,3291.0068152397844
2238,3291.0068152397889
2239,3293.5077939715288
2240,3293.5497811229229
2241,3294.2674792707721
2242,3297.9972317374868
2243,3298.4753850079728
2244,3298.855401618468
2245,3299.8002154705737
2246,3300.4408546885429
2247,3301.4451029550419
2248,3303.2984293397722
2249,3303.3149378418248
2250,3303.314937841832
2251,3304.1512773607483
2252,3304.3288913293859
2253,3309.4976280809874
2254,3310.0739339952843
2255,3310.2332978161535
2256,3311.7880395948587
2257,3313.5124814798596
2258,3315.1574889033031
2259,3315.1957739028389
2260,3317.1600941056499
2261,3318.1568552346334
2262,3318.2880578176446
2263,3318.4531318427653
2264,3323.4797610428868
2265,3324.3549636841726
2266,3327.3252610317786
2267,3328.2348034328575
2268,3328.3349057688288
2269,3329.8989142545902
2270,3331.4245047902186
2271,3331.6632402749829
2272,3333.5107267133521
2273,3333.9263386117154
2274,3334.0167949387933
2275,3336.707518174389
2276,3338.2713883833553
2277,3339.8542131937443
2278,3340.2402685777429
2279,3340.2402685777474
2280,3342.1332566436495
2281,3342.7258505113132
2282,3344.9328107590177
2283,3345.1601693945504
2284,3346.6368475046738
2285,3346.75386898132
2286,3347.0844166364823
2287,3348.0274808127706
2288,3349.1792073301685
2289,3349.9813144887003
2290,3351.2047116160015
2291,3351.5625415700592
2292,3351.8313413529454
2293,3352.4096629612341
2294,3352.409662961255
2295,3353.9424284726815
2296,3355.4691549885356
2297,3356.4987106576905
2298,3356.6384259731058
2299,3357.4726200272339
2300,3358.1722883247198
2301,3358.5823339066878
2302,3359.4354825866099
2303,3361.1601184996262
2304,3361.9006988570013
2305,3363.2326725792027
2306,3363.4766102413741
2307,3363.5597674341989
2308,3363.9803825833897
2309,3363.9803825833919
2310,3364.3645630640622
2311,3367.9930581821695
2312,3369.0151982463735
2313,3369.7930384346969
2314,3371.7650011639216
2315,3372.694824335495
2316,3374.008805356937
2317,3375.2415395922831
2318,3376.4642595209452
2319,3377.9916905160203
2320,3378.1857439916362
2321,3378.9561198459814
2322,3379.6256346801224
2323,3380.1284743654883
2324,3380.1284743655028
2325,3381.6485042536847
2326,3381.9132720861526
2327,3381.9132720861821
2328,3385.5573624556387
2329,3385.7948028875994
2330,3388.0802097721726
2331,3389.4720934603556
2332,3389.5732026117885
2333,3389.5732026117948
2334,3391.1561042647882
2335,3391.4791184923529
2336,3392.5025677276572
2337,3394.9066255693683
2338,3397.7990814847071
2339,3398.3708614627985
2340,3399.3292041039235
2341,3403.6996050902776
2342,3403.6996467008134
2343,3406.8888394275345
2344,3406.8888394275609
2345,3407.1431866423709
2346,3407.5050149524236
2347,3407.6851195118825
2348,3409.2552314619165
2349,3409.6815918419961
2350,3411.0752093223209
2351,3411.693003574735
2352,3411.6930035747409
2353,3411.6937580012873
2354,3415.0099433560845
2355,3415.3996559662728
2356,3415.5578604627513
2357,3415.8664411908635
2358,3416.3385647740433
2359,3418.4045317861028
2360,3419.3570208115489
2361,3420.1415780250845
2362,3421.2701963424092
2363,3422.6278530802028
2364,3422.9027900097062
2365,3425.0748433288786
2366,3425.8709462491747
2367,3426.2993165716716
2368,3426.3900976715845
2369,3428.4791494084438
2370,3430.129693272585
2371,3430.8061915397911
2372,3430.8061915397966
2373,3430.9559679144363
2374,3434.0980389854908
2375,3435.2247004535293
2376,3436.7689385967128
2377,3440.0149745059616
2378,3440.6455047655581
2379,3442.1281411899736
2380,3442.8029363373903
2381,3443.9598412066889
2382,3444.0043735098884
2383,3444.0180935246772
2384,3444.0331677703125
2385,3444.0331677703152
2386,3444.2714413619415
2387,3447.2209440753545
2388,3448.1657251581992
2389,3449.3677905228924
2390,3450.3384259242821
2391,3450.442709265033
2392,3451.7010062721602
2393,3452.3355779390354
2394,3453.4840849086122
2395,3453.69467050105
2396,3455.3796164572072
2397,3456.6000567949109
2398,3457.904688833155
2399,3461.2447737034108
2400,3464.4197342351977
2401,3465.069387589097
2402,3465.203326620438
2403,3466.5851576224854
2404,3466.6141488975254
2405,3471.2185984706516
2406,3471.5213218278436
2407,3473.8459514210581
2408,3475.0031365464374
2409,3476.2916466050237
2410,3477.3041937167332
2411,3477.8861200444981
2412,3478.0818615812113
2413,3479.3414261713879
2414,3479.5578476343971
2415,3479.6924966100382
2416,3480.1464411616203
2417,3480.2569583045274
2418,3483.335839059645
2419,3485.2767276513118
2420,3486.12853187988
2421,3486.9570307869217
2422,3491.0967564053431
2423,3491.2445570810546
2424,3491.2445570810642
2425,3491.360763541772
2426,3491.4953659040493
2427,3492.2070903824815
2428,3492.5712790480638
2429,3492.7289091202115
2430,3493.3306843106802
2431,3493.4887144178242
2432,3493.488714417826
2433,3498.671284172488
2434,3498.6712841724898
2435,3499.5065339525704
2436,3500.6866523484155
2437,3501.3880568242243
2438,3503.807449911315
2439,3505.0547406598939
2440,3505.3719700892302
2441,3505.693323400073
2442,3506.0189661862255
2443,3507.060369027286
2444,3508.2962699351583
2445,3508.4322707560473
2446,3508.824360691553
2447,3510.1640346660201
2448,3510.1972574935353
2449,3510.5526601422584
2450,3514.618970017495
2451,3514.6984202890421
2452,3516.8501952424385
2453,3517.8041525114127
2454,3520.8212188982602
2455,3522.0585985188782
2456,3524.1018132791141
2457,3525.53488505517
2458,3527.2127967838792
2459,3529.3565396622498
2460,3529.9390312634873
2461,3533.0378204461549
2462,3533.2157230545608
2463,3533.5394646460895
2464,3534.6661125342221
2465,3535.266089300057
2466,3536.2282708308012
2467,3536.3216313363196
2468,3536.7697861607094
2469,3536.8966016286881
2470,3537.8162615046172
2471,3538.4216861885493
2472,3538.9737449783061
2473,3538.9737449783279
2474,3540.0656973166256
2475,3540.148374799061
2476,3541.5787809171793
2477,3542.8852451339376
2478,3542.9072194976916
2479,3545.5985270853439
2480,3546.927524908363
2481,3547.3536198433144
2482,3548.0530536709775
2483,3548.120216432495
2484,3548.1202164325005
2485,3548.3208565726045
2486,3548.8523636721634
2487,3550.280738430019
2488,3551.6997834505351
2489,3552.183873210543
2490,3555.1802695064707
2491,3555.2553851129669
2492,3555.9876937184954
2493,3556.0229151366457
2494,3557.2883865972321
2495,3557.482612292662
2496,3557.6978764134342
2497,3558.4960260672365
2498,3560.4895213035593
2499,3561.1477211405645
2500,3563.4507144035274
2501,3563.9411764573674
2502,3565.17308937092
2503,3566.462281761429
2504,3566.4622817614372
2505,3566.4652998249471
2506,3566.9310710713016
2507,3568.0594892620202
2508,3568.47735410327
2509,3568.477354103271
2510,3568.6991073400795
2511,3570.5242191229981
2512,3574.3433018489286
2513,3575.2502977610457
2514,3575.4848206961474
2515,3575.4848206961701
2516,3575.6328039641548
2517,3577.4738605225994
2518,3579.644403495925
2519,3580.5520324341514
2520,3581.5101926262587
2521,3583.3356902636219
2522,3584.9295489424535
2523,3584.929548942463
2524,3585.7342669271775
2525,3587.1630672680049
2526,3587.4605577672032
2527,3588.2687904887734
2528,3593.452921444652
2529,3593.4529214446534
2530,3593.8067120293495
2531,3595.3361309848165
2532,3596.8057002301666
2533,3598.4393104643873
2534,3598.5868637807198
2535,3599.6327223004059
2536,3600.4028219844545
2537,3600.6492554617444
2538,3600.6979961452043
2539,3602.2484417251112
2540,3602.5193776464894
2541,3603.6093091044154
2542,3604.7517918610183
2543,3605.9869310316071
2544,3607.8151499461146
2545,3608.5863954909369
2546,3611.2410966415682
2547,3613.3370683211306
2548,3614.174902752779
2549,3614.174902752794
2550,3615.6126110026662
2551,3615.9938405948619
2552,3616.8428878579903
2553,3617.0503623123964
2554,3617.3702735568759
2555,3617.3702735568904
2556,3618.2448441276742
2557,3620.2132865067088
2558,3620.2132865067147
2559,3620.273845800783
2560,3620.3992351921916
2561,3621.6786790879123
2562,3623.1357436223261
2563,3623.9141660792143
2564,3626.0588094194618
2565,3626.2743007438703
2566,3627.584849148614
2567,3627.6135811823942
2568,3628.2522257280184
2569,3628.6360474456114
2570,3628.6656463702552
2571,3629.2993474598734
2572,3633.0049877948591
2573,3634.4986979400251
2574,3635.8951261478614
2575,3637.3422952680316
2576,3638.2463789112353
2577,3639.0296293323231
2578,3641.1250545227531
2579,3641.4674687533588
2580,3642.2322637598554
2581,3642.8070356107642
2582,3645.5213641008359
2583,3646.6984765498528
2584,3647.6073918851303
2585,3652.8578635503304
2586,3653.6577326166644
2587,3653.8600052441107
2588,3654.2208501379055
2589,3655.035118295797
2590,3655.5376058830725
2591,3655.5376058830807
2592,3656.8065491388766
2593,3657.1299113906775
2594,3657.3500475018568
2595,3657.9391375642626
2596,3658.3951696559307
2597,3658.5626051137183
2598,3659.3549749781023
2599,3662.103155233794
2600,3662.2796133956422
2601,3662.3569795562262
2602,3663.1054192554566
2603,3664.1472603447355
2604,3664.6756143128405
2605,3668.7710243238221
2606,3669.3824160274362
2607,3673.113945965667
2608,3673.3376555456393
2609,3674.1939338602983
2610,3674.3268508052261
2611,3676.3635871470028
2612,3677.9746967334145
2613,3680.7188309915373
2614,3681.6764440276456
2615,3682.275727731701
2616,3682.7137142574434
2617,3683.0871666538173
2618,3684.3960740940674
2619,3685.1315416618068
2620,3685.166781695119
2621,3685.2353661895731
2622,3685.23536618958
2623,3686.7710766957539
2624,3687.0430830096898
2625,3687.0860519391749
2626,3688.2804765902524
2627,3688.8450607484801
2628,3688.8450607484974
2629,3691.5040730460887
2630,3692.477054270571
2631,3693.4044096182502
2632,3695.6837308117192
2633,3698.1730450197106
2634,3699.1245049358017
2635,3699.1245049358108
2636,3701.1724565047457
2637,3701.8879684687263
2638,3702.5888933552442
2639,3703.276636211237
2640,3705.8767741415759
2641,3706.7650015576278
2642,3707.2790278801267
2643,3707.8681632966818
2644,3707.9104966381933
2645,3708.0375546069345
2646,3710.0682703886191
2647,3710.2489247949411
2648,3711.007209690903
2649,3711.5796271402514
2650,3711.743772910906
2651,3712.4255953848601
2652,3712.6208219936047
2653,3714.6650983235063
2654,3715.1538637147055
2655,3715.153863714715
2656,3716.2013584794695
2657,3716.2349453150241
2658,3716.2435400037871
2659,3716.4257464608618
2660,3717.6648702711977
2661,3718.2554603084263
2662,3718.4309399671606
2663,3722.7161414815278
2664,3725.7202111684123
2665,3726.2088162090445
2666,3726.9091769873785
2667,3727.6935417879217
2668,3727.9176544907873
2669,3728.2967259917291
2670,3729.1093110505312
2671,3729.9470933715293
2672,3732.8019353366817
2673,3733.404336383293
2674,3733.9568619227857
2675,3734.6591808221756
2676,3737.248947690508
2677,3737.4150608179762
2678,3737.7523120320266
2679,3738.1118397271812
2680,3741.8855356916297
2681,3742.1545238201825
2682,3743.0610067116145
2683,3743.0755967860709
2684,3744.3081830204819
2685,3744.6574728396695
2686,3744.6574728396745
2687,3744.8110866697648
2688,3745.4667932712059
2689,3746.0243845107275
2690,3746.8989174645926
2691,3747.2264549124288
2692,3747.3719866058468
2693,3747.7029902508475
2694,3749.6917055266535
2695,3750.0532811819107
2696,3750.6021156105348
2697,3750.6021156105398
2698,3751.8877043780021
2699,3753.7750662328422
2700,3755.3241997891078
2701,3755.8982958676238
2702,3757.754238274088
2703,3757.8032814167173
2704,3758.2854611390198
2705,3761.5164787225958
2706,3762.3080836808849
2707,3762.5832466445577
2708,3763.4672936365346
2709,3763.521625361403
2710,3765.3481243658334
2711,3766.7152275625394
2712,3767.3754347254371
2713,3767.9610683827054
2714,3771.0920307391352
2715,3771.1071112674576
2716,3771.4936309595482
2717,3771.4936309595496
2718,3773.9153601513735
2719,3774.3422296161834
2720,3774.3929438364421
2721,3775.5043316398624
2722,3776.8871820873442
2723,3777.5151977944415
2724,3777.9667198741818
2725,3777.9667198741899
2726,3778.6062459810096
2727,3779.6896965156529
2728,3782.2884127913603
2729,3783.1557036397908
2730,3783.8356566306793
2731,3785.4043371393309
2732,3787.7156546209885
2733,3787.9708715235547
2734,3788.8092677753007
2735,3788.8092677753052
2736,3790.0487637309061
2737,3790.3668359894218
2738,3793.5503922932799
2739,3793.5503922932835
2740,3795.4881693999623
2741,3797.7266687188703
2742,3798.6223765313521
2743,3799.321927228797
2744,3800.5177926514862
2745,3801.0532037924736
2746,3801.9666892531413
2747,3802.6401481152607
2748,3804.0951736639822
2749,3804.2468855770253
2750,3805.449213162844
2751,3806.7773685238003
2752,3806.7773685238149
2753,3807.562723210986
2754,3807.7047916946076
2755,3807.8770329343947
2756,3809.5312490834408
2757,3809.5312490834426
2758,3810.9257407182299
2759,3811.8166006631136
2760,3811.8456398753924
2761,3812.4715337459052
2762,3813.1361268799542
2763,3815.0280945922786
2764,3816.6686546436658
2765,3817.3353133989176
2766,3818.2687653457342
2767,3818.7467122139597
2768,3819.8961344553486
2769,3822.2196898741058
2770,3822.8838518577222
2771,3823.9384780806522
2772,3824.607275563108
2773,3825.1026566795817
2774,3826.1840390081479
2775,3826.789902271978
2776,3828.6826878804304
2777,3831.7177246194551
2778,3831.7177246194665
2779,3831.7772586098718
2780,3832.0364617137329
2781,3834.313536948448
2782,3834.5749585719318
2783,3835.6109738456767
2784,3837.0204352049673
2785,3837.8536525383561
2786,3838.5920687126081
2787,3838.6953707623638
2788,3839.4417793154607
2789,3840.6353737271907
2790,3841.9651295335084
2791,3844.1027239080413
2792,3844.2305957830995
2793,3844.5988646540809
2794,3845.8283536735448
2795,3847.7245419924252
2796,3848.8389974769721
2797,3849.7809812028818
2798,3850.4089076544101
2799,3850.7541696466096
2800,3851.5871508249293
2801,3854.9829051058359
2802,3855.1756122804272
2803,3856.0956034932433
2804,3856.605664348956
2805,3856.8768359145115
2806,3857.1518645698598
2807,3859.359726673908
2808,3860.6934208961088
2809,3861.4154849259658
2810,3861.4154849259676
2811,3862.6300599264418
2812,3863.4175537378119
2813,3863.417553737821
2814,3865.3623546482786
2815,3865.4107909480263
2816,3868.1833515609037
2817,3869.7305776141116
2818,3869.9258172491227
2819,3870.939976176453
2820,3872.1128215810772
2821,3872.534020099386
2822,3872.8829057420794
2823,3873.9379142276944
2824,3874.4902699630638
2825,3874.7039270455803
2826,3875.4091427655781
2827,3875.4091427655871
2828,3875.4124239729344
2829,3876.708876693865
2830,3877.126650080404
2831,3877.3137015700413
2832,3878.1157041526258
2833,3879.446912516712
2834,3879.4469125167179
2835,3881.3259859305731
2836,3881.3795929461871
2837,3881.460508046845
2838,3883.3073065840031
2839,3884.0060839296611
2840,3884.761286328901
2841,3884.8820953945628
2842,3886.1016603525886
2843,3887.2530332964066
2844,3889.1558922091199
2845,3891.2011811072089
2846,3891.6023860634809
2847,3894.0217508684427
2848,3895.4395804485948
2849,3895.7592085780552
2850,3896.7252195240399
2851,3896.7759203835913
2852,3897.1143837738496
2853,3897.5814824428826
2854,3898.1623598525784
2855,3899.1694887160411
2856,3900.4129915787353
2857,3900.914105427154
2858,3901.6064041138557
2859,3901.6064041138666
2860,3901.9032348865489
2861,3902.146680588286
2862,3903.1171900058321
2863,3903.3852019413889
2864,3904.5953127061239
2865,3907.2882888905474
2866,3908.2593761212161
2867,3908.6367198897847
2868,3908.8396190885524
2869,3908.9505216416364
2870,3908.9505216416574
2871,3909.1592021905781
2872,3910.4190818269867
2873,3913.0600072877392
2874,3914.9369405832194
2875,3915.030803943449
2876,3916.5094091897122
2877,3917.5778179515464
2878,3917.8441153763133
2879,3918.2140649982625
2880,3918.8304951103573
2881,3920.0739597958664
2882,3920.759499893044
2883,3925.4325331434361
2884,3926.2424588636159
2885,3926.5202798984478
2886,3927.0544705588195
2887,3927.0852834050315
2888,3927.5812692852096
2889,3927.7392735081999
2890,3929.4504761959356
2891,3929.6455738372861
2892,3930.4719681033325
2893,3930.479265422096
2894,3931.4485314484664
2895,3931.4805351423897
2896,3932.1572123004876
2897,3935.3316640897865
2898,3935.8068784714892
2899,3935.8992262832767
2900,3938.2514687101893
2901,3939.7741362271795
2902,3940.3751570816589
2903,3941.2959757031294
2904,3942.0764884923547
2905,3942.1329163011028
2906,3944.0356039264184
2907,3944.9454910883092
2908,3945.0484507980973
2909,3945.9584619411908
2910,3945.9584619411971
2911,3947.2983114228259
2912,3947.6737496959249
2913,3947.6737496959358
2914,3949.0635181285948
2915,3951.3614249324714
2916,3953.661257340978
2917,3953.6921922794286
2918,3954.4933601219318
2919,3956.6614557796165
2920,3957.7043257677774
2921,3957.8434410952736
2922,3957.8434410952814
2923,3958.2705001111144
2924,3958.6356152300386
2925,3959.4602983914083
2926,3959.8088693571581
2927,3959.9140605807515
2928,3960.1998830647171
2929,3960.4701805422746
2930,3961.5864220076014
2931,3962.5890632232431
2932,3963.0781982632257
2933,3964.5987958136343
2934,3965.0955685326821
2935,3967.2916135776868
2936,3968.3970165201749
2937,3970.0434843930225
2938,3970.3229271594505
2939,3971.0466464213969
2940,3971.965931232854
2941,3974.4022786807723
2942,3974.7945946885029
2943,3980.0039867156961
2944,3980.6171099741423
2945,3981.2697273334743
2946,3981.7072909806711
2947,3981.8248416616766
2948,3982.290341680588
2949,3983.153998575086
2950,3983.1820158408314
2951,3985.8466677289325
2952,3985.846667728948
2953,3985.8644909319405
2954,3986.0042711555357
2955,3986.0416797069497
2956,3987.9806340916189
2957,3990.4659687775584
2958,3991.2320347601808
2959,3991.2499106813766
2960,3991.2911669533455
2961,3991.291166953346
2962,3992.3698796411572
2963,3993.9886025667047
2964,3995.5758116949801
2965,3996.0953311005237
2966,3996.0953311005378
2967,3997.5209956647846
2968,3999.7402007415621
2969,4000.3722210575188
2970,4002.133714854448
2971,4002.1337148544526
2972,4003.5890434512289
2973,4003.8196909344088
2974,4004.2994660678232
2975,4004.4295983203842
2976,4004.61036117818
2977,4004.8079810199165
2978,4006.6853807782163
2979,4006.9033620442792
2980,4008.4632150122206
2981,4009.4555874436533
2982,4011.8125914126035
2983,4012.1098241913746
2984,4013.0818578328972
2985,4014.7825033767276
2986,4016.2708738484448
2987,4017.0785598068792
2988,4017.5923642583875
2989,4018.2818066365435
2990,4018.2818066365598
2991,4018.7087585009344
2992,4020.885881356262
2993,4021.9428815622837
2994,4022.2521284270551
2995,4022.3592157970593
2996,4022.8096530901607
2997,4023.5218514832845
2998,4024.3085923310896
2999,4025.0762984039502
3000,4025.6174067926145
3001,4025.7085337279655
3002,4025.70853372797
3003,4026.0925056831338
3004,4026.8456218901888
3005,4027.6455259135796
3006,4028.6054279961809
3007,4029.2137098710223
3008,4029.6868981062989
3009,4030.451201020036
3010,4030.4512010200451
3011,4030.5288205153629
3012,4031.4537814155174
3013,4035.2440766492923
3014,4037.8150968187247
3015,4038.4636550993687
3016,4039.4127819851728
3017,4039.5976724741899
3018,4039.5976724742104
3019,4042.6222818239062
3020,4043.5974405450852
3021,4043.9603021869634
3022,4044.8249776383645
3023,4045.0896078551718
3024,4045.4590394826832
3025,4046.6131632408228
3026,4046.752105005723
3027,4047.8790987901007
3028,4048.007464328954
3029,4049.1977631142358
3030,4050.0618997515103
3031,4050.5681351467802
3032,4051.5680412685915
3033,4051.5892615019366
3034,4051.5892615019725
3035,4053.7532516715023
3036,4053.8041318886349
3037,4053.8488464253701
3038,4054.1755523404418
3039,4054.4205589521603
3040,4057.1837488934289
3041,4057.6265158807782
3042,4058.6101858993247
3043,4058.7950055929205
3044,4059.005048160946
3045,4059.8379577002142
3046,4059.9548101449736
3047,4059.9548101449827
3048,4060.5153216233825
3049,4062.8935416089394
3050,4063.327964498621
3051,4064.1628174154157
3052,4065.0470584125796
3053,4065.8994529158508
3054,4065.899452915854
3055,4068.0068389738944
3056,4070.3774772204533
3057,4070.8265889686713
3058,4071.4727700738849
3059,4072.0526737870041
3060,4072.4605495996298
3061,4073.8583933067607
3062,4076.111380473671
3063,4076.1772433123674
3064,4076.3863025340906
3065,4076.9408726183287
3066,4077.1368812080223
3067,4077.1877426954184
3068,4077.3279901080132
3069,4079.0300494635849
3070,4079.8926373669897
3071,4080.131190375806
3072,4081.2303659926765
3073,4081.9483232160228
3074,4083.9444232064297
3075,4084.6958417698379
3076,4084.9001630225266
3077,4086.3753463743797
3078,4087.5154582537375
3079,4089.6137155868178
3080,4090.8245824688452
3081,4091.1726168330506
3082,4091.6608745374665
3083,4093.4246416675278
3084,4093.693700734631
3085,4094.2428868923175
3086,4095.9709317506617
3087,4096.9627504445098
3088,4096.9627504445225
3089,4097.1399223159106
3090,4097.5370762031353
3091,4098.883657300611
3092,4100.7154129543451
3093,4101.2207752241557
3094,4101.4476321354359
3095,4104.1706969219204
3096,4105.4712078740722
3097,4105.6713390118657
3098,4106.3071016043268
3099,4106.8296786051242
3100,4107.3075174510905
3101,4108.2766705858503
3102,4108.8477295985795
3103,4108.8477295986086
3104,4108.9389302473783
3105,4109.474964581952
3106,4111.7496376398904
3107,4111.9667984979224
3108,4111.9667984979378
3109,4112.1481269026572
3110,4114.0889662855016
3111,4115.2324279516433
3112,4115.8652772537571
3113,4116.9555153413476
3114,4119.1926942167447
3115,4120.7805985128762
3116,4121.0158299992936
3117,4121.1554068980331
3118,4121.6484547394075
3119,4121.8691513099302
3120,4122.135667660028
3121,4122.8558523632892
3122,4122.9099119011689
3123,4123.4969477991863
3124,4125.2571470696566
3125,4125.5554602413449
3126,4126.640132374695
3127,4128.6392320851037
3128,4129.0983493212234
3129,4130.8892560967715
3130,4131.1245573648548
3131,4132.5225439582719
3132,4132.5225439582837
3133,4134.3576541170814
3134,4135.167953312488
3135,4135.5809723479551
3136,4136.6907591236104
3137,4137.3918457654863
3138,4138.3384694672732
3139,4138.4169970931307
3140,4139.4913140652234
3141,4140.3987749996722
3142,4140.7345560280673
3143,4142.6645301274639
3144,4144.1004014896698
3145,4144.2770540541014
3146,4146.3106919070415
3147,4146.6640434852479
3148,4146.7258877984068
3149,4147.3654200111132
3150,4148.9536061494819
3151,4150.5736916645501
3152,4150.9400412110763
3153,4151.6505985025951
3154,4152.2357057251011
3155,4152.4817460364866
3156,4152.6866932257453
3157,4152.9461027443876
3158,4154.2452546176664
3159,4156.0580632683404
3160,4156.7130811212919
3161,4156.7506545220394
3162,4157.1188459230552
3163,4158.1960323968724
3164,4162.1834287027123
3165,4162.5357821201433
3166,4163.0551068568648
3167,4163.2994053069087
3168,4163.3898022170497
3169,4163.956834696085
3170,4164.1025338646423
3171,4164.7971263205791
3172,4165.1987809711873
3173,4165.7552323886393
3174,4166.1281311945477
3175,4166.8784138777801
3176,4166.8784138777846
3177,4167.9365598503327
3178,4168.0751579883754
3179,4168.5361994347622
3180,4169.1352720523173
3181,4171.260631591922
3182,4171.7015730873936
3183,4171.9157193068531
3184,4172.1748396365756
3185,4172.2754498369213
3186,4172.275449836935
3187,4173.7969140915238
3188,4174.9723941159546
3189,4176.4280540554164
3190,4176.6715669170271
3191,4176.7128222312886
3192,4176.7128222312958
3193,4177.4324623714683
3194,4178.4395865515307
3195,4179.7982522907205
3196,4179.9171381729366
3197,4181.1587189121738
3198,4181.3685760683875
3199,4183.842510815236
3200,4184.2238036049494
3201,4184.6603578824206
3202,4184.9417443997381
3203,4184.9910415414788
3204,4187.6294463821114
3205,4187.9441069143741
3206,4188.368522453733
3207,4188.5257114127708
3208,4191.6528490771279
3209,4192.8387235996634
3210,4193.1266393409378
3211,4193.5250358363692
3212,4194.9845722597074
3213,4196.3820230027241
3214,4196.3820230027268
3215,4197.1872407316887
3216,4197.3452835827038
3217,4197.3511058416852
3218,4199.0288031091723
3219,4199.1711148080858
3220,4199.1711148080904
3221,4199.6164537864679
3222,4200.4681762489972
3223,4202.2820933387829
3224,4204.6156140324947
3225,4204.6156140324993
3226,4205.4655633509765
3227,4206.7852937849138
3228,4206.9423587841356
3229,4208.3843093040041
3230,4208.4355828308508
3231,4208.6062855148839
3232,4208.8618684881512
3233,4209.6168635398089
3234,4210.491906339651
3235,4211.527068724642
3236,4213.1282879163227
3237,4213.6381529672117
3238,4213.6381529672153
3239,4214.0486094990756
3240,4214.2141123138117
3241,4214.8592760923684
3242,4215.8823103039667
3243,4215.8823103039704
3244,4216.0360497729725
3245,4216.1455163888204
3246,4216.5601322184875
3247,4217.2389226546175
3248,4219.271501041093
3249,4221.1546818824227
3250,4223.5838748905817
3251,4224.3685831327975
3252,4224.9145529868665
3253,4225.2421253392386
3254,4226.1617544912997
3255,4226.1617544913133
3256,4228.4097904820701
3257,4228.789459886264
3258,4229.2904533360643
3259,4229.4337256652698
3260,4229.476876772279
3261,4232.669217440246
3262,4233.4613956768508
3263,4234.6510787765428
3264,4234.948538602931
3265,4236.1846159679908
3266,4236.5502899345174
3267,4237.0106033949914
3268,4237.1740951809707
3269,4238.8234702675354
3270,4239.0486709747811
3271,4239.120171028083
3272,4241.1215471662026
3273,4241.4316904301495
3274,4241.7705662612052
3275,4242.0795716522489
3276,4242.0795716522571
3277,4242.206630191662
3278,4242.6343207924419
3279,4244.677609184293
3280,4245.2749424563535
3281,4245.2749424563553
3282,4247.2767377362161
3283,4247.495515683142
3284,4247.8693529267985
3285,4247.9347288482395
3286,4248.8417838111363
3287,4249.1591350094059
3288,4251.5357665496222
3289,4257.0964390094559
3290,4258.2392633185127
3291,4258.5815748341138
3292,4258.9225035562768
3293,4259.5534347172379
3294,4259.77972650626
3295,4260.964505693948
3296,4261.2557992465154
3297,4261.2557992465181
3298,4261.2849785604622
3299,4261.8111553986691
3300,4262.9710870012568
3301,4262.9710870012696
3302,4263.2492878781359
3303,4263.7634083810653
3304,4264.3981424239455
3305,4265.2819226798283
3306,4265.3515101864596
3307,4265.774939951717
3308,4266.2010066659486
3309,4266.7870624565976
3310,4267.4406514274788
3311,4267.5480505097521
3312,4270.5921824716988
3313,4270.7514442869815
3314,4271.7061683397314
3315,4273.1805543199562
3316,4274.3952625144111
3317,4275.3525920943548
3318,4275.5679160729069
3319,4276.6709725996425
3320,4278.9460841067976
3321,4279.6253129327897
3322,4280.2134236441298
3323,4280.8256470443539
3324,4281.2912828614617
3325,4281.4652672036846
3326,4281.5757576696096
3327,4282.1175639762869
3328,4282.9665339883613
3329,4283.1001353622878
3330,4283.5268324616009
3331,4283.526832461609
3332,4283.5456563379803
3333,4286.2955096450069
3334,4286.3312524597495
3335,4287.1698927287762
3336,4287.4768765411873
3337,4287.5646022127439
3338,4287.5646022127521
3339,4287.9373973481306
3340,4288.4609715180677
3341,4288.9952995013191
3342,4290.1916159514285
3343,4290.8874797582339
3344,4292.131001371652
3345,4292.2014538436752
3346,4292.6651575386077
3347,4293.252492017331
3348,4293.5625054989086
3349,4294.0370690227755
3350,4294.3049592574371
3351,4296.5684928193741
3352,4297.2745064463288
3353,4298.1637174914522
3354,4299.7593201116633
3355,4300.5651104785611
3356,4301.246209419498
3357,4301.4945952597518
3358,4301.5791964135433
3359,4303.4774233840772
3360,4304.0364749721821
3361,4305.1248037946816
3362,4305.6317297208407
3363,4307.0835445505272
3364,4307.8317468279765
3365,4308.6131506448291
3366,4308.685162973813
3367,4308.7026626946736
3368,4308.7026626946836
3369,4309.1715434372463
3370,4311.1673082519728
3371,4311.4583925239131
3372,4312.4861589445154
3373,4313.1400350890362
3374,4313.1400350890399
3375,4313.5510458750123
3376,4315.8407247937685
3377,4316.8060571081533
3378,4317.0682113376834
3379,4317.0682113376906
3380,4318.5422069017477
3381,4318.8444738427479
3382,4319.892858537245
3383,4320.1589003782101
3384,4320.3585392384421
3385,4321.5397525710296
3386,4321.8387334488534
3387,4322.7429552057138
3388,4323.0877185789532
3389,4323.219901573887
3390,4323.2951126863991
3391,4323.5991553255762
3392,4324.5911179077075
3393,4324.8532199552146
3394,4325.5738583143575
3395,4326.6985202629539
3396,4327.0447426095798
3397,4329.1471433215947
3398,4329.5231998275049
3399,4332.1320600450472
3400,4332.1643259754737
3401,4332.7967116435575
3402,4333.3284198479305
3403,4333.9678374798596
3404,4335.1166723843708
3405,4335.4854630219979
3406,4335.5019938573441
3407,4336.1007137313609
3408,4336.5684986389178
3409,4336.5684986389269
3410,4337.0738470797642
3411,4338.4226633337103
3412,4338.9978350772935
3413,4339.797447261215
3414,4340.6249661559559
3415,4341.6700074924411
3416,4343.7268212000836
3417,4345.752920565611
3418,4346.1243268709068
3419,4347.5322534742927
3420,4348.2907027622623
3421,4349.0601170147547
3422,4349.8367478928831
3423,4350.6493433743362
3424,4350.719459038075
3425,4351.7207132024841
3426,4351.8519751075219
3427,4352.1939283131005
3428,4352.6834287449255
3429,4354.0160583669167
3430,4355.057780806781
3431,4355.0617308249675
3432,4355.4487118775642
3433,4355.6834922343014
3434,4355.9139149922848
3435,4356.3397345393578
3436,4356.6052698148633
3437,4357.8741577174715
3438,4357.9620709299425
3439,4358.3146874801978
3440,4358.9963965426168
3441,4359.9465819775096
3442,4360.2441796222893
3443,4361.3051892123003
3444,4362.359573419194
3445,4362.760145867649
3446,4363.0900655239757
3447,4363.9191686486829
3448,4365.9611307913092
3449,4365.961130791311
3450,4366.120609598167
3451,4366.8865988072948
3452,4366.8865988072967
3453,4367.145503747096
3454,4370.5640008875989
3455,4371.6946146987775
3456,4372.6235834399595
3457,4372.7341264427178
3458,4373.4689099057687
3459,4374.4598168246748
3460,4376.3242182940012
3461,4376.9909431188535
3462,4377.1191721935957
3463,4377.3444073732499
3464,4378.9526165591733
3465,4379.8279391179931
3466,4380.2384133980258
3467,4380.5836060435176
3468,4380.9308250646163
3469,4380.944657239409
3470,4382.2558080712643
3471,4382.3833936311976
3472,4382.5579149300447
3473,4383.3451464382997
3474,4384.4163221863873
3475,4384.5005726470099
3476,4385.3220291438192
3477,4385.9841377227231
3478,4387.3762634133091
3479,4387.5723472913451
3480,4387.7349374894184
3481,4387.9484775849614
3482,4389.2875521684164
3483,4389.9293504540101
3484,4390.0903148291454
3485,4390.8243479545072
3486,4391.4801140187801
3487,4391.4801140187838
3488,4391.8805513328653
3489,4392.0828032213049
3490,4393.0662808447896
3491,4393.977823640741
3492,4394.2704666160662
3493,4394.4646998710205
3494,4394.5727191427559
3495,4394.7855420271981
3496,4397.5699937440359
3497,4398.0929669920915
3498,4398.1186421135899
3499,4399.3982998590054
3500,4399.3982998590109
3501,4399.795296061875
3502,4399.8331939017926
3503,4401.7702806359912
3504,4402.0678206168668
3505,4402.255700329606
3506,4402.2806126173646
3507,4403.6561849939981
3508,4404.7628753995696
3509,4405.0563651935154
3510,4405.3092887506518
3511,4406.1483808267512
3512,4408.5192721108679
3513,4409.0093070601206
3514,4409.6453285407442
3515,4410.6755529208331
3516,4410.6755529208458
3517,4410.9752157610583
3518,4411.8602856412554
3519,4412.1484170757294
3520,4412.4955618872245
3521,4412.49556188724
3522,4413.161976632784
3523,4413.9020606662889
3524,4414.0481128054416
3525,4414.9954730811687
3526,4416.1200521452556
3527,4416.1200521452656
3528,4417.2306372477269
3529,4417.7786646986651
3530,4417.8569957866366
3531,4419.6101228832667
3532,4420.9837231437168
3533,4420.9837231437341
3534,4421.5181008219542
3535,4421.518100821957
3536,4421.5709702194281
3537,4421.8053046550649
3538,4421.9244546967338
3539,4422.0723724163672
3540,4424.1150725623229
3541,4424.699546424752
3542,4426.3331407315854
3543,4428.4417523022175
3544,4428.6436536693273
3545,4428.6436536693482
3546,4430.0765062847304
3547,4430.7404878306852
3548,4431.8782735322493
3549,4433.8262234239892
3550,4433.8262234239974
3551,4434.1408974061387
3552,4434.5570919385436
3553,4434.562475001153
3554,4434.6355744368939
3555,4435.5793964785253
3556,4436.8126968156957
3557,4436.8654159188345
3558,4437.4359179829089
3559,4437.4359179829125
3560,4437.6301369435705
3561,4438.1475818279951
3562,4439.730040744389
3563,4440.1779408751509
3564,4441.5749228099257
3565,4441.6944833471089
3566,4443.4643588268264
3567,4443.7904668766096
3568,4444.0398623508063
3569,4446.5303867010998
3570,4446.6777536481723
3571,4447.3208723287198
3572,4447.8198812636037
3573,4447.8198812636056
3574,4448.0545156849403
3575,4449.3471533538577
3576,4449.5738907138521
3577,4449.7117924439081
3578,4449.8459509665654
3579,4450.5386797800984
3580,4450.8842191587391
3581,4451.5396379220047
3582,4451.7285218327497
3583,4451.8012441561696
3584,4452.8383078457164
3585,4453.1773289741486
3586,4453.4092186217113
3587,4456.069311826217
3588,4456.3464635151622
3589,4456.3493094383066
3590,4456.6339536468558
3591,4456.70224879738
3592,4457.5258163889848
3593,4459.3212536282153
3594,4459.7069511979898
3595,4459.7069511980053
3596,4463.9851878101472
3597,4464.5016307245451
3598,4465.5737561956921
3599,4466.0730695254388
3600,4466.4616416742074
3601,4469.4989665209268
3602,4469.8766425973381
3603,4469.8766425973481
3604,4470.0392604957087
3605,4470.0482260023109
3606,4470.2995065804153
3607,4470.3445880952995
3608,4471.8449491019792
3609,4471.9124897695656
3610,4472.3135841718376
3611,4472.4709074371003
3612,4472.7790019734539
3613,4472.9957114966728
3614,4472.9957114966746
3615,4473.3249073839042
3616,4473.3772541156086
3617,4473.8012299854254
3618,4474.3656216944019
3619,4475.0011608205441
3620,4475.0982019991607
3621,4475.8168377400443
3622,4475.9087966942343
3623,4476.8774624951784
3624,4477.058333221974
3625,4477.7383787887466
3626,4477.7383787887493
3627,4477.9689564874097
3628,4477.9833869658405
3629,4479.1665505175561
3630,4479.808554492819
3631,4480.1846019595823
3632,4480.9729255415205
3633,4481.1946697980857
3634,4482.0967311543109
3635,4483.3235574388391
3636,4483.7422804122307
3637,4484.8432755803997
3638,4485.4977704542325
3639,4486.3453933377577
3640,4487.5727871422441
3641,4487.5727871422478
3642,4488.8280848595805
3643,4488.8892313937913
3644,4489.219555411486
3645,4490.0552473275529
3646,4490.159118803298
3647,4491.6680410742356
3648,4491.9784075456828
3649,4492.0366605706677
3650,4492.8536416209445
3651,4494.0871540893004
3652,4494.1238204751617
3653,4496.2076561412705
3654,4497.665811046385
3655,4497.8201628229153
3656,4497.9824108570529
3657,4498.3765079136374
3658,4499.4003276512303
3659,4500.6463607334299
3660,4501.7910059363439
3661,4501.885011859541
3662,4501.9625200465771
3663,4502.271992709052
3664,4502.3332644633774
3665,4502.5007806911017
3666,4502.7540100306805
3667,4503.3138116650407
3668,4503.3138116650471
3669,4503.7709237296185
3670,4503.8908870516043
3671,4504.2266482182094
3672,4504.8230601259847
3673,4504.9348455242634
3674,4506.4880171563354
3675,4506.8547719894914
3676,4507.2419879136833
3677,4507.2419879136878
3678,4507.6930299178111
3679,4508.0325381915563
3680,4508.893684373762
3681,4509.2854158989649
3682,4509.3471710164695
3683,4510.2691370026869
3684,4512.4051841775008
3685,4513.7494636885876
3686,4514.3811975959779
3687,4514.5607147273822
3688,4515.5658847057111
3689,4515.8904900747984
3690,4517.5582541964295
3691,4517.9997493472047
3692,4519.4281785216717
3693,4519.5892727909413
3694,4520.0844881939584
3695,4520.0844881939638
3696,4520.4239523385868
3697,4521.0835207806949
3698,4521.2122155502739
3699,4521.79864350758
3700,4522.4729127403407
3701,4522.5280599985699
3702,4523.9468554168589
3703,4524.3922963812574
3704,4524.5860496892274
3705,4526.4840461192071
3706,4527.4412171119984
3707,4527.6033249375805
3708,4529.1037171699072
3709,4529.1961887234356
3710,4529.6377118305245
3711,4530.7964299761397
3712,4530.9608186961241
3713,4532.3254276802827
3714,4532.7827682353991
3715,4532.8292599107017
3716,4533.0920984760787
3717,4533.4169275891545
3718,4533.9458912186547
3719,4534.2408854869136
3720,4534.2450279603081
3721,4534.7032270383525
3722,4535.3503861213421
3723,4535.8356090387588
3724,4537.4058042525821
3725,4537.7417352300326
3726,4537.7417352300345
3727,4538.094585224846
3728,4538.120856616536
3729,4538.6006549723552
3730,4539.4775995448927
3731,4539.5623648268165
3732,4540.3850796478127
3733,4540.5031985171627
3734,4540.5628626252064
3735,4541.074382218796
3736,4541.6520696336356
3737,4541.7865196014645
3738,4542.0660900649282
3739,4543.0641261470419
3740,4543.0999181361394
3741,4543.36945116281
3742,4544.0987444629882
3743,4544.5189524107382
3744,4544.7757950809691
3745,4545.6034714214384
3746,4545.6034714214384
3747,4545.6509459616555
3748,4546.0544065577442
3749,4548.1604599780685
3750,4549.573597495556
3751,4549.6463089890258
3752,4551.1077604368174
3753,4551.6595201587261
3754,4552.9550147035397
3755,4552.9828540665512
3756,4553.6697062131971
3757,4554.118213533503
3758,4554.4412099587762
3759,4555.4977734166432
3760,4555.6856426220666
3761,4556.0745714602299
3762,4556.1349073673045
3763,4556.13490736731
3764,4556.2870337659178
3765,4556.4315057252725
3766,4558.9701126523541
3767,4559.4841031492597
3768,4560.9727479702715
3769,4561.1190346215199
3770,4561.3889195658576
3771,4562.6777541895099
3772,4562.9726178354786
3773,4563.2041794696424
3774,4563.2503999911632
3775,4563.4862552671311
3776,4563.6859939887263
3777,4564.2693527662013
3778,4564.4115029049726
3779,4564.7111549940118
3780,4564.7835918890887
3781,4565.0319790867925
3782,4565.1518826473002
3783,4565.3150413658695
3784,4566.1695165225801
3785,4566.8846229266037
3786,4567.0001283157017
3787,4567.2955976882222
3788,4567.7372686846347
3789,4567.8502430934705
3790,4568.0192974242236
3791,4569.6573036726086
3792,4570.0256393823347
3793,4570.419297242297
3794,4571.4081657546712
3795,4572.6934733289399
3796,4573.5697808011091
3797,4573.9221093644937
3798,4573.9586854453974
3799,4574.524007701827
3800,4575.1070805463742
3801,4575.1070805463814
3802,4576.1957622872624
3803,4576.8939896477032
3804,4577.8881073745315
3805,4577.9584355488505
3806,4577.9870414262687
3807,4578.5324955709584
3808,4578.7251415568935
3809,4578.7920858861362
3810,4580.0920958870183
3811,4580.6262712501248
3812,4580.8768148358904
3813,4580.9517222964114
3814,4582.0159447550222
3815,4583.6489002724002
3816,4584.8398955246548
3817,4585.1522328707706
3818,4585.3203708186038
3819,4585.7535965599263
3820,4585.9970442105459
3821,4587.5983010651344
3822,4588.201331505511
3823,4588.2811162829485
3824,4588.6710049584099
3825,4588.7998482701105
3826,4590.0417982809813
3827,4590.4229376318726
3828,4590.9834597466888
3829,4591.7331681776805
3830,4591.7699238163977
3831,4592.2035891067408
3832,4592.2049709856665
3833,4593.5996134630668
3834,4593.5998990452408
3835,4593.7742011738073
3836,4594.0364643423882
3837,4594.0479766752833
3838,4594.2834286844645
3839,4594.4312941288581
3840,4594.4939488111759
3841,4594.4963908750487
3842,4594.4963908750588
3843,4594.7392565486498
3844,4595.3522599470762
3845,4595.6084277872706
3846,4595.8901952972074
3847,4596.2043190694094
3848,4596.5434228676813
3849,4597.6751964711602
3850,4597.8201115281781
3851,4598.0158627387009
3852,4598.2092899963491
3853,4598.5495242747365
3854,4598.934748629239
3855,4600.1524726992056
3856,4600.5923668527475
3857,4601.1371143506403
3858,4601.3232848350053
3859,4601.5148242049536
3860,4601.7654352473637
3861,4601.9689269253449
3862,4603.495044758627
3863,4603.6224719603561
3864,4603.7694677113977
3865,4603.792450750595
3866,4604.0338346950557
3867,4604.9911121171644
3868,4606.1715893409337
3869,4606.231130650679
3870,4606.8055449023859
3871,4607.0658663978465
3872,4607.8086217343889
3873,4608.1049178463691
3874,4608.4438561056286
3875,4608.6988394884902
3876,4610.2057107186929
3877,4610.5140109791701
3878,4610.8952017108904
3879,4612.2887033440566
3880,4612.3811242789534
3881,4612.9425140376816
3882,4613.1779206295942
3883,4614.5722702545308
3884,4615.9122479350726
3885,4615.9737923484672
3886,4616.4995321422648
3887,4616.6172687746712
3888,4616.6783324857679
3889,4616.7220376601399
3890,4618.5995581448133
3891,4618.8899543529305
3892,4619.302869556027
3893,4620.702441800122
3894,4620.9744638125421
3895,4623.9999999999754
3896,4623.9999999999791
3897,4623.9999999999827
3898,4623.9999999999827
3899,4623.9999999999854
3900,4623.9999999999873
3901,4623.9999999999891
3902,4623.99999999999
3903,4623.9999999999918
3904,4623.9999999999918
3905,4623.9999999999927
3906,4623.9999999999936
3907,4623.9999999999955
3908,4623.9999999999955
3909,4623.9999999999964
3910,4623.9999999999973
3911,4623.9999999999982
3912,4623.9999999999991
3913,4624.0000000000009
3914,4624.0000000000018
3915,4624.0000000000027
3916,4624.0000000000036
3917,4624.0000000000036
3918,4624.0000000000045
3919,4624.0000000000073
3920,4624.0000000000082
3921,4624.00000000001
3922,4624.0000000000118
3923,4624.0000000000136
3924,4624.0000000000136
3925,4624.0000000000136
3926,4624.0000000000173
3927,4624.0000000000191
3928,4627.0255361874615
3929,4627.2975581998726
3930,4628.6971304439512
3931,4629.1100456470494
3932,4629.4004418551767
3933,4631.2779623398565
3934,4631.3216675142139
3935,4631.3827312253261
3936,4631.5004678577343
3937,4632.0262076515182
3938,4632.0877520649237
3939,4633.4277297454692
3940,4634.8220793703831
3941,4635.0574859623157
3942,4635.618875721033
3943,4635.7112966559307
3944,4637.1047982891068
3945,4637.4859890208172
3946,4637.7942892812989
3947,4639.3011605115043
3948,4639.5561438943605
3949,4639.8950821536264
3950,4640.1913782655984
3951,4640.934133602148
3952,4641.1944550975986
3953,4641.7688693493146
3954,4641.8284106590663
3955,4643.0088878828328
3956,4643.9661653049361
3957,4644.2075492494023
3958,4644.230532288595
3959,4644.3775280396312
3960,4644.5049552413593
3961,4646.0310730746451
3962,4646.2345647526317
3963,4646.4851757950391
3964,4646.6767151649847
3965,4646.8628856493497
3966,4647.4076331472424
3967,4647.8475273007907
3968,4649.0652513707546
3969,4649.4504757252607
3970,4649.7907100036491
3971,4649.9841372612873
3972,4650.179888471811
3973,4650.3248035288298
3974,4651.456577132315
3975,4651.7956809305888
3976,4652.1098047027917
3977,4652.3915722127267
3978,4652.6477400529193
3979,4653.2607434513475
3980,4653.5036091249367
3981,4653.5036091249394
3982,4653.5060511888196
3983,4653.5687058711419
3984,4653.71657131553
3985,4653.9520233247076
3986,4653.9635356576191
3987,4654.2257988261899
3988,4654.400100954761
3989,4654.4003865369341
3990,4655.7950290143317
3991,4655.7964108932556
3992,4656.2300761835977
3993,4656.266831822325
3994,4657.0165402533066
3995,4657.5770623681228
3996,4657.9582017190078
3997,4659.2001517298922
3998,4659.3289950415938
3999,4659.7188837170379
4000,4659.798668494479
4001,4660.4016989348502
4002,4662.0029557894495
4003,4662.2464034400746
4004,4662.6796291813835
4005,4662.8477671292148
4006,4663.1601044753425
4007,4664.3510997275971
4008,4665.9840552449714
4009,4667.0482777035886
4010,4667.1231851641105
4011,4667.3737287498689
4012,4667.9079041129798
4013,4669.2079141138629
4014,4669.2748584431047
4015,4669.467504429037
4016,4670.012958573725
4017,4670.0415644511459
4018,4670.1118926254621
4019,4671.1060103522941
4020,4671.8042377127349
4021,4672.892919453624
4022,4672.8929194536277
4023,4673.4759922981693
4024,4674.0413145546008
4025,4674.0778906355008
4026,4674.4302191988863
4027,4675.3065266710528
4028,4676.5918342453215
4029,4677.5807027577002
4030,4677.9743606176598
4031,4678.3426963273932
4032,4679.98070257577
4033,4680.1497569065223
4034,4680.2627313153598
4035,4680.7044023117742
4036,4680.9998716842929
4037,4681.1153770733881
4038,4681.8304834774153
4039,4682.684958634125
4040,4682.8481173526989
4041,4682.9680209131993
4042,4683.2164081109031
4043,4683.2888450059827
4044,4683.5884970950237
4045,4683.7306472337987
4046,4684.3140060112692
4047,4684.5137447328643
4048,4684.7496000088395
4049,4684.7958205303539
4050,4685.0273821645133
4051,4685.3222458104847
4052,4686.6110804341388
4053,4686.8809653784774
4054,4687.0272520297167
4055,4688.5158968507412
4056,4689.0298873476486
4057,4691.568494274723
4058,4691.7129662340749
4059,4691.8650926326854
4060,4691.8650926326918
4061,4691.9254285397683
4062,4692.3143573779253
4063,4692.502226583355
4064,4693.5587900412274
4065,4693.8817864664925
4066,4694.3302937868029
4067,4695.0171459334479
4068,4695.0449852964603
4069,4696.3404798412685
4070,4696.8922395631735
4071,4698.353691010976
4072,4698.4264025044331
4073,4699.8395400219333
4074,4701.9455934422494
4075,4702.3490540383391
4076,4702.3965285785607
4077,4702.3965285785662
4078,4703.2242049190263
4079,4703.4810475892527
4080,4703.9012555370045
4081,4704.6305488371891
4082,4704.900081863856
4083,4704.935873852959
4084,4705.9339099350709
4085,4706.2134803985264
4086,4706.3479303663626
4087,4706.9256177812003
4088,4707.4371373747908
4089,4707.4968014828328
4090,4707.6149203521809
4091,4708.4376351731789
4092,4708.522400455101
4093,4709.3993450276403
4094,4709.8791433834604
4095,4709.9054147751531
4096,4710.2582647699646
4097,4710.2582647699655
4098,4710.5941957474161
4099,4712.164390961243
4100,4712.6496138786533
4101,4713.2967729616385
4102,4713.7549720396873
4103,4713.7591145130746
4104,4714.0541087813417
4105,4714.5830724108428
4106,4714.9079015239149
4107,4715.1707400892965
4108,4715.2172317646027
4109,4715.6745723197218
4110,4717.0391813038677
4111,4717.2035700238575
4112,4718.3622881694646
4113,4718.8038112765571
4114,4718.8962828300873
4115,4720.3966750624186
4116,4720.5587828879998
4117,4721.5159538807902
4118,4723.413950310769
4119,4723.6077036187353
4120,4724.0531445831357
4121,4725.4719400014319
4122,4725.5270872596593
4123,4726.2013564924155
4124,4726.787784449728
4125,4726.916479219306
4126,4727.5760476614132
4127,4727.9155118060244
4128,4727.9155118060344
4129,4728.4107272090541
4130,4728.571821478321
4131,4730.0002506527953
4132,4730.4417458035614
4133,4732.1095099252088
4134,4732.4341152942852
4135,4733.439285272616
4136,4733.6188024040239
4137,4734.2505363114142
4138,4735.5948158225083
4139,4737.7308629973022
4140,4738.6528289835323
4141,4738.7145841010361
4142,4739.1063156262371
4143,4739.96746180844
4144,4740.3069700821898
4145,4740.7580120863031
4146,4740.7580120863104
4147,4741.1452280105159
4148,4741.5119828436655
4149,4743.0651544757402
4150,4743.1769398740116
4151,4743.773351781786
4152,4744.1091129483875
4153,4744.2290762703806
4154,4744.686188334952
4155,4744.6861883349538
4156,4745.245989969324
4157,4745.4992193088947
4158,4745.6667355366208
4159,4745.7280072909352
4160,4746.0374799534229
4161,4746.1149881404626
4162,4746.2089940636533
4163,4747.3536392665646
4164,4748.5996723487751
4165,4749.6234920863571
4166,4750.0175891429399
4167,4750.1798371770747
4168,4750.3341889536123
4169,4751.7923438587322
4170,4753.8761795248383
4171,4753.9128459106869
4172,4755.1463583790473
4173,4755.9633394293451
4174,4756.0215924543172
4175,4756.3319589257653
4176,4757.8408811967074
4177,4757.9447526724434
4178,4758.7804445885085
4179,4759.1107686062096
4180,4759.1719151404104
4181,4760.4272128577468
4182,4760.4272128577495
4183,4761.6546066622459
4184,4762.502229545762
4185,4763.1567244196049
4186,4764.2577195877711
4187,4764.6764425611609
4188,4765.9032688456891
4189,4766.8053302019034
4190,4767.0270744584814
4191,4767.8153980404131
4192,4768.191445507181
4193,4768.8334494824385
4194,4770.0166130341522
4195,4770.0310435125884
4196,4770.2616212112325
4197,4770.261621211248
4198,4770.9416667780242
4199,4771.1225375048107
4200,4772.0912033057693
4201,4772.183162259953
4202,4772.9017980008284
4203,4772.9988391794632
4204,4773.63437830559
4205,4774.1987700145746
4206,4774.6227458843859
4207,4774.6750926160894
4208,4775.0042885033208
4209,4775.0042885033226
4210,4775.2209980265416
4211,4775.5290925628979
4212,4775.6864158281523
4213,4776.0875102304271
4214,4776.1550508980172
4215,4777.6554119046968
4216,4777.7004934195775
4217,4777.9517739976891
4218,4777.9607395042767
4219,4778.1233574026519
4220,4778.1233574026555
4221,4778.5010334790613
4222,4781.5383583257944
4223,4781.9269304745694
4224,4782.4262438043088
4225,4783.4983692754531
4226,4784.0148121898637
4227,4788.2930488019965
4228,4788.2930488019983
4229,4788.6787463717747
4230,4790.4741836109943
4231,4791.2977512026227
4232,4791.3660463531469
4233,4791.6506905617007
4234,4791.6535364848442
4235,4791.9306881737884
4236,4794.5907813782924
4237,4794.8226710258505
4238,4795.1616921542845
4239,4796.1987558438295
4240,4796.271478167253
4241,4796.4603620779999
4242,4797.1157808412636
4243,4797.4613202198998
4244,4798.1540490334373
4245,4798.2882075560856
4246,4798.426109286147
4247,4798.6528466461386
4248,4799.9454843150588
4249,4800.1801187363935
4250,4800.1801187363963
4251,4800.6791276712756
4252,4801.3222463518277
4253,4801.4696132988993
4254,4803.9601376492001
4255,4804.2095331233877
4256,4804.5356411731709
4257,4806.3055166528775
4258,4806.4250771900597
4259,4807.8220591248391
4260,4808.2699592556128
4261,4809.8524181719986
4262,4810.3698630564268
4263,4810.5640820170838
4264,4810.5640820170893
4265,4811.1345840811609
4266,4811.1873031843061
4267,4812.4206035214638
4268,4813.3644255631098
4269,4813.4375249988425
4270,4813.44290806146
4271,4813.859102593844
4272,4814.1737765759935
4273,4814.1737765759963
4274,4816.1217264677516
4275,4817.259512169313
4276,4817.9234937152742
4277,4819.35634633065
4278,4819.3563463306564
4279,4819.558247697777
4280,4821.6668592684109
4281,4823.3004535752416
4282,4823.8849274376735
4283,4825.927627583631
4284,4826.0755453032561
4285,4826.1946953449406
4286,4826.4290297805783
4287,4826.4818991780394
4288,4826.4818991780439
4289,4827.0162768562723
4290,4827.0162768562941
4291,4828.3898771167251
4292,4830.1430042133525
4293,4830.2213353013285
4294,4830.7693627522704
4295,4831.8799478547417
4296,4831.8799478547489
4297,4833.0045269188258
4298,4833.9518871945629
4299,4834.0979393337057
4300,4834.8380233672115
4301,4835.5044381127536
4302,4835.5044381127573
4303,4835.8515829242679
4304,4836.1397143587483
4305,4837.0247842389263
4306,4837.3244470791433
4307,4837.3244470791524
4308,4838.354671459254
4309,4838.9906929398849
4310,4839.4807278891394
4311,4841.851619173246
4312,4842.6907112493409
4313,4842.943634806481
4314,4843.2371246004259
4315,4844.3438150059956
4316,4845.7193873826263
4317,4845.7442996703903
4318,4845.9321793831305
4319,4846.2297193640015
4320,4848.1668060982011
4321,4848.2047039381114
4322,4848.60170014099
4323,4848.6017001409955
4324,4849.8813578864065
4325,4849.9070330079121
4326,4850.4300062559669
4327,4853.214457972801
4328,4853.4272808572487
4329,4853.5353001289759
4330,4853.7295333839274
4331,4854.0221763592453
4332,4854.9337191552167
4333,4855.9171967786942
4334,4856.1194486671311
4335,4856.5198859812108
4336,4856.5198859812181
4337,4857.1756520454783
4338,4857.9096851708564
4339,4858.0706495459781
4340,4858.7124478315836
4341,4860.051522415044
4342,4860.2650625105871
4343,4860.4276527086495
4344,4860.6237365866855
4345,4862.0158622772742
4346,4862.6779708561726
4347,4863.4994273529883
4348,4863.5836778136108
4349,4864.6548535617039
4350,4865.4420850699544
4351,4865.6166063688033
4352,4865.7441919287339
4353,4867.0553427605946
4354,4867.0691749353864
4355,4867.4163939564778
4356,4867.7615866019723
4357,4868.1720608820124
4358,4869.0473834408203
4359,4870.6555926267511
4360,4870.880827806398
4361,4871.009056881142
4362,4871.6757817059924
4363,4873.5401831753097
4364,4874.5310900942186
4365,4875.2658735572813
4366,4875.3764165600396
4367,4876.3053853012188
4368,4877.4359991124102
4369,4880.854496252904
4370,4881.1134011927033
4371,4881.113401192707
4372,4881.879390401833
4373,4882.0388692086808
4374,4882.0388692086908
4375,4884.0808313513098
4376,4884.9099344760343
4377,4885.239854132351
4378,4885.6404265808069
4379,4886.6948107877042
4380,4887.7558203777162
4381,4888.053418022495
4382,4889.003603457385
4383,4889.6853125197958
4384,4890.0379290700557
4385,4890.1258422825276
4386,4891.3947301851367
4387,4891.6602654606459
4388,4892.0860850077197
4389,4892.3165077656986
4390,4892.5512881224331
4391,4892.9382691750234
4392,4892.9422191932181
4393,4893.9839416330806
4394,4895.3165712550717
4395,4895.8060716869013
4396,4896.1480248924699
4397,4896.2792867975204
4398,4897.2805409619168
4399,4897.3506566256574
4400,4898.1632521071051
4401,4898.9398829852271
4402,4899.7092972377368
4403,4900.4677465257128
4404,4901.8756731290914
4405,4902.247079434389
4406,4904.2731787999137
4407,4906.3299925075635
4408,4907.3750338440459
4409,4908.2025527387841
4410,4909.0021649226992
4411,4909.5773366662934
4412,4910.9261529202331
4413,4911.4315013610667
4414,4911.4315013610694
4415,4911.8992862686418
4416,4912.4980061426586
4417,4912.5145369779966
4418,4912.8833276156238
4419,4914.0321625201414
4420,4914.6715801520686
4421,4915.2032883564434
4422,4915.8356740245263
4423,4915.8679399549574
4424,4918.476800172497
4425,4918.8528566784071
4426,4920.955257390413
4427,4921.3014797370379
4428,4922.4261416856361
4429,4923.1467800447781
4430,4923.4088820922971
4431,4924.4008446744119
4432,4924.7048873135982
4433,4924.7800984261048
4434,4924.9122814210405
4435,4925.257044794288
4436,4926.1612665511448
4437,4926.4602474289713
4438,4927.6414607615561
4439,4927.8410996217908
4440,4928.1071414627595
4441,4929.1555261572521
4442,4929.4577930982532
4443,4930.9317886623021
4444,4930.9317886623121
4445,4931.193942891844
4446,4932.1592752062206
4447,4934.4489541249795
4448,4934.8599649109565
4449,4934.8599649109601
4450,4935.5138410554755
4451,4936.5416074760724
4452,4936.8326917480235
4453,4938.8284565627519
4454,4939.2973373053101
4455,4939.2973373053219
4456,4939.314837026187
4457,4939.3868493551681
4458,4940.1682531720271
4459,4940.9164554494746
4460,4942.3682702791612
4461,4942.875196205312
4462,4943.9635250278106
4463,4944.522576615931
4464,4946.4208035864594
4465,4946.5054047402455
4466,4946.7537905805002
4467,4947.4348895214416
4468,4948.2406798883312
4469,4949.8362825085433
4470,4950.7254935536657
4471,4951.4315071806286
4472,4953.6950407425638
4473,4953.9629309772135
4474,4954.4374945010886
4475,4954.747507982659
4476,4955.3348424614014
4477,4955.7985461563203
4478,4955.8689986283471
4479,4957.1125202417661
4480,4957.8083840485606
4481,4959.0047004986764
4482,4959.5390284819396
4483,4960.0626026518648
4484,4960.4353977872415
4485,4960.4353977872515
4486,4960.5231234588246
4487,4960.8301072712256
4488,4961.6687475402578
4489,4961.7044903549931
4490,4964.4543436620206
4491,4964.4731675383864
4492,4964.4731675383882
4493,4964.8998646377131
4494,4965.0334660116378
4495,4965.8824360237031
4496,4966.4242423303876
4497,4966.5347327963227
4498,4966.7087171385319
4499,4967.1743529556388
4500,4967.786576355873
4501,4968.3746870672039
4502,4969.053915893197
4503,4971.3290274003539
4504,4972.4320839270977
4505,4972.6474079056379
4506,4973.6047374855889
4507,4974.8194456800456
4508,4976.2938316602731
4509,4977.2485557130212
4510,4977.4078175283039
4511,4980.4519494902443
4512,4980.559348572513
4513,4981.2129375433915
4514,4981.798993334045
4515,4982.2250600482812
4516,4982.6484898135204
4517,4982.718077320158
4518,4983.6018575760481
4519,4984.2365916189283
4520,4984.7507121218578
4521,4985.0289129987314
4522,4985.0289129987359
4523,4986.1888446013218
4524,4986.7150214395342
4525,4986.7442007534701
4526,4986.7442007534846
4527,4987.0354943060456
4528,4988.2202734937309
4529,4988.4465652827666
4530,4989.0774964437214
4531,4989.4184251658817
4532,4989.7607366814909
4533,4990.9035609905604
4534,4996.4642334503642
4535,4998.8408649905887
4536,4999.1582161888518
4537,5000.0652711517596
4538,5000.130647073207
4539,5000.5044843168562
4540,5000.7232622637848
4541,5002.7250575436419
4542,5002.7250575436465
4543,5003.3223908157015
4544,5005.3656792075608
4545,5005.7933698083498
4546,5005.9204283477484
4547,5005.9204283477502
4548,5006.2294337387912
4549,5006.568309569846
4550,5006.8784528337983
4551,5008.879828971917
4552,5008.9513290252153
4553,5009.1765297324646
4554,5010.8259048190239
4555,5010.9893966050086
4556,5011.4497100654771
4557,5011.8153840320065
4558,5013.0514613970608
4559,5013.3489212234508
4560,5014.538604323141
4561,5015.3307825597558
4562,5018.5231232277101
4563,5018.5662743347275
4564,5018.7095466639184
4565,5019.2105401137287
4566,5019.5902095179281
4567,5021.8382455086985
4568,5021.8382455087012
4569,5022.7578746607542
4570,5023.085447013128
4571,5023.6314168672116
4572,5024.4161251094201
4573,5026.8453181175801
4574,5028.7284989589007
4575,5030.7610773453725
4576,5031.4398677815007
4577,5031.854483611176
4578,5031.9639502270193
4579,5032.1176896960269
4580,5032.1176896960296
4581,5033.1407239076334
4582,5033.7858876861901
4583,5033.9513905009262
4584,5034.3618470327801
4585,5034.361847032792
4586,5034.8717120836773
4587,5036.4729312753634
4588,5037.5080936603481
4589,5038.3831364601883
4590,5039.1381315118524
4591,5039.3937144851079
4592,5039.5644171691456
4593,5039.6156906959995
4594,5041.0576412158616
4595,5041.2147062150825
4596,5042.5344366490308
4597,5043.3843859675053
4598,5043.3843859675062
4599,5045.7179066612098
4600,5047.5318237510073
4601,5048.3835462135348
4602,5048.8288851919087
4603,5048.8288851919087
4604,5048.9711968908241
4605,5050.6488941583093
4606,5050.6547164172825
4607,5050.8127592683004
4608,5051.6179769972568
4609,5051.6179769972796
4610,5053.0154277402862
4611,5054.4749641636217
4612,5054.8733606590658
4613,5055.1612764003348
4614,5056.347150922873
4615,5059.4742885872265
4616,5059.6314775462679
4617,5060.0558930856241
4618,5060.3705536178841
4619,5063.008958458523
4620,5063.0582556002664
4621,5063.3396421175939
4622,5063.7761963950361
4623,5064.1574891847722
4624,5066.631423931608
4625,5066.8412810878281
4626,5068.0828618270625
4627,5068.2017477092722
4628,5069.5604134484711
4629,5070.5675376285362
4630,5071.2871777687078
4631,5071.2871777687178
4632,5071.3284330829738
4633,5071.5719459445781
4634,5073.0276058840464
4635,5074.2030859084762
4636,5075.7245501630687
4637,5075.7245501630705
4638,5075.8251603634226
4639,5076.0842806931387
4640,5076.2984269126073
4641,5076.7393684080653
4642,5078.8647279476854
4643,5079.4638005652432
4644,5079.9248420116237
4645,5080.0634401496627
4646,5081.1215861222008
4647,5081.1215861222081
4648,5081.8718688054514
4649,5082.244767611357
4650,5082.8012190287891
4651,5083.2028736794136
4652,5083.8974661353686
4653,5084.0431653039132
4654,5084.610197782953
4655,5084.7005946931022
4656,5084.9448931431371
4657,5085.4642178798413
4658,5085.8165712972877
4659,5089.803967603114
4660,5090.8811540769384
4661,5091.249345477956
4662,5091.2869188787354
4663,5091.9419367316514
4664,5093.754745382339
4665,5095.0538972556042
4666,5095.3133067742447
4667,5095.5182539635007
4668,5095.7642942748844
4669,5096.3494014974067
4670,5097.0599587889192
4671,5097.426308335449
4672,5099.0463938505291
4673,5100.6345799888904
4674,5101.2741122015905
4675,5101.3359565147521
4676,5101.6893080929485
4677,5103.7229459458886
4678,5103.8995985103365
4679,5105.3354698725325
4680,5107.2654439719345
4681,5107.601225000325
4682,5108.5086859347666
4683,5109.5830029068629
4684,5109.6615305327241
4685,5110.6081542345055
4686,5111.3092408763823
4687,5112.4190276520285
4688,5112.8320466875084
4689,5113.6423458829086
4690,5115.4774560417054
4691,5115.4774560417163
4692,5116.8754426351488
4693,5117.1107439032285
4694,5118.9016506787657
4695,5119.3607679149045
4696,5121.359867625305
4697,5122.4445397586524
4698,5122.7428529303406
4699,5124.503052200801
4700,5125.090088098832
4701,5125.1441476367081
4702,5125.8643323399701
4703,5126.1308486900716
4704,5126.3515452605907
4705,5126.8445931019569
4706,5126.9841700007046
4707,5127.2194014871247
4708,5128.8073057832453
4709,5131.0444846586452
4710,5132.1347227462475
4711,5132.7675720483603
4712,5133.9110337144957
4713,5135.8518730973456
4714,5136.0332015020686
4715,5136.0332015020695
4716,5136.2503623600951
4717,5138.5250354180389
4718,5139.0610697526263
4719,5139.1522704013905
4720,5139.1522704013951
4721,5139.7233294141588
4722,5140.6924825489168
4723,5141.1703213948676
4724,5141.6928983956532
4725,5142.3286609881325
4726,5142.5287921259296
4727,5143.8293030780842
4728,5146.5523678645422
4729,5146.7792247758362
4730,5147.2845870456385
4731,5149.1163426993735
4732,5150.4629237968611
4733,5150.8600776841004
4734,5151.0372495554793
4735,5151.0372495554802
4736,5152.0290682493514
4737,5153.7571131076738
4738,5154.3062992653649
4739,5154.5753583324649
4740,5156.3391254625276
4741,5156.8273831669385
4742,5157.1754175311671
4743,5158.3862844131781
4744,5160.4845417462711
4745,5161.624653625624
4746,5163.099836977477
4747,5163.3041582301657
4748,5164.0555767935712
4749,5166.0516767839836
4750,5166.7696340073226
4751,5167.8688096241776
4752,5168.107362632998
4753,5168.9699505364206
4754,5170.6720098919868
4755,5170.8122573045803
4756,5170.8631187919891
4757,5171.0591273816663
4758,5171.6136974659157
4759,5171.822756687624
4760,5171.8886195263312
4761,5174.1416066932397
4762,5175.5394504003689
4763,5175.9473262129932
4764,5176.5272299261105
4765,5177.1734110313173
4766,5177.6225227795412
4767,5179.9931610261119
4768,5182.1005470841337
4769,5182.1005470841383
4770,5182.9529415874185
4771,5183.8371825845752
4772,5184.6720355013731
4773,5185.1064583910538
4774,5187.4846783766206
4775,5188.0451898550155
4776,5188.04518985502
4777,5188.1620422997876
4778,5188.9949518390476
4779,5189.204994407075
4780,5189.389814100673
4781,5190.373484119219
4782,5190.8162511065611
4783,5193.5794410478411
4784,5193.8244476595637
4785,5194.1511535746204
4786,5194.1958681113629
4787,5194.24674832849
4788,5196.4107384980234
4789,5196.4107384980334
4790,5196.4319587314058
4791,5197.4318648532171
4792,5197.9381002484852
4793,5198.8022368857737
4794,5199.9925356710492
4795,5200.1209012099025
4796,5201.2478949942779
4797,5201.386836759184
4798,5202.5409605173281
4799,5202.9103921448241
4800,5203.1750223616291
4801,5204.0396978130411
4802,5204.4025594549094
4803,5205.377718176087
4804,5208.4023275257923
4805,5208.4023275257978
4806,5208.587218014829
4807,5209.5363449006327
4808,5210.1849031812826
4809,5212.7559233507045
4810,5216.5462185844926
4811,5217.4711794846171
4812,5217.5487989799703
4813,5217.5487989799785
4814,5218.3131018937001
4815,5218.78629012898
4816,5219.3945720038246
4817,5220.3544740864254
4818,5221.1543781098117
4819,5221.9074943168844
4820,5222.2914662720186
4821,5222.2914662720323
4822,5222.3825932073887
4823,5222.9237015960498
4824,5223.6914076689254
4825,5224.4781485167105
4826,5225.1903469098525
4827,5225.6407842029466
4828,5225.7478715729412
4829,5226.0571184377186
4830,5227.1141186437453
4831,5229.2912414990542
4832,5229.7181933634229
4833,5229.7181933634392
4834,5230.4076357416161
4835,5230.9214401931249
4836,5231.7291261515493
4837,5233.2174966232642
4838,5234.9181421670919
4839,5235.8901758086331
4840,5236.1874085873915
4841,5238.5444125563317
4842,5239.5367849877666
4843,5241.0966379557076
4844,5241.314619221771
4845,5243.1920189800767
4846,5243.3896388218236
4847,5243.5704016796044
4848,5243.7005339321777
4849,5244.180309065584
4850,5244.4109565487825
4851,5245.8662851455229
4852,5245.8662851455456
4853,5247.6277789424903
4854,5248.2597992584324
4855,5250.4790043352168
4856,5251.9046688994695
4857,5251.9046688994704
4858,5252.4241883050154
4859,5254.0113974332908
4860,5255.6301203588346
4861,5256.7088330466477
4862,5256.7088330466495
4863,5256.7500893186198
4864,5256.7679652398128
4865,5257.5340312224516
4866,5260.0193659084052
4867,5261.958320293068
4868,5261.9957288444793
4869,5262.1355090680754
4870,5262.1533322710739
4871,5262.1533322710757
4872,5264.8179841591855
4873,5264.8460014249113
4874,5265.7096583194207
4875,5266.1751583383229
4876,5266.292709019327
4877,5266.7302726665312
4878,5267.3828900258604
4879,5267.9960132843034
4880,5273.205405311488
4881,5273.5977213192218
4882,5276.0340687671405
4883,5276.9533535786177
4884,5277.67707284055
4885,5277.9565156069739
4886,5279.6029834798255
4887,5280.7083864223086
4888,5282.9044314673192
4889,5283.4012041863698
4890,5284.9218017367793
4891,5285.4109367767524
4892,5286.4135779923936
4893,5287.5298194577172
4894,5287.8001169352747
4895,5288.0859394192448
4896,5288.191130642841
4897,5288.5397016085835
4898,5289.3643847699504
4899,5289.7294998888756
4900,5290.1565589047168
4901,5290.1565589047195
4902,5290.2956742322094
4903,5291.3385442203798
4904,5293.5066398780664
4905,5294.3078077205664
4906,5294.3387426590134
4907,5296.6385750675263
4908,5298.9364818714012
4909,5300.3262503040578
4910,5300.3262503040769
4911,5300.7016885771627
4912,5302.0415380588065
4913,5302.0415380588101
4914,5302.9515492019136
4915,5303.0545089116904
4916,5303.9643960735866
4917,5305.8670836988877
4918,5305.9235115076408
4919,5306.7040242968678
4920,5307.6248429183397
4921,5308.2258637728119
4922,5309.7485312897952
4923,5312.1007737167274
4924,5312.1931215285094
4925,5312.6683359102071
4926,5315.8427876995147
4927,5316.5194648576071
4928,5316.5514685515263
4929,5317.5207345779036
4930,5317.5280318966643
4931,5318.3544261627121
4932,5318.5495238040648
4933,5320.2607264917824
4934,5320.4187307147831
4935,5320.9147165949616
4936,5320.9455294411591
4937,5321.4797201015363
4938,5321.7575411363723
4939,5322.5674668565507
4940,5327.2405001069537
4941,5327.9260402041391
4942,5329.1695048896363
4943,5329.7859350017388
4944,5330.1558846236867
4945,5330.4221820484481
4946,5331.4905908102892
4947,5332.9691960565433
4948,5333.063059416776
4949,5334.9399927122467
4950,5337.5809181730128
4951,5338.8407978094174
4952,5339.0494783583408
4953,5339.0494783583481
4954,5339.1603809114549
4955,5339.363280110193
4956,5339.7406238787735
4957,5340.7117111094567
4958,5343.4046872938698
4959,5344.6147980586084
4960,5344.8828099941647
4961,5345.8533194117053
4962,5346.0967651134415
4963,5346.3935958861448
4964,5346.3935958861466
4965,5347.0858945728341
4966,5347.587008421262
4967,5348.8305112839544
4968,5349.8376401474225
4969,5350.4185175571147
4970,5350.8856162261354
4971,5351.2240796164224
4972,5351.2747804759611
4973,5352.2407914219575
4974,5352.5604195514115
4975,5353.97824913155
4976,5356.3976139364913
4977,5356.798818892792
4978,5358.8441077908647
4979,5360.7469667035784
4980,5361.8983396474077
4981,5363.1179046054267
4982,5363.2387136710959
4983,5363.9939160703198
4984,5364.6926934159874
4985,5366.5394919531582
4986,5366.620407053807
4987,5366.6740140694246
4988,5368.5530874832566
4989,5368.5530874832821
4990,5369.8842958473679
4991,5370.6862984299496
4992,5370.8733499195878
4993,5371.2911233061304
4994,5372.5875760270728
4995,5372.5908572344169
4996,5372.590857234426
4997,5373.2960729544093
4998,5373.5097300369362
4999,5374.0620857722934
5000,5375.117094257912
5001,5375.4659799006185
5002,5375.8871784189232
5003,5377.0600238235384
5004,5378.0741827508682
5005,5378.2694223858944
5006,5379.8166484391168
5007,5382.589209051981
5008,5382.6376453517141
5009,5384.5824462621786
5010,5384.5824462621822
5011,5385.3699400735459
5012,5386.5845150740151
5013,5386.5845150740352
5014,5387.3065791038798
5015,5388.640273326092
5016,5390.8481354301357
5017,5391.1231640854794
5018,5391.3943356510381
5019,5391.9043965067294
5020,5392.8243877195391
5021,5393.0170948941422
5022,5396.4128491750744
5023,5397.2458303534013
5024,5397.5910923455931
5025,5398.2190187971109
5026,5399.1610025230293
5027,5400.275458007568
5028,5402.1716463264474
5029,5403.4011353459155
5030,5403.7694042168896
5031,5403.8972760919569
5032,5406.0348704664939
5033,5407.3646262727989
5034,5408.5582206845411
5035,5409.3046292376348
5036,5409.407931287381
5037,5410.1463474616394
5038,5410.9795647950314
5039,5412.3890261543356
5040,5413.4250414280596
5041,5413.6864630515529
5042,5415.9635382862734
5043,5416.2227413901282
5044,5416.2822753805294
5045,5416.282275380534
5046,5419.3173121195823
5047,5421.2100977280079
5048,5421.8159609918475
5049,5422.8973433204337
5050,5423.3927244369006
5051,5424.0615219193423
5052,5425.116148142276
5053,5425.7803101258951
5054,5428.1038655446418
5055,5429.2532877860231
5056,5429.7312346542685
5057,5430.6646866010879
5058,5431.3313453563205
5059,5432.9719054077368
5060,5434.8638731200444
5061,5435.528466254088
5062,5436.1543601246067
5063,5436.1833993368864
5064,5437.0742592817696
5065,5438.4687509165469
5066,5438.4687509165569
5067,5440.1229670656112
5068,5440.2952083053951
5069,5440.4372767890163
5070,5441.2226314761938
5071,5441.2226314762129
5072,5442.5507868371496
5073,5443.7531144229633
5074,5443.904826336011
5075,5445.359851884733
5076,5446.033310746855
5077,5446.946796207525
5078,5447.4822073485166
5079,5448.678072771203
5080,5449.3776234686457
5081,5450.2733312811379
5082,5452.511830600035
5083,5454.4496077067079
5084,5454.4496077067115
5085,5457.6331640105827
5086,5457.9512362690939
5087,5459.1907322247089
5088,5459.1907322247253
5089,5460.0291284764444
5090,5460.2843453790229
5091,5462.5956628606709
5092,5464.1643433693171
5093,5464.8442963602083
5094,5465.7115872086315
5095,5468.310303484328
5096,5469.3937540189781
5097,5470.0332801258137
5098,5470.0332801258201
5099,5470.484802205563
5100,5471.1128179126445
5101,5472.4956683601376
5102,5473.6070561635615
5103,5473.6577703838348
5104,5474.0846398486119
5105,5476.5063690404422
5106,5476.5063690404704
5107,5476.892888732531
5108,5476.9079692608475
5109,5480.0389316172887
5110,5480.6245652745492
5111,5481.2847724374533
5112,5482.6518756341638
5113,5484.4783746386138
5114,5484.5327063634631
5115,5485.4167533554455
5116,5485.6919163190905
5117,5486.4835212774042
5118,5489.7145388609697
5119,5490.1967185832982
5120,5490.2457617259006
5121,5492.1017041323803
5122,5492.6758002108918
5123,5494.2249337671519
5124,5496.1122956219915
5125,5497.3978843894529
5126,5497.397884389472
5127,5497.946718818067
5128,5498.308294473346
5129,5500.2970097491489
5130,5500.6280133941336
5131,5500.773545087568
5132,5501.1010825354069
5133,5501.975615489273
5134,5502.5332067287936
5135,5503.1889133302329
5136,5503.342527160341
5137,5503.3425271603483
5138,5503.6918169795254
5139,5504.9244032139359
5140,5504.9389932883887
5141,5505.845476179823
5142,5506.1144643083735
5143,5509.8881602728288
5144,5510.2476879679853
5145,5510.5849391820211
5146,5510.7510523095016
5147,5513.3408191778099
5148,5514.0431380772152
5149,5514.5956636166984
5150,5515.1980646633074
5151,5518.0529066284626
5152,5518.8906889494619
5153,5519.7032740082568
5154,5520.0823455091986
5155,5520.3064582120624
5156,5521.0908230126151
5157,5521.7911837909523
5158,5522.2797888315708
5159,5525.2838585184581
5160,5529.5690600328517
5161,5529.7445396915655
5162,5530.3351297288027
5163,5531.5742535391282
5164,5531.7564599961952
5165,5531.7650546849563
5166,5531.798641520516
5167,5532.8461362852686
5168,5532.8461362852804
5169,5533.3349016764778
5170,5535.379178006383
5171,5535.5744046151258
5172,5536.2562270890785
5173,5536.4203728597222
5174,5536.9927903090856
5175,5537.7510752050484
5176,5537.9317296113641
5177,5539.9624453930683
5178,5540.089503361799
5179,5540.1318367033155
5180,5540.7209721198706
5181,5541.2349984423572
5182,5542.1232258584223
5183,5544.7233637887466
5184,5545.4111066447413
5185,5546.1120315312637
5186,5546.8275434952675
5187,5548.8754950641724
5188,5548.8754950641742
5189,5549.8269549802808
5190,5552.3162691882653
5191,5554.5955903817476
5192,5555.5229457294099
5193,5556.4959269539013
5194,5559.1549392515099
5195,5559.1549392515244
5196,5559.7195234097453
5197,5560.9139480608128
5198,5560.956916990307
5199,5561.2289233042438
5200,5562.7646338104059
5201,5562.7646338104205
5202,5562.8332183048688
5203,5562.8684583381828
5204,5563.6039259059444
5205,5564.9128333461649
5206,5565.286285742548
5207,5565.7242722682986
5208,5566.3235559723616
5209,5567.2811690084582
5210,5570.0253032665905
5211,5571.6364128530049
5212,5573.6731491947712
5213,5573.8060661396948
5214,5574.6623444543438
5215,5574.8860540343248
5216,5578.6175839725538
5217,5579.2289756761938
5218,5583.3243856871568
5219,5583.8527396552636
5220,5584.8945807445389
5221,5585.6430204437884
5222,5585.720386604351
5223,5585.8968447661991
5224,5588.645025021885
5225,5589.4373948862785
5226,5589.6048303440593
5227,5590.0608624357401
5228,5590.6499524981346
5229,5590.8700886093084
5230,5591.193450861123
5231,5592.4623941169139
5232,5592.4623941169211
5233,5592.9648817041889
5234,5593.7791498620918
5235,5594.1399947558884
5236,5594.3422673833384
5237,5595.1421364496637
5238,5600.3926081148747
5239,5601.3015234501481
5240,5602.4786358991551
5241,5605.1929643892427
5242,5605.7677362401382
5243,5606.532531246643
5244,5606.8749454772524
5245,5608.9703706676828
5246,5609.7536210887674
5247,5610.6577047319761
5248,5612.1048738521504
5249,5613.5013020599681
5250,5614.9950122051405
5251,5618.7006525401239
5252,5619.3343536297471
5253,5619.363952554394
5254,5619.7477742719984
5255,5620.3864188176085
5256,5620.4151508513842
5257,5621.7256992561333
5258,5621.9411905805418
5259,5624.0858339207889
5260,5624.8642563776784
5261,5626.321320912095
5262,5627.6007648077984
5263,5627.7261541992102
5264,5627.7867134932949
5265,5627.7867134933058
5266,5629.7551558723217
5267,5630.6297264431078
5268,5630.6297264431178
5269,5630.9496376876095
5270,5631.1571121420193
5271,5632.006159405134
5272,5632.3873889973329
5273,5633.8250972471951
5274,5633.8250972472133
5275,5634.6629316788667
5276,5636.7589033584327
5277,5639.4136045090663
5278,5640.1848500538945
5279,5642.0130689683883
5280,5643.2482081389944
5281,5644.390690895586
5282,5645.4806223534988
5283,5645.7515582748711
5284,5647.302003854772
5285,5647.3507445382465
5286,5647.5971780155351
5287,5648.3672776995854
5288,5649.4131362192738
5289,5649.560689535615
5290,5651.1942997698306
5291,5652.6638690151767
5292,5654.1932879706619
5293,5654.5470785553507
5294,5654.5470785553553
5295,5659.731209511222
5296,5660.5394422327872
5297,5660.836932731997
5298,5662.2657330728343
5299,5663.0704510575551
5300,5663.070451057557
5301,5664.6643097363731
5302,5666.4898073737322
5303,5667.4479675658658
5304,5668.3555965040723
5305,5670.5261394773979
5306,5672.3671960358406
5307,5672.5151793038294
5308,5672.5151793038522
5309,5672.749702238958
5310,5673.6566981510687
5311,5677.4757808769991
5312,5679.3008926599268
5313,5679.52264589672
5314,5679.522645896729
5315,5679.9405107379816
5316,5681.0689289286966
5317,5681.5347001750333
5318,5681.5377182385528
5319,5681.5377182385573
5320,5682.82691062908
5321,5684.0588235426294
5322,5684.5492855964749
5323,5686.8522788594328
5324,5687.5104786964284
5325,5689.5039739327567
5326,5690.3021235865735
5327,5690.5173877073503
5328,5690.7116134027801
5329,5691.9770848633398
5330,5692.0123062814873
5331,5692.744614887034
5332,5692.8197304935265
5333,5695.8161267894493
5334,5696.300216549459
5335,5697.7192615699814
5336,5699.1476363278234
5337,5699.6791434273946
5338,5699.879783567515
5339,5699.8797835675214
5340,5699.9469463290216
5341,5700.6463801566688
5342,5701.0724750916415
5343,5702.4014729146584
5344,5705.0927805023066
5345,5705.1147548660574
5346,5706.4212190828075
5347,5707.8516252009367
5348,5707.9343026833731
5349,5709.0262550216385
5350,5709.0262550216712
5351,5709.5783138114512
5352,5710.1837384953833
5353,5711.103398371305
5354,5711.2302138392879
5355,5711.6783686636682
5356,5711.7717291692024
5357,5712.733910699947
5358,5713.3338874657838
5359,5714.4605353539027
5360,5714.7842769454401
5361,5714.9621795538433
5362,5718.0609687365095
5363,5718.6434603377684
5364,5720.7872032161322
5365,5722.4651149448173
5366,5723.8981867208813
5367,5725.9414014811273
5368,5727.1787811017393
5369,5730.195847488606
5370,5731.1498047575669
5371,5733.3015797109656
5372,5733.3810299825063
5373,5737.4473398577429
5374,5737.8027425064683
5375,5737.8359653339849
5376,5739.175639308457
5377,5739.567729243945
5378,5739.7037300648435
5379,5740.9396309727163
5380,5741.9810338137759
5381,5742.3066765999147
5382,5742.6280299107666
5383,5742.9452593401084
5384,5744.1925500886646
5385,5746.6119431757888
5386,5747.3133476515932
5387,5748.4934660474428
5388,5749.3287158275107
5389,5749.328715827517
5390,5754.5112855821553
5391,5754.5112855821671
5392,5754.6693156893134
5393,5755.2710908797699
5394,5755.4287209519252
5395,5755.7929096175176
5396,5756.504634095927
5397,5756.6392364582189
5398,5756.7554429189249
5399,5756.7554429189267
5400,5756.9032435946483
5401,5761.042969213072
5402,5761.8714681201209
5403,5762.7232723486823
5404,5764.6641609403368
5405,5767.7430416954658
5406,5767.8535588383702
5407,5768.3075033899631
5408,5768.4421523656056
5409,5768.6585738286094
5410,5769.9181384187896
5411,5770.1138799554847
5412,5770.6958062832764
5413,5771.7083533949763
5414,5772.9968634535617
5415,5774.1540485789483
5416,5776.4786781721577
5417,5776.7814015293698
5418,5781.3858511024746
5419,5781.4148423775214
5420,5782.7966733795583
5421,5782.9306124109016
5422,5783.5802657647992
5423,5786.7552262965983
5424,5790.0953111668287
5425,5791.3999432050668
5426,5792.6203835428041
5427,5794.3053294989359
5428,5794.5159150913687
5429,5795.6644220609714
5430,5796.298993727838
5431,5797.557290734956
5432,5797.6615740757252
5433,5798.632209477104
5434,5799.8342748418181
5435,5800.779055924635
5436,5803.7285586380785
5437,5803.9668322296593
5438,5803.9668322297011
5439,5803.9819064753356
5440,5803.995626490122
5441,5804.0401587932911
5442,5805.1970636626047
5443,5805.8718588100119
5444,5807.3544952344319
5445,5807.9850254940447
5446,5811.2310614032704
5447,5812.7752995464598
5448,5813.9019610144924
5449,5817.0440320855714
5450,5817.1938084601852
5451,5817.1938084602043
5452,5817.8703067274137
5453,5819.5208505915471
5454,5821.6099023284132
5455,5821.7006834283293
5456,5822.1290537508303
5457,5822.9251566711282
5458,5825.0972099902983
5459,5825.3721469197999
5460,5826.7298036575921
5461,5827.8584219749209
5462,5828.6429791884448
5463,5829.5954682139018
5464,5831.6614352259503
5465,5832.1335588091397
5466,5832.4421395372492
5467,5832.600344033739
5468,5832.9900566439101
5469,5836.3062419987018
5470,5836.3069964252463
5471,5836.3069964252536
5472,5836.9247906776836
5473,5838.3184081580121
5474,5838.7447685380648
5475,5840.3148804881166
5476,5840.4949850475459
5477,5840.8568133576255
5478,5841.1111605724427
5479,5841.1111605724518
5480,5844.3003532991952
5481,5844.3003949097274
5482,5848.6707958960842
5483,5849.6291385371878
5484,5850.2009185152892
5485,5853.0933744306249
5486,5855.4974322723456
5487,5856.5208815076521
5488,5856.8438957352128
5489,5858.4267973881906
5490,5858.426797388197
5491,5858.527906539648
5492,5859.919790227802
5493,5862.2051971123956
5494,5862.4426375443509
5495,5866.0867279138229
5496,5866.0867279138329
5497,5866.3514957462985
5498,5867.8715256345049
5499,5867.8715256345049
5500,5868.3743653198726
5501,5869.0438801540004
5502,5869.8142560083606
5503,5870.0083094839765
5504,5871.535740479032
5505,5872.7584604077201
5506,5873.9911946430557
5507,5875.3051756645073
5508,5876.2349988360857
5509,5878.2069615652945
5510,5878.9848017536278
5511,5880.0069418178218
5512,5883.6354369359306
5513,5884.0196174165922
5514,5884.0196174166058
5515,5884.4402325657893
5516,5884.5233897586131
5517,5884.7673274207909
5518,5886.09930114298
5519,5886.8398815003766
5520,5888.5645174133851
5521,5889.4176660933053
5522,5889.8277116752779
5523,5890.5273799727529
5524,5891.3615740268824
5525,5891.5012893423172
5526,5892.530845011469
5527,5894.0575715273126
5528,5895.590337038735
5529,5895.5903370387632
5530,5896.1686586470478
5531,5896.4374584299194
5532,5896.7952883840026
5533,5898.0186855112934
5534,5898.820792669826
5535,5899.9725191872303
5536,5900.9155833635077
5537,5901.2461310186618
5538,5901.3631524953089
5539,5902.8398306054632
5540,5903.0671892409837
5541,5905.2741494886768
5542,5905.8667433563505
5543,5907.7597314222503
5544,5907.759731422253
5545,5908.1457868062598
5546,5909.728611616647
5547,5911.2924818256079
5548,5913.9832050612031
5549,5914.0736613882718
5550,5914.489273286631
5551,5916.3367597250472
5552,5916.5754952097586
5553,5918.1010857454112
5554,5919.6650942311526
5555,5919.7651965671412
5556,5920.6747389682141
5557,5923.645036315841
5558,5924.5202389570823
5559,5929.5468681572329
5560,5929.71194218234
5561,5929.8431447653757
5562,5930.8399058943614
5563,5932.8042260971506
5564,5932.8425110966882
5565,5934.4875185201345
5566,5936.2119604051513
5567,5937.7667021838433
5568,5937.9260660047221
5569,5938.5023719189876
5570,5943.6711086706109
5571,5943.8487226392472
5572,5944.6850621581762
5573,5944.6850621581762
5574,5944.7015706602106
5575,5946.5548970449427
5576,5947.5591453114648
5577,5948.19978452942
5578,5949.1445983815229
5579,5949.5246149920222
5580,5950.0027682624959
5581,5953.7325207292088
5582,5954.4502188770657
5583,5954.4922060284543
5584,5956.9931847602093
5585,5956.9931847602184
5586,5957.6115326387462
5587,5957.6511519379637
5588,5959.753834011768
5589,5960.1431718531521
5590,5961.3094661557088
5591,5961.6081243758645
5592,5963.7405139141019
5593,5964.4462408872396
5594,5966.3810015344015
5595,5966.3944277794135
5596,5967.9336597765396
5597,5968.2598810316767
5598,5968.2598810316877
5599,5969.5590601863032
5600,5969.7951298891348
5601,5971.281055800272
5602,5972.2576440401863
5603,5975.208515608535
5604,5976.3099462193486
5605,5977.0775572303755
5606,5979.8680337961769
5607,5981.4972946729858
5608,5984.3963364031824
5609,5984.6979388498175
5610,5985.273720401543
5611,5986.1295559794344
5612,5987.5149003248962
5613,5988.3997415730964
5614,5989.8689847437054
5615,5992.9090167511422
5616,5994.4625105743626
5617,5994.7083870316383
5618,5996.3040964827505
5619,5996.6877954264846
5620,5996.9521357118474
5621,5997.7164150150302
5622,5998.6494929353585
5623,6000.1621865584093
5624,6002.7134172476026
5625,6004.3401476194895
5626,6004.7930758935172
5627,6005.1678784438682
5628,6007.1102617342049
5629,6008.7069233835637
5630,6009.8906698273759
5631,6010.5752365041735
5632,6012.5501547908643
5633,6012.5501547908789
5634,6013.2060447773993
5635,6015.0587911015846
5636,6015.6442513114962
5637,6016.9828900276962
5638,6017.0404384010462
5639,6017.2912793088371
5640,6017.2912793088381
5641,6018.3662559785653
5642,6018.6395554016708
5643,6022.6870135812605
5644,6023.3217504864315
5645,6024.8021347004878
5646,6025.1541627735169
5647,6025.2195613450995
5648,6025.2680660085525
5649,6027.0260139730599
5650,6028.4846413451851
5651,6031.1083964300215
5652,6031.2404775110035
5653,6032.764310578701
5654,6033.5632361465741
5655,6033.9371316899424
5656,6034.2699457751623
5657,6035.0593622524457
5658,6039.3436965639712
5659,6039.5282027623762
5660,6043.70769310162
5661,6043.9969983411274
5662,6044.1869442799725
5663,6044.1869442799998
5664,6044.6899852388169
5665,6045.0614433926357
5666,6046.9436725224541
5667,6047.0388863588014
5668,6048.8204318868984
5669,6050.0157850073256
5670,6052.0994601429147
5671,6054.4356076515842
5672,6054.4356076515924
5673,6057.3634648103307
5674,6058.8428301608483
5675,6060.9086965662445
5676,6060.9086965662791
5677,6061.4430742444747
5678,6061.4430742444874
5679,6061.5299471538829
5680,6063.7786437027989
5681,6065.12574996897
5682,6065.2581207330468
5683,6066.9519298040059
5684,6068.0754101860221
5685,6068.2947113489799
5686,6069.547267861326
5687,6070.0897730643192
5688,6070.6306246480253
5689,6071.016699662825
5690,6072.582199620555
5691,6073.2608782067473
5692,6075.333175699242
5693,6077.0209350052637
5694,6077.3312235198664
5695,6078.7355787000815
5696,6079.3759637472476
5697,6079.3759637472722
5698,6083.764144264921
5699,6084.1803781437375
5700,6084.2714559700999
5701,6086.5921060432875
5702,6086.8416603358446
5703,6087.2288379153688
5704,6089.0731128475572
5705,6089.7676815992427
5706,6090.6003227412866
5707,6090.9466833694005
5708,6090.9466833694141
5709,6091.8995652713338
5710,6091.8995652713393
5711,6093.1972757838612
5712,6093.3859139373062
5713,6093.6015182877145
5714,6095.1695696116494
5715,6095.7108038320812
5716,6096.8655889122874
5717,6097.1577977604165
5718,6098.0632501471355
5719,6098.4836471414883
5720,6099.8199352767133
5721,6101.2539722631118
5722,6102.4762494853867
5723,6104.3657390143053
5724,6104.7787500067243
5725,6106.1519369021853
5726,6109.3609377891362
5727,6114.5057901844475
5728,6114.8222550121063
5729,6114.8713295505804
5730,6115.6711501199725
5731,6116.6239483554755
5732,6116.9455206241455
5733,6118.01900576359
5734,6119.2074078810519
5735,6119.2641695350012
5736,6119.2641695350048
5737,6120.3545253790562
5738,6121.5041899460457
5739,6122.5324794839526
5740,6125.6851153428861
5741,6128.2529140386123
5742,6128.831721827547
5743,6129.1742295834274
5744,6129.8332729318327
5745,6133.3412078429201
5746,6133.9386947236935
5747,6135.2145064353999
5748,6136.020365938145
5749,6136.3834121653663
5750,6139.405847783969
5751,6140.1027197964868
5752,6141.9865756063355
5753,6143.2988772479885
5754,6143.6789806190845
5755,6144.0523897181019
5756,6146.4902480923047
5757,6147.1669613362028
5758,6147.166961336211
5759,6149.7913603276484
5760,6149.9902738582086
5761,6150.4155103630301
5762,6151.9746558457591
5763,6155.603569193172
5764,6156.9006669394048
5765,6157.6795806111213
5766,6157.6923295691522
5767,6158.1263598966907
5768,6159.3850969473851
5769,6161.1846947763797
5770,6161.816255368276
5771,6162.1853788512963
5772,6164.8731326149255
5773,6164.8731326149564
5774,6165.0060574717363
5775,6167.1064618037817
5776,6169.20204572289
5777,6169.3904733897252
5778,6170.6682634585459
5779,6173.1861507298854
5780,6174.6732242435892
5781,6174.7302309038841
5782,6175.7150082650969
5783,6176.052418474259
5784,6181.5843281108309
5785,6181.58432811084
5786,6182.3044181666628
5787,6182.4819881553194
5788,6184.1313313391129
5789,6184.3431067346683
5790,6187.1922801166929
5791,6187.5224030295039
5792,6188.7593744354035
5793,6190.9559823409027
5794,6192.0520171568687
5795,6192.8879774997986
5796,6194.1079799583449
5797,6195.8364336869663
5798,6196.8009690255067
5799,6197.1132339813348
5800,6198.6715619038505
5801,6199.8646476752228
5802,6201.3187719153912
5803,6202.2387566278921
5804,6202.262697199114
5805,6202.9709983198136
5806,6203.7569217420751
5807,6204.6034775526578
5808,6208.026694185719
5809,6212.8156316327131
5810,6213.1296555984027
5811,6213.861807614313
5812,6215.0320539688983
5813,6215.0320539689228
5814,6215.8758606783249
5815,6216.256444781965
5816,6219.6112912660074
5817,6220.919368570012
5818,6221.1392185648738
5819,6222.4694696768138
5820,6222.7857528558679
5821,6224.3941955499249
5822,6225.1295743662522
5823,6225.6787489881908
5824,6225.8153415582328
5825,6227.2231842907104
5826,6228.2936919263821
5827,6228.3949086857147
5828,6230.6157263879877
5829,6230.6157263880013
5830,6231.0815970923859
5831,6232.2799398144034
5832,6232.4347970247636
5833,6233.0395298235826
5834,6234.9671847867867
5835,6235.9452078422673
5836,6236.5903123763619
5837,6242.7813777172923
5838,6243.6574154783902
5839,6243.9641099498904
5840,6245.1178768263489
5841,6247.1198197517824
5842,6248.8687430576047
5843,6249.7924659629825
5844,6250.8875639762819
5845,6252.3638809006688
5846,6252.6965654811775
5847,6254.1130857928638
5848,6255.6913823927325
5849,6255.6913823927716
5850,6259.1498465039213
5851,6259.8497517529859
5852,6260.5328306846495
5853,6261.8375826592865
5854,6263.9249734225023
5855,6263.9249734225223
5856,6265.2080893838565
5857,6265.9400457643642
5858,6265.940045764366
5859,6267.0172679689394
5860,6268.5451291703694
5861,6268.7886444209626
5862,6268.7886444210062
5863,6270.0966159104864
5864,6274.2880166134682
5865,6274.4897665220979
5866,6274.8287854666069
5867,6275.1694152485743
5868,6276.5349983793403
5869,6277.5152729824513
5870,6279.8325695355379
5871,6279.8896361226416
5872,6280.8942884761036
5873,6281.1033196125345
5874,6283.8365331399282
5875,6285.5857136939612
5876,6286.2995342999766
5877,6287.2559116020093
5878,6287.2559116020402
5879,6289.4796618696018
5880,6290.0459677029357
5881,6290.1761858256295
5882,6290.8975764658135
5883,6292.2718203181666
5884,6293.4285825474508
5885,6293.4285825474626
5886,6293.6062754880704
5887,6294.3814644493814
5888,6294.6066765008218
5889,6294.6491665967897
5890,6296.1197098278972
5891,6298.484230279907
5892,6298.6095958107308
5893,6300.0153080860591
5894,6300.5461939212755
5895,6301.6719320468183
5896,6302.6204144677222
5897,6303.894737751345
5898,6304.9195578490398
5899,6305.5199772376454
5900,6309.2282914209791
5901,6309.6027473750592
5902,6312.5595337813384
5903,6313.0904104757865
5904,6313.16097362035
5905,6315.8446547388467
5906,6316.5778120541463
5907,6320.5119570339084
5908,6321.2752188722825
5909,6324.1198137386191
5910,6325.5022737761237
5911,6326.1822984857045
5912,6326.9152433018626
5913,6328.4003751868158
5914,6328.6197862011813
5915,6328.9432529603364
5916,6331.6480754874337
5917,6332.588616614159
5918,6332.5886166141881
5919,6333.1641377061724
5920,6333.5482222802839
5921,6336.1862916092468
5922,6337.6475208141292
5923,6338.0677111503428
5924,6338.6962329720873
5925,6340.6384971153466
5926,6341.5858021785343
5927,6344.4894746403234
5928,6344.9134770500923
5929,6345.0294431157463
5930,6347.5562624856166
5931,6350.5068771657234
5932,6350.9758972727695
5933,6353.0820797815004
5934,6353.4344014334483
5935,6355.0469091909554
5936,6355.0469091909754
5937,6355.5698845038169
5938,6356.4118703194445
5939,6356.4848940709962
5940,6357.031374717174
5941,6360.128417260632
5942,6361.5971051553443
5943,6362.1785866350892
5944,6362.8430635429713
5945,6363.0163748767536
5946,6367.5460518152422
5947,6369.6359902352096
5948,6370.9397452503854
5949,6371.372890603081
5950,6373.6710438396576
5951,6376.3775707277055
5952,6376.3775707277118
5953,6376.4827032177936
5954,6377.1744303075402
5955,6378.3239323325224
5956,6378.3792296983911
5957,6378.4506246347028
5958,6379.0708473011146
5959,6383.8018856270337
5960,6386.6681805885919
5961,6388.5539742891433
5962,6391.9598805973528
5963,6392.76202797927
5964,6393.8016737061735
5965,6394.9087751899879
5966,6394.908775189997
5967,6395.0549108586993
5968,6396.3707682177164
5969,6399.1299147708751
5970,6399.7581607820612
5971,6401.8523402304254
5972,6402.3810070468944
5973,6402.5816057114562
5974,6403.3214458898383
5975,6403.4049660006704
5976,6404.7384013996943
5977,6405.2383551624253
5978,6405.7688092006638
5979,6408.0450502325375
5980,6408.8079697168187
5981,6412.6708535002699
5982,6412.9137288753764
5983,6413.7589407290807
5984,6415.8890346742719
5985,6417.3569059433639
5986,6421.7963961560208
5987,6422.8743853905307
5988,6422.9120018236426
5989,6422.9120018236608
5990,6422.9572447671444
5991,6423.5955390824356
5992,6424.9251592171768
5993,6429.5646924932144
5994,6430.6743597932327
5995,6431.1883120540988
5996,6431.2550698966406
5997,6431.3930882200402
5998,6431.6044126365641
5999,6432.7490526909469
6000,6433.6974448637775
6001,6434.1722668320554
6002,6436.4321513770719
6003,6438.0735330442931
6004,6438.3881961998113
6005,6439.2777170736326
6006,6440.614699041852
6007,6442.1201645007213
6008,6442.1201645007604
6009,6443.0193245713153
6010,6443.8721127827112
6011,6444.8745890044302
6012,6445.8836682392894
6013,6451.4696521332007
6014,6455.5582757327556
6015,6455.8963535140319
6016,6456.441975044113
6017,6456.9007487649096
6018,6458.427867819506
6019,6459.1391808710723
6020,6459.6340369012396
6021,6460.9971164960107
6022,6461.4079279306643
6023,6464.4818809672252
6024,6465.1032169990358
6025,6469.0158294718804
6026,6469.0158294719286
6027,6471.8049212772894
6028,6471.8049212772967
6029,6472.3590101912368
6030,6473.0319437328026
6031,6473.8199936191022
6032,6473.8199936191249
6033,6475.3902119534405
6034,6476.5862466774697
6035,6477.9754087534475
6036,6480.169310148347
6037,6480.2930825337471
6038,6480.2930825337526
6039,6482.4193182438694
6040,6483.861848464956
6041,6484.0102491790549
6042,6484.1149145215277
6043,6488.4928271471417
6044,6488.9843085409575
6045,6489.7378107800641
6046,6489.737810780076
6047,6490.1850261963427
6048,6491.0998205048318
6049,6492.1644828841172
6050,6493.6734221350398
6051,6494.0577593147655
6052,6494.684560526689
6053,6496.4458111743706
6054,6496.9110100333482
6055,6499.3397991684951
6056,6500.2441201176389
6057,6500.3407726940959
6058,6501.308530402217
6059,6501.3085304022206
6060,6501.4797186397473
6061,6501.9491773958316
6062,6503.9927787544029
6063,6504.4359607435408
6064,6508.1611668696132
6065,6509.3813544159011
6066,6509.5959509025879
6067,6509.7097871136993
6068,6510.2009133178544
6069,6511.2903756201376
6070,6512.4107135712238
6071,6513.667018187115
6072,6515.8066575274797
6073,6516.4411390856731
6074,6517.0720932662134
6075,6519.0546320239273
6076,6521.0147619057016
6077,6521.7356601383226
6078,6524.0223554309705
6079,6524.8678048129204
6080,6528.032469279713
6081,6533.311184495099
6082,6533.9114344129976
6083,6535.6852587677004
6084,6536.5369907176746
6085,6539.1820639977132
6086,6539.6691081881136
6087,6540.0665248056275
6088,6542.1909220602756
6089,6542.3894722057657
6090,6542.7281258823787
6091,6543.1081003528907
6092,6543.1332926137011
6093,6544.288646223511
6094,6545.9130636933278
6095,6545.9130636933605
6096,6547.0035650002601
6097,6547.0457400065625
6098,6551.4644293391439
6099,6552.4433103737829
6100,6555.7102472414754
6101,6556.0776984823888
6102,6556.504164271917
6103,6556.5421422941135
6104,6558.2930241959566
6105,6562.2018338606804
6106,6563.1086318142206
6107,6566.0278828399587
6108,6566.5513473037036
6109,6566.5513473037163
6110,6566.9611756004024
6111,6567.2561983072874
6112,6567.5801038735326
6113,6569.5628526871396
6114,6571.1980733966266
6115,6571.4430937969346
6116,6571.4810899399881
6117,6572.3940106988839
6118,6573.1127276461366
6119,6578.3463727695125
6120,6581.0656916400876
6121,6582.7059681265373
6122,6583.7749318165306
6123,6583.9616937568289
6124,6587.4391344030118
6125,6589.5021173889809
6126,6589.7020178068688
6127,6589.7020178068797
6128,6589.9657295509169
6129,6590.8271838109104
6130,6591.5991729603338
6131,6596.5439590704391
6132,6599.5333975167414
6133,6601.1528336409428
6134,6602.4930882637318
6135,6603.3979026191801
6136,6604.4625184680535
6137,6606.4132133027115
6138,6606.4132133027433
6139,6608.0691165088583
6140,6608.6320620648903
6141,6609.5934966287905
6142,6610.6058663186268
6143,6613.5237114966794
6144,6613.5260696702426
6145,6613.5693726189393
6146,6614.3201443273774
6147,6615.3607271571054
6148,6616.4914979275791
6149,6617.0860591337114
6150,6618.8494824083527
6151,6623.1686751564384
6152,6625.4621406936203
6153,6625.9223481412482
6154,6626.3301574982506
6155,6626.6946217077393
6156,6629.8652603316805
6157,6630.8328791866807
6158,6631.2313910517341
6159,6634.4164399363863
6160,6634.4164399363963
6161,6634.6230062562772
6162,6634.7696489637383
6163,6637.5005133099612
6164,6640.4646894937878
6165,6641.4393763036151
6166,6641.8653646087014
6167,6642.1486648652681
6168,6643.3797749136093
6169,6643.7087180653016
6170,6644.5158123215515
6171,6644.6417333538802
6172,6648.5665519695876
6173,6648.8767847935724
6174,6650.0001123554821
6175,6650.0001123554975
6176,6650.1136145335422
6177,6650.236844938916
6178,6654.4838342025478
6179,6655.241743888143
6180,6655.8409048628591
6181,6656.5182848826344
6182,6658.7241360488242
6183,6660.2294875437155
6184,6667.2072523741717
6185,6668.490225127015
6186,6668.7044444897429
6187,6668.8668629156673
6188,6671.1975483962442
6189,6671.2842966820954
6190,6672.446601445874
6191,6675.8723573607031
6192,6676.3018927971407
6193,6676.3018927971598
6194,6677.7775193643374
6195,6682.3402765510582
6196,6682.34027655108
6197,6683.3093593900221
6198,6683.3093593900221
6199,6684.8841879766778
6200,6684.9280207219044
6201,6685.0941571107242
6202,6686.9403808398374
6203,6687.7231351379378
6204,6688.2532005868261
6205,6688.5882276125185
6206,6692.958357360133
6207,6693.6175296128959
6208,6693.617529612934
6209,6695.0954605637589
6210,6695.4704764486642
6211,6695.8535659560257
6212,6696.4141802288423
6213,6698.4811952987275
6214,6700.8428868520414
6215,6701.6102094040543
6216,6702.5249404996212
6217,6703.1602720462643
6218,6703.2201828710431
6219,6705.6967596957875
6220,6708.4109924582817
6221,6710.5697951750954
6222,6710.5799401424292
6223,6711.1238011789947
6224,6711.3930007877389
6225,6712.8129685149479
6226,6712.8129685149634
6227,6713.0441701373566
6228,6713.1881565961648
6229,6714.0306464982259
6230,6714.7586884500297
6231,6714.8932957058096
6232,6716.9637268793076
6233,6720.1381039574153
6234,6720.1747673752616
6235,6722.0132768817966
6236,6722.6886972452257
6237,6722.8143635685856
6238,6724.1195115778619
6239,6726.1966364481041
6240,6727.3535993100322
6241,6727.9059248003996
6242,6728.5875194401215
6243,6731.1625605389872
6244,6734.1765261687751
6245,6734.3613140640155
6246,6737.0566163087196
6247,6739.017838328019
6248,6739.4338481627719
6249,6745.5666427907181
6250,6746.2651283055675
6251,6748.631641750686
6252,6749.9860578429034
6253,6750.8107616886991
6254,6752.0650749044671
6255,6752.1910712563049
6256,6753.6552335024871
6257,6754.9548981303788
6258,6755.0896276639733
6259,6755.9235811402887
6260,6757.417501806056
6261,6757.4175018060732
6262,6758.0419601847798
6263,6759.6829138441708
6264,6760.0796069181952
6265,6762.0071417437621
6266,6762.6591871672654
6267,6764.5717187811633
6268,6767.3689749205578
6269,6768.6804190644316
6270,6768.7732888786586
6271,6774.0436909202162
6272,6774.81517981052
6273,6775.8566693927332
6274,6776.4710017730713
6275,6779.7046832782726
6276,6779.8757943828759
6277,6779.8757943828887
6278,6781.0241752356387
6279,6783.4975605395366
6280,6783.8247884221282
6281,6784.244868330703
6282,6784.3826456059078
6283,6786.606177056231
6284,6787.7373895756627
6285,6789.1574051010739
6286,6791.6174644147086
6287,6792.3053458543682
6288,6795.4017104505456
6289,6795.8564526991067
6290,6799.8974930800732
6291,6802.1115824785038
6292,6802.4390186275741
6293,6803.0264648860202
6294,6803.026464886033
6295,6803.4587831241352
6296,6803.5427145376234
6297,6811.7796252711896
6298,6812.2399602876476
6299,6812.8195901503077
6300,6814.2931611574732
6301,6814.2931611574932
6302,6815.502529954977
6303,6817.8225334094459
6304,6818.6190973143703
6305,6821.3512837018279
6306,6821.7844673858699
6307,6822.2455105809058
6308,6824.7453554308613
6309,6825.8595167828498
6310,6826.6172315038493
6311,6826.7803334227356
6312,6828.4002100064481
6313,6830.0644187153348
6314,6830.2532990238724
6315,6831.4279076521998
6316,6837.7001893378701
6317,6838.0731177033458
6318,6838.8472566929495
6319,6841.0249548647325
6320,6841.7239237413251
6321,6842.1836317622628
6322,6842.5773520009452
6323,6847.2520000841214
6324,6847.7408870155568
6325,6847.7408870155878
6326,6848.3485298227633
6327,6848.9064852665806
6328,6851.5715354790018
6329,6852.4820115335287
6330,6852.482011533536
6331,6853.8743427631416
6332,6854.4437172211874
6333,6854.7706446605816
6334,6855.0685675482837
6335,6857.0768670271063
6336,6857.458495146936
6337,6860.7187050758339
6338,6860.9837907682204
6339,6861.8764871422445
6340,6865.1663915718618
6341,6867.8518123627109
6342,6868.1432409400159
6343,6869.495492234516
6344,6869.5799572489495
6345,6871.6582391278225
6346,6871.6582391278316
6347,6873.8783604837017
6348,6878.7888193279505
6349,6879.8992496492319
6350,6881.7129745121083
6351,6883.3295224464182
6352,6883.4205766020714
6353,6883.8840355120392
6354,6884.3621842848042
6355,6890.4708726473409
6356,6890.9739430833743
6357,6893.4462016841499
6358,6893.5234836256559
6359,6893.8447146638291
6360,6893.8447146638509
6361,6895.1945516851501
6362,6895.4551833311762
6363,6896.633806469179
6364,6896.6338064692054
6365,6896.7797613345083
6366,6898.6504661291665
6367,6901.5899346617198
6368,6904.723394429252
6369,6906.7681283191778
6370,6906.9419766920482
6371,6906.9419766920555
6372,6907.2101454290478
6373,6907.8218031878505
6374,6908.3901243099126
6375,6909.1318972927611
6376,6910.3463357312667
6377,6914.01951232597
6378,6914.6030729132399
6379,6918.3448120693074
6380,6919.7114053255937
6381,6920.1779296703071
6382,6921.2612357356256
6383,6922.2367568206055
6384,6922.8350378011064
6385,6924.818086585964
6386,6924.8879070196053
6387,6925.3780944371156
6388,6925.7541953746058
6389,6926.1374155941057
6390,6926.1374155941139
6391,6926.5235419481969
6392,6926.8939302840681
6393,6929.0631393311851
6394,6930.0627913082117
6395,6932.4601712174963
6396,6933.5505935332412
6397,6934.4042432548786
6398,6934.8392504227941
6399,6935.124309977321
6400,6936.0083496259585
6401,6936.7800089821194
6402,6939.4356525593721
6403,6940.5037238344194
6404,6943.2688895813862
6405,6945.7144258794433
6406,6946.3919203815558
6407,6949.4777388053963
6408,6950.7371547841312
6409,6951.7477289828958
6410,6956.3792642663475
6411,6956.4797081172228
6412,6960.7379426346615
6413,6962.0121055056816
6414,6962.0463533246857
6415,6963.2459588089696
6416,6963.904931044658
6417,6965.2974496607894
6418,6965.2974496608203
6419,6966.4886107547418
6420,6967.1526970516798
6421,6968.4572340743443
6422,6969.0362135505147
6423,6969.8830091500595
6424,6972.4449107925648
6425,6975.3560018765193
6426,6975.3854007883156
6427,6975.557426424697
6428,6981.5845400125436
6429,6982.1311699932585
6430,6982.7622621463861
6431,6985.3825414712246
6432,6989.3543639382797
6433,6991.5250765420969
6434,6992.8814538882061
6435,6993.2002414620465
6436,6993.2002414620647
6437,6994.0807405157166
6438,6994.0998242721016
6439,6997.0554005784061
6440,6997.0659859004118
6441,6997.3435494007917
6442,6998.5991705277784
6443,6999.4041329552629
6444,7000.3505274839008
6445,7001.0350849507222
6446,7003.2598892623837
6447,7004.9592296839101
6448,7005.7600864953856
6449,7007.7363748218486
6450,7011.7217051673942
6451,7014.5309029987748
6452,7014.5309029987775
6453,7016.0990296178097
6454,7016.3803597683582
6455,7016.7750603355316
6456,7016.7750603355626
6457,7018.5334339195933
6458,7023.0615171368154
6459,7025.0878540584399
6460,7026.6148546700761
6461,7030.9733923046515
6462,7030.998873605774
6463,7032.2556047594544
6464,7032.7377614036113
6465,7034.2531472209275
6466,7034.294099324844
6467,7039.7115992084791
6468,7039.9820313347373
6469,7040.6237011387702
6470,7040.7526591594742
6471,7043.209294871257
6472,7047.3787813951631
6473,7047.8383578641888
6474,7047.8383578642315
6475,7048.4951300333169
6476,7049.284536713807
6477,7051.2377617381389
6478,7052.8918170723728
6479,7053.3482334309601
6480,7057.8332317864397
6481,7058.1582179115157
6482,7058.1878067868311
6483,7058.2223211449027
6484,7061.0653340946928
6485,7061.0653340947256
6486,7061.2178366601447
6487,7066.3905903113837
6488,7066.58798502215
6489,7067.4850190520574
6490,7067.8582876324544
6491,7068.1224878235143
6492,7068.8981037805233
6493,7069.9361425898951
6494,7070.1481204342817
6495,7070.7175386437784
6496,7073.7502007513622
6497,7077.1608576279932
6498,7080.0126213007779
6499,7080.8395417863831
6500,7082.1000581474336
6501,7083.3903544016575
6502,7084.5334868797663
6503,7085.3530714983453
6504,7087.330090266546
6505,7091.5640583275663
6506,7091.63582710225
6507,7093.869472628905
6508,7094.7348488444659
6509,7096.0924998502542
6510,7096.4331422404393
6511,7098.0323111979196
6512,7100.6422428751675
6513,7101.3063788666104
6514,7101.360565799193
6515,7101.7246625185544
6516,7101.7246625185671
6517,7108.2329082184133
6518,7108.2941130503377
6519,7109.5789233394344
6520,7109.9582535483169
6521,7109.9582535483296
6522,7113.2379782016023
6523,7114.7630056841754
6524,7115.1841552394499
6525,7118.4464148047964
6526,7118.4464148048119
6527,7120.3569462487203
6528,7120.9869102694656
6529,7121.0346340913184
6530,7122.3494640501458
6531,7122.4162998925021
6532,7123.6230217528155
6533,7126.1510604337154
6534,7127.4701432512811
6535,7129.6092777646099
6536,7130.0971133498815
6537,7131.5694211512146
6538,7132.9280937741978
6539,7133.6116588113509
6540,7133.806642083131
6541,7137.2561821330546
6542,7137.3039188240018
6543,7137.7434570938876
6544,7139.1809829868389
6545,7139.4415816191504
6546,7139.4618626732854
6547,7139.4618626733036
6548,7142.2691763507864
6549,7143.8960969751679
6550,7145.532207809425
6551,7146.653622783032
6552,7147.5087242339532
6553,7147.5130072228339
6554,7147.5465446497674
6555,7150.7503705434729
6556,7152.2863470339798
6557,7152.5792399230004
6558,7153.1037258499382
6559,7154.2256305678702
6560,7154.9563055927638
6561,7155.742417911827
6562,7161.0137418310032
6563,7161.628661708306
6564,7167.5070683936665
6565,7167.7793488388734
6566,7167.7793488388816
6567,7167.8213341688597
6568,7171.2828692946669
6569,7172.720644174974
6570,7173.9636340235957
6571,7174.4318995077792
6572,7174.6339825409441
6573,7175.1707570535355
6574,7180.4014828505624
6575,7181.5690366072877
6576,7181.7914382913614
6577,7184.4319250429962
6578,7185.5157261357226
6579,7189.0717551265707
6580,7191.0673229320801
6581,7191.3194045292485
6582,7193.1229922111615
6583,7197.8771617283737
6584,7198.7694651474958
6585,7199.4424165380124
6586,7202.7475302658222
6587,7204.7046795747538
6588,7204.7046795747556
6589,7204.7227441216719
6590,7204.8891391508751
6591,7205.5729633793026
6592,7205.8716446487551
6593,7207.6834899934738
6594,7208.9241462848731
6595,7209.1533695123289
6596,7210.2557773988246
6597,7210.3460672105202
6598,7211.9602480806443
6599,7212.1314066661807
6600,7212.1314066661907
6601,7218.11191672929
6602,7222.4108508534855
6603,7222.4108508535164
6604,7224.0852822935976
6605,7225.3995805877448
6606,7227.1164422529564
6607,7227.5158759375554
6608,7228.707263366784
6609,7234.1421629236211
6610,7234.4024398812662
6611,7234.4024398813172
6612,7236.2037167093067
6613,7241.1272358355445
6614,7243.0887414860172
6615,7243.9035065359476
6616,7244.3789466262888
6617,7245.2707734951746
6618,7250.2291896380848
6619,7251.1525472042049
6620,7251.3978551237133
6621,7252.8540456716073
6622,7252.9878465883467
6623,7252.9971461520408
6624,7255.6763524264152
6625,7255.9618846389785
6626,7256.7701863736856
6627,7256.8017434265275
6628,7257.1301487997325
6629,7261.162384434645
6630,7267.0283339081507
6631,7267.2647824071164
6632,7269.6299153857572
6633,7272.5697722074528
6634,7272.5697722074701
6635,7272.6026239891198
6636,7274.5490869729119
6637,7275.3228681811624
6638,7275.5901338831272
6639,7278.9993815551143
6640,7279.3460580786023
6641,7280.1165839011583
6642,7280.9594820750426
6643,7281.4205047924333
6644,7282.504731660697
6645,7282.8078373691333
6646,7286.2767689220573
6647,7286.6629319260528
6648,7288.954931128982
6649,7288.9657469535277
6650,7290.4677796486621
6651,7290.6868199472055
6652,7293.0075589818853
6653,7296.8131298196013
6654,7298.1334773260278
6655,7300.2742782208952
6656,7301.5602563972143
6657,7304.2065616966138
6658,7304.2065616966283
6659,7304.9808137060991
6660,7306.1784283278175
6661,7306.4478593280592
6662,7306.516182434274
6663,7307.4867396879908
6664,7308.8386953697272
6665,7311.5846683475775
6666,7313.5287825879414
6667,7321.4626916610796
6668,7321.4626916610996
6669,7321.9913516670395
6670,7324.7615898279455
6671,7325.838976952592
6672,7326.0162674367812
6673,7326.3263626595563
6674,7326.3263626595681
6675,7330.0347111082265
6676,7330.4322906789566
6677,7330.6076853692184
6678,7332.3426854653162
6679,7332.695649360463
6680,7332.8240401382409
6681,7333.8253819557513
6682,7334.9139554360127
6683,7338.2666999877165
6684,7341.873981386062
6685,7342.4014299876835
6686,7344.8327103786578
6687,7346.868474548578
6688,7346.8748668519429
6689,7346.968327867211
6690,7349.6569180592533
6691,7349.9177552145165
6692,7350.3386706030169
6693,7350.9663007860281
6694,7350.9663007860427
6695,7352.0467564752171
6696,7352.4486297122003
6697,7354.2480051319326
6698,7354.3165456868819
6699,7355.7035490652815
6700,7356.0315974503055
6701,7356.0788502818414
6702,7357.7150738160326
6703,7359.424509894222
6704,7359.5596130372596
6705,7360.2250544609769
6706,7360.7801423639194
6707,7363.135695169507
6708,7363.1356951695107
6709,7365.5524370525573
6710,7366.1340660059795
6711,7367.0702049603042
6712,7373.853007102216
6713,7375.1524202252576
6714,7377.5968567170403
6715,7381.0428398552567
6716,7381.2599510899863
6717,7381.8173479181069
6718,7384.3333627846014
6719,7388.262924190688
6720,7391.4915776156367
6721,7391.9705067121286
6722,7397.2872106055829
6723,7397.4541885134768
6724,7397.921978915042
6725,7398.1136755813959
6726,7398.3997369812232
6727,7398.6954886832355
6728,7398.6954886833
6729,7401.7182174553418
6730,7404.5173444914562
6731,7404.8526679325023
6732,7408.3500263830974
6733,7410.5825586176688
6734,7412.584627429459
6735,7412.58462742953
6736,7413.6900615006489
6737,7414.6862417743559
6738,7414.8029097878534
6739,7415.5777230236972
6740,7419.4787520794625
6741,7420.2190818393428
6742,7420.7123959389137
6743,7421.9472470817591
6744,7424.7664893439314
6745,7424.8927500315503
6746,7424.8927500315785
6747,7425.3947550792318
6748,7431.1955766974697
6749,7431.2068775379676
6750,7431.4318318159712
6751,7433.3985662087807
6752,7434.7246700820197
6753,7435.4566478332026
6754,7435.5467471815
6755,7442.401694904338
6756,7446.6041407443863
6757,7446.8773066738304
6758,7447.7734183319208
6759,7448.1926435864216
6760,7451.7085869574294
6761,7453.272262899618
6762,7456.7430647453739
6763,7457.2312725827887
6764,7459.4819619772716
6765,7460.6421651462369
6766,7461.7406007941654
6767,7461.9225176390919
6768,7463.7507632298248
6769,7464.3977639075092
6770,7465.539499463026
6771,7467.5118877433715
6772,7470.8132761872139
6773,7472.5625283150712
6774,7473.0334465108735
6775,7474.3404280458699
6776,7476.9494855780213
6777,7479.2030363588738
6778,7479.7839071833951
6779,7480.4497200622118
6780,7480.4497200622309
6781,7484.9213199088626
6782,7485.0119305250055
6783,7488.5076376161887
6784,7490.1457466423617
6785,7490.1938715961023
6786,7490.5105691496428
6787,7491.1934738125874
6788,7491.8898318749552
6789,7492.159300659162
6790,7492.5779753173874
6791,7493.6847215646803
6792,7495.910500269265
6793,7497.4503865291781
6794,7497.5785091512698
6795,7499.5629080272611
6796,7499.5629080272984
6797,7501.0479636082619
6798,7503.8108742742297
6799,7503.8711729947227
6800,7507.8301975484937
6801,7510.9321608079154
6802,7513.0951953858776
6803,7514.2888430924822
6804,7515.5276570640044
6805,7521.49604237112
6806,7523.0358078935487
6807,7526.3917799673263
6808,7528.0233508860501
6809,7528.8082618375747
6810,7528.8082618375956
6811,7529.3426395158249
6812,7529.342639515834
6813,7531.2055920463426
6814,7532.4544864793988
6815,7534.0334264772237
6816,7534.327510322375
6817,7535.1095693817006
6818,7537.5482293826435
6819,7537.7625562778558
6820,7539.7961958132282
6821,7539.9978549312245
6822,7541.6541541650158
6823,7544.7859530633468
6824,7544.9857935108266
6825,7547.4599537438871
6826,7549.6997771866299
6827,7549.6997771866399
6828,7550.8106291057102
6829,7552.1932713032693
6830,7553.3154025280646
6831,7554.1267718508552
6832,7554.8108822208769
6833,7555.3202074348792
6834,7557.1301726575048
6835,7557.2272468682932
6836,7558.8462486407698
6837,7558.8462486407952
6838,7559.3031148579585
6839,7559.5100146017467
6840,7560.6122832586498
6841,7561.6006679102393
6842,7561.753053641175
6843,7564.4045582795497
6844,7565.0913585389208
6845,7566.0912169817202
6846,7567.1425136417429
6847,7568.0129742033723
6848,7572.5501752675655
6849,7574.8756074196835
6850,7574.8756074196917
6851,7577.4555644674783
6852,7580.0789099539315
6853,7581.8320439884155
6854,7584.0625879625577
6855,7587.1366295011676
6856,7588.9779807450504
6857,7590.615834818318
6858,7591.9242458227291
6859,7593.7691539355073
6860,7595.5536868781755
6861,7598.1005023333537
6862,7598.8566090480081
6863,7601.9059426703543
6864,7602.085429549049
6865,7603.7686107225554
6866,7604.4190287647361
6867,7607.9017638038595
6868,7609.3865175343453
6869,7614.0575771471686
6870,7615.0665266075302
6871,7615.0665266075785
6872,7616.4235225455031
6873,7617.4993291065057
6874,7617.7749908269434
6875,7618.8115869543672
6876,7620.2490963621676
6877,7620.2490963622186
6878,7620.3383254927585
6879,7621.4870645851624
6880,7623.1989453087044
6881,7624.9142428925843
6882,7626.9727203267039
6883,7627.6224104029707
6884,7629.0037163372654
6885,7629.7085528572688
6886,7632.5624759328857
6887,7635.5069617677927
6888,7636.0571335062059
6889,7639.6811633675206
6890,7640.5435284024861
6891,7642.663519686138
6892,7645.2953476308203
6893,7646.1838894880939
6894,7648.7208543301431
6895,7653.1433070569792
6896,7654.7554024319552
6897,7655.4519839144514
6898,7658.1264193110546
6899,7660.1659296547077
6900,7661.782476640481
6901,7664.0995840116811
6902,7665.8509788244428
6903,7666.1595735392621
6904,7667.812802847684
6905,7669.6314286494644
6906,7669.7196529342627
6907,7671.0809547985191
6908,7672.0647770062242
6909,7676.4852950584518
6910,7678.9332309569809
6911,7679.2264104825617
6912,7682.9316192402466
6913,7682.9316192402785
6914,7683.017247243758
6915,7684.0593587767171
6916,7684.4339222599319
6917,7685.1418177376381
6918,7686.1269900443185
6919,7686.1269900443731
6920,7688.0074558917795
6921,7689.1876491461853
6922,7691.1527280939627
6923,7691.9555706715701
6924,7692.6666714187922
6925,7694.7197541410032
6926,7694.8721612475038
6927,7696.1113940701844
6928,7696.9161842434914
6929,7702.2842867740901
6930,7703.5068894446831
6931,7707.1430090433405
6932,7709.8329127731504
6933,7712.3068404683645
6934,7712.7587823343001
6935,7715.093846321749
6936,7716.91684065356
6937,7717.9728184168471
6938,7720.5050768883348
6939,7720.8362976570097
6940,7724.1646081682266
6941,7724.1646081682729
6942,7725.8798959229762
6943,7725.8798959230262
6944,7731.495738184547
6945,7731.8245386938634
6946,7731.8245386938661
6947,7732.1012847535976
6948,7734.0417668963682
6949,7735.9958708325375
6950,7737.0149730439998
6951,7739.1686562216873
6952,7740.3144702579684
6953,7740.4169351685659
6954,7740.6861799348126
6955,7741.9995274263347
6956,7744.1575522482262
6957,7745.456677706813
6958,7748.5341173336565
6959,7748.8584748110234
6960,7749.0870931186664
6961,7750.1188113000562
6962,7752.1905369034494
6963,7754.454123757354
6964,7754.499392203069
6965,7754.514588266009
6966,7756.0596905694283
6967,7757.9207574669672
6968,7759.4809426369675
6969,7760.9577978827701
6970,7761.328147818831
6971,7761.3281478188383
6972,7762.7672184571029
6973,7762.7942656028781
6974,7763.4368263124643
6975,7764.0974562488072
6976,7766.9978055193415
6977,7767.0370371461822
6978,7767.4568099939161
6979,7771.5904827298536
6980,7772.2241956211756
6981,7776.4726169991573
6982,7777.8574944034763
6983,7782.4288161028726
6984,7783.4105397333433
6985,7783.6404296669425
6986,7784.603652315719
6987,7789.3936374719615
6988,7789.6221466679217
6989,7790.7061929320553
6990,7794.2368197733567
6991,7795.9376451771368
6992,7798.2042379429968
6993,7799.4075117994971
6994,7800.6783536768608
6995,7802.0291468606629
6996,7802.2130335794745
6997,7805.3997666011319
6998,7806.8131783792533
6999,7806.8131783793306
7000,7807.842868858751
7001,7808.4457122594013
7002,7810.4228729381875
7003,7810.4228729382367
7004,7813.5423028754867
7005,7816.7170127309937
7006,7816.904975564401
7007,7817.8493438257638
7008,7820.3746723584482
7009,7822.5163872179
7010,7825.9832301205051
7011,7826.8188920749944
7012,7827.2123779885578
7013,7828.217005016757
7014,7829.9722621512083
7015,7830.9349472085323
7016,7833.3619937738986
7017,7833.6868358821102
7018,7839.4082206628873
7019,7841.7554573982516
7020,7841.8906805136376
7021,7842.2920294866772
7022,7847.4761262813272
7023,7849.6018470334875
7024,7852.3197630384666
7025,7853.5238650122228
7026,7853.9479938310069
7027,7854.5581687461445
7028,7861.2196461929734
7029,7861.7063245870449
7030,7862.3071087807366
7031,7862.3071087807648
7032,7862.5662538651095
7033,7863.5598924266933
7034,7863.9670846778881
7035,7867.4569370925828
7036,7867.7618986328271
7037,7868.0901129380291
7038,7870.2701876108713
7039,7871.2518597620074
7040,7877.3239022444322
7041,7878.2879655708875
7042,7878.2879655709203
7043,7879.4222149252118
7044,7879.8056221116685
7045,7884.0206925498396
7046,7887.9142791921749
7047,7888.3584595200091
7048,7888.7896907526756
7049,7890.1729447249845
7050,7890.1729447250209
7051,7892.401742619938
7052,7892.8295581902476
7053,7893.0734361973964
7054,7896.0394229933454
7055,7897.3018675678504
7056,7899.518960519682
7057,7900.1857694159344
7058,7906.1297483708458
7059,7906.2493472402275
7060,7908.1426595726525
7061,7909.1159893398863
7062,7910.7286901853295
7063,7910.728690185354
7064,7911.8683020656645
7065,7914.5426130770838
7066,7920.0195745401588
7067,7922.1839159117326
7068,7923.54470881419
7069,7925.6577225693045
7070,7927.180885024577
7071,7927.1808850245925
7072,7928.3296829363135
7073,7928.7381006140031
7074,7929.0176794399313
7075,7930.2640409899905
7076,7931.023487172185
7077,7931.4912933081559
7078,7932.6260195058312
7079,7932.7541816498015
7080,7933.2193586001686
7081,7939.971697334272
7082,7941.7878440549675
7083,7941.8094040546621
7084,7944.3342203312995
7085,7944.903668200951
7086,7945.0070441525286
7087,7946.7832053169514
7088,7948.9098590482372
7089,7950.5096698220041
7090,7951.5674344067556
7091,7951.5920846164508
7092,7953.7213719046367
7093,7956.622455434006
7094,7956.6844941494564
7095,7956.6844941494874
7096,7956.8816398019017
7097,7957.7947406597523
7098,7959.3670437834735
7099,7960.5450573475482
7100,7961.5532061049544
7101,7962.1067114931548
7102,7963.9556110718822
7103,7969.3404234968257
7104,7970.483518619345
7105,7970.5404808441044
7106,7973.7540118759443
7107,7974.8766673502914
7108,7976.264264002677
7109,7977.4420832126298
7110,7978.4869342680295
7111,7980.88312576936
7112,7982.9932971157004
7113,7982.9932971157614
7114,7983.125188109856
7115,7990.6831032907357
7116,7990.8379733304691
7117,7991.4134798964142
7118,7995.2450621832932
7119,7995.5258061017676
7120,7996.9666560305095
7121,7996.9869549553168
7122,7996.9869549553223
7123,8005.1425440182202
7124,8006.32680571936
7125,8006.6674929145265
7126,8006.9214829773382
7127,8009.0924008003849
7128,8009.8061421731936
7129,8011.4375542610369
7130,8014.4144301279257
7131,8017.2728876625033
7132,8018.3618770585299
7133,8019.5403610017456
7134,8020.0405475067464
7135,8020.4651568793852
7136,8023.8091661452263
7137,8026.0820788678238
7138,8026.6001575827868
7139,8026.6001575827868
7140,8026.8191755184898
7141,8034.460960064318
7142,8035.0166352837714
7143,8038.7507114476657
7144,8040.1573288166192
7145,8040.599796558462
7146,8041.1772332283554
7147,8041.6330523768993
7148,8046.7333492660473
7149,8050.1595376201531
7150,8053.2898929047997
7151,8053.4386928739832
7152,8054.4528103578141
7153,8054.6788243223682
7154,8055.7153772737001
7155,8057.404985328928
7156,8060.0784338903313
7157,8061.3537772346854
7158,8063.1525545953828
7159,8064.8520475879895
7160,8064.8520475880077
7161,8066.2343974705591
7162,8066.5107553013786
7163,8067.4128041028462
7164,8074.7956705015258
7165,8078.3084062456537
7166,8078.8982058833653
7167,8079.4969824822801
7168,8079.9954561593104
7169,8082.2213928440497
7170,8082.4153127590416
7171,8082.587761596571
7172,8086.9088089217348
7173,8086.9088089217457
7174,8087.2420388226474
7175,8089.2934169507644
7176,8089.3805951090189
7177,8090.6214793155095
7178,8093.5438901221651
7179,8096.0914350894163
7180,8096.6377508792566
7181,8097.0123916100047
7182,8098.0404821023658
7183,8107.7179778823456
7184,8108.4203696231489
7185,8108.7430634270022
7186,8111.4527002384366
7187,8113.4711732932756
7188,8113.7449670416081
7189,8113.7449670416372
7190,8114.4427582819098
7191,8115.1157478356554
7192,8116.524754963265
7193,8118.0231941943666
7194,8123.46389849149
7195,8123.775328412331
7196,8124.5444698388992
7197,8125.275982928626
7198,8125.693640025318
7199,8128.6145611639613
7200,8129.3655291379309
7201,8131.1519737675289
7202,8131.5915636783911
7203,8133.7682457942747
7204,8136.7632077812814
7205,8137.7117557774009
7206,8138.3609482666689
7207,8143.14453601695
7208,8143.2485761665912
7209,8143.2485761666012
7210,8143.3599055226987
7211,8143.7213310211218
7212,8144.2022003040538
7213,8145.4577254244114
7214,8147.051979771275
7215,8147.2863459177261
7216,8147.2863459177397
7217,8148.4170090859707
7218,8149.8641224702396
7219,8150.7691691289519
7220,8152.4303396824998
7221,8153.429744027605
7222,8153.8863803229542
7223,8156.9472306812631
7224,8162.7209871362511
7225,8172.4152760555344
7226,8173.1670736916885
7227,8173.1670736917249
7228,8173.7691539723464
7229,8173.9679298571737
7230,8174.0326649554436
7231,8175.9008164322877
7232,8177.604446086073
7233,8177.604446086114
7234,8181.3187610522918
7235,8181.9526463412813
7236,8182.9874903679547
7237,8186.0804027265031
7238,8188.0382755754281
7239,8189.0430658199921
7240,8191.618189846281
7241,8193.6075329290943
7242,8195.9069673961803
7243,8197.1611084979704
7244,8198.1184909652529
7245,8202.6019675922671
7246,8202.8120771797167
7247,8203.64693173874
7248,8204.3316699872794
7249,8205.724510113243
7250,8206.845679137532
7251,8207.209434040371
7252,8210.8925558669343
7253,8214.8514565881778
7254,8217.2515309440205
7255,8219.6164290050256
7256,8222.9960339494937
7257,8225.7414673224976
7258,8227.6886562906802
7259,8230.0495148877835
7260,8230.93633418639
7261,8232.3345212123004
7262,8232.6749088454726
7263,8234.7080132517422
7264,8235.352629777828
7265,8235.5212547382962
7266,8237.2102354315466
7267,8237.8619276768222
7268,8241.0321663244067
7269,8241.0321663244285
7270,8247.2003804448832
7271,8249.2383532274453
7272,8251.201857723685
7273,8251.2018577237523
7274,8251.3065694196866
7275,8252.6655939908396
7276,8252.7403173541625
7277,8255.5641637195986
7278,8256.9499861858349
7279,8261.3280773540882
7280,8262.147414654115
7281,8262.2202163739566
7282,8264.7745786967498
7283,8266.9370616110627
7284,8267.1478440829687
7285,8268.0761210287528
7286,8274.667831529945
7287,8275.4862839837715
7288,8276.080789264528
7289,8277.5227451279716
7290,8279.724709096643
7291,8285.12656306399
7292,8285.7512225384617
7293,8288.0724969217026
7294,8289.6975384476882
7295,8289.9250857780262
7296,8289.9250857780407
7297,8290.8383821482967
7298,8291.3789494486755
7299,8294.450896096334
7300,8295.9938898782966
7301,8298.2906344209878
7302,8298.2906344210387
7303,8299.8578084764213
7304,8300.4916169875232
7305,8300.6458812155252
7306,8300.6523299211949
7307,8301.9929846734067
7308,8302.8807478743947
7309,8306.3314705190296
7310,8313.8990665965139
7311,8313.9493712021322
7312,8314.0316589437534
7313,8314.6438942957102
7314,8316.4431076466117
7315,8318.9693456254317
7316,8319.4286949029338
7317,8319.4286949029356
7318,8320.7503238475783
7319,8320.835234418184
7320,8322.3019573383663
7321,8324.5279677998824
7322,8324.71220534639
7323,8325.0927888658098
7324,8325.588186357747
7325,8328.7321649015103
7326,8330.1845110571794
7327,8331.881720654781
7328,8337.4601224937087
7329,8337.4601224937251
7330,8340.7434006405783
7331,8342.6764564477708
7332,8345.2546111925803
7333,8346.0489748411528
7334,8347.6367484478396
7335,8348.6489955323996
7336,8351.205416776862
7337,8351.7840262359914
7338,8352.9780326051132
7339,8353.0905054100531
7340,8355.9810654874782
7341,8356.5199118803666
7342,8358.3143809595276
7343,8359.8305252456485
7344,8362.5729333849195
7345,8362.9997765870503
7346,8367.4540521715644
7347,8372.5162986079795
7348,8375.3876464572786
7349,8375.9595453881502
7350,8376.2382788758223
7351,8377.4804074793483
7352,8378.1567174946595
7353,8380.7874103707109
7354,8384.4749228797173
7355,8387.3984375738364
7356,8390.012369781989
7357,8391.1262150602743
7358,8391.2904834705114
7359,8393.8693584419434
7360,8396.6528887937529
7361,8398.3069750247778
7362,8401.9031972210432
7363,8402.0494745702927
7364,8402.2061462270922
7365,8402.2061462271959
7366,8402.2736587965264
7367,8402.9789460065149
7368,8405.3252151264023
7369,8405.3252151264041
7370,8410.9340585705322
7371,8412.967547934084
7372,8414.499731000471
7373,8418.5459211873203
7374,8420.8597108488084
7375,8424.4033785396077
7376,8424.6186285883941
7377,8428.8354434581215
7378,8429.4790296152187
7379,8430.8369669554195
7380,8430.8625091092945
7381,8432.649214573672
7382,8434.71784727874
7383,8434.7178472787709
7384,8436.4868158252266
7385,8437.6448873499266
7386,8439.0550693297955
7387,8442.4551625063523
7388,8444.4567049690359
7389,8447.1914777639795
7390,8448.3053766293215
7391,8451.0220106924025
7392,8452.0881007801272
7393,8454.2181345799909
7394,8454.2181345800109
7395,8455.7622429311086
7396,8455.7924358346081
7397,8456.7765160708168
7398,8459.8118124153007
7399,8460.327793476632
7400,8462.7144324631863
7401,8465.0471487523355
7402,8465.281635288402
7403,8466.3710890507045
7404,8468.2314915242714
7405,8474.2110058359794
7406,8475.328974267828
7407,8475.436312145348
7408,8477.6933699548881
7409,8478.3534226661104
7410,8481.738481219787
7411,8483.3890981742024
7412,8483.7217437049785
7413,8483.7217437049876
7414,8484.7837925223121
7415,8485.8004323117839
7416,8487.8037520269263
7417,8488.045019171801
7418,8488.4644109970304
7419,8488.4644109970395
7420,8488.6277249240138
7421,8489.7629541423321
7422,8491.4253935638317
7423,8494.8168736728894
7424,8495.3536892183856
7425,8500.3017892187872
7426,8504.97953147103
7427,8506.0861155058483
7428,8506.4494832353685
7429,8506.6004042966179
7430,8509.2671619080265
7431,8511.1148496574569
7432,8511.7600527644518
7433,8513.0432725588053
7434,8513.6717399546505
7435,8516.9696097544638
7436,8520.8659260730783
7437,8523.5778574054657
7438,8528.4737913908175
7439,8531.4223202937592
7440,8533.1094450940946
7441,8533.9496735412686
7442,8534.974052378524
7443,8535.8916692779967
7444,8537.3429314157784
7445,8537.5832303333154
7446,8537.6623041954663
7447,8538.633359084788
7448,8538.6333590848517
7449,8540.8146345777532
7450,8547.8778606245451
7451,8555.4040356137557
7452,8556.1566974834386
7453,8556.3295036297168
7454,8556.3295036297295
7455,8557.1805865138576
7456,8557.5500145120695
7457,8559.4634705109402
7458,8560.5821096278087
7459,8562.5428315561749
7460,8563.7116716189412
7461,8566.800343310053
7462,8571.2518409856602
7463,8573.5222996889934
7464,8574.2242338181077
7465,8579.3256634036843
7466,8580.3232257765576
7467,8583.4411427899195
7468,8584.4265105342674
7469,8585.0969546651158
7470,8586.2702270537866
7471,8586.5859847371976
7472,8587.5567085639996
7473,8587.7693109564061
7474,8589.3605758740068
7475,8591.2115342585257
7476,8596.5189021735769
7477,8600.0157633428662
7478,8600.5347975605855
7479,8601.255049091691
7480,8604.9621260692638
7481,8605.222423083289
7482,8605.2224230833654
7483,8606.3152826408732
7484,8608.1489178138127
7485,8608.6396527826182
7486,8611.074401546879
7487,8613.5563681105177
7488,8616.364578277462
7489,8616.6505865296185
7490,8621.6976350224577
7491,8622.4981581383945
7492,8623.2923070049019
7493,8624.85168045504
7494,8624.8916238548136
7495,8624.8916238548682
7496,8625.894737460314
7497,8631.4453696269993
7498,8634.606207723813
7499,8634.726032208282
7500,8634.7260322082857
7501,8635.5063855238204
7502,8636.5512662415786
7503,8636.664127521859
7504,8637.8306569805973
7505,8638.8884596819298
7506,8642.2270604368969
7507,8644.3229000558804
7508,8644.7048347947202
7509,8645.4588701738612
7510,8647.5566196692562
7511,8651.952637988059
7512,8652.8112680542781
7513,8653.5909156357484
7514,8653.876368104211
7515,8656.3960671605564
7516,8658.3353470486181
7517,8659.3195474197346
7518,8659.3195474198164
7519,8665.6658737395064
7520,8667.6912502887735
7521,8670.1640260845779
7522,8670.7800333036266
7523,8673.5738582714821
7524,8677.4371317867772
7525,8677.5372825610939
7526,8682.0632188619402
7527,8682.4413949351965
7528,8683.7729797264237
7529,8686.0360928509781
7530,8686.6926653526662
7531,8692.7567164875145
7532,8692.7567164875145
7533,8692.9267124750077
7534,8696.9281031626233
7535,8698.7819018385489
7536,8698.8388282712185
7537,8699.5680885880302
7538,8700.2492429262438
7539,8700.3706664755828
7540,8704.850243138957
7541,8707.0191869864502
7542,8708.06597630742
7543,8708.2776486463099
7544,8715.389755270864
7545,8720.3162190517796
7546,8721.2444687859352
7547,8722.8994000515941
7548,8726.2822151086857
7549,8726.6813686557689
7550,8727.6530653299542
7551,8727.7610739406373
7552,8728.9373934011692
7553,8733.0237154589977
7554,8733.3426245290175
7555,8735.6614327431271
7556,8736.0547129878305
7557,8739.6066868045236
7558,8740.1543368583407
7559,8741.6496359411049
7560,8741.6496359411194
7561,8743.9723371877881
7562,8745.5778121895983
7563,8745.5778121897201
7564,8746.001086492377
7565,8751.651059396394
7566,8751.7635865158663
7567,8755.631410856422
7568,8756.6421954369416
7569,8762.778705063005
7570,8763.2350592257699
7571,8763.6438827895672
7572,8765.6796029380075
7573,8765.8783383380578
7574,8770.36673358798
7575,8771.1532450660688
7576,8771.1532450660707
7577,8771.4865827059457
7578,8772.6404770912577
7579,8772.7904039853875
7580,8776.1763614061529
7581,8776.2072222706192
7582,8776.3357759965693
7583,8777.8353328219619
7584,8779.2370321716207
7585,8779.9092070459392
7586,8783.1589304506651
7587,8783.7948314030818
7588,8784.9081494530456
7589,8787.4966138195196
7590,8787.6375056431043
7591,8794.4184336321014
7592,8794.65811456343
7593,8795.7935707784764
7594,8795.8166776334037
7595,8800.969995211397
7596,8804.5946327111978
7597,8813.1328914678325
7598,8813.2477598022615
7599,8813.2485040467873
7600,8813.442904822421
7601,8813.4429048224592
7602,8814.7077006902364
7603,8814.9865549324913
7604,8816.7502959779977
7605,8822.8826384999138
7606,8823.8987840937971
7607,8824.9843221637529
7608,8825.4849383875953
7609,8826.7351877424408
7610,8827.7799306496072
7611,8833.1125462136952
7612,8837.9753048965704
7613,8839.2871333509465
7614,8842.3389380148037
7615,8844.5278138807189
7616,8849.493323995739
7617,8849.4933239958336
7618,8850.3131609594984
7619,8850.4626424006256
7620,8850.7994761822101
7621,8853.5478385659135
7622,8853.7255086750483
7623,8853.8260705234479
7624,8857.7446430825512
7625,8862.3358242760132
7626,8862.3358242760532
7627,8863.3823634748023
7628,8865.5305209347443
7629,8865.6232497817036
7630,8867.8665202944485
7631,8871.6715892829125
7632,8873.9723770839901
7633,8874.129137400294
7634,8879.317666591236
7635,8880.6664793511318
7636,8882.1695212328177
7637,8882.2064237640479
7638,8883.4936053108286
7639,8885.7150455230785
7640,8890.7953090855226
7641,8891.1363924719426
7642,8891.8394334008899
7643,8891.8394334010136
7644,8892.0514293284668
7645,8893.1881670866478
7646,8895.1137848642793
7647,8895.5589587379727
7648,8896.1267615804136
7649,8898.5003580239081
7650,8899.7681178458715
7651,8900.7220082418262
7652,8902.2765811483005
7653,8905.0274596652434
7654,8905.1771810894061
7655,8909.178651840688
7656,8910.7289062733234
7657,8914.0758713374908
7658,8917.358416628389
7659,8917.3584166285073
7660,8920.6943393804468
7661,8927.1384738940433
7662,8928.3266243148591
7663,8929.8433697204
7664,8930.1220700335089
7665,8930.4682528332323
7666,8932.9430534669245
7667,8934.9275005933596
7668,8935.2037033158267
7669,8935.7515887656737
7670,8938.1091585507293
7671,8946.0865078357601
7672,8946.0875547571395
7673,8947.0083040857098
7674,8949.8228944572675
7675,8950.3527659004467
7676,8956.8576271030288
7677,8957.4513312574909
7678,8961.8410996837629
7679,8963.2890156250305
7680,8963.6418779563119
7681,8963.847657895747
7682,8965.8506639752432
7683,8966.2513360820576
7684,8966.251336082265
7685,8969.4017754173783
7686,8974.2040542136128
7687,8974.3034250886685
7688,8974.6881973655472
7689,8975.32734822374
7690,8982.8510402524225
7691,8983.787075742046
7692,8984.574848444774
7693,8988.21125166819
7694,8990.4703956354697
7695,8991.4320480304195
7696,8993.5240384747922
7697,8995.7549452070525
7698,8995.7549452070762
7699,8996.2729001062999
7700,8997.347250388495
7701,8997.5491445510452
7702,8998.8335870560495
7703,8999.8949864058886
7704,9000.8133333374772
7705,9000.8732709748911
7706,9003.6166813984037
7707,9003.6166813984364
7708,9004.9688610196299
7709,9007.1740693021675
7710,9015.7241421314466
7711,9016.3035544481918
7712,9017.8179781722229
7713,9026.1894239949725
7714,9026.2162339561837
7715,9026.2693068466942
7716,9026.7345928701343
7717,9026.8636183684557
7718,9027.8061951858817
7719,9029.3384960371641
7720,9033.2139002073091
7721,9036.6211307828526
7722,9036.9765040678722
7723,9038.2708917581458
7724,9044.3883315376243
7725,9051.4499189832386
7726,9052.0302383453745
7727,9052.5096008519813
7728,9052.5096008520941
7729,9055.1570723230543
7730,9055.2838289340289
7731,9055.7167328178493
7732,9057.273704537145
7733,9059.3376942523919
7734,9064.5782241351299
7735,9067.7370377746865
7736,9068.7679762239877
7737,9069.288670293261
7738,9071.4817740310973
7739,9075.1543353502366
7740,9076.3042466568422
7741,9077.4665620376854
7742,9080.7196952914783
7743,9082.0132099769817
7744,9082.0132099770217
7745,9082.9755658847698
7746,9083.6633796076221
7747,9085.0161334788154
7748,9085.4079133453251
7749,9085.4790126643566
7750,9091.0487721046593
7751,9092.4739876922849
7752,9092.8870009219299
7753,9094.2276913082424
7754,9098.4039015259314
7755,9102.9405237418978
7756,9103.6026741169444
7757,9106.7904436709687
7758,9106.860198387425
7759,9109.2072871494929
7760,9109.3637745181804
7761,9109.7689172390765
7762,9115.1109720432432
7763,9120.3746934847713
7764,9120.3746934848059
7765,9126.0960186897264
7766,9127.4210786162894
7767,9127.5746848826784
7768,9129.748723471057
7769,9130.0345251963408
7770,9135.6113340809025
7771,9136.0413357977486
7772,9136.863508379316
7773,9140.3255704968651
7774,9141.0643943597988
7775,9142.5829515897749
7776,9147.5045218286068
7777,9149.878302609648
7778,9149.8783026096717
7779,9150.6671814835645
7780,9152.7316112731314
7781,9152.9198881480061
7782,9153.1340465581688
7783,9156.3942539955824
7784,9157.3278361766552
7785,9160.4964261004006
7786,9162.4357041256135
7787,9163.1391975703191
7788,9168.4397880621273
7789,9168.5162216606859
7790,9169.2676129385327
7791,9171.3861476769416
7792,9176.1516117711035
7793,9180.6877577521627
7794,9182.6886272099655
7795,9185.0744805411887
7796,9185.3797735724384
7797,9185.5197240054622
7798,9189.4327167628471
7799,9193.2071294404668
7800,9196.1150002806226
7801,9198.7712220632311
7802,9198.7712220634003
7803,9200.6440368992753
7804,9201.8174691696076
7805,9202.8435228863891
7806,9205.8588711438406
7807,9207.4046118110837
7808,9208.9136652209509
7809,9210.8343549239853
7810,9210.8982570746703
7811,9215.0286908615271
7812,9221.5804938375768
7813,9221.632081688067
7814,9223.2215680595054
7815,9228.2748311882697
7816,9230.3028763017755
7817,9233.7050832346522
7818,9234.0637563256078
7819,9234.0676488804947
7820,9239.4277538706574
7821,9240.2447427564512
