# Domain: H_shaped (FD, convergence sweep, dense eig full spectrum)
# Resolution M = 137, dofs = 14445
# Computation time: 47.9359 s
# Eigenvalues stored: 14445 of 14445
n,lambda_n
1,7.7483673327785807
2,8.5659011183843319
3,13.931834393845683
4,13.935744678306236
5,14.299730531494637
6,17.701977714761615
7,19.731537571155641
8,24.785336769014961
9,26.372632401268888
10,26.424338610106354
11,32.989888315013424
12,37.12416896849188
13,37.186792191653588
14,39.099763262100893
15,40.605686095388805
16,42.187445310760921
17,45.211616234766161
18,46.234361943573205
19,47.408671600323842
20,49.282845159852251
21,49.282845159922864
22,51.92716501609496
23,54.836493401996854
24,58.65053084476812
25,62.562864448116876
26,62.698361988554446
27,63.01447155788297
28,65.382733103283442
29,67.376388191043901
30,71.939370618076993
31,76.752953051283399
32,78.834152748427783
33,79.639214306907533
34,79.72025726684727
35,84.980726008049643
36,85.695713269541926
37,87.616997740576338
38,90.870745137286434
39,91.841509218986801
40,95.108868078679251
41,95.326261742116984
42,95.491437792967687
43,97.584973571101727
44,98.381909714099038
45,98.381909714160216
46,100.71705879821693
47,105.63710720330361
48,107.14993737053264
49,107.87336032694942
50,111.3802776661968
51,112.18500542679169
52,112.72149046362935
53,118.34448827143413
54,118.64032907281843
55,120.72140382113741
56,120.92325822314176
57,122.20430705370978
58,127.93321730266312
59,127.93321730275764
60,133.19316892037418
61,138.7766210156785
62,139.03712560055823
63,139.11378649994822
64,141.69763234899773
65,141.76656031266464
66,144.80100437640579
67,145.45279436280649
68,150.02531222140271
69,154.2749960046653
70,155.64419027155574
71,155.95989449881296
72,157.63498490755737
73,163.2931420582407
74,163.38724070838103
75,163.72223354416434
76,164.92999668276946
77,165.81581184919881
78,166.79980872971132
79,166.79980872971811
80,168.01329024881056
81,171.14030536223004
82,172.27210152622396
83,173.54337306289099
84,177.03228185679333
85,179.51799453136096
86,180.07835628391535
87,180.94246263437901
88,184.10680981578409
89,189.48886597075384
90,191.54788762026061
91,193.39371560959185
92,193.77926041441145
93,193.86524136834331
94,196.3511163184572
95,196.35111631851143
96,196.74417831316535
97,197.22745752714997
98,204.39548974248174
99,210.59283221072184
100,211.93385628129707
101,212.4378501971199
102,215.64132386796788
103,219.87482068528118
104,221.31421705190894
105,222.23722911934061
106,222.32587475690804
107,222.96371017942437
108,223.03783895646217
109,223.20043971305992
110,231.23101244222411
111,232.85256650063405
112,233.30531289786535
113,242.26134746005553
114,244.73699025665084
115,245.45018087234334
116,245.45018087246603
117,248.97247661724248
118,249.01510502206466
119,250.00977783383823
120,250.57307583323762
121,251.98182217532514
122,252.58842628930219
123,253.55328148953544
124,254.2175463786281
125,254.21754637883893
126,255.755232208884
127,258.273685501778
128,258.93757416271325
129,261.17222810388813
130,264.95385635593755
131,265.8988150804222
132,266.99890220868338
133,274.45931466780178
134,275.08125285105717
135,275.33925552839725
136,275.34410365378108
137,280.48639793707503
138,283.73786823827106
139,283.76885396744581
140,283.76885396754307
141,286.52203458619942
142,286.86460651506383
143,287.23876348769966
144,287.76883383698282
145,292.34788650231809
146,292.80012915437396
147,299.61361473435886
148,299.99763252914795
149,302.97765367226367
150,303.58884478660713
151,304.09998523243661
152,311.90797973998269
153,313.86807988827491
154,315.36183906048501
155,315.57422410260381
156,317.10509452395081
157,320.00658382869284
158,320.22271322429316
159,321.35466700167785
160,322.89386881438628
161,323.73380581309635
162,329.32365315494297
163,332.86791852144438
164,332.86791852148008
165,336.00046926802258
166,339.20700365188293
167,341.97844390725595
168,345.12467560315503
169,345.93778523529716
170,348.79588028220041
171,350.35009011125209
172,351.48459642801299
173,352.4617004685847
174,355.4000550875279
175,355.81247501732145
176,356.75458346167261
177,358.76290161045125
178,359.10119861810887
179,360.22754081452001
180,360.22754081464592
181,360.5165205140101
182,360.69722803072727
183,365.1145131338622
184,367.21255730319564
185,369.37747998723933
186,369.51002111510866
187,369.77735542938899
188,371.15220177741378
189,377.31203369293507
190,377.8225240650541
191,380.23041183001828
192,383.39051629013971
193,385.6333398410041
194,386.38513593804811
195,387.35262350981907
196,389.77884840319689
197,389.77884840322929
198,394.12932549593387
199,399.08608256155105
200,399.09241051790383
201,399.25581935686483
202,400.76198415314741
203,400.93006304277458
204,401.28581753728821
205,401.2858175373367
206,401.52523534651812
207,407.52520480288172
208,410.05033238881862
209,412.30126734010338
210,412.99049273541112
211,418.391172821694
212,424.32570197563791
213,424.59155240167649
214,427.54026861120332
215,427.78057194523393
216,428.16888348592119
217,429.78998344738341
218,434.84805843301183
219,437.20199718636309
220,438.34814237332756
221,438.87791295738037
222,438.87791295740357
223,439.14561323576004
224,440.82799488180956
225,440.89874070097193
226,447.23148733201737
227,450.92007511430467
228,455.94245712937516
229,457.63480406337607
230,457.85279885234331
231,458.21504310698992
232,465.26327450390744
233,465.42661040032419
234,468.92867956866218
235,469.22075412376068
236,469.86157724291854
237,473.60263698547692
238,473.60951131613575
239,474.91140107310628
240,478.31156214048087
241,478.45117353195701
242,478.85632473689799
243,482.07179934491978
244,482.76644932233432
245,482.81872584230672
246,483.89135131678057
247,484.33552450680105
248,484.3355245068264
249,487.74462852722559
250,488.00018023920831
251,488.70355518635694
252,489.07320863793831
253,491.7185837567153
254,497.73165237608134
255,499.36990991980514
256,503.41140753742667
257,503.61546035119562
258,507.29581197311427
259,507.29581197312615
260,508.95778707628688
261,509.33485286924201
262,512.88792313207614
263,513.8868320952231
264,513.88683209545582
265,515.24547295940397
266,518.12519149543562
267,518.27206659758576
268,519.25796745817127
269,521.63822554715011
270,527.15378682622509
271,527.4405222387137
272,527.74905394673158
273,529.31202035459603
274,529.31825953237546
275,532.60998810631008
276,533.73359164734313
277,533.84685214223725
278,537.8739718489503
279,545.60434175913906
280,547.08679553293234
281,548.43882953113643
282,549.47923937876897
283,553.15304938058887
284,554.40131789348789
285,555.87836701945173
286,557.07085770989829
287,558.10145916403928
288,558.74547721651652
289,561.25021084516334
290,562.98589664968063
291,562.98589664968551
292,567.97669382580102
293,568.15620983449821
294,574.32852573257674
295,575.96877624609112
296,576.44882708537227
297,577.05979552376436
298,577.49419690396792
299,582.21600639983683
300,585.31851489744497
301,585.80966499969634
302,588.20155911243876
303,588.89292846261606
304,594.71354962214707
305,594.71354962216878
306,599.482422494611
307,599.63022478932714
308,603.56891621870761
309,603.88788415363263
310,604.62401125967392
311,606.65978085402219
312,607.34482022898328
313,611.58921362515866
314,611.95211965669944
315,612.36609321196966
316,615.16363870581802
317,620.18045921637918
318,621.83778470991535
319,622.77379088596024
320,623.78191269625131
321,624.20370925906241
322,624.64371238911542
323,625.03048261437368
324,625.96284874480978
325,625.9628487448457
326,631.40379566527861
327,631.40379566530783
328,632.47867390860733
329,632.67307472745165
330,633.60368982920306
331,634.99620820344035
332,635.63637618764233
333,642.63650683299568
334,643.80086792107591
335,643.87523758820873
336,648.68546486802916
337,648.70953419386626
338,649.03502239384159
339,652.95036782118746
340,653.80166756444248
341,655.5141563334837
342,655.51415633364149
343,656.29761864204136
344,657.34187862950193
345,658.81270953141916
346,659.17286447594006
347,666.67786576152866
348,669.47660400468226
349,670.52798200969244
350,672.50415295197513
351,672.77080695395591
352,674.81146400156445
353,675.49767120051285
354,676.41096905812742
355,676.59645691426647
356,676.90780835956934
357,677.70873537409966
358,684.97062353375588
359,685.7635595093152
360,689.58489318309807
361,690.09298017645369
362,695.51297381365168
363,695.81397607288125
364,697.74244082237237
365,699.16040064768231
366,700.72354405784472
367,704.61322088774966
368,704.61322088779377
369,705.03657091313937
370,705.30443064440419
371,705.88508957484305
372,711.87668031394344
373,718.82153331427548
374,718.8215333144019
375,719.93770095868695
376,721.32175995271973
377,721.98204952962033
378,723.17056321617872
379,727.93968137330296
380,728.23303346779664
381,728.97827882704439
382,729.03037378315889
383,729.49543938192721
384,730.82121521470094
385,735.82343603772222
386,736.51863932589981
387,743.0035448385371
388,745.12850092910912
389,749.40331568473846
390,751.35467901304219
391,752.82664708158688
392,752.99451309079313
393,753.93632740988437
394,755.98764486431241
395,758.82337802713994
396,758.96131156244371
397,759.0618665691984
398,763.858271609751
399,764.74331382057892
400,768.92127344067512
401,773.03111990333912
402,773.03111990346963
403,774.99830035771913
404,776.16219131742025
405,777.39868864136679
406,778.07334327975821
407,779.01102155378624
408,779.94027793692544
409,782.2277667129739
410,782.83216094019701
411,782.91673143469336
412,784.44918156533936
413,784.44918156547669
414,786.27152762498838
415,787.23230006153665
416,789.05870017681661
417,791.20958418436589
418,795.08820753576629
419,797.2667093985998
420,797.90267528591414
421,798.7244692592933
422,803.70091783739144
423,804.06663559609751
424,805.0979800819938
425,806.84699592266293
426,808.39481580350616
427,810.01180728860709
428,812.36409914159697
429,812.47914576355811
430,814.00048915407763
431,814.00048915419029
432,814.25394998730189
433,815.37105839055994
434,818.49444686784318
435,821.73588245323879
436,822.94235375107974
437,824.83152775002088
438,824.83152775012957
439,829.02819342851001
440,829.84789322888037
441,834.40291663195399
442,835.16568873447318
443,837.54188811285042
444,837.82764839034974
445,840.15390245135018
446,840.67861569504407
447,840.85451259992954
448,846.89766174535919
449,847.34541046237905
450,848.31743512843821
451,851.6650467419031
452,854.19872427465907
453,859.97803786669942
454,860.44885755249038
455,860.44885755252562
456,863.09955370812338
457,863.09955370832222
458,865.28184982322034
459,866.8627723339149
460,866.94879598372142
461,868.71233299888104
462,869.08854649242585
463,869.34207695251177
464,874.28745430603874
465,874.76742339903615
466,874.8904070968789
467,877.05214580584914
468,880.29638589556964
469,886.13595517998874
470,888.06044177749425
471,889.82833817738879
472,890.09641374062676
473,896.77313627154444
474,897.1608569825778
475,898.98795742650157
476,899.16973813626419
477,900.02125115706485
478,903.66902864042959
479,904.59470760290696
480,909.76609714646111
481,911.03631332153441
482,913.72212199118894
483,914.20389600741703
484,915.29838850948261
485,916.07058265950252
486,917.06262020280394
487,918.19461506340792
488,920.99643951164774
489,922.82969269809496
490,924.6169898070815
491,928.52689336976937
492,929.06610418423259
493,931.51745272393248
494,931.51745272395431
495,933.4390923248277
496,934.99385300349991
497,937.93180061405951
498,941.62177208794503
499,945.8734211621595
500,948.93951144224218
501,949.81169264424625
502,951.37153945966531
503,952.20471479772243
504,954.66508280745416
505,954.9462091403343
506,954.95786977822559
507,957.04563792007366
508,959.05558652447098
509,959.05558652452635
510,959.3421824445694
511,960.18124984138421
512,960.82672903155537
513,963.23901904513434
514,966.4588519881296
515,966.45885198834424
516,969.05773740913776
517,969.86326642357722
518,972.1608961344798
519,973.42603035898844
520,974.27326405170777
521,974.82457855907035
522,977.98513805836762
523,978.24189346604271
524,979.43921897653206
525,979.71182634831666
526,980.46957709093715
527,985.8298307925337
528,987.7744561946713
529,988.35734275763855
530,988.60689411306714
531,988.6068941131108
532,988.89994364708252
533,990.30893685048886
534,995.16103620700471
535,996.55357583053126
536,997.57268257450335
537,998.03870165316971
538,1007.7676198953105
539,1008.4749004069532
540,1010.2766175060863
541,1014.8837181159373
542,1015.3340464559595
543,1015.975818339011
544,1016.6004710856141
545,1018.9351903727872
546,1018.9351903729732
547,1019.9719623367408
548,1020.1396956920494
549,1020.4892299118862
550,1020.5971346793206
551,1024.1743463891876
552,1028.076918759602
553,1032.6824397408075
554,1033.6399544936412
555,1035.8867852795961
556,1037.705958667266
557,1037.7059586674432
558,1038.232701519976
559,1040.7688016402285
560,1043.0510322728346
561,1043.5383789673758
562,1044.9709354054098
563,1046.0522474251281
564,1049.1871075961142
565,1049.4834775071849
566,1049.4873914293621
567,1051.7917180985967
568,1059.4501736497907
569,1059.9888776714031
570,1062.3384743886331
571,1063.811155653173
572,1065.6115601679778
573,1066.7965847583221
574,1068.5836706481466
575,1072.4355352124787
576,1075.8652901101866
577,1077.9001513643711
578,1080.8635537778387
579,1082.2805485640313
580,1083.717514665509
581,1084.0429693311464
582,1084.5534388267338
583,1085.0875575272519
584,1090.5668356804078
585,1090.5668356804429
586,1091.6402753425677
587,1096.1516688756426
588,1096.4025839130213
589,1096.6258539671139
590,1096.6820948080597
591,1097.9648258217376
592,1101.4448069185426
593,1106.1238576828277
594,1106.1238576829803
595,1107.2298346231805
596,1112.3695491187473
597,1112.6113951195148
598,1112.8819865480384
599,1113.9574728591022
600,1122.3744257766552
601,1124.0138979328899
602,1124.9451848087049
603,1124.9451848089097
604,1128.6097176767892
605,1128.6316296093914
606,1132.0712674937031
607,1133.4750601982482
608,1133.4772079609863
609,1134.0708696733027
610,1136.8876291571564
611,1141.3726316553827
612,1142.3803190294141
613,1143.6887258491261
614,1145.0093822950014
615,1145.7786990336592
616,1146.6016980762379
617,1148.0601174989674
618,1148.9679679606154
619,1148.967967960687
620,1149.9921808439469
621,1150.8090561867773
622,1156.0116449239574
623,1156.6688864877672
624,1157.3635120881565
625,1157.4783530251991
626,1158.7876028220787
627,1160.7992463509709
628,1162.611668702619
629,1163.0914141076944
630,1164.3053786814751
631,1165.6799736464591
632,1171.2274080099705
633,1173.1575821479737
634,1174.0946952203929
635,1174.230798756701
636,1174.7090590927094
637,1176.126136549806
638,1176.6125078428186
639,1178.5192755492001
640,1178.5192755493886
641,1178.6298767906121
642,1179.3526199448263
643,1184.7332766885222
644,1186.9251249996146
645,1190.2833660614147
646,1193.541595332015
647,1193.541595332051
648,1194.3831757885766
649,1194.5732977754219
650,1195.783823901118
651,1197.8141251224827
652,1200.8405167199037
653,1205.0578786054234
654,1205.4643688369679
655,1209.5626416335444
656,1210.3662646450337
657,1214.2689219663619
658,1214.725799641169
659,1215.3529420008899
660,1216.0665567028386
661,1218.7991276225728
662,1221.0958099844861
663,1221.4541992301229
664,1221.6504973478361
665,1225.7925856491263
666,1226.2535211899647
667,1227.6183401034082
668,1227.6183401034259
669,1227.8333770900667
670,1232.1941599185786
671,1235.3250932539279
672,1235.8165423024502
673,1238.5363013604308
674,1238.9585689979631
675,1243.7766795874666
676,1243.9768353777338
677,1244.9087264762904
678,1245.4715347628521
679,1249.0531685008878
680,1249.0531685009171
681,1250.2592805703596
682,1251.0723248061095
683,1252.6393326020232
684,1254.1033565074074
685,1258.6404030269971
686,1262.1232734384857
687,1262.9944666650983
688,1266.4932076964178
689,1268.5365501593376
690,1273.2690063954233
691,1273.934867547774
692,1276.1899192101973
693,1277.9442702354984
694,1282.2470149048972
695,1282.9857256160008
696,1283.2390289076582
697,1283.7588590274884
698,1286.2132428107734
699,1287.2096061331015
700,1290.6340859504619
701,1290.7092353360072
702,1293.7994023186036
703,1296.0362391190515
704,1296.0362391190808
705,1299.5515897677399
706,1299.5515897677572
707,1300.0690259656324
708,1301.5548064180432
709,1302.5408428869553
710,1305.4344635484758
711,1306.4419893409042
712,1308.9065314861325
713,1309.4183371812792
714,1312.6663275650485
715,1313.2150574867655
716,1314.6906725376552
717,1317.2445838467722
718,1320.0549806208546
719,1325.1182982016467
720,1325.3814214575766
721,1326.8703921254144
722,1328.4781446622392
723,1332.2730227866887
724,1332.4963669220722
725,1335.1235677593675
726,1343.7497578418611
727,1343.9163518070216
728,1344.2898523745375
729,1346.4645792922304
730,1350.1605197699282
731,1350.1874355565822
732,1350.6800768964902
733,1350.6955457145095
734,1352.2328923423697
735,1353.3008666842461
736,1353.3008666842604
737,1354.1584961401015
738,1354.6872359406304
739,1355.6942668492254
740,1355.9937898825822
741,1356.0548848807045
742,1358.1821119152826
743,1359.92329573201
744,1360.3400707895833
745,1361.5087885360902
746,1361.6513539169205
747,1364.4122484691932
748,1364.7524778510224
749,1371.6766170380865
750,1372.0503385469815
751,1372.9642251558807
752,1373.188389620524
753,1375.4418500899417
754,1376.2386509088469
755,1377.5600334087057
756,1378.2174296212706
757,1380.0700603528226
758,1382.8521742728451
759,1382.8521742728719
760,1383.4539767681854
761,1383.4539767681902
762,1387.7331112500544
763,1389.3803696241937
764,1390.6804927391142
765,1390.6804927391238
766,1392.6523122896326
767,1396.5597037672344
768,1398.6073008733563
769,1400.9291656491239
770,1401.2110258804619
771,1407.7591917917671
772,1409.8270366963707
773,1414.0802015944419
774,1416.1383315246103
775,1416.9478229783665
776,1418.2979789039505
777,1421.8614168480033
778,1423.6595734600483
779,1423.6595734600908
780,1423.9921184670998
781,1423.9982117543636
782,1424.3828093640359
783,1424.934038967662
784,1425.0749772077313
785,1426.8732396828038
786,1427.0818005769179
787,1431.9512388269832
788,1431.9512388270596
789,1433.1376033613244
790,1433.9466099995179
791,1436.382389901921
792,1436.6809893440068
793,1440.0171800698974
794,1440.6830632322522
795,1442.4943967909369
796,1446.5929219151476
797,1447.8271099665226
798,1449.9638422848425
799,1452.4522722282477
800,1452.7368608445388
801,1453.0438561850438
802,1454.0725300635227
803,1458.1622143267161
804,1458.5184831095544
805,1462.3695082723841
806,1464.7995134226744
807,1465.4026229862095
808,1468.8433949610614
809,1470.8293101934041
810,1478.3912233638309
811,1478.4782575041452
812,1481.0284729330826
813,1482.8378579559903
814,1483.3282227412176
815,1487.2159674055636
816,1489.4639712040021
817,1489.4639712040723
818,1489.7838883383704
819,1492.1163177005101
820,1495.915823292697
821,1497.0648545327338
822,1497.1610737170843
823,1499.0824306246836
824,1499.5916926465454
825,1499.7172649641689
826,1500.3691378427029
827,1500.369137842742
828,1502.2506594633091
829,1503.6183435990213
830,1503.6973508292326
831,1505.5026511733945
832,1512.0571976009278
833,1513.7192238329505
834,1513.7771640728506
835,1515.1476859101497
836,1518.8644780029838
837,1519.9908400484194
838,1522.0151985474063
839,1523.8305559267897
840,1525.7650813234713
841,1527.799477867819
842,1531.840434976732
843,1532.9729689259475
844,1533.270093927332
845,1535.2456466753436
846,1536.4499808489811
847,1540.9791732852696
848,1543.1251222756541
849,1549.166825559626
850,1551.3260079392119
851,1552.9617151404191
852,1555.7598194999082
853,1555.8167493480933
854,1557.5070200696125
855,1559.8237463071232
856,1560.9399791548917
857,1561.0384806711916
858,1561.3010119400449
859,1565.2868976981044
860,1565.2868976981167
861,1566.1831245271255
862,1566.9667435233923
863,1568.1735362925072
864,1570.6240872861817
865,1570.9586529455084
866,1571.1015883977429
867,1571.1015883978037
868,1571.3843196801265
869,1571.4945914910038
870,1573.1171010159949
871,1575.7728197203646
872,1575.9028805917862
873,1578.5093933987132
874,1578.6667971597878
875,1581.3187022548204
876,1584.4302858110316
877,1584.9554763297783
878,1586.7455220102834
879,1587.4699846391884
880,1587.7868754917113
881,1587.7868754917449
882,1589.2612094713911
883,1589.2698324456655
884,1595.7632811295846
885,1596.7745915220851
886,1598.5420696136284
887,1598.8404973356064
888,1600.6528959863724
889,1600.6528959864313
890,1606.3900354899747
891,1610.2572125844813
892,1610.914387056037
893,1611.8744335211525
894,1613.5719548961024
895,1613.5719548961924
896,1614.1501401862779
897,1614.4635244902574
898,1617.1833425117579
899,1618.1855572290028
900,1623.3298929692114
901,1625.0446568877389
902,1626.9772050855549
903,1627.0413217101604
904,1627.6066450693554
905,1629.7742114392424
906,1632.7523420813257
907,1633.1467010903398
908,1638.4516706720842
909,1639.5134185920333
910,1642.4481712620627
911,1644.0197460947313
912,1646.0491409425927
913,1646.3512086917322
914,1646.3711601601663
915,1646.4861003368685
916,1648.6040896219861
917,1649.7519605405171
918,1649.7519605405462
919,1651.2312447513893
920,1651.3453017103361
921,1651.77654076357
922,1655.277058251221
923,1656.667428118124
924,1657.2262899255152
925,1662.3067131748185
926,1662.4909800327232
927,1666.804730493483
928,1669.9554818336267
929,1671.2964916235287
930,1673.556642218427
931,1674.7928000626023
932,1675.175383617348
933,1676.8814375467241
934,1677.3862294855624
935,1677.6432838282644
936,1681.8356357493058
937,1682.5043345435586
938,1682.7860889493447
939,1684.782798082239
940,1685.8128278030431
941,1692.9611650853058
942,1693.7968699275
943,1693.7968699275496
944,1694.4712369700958
945,1695.9366697866719
946,1701.6502993364302
947,1704.3825046334925
948,1705.1912764758385
949,1711.401208954313
950,1713.5759215897065
951,1715.0981363439373
952,1718.169859556273
953,1718.1698595563157
954,1720.0764104294212
955,1720.9573600683534
956,1721.9129791371454
957,1722.0137864112646
958,1722.0809454875216
959,1722.9360769163818
960,1723.2186026398633
961,1723.673607001235
962,1723.7732305188101
963,1723.7732305188179
964,1725.2821521839448
965,1728.6259632752444
966,1728.7606195648814
967,1734.5867541159457
968,1740.9248829971925
969,1744.1565289701578
970,1746.528464330366
971,1746.8771802732695
972,1748.0908967051996
973,1749.7211160167726
974,1750.7262314784082
975,1751.8788393092962
976,1751.9231190820594
977,1754.0750713201821
978,1755.1992791342379
979,1755.1992791342896
980,1757.3488162496171
981,1758.4885792790928
982,1764.1478877333723
983,1767.5297945908103
984,1768.1357885344157
985,1774.0675356457573
986,1774.84674848231
987,1777.0698583744836
988,1777.1512009538003
989,1779.3762164739744
990,1779.3903858313886
991,1779.5152602361768
992,1783.1943604051701
993,1785.0681928328183
994,1788.533843224945
995,1789.4291488302954
996,1792.666735095366
997,1794.7444746756241
998,1797.495099025861
999,1798.9334226450183
1000,1799.3039227590409
1001,1799.8974791367802
1002,1800.7826669216258
1003,1801.1387125780304
1004,1801.3546455953708
1005,1801.3546455955141
1006,1801.3835535320115
1007,1801.5179856526852
1008,1802.3448909452027
1009,1802.4647079282229
1010,1805.5875972052036
1011,1805.5875972053127
1012,1808.3503008041689
1013,1812.0353899540669
1014,1815.3443615033734
1015,1817.1698402775376
1016,1817.47979215238
1017,1817.9048536197447
1018,1817.9048536197517
1019,1818.9298413396398
1020,1820.0779492151823
1021,1821.1344931348065
1022,1823.4929532557237
1023,1824.4116182598138
1024,1825.2114773049161
1025,1826.4892433718626
1026,1830.9059531841103
1027,1830.9059531841713
1028,1831.8130987847339
1029,1832.1396258277407
1030,1832.7480447352054
1031,1834.4918346669963
1032,1837.57054091179
1033,1838.7876234444566
1034,1839.7670764573325
1035,1844.2089930196162
1036,1845.3927459047525
1037,1846.4828702592058
1038,1848.9134435327144
1039,1849.5667037097039
1040,1854.7034768192188
1041,1859.9749833946269
1042,1860.0613627788507
1043,1860.4725567105213
1044,1862.1601072636108
1045,1862.4756036458605
1046,1862.6673665658927
1047,1863.4777723151512
1048,1872.3839186353644
1049,1873.5984190975439
1050,1875.5442103033995
1051,1875.9019271899367
1052,1878.316254041687
1053,1878.7641744433151
1054,1879.4827969638209
1055,1879.7539212643721
1056,1880.0050177381618
1057,1880.0050177383039
1058,1880.4157966504715
1059,1880.4743588129186
1060,1880.5786509681084
1061,1881.1556525511216
1062,1881.7669110024417
1063,1883.2549235283195
1064,1887.4681288057427
1065,1890.4863941984991
1066,1890.5302271353769
1067,1898.1862535121545
1068,1898.3796354777662
1069,1901.9267415775498
1070,1903.8211954056262
1071,1903.8902958358055
1072,1905.3818371132757
1073,1905.4830457110957
1074,1908.4648722171469
1075,1909.4838163440945
1076,1909.6356465525118
1077,1911.5975916410018
1078,1911.5975916410098
1079,1913.6856119547795
1080,1913.6856119548345
1081,1918.6282380473299
1082,1919.3478814962884
1083,1921.0234760465182
1084,1922.0353387899663
1085,1926.0816895309451
1086,1930.630416592574
1087,1934.9865957287382
1088,1935.0661089448215
1089,1936.1859426085377
1090,1936.5040174226679
1091,1945.688711735871
1092,1948.1751016122139
1093,1948.4229167539772
1094,1948.4229167540375
1095,1950.6678570562037
1096,1952.6723240408026
1097,1953.8885317295842
1098,1955.7454867656813
1099,1956.5093599703559
1100,1958.2695990890861
1101,1958.3534098275254
1102,1959.5208478646332
1103,1959.5321778578773
1104,1959.5321778578909
1105,1959.9850236288032
1106,1961.0851409681627
1107,1961.0862336580142
1108,1961.7732862050921
1109,1963.3513819311388
1110,1964.6411122011616
1111,1968.0367341187352
1112,1972.8915464111972
1113,1974.9725038927243
1114,1976.6137254847708
1115,1978.473777496818
1116,1979.6851994219876
1117,1980.6802076450117
1118,1981.1471726341501
1119,1983.9647657832418
1120,1987.8161579066903
1121,1990.0881534406383
1122,1990.1035182705587
1123,1993.6795441134411
1124,1993.6990143208022
1125,1995.5925919464833
1126,1997.3653044462349
1127,2000.8972147938357
1128,2003.577951266017
1129,2007.8037027030941
1130,2009.2267271497353
1131,2009.9398352881221
1132,2013.8135330194898
1133,2013.9382226435087
1134,2016.6087765537216
1135,2016.6620907662818
1136,2021.0244189232387
1137,2022.7474056257456
1138,2027.0562406898348
1139,2028.1315613335773
1140,2028.8613468854937
1141,2033.0651056013621
1142,2034.1461414688563
1143,2035.7055753332288
1144,2035.7055753332702
1145,2035.8242343424981
1146,2035.8406544030006
1147,2035.8406544030452
1148,2037.4068035763348
1149,2038.556847808155
1150,2039.4949645296886
1151,2039.7635800131604
1152,2040.4416566100786
1153,2040.526580035666
1154,2040.5270073829934
1155,2042.3551166681107
1156,2042.6388305030557
1157,2042.9864922356915
1158,2042.9864922357463
1159,2043.2061649533537
1160,2046.3748254320935
1161,2048.5142341570845
1162,2050.7882600547173
1163,2052.2540739467586
1164,2057.3016939609706
1165,2057.7631804301909
1166,2058.6819223323409
1167,2058.9988890745035
1168,2059.9208353117729
1169,2063.9240639711893
1170,2065.5790921411258
1171,2065.9507973349769
1172,2068.9822594361635
1173,2069.4550372208678
1174,2070.601799220161
1175,2071.6304089264627
1176,2072.4879918775382
1177,2072.5377998242561
1178,2072.5377998242589
1179,2075.2250382359516
1180,2079.7976137923756
1181,2081.5649506195091
1182,2085.289622564972
1183,2087.4387758485541
1184,2088.2920169138997
1185,2088.2920169139402
1186,2088.35067523934
1187,2089.9402981029452
1188,2093.1440816214863
1189,2096.106900939219
1190,2099.9000188964787
1191,2100.5035077588286
1192,2103.3987037785273
1193,2104.7666241298107
1194,2107.059439672244
1195,2107.7795562083534
1196,2108.0770519254952
1197,2108.7533829220524
1198,2112.0161715867262
1199,2112.3893288077898
1200,2115.4562454048137
1201,2115.7956810723435
1202,2117.0562287000512
1203,2118.0185106784152
1204,2118.0185106785393
1205,2119.0475728431775
1206,2119.7779525117598
1207,2121.6368643783967
1208,2121.6368643785222
1209,2123.1654739743012
1210,2125.3127444244769
1211,2125.4993293228858
1212,2125.7221529890453
1213,2126.4556172891357
1214,2130.075026164986
1215,2134.8465586405187
1216,2135.9228224245171
1217,2137.4490742932057
1218,2141.0423766441927
1219,2141.8506488386929
1220,2141.850648838823
1221,2144.2059539477086
1222,2145.550352107015
1223,2146.7543044851463
1224,2148.2342674866418
1225,2148.4729420066878
1226,2148.4757892392377
1227,2149.6097955801456
1228,2154.1302597287931
1229,2154.4956615177948
1230,2161.9492747546087
1231,2162.4128573400494
1232,2169.6841776920351
1233,2170.2844905835072
1234,2170.4042618713024
1235,2172.1011639496764
1236,2176.1442652280462
1237,2177.3328995714242
1238,2177.3328995715792
1239,2177.8492897336814
1240,2181.0337334472119
1241,2181.6230351832914
1242,2183.0615053449342
1243,2184.8150336469066
1244,2186.1853396106931
1245,2186.7383453272441
1246,2189.8778637233481
1247,2190.0547633941328
1248,2190.0547633941592
1249,2190.1715049918621
1250,2194.9103230946303
1251,2197.1482017643916
1252,2200.7212957329175
1253,2201.3356351098796
1254,2202.6125547896677
1255,2203.0223703178099
1256,2204.10134187526
1257,2206.5570335192115
1258,2207.0142426775997
1259,2208.1223648167993
1260,2209.6583714690096
1261,2210.0717409797762
1262,2210.4424486501621
1263,2213.6778806479242
1264,2215.9657595583622
1265,2217.6640752904459
1266,2219.2083396901257
1267,2219.8264032776046
1268,2224.8588171180854
1269,2225.3442573139832
1270,2229.3274005311278
1271,2230.1440339612227
1272,2231.4776962787855
1273,2232.8591314856549
1274,2233.0641711134613
1275,2237.8518442402551
1276,2238.1651260621611
1277,2238.3373127355849
1278,2240.3858821069189
1279,2243.6865615789375
1280,2249.3994236669619
1281,2250.7311794036582
1282,2250.8362660036896
1283,2254.3562805148658
1284,2254.5228483002511
1285,2255.35718308061
1286,2256.6755445253229
1287,2261.7756490569172
1288,2262.0294981753877
1289,2265.9586325310215
1290,2265.9586325310402
1291,2266.3417798054948
1292,2267.0715095710439
1293,2268.9406884115438
1294,2270.5037388278793
1295,2273.8596982664926
1296,2275.5971429376464
1297,2277.4725010430566
1298,2277.4725010431803
1299,2278.2043983499534
1300,2283.6966147391031
1301,2285.294634575544
1302,2286.5747231878681
1303,2286.7104626836945
1304,2287.7791717043947
1305,2288.5777339048182
1306,2289.3062740217169
1307,2289.6771143301576
1308,2292.044800334304
1309,2292.6249156375807
1310,2292.6249156375961
1311,2293.9303112401849
1312,2294.2394473979471
1313,2294.8141104413953
1314,2294.870529107317
1315,2294.870529107407
1316,2295.4629118539697
1317,2296.764261322237
1318,2297.7131729749894
1319,2301.9363815772931
1320,2304.2176182800886
1321,2307.8967604703857
1322,2309.0554122402655
1323,2309.1340404344874
1324,2309.6542844558653
1325,2311.7274656734758
1326,2315.6573629838153
1327,2317.0157524458
1328,2317.9974342420646
1329,2319.458834840018
1330,2320.0362155938542
1331,2321.5501402397649
1332,2323.6672216197057
1333,2324.4218366960508
1334,2324.4218366960554
1335,2326.147754163941
1336,2332.0855438089893
1337,2332.6181908963422
1338,2335.1530535078218
1339,2335.819232391952
1340,2335.8192323919729
1341,2335.8919056864675
1342,2338.5026522711541
1343,2339.5507932081782
1344,2340.4441859827884
1345,2340.5327979443114
1346,2345.5775469705509
1347,2346.0412230286938
1348,2347.1489913133514
1349,2349.6020504136009
1350,2350.8848493698874
1351,2350.9092848559235
1352,2352.4746047971908
1353,2352.7479825223709
1354,2356.9270325366169
1355,2358.0966277988223
1356,2358.1962564098926
1357,2358.8937112660219
1358,2364.0784490189662
1359,2366.2461999001489
1360,2367.5752930285489
1361,2369.500044118799
1362,2370.0702387448086
1363,2371.2285114578003
1364,2373.5209012502064
1365,2373.5209012502364
1366,2373.6314617418507
1367,2374.0898741394358
1368,2374.3958054579648
1369,2378.0179145168422
1370,2380.0560794016606
1371,2380.7159071524156
1372,2380.744677462897
1373,2383.4824954789892
1374,2383.4824954790233
1375,2384.0465500902101
1376,2391.7482127260805
1377,2392.8058719050891
1378,2396.5125592968807
1379,2397.1645430530066
1380,2397.9853920200917
1381,2400.3245033241155
1382,2401.1674893424452
1383,2403.0469047225511
1384,2405.5316947635829
1385,2407.4787219904961
1386,2407.5859567691659
1387,2407.5859567691678
1388,2409.6349154623722
1389,2410.6971982815185
1390,2411.3561901433277
1391,2412.9980552306952
1392,2415.7177053443338
1393,2419.638731121815
1394,2421.5283318390989
1395,2422.7333688092785
1396,2423.0001665405352
1397,2423.1948625902223
1398,2424.5813106337628
1399,2425.9809820782425
1400,2428.0843599564651
1401,2429.1587944638045
1402,2432.3605844600074
1403,2437.5000768091872
1404,2438.2913197890985
1405,2438.9897900817123
1406,2441.9388002658648
1407,2441.9388002659935
1408,2442.391531089801
1409,2444.5473900035959
1410,2447.9634894430847
1411,2448.869824378537
1412,2451.8920506488407
1413,2454.3403517886527
1414,2456.6762116480081
1415,2457.0629418598278
1416,2457.3091327636857
1417,2460.0804412999123
1418,2461.8855368673107
1419,2464.0495299051909
1420,2465.4987908874191
1421,2465.9243119582743
1422,2466.5582607806641
1423,2466.959746090683
1424,2467.1126117589392
1425,2467.8914102993963
1426,2468.4018362218544
1427,2468.5437794902523
1428,2476.3298934222421
1429,2477.3423296024471
1430,2478.083026445941
1431,2479.7383127655994
1432,2481.7329942802821
1433,2482.5372970735616
1434,2482.5372970736435
1435,2487.9185400088131
1436,2488.4873222427004
1437,2489.3922618205579
1438,2495.6492510999069
1439,2495.7451602819319
1440,2497.4717235164544
1441,2498.2167035193156
1442,2499.8462832855548
1443,2500.9245297544276
1444,2503.1004588504316
1445,2507.5904791712242
1446,2507.5904791712583
1447,2510.425637351027
1448,2510.4256373511307
1449,2512.5487298676617
1450,2514.4336452451607
1451,2518.0457368793509
1452,2519.6639335622331
1453,2519.8294307239198
1454,2520.375764238192
1455,2521.0435792123922
1456,2522.3823295596781
1457,2523.9200413568142
1458,2529.3565379149441
1459,2529.3565379149727
1460,2529.8370676704799
1461,2532.6016158470707
1462,2534.7264510252767
1463,2534.7903815471013
1464,2534.9579080326653
1465,2540.5914945310228
1466,2540.8853484517053
1467,2544.0050306314406
1468,2544.7302795668029
1469,2545.6050825543653
1470,2548.83320532379
1471,2548.9134778734024
1472,2549.6192658997102
1473,2552.4933827842228
1474,2553.5647978273614
1475,2553.8119556926008
1476,2554.7521436487914
1477,2555.2583097376619
1478,2555.8323565562591
1479,2555.832356556311
1480,2558.5856668903302
1481,2558.7230012936384
1482,2562.863400732107
1483,2564.5192982507956
1484,2564.7321819722397
1485,2565.0288853489506
1486,2566.072289589612
1487,2566.0722895896592
1488,2566.5210095668021
1489,2568.427521798063
1490,2570.7348855084692
1491,2571.1235472065878
1492,2571.1936444565326
1493,2574.1621949888013
1494,2574.7473105735739
1495,2576.4868021870861
1496,2577.6246706880934
1497,2579.031507345569
1498,2579.7975697225515
1499,2582.1736629926627
1500,2582.9499317506761
1501,2583.8834551849395
1502,2585.3836641449329
1503,2585.383664144967
1504,2587.3671918649179
1505,2591.5029241075713
1506,2593.4542674200511
1507,2595.093243275332
1508,2596.2397942019415
1509,2597.9112725640093
1510,2600.4045160621199
1511,2601.527549977046
1512,2604.8670482714292
1513,2606.7883825129816
1514,2607.7545506976912
1515,2608.3183321564411
1516,2608.6961440335076
1517,2609.3336726423022
1518,2610.1760573729862
1519,2615.1716928261876
1520,2617.2982013220048
1521,2618.0150399573445
1522,2619.5434708435055
1523,2620.5276735428115
1524,2621.8326846684986
1525,2622.7280683245508
1526,2626.5811735976313
1527,2627.7723337445937
1528,2628.0319316438713
1529,2628.744365541329
1530,2630.1627658082843
1531,2633.8972014788483
1532,2634.4827286989994
1533,2634.4827286991158
1534,2634.8050090313259
1535,2635.3665323506734
1536,2635.366532350718
1537,2639.3388616115712
1538,2643.4269483304042
1539,2644.370942764247
1540,2644.5049311872963
1541,2647.1476825939008
1542,2648.1359454822637
1543,2649.2178034092426
1544,2649.2178034093731
1545,2651.4490180455032
1546,2653.0358443751361
1547,2653.828627248673
1548,2655.6110456561692
1549,2657.3140169779631
1550,2659.6253304151187
1551,2660.2426804625284
1552,2661.6702736836783
1553,2662.2899153706649
1554,2663.9445249885121
1555,2665.4211528612377
1556,2667.6614133203293
1557,2672.7065134899581
1558,2673.181269192969
1559,2673.5796018660767
1560,2677.0533096631907
1561,2678.3951867660007
1562,2679.1911418278869
1563,2682.0954538411302
1564,2683.9610082446752
1565,2684.8713105263732
1566,2686.8701957972758
1567,2687.6891245624902
1568,2688.9794484297131
1569,2691.7561802978166
1570,2694.0297530916259
1571,2695.9626303260325
1572,2698.2525458676178
1573,2700.3380187870757
1574,2700.3380187871139
1575,2702.9006277147828
1576,2702.9006277148696
1577,2703.3767407526561
1578,2704.1242112240443
1579,2705.7080561842054
1580,2710.2932283969863
1581,2711.8706774595807
1582,2715.9271604667188
1583,2716.779268287818
1584,2716.8695287440801
1585,2717.4349887949293
1586,2719.8107383412043
1587,2721.1051461491033
1588,2721.4451777452064
1589,2724.2734379000408
1590,2726.6818431286697
1591,2727.6595008687632
1592,2727.9068569019455
1593,2729.7835598976762
1594,2731.3730005763223
1595,2733.6603139634785
1596,2734.0577151942098
1597,2735.3621550927032
1598,2735.9837862323607
1599,2737.5401258010361
1600,2740.4121103418088
1601,2740.678694548742
1602,2740.6786945488125
1603,2743.240853290868
1604,2744.6046256054965
1605,2746.6304272510197
1606,2751.7230999276517
1607,2754.3581075247648
1608,2756.7805593007333
1609,2757.481079251068
1610,2758.1641107297628
1611,2759.4745160428656
1612,2759.4745160428793
1613,2759.8841837648379
1614,2761.9456686585995
1615,2763.3468085990244
1616,2763.9872160538698
1617,2764.2510137912709
1618,2767.331076187334
1619,2768.8880459217889
1620,2772.7495637528355
1621,2776.8601213582219
1622,2779.8882033750392
1623,2782.4761159545151
1624,2783.0048747913502
1625,2784.5616229908032
1626,2787.2035596354986
1627,2790.3183653638221
1628,2790.3183653638648
1629,2790.3634468026166
1630,2793.5863467701506
1631,2793.8519906795887
1632,2794.1276493626997
1633,2797.643930090675
1634,2801.7529758528372
1635,2801.8277409728139
1636,2805.4606645766935
1637,2806.5978996945692
1638,2807.7041362298023
1639,2807.7041362298401
1640,2810.6041024739302
1641,2811.0041547365508
1642,2811.0197839298971
1643,2811.7357381977649
1644,2811.7582725840198
1645,2814.2127695199138
1646,2815.1641896192764
1647,2816.2433911516346
1648,2819.462840241627
1649,2819.8402250824238
1650,2820.6481440050866
1651,2821.2865216980158
1652,2821.4899992894693
1653,2822.9125770286719
1654,2823.7220357755082
1655,2824.1180729026414
1656,2824.6552500779826
1657,2824.6552500779972
1658,2824.9266960210698
1659,2827.4477153868875
1660,2827.7404039532653
1661,2834.6243963353063
1662,2836.2884047973212
1663,2836.6728288487284
1664,2837.3241691094672
1665,2838.5420294381179
1666,2839.0443665656235
1667,2839.1736343946509
1668,2840.9776457255116
1669,2841.6798657037534
1670,2844.4834024909542
1671,2846.2687130112918
1672,2849.3719963302988
1673,2849.7353151520383
1674,2850.08267066602
1675,2850.2315106396554
1676,2852.4054173089316
1677,2854.2065576665918
1678,2854.2065576666446
1679,2855.5273116768813
1680,2857.5240787044527
1681,2859.3160042189179
1682,2861.1751942465835
1683,2863.5347623907401
1684,2868.1564588343813
1685,2869.4874969214429
1686,2870.9078859169322
1687,2872.5639685357219
1688,2872.9423067074881
1689,2874.7166565972097
1690,2875.3048509964851
1691,2877.6144838336108
1692,2877.8397188247804
1693,2879.4480289204648
1694,2882.3959706901815
1695,2883.1253974523484
1696,2886.2933121680694
1697,2886.617916204314
1698,2886.8636845571541
1699,2887.5439241034451
1700,2888.3374472522059
1701,2888.9898639266435
1702,2892.3453914854949
1703,2894.9837721975109
1704,2896.0033304639951
1705,2896.3283597995605
1706,2896.3283597996488
1707,2898.6846996591662
1708,2901.1018402809555
1709,2901.1018402810846
1710,2902.5289710363013
1711,2903.305622220787
1712,2903.3056222207933
1713,2904.6709175107226
1714,2904.6709175108113
1715,2910.0792924735342
1716,2911.215610570142
1717,2912.5113419267982
1718,2914.2407717343867
1719,2915.4024647058673
1720,2915.595735912108
1721,2919.9829673107843
1722,2921.0979272869054
1723,2921.602041786397
1724,2923.9665767999627
1725,2924.540076174429
1726,2926.571468988152
1727,2929.4136087166494
1728,2930.5910759848771
1729,2930.5910759848921
1730,2932.9709667311954
1731,2934.0344518339489
1732,2936.5709713775932
1733,2936.9215305121093
1734,2940.1869160950814
1735,2940.388861691029
1736,2941.6489215524402
1737,2944.1806630339402
1738,2945.1489696785529
1739,2945.189993413403
1740,2948.7049197952724
1741,2949.2005945602446
1742,2951.9592233232679
1743,2955.2188596126794
1744,2956.5825851517129
1745,2956.6650906404061
1746,2959.4348701893559
1747,2963.3319572272799
1748,2966.3498075611346
1749,2968.5392308562236
1750,2970.4922643143977
1751,2970.7082582934036
1752,2971.7235212364853
1753,2971.7235212365727
1754,2973.4034793256319
1755,2973.7317693353943
1756,2975.7591622283207
1757,2979.0235425097303
1758,2979.4501613045518
1759,2979.6463654503327
1760,2981.5179182685006
1761,2982.3105411889369
1762,2982.3105411889569
1763,2983.9786851970639
1764,2986.7519981901469
1765,2987.1866894398008
1766,2987.4704580316707
1767,2988.9567767284639
1768,2991.7329550387267
1769,2991.7778294542068
1770,2995.3081694092389
1771,2995.7691985909833
1772,3001.2948806392601
1773,3001.6124150366286
1774,3002.4236567879202
1775,3002.4271728476715
1776,3005.259660485131
1777,3006.4260605515524
1778,3006.8885739501866
1779,3007.6221045497118
1780,3007.6410910984746
1781,3009.1205784669155
1782,3009.1444955386301
1783,3015.4784886108478
1784,3018.3176829683748
1785,3019.4568714816687
1786,3020.4363434918109
1787,3020.436343491875
1788,3024.4754881089698
1789,3027.0064678596523
1790,3030.610261908746
1791,3031.3114893272032
1792,3032.6399861422628
1793,3033.5310668708244
1794,3037.3274058630145
1795,3037.3725266965339
1796,3038.0277873301029
1797,3039.7904742457586
1798,3042.872287519363
1799,3044.7140167116927
1800,3050.3319663507441
1801,3051.2461539345641
1802,3052.6816492723024
1803,3052.7626736536868
1804,3056.2739341429969
1805,3059.0818038898883
1806,3059.1412588854573
1807,3059.1412588855155
1808,3059.5881731015752
1809,3059.5881731015847
1810,3059.799946145974
1811,3061.0090750514282
1812,3061.4287013324883
1813,3063.3371296080977
1814,3063.3706267961825
1815,3067.0864781979312
1816,3068.0760052734872
1817,3069.2980423609779
1818,3069.9126930375928
1819,3073.4699235572584
1820,3073.6722789122987
1821,3079.433248554385
1822,3079.4405797488248
1823,3079.5041945360595
1824,3079.5174568855559
1825,3083.9025910831824
1826,3084.9915545637655
1827,3088.5674910603789
1828,3091.3280334599681
1829,3091.3429392209359
1830,3091.8246083911476
1831,3091.8892741162144
1832,3094.8519036098169
1833,3096.7486572324487
1834,3096.8627852579543
1835,3098.4113118584655
1836,3098.4467983534396
1837,3098.6892344824364
1838,3098.953608529047
1839,3099.3179521461925
1840,3100.0858332490839
1841,3100.0858332491525
1842,3101.7864644621482
1843,3104.7007441259316
1844,3106.8938561811483
1845,3109.0498623458902
1846,3110.0431272362339
1847,3111.5717859387332
1848,3111.5901434422794
1849,3114.3210951107585
1850,3114.5503128883661
1851,3118.1603332536897
1852,3119.2010436845439
1853,3121.2431655353248
1854,3122.1151785234051
1855,3122.4716392242663
1856,3123.1572507112642
1857,3125.9679718158759
1858,3126.1417592603279
1859,3127.7214048727528
1860,3129.1191660788063
1861,3129.6371408376822
1862,3129.6371408377622
1863,3132.1697383894516
1864,3134.9239747084857
1865,3134.9239747085635
1866,3135.25381156306
1867,3136.6326149935171
1868,3137.3846411589625
1869,3140.2598057140422
1870,3141.7244683392291
1871,3143.6237052732831
1872,3144.5298765291627
1873,3147.7056453807563
1874,3148.860021185299
1875,3154.7660587368737
1876,3154.7890973772674
1877,3155.3781706530276
1878,3156.3235319775172
1879,3157.2230941451953
1880,3158.8844334143769
1881,3160.2505749282436
1882,3160.5855323089627
1883,3160.9319826351125
1884,3162.0636677299553
1885,3162.0636677300004
1886,3163.3818101346278
1887,3165.1512533212967
1888,3165.1512533213063
1889,3167.4202929577159
1890,3170.8110795920129
1891,3172.2229226250151
1892,3172.2229226250693
1893,3173.2419567354373
1894,3178.0428928743409
1895,3178.2600150443373
1896,3178.736205391866
1897,3178.7362053919464
1898,3181.7546041422606
1899,3183.112522948285
1900,3186.8690555001817
1901,3187.1474989763469
1902,3189.3318365839614
1903,3189.672332436553
1904,3190.3926845355663
1905,3190.5319760985503
1906,3191.5287867008878
1907,3192.3259852953265
1908,3192.936985730089
1909,3193.4491203866755
1910,3195.1978398222795
1911,3198.8060518224302
1912,3199.1292169762978
1913,3202.914210367931
1914,3204.7543407265434
1915,3209.1375563429192
1916,3210.5534231452152
1917,3213.32668000271
1918,3216.5393355414649
1919,3219.7550956671894
1920,3220.5685487328601
1921,3220.9593282228516
1922,3222.9122744841911
1923,3222.9318845119847
1924,3223.1314789635426
1925,3223.798762206909
1926,3223.8001651845179
1927,3226.4963613998971
1928,3229.7191409077986
1929,3231.0631107662703
1930,3232.4281535176451
1931,3233.8293613482329
1932,3234.1945780605997
1933,3234.1945780606634
1934,3235.1254714046649
1935,3241.6144347192294
1936,3241.6236133800244
1937,3241.9933068109444
1938,3243.8301547696879
1939,3244.830804145965
1940,3245.5324985509847
1941,3247.154104407552
1942,3247.1541044075684
1943,3249.2238814730922
1944,3249.5359012276103
1945,3250.7382921209564
1946,3252.2076549269677
1947,3252.4612082335584
1948,3252.7391737290341
1949,3257.2737013190472
1950,3258.0295602927349
1951,3260.7511331635255
1952,3263.2464876702843
1953,3267.0900117117353
1954,3268.0796460690131
1955,3268.5182714621419
1956,3270.4867626913033
1957,3272.4850167450404
1958,3274.5282764888466
1959,3275.2513737784225
1960,3278.0210145698861
1961,3278.0950765606758
1962,3279.6489813558333
1963,3280.7177784566666
1964,3283.5455112760933
1965,3285.3832525460484
1966,3286.1761711630202
1967,3286.5213949730264
1968,3287.2259661164467
1969,3288.0929554619938
1970,3288.9892920762377
1971,3289.2592370134871
1972,3289.2592370135039
1973,3289.6271276053408
1974,3294.1140597519088
1975,3301.2111998695291
1976,3303.4593317303593
1977,3307.1871533635281
1978,3310.1582761500745
1979,3310.3292474024415
1980,3311.2284272327488
1981,3313.9872835720244
1982,3315.1513789204982
1983,3316.7619659499301
1984,3318.4093067719264
1985,3319.3246066108136
1986,3320.5500005504937
1987,3320.5500005505501
1988,3321.9214025778601
1989,3321.9214630231368
1990,3323.0837284332006
1991,3324.2312873379719
1992,3325.2072713071111
1993,3325.4245965205414
1994,3329.0062238192172
1995,3332.00002338078
1996,3332.9200060780281
1997,3333.9813728815711
1998,3334.5718420566218
1999,3334.5718420566272
2000,3336.177679464256
2001,3337.0729984913123
2002,3338.3382164506124
2003,3340.13273437106
2004,3340.9869090859115
2005,3343.6794767999922
2006,3349.7398065670932
2007,3351.3229407107706
2008,3352.7246964219457
2009,3352.7246964220458
2010,3354.4580528097331
2011,3354.6740366422896
2012,3355.60365875356
2013,3357.7923976088787
2014,3360.1786807345225
2015,3363.7887905148314
2016,3366.2119491222561
2017,3366.3579990965554
2018,3370.0174130810651
2019,3371.3731192101018
2020,3373.0118945854497
2021,3373.8045467230677
2022,3373.8232572095394
2023,3373.9637965118459
2024,3375.8228659475012
2025,3376.5558213486752
2026,3376.5558213486843
2027,3377.5925002830613
2028,3378.293497637052
2029,3378.5105215556887
2030,3379.8870554329856
2031,3380.1672666820123
2032,3380.8399215468457
2033,3380.8399215468753
2034,3382.1936786791093
2035,3383.8999797941178
2036,3386.1130587822554
2037,3386.7829689602063
2038,3388.3602193098277
2039,3391.9073104839545
2040,3393.0434608431419
2041,3393.2979913905515
2042,3394.8379450308012
2043,3397.1897115197057
2044,3400.0844647930021
2045,3400.8382596858846
2046,3402.8134826381438
2047,3403.5650902669558
2048,3404.4273564341888
2049,3407.1702659248199
2050,3408.3190010979656
2051,3409.4908125911961
2052,3410.3912291354764
2053,3410.3912291354859
2054,3411.8417577744008
2055,3412.5334981325022
2056,3413.4956782032777
2057,3417.3414730279919
2058,3417.9774544752613
2059,3419.3866365349968
2060,3421.4146351452441
2061,3421.9234918291331
2062,3423.7238969255845
2063,3424.1060486157367
2064,3424.1069594967717
2065,3424.106959496788
2066,3424.6375370466926
2067,3425.237723446442
2068,3430.8865612516429
2069,3430.8865612516583
2070,3433.5591150247328
2071,3434.690201915369
2072,3435.981703104223
2073,3437.7224777619203
2074,3438.4802107808164
2075,3439.029196389853
2076,3439.1211322922522
2077,3440.3440168607849
2078,3440.5818364923889
2079,3440.5818364924344
2080,3441.322489705623
2081,3445.0651279499648
2082,3450.2449421580232
2083,3451.2825048589198
2084,3451.5040370905044
2085,3452.4156237414804
2086,3453.2000488724916
2087,3455.1853163552014
2088,3456.6065344558192
2089,3456.736429301212
2090,3459.4902936896569
2091,3459.490293689661
2092,3459.6683422910219
2093,3462.7468451195332
2094,3465.7076750203146
2095,3471.3514450853522
2096,3473.0523505594961
2097,3473.9358176546875
2098,3475.1524026627985
2099,3476.0441792108923
2100,3476.3242155684311
2101,3477.4256798236556
2102,3479.2915126639382
2103,3483.1987043058034
2104,3484.2172838788674
2105,3486.6908335629996
2106,3486.9809209735918
2107,3487.6657026843827
2108,3490.1181515711073
2109,3491.4543771462531
2110,3491.7160674693705
2111,3492.8081006422244
2112,3493.4029245247202
2113,3494.4069171562937
2114,3495.1564055095273
2115,3495.1564055096242
2116,3498.0831187162671
2117,3502.2784404183076
2118,3503.1791151165339
2119,3503.2275606648259
2120,3503.9676028288523
2121,3504.3271650838647
2122,3505.3699233160605
2123,3507.8582976671214
2124,3509.6900664933019
2125,3510.3251188590543
2126,3512.2935967050098
2127,3515.7397693069092
2128,3516.9877668474064
2129,3518.2583223943434
2130,3518.4251346434717
2131,3518.9411581592021
2132,3522.8276708767871
2133,3523.6666733168031
2134,3524.533916011495
2135,3526.8363656391516
2136,3527.908192705298
2137,3527.9081927054003
2138,3528.9576979997591
2139,3529.5465972318202
2140,3530.1593262599649
2141,3532.1108387008576
2142,3533.6905574283096
2143,3537.7283781020446
2144,3538.2180831398068
2145,3543.1784665897912
2146,3543.9352370655974
2147,3544.4098809644365
2148,3547.2421842203612
2149,3547.9047138942356
2150,3548.5516918660232
2151,3552.2079710810781
2152,3552.9788973903442
2153,3554.0998573878655
2154,3556.0014296382724
2155,3557.0624114533366
2156,3559.2425825742057
2157,3561.7638548234072
2158,3562.0692608667669
2159,3562.8958270037047
2160,3564.6898201846161
2161,3564.6898201846179
2162,3566.7891361443967
2163,3568.2897884367044
2164,3569.4409398112962
2165,3570.0307658663382
2166,3571.0985084164736
2167,3572.5861501083718
2168,3579.9995729230968
2169,3580.768499564746
2170,3581.6289103170488
2171,3582.9777536197489
2172,3584.4320372880052
2173,3586.3690231127011
2174,3587.7663479618986
2175,3589.3728940721426
2176,3589.3728940721521
2177,3590.6539055592198
2178,3592.5174631654013
2179,3592.741637253007
2180,3594.3565430621279
2181,3594.3565430622325
2182,3597.5109119019176
2183,3598.4496751306265
2184,3599.9546918692126
2185,3600.6431601365489
2186,3603.0234639543646
2187,3604.4462082772784
2188,3607.5352021374738
2189,3608.1406793067877
2190,3610.8574666445556
2191,3612.4033637277544
2192,3613.7515452895445
2193,3615.3259303543236
2194,3615.3259303544296
2195,3616.225901094082
2196,3617.2018576547739
2197,3619.9637513050948
2198,3622.1679142956636
2199,3623.4983996844317
2200,3624.422518274208
2201,3626.513582365294
2202,3628.4398582203721
2203,3628.4398582203808
2204,3629.0687400963311
2205,3631.2124515778419
2206,3631.8578371836461
2207,3634.1160040399709
2208,3635.3813324490975
2209,3636.5593847891696
2210,3638.0552015733601
2211,3641.2257396794894
2212,3643.8952178530603
2213,3646.7289027793499
2214,3647.6155810053597
2215,3650.9740947969885
2216,3651.036010962885
2217,3651.5901352048181
2218,3651.6007893470296
2219,3651.7633685341689
2220,3653.943282015704
2221,3656.0353991972984
2222,3656.2586538575265
2223,3659.5925666433741
2224,3661.7409866914759
2225,3662.9258025176232
2226,3663.097031962629
2227,3663.3480805726099
2228,3664.46559273202
2229,3664.6127719990168
2230,3665.6085098102853
2231,3665.6085098103472
2232,3666.4691664133625
2233,3669.8571026667987
2234,3670.8541056927293
2235,3671.6021112632893
2236,3673.8695378169168
2237,3675.0713932797626
2238,3676.2647909548023
2239,3677.5427955828795
2240,3679.8996008690419
2241,3680.966135540506
2242,3682.2521161311201
2243,3684.9444567553487
2244,3685.0687869456679
2245,3685.0687869456851
2246,3685.788297950653
2247,3685.9900623821027
2248,3687.1610026072663
2249,3688.1381256909854
2250,3688.1560516128925
2251,3690.1281569490789
2252,3693.3986745266106
2253,3694.1812318292164
2254,3694.4163549038235
2255,3695.1598173989478
2256,3695.159817399021
2257,3697.8254560139758
2258,3700.2613347416122
2259,3702.1335228617249
2260,3702.5855219262867
2261,3702.9702308518008
2262,3703.8914455773747
2263,3705.7377825670765
2264,3706.3171444227473
2265,3706.3171444227846
2266,3708.1209559575127
2267,3713.0386931089488
2268,3713.8955657710999
2269,3714.2491887558322
2270,3714.5493349646504
2271,3716.7887478698376
2272,3719.0630136609079
2273,3721.3359247901913
2274,3721.335924790239
2275,3722.1283408995787
2276,3722.6200174406413
2277,3722.8433977770856
2278,3723.5984184812619
2279,3726.9288852364366
2280,3727.8408504152894
2281,3733.4718058268004
2282,3733.8308663532948
2283,3734.2787984564479
2284,3735.9410695050738
2285,3736.4411850655397
2286,3736.591345960227
2287,3743.1371550204185
2288,3743.6168732401811
2289,3744.2588819529919
2290,3744.258881953092
2291,3744.4865724194678
2292,3746.546701872614
2293,3748.8852760290843
2294,3752.1845268862985
2295,3752.3952633915897
2296,3755.5789250051603
2297,3758.3687451356823
2298,3759.8606861185258
2299,3760.4708049438236
2300,3760.9301299835961
2301,3761.0337893633814
2302,3762.2617965046097
2303,3762.2912108977334
2304,3763.3126566765468
2305,3763.9792990313294
2306,3763.9792990313695
2307,3765.0321899055562
2308,3767.1719329908155
2309,3768.2740422653105
2310,3770.4868012099241
2311,3770.5886165147626
2312,3772.5384099280832
2313,3774.9402792528558
2314,3776.3723183162097
2315,3776.4372190367831
2316,3776.4898080513167
2317,3782.8072931963161
2318,3785.9342856051762
2319,3787.0115210783329
2320,3788.1944686525267
2321,3789.8286234950729
2322,3789.9402922011654
2323,3790.3193437612604
2324,3791.0662529451224
2325,3792.8761683242606
2326,3793.6932717151358
2327,3794.602119828518
2328,3795.7496303477815
2329,3797.3068392630275
2330,3798.680310608981
2331,3800.9530247386369
2332,3801.8895623242829
2333,3802.790909444358
2334,3805.440297910036
2335,3809.121236007305
2336,3809.1393752640597
2337,3810.2619247537
2338,3812.6767809688331
2339,3812.6767809688363
2340,3813.7388959998898
2341,3813.7772731215473
2342,3815.1555093320735
2343,3819.7446558442434
2344,3822.5790323483761
2345,3823.9779152815549
2346,3824.6096002599006
2347,3824.6096002599993
2348,3826.6146212901008
2349,3829.7016938751544
2350,3830.4425829470533
2351,3830.5337432377746
2352,3831.8342083117514
2353,3832.3031597698423
2354,3833.2907416412941
2355,3838.5186101092518
2356,3838.70361601481
2357,3840.1835881282573
2358,3842.0478766310011
2359,3844.9199598670298
2360,3845.4439084824171
2361,3845.4439084824471
2362,3846.2405799338521
2363,3846.2405799339667
2364,3846.3771088163189
2365,3848.3694351214617
2366,3856.3293526708221
2367,3856.62576464942
2368,3856.7217802523401
2369,3857.8744005855774
2370,3858.1100459857234
2371,3861.4328751886651
2372,3863.006994977492
2373,3863.2615645451328
2374,3863.8086337655213
2375,3864.8034772432779
2376,3864.8034772432861
2377,3870.269798043013
2378,3871.7612075559882
2379,3872.4203304495168
2380,3873.3250735008896
2381,3874.3775215843648
2382,3874.6298116515654
2383,3879.531731440873
2384,3883.9704786308821
2385,3885.343788491989
2386,3886.3320854209965
2387,3886.3791650342646
2388,3888.4497131492058
2389,3889.4016856693238
2390,3889.4016856693438
2391,3889.9485834998231
2392,3890.8580663464086
2393,3892.5959881159001
2394,3894.6393290137153
2395,3894.7780336681385
2396,3895.4180008855019
2397,3897.8745083787076
2398,3898.8683441322623
2399,3900.094518617836
2400,3900.0945186178587
2401,3901.2662064686642
2402,3902.2140073194228
2403,3904.1239745717107
2404,3905.6087201685177
2405,3906.4498693578753
2406,3907.7815535886857
2407,3909.7591659259515
2408,3912.5639960037265
2409,3912.8379021645083
2410,3915.8433123154314
2411,3916.250106177994
2412,3917.9821831020427
2413,3923.3176712410077
2414,3929.2697063101964
2415,3929.5764774840404
2416,3930.8065359002312
2417,3932.4115687061517
2418,3932.8956795512781
2419,3932.9953965660202
2420,3933.5050149462718
2421,3935.8573075787276
2422,3936.0481399352857
2423,3936.3322027910231
2424,3938.2096404193717
2425,3938.2330781319961
2426,3944.3297360025445
2427,3946.0419090236101
2428,3947.0471169030552
2429,3948.5532324621163
2430,3948.946585430037
2431,3950.1515601865799
2432,3950.5490126322479
2433,3950.7494872917141
2434,3950.9479450994636
2435,3952.1475126709984
2436,3952.2059387824484
2437,3952.2963044093544
2438,3953.0638754263387
2439,3953.0638754263596
2440,3953.8916804673568
2441,3953.8916804673909
2442,3954.2030740037662
2443,3957.8556629296677
2444,3960.3668383887821
2445,3964.7988669936976
2446,3964.9816071819
2447,3965.3216145454717
2448,3966.7607014898654
2449,3967.452926484179
2450,3968.1441130219332
2451,3968.2653161998896
2452,3969.1149817908836
2453,3970.1872179245447
2454,3971.4137393628771
2455,3972.6041561968868
2456,3974.053545471198
2457,3974.483929731387
2458,3977.1049771622429
2459,3980.039199089063
2460,3982.3489880379007
2461,3982.6151830149292
2462,3982.6151830149915
2463,3983.9815390873609
2464,3986.9635063198043
2465,3987.0712327205383
2466,3987.0712327205811
2467,3987.7532041163781
2468,3988.7713159209584
2469,3988.7992410226498
2470,3990.3789976527901
2471,3991.8141412902128
2472,3992.7055863708747
2473,3996.8386410794128
2474,3997.075742728588
2475,4000.348791555537
2476,4002.2242344543529
2477,4003.388346306082
2478,4003.754869175239
2479,4005.8304822372634
2480,4006.1045130535781
2481,4006.1045130536095
2482,4008.066042798243
2483,4008.7785406363364
2484,4010.7417490360822
2485,4011.2271365033989
2486,4012.6648088589395
2487,4015.0779936782355
2488,4015.5514791692258
2489,4018.5884943820047
2490,4021.9705466455603
2491,4022.3653566715047
2492,4022.9903362423165
2493,4023.6752835362072
2494,4025.7867429271091
2495,4030.1436291239752
2496,4030.8854219045088
2497,4031.5679595281035
2498,4031.7142475691317
2499,4031.714247569153
2500,4033.856964176447
2501,4035.5559706036452
2502,4036.6364744868388
2503,4039.409882202378
2504,4039.4098822023966
2505,4041.8903242943652
2506,4042.7179969711619
2507,4045.5757360607217
2508,4045.6512012434073
2509,4047.0695371361335
2510,4047.299212826812
2511,4047.9947827821975
2512,4048.4857535841002
2513,4048.9824374898881
2514,4049.0092276006953
2515,4049.5551129734686
2516,4051.056557730592
2517,4052.2710665316476
2518,4053.6428014343296
2519,4056.0813349155192
2520,4056.9428666353706
2521,4060.1851557011673
2522,4060.303596796075
2523,4063.9685539701954
2524,4066.2414469000482
2525,4067.9691294405084
2526,4068.9700193198187
2527,4071.8189276474709
2528,4072.7734909124529
2529,4076.2219591352782
2530,4076.4936371316053
2531,4076.4936371316576
2532,4077.342561888368
2533,4077.7428689592944
2534,4077.8513138289654
2535,4079.5600328610799
2536,4081.8017559154091
2537,4082.9623568598136
2538,4083.4996633178248
2539,4084.1260854907273
2540,4087.2218583694062
2541,4090.5702144689512
2542,4091.4316343621058
2543,4094.8892102471659
2544,4095.18074019101
2545,4095.5141253306138
2546,4097.1621952582873
2547,4098.0048537354824
2548,4100.1321465847923
2549,4100.1321465848232
2550,4101.6122883050411
2551,4104.161440402997
2552,4105.4870555768593
2553,4106.995206345252
2554,4107.2024073828507
2555,4107.2024073829079
2556,4108.2622294087987
2557,4108.8905957045445
2558,4110.9608418288008
2559,4112.0266606882042
2560,4113.8021521106621
2561,4115.1990499489202
2562,4119.379823729947
2563,4120.579092902788
2564,4123.0265480725211
2565,4126.1849257517306
2566,4126.3004460716702
2567,4126.7846388428216
2568,4130.2124967458476
2569,4130.2124967458594
2570,4130.4388728744379
2571,4133.0991706997302
2572,4133.6220723476672
2573,4135.0924528804298
2574,4135.6908795969885
2575,4138.8971033728212
2576,4139.9625496707731
2577,4144.4231178796808
2578,4144.6016215287973
2579,4144.9190072230813
2580,4145.2293860518203
2581,4145.5575655409966
2582,4145.5575655410948
2583,4146.437704314093
2584,4147.9228315879473
2585,4152.150774030838
2586,4155.4374408693184
2587,4155.4437677103924
2588,4158.2245791910027
2589,4158.2245791910691
2590,4158.396104847192
2591,4158.4579331051154
2592,4159.1114933799863
2593,4159.3386838857987
2594,4166.4456824031358
2595,4168.255907098287
2596,4169.9651789030104
2597,4170.2670698438042
2598,4172.0392931163806
2599,4172.5729059518544
2600,4173.5365007287282
2601,4173.5934619217896
2602,4174.0476798037826
2603,4175.6162383510054
2604,4175.8447262779137
2605,4178.1498182023406
2606,4182.0803375238866
2607,4182.9787190231491
2608,4185.1595259554078
2609,4185.4007996277196
2610,4187.0996658570539
2611,4187.2822295519809
2612,4187.5498842338802
2613,4187.5498842339011
2614,4188.4436027122483
2615,4190.5341561732503
2616,4195.0160196235993
2617,4195.0712674723354
2618,4199.9852758501193
2619,4202.1787667210892
2620,4203.0294846443267
2621,4205.0683910011767
2622,4205.8386698267514
2623,4207.0175251071023
2624,4210.0854415997555
2625,4211.4227902885914
2626,4214.4396143487684
2627,4216.3981421397293
2628,4216.8009809473706
2629,4217.9598185443647
2630,4218.7865684960398
2631,4220.1008674490613
2632,4222.9918027465437
2633,4223.79464602792
2634,4224.1191896458113
2635,4224.9289834511947
2636,4227.5128899064784
2637,4228.5598198273956
2638,4229.3222636384271
2639,4229.3222636384326
2640,4229.9305457467763
2641,4230.0360100842754
2642,4230.8661840113482
2643,4233.7768873083796
2644,4234.6220426698328
2645,4234.8775636023192
2646,4236.9592389410309
2647,4238.839296934907
2648,4239.261480686444
2649,4239.2812152093693
2650,4239.6457529563559
2651,4240.8354590932167
2652,4240.9072362837696
2653,4241.4685628292
2654,4241.8657687856203
2655,4241.8657687856339
2656,4243.3541509347706
2657,4244.3419009015879
2658,4247.3845686420536
2659,4248.1108324636989
2660,4252.3179068573236
2661,4253.4601227704807
2662,4254.3450315986556
2663,4255.8528055741754
2664,4256.2314082453922
2665,4256.6197786430566
2666,4257.4224897299009
2667,4259.6963027172824
2668,4261.1787472658307
2669,4264.356704389158
2670,4265.0217023597816
2671,4267.6706733269048
2672,4270.5322290426748
2673,4271.0489632210301
2674,4271.4170763742677
2675,4271.4170763742932
2676,4271.5156175930397
2677,4271.8398209839406
2678,4271.8398209839761
2679,4273.3879416005357
2680,4273.7662526740742
2681,4273.8315337480926
2682,4274.8558768740568
2683,4275.6740086568498
2684,4278.5630591008412
2685,4279.2890987514966
2686,4279.3427609840792
2687,4282.6376496177745
2688,4283.9783947008764
2689,4285.0360682729879
2690,4287.1013103154555
2691,4291.8790934621629
2692,4292.5167561662192
2693,4293.55987866962
2694,4293.5598786696373
2695,4295.8935122205176
2696,4297.1690993970078
2697,4300.632562012559
2698,4302.1297054755123
2699,4303.2981666817759
2700,4303.3599570369324
2701,4304.1243259933071
2702,4304.7054609076858
2703,4306.1376452563245
2704,4308.4035293117149
2705,4309.2155200641382
2706,4309.9031489732643
2707,4311.4500691133571
2708,4312.881796608016
2709,4315.3993172652581
2710,4318.1254837717697
2711,4318.1254837718579
2712,4319.1949505913271
2713,4319.3600354470163
2714,4320.1639705001153
2715,4320.1639705001808
2716,4320.5161409283783
2717,4320.5161409284319
2718,4322.3505984675721
2719,4322.6931032715092
2720,4324.0984504141397
2721,4325.2779206947862
2722,4331.9396483341407
2723,4332.4943607769828
2724,4333.598942612165
2725,4333.940166117336
2726,4334.9510862110192
2727,4335.9801458412221
2728,4336.7577804086686
2729,4337.455464580602
2730,4337.4554645806184
2731,4337.9649096302082
2732,4338.1734570759936
2733,4343.0949339844346
2734,4343.7461316024783
2735,4346.4025351636146
2736,4347.915661877264
2737,4348.6879194378789
2738,4350.5654527828001
2739,4352.0463847837236
2740,4355.79971282522
2741,4356.3250278497335
2742,4357.6521901822471
2743,4358.461832946402
2744,4362.31798613091
2745,4363.0096535249631
2746,4364.3862966725701
2747,4364.8716660940272
2748,4365.0606288786648
2749,4366.4357374818546
2750,4368.2158658199824
2751,4369.2421336035313
2752,4371.6636371783752
2753,4374.7561485222977
2754,4376.0253009045027
2755,4376.0253009045236
2756,4376.5010680288751
2757,4377.4854246541372
2758,4378.1963608634669
2759,4378.3549726420952
2760,4382.0277595110865
2761,4382.1637493625003
2762,4383.0741589678446
2763,4384.1279464352838
2764,4384.2034891709782
2765,4386.4788417526333
2766,4388.9340399440289
2767,4388.9340399440907
2768,4389.4955767089314
2769,4389.5170127366773
2770,4391.6447773308137
2771,4392.4524426263042
2772,4395.7169764734463
2773,4396.1549340513166
2774,4399.2734055961282
2775,4401.7719384807942
2776,4401.9801739923205
2777,4404.2298473049268
2778,4406.6936491523165
2779,4408.7677009938261
2780,4410.7000829674162
2781,4414.79723727287
2782,4414.9854767360575
2783,4415.994822084971
2784,4416.0555441860006
2785,4417.6678623618482
2786,4417.6678623618536
2787,4418.2618804560088
2788,4419.3795222974632
2789,4421.4405406980122
2790,4421.9539146518919
2791,4424.1588030261455
2792,4426.9221146140644
2793,4428.251434673025
2794,4430.3261538045008
2795,4430.3261538045235
2796,4430.5295763133408
2797,4432.3104906687413
2798,4433.655162362088
2799,4433.6551623621672
2800,4433.9972380764357
2801,4434.1474321076321
2802,4434.1787031355898
2803,4434.8699440776008
2804,4437.414444689447
2805,4441.9375215904447
2806,4445.2355123129519
2807,4445.5765261937167
2808,4446.7095177307592
2809,4447.7437013167801
2810,4449.3170367315934
2811,4454.4950770090491
2812,4454.6609600382408
2813,4455.0226444868385
2814,4455.1930852188043
2815,4456.2801342437024
2816,4457.3722760964638
2817,4460.5934597703526
2818,4461.2802130412501
2819,4461.6873270511032
2820,4462.0263019515451
2821,4463.7819699455158
2822,4464.3305552835864
2823,4465.3379533863508
2824,4467.8791594475624
2825,4468.0678378298771
2826,4473.7448410952893
2827,4473.9283003602823
2828,4476.3431284220569
2829,4476.351777593135
2830,4476.3517775932341
2831,4479.2830272818555
2832,4479.5355490992952
2833,4483.6434850992046
2834,4484.1180416971902
2835,4484.2508497802346
2836,4487.4264504497714
2837,4488.7573723086261
2838,4490.1202851643939
2839,4491.5340709201009
2840,4492.5891763571362
2841,4494.7821797278402
2842,4494.8959389151178
2843,4496.8824401657166
2844,4499.0839676570386
2845,4499.5763874917475
2846,4503.0805494391197
2847,4503.5824967358803
2848,4505.7407103313271
2849,4507.1983751299449
2850,4510.0763519362044
2851,4510.0763519362818
2852,4510.5797515890154
2853,4511.6520540996135
2854,4511.9572778391048
2855,4511.9729941842252
2856,4512.1140191548257
2857,4513.6823294211317
2858,4513.9078275194506
2859,4513.9358822643499
2860,4515.0640406027933
2861,4518.0400988843812
2862,4520.1688366246754
2863,4520.426606142255
2864,4521.9481487493467
2865,4524.6029962054354
2866,4526.3418785816211
2867,4526.7598942899958
2868,4526.8398937336033
2869,4527.940382998454
2870,4528.1899233339318
2871,4529.1774632335437
2872,4529.4807086511919
2873,4530.6676621449205
2874,4530.6676621449333
2875,4530.6832228138855
2876,4532.4377106665006
2877,4532.4745191725033
2878,4539.4678828054648
2879,4541.0793958584181
2880,4541.8822609832614
2881,4543.0006758320733
2882,4543.2252358646992
2883,4544.2694481697708
2884,4544.4599998680887
2885,4545.442598858057
2886,4547.6702720620815
2887,4547.8144719743987
2888,4549.7007671987203
2889,4551.0652343404527
2890,4552.8275840694832
2891,4553.2495440924686
2892,4555.2548488478969
2893,4556.0195233942804
2894,4557.2285290386217
2895,4558.5627306207534
2896,4559.2951866000012
2897,4559.295186600023
2898,4559.412552665045
2899,4560.2189697335452
2900,4560.2189697335643
2901,4560.6229491512895
2902,4563.6779581758556
2903,4566.7862764529509
2904,4566.8451241924904
2905,4567.459284535872
2906,4568.4441546282787
2907,4570.0095206435126
2908,4574.9815160775706
2909,4578.4373888630771
2910,4579.0873112207391
2911,4579.0873112207646
2912,4580.0705930669874
2913,4581.3602971903128
2914,4582.2348942010258
2915,4582.3617720289294
2916,4582.3617720289485
2917,4584.405688885875
2918,4584.9126563030532
2919,4585.6674042381765
2920,4586.0106581469418
2921,4588.4957176726384
2922,4591.5366426638038
2923,4593.4065604933103
2924,4594.3503512153275
2925,4594.9751393946444
2926,4598.3026765633313
2927,4600.0556751310496
2928,4600.2266940885183
2929,4601.3812538701131
2930,4602.9269883992756
2931,4604.9325587635703
2932,4604.9325587635831
2933,4606.2783581022404
2934,4606.2783581022795
2935,4606.4524083660808
2936,4606.5846054506637
2937,4606.9638738029334
2938,4607.9151960059235
2939,4609.3180342876694
2940,4609.3180342877513
2941,4611.5679498167901
2942,4614.3223205615277
2943,4617.8517672472963
2944,4617.9172714248507
2945,4619.9491240375492
2946,4620.5909872069788
2947,4622.1277247204926
2948,4622.2341979651846
2949,4622.6525070353619
2950,4625.2531184111485
2951,4625.7389742384003
2952,4626.4628693450741
2953,4627.5932318356172
2954,4627.9676824334365
2955,4630.8851529214371
2956,4633.2472500012354
2957,4635.6711660755564
2958,4636.536262130965
2959,4638.3921533958064
2960,4639.5492999574535
2961,4643.0253704222314
2962,4643.7225765694857
2963,4644.3058678894049
2964,4646.863835344785
2965,4648.2967202295349
2966,4649.7118074040363
2967,4651.455884075599
2968,4651.4558840756363
2969,4652.3189868353656
2970,4653.0236010597482
2971,4653.5107601886211
2972,4654.9927048175432
2973,4656.1072887886612
2974,4656.6177958516819
2975,4657.4772910746306
2976,4657.4950269594738
2977,4659.1669002681047
2978,4659.7784104690554
2979,4663.2563016702898
2980,4665.7661960531841
2981,4666.2117622041042
2982,4667.6564676514836
2983,4668.9803865831445
2984,4669.2973716998349
2985,4671.0453181892863
2986,4671.8677954871473
2987,4672.3363032719444
2988,4673.3304774428343
2989,4677.7359333034183
2990,4677.7359333034346
2991,4678.2980411139306
2992,4678.3396723954756
2993,4679.6378185683216
2994,4683.6430155775042
2995,4687.4682271398306
2996,4687.9369790809487
2997,4688.246190489037
2998,4689.6870674412148
2999,4690.3765336074321
3000,4692.245519588354
3001,4692.84602545299
3002,4697.297215422418
3003,4697.7445540723756
3004,4699.9094365927858
3005,4700.5004343511446
3006,4703.6965831029647
3007,4703.7052369902149
3008,4704.384248110533
3009,4706.4697557211466
3010,4706.4697557211621
3011,4707.0762090315538
3012,4708.774605535812
3013,4710.0344151366444
3014,4710.2381348975932
3015,4711.7454781909801
3016,4714.4092506599172
3017,4714.4092506599382
3018,4714.7275880321658
3019,4716.9671494160793
3020,4717.7815194205323
3021,4717.7815194205596
3022,4721.8305093946274
3023,4722.1398291834103
3024,4722.4270781229961
3025,4722.8634536831532
3026,4724.0983203060541
3027,4724.2386805954202
3028,4726.1956486992558
3029,4730.4190729519796
3030,4732.880899955012
3031,4734.0981935583604
3032,4734.137240771026
3033,4734.8165547037643
3034,4734.9586671916049
3035,4736.7906613941486
3036,4737.5041164026425
3037,4738.2537749619487
3038,4740.18306113771
3039,4741.3503275795656
3040,4744.1622170565752
3041,4746.444694295009
3042,4749.5314009622962
3043,4750.2632039276887
3044,4750.6271076344628
3045,4751.0892416914985
3046,4752.4557964504475
3047,4755.8004229154039
3048,4756.4500414794975
3049,4760.3768459241901
3050,4760.970905741503
3051,4761.4940831516078
3052,4762.2848723123743
3053,4765.1536709524107
3054,4765.1536709524662
3055,4765.7556985277224
3056,4766.5296661867251
3057,4767.0407543554338
3058,4767.9635399442695
3059,4771.9492288817601
3060,4772.857621657914
3061,4774.4652247337817
3062,4775.3311727518012
3063,4775.7751778875809
3064,4777.8667835790166
3065,4779.1078728041266
3066,4782.0111768953702
3067,4782.503778148116
3068,4782.6350848119146
3069,4784.8025626190274
3070,4787.0556416864292
3071,4787.6145758754419
3072,4794.5143885131583
3073,4794.7530551735181
3074,4794.8449401996168
3075,4794.8449401996804
3076,4795.4500507441826
3077,4795.4831641189357
3078,4796.6171620962677
3079,4796.6457382566869
3080,4800.2979834051202
3081,4800.3017840002803
3082,4800.9490556501269
3083,4801.8436265831597
3084,4802.1827121377619
3085,4803.0967945483244
3086,4805.1279301282011
3087,4805.347939332938
3088,4807.8308005336885
3089,4808.3346834107142
3090,4810.7350154857259
3091,4813.5425059531499
3092,4813.927489792969
3093,4814.3031764141542
3094,4815.2957612004557
3095,4815.5500659004792
3096,4816.4444451458312
3097,4816.7732890437464
3098,4817.6624598566978
3099,4817.7942254311965
3100,4818.1230277609275
3101,4818.1230277609429
3102,4818.2334710124987
3103,4818.3563851780027
3104,4824.6294940977214
3105,4825.466384741243
3106,4829.7427103452401
3107,4830.7114158331588
3108,4830.7154705866851
3109,4830.9713480924156
3110,4830.9713480924611
3111,4831.8842787957883
3112,4833.9251718035766
3113,4835.7492619227387
3114,4836.6316564016533
3115,4837.6206619761242
3116,4838.2984628830345
3117,4838.6813903725842
3118,4841.3937466719453
3119,4842.9590736571181
3120,4843.6755174182217
3121,4847.6162939435544
3122,4847.6743353495485
3123,4847.6743353495713
3124,4847.9102047424585
3125,4847.910204742494
3126,4847.9511452854158
3127,4848.0970799592587
3128,4848.0970799592797
3129,4851.6701163812741
3130,4852.7564838670478
3131,4854.1490847648329
3132,4854.257653394734
3133,4855.6128807254945
3134,4856.5074545984226
3135,4857.4394303475083
3136,4864.0580898584303
3137,4865.4433905668639
3138,4867.1727489596278
3139,4869.4269295636959
3140,4869.6434726466723
3141,4870.0029436547638
3142,4871.1636653882133
3143,4871.1636653882215
3144,4872.9063451826441
3145,4873.9967988010785
3146,4874.462944506744
3147,4876.0299625116841
3148,4878.9229101150613
3149,4879.0439006438037
3150,4880.8297468916826
3151,4881.7089412733767
3152,4881.7089412733867
3153,4882.8648478185578
3154,4883.2071676405167
3155,4885.8575386794109
3156,4886.2555405516168
3157,4887.9777934665326
3158,4887.9883066552929
3159,4888.77031122074
3160,4891.7166799520528
3161,4892.0996916894583
3162,4892.3879243795855
3163,4892.3879243795909
3164,4894.4209897290912
3165,4895.1827552054156
3166,4896.0163705276918
3167,4896.7733999037182
3168,4896.7733999037737
3169,4902.6672161658207
3170,4905.8786008334291
3171,4906.4094864274766
3172,4907.2789502069927
3173,4908.4554321773367
3174,4909.0967836218724
3175,4909.4370046741351
3176,4910.3379462096227
3177,4910.7037588041749
3178,4910.89703007751
3179,4912.3653955391055
3180,4912.764331018745
3181,4913.1762353421936
3182,4914.3271797008183
3183,4918.7418642874873
3184,4919.204427111853
3185,4922.3840558219053
3186,4922.6210924658444
3187,4924.2108054361915
3188,4924.7363390208075
3189,4930.0045651565506
3190,4930.1661370398315
3191,4931.4056676417758
3192,4932.2099723733454
3193,4932.2099723733845
3194,4932.269482587405
3195,4932.671315522296
3196,4936.5485798127338
3197,4939.6124922059234
3198,4939.9817077109792
3199,4940.3834490420149
3200,4941.6820069677478
3201,4941.6825388449943
3202,4942.8655780875642
3203,4943.7755356121042
3204,4944.4716701316775
3205,4946.551143917738
3206,4946.6839811404798
3207,4949.1786249061033
3208,4950.2263885315542
3209,4951.4501092411901
3210,4951.9893581141905
3211,4952.339391376915
3212,4957.7226938093945
3213,4957.7647249818019
3214,4958.2807945098048
3215,4959.2569204547053
3216,4960.2937850111821
3217,4965.1912989193897
3218,4965.1912989194116
3219,4965.2155520192446
3220,4965.5184637164903
3221,4966.170357349517
3222,4967.3508067201974
3223,4967.9084744394868
3224,4970.102426853442
3225,4972.5900419784621
3226,4974.0125869515859
3227,4975.6124392466818
3228,4977.3809820355764
3229,4978.6081683141783
3230,4981.6924884339478
3231,4983.9103566076828
3232,4985.5802384849276
3233,4987.1437133573063
3234,4988.2492298688867
3235,4990.3559752642268
3236,4990.3564902521239
3237,4990.4854092890073
3238,4992.161643220069
3239,4994.2770540750143
3240,4995.2716490804278
3241,4995.2716490804733
3242,4995.8635364034562
3243,4996.6225412362974
3244,4997.1178126153773
3245,4997.5312286593444
3246,4998.8299344762036
3247,4999.1778389232486
3248,4999.1778389233523
3249,5001.7293115522089
3250,5005.0570447292412
3251,5006.0054670119898
3252,5006.5834127797843
3253,5006.5834127797989
3254,5007.8198853004105
3255,5008.0426500012818
3256,5008.7571076289378
3257,5011.6942508470966
3258,5012.7279772425163
3259,5015.0263162786159
3260,5016.3610891426988
3261,5021.3236373237178
3262,5021.747371965781
3263,5022.5697935529097
3264,5022.6373807648079
3265,5022.6599076791226
3266,5023.2661847482896
3267,5023.5899635731794
3268,5025.1683739282644
3269,5025.8363130518528
3270,5029.4294849387416
3271,5032.1109897931046
3272,5034.2437321057669
3273,5034.8021800860297
3274,5035.8770796025437
3275,5037.4280144329205
3276,5039.3037661798189
3277,5040.8388109661473
3278,5041.3628034992107
3279,5042.8796893293429
3280,5043.0648173873315
3281,5047.7500502795692
3282,5048.1192011989706
3283,5049.6470011232914
3284,5050.706090527744
3285,5052.6090365684813
3286,5052.6090365684995
3287,5054.8537387050292
3288,5055.1972465012623
3289,5055.4301620080842
3290,5058.2908956510446
3291,5059.1317025391318
3292,5060.5111302741007
3293,5061.1984206717025
3294,5061.7110941051315
3295,5062.971624596229
3296,5063.3777299733192
3297,5066.3688035280502
3298,5066.909322365691
3299,5070.1630705190346
3300,5071.3857363972375
3301,5071.7340074216754
3302,5073.4535975570579
3303,5076.5925658213337
3304,5078.5415223492191
3305,5082.1263046765398
3306,5082.3003058156737
3307,5082.3003058157346
3308,5083.3544608261018
3309,5084.6095907907084
3310,5084.6962511967222
3311,5085.7025860300255
3312,5087.3674250810527
3313,5087.5578352448001
3314,5088.5287063604083
3315,5088.6409942819155
3316,5089.1359849680794
3317,5091.9331755413368
3318,5091.9732991853853
3319,5092.3564127286518
3320,5093.3555829517927
3321,5095.774100597725
3322,5095.9253849066481
3323,5098.932216768666
3324,5099.3077812407328
3325,5099.7942416141868
3326,5099.794241614195
3327,5100.1119059222347
3328,5100.3525922503541
3329,5101.3260353666856
3330,5101.5064457751023
3331,5101.7194458159829
3332,5102.7402472871836
3333,5102.8916160243807
3334,5102.8916160244116
3335,5104.247425482472
3336,5105.6401185953619
3337,5106.777116563755
3338,5110.0130380068531
3339,5115.2760241728729
3340,5116.0818332863519
3341,5116.3074315892882
3342,5117.7260879402211
3343,5118.9891885545967
3344,5122.0162867999616
3345,5122.5043796621458
3346,5123.3407879134847
3347,5123.3407879135611
3348,5123.6647049138564
3349,5124.623328382535
3350,5127.1717241332462
3351,5127.5632454320712
3352,5128.2230234432918
3353,5129.1478031503793
3354,5132.4429236129763
3355,5132.4429236129872
3356,5132.671847293348
3357,5135.2471003168348
3358,5135.2909029490256
3359,5136.2524821619681
3360,5136.3794494359108
3361,5136.8989733185417
3362,5136.8989733185726
3363,5137.9293149029099
3364,5139.2298056669561
3365,5140.1147283231776
3366,5141.2377664236728
3367,5141.3893881615004
3368,5142.7149054267293
3369,5143.9841737559427
3370,5149.9839574876078
3371,5154.8406311486624
3372,5154.9118468184206
3373,5155.7660130974291
3374,5156.7482503373658
3375,5157.868232067708
3376,5158.6190310042439
3377,5158.6190310042593
3378,5159.2044929193353
3379,5160.1208771087631
3380,5160.9135720240483
3381,5162.4630295711413
3382,5162.4630295711659
3383,5164.0157431982261
3384,5164.1630644513107
3385,5168.0020735178114
3386,5169.7247695991973
3387,5169.9640521873789
3388,5170.3757470898663
3389,5171.397337035778
3390,5172.9918263968466
3391,5173.4221201980436
3392,5173.8562293671712
3393,5174.2809072901291
3394,5175.9552131240371
3395,5180.1005974948084
3396,5181.1898177388839
3397,5181.1898177388975
3398,5181.2952124962603
3399,5181.541988167126
3400,5181.5419881671442
3401,5182.6957494698381
3402,5182.8173399035168
3403,5183.8856328196925
3404,5186.0466582299314
3405,5189.9168593552386
3406,5192.5027916949493
3407,5194.735058555947
3408,5195.0110815520438
3409,5195.904849396301
3410,5196.5790164656773
3411,5196.7666991128172
3412,5196.8533464926768
3413,5197.1859176058233
3414,5197.4030555852896
3415,5198.5431586366822
3416,5202.1896641743488
3417,5202.8611478355433
3418,5207.2661207419587
3419,5208.0258593991648
3420,5208.5555997946731
3421,5210.0921546808704
3422,5210.6067854779203
3423,5211.1728777442859
3424,5211.9499487088997
3425,5214.1702084593926
3426,5216.9393859679376
3427,5216.9785606367786
3428,5216.9785606367968
3429,5217.7551309603377
3430,5220.0109053131137
3431,5220.7815419903091
3432,5223.2591476497164
3433,5225.1924239859291
3434,5225.4664675762069
3435,5225.9734973198174
3436,5226.0857592504017
3437,5227.4831314345747
3438,5229.3490609260953
3439,5230.9917892452959
3440,5231.0878591348082
3441,5231.6654702627548
3442,5235.5922910406643
3443,5236.9181832590903
3444,5238.6164338129947
3445,5241.0657032678218
3446,5241.264294392492
3447,5241.4111147254835
3448,5241.4185023332966
3449,5245.3953079406765
3450,5246.3381729153161
3451,5246.4985053350938
3452,5247.2554853007114
3453,5248.9025952657894
3454,5249.7439562546679
3455,5249.9598871828493
3456,5249.9598871828784
3457,5252.5646887487874
3458,5252.9325919198191
3459,5253.4820383756851
3460,5255.4807093112286
3461,5257.8491761907708
3462,5259.4757374437204
3463,5260.7342742578667
3464,5264.2157432831245
3465,5265.6457493974985
3466,5266.39217446368
3467,5268.1269974860152
3468,5269.8271032260054
3469,5273.9783236842077
3470,5274.4250447446111
3471,5274.7210491791193
3472,5275.0550523627517
3473,5276.6455604492157
3474,5277.0369804344891
3475,5277.8137741522005
3476,5280.1358106639746
3477,5282.3860019537051
3478,5282.7270146964538
3479,5282.7270146964656
3480,5282.946149153353
3481,5284.7664229320753
3482,5284.7975240481992
3483,5286.6053840415025
3484,5286.6332045393465
3485,5286.6332045393747
3486,5287.6659247429079
3487,5290.1371829506525
3488,5290.3060837049079
3489,5290.9231050548651
3490,5291.2914031417422
3491,5292.4260983565646
3492,5294.0029969299067
3493,5295.109751286519
3494,5295.385306139091
3495,5295.3853061391937
3496,5299.3459181594944
3497,5302.9388185016096
3498,5303.3069211641132
3499,5303.414976030228
3500,5307.3181412461809
3501,5308.4777590765034
3502,5308.4883042557458
3503,5309.6484874949383
3504,5310.0603351929076
3505,5311.2103708326804
3506,5313.4304625584291
3507,5317.418999285027
3508,5318.9879361098256
3509,5319.9409651927926
3510,5320.1493087479648
3511,5320.8401992426561
3512,5321.3657043500025
3513,5324.5593345590423
3514,5325.1073612009959
3515,5326.5650134962316
3516,5327.4700004031074
3517,5328.0118728251746
3518,5331.1813213112055
3519,5333.6412564314705
3520,5333.6765381828491
3521,5334.6414399601244
3522,5336.8213985430866
3523,5337.3776248318936
3524,5337.3776248319045
3525,5338.0080057086252
3526,5338.7891683502148
3527,5339.4176910615079
3528,5339.8614523851438
3529,5341.5015618565076
3530,5344.3704615085035
3531,5346.2880211921183
3532,5346.3975768534128
3533,5350.7487013172258
3534,5351.8808964412474
3535,5353.6914023049458
3536,5355.1578685502955
3537,5356.2534207135259
3538,5356.4321193955366
3539,5356.721175719078
3540,5360.7560690631008
3541,5360.7560690631135
3542,5363.4305378292484
3543,5365.0877657308911
3544,5367.010963226332
3545,5368.4076159813358
3546,5370.0724434324566
3547,5371.1021991749394
3548,5371.1021991749612
3549,5371.2286184427112
3550,5372.2807970781814
3551,5372.880666535918
3552,5373.060733598375
3553,5373.103306900126
3554,5373.2974726794209
3555,5374.1861804942237
3556,5374.5636976340511
3557,5375.2248247852012
3558,5375.224824785234
3559,5378.8317836486785
3560,5379.5316017000287
3561,5379.7057379809248
3562,5380.0645460627438
3563,5381.2350920534673
3564,5381.5177820248109
3565,5381.5625510924401
3566,5382.9726232588409
3567,5383.6457043221353
3568,5383.6457043221608
3569,5384.0182514024846
3570,5385.4680773476994
3571,5387.7336437648764
3572,5388.7855255755503
3573,5390.2788228061527
3574,5390.3868115337536
3575,5391.6604120191105
3576,5397.0282401748445
3577,5397.2293436081145
3578,5398.9451723295151
3579,5399.6492779584742
3580,5400.5131227817419
3581,5401.3171107748649
3582,5402.9073955407002
3583,5404.0489838801259
3584,5404.0948762112521
3585,5404.0948762112766
3586,5406.2322163906965
3587,5408.3798076486582
3588,5408.8570839782924
3589,5409.2989051016611
3590,5410.919617065093
3591,5411.3540328884164
3592,5412.5375649848702
3593,5413.1970119107782
3594,5413.1970119107882
3595,5414.0924083115597
3596,5417.8470869356497
3597,5417.9577507453805
3598,5419.2215316499032
3599,5420.6741172571337
3600,5421.7188811882888
3601,5422.2233699726303
3602,5423.2995644486791
3603,5424.354338934595
3604,5424.3543389345996
3605,5425.8546967315951
3606,5426.132605179796
3607,5426.8152165541051
3608,5427.7563905900688
3609,5436.7765173467787
3610,5437.8030151040757
3611,5438.1859320744934
3612,5438.5735260317697
3613,5439.4089536326428
3614,5440.4531719711576
3615,5442.1325588503723
3616,5442.150488386962
3617,5442.3619530051892
3618,5443.3876192676744
3619,5443.3876192676826
3620,5444.1836835648091
3621,5444.4453666244117
3622,5445.535043575137
3623,5447.2316178345172
3624,5447.2316178345518
3625,5449.1063403383314
3626,5450.6060044126898
3627,5451.2475768885761
3628,5453.8816606784267
3629,5454.1590140891385
3630,5455.2614270362874
3631,5456.0010654319967
3632,5457.9523852250077
3633,5459.4674424816194
3634,5461.2445437056858
3635,5462.2960764649315
3636,5462.296076464947
3637,5463.6182521345572
3638,5467.0128225969775
3639,5467.4169437674063
3640,5468.918385337739
3641,5469.9917110981478
3642,5469.9917110981633
3643,5470.2952545855742
3644,5470.3627564201106
3645,5473.2977699412713
3646,5474.3588189753591
3647,5474.6949930075834
3648,5475.9172861458946
3649,5475.9486933159515
3650,5478.3492069107942
3651,5480.4597828468886
3652,5481.0394572490022
3653,5482.019907778682
3654,5483.152973273719
3655,5483.2492377053995
3656,5484.4386707201766
3657,5484.5935367576931
3658,5485.1072745866923
3659,5489.1223461169257
3660,5490.8055163472673
3661,5490.9642584604535
3662,5491.413922317267
3663,5491.8164856901085
3664,5494.1296614083321
3665,5494.1817912081096
3666,5496.4860165243963
3667,5498.004500685206
3668,5503.7490125376844
3669,5504.4176140252139
3670,5504.433926252832
3671,5504.4339262528692
3672,5504.9510652000727
3673,5506.9034120589895
3674,5507.3277552002046
3675,5507.5627591051898
3676,5509.9362870065115
3677,5512.0471718721283
3678,5512.4430159447293
3679,5512.723858624021
3680,5515.1081757394322
3681,5515.2002509744125
3682,5516.4820961765945
3683,5517.7848862963738
3684,5518.5541143264236
3685,5518.7665468689302
3686,5520.5105818076536
3687,5524.5873060012436
3688,5526.1373466653067
3689,5526.2295016464814
3690,5526.7332123053002
3691,5527.5829512989858
3692,5528.4960471814866
3693,5529.3437926445567
3694,5530.0007659144794
3695,5530.7139754806331
3696,5530.7139754806431
3697,5531.8385961866998
3698,5532.3125056235149
3699,5533.7241013365738
3700,5535.4387629482244
3701,5538.3440585830185
3702,5540.7974105380199
3703,5541.675705179021
3704,5542.424209943626
3705,5547.0915770676102
3706,5548.013971446665
3707,5548.9747108027223
3708,5549.6698379013887
3709,5552.7680904473937
3710,5553.2785545739853
3711,5553.4153598112689
3712,5554.0781134021881
3713,5554.1985298927184
3714,5556.0067016245503
3715,5559.4487428886277
3716,5560.9757662943111
3717,5561.3603019797056
3718,5561.6147358094204
3719,5564.0681747630779
3720,5564.410953507967
3721,5565.5013907872708
3722,5565.8195362212718
3723,5567.4956029598543
3724,5567.4956029599816
3725,5567.6810162123656
3726,5567.7000770623572
3727,5568.0208240712891
3728,5568.912912613614
3729,5572.2830510974536
3730,5572.6841270951809
3731,5574.3897505989798
3732,5575.4350978986313
3733,5575.4350978986849
3734,5576.7745585131788
3735,5580.8346134877247
3736,5581.2642984779231
3737,5582.8406717551197
3738,5582.8406717551461
3739,5584.9863503770248
3740,5585.0402299031775
3741,5586.0571617181777
3742,5588.2260500981838
3743,5589.2313139096514
3744,5590.4072304049141
3745,5592.6886820036007
3746,5594.1981019495915
3747,5594.2849783412339
3748,5595.0023258422161
3749,5596.2998838914536
3750,5597.6591766248139
3751,5597.7225949757985
3752,5598.1472460973901
3753,5598.3187666188805
3754,5601.85139666955
3755,5604.108081532926
3756,5604.7365067837545
3757,5605.7449678926278
3758,5608.0924644707829
3759,5610.7319042285153
3760,5610.739280754744
3761,5612.4673880719529
3762,5614.5493143137655
3763,5615.5053647934692
3764,5617.1695559920718
3765,5617.506883779648
3766,5618.131713129661
3767,5618.1317131296655
3768,5620.8777797435114
3769,5622.6564426227269
3770,5622.7520719600152
3771,5623.5770747812985
3772,5624.5908679145696
3773,5624.8983766184983
3774,5626.0843137408174
3775,5629.5789625847819
3776,5629.7041609932903
3777,5632.2492166959328
3778,5634.8082901165553
3779,5635.1758147421106
3780,5635.751194823154
3781,5636.1866522341643
3782,5636.1866522342179
3783,5636.4450425292371
3784,5640.2650508731613
3785,5642.6084726959725
3786,5643.3215236771648
3787,5645.0770830179881
3788,5649.7220233947637
3789,5649.7274246277602
3790,5650.2323903090419
3791,5652.5204716821554
3792,5653.1677245045212
3793,5653.9165525824392
3794,5654.3844170257853
3795,5655.7103239019725
3796,5655.9789130829868
3797,5655.9789130829995
3798,5656.7627685389998
3799,5656.7924060402711
3800,5657.2382686580058
3801,5657.8144695308656
3802,5658.1321013618681
3803,5658.5729465348204
3804,5659.0762874932334
3805,5659.0762874932589
3806,5659.9040925342415
3807,5659.9040925343061
3808,5660.0878249315947
3809,5661.0275140794938
3810,5661.0505678445834
3811,5661.4497347948563
3812,5666.4984448531923
3813,5667.0515226901543
3814,5667.3805471161877
3815,5668.0224146391802
3816,5671.8485436473438
3817,5672.094328090383
3818,5673.0724696727602
3819,5673.1505501097072
3820,5674.4544165741236
3821,5675.2317498655502
3822,5675.9894739004312
3823,5676.5877513041169
3824,5676.5996547730856
3825,5680.3043540942899
3826,5682.1629355211444
3827,5682.2581790723725
3828,5682.6157923654227
3829,5684.4208103545798
3830,5685.9885032984585
3831,5688.627595081849
3832,5688.6275950818508
3833,5688.8634644747226
3834,5688.8634644747808
3835,5689.9786086643971
3836,5690.1424252532788
3837,5691.5399572028355
3838,5694.3215530628768
3839,5695.3436665717991
3840,5695.674557647616
3841,5697.9964060357315
3842,5698.0646896668832
3843,5699.9124819077451
3844,5700.4225109966037
3845,5701.1893957939483
3846,5703.7520423462411
3847,5704.8168494809552
3848,5704.9115208723297
3849,5709.1229271979601
3850,5709.1229271979928
3851,5710.2115978553302
3852,5710.8096810993402
3853,5710.8801161064694
3854,5711.788139634913
3855,5712.581404762449
3856,5713.2644605154255
3857,5714.9000741119407
3858,5717.2186321081463
3859,5718.2682091791849
3860,5719.9291318658579
3861,5720.2197482604552
3862,5720.3500046339195
3863,5720.3759526084841
3864,5724.141707565439
3865,5724.1417075654754
3866,5727.212722218318
3867,5727.6103139117831
3868,5728.3697216818518
3869,5729.0327278092109
3870,5730.287124193138
3871,5730.5332733675004
3872,5733.8713795396134
3873,5734.6869834505833
3874,5734.686983450606
3875,5734.8517800922245
3876,5737.3120318832189
3877,5737.7266596359977
3878,5737.7266596360123
3879,5738.0444326204761
3880,5739.1249443563865
3881,5740.9126460178022
3882,5744.4278815862599
3883,5746.8482487421661
3884,5747.2932337228194
3885,5747.5836772011935
3886,5748.2149091762976
3887,5748.9696816932637
3888,5749.3888176548999
3889,5749.4637964728636
3890,5749.5074100946349
3891,5752.5351939217135
3892,5754.327076531531
3893,5756.6130656576624
3894,5757.1870370789793
3895,5757.4470767142257
3896,5757.4470767142448
3897,5757.614063202298
3898,5758.2886888698376
3899,5758.3903459704352
3900,5764.2769795650129
3901,5766.5919001566526
3902,5766.6925149397166
3903,5767.1547246896444
3904,5767.5748869911577
3905,5769.3841073616659
3906,5769.3987581497286
3907,5770.1863899364707
3908,5771.111231443786
3909,5772.1179730591712
3910,5772.7753260099225
3911,5773.3395822605007
3912,5776.7997982849511
3913,5777.7102522605255
3914,5777.8238590547753
3915,5779.1895180741931
3916,5780.6841077168856
3917,5782.4823004965829
3918,5785.2606148263376
3919,5787.5365807268554
3920,5788.3416858869268
3921,5788.9220377638376
3922,5789.1629918895678
3923,5789.2788495098757
3924,5791.80085299643
3925,5793.2358196121295
3926,5793.2358196121331
3927,5793.3092576966174
3928,5797.0279100111266
3929,5798.1013380105851
3930,5799.0210787749629
3931,5799.0428990230157
3932,5800.252740415257
3933,5802.8267845058381
3934,5803.1353834664724
3935,5805.2411967160588
3936,5805.4173325457059
3937,5805.4722101740845
3938,5806.1445586517129
3939,5806.144558651722
3940,5809.437946103134
3941,5809.6878135128609
3942,5810.1589352259798
3943,5810.1635983474544
3944,5811.7525480442109
3945,5812.474475856563
3946,5814.4902902793992
3947,5815.1461505669431
3948,5816.6234493626853
3949,5816.8841604315066
3950,5820.1062457017524
3951,5824.0911861311088
3952,5824.6116271008914
3953,5825.2040923592294
3954,5825.8544029589921
3955,5826.976445010574
3956,5827.8386114484201
3957,5828.7001770208844
3958,5830.4825530266289
3959,5831.5845294325882
3960,5832.2572113318811
3961,5833.6357704326701
3962,5835.2391970031358
3963,5835.9990049368089
3964,5836.4026969622428
3965,5836.4631613788952
3966,5838.9148567415286
3967,5839.7077827194826
3968,5840.2040927575736
3969,5841.057571299395
3970,5841.2068616036377
3971,5844.4681582605026
3972,5848.2496912576862
3973,5848.2496912577035
3974,5849.4264430331195
3975,5851.9045437440827
3976,5853.0028805295169
3977,5854.3710097842049
3978,5855.0324479287792
3979,5856.3673196339842
3980,5856.9545377503673
3981,5857.0357965068479
3982,5859.7777879575497
3983,5861.1609144967233
3984,5863.969049043365
3985,5864.2369912579443
3986,5864.2369912579798
3987,5865.0141265274115
3988,5866.19282990786
3989,5867.3139409014493
3990,5867.609260018563
3991,5867.6092600185848
3992,5867.8392985010851
3993,5869.1252324677062
3994,5869.3438699688031
3995,5871.3570925463418
3996,5871.5033671739775
3997,5873.8267410885537
3998,5874.1460440750807
3999,5875.4921526905591
4000,5876.0944038602502
4001,5877.2742913088669
4002,5878.6428053610771
4003,5882.6663373302799
4004,5883.5752810913109
4005,5884.3380958543412
4006,5884.8030532134308
4007,5889.2130240260658
4008,5889.2548666048351
4009,5889.2857173086495
4010,5890.2970916655095
4011,5891.3266775003021
4012,5892.9082280707535
4013,5893.56229630078
4014,5893.5622963008136
4015,5894.4530395939719
4016,5894.6617270498537
4017,5899.4475537151793
4018,5902.5759942866553
4019,5903.3809466491784
4020,5903.3870635009289
4021,5904.9278134569213
4022,5905.0095457558609
4023,5905.0095457558773
4024,5906.0837535487872
4025,5906.7428426179449
4026,5908.6262755845237
4027,5910.7063139303673
4028,5911.3735530163895
4029,5911.8259399327053
4030,5915.0287636528592
4031,5915.8806651744026
4032,5916.4123643622406
4033,5916.940740531938
4034,5916.9407405319917
4035,5916.9464548192791
4036,5920.7094054981399
4037,5920.7359682265605
4038,5921.6444184430684
4039,5922.7879837539003
4040,5924.240775018925
4041,5925.8749884841118
4042,5926.9770024106401
4043,5927.2228153138367
4044,5927.4558734226657
4045,5927.8991810149337
4046,5927.8991810149464
4047,5929.3125122657157
4048,5929.869789102534
4049,5930.478755626018
4050,5930.9370824969592
4051,5933.0669771823977
4052,5933.8988416928332
4053,5936.528648799479
4054,5939.118226749516
4055,5940.7475013464509
4056,5940.7475013464655
4057,5941.6132535396
4058,5942.2177784468722
4059,5942.2583505713719
4060,5942.9346163004038
4061,5945.2922150615368
4062,5945.7118213604854
4063,5946.5467770162841
4064,5947.3594581502912
4065,5947.3594581503312
4066,5948.142296176321
4067,5948.6073853459438
4068,5948.7513010566017
4069,5948.9310314713293
4070,5949.5556320892774
4071,5950.5723770701297
4072,5951.7289853456832
4073,5951.85348729202
4074,5953.6533019314165
4075,5953.7756737487634
4076,5956.6236478354786
4077,5957.4504886035429
4078,5957.4504886035638
4079,5957.5962852008779
4080,5961.8638426095677
4081,5963.2427957394266
4082,5963.9158315774903
4083,5963.9473445633803
4084,5965.11198268514
4085,5965.5129722410902
4086,5965.9712353372697
4087,5968.6838916523557
4088,5970.2547576484221
4089,5972.0714730898017
4090,5972.9738189078453
4091,5973.4536007702036
4092,5976.3188300907323
4093,5976.3188300907523
4094,5977.771880245934
4095,5978.1474314458428
4096,5980.2986696080561
4097,5983.9319394670893
4098,5984.1957782295458
4099,5984.4959408744317
4100,5984.6747682850328
4101,5985.5242344761
4102,5986.2148778247492
4103,5986.4881485307787
4104,5987.1546743794688
4105,5988.3767447442842
4106,5989.2630259297794
4107,5989.8770154958193
4108,5989.8770154958456
4109,5990.4620037798941
4110,5992.0203892024692
4111,5993.2705889393837
4112,5994.9655305276619
4113,5995.6072865766455
4114,5997.5898596839352
4115,5998.6230229861239
4116,5999.572290736528
4117,5999.5722907365853
4118,5999.8535542160316
4119,6000.0846090187224
4120,6001.8404341693313
4121,6002.6941828998924
4122,6006.5495531576908
4123,6006.5495531577089
4124,6011.7406904724994
4125,6012.1134743526163
4126,6014.6090705230908
4127,6014.7263634574538
4128,6014.8607721897824
4129,6015.5031516510953
4130,6015.9040346924839
4131,6016.6126191782323
4132,6016.8628320784592
4133,6017.2921873609703
4134,6020.5202144523837
4135,6021.1916866854544
4136,6023.4888768098526
4137,6023.4888768098899
4138,6023.98446553957
4139,6026.0422234623993
4140,6026.6554462241993
4141,6027.1690550378771
4142,6027.4143204620423
4143,6028.155340529237
4144,6029.1836318013093
4145,6029.4855701039387
4146,6031.4062354531161
4147,6033.5019566216206
4148,6035.1760455760841
4149,6037.0597614502876
4150,6037.1207402463497
4151,6037.7619490920551
4152,6041.5844014174809
4153,6042.2156649776043
4154,6042.2156649776625
4155,6042.6578256769808
4156,6044.005942229378
4157,6044.3873850217587
4158,6044.6338372451219
4159,6045.8391919218711
4160,6046.3466929693905
4161,6047.8318225233097
4162,6049.6788328815237
4163,6050.3077161838955
4164,6052.1551435656038
4165,6052.6595581115434
4166,6053.7179070916945
4167,6055.460464350972
4168,6057.6817500224315
4169,6057.9735714497856
4170,6059.2824053886479
4171,6060.9083583062311
4172,6062.1960809413295
4173,6062.7338734688374
4174,6063.8587256947139
4175,6064.7916639935893
4176,6066.8937335849041
4177,6067.7886526713428
4178,6070.3129141343879
4179,6071.4557319233018
4180,6072.8944275252106
4181,6073.8704808305283
4182,6074.3746347156521
4183,6074.9674521734041
4184,6074.9674521734632
4185,6074.9786972984639
4186,6077.8082967550954
4187,6080.3627158538229
4188,6080.7367054743554
4189,6080.835706372518
4190,6082.0377129714343
4191,6082.037712971457
4192,6084.5718960771201
4193,6084.7089132686542
4194,6085.4452543317293
4195,6087.6215968601427
4196,6088.3151473275775
4197,6088.4405177653989
4198,6089.0717770546016
4199,6090.1781970411257
4200,6091.8852773492717
4201,6093.0906529672939
4202,6093.9479445537554
4203,6094.870914968953
4204,6097.009295437636
4205,6097.5660974510765
4206,6097.5672172611721
4207,6099.7592565344721
4208,6100.5603587897185
4209,6102.2724642960993
4210,6102.6849136215751
4211,6102.8747101427252
4212,6105.6171876267899
4213,6106.493388034015
4214,6106.9452373265376
4215,6107.1180889723519
4216,6107.5129971984097
4217,6107.9026861169968
4218,6108.1275489276823
4219,6108.9178974413262
4220,6110.431311124963
4221,6113.4397053370267
4222,6113.947644017474
4223,6115.0994666397874
4224,6119.0721316462295
4225,6119.5782256858402
4226,6121.7188127205109
4227,6123.6802744287615
4228,6123.6802744287779
4229,6123.6878183388844
4230,6125.2179068978803
4231,6128.2941056662858
4232,6130.1526079115501
4233,6131.9638408765823
4234,6132.9558788807581
4235,6134.1714951681515
4236,6136.2828069232391
4237,6137.2458712903235
4238,6138.0299834074058
4239,6138.5902960354642
4240,6141.3066033596569
4241,6141.5047574000882
4242,6143.2751780227463
4243,6143.3614786430217
4244,6144.6000406722924
4245,6146.222334054647
4246,6147.0318137040113
4247,6147.4271290850702
4248,6148.3633483163239
4249,6148.3633483163467
4250,6149.6559844504609
4251,6150.8175226597277
4252,6151.6923568739248
4253,6151.692356873963
4254,6152.2907227710321
4255,6152.430633118428
4256,6155.3028338653439
4257,6156.4207301462147
4258,6158.880494848433
4259,6158.9914997081414
4260,6160.4623255838505
4261,6160.8363028566555
4262,6161.3084821531011
4263,6162.3851898224211
4264,6162.3851898224484
4265,6163.0914347770195
4266,6164.1422313969078
4267,6164.8183709954228
4268,6164.852799184895
4269,6168.7726641765212
4270,6170.3163125870487
4271,6170.9672152739267
4272,6172.0395049468852
4273,6173.1521331261856
4274,6173.3700080430162
4275,6173.69346159613
4276,6177.77755350188
4277,6178.32214888199
4278,6180.1479122719657
4279,6180.4401289269199
4280,6180.7090062859661
4281,6181.0562493125517
4282,6181.7956795045138
4283,6185.6122328256197
4284,6185.7636340536083
4285,6185.7636340536556
4286,6185.8048966154174
4287,6187.5173298265017
4288,6187.9213247830903
4289,6188.1517545975448
4290,6188.4643834344279
4291,6188.8610084638094
4292,6188.8610084638885
4293,6189.9053210030052
4294,6190.7049029543205
4295,6191.7914637203367
4296,6192.7829557351042
4297,6194.7911509405685
4298,6195.0941180180307
4299,6197.6245529620064
4300,6198.2407186280871
4301,6199.6778819309675
4302,6200.6622382578753
4303,6201.7093287953758
4304,6201.709328795414
4305,6202.2208555172219
4306,6203.8219552754736
4307,6204.3658964185006
4308,6204.7563969105895
4309,6205.4408070592663
4310,6206.197543030522
4311,6207.0668962161881
4312,6208.0692813828964
4313,6209.3320064019335
4314,6212.0289533555551
4315,6215.0970979405911
4316,6215.369675555713
4317,6215.7219133982635
4318,6217.485709094748
4319,6218.412316052485
4320,6218.4123160524978
4321,6219.8436808243823
4322,6222.4996169566803
4323,6224.1166968693105
4324,6224.5065378574209
4325,6225.9937595507081
4326,6227.0832090275626
4327,6228.2028669624497
4328,6228.2028669625042
4329,6228.3320666791269
4330,6230.9396214790677
4331,6232.057461550512
4332,6232.1280464137126
4333,6232.128046413729
4334,6232.8959556547634
4335,6232.9966640928569
4336,6233.5864598943181
4337,6234.4310619433618
4338,6235.0342284468552
4339,6235.6732539806762
4340,6235.8609434938371
4341,6236.1123634627702
4342,6238.6974374804759
4343,6238.8764795246216
4344,6238.9385364954278
4345,6240.5293849863065
4346,6241.0486094129528
4347,6246.8183685419281
4348,6247.6471869677061
4349,6249.236024266449
4350,6250.0902129151937
4351,6250.5683307503023
4352,6250.9790101850549
4353,6254.1908931324724
4354,6254.3934029966513
4355,6255.1703264263679
4356,6255.5978220406741
4357,6256.4706047527516
4358,6257.211637068116
4359,6258.8876519741871
4360,6261.1656038352157
4361,6261.4011618753548
4362,6262.7839555861292
4363,6263.6314129955872
4364,6264.1661565279601
4365,6265.1207234500489
4366,6265.1207234500616
4367,6265.3075986668664
4368,6265.3075986668782
4369,6267.4469872704867
4370,6267.5113806066029
4371,6267.5113806066229
4372,6268.3951842582101
4373,6268.395184258211
4374,6268.5386632310156
4375,6271.2360357817415
4376,6272.0311400453156
4377,6273.0569138351266
4378,6273.2499398755072
4379,6273.6947029730818
4380,6274.0589678140632
4381,6274.1554821656209
4382,6274.5397693192908
4383,6277.6331210880198
4384,6282.2534787354552
4385,6282.6230192471039
4386,6283.6641171302354
4387,6285.1711797274438
4388,6285.8463865089334
4389,6287.7117389217292
4390,6290.4046427330686
4391,6290.8288669541553
4392,6291.2012817956511
4393,6292.1904653350848
4394,6294.6249078164328
4395,6298.452950655229
4396,6298.5278605471321
4397,6298.7841636507319
4398,6300.9565871464411
4399,6302.6126483503813
4400,6302.7636135468047
4401,6302.9320975290493
4402,6303.9417632143086
4403,6304.9737073668584
4404,6305.763239666373
4405,6306.3848371805752
4406,6308.7929601862215
4407,6310.1426853288131
4408,6311.4904260472831
4409,6312.2907701691565
4410,6312.2907701691811
4411,6313.3666576163914
4412,6313.757865310442
4413,6314.8182701504957
4414,6315.3576225711395
4415,6315.5444048480986
4416,6316.9727502047144
4417,6317.112004176699
4418,6319.6768411478224
4419,6322.9554981415713
4420,6322.9697532754244
4421,6322.9697532754426
4422,6323.2365531344531
4423,6324.241058206524
4424,6324.4054026003441
4425,6324.8777539515786
4426,6327.7214189508995
4427,6329.6932610491158
4428,6329.9941294510172
4429,6331.4206786950508
4430,6332.9453781525553
4431,6335.9292796223435
4432,6335.9292796224026
4433,6337.6062156251619
4434,6338.8465632552179
4435,6339.8718947683074
4436,6342.0207311525537
4437,6342.0921025882826
4438,6343.059014949109
4439,6343.4402536589605
4440,6344.0010193925536
4441,6344.8122901548477
4442,6344.8787015757453
4443,6346.7730340243616
4444,6347.9252438073145
4445,6350.0922802490177
4446,6350.1410773618381
4447,6350.2100840205949
4448,6350.5801920569102
4449,6351.29440999905
4450,6351.3517948030731
4451,6353.6078455673569
4452,6354.2411700648181
4453,6354.2512003417696
4454,6355.50552821786
4455,6356.2974568521813
4456,6357.6880342052955
4457,6357.8317547264323
4458,6357.9516906471035
4459,6358.7479007107604
4460,6361.4256554561671
4461,6361.4927885364323
4462,6367.1044559084485
4463,6369.0335532563231
4464,6369.3666821919896
4465,6369.4930785873985
4466,6369.4930785874622
4467,6372.194489105761
4468,6372.7865511251721
4469,6374.0174033923058
4470,6376.0354727882786
4471,6376.187667661623
4472,6377.5840555538989
4473,6377.8129320145808
4474,6377.8329682102303
4475,6379.6379935000832
4476,6380.2865540987268
4477,6382.5930170809443
4478,6383.3295138972499
4479,6384.4554575586499
4480,6384.6412261658488
4481,6385.4496765322583
4482,6386.182428603729
4483,6386.3050241389756
4484,6388.146670034449
4485,6389.2292949134462
4486,6389.3321678854363
4487,6392.5031679504464
4488,6392.5031679504527
4489,6393.9125831941419
4490,6395.6078667321863
4491,6395.7296814746151
4492,6396.0539039745136
4493,6396.6065216391817
4494,6397.9272257808334
4495,6404.5001853228132
4496,6404.5053986908097
4497,6404.7024921073407
4498,6407.3128168539643
4499,6409.3868686394735
4500,6410.5873221641759
4501,6412.8235379775315
4502,6415.1088999220292
4503,6415.9748173058633
4504,6416.6613363094211
4505,6417.5978895779826
4506,6418.3367229931036
4507,6419.831979911075
4508,6421.1370892435516
4509,6423.3470172713842
4510,6423.347017271396
4511,6423.5228270589841
4512,6423.7087205896196
4513,6423.7939314874138
4514,6423.7939314874311
4515,6424.2442856457001
4516,6425.6115595459423
4517,6425.7561218802657
4518,6426.7916481076372
4519,6427.9072798370207
4520,6429.6164403387666
4521,6429.8044298545274
4522,6432.0927122813155
4523,6432.5872644539468
4524,6433.498673296147
4525,6434.3343965609429
4526,6435.3260087200788
4527,6435.7175012472844
4528,6436.041609695937
4529,6436.3121687521161
4530,6436.4609451373899
4531,6436.4609451374254
4532,6438.0431832495169
4533,6438.7161882911005
4534,6438.8102164059574
4535,6439.0088255995342
4536,6440.1373840729166
4537,6440.2482816647644
4538,6440.4828690454196
4539,6440.7450453356123
4540,6440.7450453356141
4541,6442.2603719617837
4542,6445.0057954602744
4543,6445.717140920483
4544,6447.3861525954781
4545,6447.4633363543417
4546,6447.8891114964072
4547,6450.1115996094104
4548,6452.5017520913243
4549,6453.4897050303289
4550,6453.9333892463528
4551,6455.2723218952478
4552,6455.4444921963632
4553,6455.6632239685978
4554,6456.9657764126614
4555,6458.097122504093
4556,6458.7701923865598
4557,6458.8320258597614
4558,6459.0812730300331
4559,6459.9354759002326
4560,6461.1942172246863
4561,6461.1942172247082
4562,6463.6248424892083
4563,6465.0566208598639
4564,6465.5655169573211
4565,6466.7769654571102
4566,6470.2963529242043
4567,6470.2963529242252
4568,6470.532222317066
4569,6470.5322223170833
4570,6470.7116241743224
4571,6471.7693234033504
4572,6473.518342699409
4573,6477.9288643523369
4574,6478.0987141673522
4575,6478.6719181690523
4576,6479.3357478575517
4577,6479.3422398429202
4578,6482.1924964240507
4579,6482.7090787464704
4580,6484.1492532308657
4581,6484.9313645664624
4582,6485.144580915985
4583,6488.5079078689841
4584,6489.1646944113872
4585,6489.1646944114873
4586,6489.3767118859596
4587,6491.7184433211005
4588,6493.3143549228307
4589,6495.0720794826811
4590,6495.4392873102051
4591,6496.8885755607052
4592,6497.73799318496
4593,6498.3052347679695
4594,6498.5373375393456
4595,6499.4927458972979
4596,6502.0857040070641
4597,6503.3052393503303
4598,6503.9753674539415
4599,6504.2999731129748
4600,6506.0770726758319
4601,6506.6859322971504
4602,6507.5239673577944
4603,6509.5097316701131
4604,6509.9697015902084
4605,6511.7118025621603
4606,6512.8821347115127
4607,6512.8821347115254
4608,6514.2010903788923
4609,6514.4939165365577
4610,6515.1309541214778
4611,6515.1529915103174
4612,6515.2867653759104
4613,6516.6673584334794
4614,6516.9207113924249
4615,6517.0047603217681
4616,6517.0047603217863
4617,6519.0924164370172
4618,6519.3954174783657
4619,6519.3954174783748
4620,6519.6313510567934
4621,6521.9706655442978
4622,6522.3182888185274
4623,6522.4257246222696
4624,6523.1495782520406
4625,6523.324892843304
4626,6523.6651785073254
4627,6524.6778780174664
4628,6525.9578521694448
4629,6528.026003594965
4630,6529.3570117071577
4631,6529.3570117071613
4632,6534.130492188553
4633,6534.1304921885667
4634,6534.2912298149477
4635,6537.6814970807654
4636,6540.7382797236969
4637,6541.0673188455794
4638,6541.4179625451143
4639,6541.7187972643742
4640,6541.8156912208478
4641,6544.3681891418664
4642,6544.4955409071254
4643,6544.5391687760221
4644,6545.2489729842218
4645,6545.4736618129664
4646,6548.2287652586983
4647,6549.0944663739165
4648,6549.6098070726521
4649,6549.7754475595275
4650,6551.0487078919177
4651,6552.5462440879564
4652,6553.350936599878
4653,6553.9226168093492
4654,6553.922616809351
4655,6554.1294139588954
4656,6554.475288130915
4657,6556.3645243093415
4658,6557.4938838545768
4659,6558.0198241781718
4660,6560.5271905515419
4661,6565.0978138807432
4662,6565.8963368265313
4663,6566.1050822650495
4664,6567.2843666985918
4665,6568.9198527867429
4666,6570.1095679875916
4667,6571.2763892329758
4668,6572.5824578410584
4669,6574.9816577292249
4670,6575.0588858257124
4671,6577.8506053615019
4672,6580.960035675891
4673,6581.4502732524588
4674,6582.5764831672859
4675,6583.7733954711011
4676,6584.4934052809422
4677,6585.3913068933116
4678,6586.0565459424297
4679,6587.413922381852
4680,6587.8133164940518
4681,6587.8133164940955
4682,6588.7408939158204
4683,6589.0864628820882
4684,6589.942776095495
4685,6591.9345070251165
4686,6592.5495977562668
4687,6593.8475604375762
4688,6598.2650850617056
4689,6598.4003364465325
4690,6598.4003364465434
4691,6598.4262345371826
4692,6598.9154745838086
4693,6599.1334461796014
4694,6599.277148625767
4695,6599.7461357851935
4696,6599.7461357852108
4697,6599.9254640445388
4698,6600.5370761080658
4699,6600.9592459135611
4700,6601.9301508724184
4701,6602.7946810353196
4702,6602.8949644995319
4703,6603.6984297467234
4704,6604.126358358164
4705,6604.407263562297
4706,6605.372508006898
4707,6606.1728851569096
4708,6606.8216171230624
4709,6609.1691926848071
4710,6609.4204651750561
4711,6610.4787816661765
4712,6612.291860467707
4713,6614.570981095545
4714,6617.5316148725078
4715,6618.6204173640917
4716,6619.4271728513995
4717,6621.8031609741256
4718,6622.0441033456873
4719,6623.2637772747403
4720,6623.9346987212048
4721,6624.4772895189017
4722,6624.5752050662441
4723,6625.9784845170188
4724,6626.6493675847823
4725,6627.7752275626708
4726,6630.0591581804729
4727,6630.9346201352646
4728,6631.4554898862689
4729,6632.7528630522438
4730,6633.1616752917353
4731,6634.1751857268873
4732,6635.0161352284413
4733,6636.788666848488
4734,6637.046351221964
4735,6638.5877192113448
4736,6639.6823882448589
4737,6643.5375295629374
4738,6644.4589861465292
4739,6645.6226318921745
4740,6647.8164320742899
4741,6648.8401074929952
4742,6652.6543320204364
4743,6652.9241928260935
4744,6653.4649953993721
4745,6653.4649953993767
4746,6653.7493912870686
4747,6654.2616668508881
4748,6654.2616668509181
4749,6654.4749675059948
4750,6656.4191180974331
4751,6657.1551439796694
4752,6659.5211233890832
4753,6660.3083247493132
4754,6660.6021639700075
4755,6661.4637449066768
4756,6661.7899254600716
4757,6663.1750420708231
4758,6664.1532963450045
4759,6664.3449558120865
4760,6664.5222472262994
4761,6665.4996676772498
4762,6668.9580587097998
4763,6669.5041162179441
4764,6670.0094666708655
4765,6671.7810313344744
4766,6675.231054143117
4767,6675.2310541431225
4768,6676.3691355059937
4769,6678.3030315280193
4770,6678.3473920506731
4771,6679.1573625452183
4772,6679.334158926179
4773,6679.3453835245346
4774,6679.9508187068714
4775,6680.1226771435086
4776,6680.4530982435545
4777,6681.2587488168301
4778,6681.3215608198007
4779,6681.6718155705876
4780,6682.2994476303347
4781,6682.3768919757222
4782,6682.3768919757604
4783,6682.4550276093405
4784,6682.5204941199872
4785,6682.8642684562155
4786,6685.9124865475478
4787,6689.1833753117544
4788,6690.5211535661729
4789,6692.0675453992098
4790,6692.6168250090586
4791,6692.616825009115
4792,6693.0670922991385
4793,6693.9246448379254
4794,6694.1246293463901
4795,6695.0240438739866
4796,6696.3113136008196
4797,6697.3730384033279
4798,6697.6207374713931
4799,6697.9468223043923
4800,6698.511028801192
4801,6699.569044279423
4802,6702.3665780801039
4803,6703.5612635681364
4804,6704.2772873844879
4805,6705.9140348514866
4806,6706.0573338016602
4807,6706.5520134729713
4808,6707.3619868732585
4809,6708.246426661738
4810,6708.2675127631492
4811,6709.4191656699395
4812,6710.1849554159153
4813,6711.8930886274366
4814,6711.928199564325
4815,6711.9281995643514
4816,6712.6887220816607
4817,6713.7344975565284
4818,6714.1595815359096
4819,6714.9873655204019
4820,6715.1333487031434
4821,6716.2297201528463
4822,6717.2150334351281
4823,6717.2150334351963
4824,6720.0038519435366
4825,6725.1351266750589
4826,6725.5220767507881
4827,6725.6682576838257
4828,6726.0938642252495
4829,6728.4140538305792
4830,6728.5569856598131
4831,6729.2250653191641
4832,6729.6352074536226
4833,6730.0704403969621
4834,6730.867135210895
4835,6732.1379360474402
4836,6732.8869778820863
4837,6734.7861487008458
4838,6736.0267491496325
4839,6736.7676620838592
4840,6737.897335285641
4841,6739.2258365821581
4842,6739.9314225596618
4843,6741.9483055224946
4844,6742.064383078653
4845,6742.5016697840765
4846,6745.5269015339163
4847,6745.5750161085934
4848,6745.9628054881587
4849,6745.9628054881896
4850,6746.2379489437399
4851,6746.8530859786433
4852,6747.2657344013696
4853,6748.6561655913129
4854,6751.7605600373536
4855,6752.4302174373834
4856,6755.1833878413345
4857,6756.9320124011501
4858,6757.987587933093
4859,6757.9875879331084
4860,6758.4608637023639
4861,6758.8620869260576
4862,6759.2274915311227
4863,6759.9502825156587
4864,6760.1609626847321
4865,6760.3495383571544
4866,6760.3506473645966
4867,6761.0272641185175
4868,6761.0272641185366
4869,6763.7881472213849
4870,6764.7386546205307
4871,6766.1062285554272
4872,6767.0385079048865
4873,6767.6655722635787
4874,6767.9721554157841
4875,6770.3203222383027
4876,6770.8383925473508
4877,6773.1176626842234
4878,6777.9665877706921
4879,6777.9665877706966
4880,6778.8071294646461
4881,6779.0150706079048
4882,6779.5169930033317
4883,6779.9037028495541
4884,6779.9105451493906
4885,6781.0059507786282
4886,6781.2410485788905
4887,6781.2410485789105
4888,6783.6604474006463
4889,6784.5796557331951
4890,6785.9861640470781
4891,6786.008916121129
4892,6786.3171391368714
4893,6786.8679881438566
4894,6788.3127178825926
4895,6788.3127178826089
4896,6788.8872925930582
4897,6788.9630795044923
4898,6789.1714687151643
4899,6791.4331962238894
4900,6793.9338428882993
4901,6794.476232181285
4902,6794.6864114733335
4903,6795.0923196374861
4904,6795.0923196374988
4905,6797.4653084215279
4906,6798.4696896207315
4907,6800.2839960911169
4908,6803.553809231893
4909,6805.6561962010001
4910,6805.8066536810202
4911,6805.8066536810584
4912,6805.9522841146072
4913,6806.6708403469411
4914,6807.1926620924369
4915,6808.0150072570241
4916,6808.9095411045555
4917,6809.9556464956358
4918,6813.8351529329684
4919,6814.5219402805888
4920,6816.0442047826136
4921,6816.5512773286182
4922,6816.7377328742286
4923,6817.232445361944
4924,6820.6078239249664
4925,6820.7967286280855
4926,6821.8373313969942
4927,6824.0428107126572
4928,6825.5046369587753
4929,6825.9662919571083
4930,6826.210240898793
4931,6829.250884931349
4932,6829.4451631342108
4933,6829.4451631342226
4934,6830.7710330216487
4935,6830.8427343133526
4936,6830.890794224003
4937,6830.9310032679359
4938,6832.913854458131
4939,6833.5557271903563
4940,6835.8106422946903
4941,6835.9087567405031
4942,6836.5509328641992
4943,6837.0805729761432
4944,6837.5737039375044
4945,6837.9067982395063
4946,6837.9461578984428
4947,6837.9658482627137
4948,6840.5975338510143
4949,6841.3779824253625
4950,6841.377982425377
4951,6842.5692381047647
4952,6844.2212392889842
4953,6845.9567405898988
4954,6847.2894081813702
4955,6848.753140399187
4956,6849.2231011009326
4957,6850.7061336917941
4958,6851.8304989626158
4959,6855.4119826560755
4960,6856.0914606738133
4961,6857.3490175457673
4962,6857.6814939958122
4963,6858.6090334066812
4964,6858.7653771961841
4965,6860.2493146052957
4966,6860.3670986393799
4967,6860.8926110114871
4968,6863.6488163720687
4969,6865.9498703217032
4970,6866.1525492671199
4971,6866.2556097929828
4972,6866.4423847550843
4973,6866.856972953432
4974,6867.2232299681855
4975,6867.2232299681964
4976,6867.8010633683498
4977,6868.4878196297404
4978,6869.5546374375263
4979,6869.6592990748541
4980,6871.1662419438026
4981,6872.5937351090206
4982,6873.0697152203675
4983,6874.6366233164099
4984,6875.4196280102524
4985,6875.6284558550688
4986,6876.5586909523108
4987,6880.8910235259182
4988,6881.0655718206563
4989,6881.1276380978725
4990,6881.8460264147643
4991,6884.5147240486294
4992,6884.5147240486331
4993,6887.2788379471594
4994,6887.6016208781157
4995,6887.7881965768356
4996,6888.3497762000979
4997,6891.04651847478
4998,6891.1169884819037
4999,6891.3589963714167
5000,6892.4960436383835
5001,6897.8502809789989
5002,6897.9108872720071
5003,6898.4355060895859
5004,6899.146166597513
5005,6900.8023900042053
5006,6901.1189479203504
5007,6901.2468749083091
5008,6902.7693511583475
5009,6903.738602644441
5010,6903.829580892394
5011,6905.3490322710886
5012,6905.3490322711068
5013,6905.7140988777228
5014,6907.089612633652
5015,6907.4916537561221
5016,6908.3128083274169
5017,6909.4538692934284
5018,6909.7453949822248
5019,6911.0363480927253
5020,6911.394041387267
5021,6912.0807782593301
5022,6912.467961318006
5023,6912.6299491734853
5024,6912.6299491734981
5025,6912.9907466816867
5026,6913.3538698789571
5027,6913.8587462688074
5028,6915.1011433676658
5029,6915.8248375907069
5030,6916.1398432021706
5031,6916.8629007832251
5032,6916.8629007832669
5033,6917.5134420552886
5034,6918.5946003952868
5035,6921.9901181928853
5036,6924.7397591586896
5037,6926.7231465312343
5038,6926.9639539239779
5039,6927.1558796864947
5040,6927.8902460306608
5041,6928.8165678911555
5042,6929.4417814805101
5043,6929.7004984312771
5044,6930.4143803115012
5045,6930.7085099956412
5046,6931.377243376377
5047,6932.321144088417
5048,6932.5461075935864
5049,6933.6324386204933
5050,6935.0157551486545
5051,6935.0157551486736
5052,6936.3752393522227
5053,6936.6652169394283
5054,6937.7016970387676
5055,6939.5187583385114
5056,6939.8441788331083
5057,6941.7607171458703
5058,6942.1812567621146
5059,6942.1812567621273
5060,6943.6205708185516
5061,6944.6891704528934
5062,6945.5590791528812
5063,6946.5325669712838
5064,6948.9515381406773
5065,6949.2619524134161
5066,6950.3190202242049
5067,6951.2081368253539
5068,6951.6872052311519
5069,6953.5300044588157
5070,6953.5786524580772
5071,6953.5786524580963
5072,6953.695736660572
5073,6955.0545130018709
5074,6955.5374774582442
5075,6956.3566105138252
5076,6957.0728974587319
5077,6959.3098648572141
5078,6960.2703209248348
5079,6960.317845987619
5080,6961.5847391669031
5081,6961.8828993402522
5082,6962.4124903321799
5083,6962.9794605486441
5084,6963.3557139628147
5085,6966.3098393513828
5086,6966.3108922201363
5087,6966.9210477079851
5088,6968.5858492088719
5089,6970.6549507165773
5090,6972.8335804065082
5091,6973.5704129346605
5092,6973.9442152741922
5093,6975.6819205237052
5094,6977.2724654841841
5095,6977.4530323873141
5096,6980.1836058328745
5097,6980.8376557435513
5098,6981.8399446569247
5099,6982.0128176433946
5100,6982.6611013480888
5101,6983.2003402342571
5102,6984.2523041716013
5103,6984.3198369345573
5104,6986.5099070536744
5105,6986.5235405868962
5106,6987.3844018283398
5107,6987.6239588219087
5108,6987.9504622288514
5109,6989.9312829739874
5110,6990.1130349315508
5111,6991.2803213162661
5112,6991.2803213162751
5113,6991.7032319710434
5114,6992.1840976365665
5115,6992.2359260536441
5116,6992.6456166062644
5117,6992.6456166062762
5118,6993.428359848981
5119,6994.9326459177273
5120,6994.9865327888874
5121,6996.3968843118791
5122,6997.0943560050891
5123,6998.2058117812676
5124,6999.275888448271
5125,7000.1580619910746
5126,7002.1908404828318
5127,7003.9480747020307
5128,7004.7592731030982
5129,7004.8533713136521
5130,7005.8891185435386
5131,7009.110269523675
5132,7009.4738842166153
5133,7009.8353370647055
5134,7010.8022921852071
5135,7011.6406152491754
5136,7012.1161431313521
5137,7013.8926962088563
5138,7014.9853287866017
5139,7015.0740491144807
5140,7015.8727725178333
5141,7016.5692859731334
5142,7017.481737990197
5143,7018.3347974942453
5144,7018.4556033948847
5145,7019.2154490960083
5146,7022.6229596465382
5147,7022.8728952190613
5148,7022.8728952190622
5149,7023.9833754557321
5150,7024.3621989511958
5151,7025.0488938884619
5152,7026.7168937859169
5153,7026.7168937859424
5154,7029.4611106459652
5155,7032.2280341146979
5156,7033.4181711041811
5157,7033.4181711041883
5158,7034.3367678016803
5159,7037.9963372238781
5160,7038.0570077604816
5161,7039.7930568542697
5162,7041.1091814316496
5163,7042.0708307489758
5164,7046.0251550204675
5165,7046.3742004597243
5166,7046.7894812923869
5167,7046.7894812924051
5168,7046.9763565092271
5169,7046.9763565092726
5170,7047.347014740425
5171,7047.853429622458
5172,7048.4962549806187
5173,7049.1355038063903
5174,7049.6638092276653
5175,7053.150170121161
5176,7053.2682913038398
5177,7054.7980773165873
5178,7056.2278093889418
5179,7057.1356114042628
5180,7057.1356114042983
5181,7057.3763700160198
5182,7058.1484786602296
5183,7059.2441614619411
5184,7059.2466440397402
5185,7059.4470187964189
5186,7059.6982203319603
5187,7059.6982203319894
5188,7061.1256002161062
5189,7061.3167704849657
5190,7061.596730530774
5191,7062.1447179454763
5192,7062.189608949674
5193,7063.9095114401216
5194,7065.2500489353552
5195,7066.7684811299905
5196,7066.7684811299987
5197,7068.0364070398382
5198,7068.1990208187717
5199,7068.2827839289575
5200,7069.3719900241358
5201,7070.3332566644794
5202,7072.076952317565
5203,7073.1648267444934
5204,7074.96200135853
5205,7075.5643954904581
5206,7076.3590494183563
5207,7078.0243277423197
5208,7078.416655315812
5209,7078.9171476059391
5210,7079.2090087097649
5211,7081.1181165133285
5212,7083.5878250953574
5213,7084.939700750323
5214,7087.740697833221
5215,7088.76897204336
5216,7089.2025825761584
5217,7089.3160611817457
5218,7089.3320362635541
5219,7090.5389381646673
5220,7090.5665013709158
5221,7093.1733197197909
5222,7093.2620192971026
5223,7093.2620192971117
5224,7094.3929621576217
5225,7094.4084934486227
5226,7095.5075483414403
5227,7098.8676600517983
5228,7099.363563621404
5229,7101.2181294020093
5230,7103.1832227460427
5231,7103.8573772639274
5232,7104.5719723862458
5233,7104.9502889131172
5234,7107.5557929842153
5235,7108.0557867723646
5236,7108.2328638752551
5237,7109.9729356303733
5238,7110.9393795161723
5239,7111.7053919987075
5240,7112.1593750210441
5241,7114.0427377884771
5242,7114.2534219006329
5243,7117.888445967993
5244,7118.3499536052759
5245,7118.6903601747608
5246,7119.8059975486676
5247,7120.1371224889099
5248,7122.7745372086065
5249,7122.9370768846338
5250,7124.3954911792143
5251,7124.8907773237288
5252,7124.9981189440068
5253,7125.7590042882466
5254,7126.0387223271646
5255,7126.1465706887902
5256,7126.1465706887939
5257,7127.992238290286
5258,7128.0079246313526
5259,7128.1850574171249
5260,7128.1850574171494
5261,7128.2194804001383
5262,7129.6794835777082
5263,7130.2848761877767
5264,7130.4306708869553
5265,7130.4306708869908
5266,7130.5229274838903
5267,7131.8549104293943
5268,7131.912251497949
5269,7132.6544977018566
5270,7132.9544351656295
5271,7133.0905000636949
5272,7133.3768452066552
5273,7134.0341086750295
5274,7135.3014826345297
5275,7137.8513410296591
5276,7137.9975151718545
5277,7138.5021616622789
5278,7140.2332793100541
5279,7140.3546458965384
5280,7141.3364386136609
5281,7142.4339458166705
5282,7145.9749188661517
5283,7146.9808789112431
5284,7146.9808789112603
5285,7147.115957981001
5286,7147.1159579810255
5287,7147.8145606482249
5288,7147.9485416412517
5289,7148.5924506495257
5290,7149.2958905830046
5291,7149.6745092173514
5292,7151.0783577182792
5293,7151.4781330729056
5294,7153.3752779011993
5295,7154.5499790465483
5296,7155.297446314954
5297,7156.2620914953977
5298,7156.7129207459357
5299,7157.6859481486927
5300,7158.7649660285888
5301,7158.8786521789289
5302,7159.22213655007
5303,7159.8210108897838
5304,7159.9819784755837
5305,7159.9819784756564
5306,7162.7654224205962
5307,7163.9377891395097
5308,7165.2677166776275
5309,7165.2688123463986
5310,7165.2688123464195
5311,7166.7224764638013
5312,7167.303479109306
5313,7168.1683393893818
5314,7168.7643195408209
5315,7168.992154516829
5316,7169.9690205492498
5317,7171.8722571264398
5318,7173.0021015959273
5319,7173.7209239002841
5320,7174.2876060917797
5321,7178.4985782846497
5322,7178.9927468670148
5323,7181.1157466701807
5324,7181.9681853309758
5325,7183.9581672099966
5326,7184.9663711518251
5327,7186.56777528371
5328,7188.511877494434
5329,7188.5745555901676
5330,7189.6941450333079
5331,7190.0763312788577
5332,7191.3359673056812
5333,7191.4572846964111
5334,7192.537134180383
5335,7192.6560811367772
5336,7194.2701312066183
5337,7195.7708141241701
5338,7196.1788308084761
5339,7196.3281048710805
5340,7197.0789839789068
5341,7198.4119726575545
5342,7199.4183107803901
5343,7199.8543070223568
5344,7199.8672560647829
5345,7200.1223492538193
5346,7200.4485513671116
5347,7200.9917359423189
5348,7203.1032510533123
5349,7204.7443144745794
5350,7205.4626893297373
5351,7205.4626893297645
5352,7206.437971782756
5353,7207.4920391078513
5354,7207.5429795416567
5355,7208.4443500544912
5356,7208.6265833167945
5357,7209.0810430297197
5358,7209.0810430297433
5359,7209.4690352162906
5360,7210.3958627441671
5361,7210.4463383197417
5362,7210.4463383197863
5363,7212.0205823444039
5364,7213.0595469316486
5365,7213.1893169704663
5366,7213.3784730327707
5367,7214.0373515184001
5368,7214.8142665513451
5369,7215.593343457529
5370,7215.70254704735
5371,7217.2852888801199
5372,7217.8443561743788
5373,7220.1726753836701
5374,7221.2301637561532
5375,7222.8704538828788
5376,7225.185560938542
5377,7226.070429870726
5378,7227.7883534698431
5379,7228.424994603869
5380,7229.2193112520481
5381,7229.8767938183082
5382,7230.933205353861
5383,7231.1052810274768
5384,7232.0219394225724
5385,7232.0842659399277
5386,7232.7956531918562
5387,7233.1664159094271
5388,7233.4055064472759
5389,7233.6199147149246
5390,7236.7413167811937
5391,7237.4186796873792
5392,7238.1961077844499
5393,7238.9411564567354
5394,7240.460656792101
5395,7242.1431127753331
5396,7242.3684358415348
5397,7242.7207806340393
5398,7244.0412355700018
5399,7244.693650232427
5400,7246.517866138056
5401,7248.5112415340054
5402,7250.8058514254371
5403,7252.1745406128666
5404,7253.1259524167644
5405,7253.1259524167981
5406,7253.673761099335
5407,7254.5181458237694
5408,7254.924818692949
5409,7255.5251685063813
5410,7256.3657643789247
5411,7258.5947476110605
5412,7260.2013538069759
5413,7261.4685101279338
5414,7261.468510127942
5415,7262.1140864856134
5416,7262.1878022124129
5417,7263.2291191241102
5418,7263.3907305645416
5419,7267.5489582385062
5420,7267.8312017703474
5421,7268.251936947926
5422,7268.7098356400229
5423,7268.7841341591557
5424,7269.5418879882509
5425,7270.1699954276273
5426,7271.2760729765323
5427,7272.7942504435268
5428,7273.3347830014027
5429,7274.6752783365318
5430,7275.1065874558144
5431,7276.0704833426398
5432,7276.1401589878815
5433,7277.4989420454331
5434,7277.4989420454522
5435,7278.1451333984414
5436,7279.4021426454492
5437,7280.3823191208867
5438,7281.0396347947453
5439,7281.9915951849152
5440,7282.0229928448325
5441,7283.5814898522813
5442,7284.0474574124082
5443,7285.1094110500062
5444,7285.1703602377283
5445,7287.1983881346887
5446,7287.8362217605945
5447,7288.6082031493897
5448,7288.6082031494079
5449,7289.6486583258329
5450,7289.8543371565574
5451,7290.1815456832064
5452,7291.07362395365
5453,7292.5016624330774
5454,7293.2578640472429
5455,7295.7857521382748
5456,7296.1518484484541
5457,7296.4424911345204
5458,7296.9650710180904
5459,7297.9638394556887
5460,7299.4121120361206
5461,7300.8489880100506
5462,7301.0438252751637
5463,7301.3103129172941
5464,7305.749999818574
5465,7306.2888915589083
5466,7306.7469105452719
5467,7306.8066609193684
5468,7307.2004077540532
5469,7307.7924627539314
5470,7309.4314361356246
5471,7311.2757643800014
5472,7311.4854820493674
5473,7313.877121647336
5474,7314.1722594019511
5475,7314.1722594019648
5476,7317.4875639759048
5477,7318.0912974810162
5478,7318.0974388532086
5479,7318.0974388532313
5480,7318.3104141316226
5481,7319.1457691462465
5482,7322.2200644634713
5483,7322.2200644634759
5484,7322.2458065115979
5485,7323.5351913293553
5486,7324.2634453983219
5487,7325.5833895076566
5488,7326.6240841327863
5489,7326.7529679423415
5490,7327.508443073234
5491,7327.6293809299004
5492,7328.1896827414239
5493,7328.869107334036
5494,7329.4900083628072
5495,7331.806553585513
5496,7331.9127757595843
5497,7332.0107932925412
5498,7333.3319617488869
5499,7334.7635696106154
5500,7334.7635696106672
5501,7334.8779815466169
5502,7335.2814083403655
5503,7335.4051806793623
5504,7335.5913746516471
5505,7335.5913746517108
5506,7336.0835675886992
5507,7336.2042742949016
5508,7337.6324251083752
5509,7338.8107336477333
5510,7339.0125845675375
5511,7340.8694471601466
5512,7341.6861364904462
5513,7341.9175182218733
5514,7342.4255588145497
5515,7343.5814176458716
5516,7345.1862790874484
5517,7346.7253939262464
5518,7347.2240565615821
5519,7347.3304034121002
5520,7348.3273161140914
5521,7350.6880074985484
5522,7354.0602699089441
5523,7354.1667178290327
5524,7354.2238467459829
5525,7354.2238467460211
5526,7354.6756924482715
5527,7354.8160587674929
5528,7354.8895233632957
5529,7355.1241724161873
5530,7356.713463834375
5531,7356.9571397776053
5532,7358.847819645076
5533,7359.8730991272214
5534,7360.0274240996878
5535,7361.4426459778924
5536,7362.3729774294379
5537,7364.3148771992792
5538,7364.3148771992901
5539,7364.9166796945092
5540,7364.9166796945183
5541,7365.6483905521709
5542,7366.3911731369162
5543,7367.0655722092097
5544,7367.2007402164527
5545,7367.6772965142491
5546,7368.9592135549674
5547,7370.8483692683976
5548,7371.2241508487677
5549,7372.9599276084246
5550,7374.0385624054888
5551,7375.5347516152087
5552,7377.2339361090108
5553,7377.2339361090171
5554,7377.8163294970436
5555,7378.030607560494
5556,7378.030607560504
5557,7378.0988163732072
5558,7378.4266962993397
5559,7378.7122447440897
5560,7380.0690942888614
5561,7380.0690942888878
5562,7381.062257165132
5563,7381.072782173952
5564,7381.7498545493336
5565,7381.8954284572665
5566,7384.3644625174311
5567,7386.2753213396563
5568,7388.1194824936047
5569,7389.754204696299
5570,7389.9249004200274
5571,7391.2776167901948
5572,7393.2060262087753
5573,7394.1887253142795
5574,7394.5158640515992
5575,7394.8115761502322
5576,7395.4423594269647
5577,7395.699427749928
5578,7398.3305259329727
5579,7398.4062137179162
5580,7399.0546774020613
5581,7399.2937288730946
5582,7399.42250168996
5583,7399.485731158582
5584,7400.8008558615966
5585,7400.8905383216352
5586,7402.1658511140822
5587,7402.5653553141292
5588,7404.3795232809498
5589,7404.4179903802542
5590,7405.6611279728331
5591,7406.9006589865721
5592,7406.9006589865867
5593,7407.0664277128972
5594,7408.734044176289
5595,7410.0077849019381
5596,7410.5155865679462
5597,7410.703159974827
5598,7411.538100003615
5599,7413.2483541648899
5600,7413.413941753427
5601,7413.4139417534616
5602,7413.4254498611945
5603,7413.6940890428441
5604,7417.3511426567302
5605,7419.5819570899293
5606,7420.772305132904
5607,7420.9068402317616
5608,7420.9924132590886
5609,7421.6922243074814
5610,7422.1152287368441
5611,7423.9494424149389
5612,7425.2095881318965
5613,7426.2545174925963
5614,7427.9107665060164
5615,7428.5840114043767
5616,7428.7545636571813
5617,7429.1894578113706
5618,7429.6771279440427
5619,7431.4749218339057
5620,7431.7092083101952
5621,7432.2842810628199
5622,7434.4772183708537
5623,7435.0041859710891
5624,7435.918243192632
5625,7436.552283709857
5626,7438.1826144053148
5627,7439.7891520377698
5628,7440.5324978017497
5629,7440.6993955174839
5630,7440.6993955174858
5631,7441.0464731805714
5632,7442.8305578575091
5633,7443.385212770263
5634,7444.7208664096761
5635,7444.9736783983462
5636,7445.0272678739866
5637,7445.2058093172282
5638,7446.1910599452549
5639,7446.45148790653
5640,7446.9051915486698
5641,7447.0945359699308
5642,7447.0945359699408
5643,7449.6813417370668
5644,7450.14180452446
5645,7450.9936215714588
5646,7451.1032613704656
5647,7452.0137369725171
5648,7454.2078647817298
5649,7456.5753405653959
5650,7457.8008749098135
5651,7459.3835919743606
5652,7459.5752277003794
5653,7459.8055971516069
5654,7460.4423746035982
5655,7461.0689154444763
5656,7462.5104861876016
5657,7462.5895775699883
5658,7463.0814323917748
5659,7463.6437107962156
5660,7463.9987759766154
5661,7467.2194378174281
5662,7469.8542600730507
5663,7469.9377797734942
5664,7470.9266741302645
5665,7470.9266741302672
5666,7471.7230637563862
5667,7472.1482153592233
5668,7472.3568099148679
5669,7475.2074366921297
5670,7475.3246082144933
5671,7476.3153180830777
5672,7476.6451226655299
5673,7476.6887893529774
5674,7477.8264523792668
5675,7477.9160304816696
5676,7479.2692318414192
5677,7479.269231841442
5678,7479.7403807441615
5679,7481.3020987635036
5680,7481.8318407691158
5681,7481.8318407691349
5682,7482.1883128155296
5683,7482.8764269847143
5684,7483.3505455072864
5685,7483.4315422917607
5686,7483.7295315186284
5687,7486.6184174016062
5688,7486.8582565794877
5689,7487.0285865956403
5690,7489.4606596171925
5691,7489.9302720288279
5692,7490.2392402178266
5693,7490.2649392920239
5694,7490.9523816129004
5695,7492.1004339358187
5696,7493.6051037444995
5697,7494.4539089582422
5698,7497.6988267527304
5699,7499.0696223541154
5700,7500.5590872749162
5701,7501.1772251180582
5702,7501.8375499088252
5703,7502.2106714627889
5704,7503.2929391444304
5705,7504.7286961129266
5706,7505.7128092051835
5707,7509.3425453270484
5708,7509.638574098718
5709,7510.292273969405
5710,7510.4243296783661
5711,7511.1958061672412
5712,7511.4768128170008
5713,7513.8890638933526
5714,7515.2075320449339
5715,7515.7386744348742
5716,7518.0646620686139
5717,7518.2257980090963
5718,7518.861260347122
5719,7518.8612603471474
5720,7519.3408671027801
5721,7519.3451492047116
5722,7519.564522799411
5723,7519.9961555122454
5724,7520.2813720891354
5725,7520.6224516090315
5726,7520.782471863452
5727,7521.7840426512603
5728,7522.0522185215323
5729,7522.430337576905
5730,7522.4303375769323
5731,7522.503943583044
5732,7523.3932778926255
5733,7523.4727745001583
5734,7524.1342151261133
5735,7524.6759510467273
5736,7524.6759510467509
5737,7524.7478628353592
5738,7525.2640714724475
5739,7525.35248355361
5740,7526.4297217285557
5741,7526.5428056568007
5742,7526.8472574498364
5743,7529.5260929437491
5744,7529.6734868170597
5745,7531.4159696044471
5746,7531.7903133468535
5747,7532.7498220501193
5748,7532.8669894166587
5749,7534.9548306128963
5750,7536.2547183816832
5751,7538.1807861879024
5752,7539.355577516123
5753,7539.5989891377594
5754,7539.8469392154047
5755,7540.1862172392848
5756,7540.5896652177862
5757,7541.4051901959001
5758,7541.6228126653832
5759,7542.4208805905346
5760,7543.4181458278772
5761,7544.6446516155083
5762,7545.477805327535
5763,7547.7249534808307
5764,7547.9439039608042
5765,7548.3878926075986
5766,7548.8033369478217
5767,7549.3854450175168
5768,7550.5279004187496
5769,7551.0993752483182
5770,7552.6379418330253
5771,7552.7448478277593
5772,7553.0671998085072
5773,7553.6485438241325
5774,7554.2272586353538
5775,7554.2272586353638
5776,7554.3724307238272
5777,7554.5818036385863
5778,7558.9169097002086
5779,7558.9927920845976
5780,7559.6948606634496
5781,7561.0105120134149
5782,7561.365601415715
5783,7562.9670380812231
5784,7563.3555120369474
5785,7563.4186563486937
5786,7565.7245838679282
5787,7565.915391295367
5788,7566.6056474000752
5789,7568.3037465744464
5790,7568.5840822171685
5791,7568.8710053929635
5792,7569.2495784181601
5793,7569.2495784181792
5794,7569.9814757249369
5795,7569.9814757249578
5796,7572.0641537383499
5797,7572.3676826068076
5798,7572.4883272060933
5799,7572.511974486295
5800,7573.0098357536563
5801,7573.2153324295714
5802,7575.0515475978173
5803,7576.3902767011823
5804,7577.7669130469449
5805,7579.3769062342426
5806,7580.7464302355093
5807,7582.9977428617149
5808,7584.0319994022921
5809,7584.0437104351495
5810,7584.4058767442302
5811,7585.1356556738137
5812,7586.3610983635681
5813,7586.797674629609
5814,7587.8463011974509
5815,7587.9306031656351
5816,7589.4027134744347
5817,7589.8638107635097
5818,7592.2239601804949
5819,7592.3828376977026
5820,7593.5376508316003
5821,7593.8729232876594
5822,7595.0346578225026
5823,7595.0346578225126
5824,7595.1838400084625
5825,7595.2225366252906
5826,7595.5580983150949
5827,7598.9408476654089
5828,7598.9408476654153
5829,7599.0032344321198
5830,7600.2977691412871
5831,7601.6023838009914
5832,7601.768558836352
5833,7602.1865430159032
5834,7602.9741527612541
5835,7602.9741527612759
5836,7603.3263231895198
5837,7603.3263231895226
5838,7603.885009937323
5839,7604.84029029458
5840,7606.0663894323206
5841,7606.6016927203345
5842,7606.6320627718105
5843,7607.441680256582
5844,7608.9258329949726
5845,7611.0219578227625
5846,7611.0219578227707
5847,7611.2518692839021
5848,7612.664712366377
5849,7613.3588136232074
5850,7613.4327538397065
5851,7613.495563875138
5852,7613.6408587612686
5853,7614.5135328138385
5854,7619.1572925779583
5855,7619.1957271707433
5856,7620.1816585952165
5857,7621.7009409290158
5858,7621.7009409290295
5859,7622.3438133523468
5860,7622.5718720233617
5861,7622.8077943648614
5862,7623.0467402677195
5863,7623.0467402677286
5864,7626.5558415191899
5865,7627.5484832591637
5866,7628.1437131527728
5867,7628.1516938737377
5868,7628.332646299672
5869,7629.6831998827365
5870,7631.9085027136753
5871,7632.0826076485046
5872,7633.0253815482893
5873,7634.7984700349698
5874,7635.1053828505728
5875,7638.4904955952379
5876,7638.9924350094434
5877,7638.9924350094589
5878,7639.3775845718519
5879,7639.7978613743562
5880,7640.28699630343
5881,7640.9183222784186
5882,7640.9462751093988
5883,7641.9931850495823
5884,7642.0539950640705
5885,7642.5579141005619
5886,7643.150668473997
5887,7643.4770535598354
5888,7643.478083331981
5889,7645.3296175761016
5890,7645.9945616864543
5891,7646.4275020161504
5892,7646.7260748803283
5893,7647.1548108036277
5894,7648.7889589844563
5895,7650.216588786534
5896,7651.2494279438197
5897,7654.5029264766044
5898,7654.5689883546838
5899,7654.825961036966
5900,7656.1791197371058
5901,7658.7846958582622
5902,7658.7846958583068
5903,7658.9702114790907
5904,7659.3282269646788
5905,7660.0722645868927
5906,7662.370985611492
5907,7663.9079123443189
5908,7664.5515457230176
5909,7665.3689023202887
5910,7665.4713213356881
5911,7666.093628799541
5912,7667.1347015165984
5913,7668.3004369522314
5914,7668.8846002330583
5915,7669.3168356153265
5916,7670.6035744702112
5917,7671.3519002392859
5918,7671.744222205205
5919,7671.7442222052332
5920,7672.0412049890083
5921,7672.2214933491568
5922,7673.2802579273784
5923,7674.6709920755902
5924,7675.25957285394
5925,7675.2595728539518
5926,7676.8625027271073
5927,7677.3475931676585
5928,7677.3475931677194
5929,7677.9865431283843
5930,7678.5456042075575
5931,7679.4509329764614
5932,7680.4982733434736
5933,7681.757004266673
5934,7682.0387319480806
5935,7682.1896409850278
5936,7682.3312421576611
5937,7682.3312421576857
5938,7684.5538264443376
5939,7685.9033019619283
5940,7686.9262722574385
5941,7687.5350247196775
5942,7687.8748848507103
5943,7689.5499581558515
5944,7690.1047324728397
5945,7690.564151803911
5946,7691.6944149551937
5947,7692.0751838693068
5948,7692.1090302073908
5949,7692.3600983333026
5950,7692.5465156893442
5951,7692.6865942976456
5952,7693.5455436042639
5953,7695.3436341123142
5954,7695.7461901317265
5955,7696.399983791599
5956,7696.7334974228997
5957,7697.7404186802478
5958,7698.1377003058333
5959,7698.9418086234336
5960,7699.2823560058341
5961,7699.2823560058414
5962,7699.4573407265761
5963,7700.560779560843
5964,7701.4678234605308
5965,7704.1546895397269
5966,7704.5057545982017
5967,7704.8270945392342
5968,7708.1927137843795
5969,7708.3211481806393
5970,7709.522289039156
5971,7709.5222890391742
5972,7709.8902794081096
5973,7711.0837932944332
5974,7711.2067118110062
5975,7712.1274796900088
5976,7712.5102802473721
5977,7713.6483576982846
5978,7715.2431407315089
5979,7715.3073186005759
5980,7715.7932612237528
5981,7715.8772236014529
5982,7717.8946231129448
5983,7718.1239972864951
5984,7718.7761978757417
5985,7719.6408475166781
5986,7720.2546689790952
5987,7721.1264974083724
5988,7722.803513075929
5989,7723.0282586621106
5990,7723.0453400032684
5991,7723.5116666426657
5992,7724.3153709514445
5993,7725.5284467307456
5994,7725.8729292769267
5995,7726.0069070384789
5996,7727.3630973663958
5997,7728.0058555891055
5998,7728.3837258648864
5999,7728.8336635944524
6000,7728.833663594467
6001,7729.7819905138576
6002,7730.4737284744597
6003,7730.5355946747268
6004,7731.5595701658258
6005,7733.0566983699473
6006,7733.1411855248107
6007,7734.4320986158918
6008,7734.4989300863217
6009,7734.9524549063526
6010,7735.4445308807717
6011,7736.6619820606156
6012,7736.6619820606211
6013,7739.3839264124463
6014,7740.0210886477271
6015,7740.231059290395
6016,7740.2310592904387
6017,7740.6395977558795
6018,7741.5558394618974
6019,7742.1009826222071
6020,7743.4224799708827
6021,7744.1642090078849
6022,7744.89077168938
6023,7745.9781715850795
6024,7746.2860347551796
6025,7746.969127777149
6026,7747.1615166447455
6027,7747.8374765537446
6028,7748.2199669344263
6029,7749.402462726418
6030,7750.2783535085428
6031,7750.6628702840571
6032,7751.0119036836168
6033,7751.7150006033189
6034,7753.741221555184
6035,7753.9574459724481
6036,7757.6879077320536
6037,7758.4344871689254
6038,7759.1619598542638
6039,7759.1619598542829
6040,7759.5740051320836
6041,7760.2309440607323
6042,7760.4915482155857
6043,7760.889258269106
6044,7762.772883648794
6045,7763.1687965370002
6046,7763.831666431146
6047,7764.0448945358357
6048,7764.398858113278
6049,7764.5638165036798
6050,7765.7204727642247
6051,7767.457012846
6052,7767.7410841244673
6053,7767.9702614952648
6054,7768.9427418179012
6055,7769.9520444348946
6056,7771.2341139075688
6057,7771.5150894439821
6058,7772.3938390879184
6059,7774.2699829255907
6060,7774.3143744485969
6061,7774.3143744486024
6062,7776.4422529886879
6063,7776.722833236051
6064,7777.4537885633854
6065,7777.9327281486067
6066,7777.932728148623
6067,7780.1215623199405
6068,7780.5028118815399
6069,7780.8141224750461
6070,7780.8901486688274
6071,7781.6991037488633
6072,7782.6268509523088
6073,7783.6125286814149
6074,7786.3037477625057
6075,7786.3086937170574
6076,7786.5749472048847
6077,7786.787585580525
6078,7787.0639510450565
6079,7787.5910701902922
6080,7787.8542607123763
6081,7789.5770113878516
6082,7790.9667153436567
6083,7792.0074357143867
6084,7793.9660184667109
6085,7794.2034257014066
6086,7795.2078220998264
6087,7795.9661199473203
6088,7798.6370618535484
6089,7799.3675565461645
6090,7799.3675565461672
6091,7799.9224553687473
6092,7800.5827580961904
6093,7801.5735787835638
6094,7801.8205383947716
6095,7801.9227463190045
6096,7802.1019716792016
6097,7803.0298082229301
6098,7803.7766058533653
6099,7804.8976856726558
6100,7805.0920325939751
6101,7805.9039951615387
6102,7806.1391142973271
6103,7806.1476933691893
6104,7806.7540924418627
6105,7808.032915785604
6106,7808.8737560754498
6107,7808.9484490976711
6108,7809.492289036597
6109,7809.9730922324106
6110,7810.9622093250055
6111,7811.6133223650904
6112,7811.6133223651123
6113,7812.2019226738521
6114,7812.6616259604698
6115,7812.7010358948637
6116,7813.3025365319299
6117,7814.1121182697016
6118,7815.6126145355738
6119,7817.4042309014976
6120,7819.0655382091636
6121,7819.5212631755558
6122,7819.5394404256331
6123,7820.5504315235021
6124,7821.057212792537
6125,7823.5133553306132
6126,7824.2650188389134
6127,7825.3344630140291
6128,7825.4463224002939
6129,7825.8724645357916
6130,7825.887226411045
6131,7826.6004050498541
6132,7828.470464948593
6133,7830.1425733116466
6134,7830.338961004034
6135,7830.434151055093
6136,7831.7007416472934
6137,7833.1003388327235
6138,7833.2327332753948
6139,7833.6139070279451
6140,7835.0406488559029
6141,7836.4175602426685
6142,7836.9180171491416
6143,7837.5620521392539
6144,7838.3375949882575
6145,7839.9873419085279
6146,7842.3152851194009
6147,7842.7003388972162
6148,7844.1778619362576
6149,7845.2069949768047
6150,7845.4740945820122
6151,7845.7437649218846
6152,7846.3506271642918
6153,7846.3506271643182
6154,7846.6091242110078
6155,7846.7263750785214
6156,7846.8665269472594
6157,7847.651235847733
6158,7847.6667903839916
6159,7848.0802137834962
6160,7848.4267831987381
6161,7848.6874180420427
6162,7851.4163880316619
6163,7851.9539981267517
6164,7851.9539981267635
6165,7852.2926603607148
6166,7852.9232082446424
6167,7853.0885144711237
6168,7853.4080706902232
6169,7854.643925872444
6170,7854.8933289044317
6171,7855.276975886286
6172,7855.451000233822
6173,7855.8106183951568
6174,7856.6248039145676
6175,7856.9380575180749
6176,7857.7686888263506
6177,7857.768688826387
6178,7860.8906016081482
6179,7862.363016940024
6180,7862.8472781779037
6181,7863.8566401197022
6182,7863.8649539245525
6183,7863.9053266992914
6184,7864.2922606111633
6185,7864.6622350259131
6186,7865.1719542900028
6187,7865.171954290031
6188,7865.5085275658439
6189,7866.2828686009798
6190,7867.5949354644945
6191,7868.5905051129121
6192,7869.4322886547261
6193,7869.7478055425772
6194,7870.3153471450642
6195,7871.6695598140032
6196,7871.9517025640098
6197,7873.8568546336692
6198,7875.3072406336651
6199,7876.0032610666722
6200,7876.3075057094138
6201,7876.4707351757334
6202,7876.4741610349593
6203,7876.9917570871312
6204,7877.2587626386912
6205,7878.928575095254
6206,7879.4607023866438
6207,7880.8579428678004
6208,7882.2961438972397
6209,7882.3476606812064
6210,7883.8530008880361
6211,7884.7604057266617
6212,7886.0948735786733
6213,7886.3962132814058
6214,7886.9126311484488
6215,7886.9584746720748
6216,7887.319996414989
6217,7887.3199964149999
6218,7887.7427410246801
6219,7887.7427410246992
6220,7887.8681472223107
6221,7889.0059797483227
6222,7889.5237728386446
6223,7890.1327215098518
6224,7891.7760461205453
6225,7891.7760461205553
6226,7892.3415391490707
6227,7892.9532055488662
6228,7894.1634200823164
6229,7895.1483148811512
6230,7895.1483148811603
6231,7897.9886886326185
6232,7898.318053633604
6233,7898.4773234387758
6234,7898.4773234388113
6235,7899.695248472126
6236,7899.8228603909274
6237,7899.8318475863725
6238,7901.1593996009233
6239,7901.6623949283066
6240,7902.869835835495
6241,7903.4749704732394
6242,7903.7798008787058
6243,7903.9608855294027
6244,7904.0111246648821
6245,7905.4307027972154
6246,7906.0880828161971
6247,7906.6954835323068
6248,7906.7041474155694
6249,7907.81532853114
6250,7907.81532853116
6251,7909.7346430125162
6252,7909.8931886638557
6253,7910.7911801247619
6254,7911.0462115821501
6255,7911.8957625397634
6256,7912.2766187236502
6257,7912.3633161033358
6258,7913.4589984740887
6259,7918.5450441905823
6260,7919.0195357437251
6261,7919.7465233072135
6262,7919.7465233072362
6263,7920.5402159314481
6264,7921.5617656746208
6265,7921.7834535044221
6266,7922.084664845529
6267,7922.0942816118677
6268,7925.9299445403421
6269,7927.0865264279646
6270,7928.2104152826987
6271,7928.4464013807938
6272,7928.5329909965303
6273,7928.747034375474
6274,7929.603474100004
6275,7929.7892438843364
6276,7930.0900000216707
6277,7932.1284588217804
6278,7932.4398776973549
6279,7933.0851789595963
6280,7933.7683648133443
6281,7933.7683648133443
6282,7934.2152790293649
6283,7934.2152790293803
6284,7934.80894650555
6285,7935.2241794501906
6286,7935.3819078269726
6287,7935.4493432438348
6288,7936.2991096613823
6289,7936.4190609691377
6290,7936.419060969155
6291,7937.3540859698332
6292,7938.1029424236913
6293,7939.9876926506431
6294,7940.0874998372319
6295,7940.9948807842875
6296,7940.9948807843202
6297,7942.9711353396797
6298,7943.2275407673415
6299,7944.5750467065272
6300,7945.6869061658899
6301,7947.1963689886934
6302,7948.034945071955
6303,7948.3395961651222
6304,7948.4648441136569
6305,7950.928742857297
6306,7951.154135679335
6307,7951.1541356793459
6308,7951.1977212299498
6309,7951.9930257578972
6310,7952.1712998952216
6311,7952.3270029349369
6312,7952.414684376743
6313,7953.0535955822488
6314,7953.7074258272187
6315,7953.8680145531098
6316,7954.8451509666165
6317,7956.544366465836
6318,7957.5580907323556
6319,7957.9019668414794
6320,7958.3428695381663
6321,7959.6365779482458
6322,7959.6621155514686
6323,7959.7189773017999
6324,7961.0464609777955
6325,7961.2832651478266
6326,7964.9577746326577
6327,7965.3418788097606
6328,7969.0062895794163
6329,7969.5117562003588
6330,7969.8496996985095
6331,7970.4841164881
6332,7970.4841164881254
6333,7970.6628211438292
6334,7971.6968866909519
6335,7972.3662446286362
6336,7972.9733010155669
6337,7975.6777302197561
6338,7975.8312079391235
6339,7975.8765891400453
6340,7976.7572150675715
6341,7977.0371247600769
6342,7977.1446495424871
6343,7978.3606027331352
6344,7978.888744527877
6345,7980.478817854997
6346,7981.0823570411303
6347,7981.622063013303
6348,7982.0701204147726
6349,7982.5387068276204
6350,7982.8581581944945
6351,7982.9706226659328
6352,7984.1457450692678
6353,7984.7040444362701
6354,7984.821551836566
6355,7985.3032061635786
6356,7985.3265382406644
6357,7985.5281039665324
6358,7985.5839898193626
6359,7986.6466735645045
6360,7987.4703001467469
6361,7988.7840160821033
6362,7989.2799379822263
6363,7989.2799379822609
6364,7989.8664039379801
6365,7990.6075848506953
6366,7991.1638612949264
6367,7992.1150961620715
6368,7992.1150961620997
6369,7994.2919098895081
6370,7994.8764886094477
6371,7995.2990876318718
6372,7995.4618292644218
6373,7995.6739796651373
6374,7995.6831212838015
6375,7995.9599424999606
6376,7997.4256511453777
6377,7997.6291055827887
6378,7998.5128207074213
6379,7998.7260277611776
6380,7998.7630530478255
6381,7999.3960130644837
6382,7999.3960130644909
6383,8000.3610271168081
6384,8001.4417772484558
6385,8002.2453901914851
6386,8003.1767550644372
6387,8004.8369599848475
6388,8004.8369599848575
6389,8005.6329422096769
6390,8007.2696447400558
6391,8007.8017229369516
6392,8008.5861817809828
6393,8009.0438819961828
6394,8010.3425128207591
6395,8010.6834981644852
6396,8010.9903697969257
6397,8010.9917576791286
6398,8011.4687054342712
6399,8012.0968015075377
6400,8013.375676521071
6401,8014.0616651826704
6402,8014.3209071792835
6403,8015.4211479647238
6404,8015.622225649623
6405,8015.6858408644612
6406,8015.9462210887559
6407,8015.9462210887741
6408,8017.1592018211304
6409,8018.6857965268637
6410,8018.9981793782945
6411,8020.3964667541049
6412,8021.067189959037
6413,8021.0875328556849
6414,8021.6374911075563
6415,8021.9149648620105
6416,8022.6156603207173
6417,8022.8198811211105
6418,8023.9589290501908
6419,8024.3884194729499
6420,8024.7850279220884
6421,8025.8751481971776
6422,8028.5830077230103
6423,8028.9473206530974
6424,8028.9473206531065
6425,8029.6248556959299
6426,8030.4935247795993
6427,8030.8654478601202
6428,8030.9906515787225
6429,8031.3037991897399
6430,8031.5567389988919
6431,8034.1072996239463
6432,8035.3975744881709
6433,8036.0341361339106
6434,8036.683322068322
6435,8038.1142099217041
6436,8038.7346294587996
6437,8038.868544650004
6438,8038.870542276547
6439,8039.7783592491096
6440,8039.7783592491205
6441,8041.8663795628072
6442,8041.8663795628199
6443,8042.2823434652601
6444,8042.2844387982914
6445,8042.5802509364157
6446,8042.7118891638693
6447,8043.1884693018828
6448,8043.3960183099052
6449,8045.3823051774389
6450,8045.4875464468469
6451,8045.8364197432002
6452,8046.1177126790953
6453,8046.7935302008782
6454,8046.9792922627194
6455,8047.2570978132126
6456,8047.535792427816
6457,8049.398463193781
6458,8050.5368170268539
6459,8051.0987211402207
6460,8051.4746233667984
6461,8052.1829386055642
6462,8052.3407253298165
6463,8053.8511435477067
6464,8054.3143148346408
6465,8054.3247209654355
6466,8055.2894403191185
6467,8057.8967464343714
6468,8057.937049982952
6469,8058.0230339951841
6470,8058.8304955526082
6471,8059.1941061840098
6472,8059.4042279092582
6473,8061.2211366753718
6474,8061.743939294508
6475,8062.2792127277025
6476,8063.1529219930017
6477,8064.2449989807765
6478,8064.4645606408449
6479,8065.2667779421308
6480,8065.5253635559629
6481,8066.9669869470763
6482,8067.0706056665767
6483,8067.5080466408763
6484,8069.6517998384106
6485,8069.7547198402408
6486,8069.754719840249
6487,8070.3637701456819
6488,8070.840637393012
6489,8071.0115095583169
6490,8071.2723760589706
6491,8071.3804560908438
6492,8071.7684811244171
6493,8072.9098904015682
6494,8075.4695940558804
6495,8075.9944729314057
6496,8077.4712910639582
6497,8078.0226741593115
6498,8078.0463852072617
6499,8078.0463852072653
6500,8079.7053185749555
6501,8080.1620009185781
6502,8082.2642932919271
6503,8082.6555575109332
6504,8082.8963867237826
6505,8083.0933585574858
6506,8083.1852130774314
6507,8083.9376703084654
6508,8084.0668642655301
6509,8084.7986480318859
6510,8086.6478008119975
6511,8087.0062844611684
6512,8088.4905050259276
6513,8090.3785082777722
6514,8090.5728752708901
6515,8092.2546976338617
6516,8092.2546976339017
6517,8092.7516565771075
6518,8093.2303400419432
6519,8093.4497363995788
6520,8094.0603301053688
6521,8094.4797582912151
6522,8094.7935036499912
6523,8095.2704041302959
6524,8095.299300681716
6525,8096.1565191369627
6526,8096.6272385709144
6527,8096.8135737857392
6528,8096.9480793428738
6529,8097.4721462035659
6530,8098.6041969783837
6531,8099.120722940319
6532,8099.216204697409
6533,8099.2861638944132
6534,8099.4812136048231
6535,8099.4812136048249
6536,8101.9528636091918
6537,8101.979412739217
6538,8102.3715298069619
6539,8102.479950963012
6540,8104.1006120190696
6541,8105.2393596395586
6542,8105.8270190088924
6543,8105.9613757869156
6544,8107.6881558047653
6545,8108.6665054239502
6546,8109.307822416974
6547,8111.3336869797386
6548,8111.3350690530342
6549,8111.9596271402361
6550,8112.4064421588128
6551,8112.8833669845499
6552,8113.951533171441
6553,8114.7004869447492
6554,8115.2225512660043
6555,8115.2375556600937
6556,8115.8820125374405
6557,8116.2186009176767
6558,8116.5916295948155
6559,8117.7691042580464
6560,8118.2554849803191
6561,8118.5531852194681
6562,8119.548258261736
6563,8120.3628673478224
6564,8120.8915933047647
6565,8122.150130098129
6566,8122.438790136951
6567,8123.1493528068313
6568,8123.2709598664542
6569,8123.4613119725691
6570,8123.5039967567227
6571,8123.5039967567527
6572,8124.9945478587761
6573,8125.8790632783839
6574,8125.900639500026
6575,8126.5133748360076
6576,8127.990713029676
6577,8128.0445149776087
6578,8128.1638177937157
6579,8129.5700904359055
6580,8129.6547431874369
6581,8130.4414082731055
6582,8130.9072622203666
6583,8130.9072622203921
6584,8132.7360682914396
6585,8133.432884549944
6586,8133.5373323570602
6587,8134.3820919220971
6588,8134.6352515965418
6589,8135.0552726037831
6590,8135.1490799209187
6591,8135.69366387624
6592,8135.9217166956532
6593,8136.6812277348608
6594,8136.8536689726179
6595,8137.2209862624723
6596,8138.1172562421143
6597,8138.1824031053147
6598,8140.05901099125
6599,8140.1416167829702
6600,8142.4406025301168
6601,8142.5696461473717
6602,8142.6509870356467
6603,8142.954063226638
6604,8143.1315918881201
6605,8143.3639470561775
6606,8143.5603864143668
6607,8145.7397869706683
6608,8146.4642842229659
6609,8146.4642842229741
6610,8147.0015206966409
6611,8147.4287343940223
6612,8148.5794871167845
6613,8148.8980464615997
6614,8149.1236784117664
6615,8150.6661333152415
6616,8151.1498106853223
6617,8151.6665788690052
6618,8153.0553043453328
6619,8153.0553043453401
6620,8153.1766627800089
6621,8153.7338038917205
6622,8155.0159131488826
6623,8155.7148656304316
6624,8156.7475903825534
6625,8157.3623378031052
6626,8157.5713827920899
6627,8157.9557748793031
6628,8158.6878932104091
6629,8158.8525487101497
6630,8159.4835566727133
6631,8160.1057587821879
6632,8160.5112820544973
6633,8160.9542094804974
6634,8161.6997357642413
6635,8161.7676841938192
6636,8163.4726916625968
6637,8163.8863429413277
6638,8163.8863429413404
6639,8164.2792695589105
6640,8165.272660512891
6641,8165.5244586092904
6642,8167.0862302507721
6643,8167.6324328434157
6644,8167.9159397481908
6645,8168.3286482680041
6646,8170.0867054101791
6647,8170.650572336006
6648,8171.3238445130246
6649,8172.6071090465293
6650,8173.7337386880417
6651,8175.198106640717
6652,8175.1981066407398
6653,8175.3759891476657
6654,8175.9450360672463
6655,8176.2639226238416
6656,8176.544634383974
6657,8176.5446343839967
6658,8176.9666972508076
6659,8177.1270150022247
6660,8178.5160463204065
6661,8179.2314117365868
6662,8179.2314117365931
6663,8179.5349428099507
6664,8181.061509752938
6665,8182.4526550807495
6666,8182.9911922702349
6667,8183.2459117022145
6668,8183.2459117022172
6669,8183.4280597029301
6670,8184.0659059618902
6671,8185.0949138777241
6672,8187.5330106975962
6673,8187.6219267795495
6674,8188.1887859394028
6675,8188.5694168289119
6676,8188.5694168289301
6677,8188.7584131418344
6678,8189.4963574088169
6679,8189.7938634235779
6680,8190.2285031141528
6681,8190.6734509413909
6682,8191.1233661016986
6683,8191.3165315236129
6684,8193.9644712139434
6685,8194.2650301475624
6686,8194.9398444677772
6687,8195.1771064783225
6688,8195.1771064783461
6689,8195.4684990907153
6690,8196.3009325855255
6691,8196.7330609110631
6692,8198.1951142557355
6693,8198.2386953795685
6694,8198.2646920696607
6695,8198.2646920696898
6696,8199.9596934348974
6697,8200.6087762573934
6698,8202.1543688994734
6699,8202.1543688994825
6700,8203.038172551067
6701,8203.0381725510742
6702,8203.3715209950315
6703,8203.4128191534674
6704,8203.9007425546461
6705,8206.0603875249071
6706,8207.193326803208
6707,8207.5469896376435
6708,8209.6725607326771
6709,8209.8837432183373
6710,8210.5926049057271
6711,8210.8744248184867
6712,8211.3601220532928
6713,8211.6304174372144
6714,8212.1159631282753
6715,8212.1159631282862
6716,8214.7667309144163
6717,8216.7533368088498
6718,8216.8237737585987
6719,8216.8571213659852
6720,8217.8954102441003
6721,8218.0416276069063
6722,8218.3654955252259
6723,8218.7623318374008
6724,8219.0655412286615
6725,8220.1026532798442
6726,8220.6578345092767
6727,8220.8657093057336
6728,8221.7410002294328
6729,8222.3681533598101
6730,8222.3681533598537
6731,8222.6652098521099
6732,8223.1536155033264
6733,8223.7106507332592
6734,8224.5705015847416
6735,8224.6225720537859
6736,8225.021466293465
6737,8225.6356896602756
6738,8225.9647330745956
6739,8226.1056792834825
6740,8226.7423281400952
6741,8227.7170197060404
6742,8228.1088229250145
6743,8228.5171419654253
6744,8229.1240850659851
6745,8229.5139911924834
6746,8229.5139911924998
6747,8230.0727846460541
6748,8230.1342239689275
6749,8230.3913751746713
6750,8230.5052207858789
6751,8230.669237807102
6752,8231.0542443387039
6753,8233.7213814218812
6754,8233.7469428022596
6755,8233.7469428022832
6756,8233.8486134516843
6757,8233.8820218720084
6758,8233.8820218720157
6759,8235.38493607276
6760,8235.7614107797344
6761,8236.4850907513064
6762,8236.4948021911805
6763,8238.0892025071225
6764,8239.4625826795782
6765,8239.4676191043491
6766,8239.4820409279
6767,8240.4466092897856
6768,8241.4475155582677
6769,8242.4862192957535
6770,8242.5275617651569
6771,8243.6672956129441
6772,8244.1056155142196
6773,8244.2489490686403
6774,8245.0210188999699
6775,8245.0462434736401
6776,8246.1992782865163
6777,8246.1992782865254
6778,8247.4408034447752
6779,8248.0081415165532
6780,8248.3635407365564
6781,8248.6681913332595
6782,8249.4328162592028
6783,8251.4043419659429
6784,8251.6504936131714
6785,8253.5078587056541
6786,8255.2238563955889
6787,8255.7534139475447
6788,8256.7494644882954
6789,8257.7139116918806
6790,8257.9028002259856
6791,8258.0367446802193
6792,8259.0315839559535
6793,8259.0457424451233
6794,8259.0652987811081
6795,8259.0652987811136
6796,8259.3291644130422
6797,8259.5111113839557
6798,8259.6671012763236
6799,8259.6671012763309
6800,8259.7255673250038
6801,8260.2833836374393
6802,8260.431418893997
6803,8260.7482318353923
6804,8260.885066396233
6805,8261.6918733225175
6806,8262.8679315111531
6807,8263.5502620643711
6808,8263.5657041277464
6809,8264.0146091342995
6810,8265.0669292668263
6811,8265.4727860200474
6812,8265.6313695345398
6813,8267.1382630739226
6814,8267.1748289515108
6815,8268.2830269284677
6816,8268.872233105827
6817,8268.9114351522076
6818,8270.5722679151841
6819,8270.5722679152113
6820,8271.0198098225774
6821,8271.9981767744521
6822,8272.2067197427459
6823,8272.7861073258427
6824,8273.3065550347292
6825,8273.8423849412247
6826,8274.0876185639136
6827,8274.0876185639427
6828,8274.615537822945
6829,8275.5003466908292
6830,8275.518700897861
6831,8275.8688866697648
6832,8276.4473642505873
6833,8276.7032735577068
6834,8277.8709098388226
6835,8279.4781017825517
6836,8279.6292146812921
6837,8282.2120832469045
6838,8283.0817817764237
6839,8283.2082879313039
6840,8283.7662325468045
6841,8284.212364837791
6842,8286.127387246057
6843,8287.1370955320999
6844,8287.1719551640272
6845,8287.6316208182106
6846,8287.714681314852
6847,8288.0843702316797
6848,8288.5103298977101
6849,8288.7994585530687
6850,8289.3935950408941
6851,8289.3935950409068
6852,8289.667245501556
6853,8289.7130166456936
6854,8290.1359188094229
6855,8291.6436954173714
6856,8292.0188251598465
6857,8292.907281028969
6858,8294.1506924075184
6859,8294.2020734479738
6860,8294.722494533984
6861,8294.8437985906676
6862,8296.2517543985705
6863,8298.0779350401481
6864,8299.0025432568
6865,8299.1910960142868
6866,8299.2982310131119
6867,8300.395227195304
6868,8301.0327651893822
6869,8301.1898259740137
6870,8301.4692019319173
6871,8302.0684463005127
6872,8302.2752313297296
6873,8303.0626432928439
6874,8303.0896603798428
6875,8304.469963364103
6876,8304.9661331238094
6877,8304.967361744355
6878,8305.5136671794335
6879,8305.5136671794589
6880,8305.7274267636712
6881,8306.5266832417929
6882,8306.603760941327
6883,8307.5760968865834
6884,8308.1643633352487
6885,8308.1643633352578
6886,8308.1839621128911
6887,8308.3412599902113
6888,8309.2261715392342
6889,8309.6573390138583
6890,8309.8344382296218
6891,8310.3490998950456
6892,8311.6851873413143
6893,8311.8344594151367
6894,8312.11919896974
6895,8312.1401122985935
6896,8312.1856351005263
6897,8312.6822545874911
6898,8313.2401745698262
6899,8313.4678152651322
6900,8314.9807934972705
6901,8315.7786116816078
6902,8316.20968967304
6903,8316.9317288415223
6904,8316.9317288415295
6905,8317.1234708664415
6906,8317.3111618105322
6907,8317.5819938131499
6908,8317.9278150323971
6909,8318.6474422961819
6910,8319.4592942415875
6911,8319.542746834506
6912,8320.258090678195
6913,8320.8653105448102
6914,8322.2083238767227
6915,8322.3726757618824
6916,8322.3726757619024
6917,8323.956381882399
6918,8324.6827035999013
6919,8325.8108742531331
6920,8325.9774677489931
6921,8326.6774231638465
6922,8326.9896303058977
6923,8327.4603842900506
6924,8327.4691720865194
6925,8328.3416181746561
6926,8328.56136256227
6927,8330.0729540004395
6928,8330.4968027066861
6929,8331.4727788187465
6930,8331.5328007382413
6931,8333.5544830941835
6932,8334.4701963839598
6933,8334.799991167054
6934,8335.550980929298
6935,8336.0507743779017
6936,8336.0752110400281
6937,8337.5724060248303
6938,8337.8423827021506
6939,8337.984210554976
6940,8338.5581643389578
6941,8339.8920163077892
6942,8339.8920163078001
6943,8340.4059655222354
6944,8340.4124336639652
6945,8340.5534754589044
6946,8341.1173750890539
6947,8341.256431090862
6948,8341.4029795133629
6949,8341.4791068571831
6950,8341.8389950101409
6951,8342.3299954412851
6952,8342.3804757704675
6953,8342.5049913379444
6954,8342.7574189372226
6955,8343.6271040503034
6956,8343.9565209685516
6957,8344.3564646093473
6958,8344.5987241832499
6959,8345.2165758935807
6960,8345.2575986708543
6961,8346.4830364301233
6962,8346.4830364301361
6963,8346.5456213624002
6964,8346.9239204824953
6965,8347.2036597758033
6966,8347.7074938150945
6967,8347.8777892303788
6968,8348.8479571539301
6969,8349.982541016725
6970,8350.0474991101
6971,8352.3614661005467
6972,8353.1755508688693
6973,8353.3276313873121
6974,8353.5553126459254
6975,8354.1577650066465
6976,8354.3905890004207
6977,8356.4218815139284
6978,8356.622342206314
6979,8357.2964416823888
6980,8357.7234002617315
6981,8357.7803476326699
6982,8357.9900055642247
6983,8357.9900055642356
6984,8358.2298655145114
6985,8358.5077359927818
6986,8359.3479852584715
6987,8359.69592004267
6988,8360.0440797369774
6989,8361.2278782905796
6990,8361.9215186814381
6991,8362.1098629627104
6992,8364.0684693619951
6993,8364.162600366868
6994,8365.0055308576539
6995,8365.314848742737
6996,8365.8715594811856
6997,8365.8812319458229
6998,8366.8755974731066
6999,8367.2540356272621
7000,8367.7049133446326
7001,8368.7627652689043
7002,8369.0139842505214
7003,8370.09949041664
7004,8370.1478001156593
7005,8370.5260346110645
7006,8371.1744868483711
7007,8371.9684564570598
7008,8372.7608641998031
7009,8373.4999587514758
7010,8376.1319191781004
7011,8376.5822623509684
7012,8376.5822623509775
7013,8376.6604991153654
7014,8376.743527654542
7015,8377.1941411419684
7016,8377.8687255050354
7017,8378.2814875729091
7018,8378.9419749253266
7019,8379.4083458621244
7020,8379.468351977388
7021,8379.7598004890169
7022,8380.9177941463004
7023,8381.2180134633836
7024,8381.4962250843837
7025,8381.5824430618759
7026,8381.6212489607187
7027,8381.7717717307223
7028,8382.1860280758174
7029,8382.2887532503009
7030,8382.6931460328196
7031,8382.7037747874547
7032,8382.7082473317823
7033,8382.9456028501281
7034,8383.5853714869154
7035,8383.6907298138376
7036,8384.30086495869
7037,8384.577853314875
7038,8384.9482817665958
7039,8385.3496278572184
7040,8385.3496278572311
7041,8385.4865686111352
7042,8385.8222144063166
7043,8386.5612203090768
7044,8387.5162774228393
7045,8387.7920958932609
7046,8388.1786169672851
7047,8388.7080774469614
7048,8388.8829114854561
7049,8390.0276602118938
7050,8390.3623327844889
7051,8391.0405174484167
7052,8391.0834764877673
7053,8391.8897007864634
7054,8392.3400693487529
7055,8392.7863817662583
7056,8393.5653603881474
7057,8393.9516262181169
7058,8394.5446246808697
7059,8395.1136588294103
7060,8395.1974250343701
7061,8395.4397678037294
7062,8395.5821009843003
7063,8395.5821009843039
7064,8395.7397159742395
7065,8395.7723133975269
7066,8395.9163881898858
7067,8397.2689647840089
7068,8398.1613151418951
7069,8398.4372389425098
7070,8398.8579370972093
7071,8400.07262089705
7072,8400.6414704830495
7073,8401.8098911743637
7074,8402.46175276131
7075,8402.5579398603222
7076,8402.8064308972098
7077,8402.8829668537383
7078,8403.8064911221281
7079,8403.8601537397426
7080,8403.9392590476782
7081,8404.2898836544427
7082,8405.8284365023173
7083,8406.3172998421924
7084,8406.4291179972843
7085,8407.091065364164
7086,8407.1234929295188
7087,8407.8607320718675
7088,8408.4490277445166
7089,8408.6539615960028
7090,8411.3288350134371
7091,8412.0781516304141
7092,8412.3600245343878
7093,8412.8804212219129
7094,8413.6943954317485
7095,8414.7978852761007
7096,8414.9009354458412
7097,8414.9009354458412
7098,8416.3288814698808
7099,8416.7490521658819
7100,8417.5422512132445
7101,8417.5888213275357
7102,8417.8574894530466
7103,8418.297189078683
7104,8419.3307349825063
7105,8419.8447215082997
7106,8419.8888188227465
7107,8419.9741552740452
7108,8420.8561000015561
7109,8422.0531224780516
7110,8422.576268573368
7111,8422.6085519491025
7112,8422.8349547669695
7113,8422.8981787575885
7114,8423.1196063958396
7115,8423.2006048257554
7116,8423.6659277222698
7117,8423.7988318383796
7118,8424.2724750666675
7119,8424.2839060755214
7120,8424.5049886502766
7121,8424.9234208687849
7122,8425.1146009606437
7123,8425.201104297319
7124,8425.6250532008762
7125,8425.8509958795403
7126,8426.1240833217416
7127,8426.133917408959
7128,8427.2046143354019
7129,8427.2164800292467
7130,8427.5087771409853
7131,8427.5213735680682
7132,8428.0109275687228
7133,8428.2318817863343
7134,8428.4218841864822
7135,8428.4654156249853
7136,8429.6716160299766
7137,8429.8240722805713
7138,8430.1300550722353
7139,8430.2541573586841
7140,8430.3277195193386
7141,8430.8716773279157
7142,8431.0971523759636
7143,8431.2469927610327
7144,8431.4852532297955
7145,8432.423917696322
7146,8432.5225849865601
7147,8433.3308362905846
7148,8433.5150300837922
7149,8433.6466485186684
7150,8434.2042094162789
7151,8434.2123595574649
7152,8434.4486924113498
7153,8434.4486924113917
7154,8434.8826438752167
7155,8435.990444937408
7156,8436.1615633182864
7157,8436.852731762121
7158,8437.2725643892281
7159,8437.2992739101901
7160,8438.4689129590497
7161,8438.8641628701862
7162,8439.9376732638648
7163,8440.2028348664244
7164,8440.3284567217415
7165,8440.762168300289
7166,8441.6824793296964
7167,8441.8670389538493
7168,8443.0004085828132
7169,8443.2683267065258
7170,8443.3554449043077
7171,8443.4273190372533
7172,8443.7292001109363
7173,8444.3720465913921
7174,8445.7988378904538
7175,8446.2082287466783
7176,8446.7149639184372
7177,8446.96219648847
7178,8447.4512451058235
7179,8447.7570701257046
7180,8448.2743156940742
7181,8448.6305687469267
7182,8450.0768826036674
7183,8450.4694345658772
7184,8450.7078950452596
7185,8452.2030385783328
7186,8452.2534693085672
7187,8452.8916099299804
7188,8453.1560879956887
7189,8454.5317132665386
7190,8455.870952534051
7191,8455.9379602335212
7192,8456.4780623379302
7193,8456.6133007661501
7194,8456.670897814769
7195,8456.7178510161666
7196,8458.596785071677
7197,8458.8798742777471
7198,8459.2969845848966
7199,8460.6998838970558
7200,8460.9725151692601
7201,8463.9999999999527
7202,8463.9999999999527
7203,8463.9999999999545
7204,8463.99999999996
7205,8463.9999999999618
7206,8463.9999999999673
7207,8463.9999999999691
7208,8463.9999999999691
7209,8463.9999999999782
7210,8463.9999999999818
7211,8463.9999999999818
7212,8463.9999999999836
7213,8463.9999999999854
7214,8463.9999999999891
7215,8463.9999999999909
7216,8463.9999999999927
7217,8463.9999999999964
7218,8463.9999999999964
7219,8463.9999999999982
7220,8464
7221,8464
7222,8464.0000000000018
7223,8464.0000000000018
7224,8464.0000000000036
7225,8464.0000000000073
7226,8464.0000000000091
7227,8464.0000000000127
7228,8464.0000000000146
7229,8464.0000000000146
7230,8464.0000000000164
7231,8464.0000000000164
7232,8464.0000000000182
7233,8464.0000000000218
7234,8464.0000000000236
7235,8464.0000000000255
7236,8464.0000000000309
7237,8464.0000000000346
7238,8464.0000000000364
7239,8464.00000000004
7240,8464.0000000000437
7241,8464.0000000000473
7242,8464.0000000000491
7243,8464.0000000000564
7244,8464.0000000000582
7245,8464.0000000000655
7246,8467.0274848307272
7247,8467.3001161029479
7248,8468.7030154150725
7249,8469.120125722251
7250,8469.4032149283175
7251,8471.282148983757
7252,8471.3291021852165
7253,8471.3866992338499
7254,8471.5219376620626
7255,8472.0620397664879
7256,8472.1290474659781
7257,8473.4682867334886
7258,8474.8439120043113
7259,8475.1083900700269
7260,8475.7465306914692
7261,8475.7969614216781
7262,8477.2921049547385
7263,8477.5305654341282
7264,8477.9231173963399
7265,8479.3694312530733
7266,8479.7256843059331
7267,8480.2429298742954
7268,8480.5487548941855
7269,8481.0378035115136
7270,8481.2850360815464
7271,8481.7917712533235
7272,8482.2011621095535
7273,8483.6279534086298
7274,8484.2707998890837
7275,8484.5726809627395
7276,8484.6445550957178
7277,8484.7316732934796
7278,8484.9995914172086
7279,8486.1329610461144
7280,8486.3175206703181
7281,8487.2378316997201
7282,8487.6715432782839
7283,8487.7971651335793
7284,8488.0623267361461
7285,8489.1358371298265
7286,8489.5310870409503
7287,8490.7007260898063
7288,8490.7274356107791
7289,8491.1472682378881
7290,8491.8384366817263
7291,8492.0095550626047
7292,8493.1173561247851
7293,8493.5513075885847
7294,8493.5513075886283
7295,8493.7876404425388
7296,8493.7957905837193
7297,8494.3533514813389
7298,8494.4849699162151
7299,8494.6691637094191
7300,8495.4774150134581
7301,8495.5760823036726
7302,8496.5147467702191
7303,8496.7530072389545
7304,8496.9028476240419
7305,8497.1283226721262
7306,8497.6722804806686
7307,8497.7458426413377
7308,8497.8699449277665
7309,8498.1759277194287
7310,8498.3283839700289
7311,8499.5345843750183
7312,8499.5781158135105
7313,8499.7681182136566
7314,8499.9890724312718
7315,8500.4786264319409
7316,8500.4912228590056
7317,8500.7835199707515
7318,8500.7953856645872
7319,8501.866082591052
7320,8501.8759166782747
7321,8502.1490041204579
7322,8502.374946799142
7323,8502.7988957026901
7324,8502.8853990393709
7325,8503.0765791312151
7326,8503.495011349718
7327,8503.7160939244914
7328,8503.7275249333306
7329,8504.2011681616386
7330,8504.3340722777266
7331,8504.7993951742701
7332,8504.8803936041932
7333,8505.1018212424224
7334,8505.1650452330596
7335,8505.3914480509065
7336,8505.4237314266393
7337,8505.9468775219611
7338,8507.143899998453
7339,8508.0258447259712
7340,8508.1111811772425
7341,8508.1552784917094
7342,8508.6692650175082
7343,8509.702810921337
7344,8510.1425105469498
7345,8510.4111786724898
7346,8510.4577487867573
7347,8511.2509478341108
7348,8511.6711185301319
7349,8513.0990645541569
7350,8513.099064554166
7351,8513.2021147239229
7352,8514.3056045682661
7353,8515.1195787780907
7354,8515.6399754656177
7355,8515.9218483695822
7356,8516.6711649865647
7357,8519.3460384040118
7358,8519.5509722555016
7359,8520.1392679281325
7360,8520.8765070704758
7361,8520.9089346358414
7362,8521.5708820027303
7363,8521.6827001578149
7364,8522.1715634977027
7365,8523.7101163455718
7366,8524.0607409523436
7367,8524.139846260292
7368,8524.1935088778828
7369,8525.117033146269
7370,8525.193569102792
7371,8525.4420601396832
7372,8525.5382472386864
7373,8526.1901088256418
7374,8527.3585295169432
7375,8527.9273791029646
7376,8529.1420629028016
7377,8529.5627610574993
7378,8529.8386848581104
7379,8530.7310352160021
7380,8532.0836118101233
7381,8532.2276866024913
7382,8532.2602840257732
7383,8532.4178990157143
7384,8532.4178990157179
7385,8532.560232196287
7386,8532.8025749656426
7387,8532.8863411705952
7388,8533.455375319134
7389,8534.0483737818886
7390,8534.4346396118581
7391,8535.2136182337472
7392,8535.6599306512599
7393,8536.110299213542
7394,8536.9165235122346
7395,8536.9594825515869
7396,8537.6376672155257
7397,8537.9723397881044
7398,8539.1170885145348
7399,8539.2919225530532
7400,8539.8213830327277
7401,8540.20790410673
7402,8540.4837225771789
7403,8541.4387796909305
7404,8542.1777855936907
7405,8542.5134313888811
7406,8542.6503721427725
7407,8542.6503721427944
7408,8543.0517182334097
7409,8543.4221466851377
7410,8543.6991350413227
7411,8544.309270186166
7412,8544.4146285130882
7413,8545.0543971498828
7414,8545.2917526682213
7415,8545.2962252125362
7416,8545.3068539671895
7417,8545.7112467497118
7418,8545.8139719241972
7419,8546.2282282693013
7420,8546.3787510392813
7421,8546.4175569381368
7422,8546.5037749156309
7423,8546.7819865366309
7424,8547.0822058536924
7425,8548.2401995109922
7426,8548.5316480226247
7427,8548.5916541378847
7428,8549.0580250747043
7429,8549.7185124270927
7430,8550.1312744949846
7431,8550.8058588580516
7432,8551.2564723454652
7433,8551.3395008846528
7434,8551.4177376490406
7435,8551.4177376490425
7436,8551.8680808218905
7437,8554.5000412485479
7438,8555.2391358002114
7439,8556.0315435429402
7440,8556.8255131516362
7441,8557.4739653889392
7442,8557.8521998843498
7443,8557.9005095833909
7444,8558.9860157494713
7445,8559.2372347311011
7446,8560.2950866553765
7447,8560.7459643727325
7448,8561.1244025269098
7449,8562.1187680541589
7450,8562.1284405188144
7451,8562.6851512572521
7452,8562.9944691423352
7453,8563.8373996331466
7454,8563.9315306380013
7455,8565.8901370372878
7456,8566.0784813185692
7457,8566.7721217094313
7458,8567.9559202630298
7459,8568.3040799573464
7460,8568.6520147415395
7461,8569.4922640072273
7462,8569.7701344854795
7463,8570.0099944357553
7464,8570.0099944357789
7465,8570.2196523673319
7466,8570.2765997382776
7467,8570.7035583176021
7468,8571.3776577936933
7469,8571.5781184860898
7470,8573.6094109995956
7471,8573.8422349933444
7472,8574.444687354091
7473,8574.6723686126588
7474,8574.8244491311489
7475,8575.6385338994442
7476,8577.9525008898909
7477,8578.0174589832695
7478,8579.1520428460954
7479,8580.122210769614
7480,8580.2925061849019
7481,8580.7963402242149
7482,8581.0760795175102
7483,8581.4543786376271
7484,8581.5169635698712
7485,8581.5169635698749
7486,8582.7424013291693
7487,8582.7834241064502
7488,8583.4012758167592
7489,8583.6435353906527
7490,8584.0434790314412
7491,8584.3728959497093
7492,8585.2425810627756
7493,8585.4950086620775
7494,8585.6195242295453
7495,8585.6700045587222
7496,8586.1610049898645
7497,8586.520893142826
7498,8586.5970204866389
7499,8586.7435689091508
7500,8586.8826249109625
7501,8587.446524541112
7502,8587.5875663360112
7503,8587.5940344777482
7504,8588.1079836922163
7505,8588.1079836922199
7506,8589.4418356610568
7507,8590.0157894450331
7508,8590.1576172978712
7509,8590.4275939751788
7510,8591.924788959981
7511,8591.9492256221129
7512,8592.4490190707165
7513,8593.2000088329569
7514,8593.5298036160584
7515,8594.4455169058238
7516,8596.4671992617696
7517,8596.5272211812626
7518,8597.5031972933102
7519,8597.9270459995787
7520,8599.4386374377355
7521,8599.6583818253839
7522,8600.5308279135061
7523,8600.539615709984
7524,8601.0103696941278
7525,8601.3225768361881
7526,8602.0225322510378
7527,8602.1891257468797
7528,8603.3172964001005
7529,8604.0436181176192
7530,8605.6273242380867
7531,8605.6273242381176
7532,8605.7916761232918
7533,8607.1346894552025
7534,8607.7419093218214
7535,8608.4572531655158
7536,8608.5407057584234
7537,8609.3525577038326
7538,8610.0721849676193
7539,8610.4180061868537
7540,8610.6888381894805
7541,8610.8765291335785
7542,8611.0682711584832
7543,8611.0682711584905
7544,8611.7903103269928
7545,8612.2213883183958
7546,8613.0192065027313
7547,8614.5321847348805
7548,8614.7598254301865
7549,8615.3177454125307
7550,8615.8143648994883
7551,8615.8598877014156
7552,8615.8808010302691
7553,8616.1655405848833
7554,8616.3148126587057
7555,8617.6509001049671
7556,8618.1655617703873
7557,8618.3426609861508
7558,8618.7738284607767
7559,8619.6587400097978
7560,8619.8160378871235
7561,8619.8356366647458
7562,8619.8356366647531
7563,8620.4239031134057
7564,8621.3962390586876
7565,8621.4733167581981
7566,8622.2725732363451
7567,8622.4863328205374
7568,8622.4863328205593
7569,8623.032638255645
7570,8623.0338668761742
7571,8623.5300366358861
7572,8624.9103396201554
7573,8624.9373567071761
7574,8625.7247686702885
7575,8625.9315536994945
7576,8626.5307980681118
7577,8626.810174025999
7578,8626.9672348106433
7579,8627.6047728046979
7580,8628.7017689868972
7581,8628.8089039857223
7582,8628.9974567432073
7583,8629.9220649598592
7584,8631.7482456014495
7585,8633.1562014093433
7586,8633.277505466016
7587,8633.7979265520316
7588,8633.8493075924871
7589,8635.0927189710328
7590,8635.9811748401589
7591,8636.3563045826395
7592,8637.8640811905934
7593,8638.2869833543282
7594,8638.3327544984513
7595,8638.6064049590841
7596,8638.6064049590987
7597,8639.2005414469477
7598,8639.4896701022717
7599,8639.9156297683221
7600,8640.285318685168
7601,8640.3683791817894
7602,8640.8280448359837
7603,8640.8629044678946
7604,8641.8726127539412
7605,8643.7876351622126
7606,8644.2337674532173
7607,8644.7917120687089
7608,8644.9182182235872
7609,8645.7879167531082
7610,8648.3707853187061
7611,8648.521898217441
7612,8650.1290901611756
7613,8651.2967264422841
7614,8651.5526357494182
7615,8652.1311133302515
7616,8652.4812991021427
7617,8652.499653309178
7618,8653.3844621770604
7619,8653.9123814360937
7620,8653.9123814361101
7621,8654.1576150587862
7622,8654.6934449652726
7623,8655.2138926741627
7624,8655.7932802572614
7625,8656.0018232255643
7626,8656.9801901774554
7627,8657.4277320848269
7628,8657.4277320848287
7629,8659.0885648478215
7630,8659.1277668941857
7631,8659.7169730715468
7632,8660.8251710484947
7633,8660.8617369260937
7634,8662.3686304654693
7635,8662.5272139799599
7636,8662.9330707331774
7637,8663.9853908657133
7638,8664.4342958722445
7639,8664.4497379356399
7640,8665.132068488836
7641,8666.3081266774898
7642,8667.1149336037761
7643,8667.2517681646023
7644,8667.5685811060248
7645,8667.7166163625516
7646,8668.2744326750071
7647,8668.3328987236764
7648,8668.3328987236819
7649,8668.4888886160752
7650,8668.6708355869559
7651,8668.9347012189082
7652,8668.9347012189173
7653,8668.9542575548876
7654,8668.9684160440556
7655,8669.963255319788
7656,8670.0971997740144
7657,8670.2860883081084
7658,8671.2505355117082
7659,8672.246586052459
7660,8672.7761436044239
7661,8674.4921412943586
7662,8676.3495063868359
7663,8676.5956580340444
7664,8678.5671837408008
7665,8679.3318086667568
7666,8679.6364592634436
7667,8679.9918584834686
7668,8680.5591965552103
7669,8681.8007217134837
7670,8681.8007217134927
7671,8682.9537565263618
7672,8682.9789811000246
7673,8683.7510509313852
7674,8683.8943844857749
7675,8684.332704387054
7676,8685.472438234865
7677,8685.5137807042593
7678,8686.5524844417523
7679,8687.5533907102381
7680,8688.5179590720982
7681,8688.5323808956564
7682,8688.5374173204309
7683,8689.9107974929066
7684,8691.5051978088304
7685,8691.514909248699
7686,8692.238589220271
7687,8692.6150639272637
7688,8694.117978128008
7689,8694.1179781280152
7690,8694.1513865483321
7691,8694.2530571977277
7692,8694.253057197735
7693,8694.2786185781188
7694,8696.9457556613088
7695,8697.3307621928943
7696,8697.4947792141174
7697,8697.6086248253323
7698,8697.865776031078
7699,8697.927215353955
7700,8698.486008807502
7701,8698.486008807522
7702,8698.8759149340403
7703,8699.4828580345638
7704,8699.8911770749819
7705,8700.2829802939668
7706,8701.2576718599139
7707,8701.8943207165157
7708,8702.0352669254135
7709,8702.3643103397371
7710,8702.9785337065587
7711,8703.3774279462359
7712,8703.429498415273
7713,8704.2893492667608
7714,8704.8463844966718
7715,8705.3347901478919
7716,8705.6318466401553
7717,8705.6318466401681
7718,8706.2589997705691
7719,8707.1342906942627
7720,8707.3421654907252
7721,8707.8973467201722
7722,8708.9344587713476
7723,8709.237668162612
7724,8709.6345044747795
7725,8709.9583723930973
7726,8710.1045897559034
7727,8711.1428786340275
7728,8711.176226241414
7729,8711.2466631911502
7730,8713.2332690855983
7731,8715.8840368717065
7732,8715.8840368717301
7733,8716.3695825627947
7734,8716.6398779467509
7735,8717.1255751815279
7736,8717.4073950942657
7737,8718.1162567816973
7738,8718.3274392673193
7739,8720.4530103623456
7740,8720.8066731968011
7741,8721.9396124750892
7742,8724.0992574453758
7743,8724.5871808465527
7744,8724.6284790049722
7745,8724.9618274489403
7746,8724.961827448953
7747,8725.8456311004993
7748,8725.8456311005357
7749,8727.3912237426448
7750,8728.0403065651226
7751,8729.7353079303484
7752,8729.7353079303575
7753,8729.7613046204369
7754,8729.8048857442554
7755,8731.2669390889441
7756,8731.699067414509
7757,8732.5315009093083
7758,8732.8228935216684
7759,8732.822893521683
7760,8733.0601555322482
7761,8733.7349698524631
7762,8734.0355287860693
7763,8736.6834684763835
7764,8736.876633898315
7765,8737.32654905862
7766,8737.7714968858545
7767,8738.2061365764348
7768,8738.5036425911785
7769,8739.2415868581775
7770,8739.430583171059
7771,8739.4305831710808
7772,8739.8112140605954
7773,8740.3780732204668
7774,8740.4669893024129
7775,8742.9050861222695
7776,8743.934094038128
7777,8744.5719402970826
7778,8744.7540882977701
7779,8744.7540882977737
7780,8745.0088077297805
7781,8745.5473449192632
7782,8746.9384902470538
7783,8748.4650571900693
7784,8748.7685882634178
7785,8748.7685882634196
7786,8749.4839536795989
7787,8750.8729849977772
7788,8751.0333027492106
7789,8751.4553656160151
7790,8751.4553656160278
7791,8751.7360773761702
7792,8752.054963932791
7793,8752.6240108523743
7794,8752.8018933592848
7795,8752.8018933592903
7796,8754.2662613119846
7797,8755.3928909534643
7798,8756.6761554869736
7799,8757.3494276639994
7800,8757.9132945898345
7801,8759.6713517320168
7802,8760.0840602518183
7803,8760.3675671566034
7804,8760.9137697492406
7805,8762.4755413907023
7806,8762.7273394871117
7807,8763.7207304410913
7808,8764.1136570586223
7809,8764.1136570586586
7810,8764.5273083374286
7811,8766.2323158061936
7812,8766.3002642357624
7813,8767.0457905195108
7814,8767.4887179455091
7815,8767.894241217813
7816,8768.5164433273058
7817,8769.1474512898803
7818,8769.3121067896045
7819,8770.0442251207278
7820,8770.4286172079319
7821,8770.6376621969212
7822,8771.2524096174911
7823,8772.2851343695838
7824,8772.9840868511383
7825,8774.2661961082758
7826,8774.8233372199938
7827,8774.9446956546672
7828,8774.9446956546963
7829,8776.3334211309939
7830,8776.8501893146804
7831,8777.333866684754
7832,8778.8763215882518
7833,8779.1019535383894
7834,8779.4205128832164
7835,8780.5712656059804
7836,8780.9984793033618
7837,8781.535715777025
7838,8781.5357157770413
7839,8782.2602130293453
7840,8784.4396135856423
7841,8784.6360529438334
7842,8784.8684081118845
7843,8785.0459367733893
7844,8785.3490129643851
7845,8785.4303538526347
7846,8785.5593974698768
7847,8787.8583832170152
7848,8787.9409890087645
7849,8789.8175968946962
7850,8789.8827437578748
7851,8790.7790137375359
7852,8791.1463310273812
7853,8791.318772265131
7854,8792.078283304345
7855,8792.3063361237619
7856,8792.8509200791013
7857,8792.9447273962342
7858,8793.3647484034409
7859,8793.6179080779202
7860,8794.4626676429671
7861,8794.5671154500687
7862,8795.2639317085741
7863,8797.0927377796434
7864,8797.0927377796543
7865,8797.5585917268982
7866,8798.3452568125776
7867,8798.4299095641054
7868,8799.8361822063016
7869,8799.9554850223722
7870,8800.0092869703349
7871,8801.486625164016
7872,8802.0993604999876
7873,8802.1209367216325
7874,8803.0054521412421
7875,8804.4960032432864
7876,8804.4960032432937
7877,8804.5386880274473
7878,8804.7290401335777
7879,8804.8506471932069
7880,8805.5612098630554
7881,8805.849869901871
7882,8807.1084066952644
7883,8807.6371326522167
7884,8808.4517417382867
7885,8809.4468147805364
7886,8809.7445150196891
7887,8810.2308957419646
7888,8811.40837040519
7889,8811.7813990823397
7890,8812.1179874625668
7891,8812.7624443399145
7892,8812.7774487340012
7893,8813.299513055279
7894,8814.0484668285881
7895,8815.1166330154574
7896,8815.59355784119
7897,8816.0403728597703
7898,8816.6649309469758
7899,8816.666313020296
7900,8818.6921775830342
7901,8819.333494576058
7902,8820.3118441952483
7903,8822.0386242131008
7904,8822.1729809911158
7905,8822.7606403604586
7906,8823.8993879809605
7907,8825.5200490369916
7908,8825.6284701930508
7909,8826.0205872607839
7910,8826.0471363908055
7911,8828.5187863951742
7912,8828.5187863951778
7913,8828.7138361056077
7914,8828.7837953026119
7915,8828.8792770596829
7916,8829.3958030216072
7917,8830.527853796455
7918,8831.0519206571298
7919,8831.1864262142699
7920,8831.3727614290729
7921,8831.8434808630354
7922,8832.7006993182804
7923,8832.7295958697123
7924,8833.2064963500161
7925,8833.5202417087839
7926,8833.9396698946493
7927,8834.5502636004276
7928,8834.769659958074
7929,8835.2483434228834
7930,8835.7453023661019
7931,8835.7453023661237
7932,8837.4271247291053
7933,8837.6214917222132
7934,8839.5094949740796
7935,8840.9937155388707
7936,8841.3521991880079
7937,8843.2013519681223
7938,8843.9331357344799
7939,8844.0623296915473
7940,8844.8147869225777
7941,8844.9066414425288
7942,8845.1036132762329
7943,8845.3444424890895
7944,8845.7357067080902
7945,8847.837999081441
7946,8848.2946814250663
7947,8849.953614792732
7948,8849.9536147927556
7949,8849.9773258407004
7950,8850.528708936059
7951,8852.005527068608
7952,8852.5304059441296
7953,8855.0901095984427
7954,8856.2315188755874
7955,8856.6195439091807
7956,8856.727623941053
7957,8856.9884904416904
7958,8857.1593626069935
7959,8857.6362298543208
7960,8858.2452801597537
7961,8858.2452801597701
7962,8858.3482001615885
7963,8860.4919533591037
7964,8860.9293943334324
7965,8861.0330130529346
7966,8862.4746364440489
7967,8862.7332220578683
7968,8863.5354393591679
7969,8863.7550010192226
7970,8864.8470780069983
7971,8865.7207872723193
7972,8866.256060705482
7973,8866.77886332462
7974,8868.5957720907663
7975,8868.8058938160029
7976,8869.1695044474036
7977,8869.9769660048223
7978,8870.0629500170544
7979,8870.1032535656359
7980,8872.7105596808833
7981,8873.6752790345945
7982,8873.6856851653538
7983,8874.1488564522879
7984,8875.6592746701826
7985,8875.8170613944476
7986,8876.5253766332025
7987,8876.9012788597647
7988,8877.463182973137
7989,8878.6015368062199
7990,8880.4642075721658
7991,8880.7429021867756
7992,8881.0207077372706
7993,8881.2064697991391
7994,8881.8822873209156
7995,8882.1635802568017
7996,8882.5124535531777
7997,8882.6176948225784
7998,8884.6039816901284
7999,8884.8115306981199
8000,8885.2881108361216
8001,8885.4197490636125
8002,8885.7155612017614
8003,8885.71765653476
8004,8886.1336204371673
8005,8886.1336204371837
8006,8888.221640750884
8007,8888.2216407509077
8008,8889.1294577234748
8009,8889.1314553500124
8010,8889.2653705412067
8011,8889.8857900783187
8012,8891.3166779316562
8013,8891.9658638661003
8014,8892.6024255118646
8015,8893.8927003760582
8016,8896.4432610011081
8017,8896.6962008102764
8018,8897.0093484212903
8019,8897.1345521398798
8020,8897.5064752204144
8021,8898.3751443040801
8022,8899.052679346898
8023,8899.0526793469144
8024,8899.4169922770234
8025,8902.1248518028406
8026,8903.2149720779471
8027,8903.6115805270765
8028,8904.041070949841
8029,8905.1801188789286
8030,8905.3843396792981
8031,8906.0850351379959
8032,8906.3625088924528
8033,8906.9124671443315
8034,8906.9328100409566
8035,8907.603533245936
8036,8909.0018206217101
8037,8909.3142034731409
8038,8910.8407981788823
8039,8912.0537789112077
8040,8912.0537789112368
8041,8912.3141591355634
8042,8912.3777743503997
8043,8912.578852035298
8044,8913.6790928207429
8045,8913.9383348173287
8046,8914.6243234789254
8047,8915.903198492455
8048,8916.5312945657297
8049,8917.0082423208769
8050,8917.0096302030852
8051,8917.3165018355303
8052,8917.6574871792527
8053,8918.95611800386
8054,8919.4138182190218
8055,8920.1982770630348
8056,8920.7303552599806
8057,8922.3670577903322
8058,8923.1630400151571
8059,8923.1630400151644
8060,8924.8232449355819
8061,8925.7546098085131
8062,8926.5582227515624
8063,8927.6389728831946
8064,8928.6039869355081
8065,8928.6039869355154
8066,8929.2369469521855
8067,8929.2739722388123
8068,8929.4871792925842
8069,8930.3708944172085
8070,8930.5743488546323
8071,8932.0400575000567
8072,8932.3168787162303
8073,8932.3260203348582
8074,8932.5381707356064
8075,8932.7009123681382
8076,8933.1235113905568
8077,8933.7080901104946
8078,8935.8849038378958
8079,8935.8849038379103
8080,8936.8361387051009
8081,8937.3924151493138
8082,8938.1335960620236
8083,8938.7200620177591
8084,8938.7200620177628
8085,8939.2159839179203
8086,8940.5296998532558
8087,8941.3533264355065
8088,8942.4160101806392
8089,8942.4718960334794
8090,8942.673461759352
8091,8942.696793836416
8092,8943.1784481634277
8093,8943.2959555637281
8094,8943.8542549307513
8095,8945.0293773340545
8096,8945.1418418055055
8097,8945.461293172395
8098,8945.9298795852319
8099,8946.3779369867079
8100,8946.9176429588788
8101,8947.5211821449884
8102,8949.1112554721531
8103,8949.6393972668593
8104,8950.8553504575102
8105,8950.9628752399549
8106,8951.2427849324467
8107,8952.1234108599801
8108,8952.1687920609329
8109,8952.3222697802648
8110,8955.0266989844349
8111,8955.6337553713856
8112,8956.3031133090699
8113,8957.3371788561526
8114,8957.5158835118673
8115,8957.5158835118855
8116,8958.1503003015023
8117,8958.4882437996075
8118,8958.9937104205874
8119,8962.6581211902521
8120,8963.0422253673514
8121,8966.7167348521925
8122,8966.9535390222245
8123,8968.281022698211
8124,8968.3378844485778
8125,8968.3634220517724
8126,8969.6571304618465
8127,8970.0980331585397
8128,8970.4419092676562
8129,8971.4556335341786
8130,8973.1548490333971
8131,8974.1319854469039
8132,8974.292574172785
8133,8974.9464044177748
8134,8975.5853156232424
8135,8975.6729970650795
8136,8975.8287001048066
8137,8976.0069742421329
8138,8976.8022787700538
8139,8976.8458643206104
8140,8976.845864320645
8141,8977.0712571426957
8142,8979.5351558863458
8143,8979.6604038349014
8144,8979.9650549280486
8145,8980.8036310113112
8146,8982.3130938341183
8147,8983.4249532934846
8148,8984.7724592326795
8149,8985.0288646603349
8150,8987.0051192157262
8151,8987.0051192157352
8152,8987.9125001627781
8153,8988.0123073493633
8154,8989.8970575763105
8155,8990.6459140301849
8156,8991.5809390308386
8157,8991.5809390308732
8158,8991.7008903386395
8159,8992.5506567561933
8160,8992.6180921730229
8161,8992.7758205498321
8162,8993.1910534944618
8163,8993.7847209705906
8164,8993.7847209706415
8165,8994.2316351866793
8166,8994.2316351866848
8167,8994.9148210404164
8168,8995.5601223026806
8169,8995.8715411782214
8170,8997.9099999783502
8171,8998.2107561156554
8172,8998.3965259000142
8173,8999.2529656245297
8174,8999.4670090034761
8175,8999.5535986191899
8176,8999.7895847173077
8177,9000.9134735720236
8178,9002.070055459677
8179,9005.9057183881341
8180,9005.9153351545028
8181,9006.216546495556
8182,9006.4382343253892
8183,9007.4597840685401
8184,9008.2534766927656
8185,9008.2534766927765
8186,9008.9804642562794
8187,9009.454955809415
8188,9014.5410015259222
8189,9015.6366838966842
8190,9015.7233812763552
8191,9016.1042374602439
8192,9016.9537884178517
8193,9017.208819875239
8194,9018.1068113361507
8195,9018.2653569874856
8196,9020.1846714688727
8197,9020.1846714688836
8198,9021.295852584466
8199,9021.3045164676896
8200,9021.9119171838156
8201,9022.5692972027791
8202,9023.9888753351424
8203,9024.0391144706264
8204,9024.2201991212896
8205,9024.5250295267924
8206,9025.1301641645205
8207,9026.3376050717125
8208,9026.8406003990895
8209,9028.1681524136256
8210,9028.1771396090862
8211,9028.304751527894
8212,9029.522676561206
8213,9029.5226765612151
8214,9029.6819463664106
8215,9030.0113113673906
8216,9032.8516851188397
8217,9032.8516851188815
8218,9033.8365799176809
8219,9035.0467944511493
8220,9035.6584608509729
8221,9036.2239538794802
8222,9036.223953879482
8223,9037.8672784901646
8224,9038.4762271613909
8225,9038.9940202516955
8226,9040.1318527776875
8227,9040.2572589753199
8228,9040.2572589753363
8229,9040.6800035849828
8230,9040.680003585041
8231,9041.0415253279552
8232,9041.0873688515749
8233,9041.6037867185842
8234,9041.905126421334
8235,9043.2395942733492
8236,9044.1469991119993
8237,9045.6523393187908
8238,9045.7038561027512
8239,9047.1420571322124
8240,9048.539297613368
8241,9049.0714249047796
8242,9050.7412373613133
8243,9051.0082429128761
8244,9051.5258389650426
8245,9051.5292648242903
8246,9051.6924942906062
8247,9051.9967389333142
8248,9052.6927593663368
8249,9054.1431453663627
8250,9056.0482974359911
8251,9056.330440186015
8252,9057.6846528549613
8253,9058.2521944574437
8254,9058.5677113452766
8255,9059.4094948871098
8256,9060.4050645355182
8257,9061.7171313990166
8258,9062.4914724341634
8259,9062.8280457099718
8260,9062.8280457100536
8261,9063.3377649740905
8262,9063.7077393888467
8263,9064.0946733007222
8264,9064.1350460754456
8265,9064.1433598803324
8266,9065.1527218220926
8267,9065.6369830599851
8268,9067.1093983918854
8269,9070.2313111735948
8270,9070.2313111736239
8271,9071.0619424819415
8272,9071.3751960854534
8273,9072.189381604865
8274,9072.5489997662044
8275,9072.7230241137349
8276,9073.1066710955783
8277,9073.3560741275614
8278,9074.5919293098068
8279,9074.9114855289117
8280,9075.0767917553785
8281,9075.7073396393262
8282,9076.0460018732319
8283,9076.0460018732574
8284,9076.5836119683445
8285,9079.3125819579764
8286,9079.5732168012819
8287,9079.9197862165038
8288,9080.3332096160339
8289,9080.3487641522806
8290,9081.1334730527597
8291,9081.2736249214868
8292,9081.3908757890167
8293,9081.6493728356891
8294,9081.6493728357
8295,9082.2562350781445
8296,9082.5259054180187
8297,9082.7930050232408
8298,9083.8221380637642
8299,9085.2996611027684
8300,9085.6847148806264
8301,9088.0126580914603
8302,9089.6624050117462
8303,9090.4379478607643
8304,9091.0819828508738
8305,9091.5824397573524
8306,9092.9593511441126
8307,9094.3860929720668
8308,9094.7672667245988
8309,9094.8996611672701
8310,9096.2992583527048
8311,9097.565848944927
8312,9097.6610389959988
8313,9097.8574266883625
8314,9099.5295350514225
8315,9101.3995949501295
8316,9102.1127735889622
8317,9102.1275354642094
8318,9102.5536775997371
8319,9102.6655369859927
8320,9103.7349811610711
8321,9104.4866446693795
8322,9106.9427872074884
8323,9107.4495684765079
8324,9108.4605595743742
8325,9108.478736824447
8326,9108.9344617908446
8327,9110.5957690985106
8328,9112.3873854644371
8329,9113.8878817303103
8330,9114.697463468081
8331,9115.2989641051627
8332,9115.3383740395348
8333,9115.7980773261716
8334,9116.3866776348968
8335,9116.386677634915
8336,9117.0377906750109
8337,9118.0269077676003
8338,9118.5077109634112
8339,9119.0515509023371
8340,9119.126243924562
8341,9119.9670842144224
8342,9121.2459075581519
8343,9121.8523066308171
8344,9121.8608857026793
8345,9122.0960048384622
8346,9122.9079674060376
8347,9123.1023143273542
8348,9124.2233941466475
8349,9124.9701917771017
8350,9125.8980283208111
8351,9126.0772536810146
8352,9126.1794616052175
8353,9126.4264212164126
8354,9127.4172419038059
8355,9128.0775446312582
8356,9128.6324434538274
8357,9128.6324434538328
8358,9129.3629381464707
8359,9132.0338800526952
8360,9132.7921779001917
8361,9133.7965742986053
8362,9134.03398153331
8363,9135.9925642856051
8364,9137.033284656316
8365,9138.4229886121502
8366,9140.1457392876073
8367,9140.4089298097169
8368,9140.9360489549581
8369,9141.2124144194913
8370,9141.4250527951226
8371,9141.6913062829644
8372,9141.6962522375034
8373,9144.3874713185814
8374,9145.3731490477167
8375,9146.3008962511576
8376,9147.109851331179
8377,9147.1858775249402
8378,9147.497188118472
8379,9147.8784376800559
8380,9150.067271851367
8381,9150.067271851387
8382,9150.5462114366055
8383,9151.277166763939
8384,9151.5577470113021
8385,9153.6856255513831
8386,9153.6856255514012
8387,9153.7300170744147
8388,9155.6061609120752
8389,9156.4849105560097
8390,9156.7658860924421
8391,9158.0479555651
8392,9159.0572581820961
8393,9160.0297385047361
8394,9160.2589158755327
8395,9160.542987154
8396,9162.2795272357835
8397,9163.4361834963256
8398,9163.6011418867565
8399,9163.9551054641724
8400,9164.1683335688358
8401,9164.8312034630162
8402,9165.2271163512123
8403,9167.1107417309177
8404,9167.5084517844298
8405,9167.7690559392922
8406,9168.4259948679228
8407,9168.8380401457525
8408,9168.8380401457543
8409,9169.5655128310991
8410,9170.3120922679609
8411,9174.0425540275592
8412,9174.2587784447933
8413,9176.2849993966847
8414,9176.9880963163905
8415,9177.3371297159592
8416,9177.7216464914909
8417,9178.5975372735957
8418,9179.7800330655864
8419,9180.1625234462845
8420,9180.8384833552354
8421,9181.0308722228674
8422,9181.7139652448423
8423,9182.0218284149432
8424,9183.1092283106118
8425,9183.8357909921342
8426,9184.57752002913
8427,9185.8990173778111
8428,9186.4441605381144
8429,9187.3604022441305
8430,9187.7689407096223
8431,9187.7689407096314
8432,9187.9789113522966
8433,9188.6160735875874
8434,9191.3380179393862
8435,9191.3380179394208
8436,9192.5554691192374
8437,9193.0475450936265
8438,9193.5010699136692
8439,9193.5679013841127
8440,9194.8588144752048
8441,9194.9433016300518
8442,9196.440429834207
8443,9197.4644053252923
8444,9197.5262715255558
8445,9198.2180094861578
8446,9199.1663364055566
8447,9199.1663364055967
8448,9199.6162741350927
8449,9199.9941444108827
8450,9200.6369026336215
8451,9201.9930929615366
8452,9202.1270707230778
8453,9202.4715532692589
8454,9203.6846290485264
8455,9204.4883333573234
8456,9204.9546599967398
8457,9204.9717413378603
8458,9205.1964869240837
8459,9206.8735025915976
8460,9207.7453310209021
8461,9208.3591524833319
8462,9209.2238021242356
8463,9209.8760027134995
8464,9210.1053768870388
8465,9212.122776398568
8466,9212.2067387762418
8467,9212.6926813994342
8468,9212.7568592684602
8469,9214.3516423017063
8470,9215.4897197526479
8471,9215.8725203099984
8472,9216.7932881889919
8473,9216.9162067055659
8474,9218.1097205919086
8475,9218.4777109608021
8476,9218.4777109608131
8477,9219.6788518193589
8478,9219.8072862155987
8479,9223.1729054607731
8480,9223.4942454017801
8481,9223.8453104602504
8482,9226.5321765394838
8483,9227.4392204391752
8484,9228.5426592734402
8485,9228.7176439941813
8486,9228.7176439941886
8487,9229.0581913765327
8488,9229.8622996941722
8489,9230.2595813197258
8490,9231.2665025771294
8491,9231.6000162084147
8492,9232.2538098682453
8493,9232.6563658877167
8494,9234.4544563957261
8495,9235.3134057023781
8496,9235.4534843106685
8497,9235.6399016667037
8498,9235.8909697926138
8499,9235.9248161307005
8500,9236.3055850448054
8501,9237.4358481961171
8502,9237.895267527183
8503,9238.4500418441603
8504,9240.1251151492961
8505,9240.4649752803507
8506,9241.0737277425796
8507,9242.0966980380945
8508,9243.4461735556797
8509,9245.668757842328
8510,9245.6687578423698
8511,9245.810359014924
8512,9245.9612680519294
8513,9246.2429957333279
8514,9247.5017266565246
8515,9248.5490670235595
8516,9249.4543957924325
8517,9250.0134568716494
8518,9250.6524068323379
8519,9250.6524068323797
8520,9251.1374972728991
8521,9252.7404271460473
8522,9252.7404271460618
8523,9253.3290079244362
8524,9254.7197420726334
8525,9255.7785066508677
8526,9255.9587950110072
8527,9256.255777794775
8528,9256.2557777947823
8529,9256.6480997607177
8530,9257.3964255297888
8531,9258.6831643846745
8532,9259.1153997669262
8533,9259.6995630477959
8534,9260.8652984834443
8535,9261.9063712004718
8536,9262.528678664341
8537,9262.6310976797249
8538,9263.4484542770006
8539,9264.0920876556847
8540,9265.6290143885089
8541,9267.9277354131573
8542,9268.6717730353375
8543,9269.0297885209256
8544,9269.2153041416987
8545,9269.2153041417114
8546,9271.8208802628869
8547,9273.1740389630322
8548,9273.4310116453235
8549,9273.4970735233837
8550,9276.7505720561894
8551,9277.7834112134951
8552,9279.2110410155547
8553,9280.8451891963832
8554,9281.2739251196854
8555,9281.5724979838778
8556,9282.0054383135885
8557,9282.6703824239066
8558,9284.5219166680181
8559,9284.5229464401782
8560,9284.8493315260221
8561,9285.4420858994417
8562,9285.9460049359623
8563,9286.0068149504241
8564,9287.0537248905985
8565,9287.0816777216132
8566,9287.7130036965809
8567,9288.2021386256511
8568,9288.6224154281517
8569,9289.0075649905284
8570,9289.0075649905539
8571,9289.5095044047557
8572,9292.8946171494244
8573,9293.2015299650557
8574,9294.9746184517207
8575,9295.9173923514936
8576,9296.0914972863284
8577,9298.3168001172744
8578,9299.6673537003317
8579,9299.8483061262832
8580,9299.8562868472382
8581,9300.451516740839
8582,9301.4441584808264
8583,9304.9532597323159
8584,9304.953259732325
8585,9305.1922056351268
8586,9305.4281279766365
8587,9305.6561866476386
8588,9306.2990590709869
8589,9306.2990590709996
8590,9307.8183414047908
8591,9308.8042728292512
8592,9308.8427074220708
8593,9313.4864671861651
8594,9314.359141238745
8595,9314.5044361248838
8596,9314.5672461602899
8597,9314.6411863767717
8598,9315.3352876336339
8599,9316.7481307160633
8600,9316.9780421772357
8601,9316.9780421772448
8602,9319.0741670050393
8603,9320.5583197434589
8604,9321.3679372282113
8605,9321.3983072796782
8606,9321.933610567703
8607,9323.1597097054291
8608,9324.1149900626897
8609,9324.6736768104856
8610,9324.6736768105075
8611,9325.0258472387522
8612,9325.0258472387741
8613,9325.8134569841131
8614,9326.2314411636817
8615,9326.3976161990176
8616,9327.702230858742
8617,9328.996765567892
8618,9329.0591523346084
8619,9329.0591523346156
8620,9332.4419016849151
8621,9332.7774633746649
8622,9332.8161599915766
8623,9332.9653421774583
8624,9332.9653421774947
8625,9334.1270767123515
8626,9334.4623491683797
8627,9335.6171623023092
8628,9335.7760398195205
8629,9338.136189236493
8630,9338.5972865256026
8631,9340.0693968343694
8632,9340.1536988025637
8633,9341.2023253703719
8634,9341.6389016364647
8635,9342.8643443262081
8636,9343.594123255778
8637,9343.9562895648742
8638,9343.9680005976934
8639,9345.0022571383033
8640,9347.253569764498
8641,9348.623093765782
8642,9350.2330869530633
8643,9351.6097232988304
8644,9352.9484524021918
8645,9354.7846675704386
8646,9354.9901642463592
8647,9355.4880255137286
8648,9355.5116727939148
8649,9355.6323173932087
8650,9355.9358462616601
8651,9358.0185242750631
8652,9358.0185242750758
8653,9358.750421581839
8654,9358.7504215818553
8655,9359.1289946070501
8656,9359.4159177828424
8657,9359.6962534255745
8658,9361.3943525999312
8659,9362.0846087046466
8660,9362.2754161321009
8661,9364.5813436513581
8662,9364.6444879630671
8663,9365.0329619188251
8664,9366.634398584325
8665,9366.9894879865951
8666,9368.3051393365513
8667,9369.007207915427
8668,9369.0830902998077
8669,9373.4181963614192
8670,9373.6275692761901
8671,9373.7727413646026
8672,9373.7727413646389
8673,9374.3514561758948
8674,9374.9328001915019
8675,9375.2551521722944
8676,9375.3620581669929
8677,9376.9006247516845
8678,9377.4720995812622
8679,9378.6145549824778
8680,9379.1966630521747
8681,9379.6121073924078
8682,9380.0560960392013
8683,9380.2750465191639
8684,9382.5221946724832
8685,9383.3553483844626
8686,9384.5818541721746
8687,9385.5791194094527
8688,9386.3771873346213
8689,9386.594809804119
8690,9387.4103347822365
8691,9387.8137827607206
8692,9388.1530607845762
8693,9388.401010862257
8694,9388.6444224838833
8695,9389.8192138120648
8696,9391.7452816183231
8697,9393.0451693871491
8698,9395.1330105833513
8699,9395.2501779498816
8700,9396.209686653172
8701,9396.5840303955465
8702,9398.3265131829285
8703,9398.4739070562518
8704,9401.1527425501881
8705,9401.457194343202
8706,9401.5702782714379
8707,9402.6475164463827
8708,9402.7359285275579
8709,9403.2521371646726
8710,9403.3240489532691
8711,9403.3240489532764
8712,9403.8657848738876
8713,9404.5272254998563
8714,9404.6067221073845
8715,9405.4960564169451
8716,9405.5696624230841
8717,9405.5696624231186
8718,9405.9477814784914
8719,9406.2159573487461
8720,9407.2175281365635
8721,9407.3775483909794
8722,9407.7186279108682
8723,9408.0038444877373
8724,9408.4354772005881
8725,9408.654850795303
8726,9408.6591328972609
8727,9409.1387396528662
8728,9409.1387396528826
8729,9409.7742019909183
8730,9409.9353379313961
8731,9412.2613255651795
8732,9412.7924679550615
8733,9414.1109361066465
8734,9416.5231871830129
8735,9416.8041938327588
8736,9417.5756703216393
8737,9417.7077260305959
8738,9418.361425901272
8739,9418.657454672948
8740,9422.2871907948465
8741,9423.2713038871043
8742,9424.7070608555714
8743,9425.7893285372083
8744,9426.1624500911803
8745,9426.8227748819718
8746,9427.4409127250547
8747,9428.9303776458837
8748,9430.3011732472532
8749,9433.5460910417296
8750,9434.3948962554987
8751,9435.899566064174
8752,9437.0476183871142
8753,9437.7350607079843
8754,9437.7607597821589
8755,9438.0697279711403
8756,9438.5393403828348
8757,9440.9714134043552
8758,9441.1417434205214
8759,9441.3815825984075
8760,9444.270468481378
8761,9444.5684577082557
8762,9444.6494544927264
8763,9445.1235730152985
8764,9445.8116871844668
8765,9446.1681592308505
8766,9446.168159230856
8767,9446.6979012365136
8768,9448.2596192558376
8769,9448.7307681585517
8770,9448.7307681585553
8771,9450.0839695183458
8772,9450.1735476207414
8773,9451.3112106470089
8774,9451.3548773344664
8775,9451.6846819169186
8776,9452.675391785504
8777,9452.7925633078939
8778,9455.6431900851276
8779,9455.8517846407667
8780,9456.2769362436211
8781,9457.0733258697146
8782,9457.0733258697455
8783,9458.0622202265076
8784,9458.1457399269293
8785,9460.7805621825864
8786,9464.00122402339
8787,9464.356289203799
8788,9464.9185676082143
8789,9465.4104224300372
8790,9465.4895138123939
8791,9466.9310845555592
8792,9467.5576253964391
8793,9468.1944028483977
8794,9468.424772299617
8795,9468.6164080256513
8796,9470.1991250901883
8797,9471.4246594346496
8798,9473.7921352182711
8799,9475.9862630274874
8800,9476.8967386295444
8801,9477.0063784285612
8802,9477.85819547555
8803,9478.318658262946
8804,9480.9054640300474
8805,9480.9054640301001
8806,9481.0948084513566
8807,9481.5485120934736
8808,9481.8089400547469
8809,9482.7941906828055
8810,9482.972732126007
8811,9483.026321601661
8812,9483.2791335903476
8813,9484.6147872297697
8814,9485.1694421425254
8815,9486.9535268193922
8816,9487.3006044824888
8817,9487.3006044825197
8818,9487.4675021982493
8819,9488.2108479622602
8820,9489.8173855946861
8821,9491.4477162901767
8822,9492.0817568073471
8823,9492.9958140289109
8824,9493.5227816291554
8825,9495.7157189371901
8826,9496.2907916898312
8827,9496.5250781661016
8828,9498.3228720559619
8829,9498.8105421886467
8830,9499.245436342826
8831,9499.415988595636
8832,9500.0892334940017
8833,9501.7454825074074
8834,9502.7904118680999
8835,9504.0505575850384
8836,9505.8847712631432
8837,9506.3077756925413
8838,9507.0075867409287
8839,9507.0931597682611
8840,9507.2276948671151
8841,9508.4180429100797
8842,9510.6488573432962
8843,9514.3059109571714
8844,9514.574550138801
8845,9514.5860582465866
8846,9514.5860582466266
8847,9514.7516458351602
8848,9516.4618999963877
8849,9517.2968400251902
8850,9517.4844134320665
8851,9517.9922150980528
8852,9519.2659558236937
8853,9520.9335722871056
8854,9521.0993410133815
8855,9521.0993410134506
8856,9522.3388720271632
8857,9523.5820096197494
8858,9523.6204767190447
8859,9525.4346446858654
8860,9525.8341488859223
8861,9527.1094616783703
8862,9527.1991441383998
8863,9528.514268841398
8864,9528.5774983100491
8865,9528.7062711268936
8866,9528.9453225979505
8867,9529.5937862820865
8868,9529.66947406703
8869,9532.3005722500857
8870,9532.5576405730317
8871,9533.1884238498005
8872,9533.4841359484235
8873,9533.8112746857387
8874,9534.7939737911984
8875,9536.7223832097934
8876,9538.0750995799663
8877,9538.2457953037101
8878,9539.880517506419
8879,9541.7246786603355
8880,9543.6355374825835
8881,9546.1045715427481
8882,9546.2501454506873
8883,9546.927217826058
8884,9546.9377428348689
8885,9547.9309057111113
8886,9547.9309057111714
8887,9549.2877552559421
8888,9549.5733037006721
8889,9549.9011836267855
8890,9549.969392439436
8891,9549.9693924394924
8892,9550.1836705029891
8893,9550.766063891002
8894,9550.7660638910202
8895,9552.4652483847913
8896,9553.9614375944857
8897,9555.0400723915827
8898,9556.7758491512232
8899,9557.1516307315705
8900,9559.0407864450553
8901,9560.3227034857446
8902,9560.7992597835582
8903,9560.9344277907803
8904,9561.6088268630865
8905,9562.3516094478782
8906,9563.0833203054717
8907,9563.0833203054808
8908,9563.6851228007399
8909,9563.6851228007454
8910,9565.6270225705375
8911,9566.5573540220921
8912,9567.9725759002959
8913,9568.1269008727504
8914,9569.1521803549185
8915,9571.0428602223765
8916,9571.2865361655931
8917,9572.87582758381
8918,9573.1104766366971
8919,9573.183941232528
8920,9573.3243075517403
8921,9573.7761532539644
8922,9573.7761532539807
8923,9573.8332821709682
8924,9573.939730091015
8925,9577.3119925014635
8926,9579.6726838859013
8927,9580.6695965878953
8928,9580.775943438397
8929,9581.2746060737609
8930,9582.8137209125489
8931,9584.4185823541102
8932,9585.5744411854412
8933,9586.0824817781122
8934,9586.3138635095511
8935,9587.1305528398771
8936,9588.9874154324734
8937,9589.1892663522813
8938,9590.3675748916139
8939,9591.7957257051221
8940,9591.9164324113153
8941,9592.4086253483038
8942,9592.4086253483201
8943,9592.5948193206532
8944,9592.7185916596118
8945,9593.1220184533668
8946,9593.2364303893373
8947,9593.2364303893428
8948,9594.6680382511113
8949,9595.9892067074943
8950,9596.0872242403893
8951,9596.1934464144815
8952,9598.5099916372001
8953,9599.1308926659603
8954,9599.810317258567
8955,9600.3706190701305
8956,9600.4915569267723
8957,9601.247032057654
8958,9601.3759158672074
8959,9602.416610492357
8960,9603.7365546016845
8961,9604.4648086706457
8962,9605.7541934884102
8963,9605.779935536535
8964,9605.7799355365441
8965,9608.8542308537526
8966,9609.689585868402
8967,9609.9025611467678
8968,9609.9025611467951
8969,9609.9087025189729
8970,9610.5124360241516
8971,9613.8277405980043
8972,9613.827740598028
8973,9614.1228783526421
8974,9616.514517950618
8975,9616.7242356200277
8976,9618.5685638643736
8977,9620.2075372460986
8978,9620.7995922459231
8979,9621.1933390806153
8980,9621.2530894547126
8981,9621.7111084410753
8982,9622.2500001814224
8983,9626.6896870827277
8984,9626.9561747248681
8985,9627.1510119899776
8986,9628.5878879638803
8987,9630.0361605443395
8988,9631.0349289819169
8989,9631.5575088654841
8990,9631.8481515515687
8991,9632.214247861757
8992,9634.7421359527543
8993,9635.4983375669544
8994,9636.92637604638
8995,9637.8184543167972
8996,9638.1456628434753
8997,9638.3513416741844
8998,9639.391796850623
8999,9639.3917968506448
9000,9640.16377823943
9001,9640.8016118653122
9002,9642.8296397622889
9003,9642.8905889499965
9004,9643.9525425875981
9005,9644.4185101477324
9006,9645.9770071551793
9007,9646.0084048150929
9008,9646.9603652052592
9009,9647.617680879106
9010,9648.5978573545872
9011,9649.8548666015704
9012,9650.5010579545451
9013,9650.5010579545833
9014,9651.8598410121303
9015,9651.9295166573629
9016,9652.8934125442011
9017,9653.3247216634918
9018,9654.6652169985973
9019,9655.2057495564823
9020,9656.7239270234677
9021,9657.830004572399
9022,9658.4581120117709
9023,9659.2158658408844
9024,9659.2901643600017
9025,9659.7480630521059
9026,9660.1687982297062
9027,9660.4510417614601
9028,9664.6092694354702
9029,9664.7708808759253
9030,9665.8121977876108
9031,9665.885913514463
9032,9666.5314898719935
9033,9666.5314898720553
9034,9667.7986461930359
9035,9669.4052523889204
9036,9671.6342356210371
9037,9672.4748314936205
9038,9673.0751813070419
9039,9673.4818541762452
9040,9674.326238900625
9041,9674.8740475831892
9042,9674.8740475832165
9043,9675.8254593871388
9044,9677.1941485745774
9045,9679.4887584660028
9046,9681.4821338619386
9047,9683.3063497675957
9048,9683.9587644300009
9049,9685.2792193659625
9050,9685.6315641584479
9051,9685.856887224656
9052,9687.5393432079363
9053,9689.0588435432928
9054,9689.8038922155647
9055,9690.581320312649
9056,9691.2586832188463
9057,9694.3800852850873
9058,9694.5944935527405
9059,9694.8335840905893
9060,9695.2043468081501
9061,9695.9157340600814
9062,9695.9780605774286
9063,9696.894718972515
9064,9697.0667946461253
9065,9698.1232061816991
9066,9698.7806887479492
9067,9699.5750053961292
9068,9700.211646530197
9069,9701.929570129294
9070,9702.8144390614871
9071,9705.1295461171412
9072,9706.7698362438605
9073,9707.8273246163462
9074,9710.1556438256248
9075,9710.7147111198738
9076,9712.2974529526527
9077,9712.4066565424746
9078,9713.1857334486394
9079,9713.9626484816199
9080,9714.6215269672521
9081,9714.8106830295255
9082,9714.9404530683842
9083,9715.9794176555934
9084,9717.553661680211
9085,9717.5536616802656
9086,9717.6041372558393
9087,9718.5309647837039
9088,9718.9189569702394
9089,9718.9189569702557
9090,9719.3734166832201
9091,9719.5556499455342
9092,9720.4570204583488
9093,9720.5079608921169
9094,9721.5620282172622
9095,9722.53731067021
9096,9722.53731067025
9097,9723.2556855254279
9098,9724.8967489467086
9099,9727.0082640576748
9100,9727.5514486329084
9101,9727.8776507461953
9102,9728.1327439352426
9103,9728.1456929776923
9104,9728.5816892196344
9105,9729.5880273424827
9106,9730.9210160211187
9107,9731.6718951289204
9108,9731.8211691915021
9109,9732.2291858758272
9110,9733.7298687934108
9111,9735.3439188632019
9112,9735.4628658196416
9113,9736.5427153036289
9114,9736.6640326943107
9115,9737.9236687211505
9116,9738.3058549666803
9117,9739.4254444098588
9118,9739.488122505576
9119,9741.43222471628
9120,9743.0336288481558
9121,9744.0418327900134
9122,9746.0318146690151
9123,9746.8842533297957
9124,9749.0072531329679
9125,9749.5014217153603
9126,9753.7123939082376
9127,9754.2790760997286
9128,9754.9978984040681
9129,9756.1277428735866
9130,9758.030979450743
9131,9759.0078454831728
9132,9759.2356804591818
9133,9759.8316606106182
9134,9760.6965208907204
9135,9761.2775235362024
9136,9762.7311876535514
9137,9762.7311876535587
9138,9762.7322833223861
9139,9764.0622108605185
9140,9765.2345775794365
9141,9768.0180215244072
9142,9768.0180215244472
9143,9768.1789891102198
9144,9768.7778634499209
9145,9769.121347821083
9146,9769.2350339714358
9147,9770.3140518513101
9148,9771.2870792540762
9149,9771.7379085046196
9150,9772.7025536850797
9151,9773.4500209534835
9152,9774.6247220988298
9153,9776.5218669271089
9154,9776.9216422817335
9155,9778.3254907826577
9156,9778.7041094170163
9157,9779.4075493504643
9158,9780.0514583587501
9159,9780.1854393517588
9160,9780.884042018959
9161,9780.8840420189827
9162,9781.0191210887333
9163,9781.0191210887479
9164,9782.0250811338428
9165,9785.5660541833167
9166,9786.6635613863145
9167,9787.6453541034771
9168,9787.7667206899368
9169,9789.4978383377183
9170,9790.0024848281264
9171,9790.1486589703654
9172,9792.6985173654575
9173,9793.9658913249623
9174,9794.6231547933348
9175,9794.9094999363224
9176,9795.0455648343632
9177,9795.3455022981179
9178,9796.0877485020519
9179,9796.1450895705948
9180,9797.4770725161179
9181,9797.5693291129974
9182,9797.5693291129992
9183,9797.7151238122333
9184,9798.3205164223018
9185,9799.780519599879
9186,9799.814942582836
9187,9799.8149425828688
9188,9799.9920753686129
9189,9800.0077617097413
9190,9801.8534293111934
9191,9801.853429311217
9192,9801.9612776728482
9193,9802.2409957117598
9194,9803.0018810560086
9195,9803.1092226762685
9196,9803.6045088208029
9197,9805.0629231153871
9198,9805.225462791419
9199,9807.8628775110919
9200,9808.1940024513551
9201,9809.3096398252474
9202,9809.6500463947377
9203,9810.1115540320206
9204,9813.7465780993898
9205,9813.9572622115429
9206,9815.8406249789696
9207,9816.2946080013007
9208,9817.0606204838259
9209,9818.0270643696276
9210,9819.7671361247503
9211,9819.9442132276508
9212,9820.4442070157693
9213,9823.0497110868655
9214,9823.4280276137761
9215,9824.1426227360826
9216,9824.8167772539564
9217,9826.7818705980044
9218,9828.6364363786051
9219,9829.132339948188
9220,9832.4924516585652
9221,9833.5915065513673
9222,9833.6070378423719
9223,9834.7379807029374
9224,9834.7379807029611
9225,9834.8266802801936
9226,9837.4334986290687
9227,9837.4610618353126
9228,9838.6679637364632
9229,9838.6839388182616
9230,9838.797417423857
9231,9839.2310279566336
9232,9840.2593021667817
9233,9843.0602992496988
9234,9844.412174904619
9235,9846.8818834866834
9236,9848.7909912902323
9237,9849.0828523940672
9238,9849.583344684208
9239,9849.9756722577258
9240,9851.6409505816555
9241,9852.4356045095519
9242,9853.0379986414409
9243,9854.8351732555166
9244,9855.9230476824287
9245,9857.6667433354996
9246,9858.6280099758715
9247,9859.7172160710688
9248,9859.8009791812183
9249,9859.9635929601809
9250,9861.2315188699922
9251,9861.2315188700013
9252,9862.7499510646576
9253,9864.0904885599011
9254,9865.8103910503742
9255,9865.8552820545501
9256,9866.4032694692178
9257,9866.683229515078
9258,9866.8743997839083
9259,9868.3017796680142
9260,9868.3017796680706
9261,9868.5529812035638
9262,9868.7533559602598
9263,9868.7558385380653
9264,9869.8515213397604
9265,9870.6236299839584
9266,9870.8643885957026
9267,9870.8643885957663
9268,9871.7721906110601
9269,9873.2019226833945
9270,9874.7317086961666
9271,9874.8498298788236
9272,9878.3361907723502
9273,9878.8644961936207
9274,9879.5037450193922
9275,9880.1465703775793
9276,9880.6529852596104
9277,9881.0236434908184
9278,9881.0236434908275
9279,9881.2105187075977
9280,9881.2105187076195
9281,9881.6257995403103
9282,9881.9748449795206
9283,9885.9291692510142
9284,9886.8908185683485
9285,9888.2069431457185
9286,9889.9429922395066
9287,9890.0036627761347
9288,9893.6632321983307
9289,9894.5818288958235
9290,9894.5818288958326
9291,9895.7719658853221
9292,9898.5388893540385
9293,9901.2831062140704
9294,9901.283106214074
9295,9902.9511061115845
9296,9903.6378010488388
9297,9904.0166245442852
9298,9905.1271047809551
9299,9905.1271047809823
9300,9905.3770403534472
9301,9908.7845509040017
9302,9909.5443966050952
9303,9909.665202505772
9304,9910.5182620098039
9305,9911.4307140268356
9306,9912.1272274821695
9307,9912.9259508855284
9308,9913.014671213381
9309,9914.107303791121
9310,9915.8838568686951
9311,9916.3593847508328
9312,9917.1977078147866
9313,9918.1646629352999
9314,9918.5261157833593
9315,9918.8897304763213
9316,9922.1108814564523
9317,9923.1466286863742
9318,9923.2407268969291
9319,9924.0519252980102
9320,9925.8091595171827
9321,9927.8419380089072
9322,9928.7241115517281
9323,9929.7941882187479
9324,9930.9056439949163
9325,9931.6031156881236
9326,9933.013467211118
9327,9933.0673540823009
9328,9934.5716401510017
9329,9935.3543833937365
9330,9935.3543833937401
9331,9935.7640739463441
9332,9935.8159023635199
9333,9936.296768028993
9334,9936.7196786837321
9335,9936.7196786837394
9336,9937.8869650684683
9337,9938.0687170260353
9338,9940.0495377711741
9339,9940.3760411781077
9340,9940.6155981716747
9341,9941.4764594130611
9342,9941.4900929463656
9343,9943.6801630654791
9344,9943.7476958284078
9345,9944.7996597657311
9346,9945.3388986519203
9347,9945.9871823565809
9348,9946.1600553430726
9349,9947.1623442564269
9350,9947.816394167121
9351,9950.5469676126577
9352,9950.7275345158378
9353,9952.3180794763121
9354,9954.0557847258078
9355,9954.429587065335
9356,9955.1664195935118
9357,9957.3450492834127
9358,9959.4141507911063
9359,9961.0789522919949
9360,9961.6891077798446
9361,9961.6901606485844
9362,9964.6442860371608
9363,9965.0205394513669
9364,9965.5875096678046
9365,9966.1171006597397
9366,9966.4152608331169
9367,9967.6821540123929
9368,9967.7296790751752
9369,9968.6901351427641
9370,9970.9271025412399
9371,9971.6433894861621
9372,9972.462522541764
9373,9972.9454869981364
9374,9974.3042633393998
9375,9974.4213475419419
9376,9974.4213475419674
9377,9974.4699955411397
9378,9976.3127947688245
9379,9976.7918631746525
9380,9977.6809797758378
9381,9978.7380475865866
9382,9979.0484618593091
9383,9981.467433028718
9384,9982.4409208471388
9385,9983.3108295471229
9386,9984.3794291814575
9387,9985.8187432379018
9388,9985.8187432379218
9389,9986.2392828541197
9390,9988.155821166878
9391,9988.4812416614586
9392,9990.2983029612151
9393,9991.3347830605471
9394,9991.6247606477737
9395,9992.9842448512991
9396,9992.9842448513118
9397,9994.3675613795149
9398,9995.45389240642
9399,9995.6788559116067
9400,9996.6227566236466
9401,9997.2914900044052
9402,9997.5856196884961
9403,9998.2995015687447
9404,9998.5582185195162
9405,9999.1834321088663
9406,10000.109753969331
9407,10000.844120313515
9408,10001.036046076028
9409,10001.276853468755
9410,10003.260240841279
9411,10006.009881807111
9412,10009.405399604719
9413,10010.486557944712
9414,10011.137099216727
9415,10011.137099216745
9416,10011.860156797831
9417,10012.175162409287
9418,10012.898856632377
9419,10014.141253731214
9420,10014.646130121038
9421,10015.009253318311
9422,10015.370050826519
9423,10015.370050826521
9424,10015.532038681957
9425,10015.919221740685
9426,10016.605958612743
9427,10016.963651907286
9428,10018.254605017775
9429,10018.546130706576
9430,10019.687191672559
9431,10020.508346243865
9432,10020.910387366332
9433,10022.285901122263
9434,10022.650967728867
9435,10022.650967728901
9436,10024.170419107566
9437,10024.261397355585
9438,10025.230648841654
9439,10026.753125091678
9440,10026.881052079623
9441,10027.197609995805
9442,10028.853833402507
9443,10029.564493910437
9444,10030.089112728025
9445,10030.149719021021
9446,10035.503956361612
9447,10036.641003628612
9448,10036.883011518079
9449,10036.953481525206
9450,10039.650223799919
9451,10040.211803423175
9452,10040.398379121876
9453,10040.721162052803
9454,10043.485275951387
9455,10043.485275951391
9456,10046.153973585255
9457,10046.87236190214
9458,10046.934428179362
9459,10047.108976474095
9460,10051.441309047699
9461,10052.37154414494
9462,10052.580371989707
9463,10053.36337668365
9464,10054.93028477965
9465,10055.406264891013
9466,10056.833758056215
9467,10058.34070092519
9468,10058.445362562517
9469,10059.51218037025
9470,10060.198936631647
9471,10060.776770031816
9472,10060.776770031842
9473,10061.143027046575
9474,10061.557615244923
9475,10061.74439020703
9476,10061.847450732845
9477,10062.050129678282
9478,10064.351183627916
9479,10067.107388988501
9480,10067.632901360641
9481,10067.750685394716
9482,10069.234622803857
9483,10069.390966593352
9484,10070.318506004196
9485,10070.650982454243
9486,10071.908539326174
9487,10072.588017344
9488,10076.169501037413
9489,10077.293866308224
9490,10078.776898899059
9491,10079.246859600862
9492,10080.710591818619
9493,10082.043259410146
9494,10083.778760711033
9495,10085.430761895252
9496,10086.622017574628
9497,10086.622017574678
9498,10087.402466149026
9499,10090.0341517373
9500,10090.053842101575
9501,10090.093201760505
9502,10090.426296062478
9503,10090.919427023846
9504,10091.449067135831
9505,10092.091243259529
9506,10092.189357705349
9507,10094.444272809638
9508,10095.086145541904
9509,10097.0689967321
9510,10097.10920577598
9511,10097.157265686614
9512,10097.228966978373
9513,10098.554836865787
9514,10098.554836865802
9515,10098.749115068618
9516,10101.789759101219
9517,10102.033708042873
9518,10102.495363041229
9519,10103.957189287317
9520,10106.162668603038
9521,10107.203271371945
9522,10107.392176075024
9523,10110.76755463804
9524,10111.262267125752
9525,10111.448722671345
9526,10111.955795217371
9527,10113.478059719384
9528,10114.164847067048
9529,10118.044353504394
9530,10119.090458895447
9531,10119.98499274296
9532,10120.807337907576
9533,10121.32915965308
9534,10122.047715885388
9535,10122.193346318936
9536,10122.193346318967
9537,10122.34380379904
9538,10124.44619076808
9539,10127.716003908874
9540,10129.530310379298
9541,10130.534691578459
9542,10132.907680362478
9543,10132.907680362514
9544,10133.313588526653
9545,10133.52376781872
9546,10134.066157111709
9547,10136.566803776128
9548,10138.828531284853
9549,10139.036920495497
9550,10139.11270740697
9551,10139.687282117327
9552,10139.687282117406
9553,10141.132011856136
9554,10141.682860863142
9555,10141.991083878916
9556,10142.013835952939
9557,10143.420344266793
9558,10144.339552599358
9559,10146.758951421061
9560,10146.758951421145
9561,10146.994049221381
9562,10148.089454850609
9563,10148.09629715046
9564,10148.483006996668
9565,10148.984929392112
9566,10149.192870535293
9567,10150.033412229304
9568,10150.033412229315
9569,10154.882337315757
9570,10157.161607452656
9571,10157.6796777617
9572,10160.02784458421
9573,10160.334427736407
9574,10160.961492095119
9575,10161.893771444578
9576,10163.261345379487
9577,10164.211852778613
9578,10166.972735881456
9579,10166.972735881485
9580,10167.649352635422
9581,10167.650461642857
9582,10167.839037315272
9583,10168.049717484359
9584,10168.772508468885
9585,10169.137913073922
9586,10169.539136297677
9587,10170.012412066899
9588,10170.012412066906
9589,10171.067987598854
9590,10172.816612158704
9591,10175.569782562643
9592,10176.239439962699
9593,10179.343834408675
9594,10180.73426559865
9595,10181.146914021361
9596,10181.762051056287
9597,10182.037194511833
9598,10182.037194511879
9599,10182.424983891427
9600,10182.473098466133
9601,10185.49833021592
9602,10185.93561692137
9603,10186.05169447749
9604,10188.068577440328
9605,10188.774163417867
9606,10190.102664714364
9607,10191.23233791617
9608,10191.973250850393
9609,10193.21385129917
9610,10195.113022117921
9611,10195.862063952574
9612,10197.132864789102
9613,10197.92955960303
9614,10198.364792546388
9615,10198.774934680858
9616,10199.443014340221
9617,10199.585946169416
9618,10201.906135774756
9619,10202.331742316164
9620,10202.477923249218
9621,10202.864873324948
9622,10207.996148056487
9623,10210.784966564834
9624,10210.784966564835
9625,10211.770279847162
9626,10212.866651296876
9627,10213.012634479619
9628,10213.840418464088
9629,10214.265502443446
9630,10215.311277918334
9631,10216.071800435593
9632,10216.071800435639
9633,10216.106911372601
9634,10217.81504458408
9635,10218.58083433008
9636,10219.732487236861
9637,10219.75357333827
9638,10220.638013126729
9639,10221.447986527046
9640,10221.942666198347
9641,10222.085965148499
9642,10223.722712615525
9643,10224.438736431875
9644,10225.633421919894
9645,10228.43095572058
9646,10229.488971198825
9647,10230.053177695605
9648,10230.379262528621
9649,10230.626961596692
9650,10231.688686399199
9651,10232.975956125996
9652,10233.875370653621
9653,10234.075355162091
9654,10234.932907700881
9655,10235.38317499091
9656,10235.383174990955
9657,10235.93245460077
9658,10237.478846433816
9659,10238.816624688221
9660,10242.087513452438
9661,10245.135731543753
9662,10245.479505880014
9663,10245.54497239064
9664,10245.623108024241
9665,10245.623108024249
9666,10245.700552369675
9667,10246.328184429405
9668,10246.678439180181
9669,10246.741251183181
9670,10247.546901756456
9671,10247.877322856477
9672,10248.049181293103
9673,10248.654616475458
9674,10248.665841073822
9675,10248.842637454787
9676,10249.652607949336
9677,10249.696968472008
9678,10251.630864494038
9679,10252.768945856891
9680,10252.768945856913
9681,10256.218968665524
9682,10257.990533329117
9683,10258.495883782078
9684,10259.041941290196
9685,10262.500332322768
9686,10263.477752773673
9687,10263.655044187928
9688,10263.846703654992
9689,10264.824957929175
9690,10266.210074539891
9691,10266.536255093321
9692,10267.397836029993
9693,10267.691675250717
9694,10268.478876610918
9695,10270.844856020316
9696,10271.580881902541
9697,10273.525032494015
9698,10273.738333149084
9699,10273.738333149142
9700,10274.25060871289
9701,10274.535004600606
9702,10274.535004600612
9703,10275.075807173907
9704,10275.345667979604
9705,10279.159892507027
9706,10280.183567925729
9707,10282.377368107824
9708,10283.541013853483
9709,10284.462470437042
9710,10288.317611755145
9711,10289.412280788669
9712,10290.953648777999
9713,10291.211333151501
9714,10292.983864771575
9715,10293.824814273112
9716,10294.838324708255
9717,10295.247136947764
9718,10296.544510113723
9719,10297.065379864734
9720,10297.940841819533
9721,10300.224772437316
9722,10301.350632415169
9723,10302.021515482969
9724,10303.424794933748
9725,10303.522710481104
9726,10304.065301278782
9727,10304.736222725247
9728,10305.95589665427
9729,10306.196839025895
9730,10308.572827148597
9731,10309.379582635926
9732,10310.468385127473
9733,10313.42901890444
9734,10315.708139532349
9735,10317.52121833381
9736,10318.579534824938
9737,10318.830807315162
9738,10321.178382876938
9739,10321.827114843129
9740,10322.62749199314
9741,10323.592736437684
9742,10323.873641641829
9743,10324.301570253276
9744,10325.105035500408
9745,10325.205318964692
9746,10326.069849127558
9747,10327.04075408642
9748,10327.462923891931
9749,10328.074535955457
9750,10328.253864214812
9751,10328.253864214828
9752,10328.722851374241
9753,10328.866553820388
9754,10329.08452541619
9755,10329.573765462832
9756,10329.599663553467
9757,10329.599663553496
9758,10329.73491493831
9759,10334.152439562409
9760,10335.45040224374
9761,10336.06549297486
9762,10338.057223904534
9763,10338.913537117911
9764,10339.259106084159
9765,10340.186683505928
9766,10340.186683505935
9767,10340.586077618151
9768,10341.943454057566
9769,10342.608693106713
9770,10343.506594719054
9771,10344.226604528943
9772,10345.423516832734
9773,10346.54972674756
9774,10347.039964324147
9775,10350.149394638485
9776,10352.941114174295
9777,10353.018342270758
9778,10355.417542158966
9779,10356.723610767009
9780,10357.890432012418
9781,10359.080147213273
9782,10360.715633301399
9783,10361.89491773496
9784,10362.103663173455
9785,10362.902186119274
9786,10367.47280944842
9787,10369.980175821816
9788,10370.50611614546
9789,10371.635475690646
9790,10373.524711869091
9791,10373.870586041081
9792,10374.077383190628
9793,10374.077383190659
9794,10374.649063400131
9795,10375.453755912078
9796,10376.951292108086
9797,10378.224552440519
9798,10378.390192927374
9799,10378.905533626114
9800,10379.771234741338
9801,10382.526338187014
9802,10382.751027015787
9803,10383.460831223978
9804,10383.504459092886
9805,10383.631810858131
9806,10386.184308779146
9807,10386.281202735618
9808,10386.582037454873
9809,10386.932681154485
9810,10387.261720276292
9811,10390.318502919241
9812,10393.708770185047
9813,10393.869507811447
9814,10393.869507811456
9815,10398.642988292859
9816,10398.642988292859
9817,10399.973996405062
9818,10402.042147830556
9819,10403.322121982545
9820,10404.334821492665
9821,10404.675107156696
9822,10404.850421747949
9823,10405.574275377754
9824,10405.681711181473
9825,10406.029334455743
9826,10408.3686489432
9827,10408.60458252165
9828,10408.604582521659
9829,10408.907583562981
9830,10410.995239678175
9831,10410.995239678276
9832,10411.079288607605
9833,10411.33264156656
9834,10412.713234624091
9835,10412.84700848972
9836,10412.86904587855
9837,10413.506083463439
9838,10413.798909621131
9839,10415.117865288477
9840,10415.117865288499
9841,10416.288197437842
9842,10418.030298409778
9843,10418.490268329868
9844,10420.476032642227
9845,10421.314067702842
9846,10421.922927324162
9847,10423.700026887085
9848,10424.024632546079
9849,10424.694760649712
9850,10425.914295992907
9851,10428.507254102708
9852,10429.462662460674
9853,10429.694765232038
9854,10430.262006815017
9855,10431.111424439287
9856,10432.560712689816
9857,10432.927920517312
9858,10434.685645077194
9859,10436.281556678909
9860,10438.623288114093
9861,10438.83530558858
9862,10438.835305588593
9863,10439.492092131086
9864,10442.855419084024
9865,10443.068635433561
9866,10443.850746769122
9867,10445.290921253536
9868,10445.807503575948
9869,10448.657760157083
9870,10448.664252142466
9871,10449.328081830952
9872,10449.901285832639
9873,10450.071135647655
9874,10454.48165730063
9875,10456.230676596651
9876,10457.288375825692
9877,10457.467777682958
9878,10457.467777682959
9879,10457.703647075794
9880,10457.70364707583
9881,10461.223034542913
9882,10462.434483042642
9883,10462.943379140133
9884,10464.375157510813
9885,10466.8057827753
9886,10466.805782775351
9887,10468.064524099776
9888,10468.91872696996
9889,10469.167974140255
9890,10469.229807613443
9891,10469.902877495915
9892,10471.034223587332
9893,10472.336776031412
9894,10472.555507803649
9895,10472.727678104766
9896,10474.066610753691
9897,10474.510294969674
9898,10475.498247908672
9899,10477.888400390604
9900,10480.110888503625
9901,10480.536663645655
9902,10480.613847404553
9903,10482.282859079518
9904,10482.994204539722
9905,10485.739628038218
9906,10487.2549546644
9907,10487.254954664404
9908,10487.5171309546
9909,10487.751718335287
9910,10487.862615927113
9911,10488.991174400468
9912,10489.189783594016
9913,10489.28381170892
9914,10489.956816750497
9915,10491.539054862586
9916,10491.539054862593
9917,10491.687831247904
9918,10491.958390304068
9919,10492.282498752709
9920,10492.673991279966
9921,10493.665603439093
9922,10494.501326703878
9923,10495.412735546099
9924,10495.907287718714
9925,10498.195570145475
9926,10498.383559661259
9927,10500.092720162977
9928,10501.208351892325
9929,10502.243878119742
9930,10502.388440454051
9931,10503.755714354304
9932,10504.206068512571
9933,10504.206068512594
9934,10504.291279410374
9935,10504.477172941017
9936,10504.652982728625
9937,10504.65298272863
9938,10506.862910756407
9939,10508.168020088942
9940,10509.663277006894
9941,10510.402110422016
9942,10511.338663690578
9943,10512.025182694177
9944,10512.891100078008
9945,10515.176462022473
9946,10517.412677835835
9947,10518.613131360504
9948,10520.687183146008
9949,10523.297507892732
9950,10523.494601309165
9951,10523.499814677165
9952,10530.072774219187
9953,10531.393478360851
9954,10531.946096025516
9955,10532.270318525321
9956,10532.392133267853
9957,10534.087416805851
9958,10535.496832049537
9959,10535.496832049568
9960,10538.66783211455
9961,10538.770705086543
9962,10539.853329965579
9963,10541.69497586105
9964,10541.817571396332
9965,10542.550323467747
9966,10543.358773834147
9967,10543.544542441361
9968,10544.670486102765
9969,10545.406982919054
9970,10547.713445901305
9971,10548.362006499872
9972,10550.167031789761
9973,10550.187067985409
9974,10550.415944446071
9975,10551.812332338401
9976,10551.96452721172
9977,10553.98259660769
9978,10555.213448874803
9979,10555.805510894244
9980,10558.506921412507
9981,10558.506921412531
9982,10558.633317808042
9983,10558.96644674366
9984,10560.895544091532
9985,10566.507211463631
9986,10566.574344543877
9987,10569.252099289279
9988,10570.048309352947
9989,10570.168245273577
9990,10570.311965794675
9991,10571.702543147851
9992,10572.49447178214
9993,10573.748799658239
9994,10573.758829935192
9995,10574.392154432679
9996,10576.648205196931
9997,10576.705590000922
9998,10577.419807943088
9999,10577.789915979469
10000,10577.858922638175
10001,10577.907719750985
10002,10580.074756192691
10003,10581.226965975675
10004,10583.12129842425
10005,10583.187709845124
10006,10583.998980607483
10007,10584.559746341043
10008,10584.940985050926
10009,10585.907897411749
10010,10585.979268847434
10011,10588.128105231688
10012,10589.15343674484
10013,10590.393784374837
10014,10592.070720377615
10015,10592.070720377675
10016,10595.054621847454
10017,10596.579321304946
10018,10598.005870548981
10019,10598.306738950896
10020,10600.278581049131
10021,10603.12224604842
10022,10603.594597399657
10023,10603.758941793512
10024,10604.763446865529
10025,10605.030246724566
10026,10605.030246724649
10027,10605.04450185844
10028,10608.323158852188
10029,10610.887995823303
10030,10611.027249795301
10031,10612.455595151896
10032,10612.642377428865
10033,10613.181729849515
10034,10614.242134689581
10035,10614.633342383629
10036,10615.709229830845
10037,10615.709229830863
10038,10616.509573952744
10039,10617.857314671204
10040,10619.207039813806
10041,10621.615162819424
10042,10622.23676033363
10043,10623.026292633132
10044,10624.058236785691
10045,10625.067902470999
10046,10625.236386453233
10047,10625.387351649662
10048,10627.043412853558
10049,10629.215836349267
10050,10629.472139452902
10051,10629.547049344772
10052,10633.375092183602
10053,10635.809534664935
10054,10636.798718204353
10055,10637.171133045837
10056,10637.595357266951
10057,10640.288261078245
10058,10642.153613491091
10059,10642.828820272583
10060,10644.335882869751
10061,10645.376980752897
10062,10645.746521264555
10063,10650.366878912035
10064,10653.460230680743
10065,10653.844517834397
10066,10653.941032185976
10067,10654.305297026975
10068,10654.750060124534
10069,10654.943086164918
10070,10655.968859954721
10071,10656.763964218275
10072,10659.461336769016
10073,10659.604815741783
10074,10659.60481574179
10075,10660.488619393365
10076,10660.488619393414
10077,10660.553012729539
10078,10662.692401333115
10079,10662.692401333146
10080,10662.879276549917
10081,10662.87927654998
10082,10663.83384347209
10083,10664.368587004446
10084,10665.216044413864
10085,10666.598838124652
10086,10666.83439616471
10087,10669.112348025819
10088,10670.788362931893
10089,10671.529395247238
10090,10672.402177959348
10091,10672.829673573693
10092,10673.606597003332
10093,10673.809106867546
10094,10677.020989814946
10095,10677.431669249658
10096,10677.909787084822
10097,10678.763975733555
10098,10680.352813032297
10099,10681.181631458074
10100,10686.951390587059
10101,10687.470615013721
10102,10689.061463504553
10103,10689.123520475385
10104,10689.302562519502
10105,10691.887636537236
10106,10692.139056506172
10107,10692.326746019351
10108,10692.965771553121
10109,10693.568938056666
10110,10694.413540105677
10111,10695.003335907129
10112,10695.104044345269
10113,10695.871953586277
10114,10695.871953586347
10115,10695.942538449473
10116,10697.060378520939
10117,10699.667933320883
10118,10699.797133037493
10119,10699.79713303762
10120,10700.916790972435
10121,10702.0062404493
10122,10703.493462142573
10123,10703.883303130709
10124,10705.500383043316
10125,10708.156319175623
10126,10709.587683947544
10127,10709.587683947557
10128,10710.514290905276
10129,10712.278086601744
10130,10712.630324444319
10131,10712.902902059421
10132,10715.971046644416
10133,10718.667993598059
10134,10719.930718617072
10135,10720.933103783806
10136,10721.802456969463
10137,10722.559192940758
10138,10723.243603089428
10139,10723.634103581498
10140,10724.178044724553
10141,10725.779144482764
10142,10726.29067120459
10143,10726.290671204613
10144,10727.337761742143
10145,10728.32211806902
10146,10729.759281371877
10147,10730.375447037977
10148,10732.905881981969
10149,10733.208849059449
10150,10735.217044264913
10151,10736.208536279677
10152,10737.295097045706
10153,10738.094678996991
10154,10739.138991536147
10155,10739.138991536165
10156,10739.535616565547
10157,10739.848245402467
10158,10740.078675216919
10159,10740.482670173496
10160,10742.195103384596
10161,10742.23636594633
10162,10742.236365946437
10163,10742.387767174392
10164,10746.204320495513
10165,10746.943750687449
10166,10747.290993714056
10167,10747.559871073065
10168,10747.852087728044
10169,10749.677851118015
10170,10750.222446498165
10171,10754.306538403871
10172,10754.629991956986
10173,10754.847866873841
10174,10755.960495053128
10175,10757.032784726092
10176,10757.683687412986
10177,10759.227335823514
10178,10763.147200815158
10179,10763.181629004564
10180,10763.857768603113
10181,10764.908565223015
10182,10765.614810177522
10183,10765.614810177545
10184,10766.691517846906
10185,10767.163697143387
10186,10767.537674416164
10187,10769.008500291866
10188,10769.119505151573
10189,10771.579269853755
10190,10772.697166134649
10191,10775.569366881591
10192,10775.709277228962
10193,10776.307643126047
10194,10776.307643126065
10195,10777.182477340275
10196,10778.344015549588
10197,10779.636651683673
10198,10779.636651683688
10199,10780.572870914933
10200,10780.968186296026
10201,10781.777665945367
10202,10783.399959327688
10203,10784.638521356981
10204,10784.724821977274
10205,10786.495242599922
10206,10786.693396640347
10207,10789.40970396452
10208,10789.970016592591
10209,10790.754128709683
10210,10791.717193076756
10211,10793.828504831868
10212,10795.04412111917
10213,10796.036159123483
10214,10797.847392088466
10215,10799.705894333758
10216,10802.782093102094
10217,10804.312181661111
10218,10804.319725571255
10219,10804.319725571269
10220,10806.281187279519
10221,10808.4217743142
10222,10808.927868353794
10223,10812.90053336022
10224,10814.052355982501
10225,10814.560294662973
10226,10817.568688875079
10227,10819.082102558694
10228,10819.872451072326
10229,10820.097313883029
10230,10820.48700280167
10231,10820.881911027658
10232,10821.054762673461
10233,10821.506611965986
10234,10822.382812373262
10235,10825.125289857295
10236,10825.315086378434
10237,10825.72753570388
10238,10827.439641210285
10239,10828.240743465516
10240,10830.432782738853
10241,10830.433902548948
10242,10830.990704562362
10243,10833.129085031087
10244,10834.052055446244
10245,10834.909347032717
10246,10836.114722650735
10247,10837.821802958866
10248,10838.928222945413
10249,10839.559482234614
10250,10839.68485267243
10251,10840.378403139834
10252,10842.554745668282
10253,10843.291086731346
10254,10843.428103922895
10255,10845.962287028537
10256,10845.9622870286
10257,10847.164293627484
10258,10847.263294525583
10259,10847.637284146182
10260,10850.191703244858
10261,10853.021302701554
10262,10853.032547826537
10263,10853.032547826575
10264,10853.625365284359
10265,10854.12951916947
10266,10855.105572474789
10267,10856.544268076621
10268,10857.687085865613
10269,10860.211347328635
10270,10861.106266415067
10271,10863.208336006383
10272,10864.141274305302
10273,10865.266126531167
10274,10865.803919058697
10275,10867.091641693785
10276,10868.717594611408
10277,10870.026428550227
10278,10870.318249977578
10279,10872.53953564901
10280,10874.282092908299
10281,10875.340441888458
10282,10875.844856434394
10283,10877.692283816112
10284,10878.321167118474
10285,10880.168177476684
10286,10881.653307030609
10287,10882.160808078133
10288,10883.36616275487
10289,10883.612614978183
10290,10883.994057770649
10291,10885.342174322997
10292,10885.784335022345
10293,10885.784335022397
10294,10886.415598582489
10295,10890.238050907934
10296,10890.879259753639
10297,10890.940238549707
10298,10892.82395442387
10299,10894.498043378355
10300,10896.593764546906
10301,10898.514429896057
10302,10898.816368198686
10303,10899.844659470784
10304,10900.585679538015
10305,10900.830944962127
10306,10901.344553775776
10307,10901.957776537594
10308,10904.015534460419
10309,10904.511123190105
10310,10904.51112319011
10311,10906.808313314561
10312,10907.479785547644
10313,10910.707812639019
10314,10911.137167921532
10315,10911.387380821781
10316,10912.095965307501
10317,10912.496848348901
10318,10913.139227810219
10319,10913.273636542539
10320,10913.390929476924
10321,10915.886525647402
10322,10916.259309527513
10323,10921.450446842242
10324,10921.450446842249
10325,10925.305817100116
10326,10926.159565830694
10327,10927.915390981327
10328,10928.146445783959
10329,10928.427709263433
10330,10928.427709263453
10331,10929.376977013897
10332,10930.410140316118
10333,10932.392713423373
10334,10933.034469472354
10335,10934.729411060618
10336,10935.979610797562
10337,10937.53799622013
10338,10938.122984504225
10339,10938.12298450426
10340,10938.736974070231
10341,10939.623255255736
10342,10940.845325620543
10343,10941.511851469229
10344,10941.78512217525
10345,10942.475765523923
10346,10943.325231714996
10347,10943.504059125595
10348,10943.804221770444
10349,10944.068060532914
10350,10947.701330391981
10351,10949.852568554181
10352,10950.228119754103
10353,10951.681169909249
10354,10951.68116990928
10355,10954.546399229799
10356,10955.02618109218
10357,10955.928526910184
10358,10957.745242351586
10359,10959.316108347637
10360,10962.028764662751
10361,10962.487027758949
10362,10962.888017314928
10363,10964.052655436619
10364,10964.084168422536
10365,10964.75720426059
10366,10966.136157390431
10367,10970.403714799108
10368,10970.549511396473
10369,10970.549511396506
10370,10971.376352164501
10371,10974.224326251257
10372,10974.346698068577
10373,10976.146512707997
10374,10976.271014654296
10375,10977.427622929865
10376,10978.444367910719
10377,10979.068968528629
10378,10979.248698943449
10379,10979.392614654058
10380,10979.857703823687
10381,10980.640541849687
10382,10980.640541849705
10383,10981.45322298369
10384,10982.288178639525
10385,10982.70778493849
10386,10985.065383699599
10387,10985.741649428628
10388,10985.782221553145
10389,10986.386746460386
10390,10987.252498653501
10391,10987.252498653526
10392,10988.881773250496
10393,10991.471351200555
10394,10994.101158307192
10395,10994.933022817568
10396,10997.062917503044
10397,10997.521244373998
10398,10998.130210897452
10399,10998.687487734305
10400,11000.100818985051
10401,11000.100818985089
10402,11000.544126577332
10403,11000.777184686165
10404,11001.022997589382
10405,11002.125011515929
10406,11003.759224981091
10407,11005.212016246136
10408,11006.355581556923
10409,11007.264031773451
10410,11007.290594501852
10411,11011.053545180725
10412,11011.05925946804
10413,11011.059259468057
10414,11011.587635637759
10415,11012.119334825595
10416,11012.971236347161
10417,11016.174060067318
10418,11016.62644698363
10419,11017.293686069659
10420,11019.373724415442
10421,11021.257157382015
10422,11021.91624645125
10423,11022.990454244089
10424,11022.990454244171
10425,11023.072186543053
10426,11024.612936499108
10427,11024.619053350843
10428,11025.424005713341
10429,11028.552446284839
10430,11033.338272950172
10431,11033.546960406053
10432,11034.437703699221
10433,11034.437703699225
10434,11035.091771929241
10435,11036.673322499686
10436,11037.702908334479
10437,11038.714282691333
10438,11038.745133395174
10439,11038.786975973919
10440,11043.196946786607
10441,11043.661904145652
10442,11044.424718908724
10443,11045.333662669738
10444,11049.357194638942
10445,11050.725708691156
10446,11051.905596139755
10447,11052.507847309447
10448,11053.853955924969
10449,11054.17325891146
10450,11056.496632826023
10451,11056.642907453706
10452,11058.656130031219
10453,11058.874767532361
10454,11060.160701498962
10455,11060.390739981447
10456,11060.390739981467
10457,11060.686059098532
10458,11061.80717009217
10459,11062.985873472588
10460,11063.763008742068
10461,11063.763008742151
10462,11064.030950956605
10463,11066.83908550327
10464,11068.222212042427
10465,11070.964203493175
10466,11071.045462249658
10467,11071.632680365985
10468,11072.967552071173
10469,11073.628990215766
10470,11074.997119470512
10471,11076.095456255904
10472,11078.573556966852
10473,11079.750308742307
10474,11079.750308742343
10475,11083.531841739503
10476,11086.793138396324
10477,11086.94242870058
10478,11087.795907242455
10479,11088.292217280516
10480,11089.085143258446
10481,11091.536838621107
10482,11091.597303037752
10483,11092.000995063199
10484,11092.760802996852
10485,11094.364229567347
10486,11095.742788668125
10487,11096.41547056739
10488,11097.517446973392
10489,11099.299822979103
10490,11100.161388551616
10491,11101.023554989466
10492,11102.145597040953
10493,11102.795907640753
10494,11103.388372899099
10495,11103.908813868884
10496,11107.893754298251
10497,11111.11583956848
10498,11111.376550637333
10499,11112.853849433095
10500,11113.509709720631
10501,11115.525524143446
10502,11116.247451955775
10503,11117.836401652496
10504,11117.84106477402
10505,11118.312186487141
10506,11118.562053896845
10507,11121.855441348231
10508,11121.855441348325
10509,11122.527789825939
10510,11122.582667454277
10511,11122.758803283952
10512,11124.864616533547
10513,11125.17321549418
10514,11127.747259584763
10515,11128.957100977026
10516,11128.978921225027
10517,11129.898661989399
10518,11130.972089988885
10519,11134.690742303379
10520,11134.764180387843
10521,11134.764180387941
10522,11136.199147003577
10523,11138.721150490133
10524,11138.837008110428
10525,11139.077962236202
10526,11139.658314113067
10527,11140.46341927309
10528,11142.73938517362
10529,11145.517699503396
10530,11147.315892283121
10531,11148.810481925824
10532,11150.17614094521
10533,11150.289747739476
10534,11151.200201715077
10535,11154.660417739493
10536,11155.224673990042
10537,11155.882026940868
10538,11156.888768556237
10539,11157.813610063529
10540,11158.601241850281
10541,11158.615892638323
10542,11160.425113008809
10543,11160.845275310345
10544,11161.307485060292
10545,11161.408099843326
10546,11163.723020434983
10547,11169.609654029558
10548,11169.711311130161
10549,11170.385936797682
10550,11170.552923285739
10551,11170.552923285788
10552,11170.812962921014
10553,11171.386934342332
10554,11173.672923468454
10555,11175.464806078317
10556,11178.492589905369
10557,11178.536203527141
10558,11178.611182345092
10559,11179.03031830673
10560,11179.785090823676
10561,11180.416322798836
10562,11180.706766277235
10563,11181.151751257819
10564,11183.572118413804
10565,11187.087353982226
10566,11188.875055643641
10567,11189.955567379548
10568,11190.273340363958
10569,11190.27334036396
10570,11190.687968116776
10571,11193.148219907764
10572,11193.313016549429
10573,11193.313016549453
10574,11194.128620460388
10575,11197.466726632505
10576,11197.71287580687
10577,11198.967272190815
10578,11199.630278318155
10579,11200.389686088231
10580,11200.787277781681
10581,11203.858292434539
10582,11203.858292434614
10583,11207.624047391522
10584,11207.6499953661
10585,11207.780251739594
10586,11208.070868134117
10587,11209.731790820812
10588,11210.781367891888
10589,11213.099925888044
10590,11214.735539484587
10591,11215.418595237537
10592,11216.211860365102
10593,11217.119883893518
10594,11217.190318900695
10595,11217.78840214467
10596,11218.877072801986
10597,11218.877072802052
10598,11223.088479127657
10599,11223.183150519022
10600,11224.24795765381
10601,11226.810604206039
10602,11227.577489003359
10603,11228.087518092247
10604,11229.935310333116
10605,11230.00359396424
10606,11232.325442352409
10607,11232.656333428193
10608,11233.67844693712
10609,11236.460042797111
10610,11237.857574746709
10611,11238.021391335589
10612,11239.136535525246
10613,11239.136535525329
10614,11239.372404918149
10615,11239.372404918173
10616,11242.011496701516
10617,11243.579189645454
10618,11245.384207634603
10619,11245.741820927657
10620,11245.837064478848
10621,11247.695645905731
10622,11251.400345226919
10623,11251.41224869586
10624,11252.010526099544
10625,11252.768250134477
10626,11253.54558342583
10627,11254.849449890295
10628,11254.927530327273
10629,11255.905671909641
10630,11256.151456352629
10631,11259.977585360839
10632,11260.619452883795
10633,11260.948477309877
10634,11261.501555146822
10635,11266.550265205133
10636,11266.94943215547
10637,11266.972485920494
10638,11267.912175068441
10639,11268.095907465717
10640,11268.095907465757
10641,11268.923712506748
10642,11268.923712506763
10643,11269.427053465195
10644,11269.867898638164
10645,11270.185530469153
10646,11270.761731341985
10647,11271.20759395974
10648,11271.237231461022
10649,11272.021086916975
10650,11272.021086917017
10651,11272.289676098051
10652,11273.615582974258
10653,11274.083447417526
10654,11274.832275495479
10655,11275.479528317892
10656,11277.767609690965
10657,11278.272575372201
10658,11278.277976605192
10659,11282.92291698195
10660,11284.678476322808
10661,11285.391527304031
10662,11287.734949126843
10663,11291.554957470806
10664,11291.813347765819
10665,11291.813347765868
10666,11292.248805176858
10667,11292.824185257899
10668,11293.191709883398
10669,11295.750783304067
10670,11298.295839006749
10671,11298.421037415199
10672,11301.915686259204
10673,11303.10162338149
10674,11303.409132085486
10675,11304.422925218722
10676,11305.247928040064
10677,11305.343557377302
10678,11307.122220256409
10679,11309.868286870305
10680,11309.868286870354
10681,11310.49311622035
10682,11310.830444007895
10683,11312.494635206513
10684,11313.45068568621
10685,11315.532611928049
10686,11317.260719245221
10687,11317.268095771482
10688,11319.907535529239
10689,11322.255032107327
10690,11323.263493216249
10691,11323.891918467059
10692,11326.148603330421
10693,11329.681233381119
10694,11329.85275390258
10695,11330.277405024153
10696,11330.340823375216
10697,11331.700116108526
10698,11332.99767415773
10699,11333.715021658742
10700,11333.801898050411
10701,11335.311317996402
10702,11337.592769595063
10703,11338.768686090349
10704,11339.773949901795
10705,11341.942838281817
10706,11342.959770096828
10707,11343.013649622968
10708,11345.159328244852
10709,11345.159328244859
10710,11346.735701522062
10711,11347.165386512268
10712,11351.225441486866
10713,11352.564902101354
10714,11352.56490210138
10715,11353.610249401043
10716,11355.315872904854
10717,11355.716948902598
10718,11359.087087386382
10719,11359.979175928727
10720,11360.299922937618
10721,11360.318983787609
10722,11360.504397040122
10723,11360.504397040171
10724,11362.180463778688
10725,11362.498609212722
10726,11363.58904649205
10727,11363.931825236927
10728,11366.385264190625
10729,11366.639698020397
10730,11367.024233705704
10731,11368.55125711139
10732,11371.993298375468
10733,11373.801470107341
10734,11373.921886597851
10735,11374.584640188721
10736,11374.721445426032
10737,11375.23190955266
10738,11378.330162098648
10739,11379.025289197325
10740,11379.98602855335
10741,11380.908422932373
10742,11385.575790056389
10743,11386.324294820974
10744,11387.202589461989
10745,11389.655941416975
10746,11392.561237051761
10747,11394.275898663498
10748,11395.68749437652
10749,11396.161403813314
10750,11397.286024519359
10751,11397.286024519361
10752,11397.999234085557
10753,11398.656207355509
10754,11399.503952818528
10755,11400.417048701031
10756,11401.266787694774
10757,11401.7704983535
10758,11401.862653334676
10759,11403.412693998764
10760,11407.489418192377
10761,11409.233453131068
10762,11409.445885673584
10763,11410.215113703627
10764,11411.5179038234
10765,11412.799749025606
10766,11412.891824260592
10767,11415.276141375974
10768,11415.556984055291
10769,11415.952828127871
10770,11418.063712993502
10771,11420.437240894847
10772,11420.67224479982
10773,11421.096587941091
10774,11423.048934799923
10775,11423.566073747079
10776,11423.566073747121
10777,11423.582385974842
10778,11424.250987462343
10779,11429.99549931482
10780,11431.51398347561
10781,11433.818208791921
10782,11433.870338591702
10783,11436.183514309869
10784,11436.586077682719
10785,11437.035741539579
10786,11437.194483652756
10787,11438.877653883119
10788,11442.892725413312
10789,11443.406463242281
10790,11443.561329279841
10791,11444.750762294607
10792,11444.847026726256
10793,11445.980092221358
10794,11446.960542751047
10795,11447.540217153124
10796,11449.650793089259
10797,11452.051306684045
10798,11452.082713854132
10799,11453.305006992454
10800,11453.641181024585
10801,11454.702230058734
10802,11457.637243579884
10803,11457.704745414376
10804,11458.008288901787
10805,11458.008288901801
10806,11459.081614662264
10807,11460.583056232625
10808,11460.987177403038
10809,11464.381747865407
10810,11465.703923535102
10811,11465.703923535109
10812,11466.755456294299
10813,11468.5325575184
10814,11470.047614775012
10815,11471.998934568011
10816,11472.738572963763
10817,11473.840985910918
10818,11474.118339321616
10819,11476.752423111453
10820,11477.393995587337
10821,11478.893659661675
10822,11480.768382165388
10823,11480.768382165455
10824,11482.46495642487
10825,11483.554633375546
10826,11483.816316435221
10827,11484.612380732297
10828,11484.612380732329
10829,11485.638046994827
10830,11485.849511613105
10831,11485.867441149698
10832,11487.546828028899
10833,11488.591046367377
10834,11489.426473968237
10835,11489.814067925521
10836,11490.196984895969
10837,11491.223482653268
10838,11500.243609409983
10839,11501.184783445869
10840,11501.867394820261
10841,11502.145303268384
10842,11503.645661065373
10843,11503.645661065395
10844,11504.700435551342
10845,11505.776630027394
10846,11506.281118811761
10847,11507.325882742884
10848,11508.778468350176
10849,11510.042249254577
10850,11510.152913064403
10851,11513.90759168847
10852,11514.802988089252
10853,11514.802988089259
10854,11515.462435015204
10855,11516.64596711161
10856,11517.080382934962
10857,11518.701094898375
10858,11519.142916021709
10859,11519.620192351382
10860,11521.767783609332
10861,11523.905123788651
10862,11523.905123788769
10863,11523.951016119907
10864,11525.092604459307
10865,11526.682889225183
10866,11527.486877218262
10867,11528.350722041589
10868,11529.054827670558
10869,11530.770656391933
10870,11530.971759825141
10871,11536.339587980916
10872,11537.613188466188
10873,11537.721177193858
10874,11539.21447442454
10875,11540.266356235164
10876,11542.531922652321
10877,11543.981748597522
10878,11544.354295677798
10879,11544.354295677833
10880,11545.027376741195
10881,11546.437448907571
10882,11546.482217975212
10883,11546.764907946555
10884,11547.935453937322
10885,11548.294262019101
10886,11548.46839829996
10887,11549.168216351329
10888,11552.775175214727
10889,11552.775175214771
10890,11553.436302366026
10891,11553.813819505836
10892,11554.702527320629
10893,11554.89669309992
10894,11554.93926640161
10895,11555.119333464072
10896,11555.719202921793
10897,11556.771381557313
10898,11556.897800824992
10899,11556.897800825025
10900,11557.927556567542
10901,11559.592384018715
10902,11560.989036773681
10903,11562.912234269099
10904,11564.569462170795
10905,11567.243930936918
10906,11567.243930936989
10907,11571.278824280917
10908,11571.567880604489
10909,11571.746579286477
10910,11572.842131449757
10911,11574.308597695092
10912,11576.119103558825
10913,11577.251298682751
10914,11581.602423146633
10915,11581.711978807945
10916,11583.629538491554
10917,11586.498438143497
10918,11588.138547614821
10919,11588.582308938527
10920,11589.210831649783
10921,11589.991994291397
10922,11590.622375168095
10923,11590.622375168179
10924,11591.178601456884
10925,11593.358560039898
10926,11594.323461817154
10927,11594.358743568549
10928,11596.81867868878
10929,11599.988127174924
10930,11600.529999596891
10931,11601.434986503782
10932,11602.892638798987
10933,11603.440665440976
10934,11606.634295650001
10935,11607.159800757338
10936,11607.850691252119
10937,11608.059034807187
10938,11609.01206389013
10939,11610.58100071499
10940,11614.569537441592
10941,11616.789629167321
10942,11617.939664807107
10943,11618.351512505071
10944,11619.51169574427
10945,11619.522240923523
10946,11620.681858753838
10947,11624.585023969703
10948,11624.693078835917
10949,11625.061181498399
10950,11628.654081840545
10951,11632.614693860911
10952,11632.614693860949
10953,11632.890248713515
10954,11633.997003070097
10955,11635.573901643416
10956,11636.70859685828
10957,11637.076894945165
10958,11637.693916295098
10959,11637.862817049358
10960,11640.33407525714
10961,11641.366795460608
10962,11641.36679546061
10963,11641.394615958501
10964,11643.202475951794
10965,11643.233577067898
10966,11645.053850846634
10967,11645.272985303498
10968,11645.272985303547
10969,11645.613998046269
10970,11647.864189336073
10971,11650.186225847807
10972,11650.963019565497
10973,11651.354439550782
10974,11652.944947637203
10975,11653.278950820917
10976,11653.574955255424
10977,11654.021676315853
10978,11658.172896774044
10979,11659.873002514019
10980,11661.607825536361
10981,11662.354250602622
10982,11663.784256716903
10983,11667.265725742112
10984,11668.524262556308
10985,11670.150823809237
10986,11672.519290688795
10987,11674.517961624322
10988,11675.067408080158
10989,11675.435311251211
10990,11678.04011281718
10991,11678.040112817205
10992,11678.256043745407
10993,11679.097404734239
10994,11680.744514699309
10995,11681.501494664895
10996,11681.661827084676
10997,11682.604692059273
10998,11686.581497666713
10999,11686.588885274534
11000,11686.735705607513
11001,11686.934296732234
11002,11689.383566186987
11003,11691.081816740912
11004,11692.407708959363
11005,11696.334529737251
11006,11696.912140865195
11007,11697.00821075471
11008,11698.650939073912
11009,11700.516868565386
11010,11701.914240749573
11011,11702.026502680174
11012,11702.533532423742
11013,11702.807576014115
11014,11704.740852350289
11015,11707.218458009642
11016,11707.989094686895
11017,11710.244869039629
11018,11711.021439363154
11019,11711.021439363189
11020,11711.060614032031
11021,11713.829791540631
11022,11716.050051291111
11023,11716.82712225571
11024,11717.39321452205
11025,11717.907845319134
11026,11719.444400205341
11027,11719.974140600871
11028,11720.73387925803
11029,11725.138852164475
11030,11725.810335825685
11031,11729.456841363317
11032,11730.596944414712
11033,11730.814082394227
11034,11731.146653507347
11035,11731.23330088725
11036,11731.420983534399
11037,11732.095150603738
11038,11732.988918447993
11039,11733.264941444048
11040,11735.497208305085
11041,11738.083140644731
11042,11741.953341770002
11043,11744.114367180307
11044,11745.182660096505
11045,11745.304250530193
11046,11746.458011832825
11047,11746.45801183287
11048,11746.704787503701
11049,11746.810182261062
11050,11746.81018226109
11051,11747.89940250524
11052,11752.044786875993
11053,11753.719092709907
11054,11754.143770632856
11055,11754.577879802009
11056,11755.008173603193
11057,11756.602662964266
11058,11757.624252910153
11059,11758.035947812632
11060,11758.275230400788
11061,11759.997926482236
11062,11763.836935548688
11063,11763.984256801785
11064,11765.536970428833
11065,11765.536970428906
11066,11767.086427975957
11067,11767.879122891269
11068,11768.795507080704
11069,11769.38096899578
11070,11769.380968995811
11071,11770.131767932342
11072,11771.251749662644
11073,11772.2339869026
11074,11773.088153181625
11075,11773.159368851373
11076,11778.016042512414
11077,11784.015826244062
11078,11785.285094573272
11079,11786.610611838516
11080,11786.762233576326
11081,11787.885271676816
11082,11788.770194333041
11083,11790.070685097116
11084,11791.101026681466
11085,11791.101026681499
11086,11791.620550564216
11087,11791.747517838041
11088,11792.709097051011
11089,11792.752899683193
11090,11795.32815270665
11091,11795.557076386996
11092,11795.557076387038
11093,11798.852196849642
11094,11799.776976556726
11095,11800.436754567969
11096,11800.828275866745
11097,11803.376671617467
11098,11804.335295086123
11099,11804.659212086477
11100,11804.65921208655
11101,11805.495620337822
11102,11805.983713200083
11103,11809.010811445416
11104,11810.273912059774
11105,11811.692568410712
11106,11811.918166713618
11107,11812.723975827141
11108,11817.986961993151
11109,11821.222883436221
11110,11822.35988140464
11111,11823.752574517543
11112,11825.108383975616
11113,11825.108383975617
11114,11825.259752712847
11115,11826.280554184021
11116,11826.493554224895
11117,11826.673964633295
11118,11827.647407749664
11119,11827.888094077796
11120,11828.205758385828
11121,11828.205758385879
11122,11828.692218759261
11123,11829.067783231316
11124,11832.074615093406
11125,11832.225899402327
11126,11834.644417048232
11127,11835.643587271317
11128,11836.026700814627
11129,11836.066824458583
11130,11838.864015031906
11131,11839.359005718079
11132,11839.471293639604
11133,11840.442164755203
11134,11840.632574918953
11135,11842.297413970025
11136,11843.303748803328
11137,11843.390409209334
11138,11844.645539173949
11139,11845.699694184314
11140,11845.699694184386
11141,11845.873695323491
11142,11849.458477650795
11143,11851.407434178658
11144,11854.546402442946
11145,11856.265992578323
11146,11856.614263602685
11147,11857.836929480971
11148,11861.09067763432
11149,11861.631196471964
11150,11864.622270026675
11151,11865.028375403765
11152,11866.288905894842
11153,11866.801579328307
11154,11867.48886972591
11155,11868.868297460866
11156,11869.709104348925
11157,11872.569837991896
11158,11872.802753498752
11159,11873.14626129498
11160,11875.390963431541
11161,11875.390963431601
11162,11877.293909472253
11163,11878.352998876742
11164,11879.88079880103
11165,11880.249949720412
11166,11884.935182612657
11167,11885.120310670683
11168,11886.637196500835
11169,11887.161189033826
11170,11888.696233820214
11171,11890.57198556708
11172,11892.122920397454
11173,11893.197819913968
11174,11893.756267894225
11175,11895.88901020692
11176,11898.570515061238
11177,11902.163686948148
11178,11902.831626071713
11179,11904.410036426805
11180,11904.733815251713
11181,11905.340092320872
11182,11905.362619235153
11183,11905.43020644707
11184,11906.252628034204
11185,11906.676362676311
11186,11911.638910857222
11187,11912.973683721406
11188,11915.272022757514
11189,11916.305749152847
11190,11919.24289237105
11191,11919.957349998749
11192,11920.180114699633
11193,11921.416587220123
11194,11921.41658722019
11195,11921.994532988005
11196,11922.942955270761
11197,11926.270688447772
11198,11928.822161076589
11199,11928.822161076654
11200,11929.17006552378
11201,11930.468771340678
11202,11930.882187384643
11203,11931.377458763738
11204,11932.136463596489
11205,11932.728350919564
11206,11932.728350919582
11207,11933.722945924959
11208,11935.838356779943
11209,11937.514590711009
11210,11937.643509747904
11211,11937.644024735793
11212,11939.750770131111
11213,11940.856286642695
11214,11942.419761515104
11215,11944.089643392297
11216,11946.307511566078
11217,11949.391831685807
11218,11950.619017964416
11219,11952.387560753281
11220,11953.987413048382
11221,11955.409958021533
11222,11957.897573146536
11223,11960.0915255605
11224,11960.649193279769
11225,11961.82964265046
11226,11962.481536283503
11227,11962.784447980783
11228,11962.808701080483
11229,11962.808701080528
11230,11967.706214988799
11231,11968.74307954532
11232,11969.719205490181
11233,11970.235275018191
11234,11970.277306190581
11235,11975.660608623113
11236,11976.010641885832
11237,11976.549890758815
11238,11977.773611468423
11239,11978.821375093903
11240,11981.316018859552
11241,11981.448856082288
11242,11983.528329868335
11243,11984.22446438794
11244,11985.134421912409
11245,11986.317461155075
11246,11986.317993032257
11247,11987.616550958026
11248,11988.018292289058
11249,11988.387507794087
11250,11991.451420187257
11251,11995.328684477725
11252,11995.730517412589
11253,11995.790027626545
11254,11995.790027626595
11255,11996.594332358223
11256,11997.833862960204
11257,11997.995434843515
11258,12003.263660979159
11259,12003.789194563806
11260,12005.378907534088
11261,12005.615944178086
11262,12008.795572888104
11263,12009.258135712493
11264,12013.67282029916
11265,12014.823764657825
11266,12015.235668981262
11267,12015.634604460964
11268,12017.1029699225
11269,12017.296241195818
11270,12017.662053790418
11271,12018.562995325839
11272,12018.903216378148
11273,12019.544567822662
11274,12020.721049793017
11275,12021.590513572515
11276,12022.121399166586
11277,12025.332783834179
11278,12031.226600096274
11279,12031.226600096275
11280,12031.983629472319
11281,12032.817244794625
11282,12033.579010270898
11283,12035.612075620391
11284,12035.612075620422
11285,12035.900308310545
11286,12036.283320047965
11287,12039.229688779275
11288,12040.011693344672
11289,12040.022206533506
11290,12041.744459448411
11291,12042.142461320596
11292,12044.792832359468
11293,12045.135152181434
11294,12046.291058726632
11295,12046.291058726651
11296,12047.170253108294
11297,12048.956099356199
11298,12049.077089884971
11299,12051.970037488329
11300,12053.537055493254
11301,12054.003201198921
11302,12055.09365481743
11303,12056.836334611737
11304,12056.836334611844
11305,12057.997056345219
11306,12058.356527353333
11307,12058.573070436321
11308,12060.827251040346
11309,12062.556609433059
11310,12063.941910141571
11311,12070.560569652551
11312,12071.492545401596
11313,12072.387119274485
11314,12073.742346605262
11315,12073.850915235156
11316,12075.243516132952
11317,12076.329883618759
11318,12079.902920040753
11319,12079.902920040771
11320,12080.048854714549
11321,12080.089795257576
11322,12080.089795257605
11323,12080.325664650447
11324,12080.325664650492
11325,12080.383706056462
11326,12084.324482581822
11327,12085.040926342897
11328,12086.606253328035
11329,12089.318609627428
11330,12089.701537116991
11331,12090.379338023829
11332,12091.368343598389
11333,12092.250738077288
11334,12094.074828196493
11335,12096.115721204247
11336,12097.028651907534
11337,12097.028651907563
11338,12097.284529413322
11339,12097.288584166854
11340,12098.257289654781
11341,12102.533615258688
11342,12103.370505902307
11343,12109.643614822004
11344,12109.766528987579
11345,12109.876972239052
11346,12109.876972239064
11347,12110.205774568813
11348,12110.337540143348
11349,12111.226710956245
11350,12111.555554854154
11351,12112.449934099512
11352,12112.704238799552
11353,12113.696823585864
11354,12114.072510207034
11355,12114.45749404683
11356,12117.264984514297
11357,12119.665316589289
11358,12120.169199466281
11359,12122.652060667071
11360,12122.87206987183
11361,12124.903205451692
11362,12125.817287862235
11363,12126.156373416839
11364,12127.050944349876
11365,12127.69821599969
11366,12127.702016594938
11367,12131.354261743298
11368,12131.382837903791
11369,12132.516835881072
11370,12132.54994925581
11371,12133.155059800343
11372,12133.15505980038
11373,12133.246944826473
11374,12133.485611486827
11375,12140.385424124612
11376,12140.944358313629
11377,12143.19743738099
11378,12145.364915188096
11379,12145.496221851881
11380,12145.988823104706
11381,12148.892127195899
11382,12150.133216420985
11383,12152.224822112415
11384,12152.66882724815
11385,12153.534775266166
11386,12155.14237834208
11387,12156.050771118205
11388,12160.03646005573
11389,12160.959245644539
11390,12161.470333813271
11391,12162.244301472299
11392,12162.84632904755
11393,12162.846329047568
11394,12165.715127687579
11395,12166.505916848391
11396,12167.029094258487
11397,12167.623154075794
11398,12171.549958520489
11399,12172.199577084597
11400,12175.544203549543
11401,12176.910758308522
11402,12177.372892365578
11403,12177.736796072279
11404,12178.468599037651
11405,12181.555305704955
11406,12183.837782943434
11407,12186.649672420403
11408,12187.816938862292
11409,12189.746225038041
11410,12190.495883597356
11411,12191.209338605844
11412,12193.04133280835
11413,12193.183445296225
11414,12193.862759228967
11415,12193.901806441669
11416,12195.119100044916
11417,12197.580927048059
11418,12201.80435130078
11419,12203.761319404613
11420,12203.901679693923
11421,12205.136546316873
11422,12205.57292187703
11423,12205.860170816597
11424,12206.169490605374
11425,12210.218480579475
11426,12210.2184805795
11427,12211.032850583981
11428,12213.27241196779
11429,12213.590749340006
11430,12213.590749340088
11431,12216.254521809056
11432,12217.761865102368
11433,12217.965584863376
11434,12219.225394464183
11435,12220.923790968487
11436,12221.530244278811
11437,12221.53024427886
11438,12223.615751889462
11439,12224.29476300981
11440,12224.303416897061
11441,12227.499565648888
11442,12228.090563407184
11443,12230.255445927629
11444,12230.702784577565
11445,12235.153974547044
11446,12235.754480411637
11447,12237.623466392588
11448,12238.312932558776
11449,12239.753809510945
11450,12240.063020919059
11451,12240.53177286016
11452,12244.356984422566
11453,12248.362181431688
11454,12249.660327604539
11455,12249.701958886073
11456,12250.264066696582
11457,12250.264066696618
11458,12254.669522557184
11459,12255.663696728076
11460,12256.132204512891
11461,12256.954681810716
11462,12258.702628300161
11463,12259.019613416862
11464,12260.343532348536
11465,12261.788237795909
11466,12262.23380394684
11467,12264.743698329747
11468,12268.22158953094
11469,12268.833099731895
11470,12270.504973040554
11471,12270.522708925399
11472,12271.382204148229
11473,12271.892711211351
11474,12273.007295182439
11475,12274.489239811335
11476,12274.976398940191
11477,12275.681013164662
11478,12276.544115924333
11479,12276.544115924406
11480,12278.288192595966
11481,12279.703279770438
11482,12281.13616465521
11483,12283.694132110668
11484,12284.277423430574
11485,12284.974629577759
11486,12288.450700042555
11487,12289.607846604182
11488,12291.463737868984
11489,12292.328833924417
11490,12294.752749998768
11491,12297.114847078559
11492,12300.032317566584
11493,12300.406768164383
11494,12301.537130654935
11495,12302.26102576162
11496,12302.74688158885
11497,12305.34749296466
11498,12305.765802034877
11499,12305.872275279544
11500,12307.409012793014
11501,12308.050875962466
11502,12310.082728575137
11503,12310.148232752777
11504,12313.677679438506
11505,12316.43205018321
11506,12318.681965712252
11507,12318.681965712292
11508,12320.084803994059
11509,12321.036126197077
11510,12321.415394549333
11511,12321.547591633916
11512,12321.721641897695
11513,12321.721641897702
11514,12323.067441236335
11515,12323.06744123639
11516,12325.073011600754
11517,12326.618746129836
11518,12327.773305911476
11519,12327.944324868948
11520,12329.697323436698
11521,12333.024860605361
11522,12333.649648784656
11523,12334.593439506672
11524,12336.463357336217
11525,12339.504282327338
11526,12341.989341853088
11527,12342.332595761849
11528,12343.087343696956
11529,12343.594311114117
11530,12345.638227971045
11531,12345.638227971078
11532,12345.765105798982
11533,12346.639702809684
11534,12347.929406933012
11535,12348.912688779244
11536,12348.91268877927
11537,12349.562611136947
11538,12353.018483922409
11539,12357.990479356453
11540,12359.555845371709
11541,12360.540715464122
11542,12361.154875807557
11543,12361.21372354706
11544,12364.322041824154
11545,12367.377050848703
11546,12367.781030266429
11547,12367.781030266462
11548,12368.587447335009
11549,12368.704813400045
11550,12368.704813400111
11551,12369.437269379292
11552,12370.77147096139
11553,12371.980476605719
11554,12372.74515115213
11555,12374.750455907564
11556,12375.172415930523
11557,12376.93476565958
11558,12378.299232801328
11559,12380.185528025573
11560,12380.329727937919
11561,12382.557401141943
11562,12383.540000131945
11563,12383.730551830198
11564,12384.774764135302
11565,12384.999324167866
11566,12386.117739016774
11567,12386.920604141553
11568,12388.532117194576
11569,12395.525480827473
11570,12395.562289333566
11571,12397.316777186114
11572,12397.332337855019
11573,12397.332337855074
11574,12398.519291348837
11575,12398.8225367665
11576,12399.810076666041
11577,12400.059617001501
11578,12401.160106266383
11579,12401.240105710029
11580,12401.658121418368
11581,12403.397003794549
11582,12406.051851250682
11583,12407.573393857789
11584,12407.831163375376
11585,12409.959901115566
11586,12412.93595939724
11587,12414.064117735668
11588,12414.092172480576
11589,12414.317670578836
11590,12415.885980845167
11591,12416.027005815806
11592,12416.042722160886
11593,12416.347945900385
11594,12417.420248410994
11595,12417.923648063759
11596,12417.923648063788
11597,12420.801624870082
11598,12422.259289668673
11599,12424.417503264105
11600,12424.919450560865
11601,12428.423612508286
11602,12428.916032342941
11603,12431.117559834278
11604,12433.104061084854
11605,12433.217820272108
11606,12435.410823642878
11607,12436.465929079897
11608,12437.879714835615
11609,12439.242627691418
11610,12440.573549550278
11611,12443.749150219744
11612,12443.881958302793
11613,12444.356514900806
11614,12448.464450900683
11615,12448.716972718139
11616,12451.648222406877
11617,12451.64822240688
11618,12451.656871577907
11619,12454.071699639699
11620,12454.255158904694
11621,12459.932162170147
11622,12460.120840552423
11623,12462.662046613688
11624,12463.669444716465
11625,12464.218030054537
11626,12465.973698048465
11627,12466.312672948883
11628,12466.719786958762
11629,12467.406540229702
11630,12470.627723903535
11631,12471.719865756335
11632,12472.80691478118
11633,12472.977355513149
11634,12473.339039961755
11635,12473.50492299098
11636,12478.682963268408
11637,12480.256298683231
11638,12481.290482269244
11639,12482.423473806264
11640,12482.764487687082
11641,12486.06247840954
11642,12490.585555310552
11643,12493.130055922406
11644,12493.821296864402
11645,12493.852567892336
11646,12494.002761923555
11647,12494.3448376378
11648,12494.344837637946
11649,12495.689509331271
11650,12497.470423686656
11651,12497.67384619551
11652,12497.673846195639
11653,12499.748565327014
11654,12501.077885385934
11655,12503.841196973888
11656,12506.04608534808
11657,12506.559459301956
11658,12508.620477702512
11659,12509.73811954399
11660,12510.332137638179
11661,12510.332137638226
11662,12511.944455813938
11663,12512.005177915013
11664,12513.014523263979
11665,12513.202762727155
11666,12517.299917032655
11667,12519.232299006171
11668,12521.306350847655
11669,12523.770152695084
11670,12526.019826007616
11671,12526.228061519203
11672,12528.726594403894
11673,12531.845065948726
11674,12532.283023526579
11675,12535.547557373695
11676,12536.355222669157
11677,12538.482987263358
11678,12538.504423291102
11679,12539.065960055876
11680,12539.065960055883
11681,12541.521158247351
11682,12543.796510828957
11683,12543.872053564723
11684,12544.925841032176
11685,12545.836250637492
11686,12545.972240488889
11687,12549.645027357848
11688,12549.803639136506
11689,12550.514575345873
11690,12551.498931971193
11691,12551.974699095448
11692,12551.974699095506
11693,12553.243851477697
11694,12556.336362821652
11695,12558.757866396531
11696,12559.784134180005
11697,12561.564262518124
11698,12562.939371121349
11699,12563.128333905976
11700,12563.613703327435
11701,12564.990346474957
11702,12565.682013869089
11703,12569.538167053573
11704,12570.347809817742
11705,12571.674972150331
11706,12572.200287174786
11707,12575.953615216313
11708,12577.434547217214
11709,12579.312080562113
11710,12580.084338122802
11711,12581.59746483647
11712,12584.253868397518
11713,12584.905066015563
11714,12589.826542923975
11715,12590.035090369745
11716,12590.544535419367
11717,12590.544535419403
11718,12591.242219591335
11719,12592.019854158747
11720,12593.048913789
11721,12594.059833882675
11722,12594.401057387848
11723,12595.505639223022
11724,12596.06035166585
11725,12602.722079305173
11726,12603.901549585873
11727,12605.306896728423
11728,12605.649401532415
11729,12607.483859071601
11730,12607.483859071621
11731,12607.836029499867
11732,12607.836029499871
11733,12608.639964553016
11734,12608.805049408642
11735,12609.874516228176
11736,12609.874516228188
11737,12612.600682734794
11738,12615.118203392045
11739,12616.549930886633
11740,12618.096851026734
11741,12618.784479935908
11742,12619.596470688273
11743,12621.862354743695
11744,12623.294539092383
11745,12623.875674006682
11746,12624.640042963068
11747,12624.701833318224
11748,12625.870294524502
11749,12627.367437987523
11750,12630.83090060293
11751,12632.106487779511
11752,12634.440121330397
11753,12634.440121330474
11754,12635.483243833789
11755,12636.12090653787
11756,12640.898689684569
11757,12642.963931727047
11758,12644.021605299144
11759,12645.362350382227
11760,12648.657239015938
11761,12648.710901248511
11762,12649.436940899215
11763,12652.325991343161
11764,12653.144123125998
11765,12654.168466251931
11766,12654.233747325934
11767,12654.612058399505
11768,12656.160179016022
11769,12656.16017901608
11770,12656.484382406981
11771,12656.582923625761
11772,12656.582923625798
11773,12656.951036778968
11774,12657.46777095733
11775,12660.329326673143
11776,12662.978297640288
11777,12663.643295610882
11778,12666.821252734197
11779,12668.303697282729
11780,12670.577510270085
11781,12671.380221356949
11782,12671.76859175452
11783,12672.147194425823
11784,12673.654968401375
11785,12674.539877229508
11786,12675.682093142694
11787,12679.88916753635
11788,12680.615431358006
11789,12683.658099098384
11790,12684.645849065248
11791,12686.134231214379
11792,12686.134231214435
11793,12686.531437170808
11794,12687.092763716222
11795,12687.164540906799
11796,12688.354247043628
11797,12688.718784790661
11798,12688.738519313516
11799,12689.160703065079
11800,12691.040761058957
11801,12693.122436397713
11802,12693.377957330207
11803,12694.223112691663
11804,12697.133815988633
11805,12697.96398991569
11806,12698.069454253206
11807,12698.677736361524
11808,12698.677736361646
11809,12699.440180172647
11810,12700.487110093478
11811,12703.071016548764
11812,12703.880810354172
11813,12704.205353972069
11814,12705.008197253452
11815,12707.899132550952
11816,12709.213431503971
11817,12710.04018145565
11818,12711.199019052605
11819,12711.601857860238
11820,12713.560385651197
11821,12716.577209711455
11822,12717.914558400178
11823,12720.982474892931
11824,12722.161330173249
11825,12722.931608998842
11826,12724.970515355726
11827,12725.821233278897
11828,12728.014724149896
11829,12732.928732527707
11830,12732.983980376381
11831,12737.465843826789
11832,12739.55639728777
11833,12740.450115766111
11834,12740.450115766154
11835,12740.717770448027
11836,12740.900334142922
11837,12742.599200372348
11838,12742.84047404466
11839,12745.021280976875
11840,12745.919662476108
11841,12749.850181797658
11842,12752.155273722063
11843,12752.383761648967
11844,12753.952320196231
11845,12754.406538078199
11846,12754.463499271291
11847,12755.427094048204
11848,12755.960706883508
11849,12757.732930156193
11850,12758.034821096964
11851,12759.744092901705
11852,12761.554317596863
11853,12768.661316114212
11854,12768.888506620024
11855,12769.542066894952
11856,12769.603895152832
11857,12769.775420808941
11858,12769.77542080895
11859,12772.556232289671
11860,12772.562559130769
11861,12775.849225969187
11862,12780.07716841205
11863,12781.562295686012
11864,12782.442434458953
11865,12782.442434458977
11866,12782.77061394816
11867,12783.080992776899
11868,12783.398378471164
11869,12783.576882120358
11870,12788.037450329295
11871,12789.10289662723
11872,12792.309120403001
11873,12792.907547119525
11874,12794.377927652346
11875,12794.900829300295
11876,12797.561127125608
11877,12797.787503254118
11878,12797.787503254203
11879,12801.215361157132
11880,12801.699553928314
11881,12801.815074248263
11882,12804.973451927473
11883,12807.420907097165
11884,12808.620176270102
11885,12812.80095005102
11886,12814.19784788936
11887,12815.973339311824
11888,12817.039158171197
11889,12819.109404295456
11890,12819.737770591206
11891,12820.797592617171
11892,12820.797592617173
11893,12821.004793654738
11894,12822.51294442313
11895,12823.838559596938
11896,12826.387711694919
11897,12827.867853415144
11898,12827.867853415239
11899,12829.995146264515
11900,12830.837804741754
11901,12832.48587466941
11902,12832.819259808955
11903,12833.110789752831
11904,12836.56836563793
11905,12837.429785531038
11906,12840.778141630599
11907,12843.87391450934
11908,12844.500336682178
11909,12845.037643140247
11910,12846.198244084671
11911,12848.439967138955
11912,12850.148686171065
11913,12850.257131040697
11914,12850.657438111597
11915,12851.506362868333
11916,12851.506362868447
11917,12851.778040864641
11918,12855.22650908749
11919,12856.181072352421
11920,12859.029980680152
11921,12860.030870559442
11922,12861.758553099942
11923,12864.031446029827
11924,12867.696403203916
11925,12867.814844298828
11926,12871.057133364618
11927,12871.918665084542
11928,12874.357198565669
11929,12875.728933468334
11930,12876.943442269421
11931,12878.444887026524
11932,12878.990772399318
11933,12879.017562510131
11934,12879.514246415913
11935,12880.005217217797
11936,12880.700787173197
11937,12880.930462863864
11938,12882.348798756533
11939,12882.424263939209
11940,12885.282003028777
11941,12886.109675705622
11942,12888.590117797588
11943,12888.590117797641
11944,12891.363525513118
11945,12892.444029396336
11946,12894.14303582361
11947,12896.285752430889
11948,12896.285752430962
11949,12896.432040471918
11950,12897.114578095507
11951,12897.856370876043
11952,12902.213257072799
11953,12904.324716463892
11954,12905.009663757661
11955,12905.634643328523
11956,12906.029453354457
11957,12909.411505618049
11958,12912.448520830756
11959,12912.922006321769
11960,12915.335191141046
11961,12916.772863496582
11962,12917.258250963891
11963,12919.221459363695
11964,12919.933957201809
11965,12921.895486946274
11966,12921.895486946371
11967,12922.169517762744
11968,12924.245130824809
11969,12924.611653693872
11970,12925.775765545613
11971,12927.651208444451
11972,12930.924257271401
11973,12931.161358920579
11974,12935.294413629155
11975,12936.18585870984
11976,12937.621002347239
11977,12939.200758977242
11978,12939.22868407904
11979,12940.246795883624
11980,12940.928767279527
11981,12940.928767279567
11982,12941.036493680151
11983,12944.018460912614
11984,12945.384816984975
11985,12945.384816984979
11986,12945.651011962114
11987,12947.960800910942
11988,12950.895022837798
11989,12953.516070268595
11990,12953.94645452883
11991,12955.395843803097
11992,12956.586260637183
11993,12957.812782075453
11994,12958.885018209152
11995,12959.734683800149
11996,12959.855886978066
11997,12960.547073515834
11998,12961.239298510163
11999,12962.678385454466
12000,12963.018392818136
12001,12963.201133006383
12002,12967.633161611215
12003,12970.144337070315
12004,12973.796925996341
12005,12974.108319532566
12006,12974.108319532625
12007,12974.936124573611
12008,12974.936124573704
12009,12975.703695590668
12010,12975.79406121759
12011,12975.852487329026
12012,12977.052054900574
12013,12977.2505127083
12014,12977.450987367773
12015,12977.848439813459
12016,12979.053414569988
12017,12979.44676753788
12018,12980.952883096963
12019,12981.958090976441
12020,12983.670263997465
12021,12989.766921867928
12022,12989.790359580633
12023,12991.667797208962
12024,12991.951860064644
12025,12992.142692421245
12026,12994.494985053807
12027,12995.004603433967
12028,12995.104320448678
12029,12995.588431293865
12030,12997.19346409977
12031,12998.423522515923
12032,12998.730293689821
12033,13004.682328759118
12034,13010.017816897947
12035,13011.749893822025
12036,13012.156687684566
12037,13015.162097835486
12038,13015.436003996203
12039,13018.240834074024
12040,13020.218446411287
12041,13021.550130641956
12042,13022.391279831496
12043,13023.87602542835
12044,13025.785992680609
12045,13026.733793531404
12046,13027.905481382122
12047,13027.905481382195
12048,13029.131655867743
12049,13030.125491621277
12050,13032.581999114542
12051,13033.22196633185
12052,13033.360670986292
12053,13035.404011884115
12054,13037.141933653582
12055,13038.051416500131
12056,13038.598314330602
12057,13038.598314330691
12058,13039.550286850836
12059,13041.620834965766
12060,13041.667914579026
12061,13042.656211508087
12062,13044.029521369202
12063,13048.468268559067
12064,13053.37018834847
12065,13053.622478415613
12066,13054.67492649921
12067,13055.579669550534
12068,13056.238792443975
12069,13057.730201956998
12070,13063.196522756716
12071,13063.196522756734
12072,13064.19136623448
12073,13064.738435454861
12074,13064.993005022528
12075,13066.567124811312
12076,13069.88995401433
12077,13070.125599414436
12078,13071.278219747695
12079,13071.374235350606
12080,13071.670647329243
12081,13079.630564878564
12082,13081.622891183646
12083,13081.75942006611
12084,13081.75942006613
12085,13082.556091517579
12086,13082.556091517623
12087,13083.080040132949
12088,13085.952123369007
12089,13087.816411871654
12090,13089.296383985169
12091,13089.481389890765
12092,13094.709258358702
12093,13095.696840230094
12094,13096.16579168829
12095,13097.466256762282
12096,13097.557417052987
12097,13098.298306124831
12098,13101.385378709905
12099,13103.390399740079
12100,13103.390399740187
12101,13104.022084718476
12102,13105.420967651709
12103,13108.255344155788
12104,13112.844490667878
12105,13114.222726878441
12106,13114.26110400009
12107,13115.323219031241
12108,13115.323219031252
12109,13117.738075246343
12110,13118.860624735918
12111,13118.878763992723
12112,13122.559702089951
12113,13125.209090555611
12114,13126.110437675721
12115,13127.046975261381
12116,13129.319689391034
12117,13130.693160736972
12118,13132.250369652247
12119,13133.397880171435
12120,13134.306728284815
12121,13135.123831675752
12122,13136.933747054893
12123,13137.680656238759
12124,13138.05970779883
12125,13138.171376504897
12126,13139.805531347482
12127,13140.988478921678
12128,13142.065714394892
12129,13145.192706803691
12130,13151.510191948628
12131,13151.562780963259
12132,13151.627681683849
12133,13153.059720747236
12134,13155.461590071965
12135,13157.411383485196
12136,13157.513198790046
12137,13159.725957734716
12138,13160.828067009255
12139,13162.967810094404
12140,13164.020700968746
12141,13164.020700968766
12142,13164.68734332345
12143,13165.708789102326
12144,13165.738203495557
12145,13166.966210636623
12146,13167.069870016385
12147,13167.529195056199
12148,13168.13931388144
12149,13169.631254864385
12150,13172.421074994871
12151,13175.604736608437
12152,13175.815473113689
12153,13179.114723970857
12154,13181.453298127406
12155,13183.513427580534
12156,13183.741118046832
12157,13183.741118046944
12158,13184.383126759791
12159,13184.862844979622
12160,13191.408654039758
12161,13191.558814934384
12162,13192.058930494852
12163,13193.721201543596
12164,13194.169133646717
12165,13194.528194173176
12166,13200.159149584793
12167,13201.071114763565
12168,13204.401581518759
12169,13205.156602222931
12170,13205.379982559365
12171,13205.871659100447
12172,13206.664075209854
12173,13206.664075209865
12174,13208.936986339208
12175,13211.211252130173
12176,13213.450665035338
12177,13213.750811244161
12178,13214.104434228919
12179,13214.9613068911
12180,13219.879044042502
12181,13221.682855577248
12182,13221.682855577283
12183,13222.262217432875
12184,13224.108554422632
12185,13225.029769148268
12186,13225.414478073786
12187,13225.866477138268
12188,13227.738665258525
12189,13230.174543986139
12190,13232.840182601067
12191,13232.840182601141
12192,13233.583645096236
12193,13233.81876817076
12194,13234.601325473384
12195,13237.871843050918
12196,13239.843948387175
12197,13239.861874309021
12198,13240.838997392762
12199,13242.009937617922
12200,13242.211702049392
12201,13242.931213054209
12202,13242.9312130543
12203,13243.05554324472
12204,13245.747883868953
12205,13247.033864459572
12206,13248.100399130997
12207,13250.457204417091
12208,13251.735209045186
12209,13252.928606720236
12210,13254.13046218307
12211,13256.397888736768
12212,13257.145894307276
12213,13258.142897333253
12214,13261.530833586598
12215,13262.391490189664
12216,13262.391490189679
12217,13263.387228000978
12218,13263.534407267956
12219,13264.651919427384
12220,13264.902968037368
12221,13265.074197482418
12222,13266.259013308452
12223,13268.40743335665
12224,13271.741346142468
12225,13271.964600802807
12226,13274.056717984271
12227,13276.236631465927
12228,13276.399210653002
12229,13276.409864795158
12230,13276.963989037111
12231,13277.025905203001
12232,13280.384418994605
12233,13281.271097220584
12234,13284.104782146993
12235,13286.774260320481
12236,13289.944798426592
12237,13291.440615210904
12238,13292.618667550883
12239,13293.88399596005
12240,13296.14216281631
12241,13296.787548422195
12242,13298.931259903738
12243,13299.560141779582
12244,13299.560141779628
12245,13301.486417634724
12246,13303.57748172577
12247,13304.50160031564
12248,13305.832085704365
12249,13308.036248694898
12250,13310.798142345307
12251,13311.7740989059
12252,13312.674069645569
12253,13312.674069645611
12254,13314.248454710498
12255,13315.596636272257
12256,13317.142533355463
12257,13319.859320693216
12258,13320.464797862533
12259,13323.553791722763
12260,13324.976536045668
12261,13327.356839863411
12262,13328.045308130859
12263,13329.550324869337
12264,13330.489088098117
12265,13333.643456937791
12266,13333.643456937867
12267,13335.258362746999
12268,13335.482536834608
12269,13337.346094440794
12270,13338.62710592781
12271,13338.627105927873
12272,13340.23365203819
12273,13341.63097688734
12274,13343.567962712024
12275,13345.022246380237
12276,13346.371089682954
12277,13347.231500435199
12278,13348.000427076899
12279,13355.413849891609
12280,13356.901491583527
12281,13357.969234133641
12282,13358.559060188563
12283,13359.710211563326
12284,13361.210863855595
12285,13363.310179815378
12286,13363.310179815384
12287,13365.104172996282
12288,13365.930739133195
12289,13366.236145176616
12290,13368.757417425722
12291,13370.937588546585
12292,13371.998570361737
12293,13373.900142612129
12294,13375.021102609677
12295,13375.792028918904
12296,13379.448308133935
12297,13380.095286105741
12298,13380.757815779616
12299,13383.59011903558
12300,13384.064762934395
12301,13384.82153341025
12302,13389.78191686024
12303,13390.271621897939
12304,13394.309442571726
12305,13395.889161299183
12306,13397.840673740106
12307,13398.453402768251
12308,13399.042302000302
12309,13400.091807294619
12310,13400.091807294692
12311,13401.163634360879
12312,13403.466083988462
12313,13404.333326683178
12314,13405.172329123163
12315,13409.058841840762
12316,13409.57486535657
12317,13409.741677605662
12318,13411.012233152584
12319,13412.260230693046
12320,13415.70640329498
12321,13417.674881140896
12322,13418.309933506665
12323,13420.141702332905
12324,13422.630076683998
12325,13423.672834916028
12326,13424.032397171122
12327,13424.772439335284
12328,13424.820884883458
12329,13425.721559581676
12330,13429.916881283769
12331,13432.843594490407
12332,13432.843594490489
12333,13433.593082843679
12334,13434.597075475365
12335,13435.191899357746
12336,13436.283932530607
12337,13436.545622853686
12338,13437.88184842891
12339,13440.334297315612
12340,13441.019079026406
12341,13441.309166436919
12342,13443.782716121135
12343,13444.801295694188
12344,13448.708487336056
12345,13450.5743201763
12346,13451.675784431522
12347,13451.955820789162
12348,13452.847597337211
12349,13454.064182345286
12350,13454.947649440475
12351,13456.648554914596
12352,13462.292324979784
12353,13465.253154880404
12354,13468.331657708914
12355,13468.509706310268
12356,13468.509706310368
12357,13471.263570698788
12358,13471.393465544164
12359,13472.814683644805
12360,13474.799951127383
12361,13475.58437625849
12362,13476.495962909516
12363,13476.717495141098
12364,13477.755057842014
12365,13482.934872049986
12366,13486.677510294387
12367,13487.418163507589
12368,13487.418163507631
12369,13487.655983139246
12370,13488.878867707743
12371,13488.970803610129
12372,13489.519789219175
12373,13490.277522238113
12374,13492.018296895798
12375,13493.309798084609
12376,13494.440884975362
12377,13497.113438748347
12378,13497.113438748402
12379,13502.762276553582
12380,13503.362462953306
12381,13503.893040503181
12382,13503.893040503272
12383,13503.893951384289
12384,13504.276103074426
12385,13506.076508170894
12386,13506.585364854769
12387,13508.613363465018
12388,13510.022545524744
12389,13510.658526972122
12390,13514.504321796696
12391,13515.46650186746
12392,13516.158242225698
12393,13517.608770864545
12394,13517.608770864554
12395,13518.509187408856
12396,13519.680998902069
12397,13520.829734075203
12398,13523.572643565738
12399,13524.434909733089
12400,13525.186517361772
12401,13527.161740314103
12402,13527.915535206967
12403,13530.810288480365
12404,13533.162054969236
12405,13534.70200860942
12406,13534.956539156861
12407,13536.092689516096
12408,13539.639780690175
12409,13541.217031039874
12410,13541.886941217808
12411,13544.100020205935
12412,13545.806321320906
12413,13547.160078453067
12414,13547.160078453087
12415,13547.83273331799
12416,13548.112944567047
12417,13549.489478444326
12418,13549.706502362957
12419,13550.407499716917
12420,13551.444178651322
12421,13551.444178651336
12422,13552.177134052476
12423,13554.036203488176
12424,13554.17674279052
12425,13554.195453276985
12426,13554.988105414577
12427,13556.626880789876
12428,13557.982586919012
12429,13561.642000903452
12430,13561.788050877796
12431,13564.21120948526
12432,13567.821319265529
12433,13570.207602391198
12434,13572.396341246369
12435,13573.325963357725
12436,13573.541947190233
12437,13575.275303577981
12438,13575.275303578053
12439,13576.67705928923
12440,13578.260193432774
12441,13584.320523200035
12442,13587.013090914066
12443,13587.867265628913
12444,13589.66178354946
12445,13590.927001508593
12446,13591.822320535737
12447,13593.428157943317
12448,13593.428157943408
12449,13594.018627118474
12450,13595.079993921874
12451,13595.999976619267
12452,13598.993776180756
12453,13602.575403479466
12454,13602.79272869297
12455,13603.768712662009
12456,13604.916271566832
12457,13606.078536976867
12458,13606.078597422107
12459,13607.449999449529
12460,13607.449999449642
12461,13608.675393389107
12462,13609.590693228007
12463,13611.238034050175
12464,13612.848621079585
12465,13614.012716428007
12466,13616.771572767224
12467,13617.670752597574
12468,13617.841723849951
12469,13620.812846636534
12470,13624.540668269727
12471,13626.788800130613
12472,13633.885940248148
12473,13638.372872394688
12474,13638.740762986497
12475,13638.740762986505
12476,13639.010707923766
12477,13639.907044538058
12478,13640.774033883599
12479,13641.478605026939
12480,13641.823828837012
12481,13642.616747453951
12482,13644.454488723904
12483,13647.282221543339
12484,13648.351018644164
12485,13649.90492343933
12486,13649.978985430147
12487,13652.74862622149
12488,13653.471723511171
12489,13655.514983254976
12490,13657.513237308614
12491,13659.481728537947
12492,13659.920353930996
12493,13660.909988288224
12494,13664.753512329818
12495,13667.248866836419
12496,13669.970439707264
12497,13670.726298680898
12498,13675.260826270985
12499,13675.538791766505
12500,13675.792345073065
12501,13677.261707879061
12502,13678.464098772405
12503,13678.776118526966
12504,13680.845895592409
12505,13680.845895592478
12506,13682.46750144908
12507,13683.169195854001
12508,13684.169845230288
12509,13686.006693189085
12510,13686.376386620108
12511,13686.385565280783
12512,13692.87452859529
12513,13693.805421939298
12514,13693.805421939363
12515,13694.17063865174
12516,13695.571846482406
12517,13696.93688923371
12518,13698.280859092138
12519,13701.503638600141
12520,13704.199834815474
12521,13704.201237793075
12522,13704.868521036416
12523,13705.068115487973
12524,13705.087725515727
12525,13707.04067177714
12526,13707.431451267186
12527,13708.244904332814
12528,13711.46066445856
12529,13714.673319997348
12530,13717.446576854834
12531,13718.862443657174
12532,13723.245659273485
12533,13725.085789632043
12534,13728.870783023707
12535,13729.193948177612
12536,13732.802160177751
12537,13734.550879613327
12538,13735.063014269914
12539,13735.674014704746
12540,13736.471213299119
12541,13737.468023901456
12542,13737.607315464455
12543,13738.327667563519
12544,13738.668163416009
12545,13740.852501023657
12546,13741.130944499839
12547,13744.887477051723
12548,13746.245395857706
12549,13749.263794608136
12550,13749.263794608152
12551,13749.739984955597
12552,13749.957107125701
12553,13754.758043264521
12554,13755.777077375022
12555,13755.77707737506
12556,13757.18892040786
12557,13760.579707042232
12558,13762.848746678657
12559,13762.848746678681
12560,13764.618189865412
12561,13765.936332270034
12562,13765.936332270145
12563,13767.068017364876
12564,13767.414467691111
12565,13767.749425071803
12566,13769.11556658565
12567,13770.776905854833
12568,13771.676468022488
12569,13772.621829347025
12570,13773.210902622734
12571,13773.23394126311
12572,13779.139978814723
12573,13780.294354619156
12574,13783.470123470837
12575,13784.376294726721
12576,13786.27553166074
12577,13787.740194285941
12578,13790.615358841067
12579,13791.367385006446
12580,13792.746188437015
12581,13793.07602529151
12582,13793.07602529159
12583,13795.830261610607
12584,13798.362859162238
12585,13798.362859162369
12586,13798.880833921212
12587,13800.278595127273
12588,13801.85824073965
12589,13802.032028184147
12590,13804.842749288733
12591,13805.528360775719
12592,13805.884821476655
12593,13806.756834464682
12594,13808.798956315562
12595,13809.839666746353
12596,13813.449687111563
12597,13813.678904889215
12598,13816.40985655781
12599,13816.428214061296
12600,13817.956872763787
12601,13818.950137654092
12602,13821.106143818868
12603,13823.299255874064
12604,13826.213535537938
12605,13827.914166750897
12606,13827.914166750903
12607,13828.682047853767
12608,13829.046391470958
12609,13829.310765517515
12610,13829.553201646591
12611,13829.588688141646
12612,13831.137214742066
12613,13831.251342767393
12614,13833.148096390309
12615,13836.110725883815
12616,13836.175391608955
12617,13836.657060779078
12618,13836.671966539996
12619,13839.432508939632
12620,13843.008445436315
12621,13844.097408916878
12622,13848.482543114354
12623,13848.495805463885
12624,13848.559420251177
12625,13848.56675144566
12626,13854.327721087688
12627,13854.530076442848
12628,13858.087306962423
12629,13858.701957639032
12630,13859.923994726511
12631,13860.913521802004
12632,13864.629373203796
12633,13864.662870391869
12634,13866.571298667524
12635,13866.990924948519
12636,13868.20005385388
12637,13868.411826898431
12638,13868.411826898526
12639,13868.858741114473
12640,13868.858741114473
12641,13868.918196110088
12642,13871.726065857079
12643,13875.23732634623
12644,13875.318350727635
12645,13876.75384606543
12646,13877.668033649295
12647,13883.285983288215
12648,13885.127712480677
12649,13888.209525754273
12650,13889.972212669922
12651,13890.627473303455
12652,13890.672594136997
12653,13894.468933129225
12654,13895.360013857742
12655,13896.68851067287
12656,13897.389738091219
12657,13900.993532140321
12658,13903.524511890972
12659,13907.563656508139
12660,13907.563656508186
12661,13908.54312851832
12662,13909.682317031649
12663,13912.521511389206
12664,13918.8555044614
12665,13918.879421533076
12666,13920.358908901522
12667,13920.377895450307
12668,13921.111426049849
12669,13921.573939448494
12670,13922.740339514929
12671,13925.572827152306
12672,13925.576343212027
12673,13926.387584963364
12674,13926.70511936076
12675,13932.230801409092
12676,13932.691830590738
12677,13936.22217054578
12678,13936.267044961234
12679,13939.043223271594
12680,13940.529541968293
12681,13940.813310560194
12682,13941.248001809845
12683,13944.021314803087
12684,13945.689458811079
12685,13945.689458811137
12686,13946.482081731547
12687,13948.353634549585
12688,13948.549838695515
12689,13948.976457490257
12690,13952.240837771691
12691,13954.268230664566
12692,13954.59652067436
12693,13956.276478763557
12694,13956.276478763573
12695,13957.291741706644
12696,13957.507735685624
12697,13959.460769143872
12698,13961.650192438878
12699,13964.668042772702
12700,13968.56512981063
12701,13971.334909359641
12702,13971.417414848365
12703,13972.781140387218
12704,13976.04077667684
12705,13978.799405439788
12706,13979.295080204742
12707,13982.810006586646
12708,13982.851030321413
12709,13983.819336966062
12710,13986.351078447624
12711,13987.611138308921
12712,13987.813083904928
12713,13991.078469487888
12714,13991.429028622366
12715,13993.965548166032
12716,13995.029033268831
12717,13997.408924015072
12718,13997.408924015135
12719,13998.586391283337
12720,14001.42853101185
12721,14003.459923825629
12722,14004.033423200057
12723,14006.397958213693
12724,14006.902072713094
12725,14008.01703268926
12726,14012.404264087898
12727,14012.597535294151
12728,14013.759228265744
12729,14015.488658073167
12730,14016.784389429875
12731,14017.920707526442
12732,14023.329082489221
12733,14023.329082489334
12734,14024.694377779211
12735,14024.694377779242
12736,14025.471028963828
12737,14026.898159718929
12738,14026.898159719023
12739,14029.315300340861
12740,14031.671640200408
12741,14031.671640200428
12742,14031.996669536036
12743,14033.01622780256
12744,14035.65460851448
12745,14039.010136073233
12746,14039.662552747781
12747,14040.456075896504
12748,14041.13631544292
12749,14041.382083795756
12750,14041.706687831987
12751,14044.874602547578
12752,14045.604029309765
12753,14048.551971079629
12754,14050.16028117518
12755,14050.385516166376
12756,14052.695149003493
12757,14053.28334340282
12758,14055.057693292467
12759,14055.436031464236
12760,14057.09211408292
12761,14058.512503078575
12762,14059.843541165666
12763,14064.465237609167
12764,14066.824805753395
12765,14068.683995781092
12766,14070.475921295521
12767,14072.472688323132
12768,14073.793442333375
12769,14073.793442333445
12770,14075.594582691097
12771,14077.768489360426
12772,14077.917329334077
12773,14078.264684848007
12774,14078.628003669824
12775,14081.731286988743
12776,14083.516597509162
12777,14086.320134296258
12778,14087.022354274453
12779,14088.826365605406
12780,14088.955633434354
12781,14089.457970561842
12782,14090.675830890619
12783,14091.327171151295
12784,14091.711595202754
12785,14093.375603664714
12786,14100.259596046704
12787,14100.552284613095
12788,14103.073303978897
12789,14103.344749921944
12790,14103.344749921986
12791,14103.881927097316
12792,14104.277964224513
12793,14105.087422971301
12794,14106.510000710547
12795,14106.71347830195
12796,14107.351855994904
12797,14108.159774917542
12798,14108.537159758325
12799,14111.756608848345
12800,14112.835810380626
12801,14113.78723048006
12802,14116.241727415922
12803,14116.264261802253
12804,14116.980216070066
12805,14116.995845263387
12806,14117.39589752599
12807,14120.295863770003
12808,14120.295863770069
12809,14121.402100305422
12810,14122.539335423266
12811,14126.172259027242
12812,14126.2470241472
12813,14130.356069909356
12814,14133.872350637332
12815,14134.148009320505
12816,14134.413653229865
12817,14137.636553197339
12818,14137.681634636123
12819,14137.681634636181
12820,14140.796440364475
12821,14143.438377009305
12822,14144.995125208681
12823,14145.523884045457
12824,14148.11179662508
12825,14151.139878641772
12826,14155.250436247194
12827,14159.111954078182
12828,14160.668923812607
12829,14163.748986208786
12830,14164.012783946077
12831,14164.653191400903
12832,14166.054331341313
12833,14168.11581623512
12834,14168.525483957099
12835,14168.52548395713
12836,14169.835889270209
12837,14170.518920748968
12838,14171.219440699257
12839,14173.641892475205
12840,14176.276900072318
12841,14181.369572748972
12842,14183.395374394504
12843,14184.759146709066
12844,14187.321305451178
12845,14187.321305451222
12846,14187.587889658093
12847,14190.459874198936
12848,14192.016213767636
12849,14192.637844907187
12850,14193.942284805742
12851,14194.339686036437
12852,14196.626999423615
12853,14198.21644010224
12854,14200.093143098078
12855,14200.340499131224
12856,14201.318156871332
12857,14203.726562099919
12858,14206.554822254802
12859,14206.894853850881
12860,14208.189261658754
12861,14210.56501120505
12862,14211.130471255956
12863,14211.22073171219
12864,14212.072839533244
12865,14216.129322540448
12866,14217.706771602958
12867,14222.291943815861
12868,14223.875788775889
12869,14224.623259247379
12870,14225.099372285025
12871,14225.099372285136
12872,14227.661981212914
12873,14227.661981212948
12874,14229.747454132361
12875,14232.037369673901
12876,14233.970246908335
12877,14236.243819702173
12878,14239.02055157026
12879,14240.310875437468
12880,14241.129804202747
12881,14243.12868947366
12882,14244.038991755273
12883,14245.904546158921
12884,14248.808858172179
12885,14249.604813234124
12886,14250.946690336812
12887,14254.420398133914
12888,14254.818730807028
12889,14255.29348651006
12890,14260.338586679667
12891,14262.578847138795
12892,14264.055475011517
12893,14265.710084629372
12894,14266.329726316215
12895,14267.757319537503
12896,14268.374669584869
12897,14270.685983022011
12898,14272.388954343853
12899,14274.171372751312
12900,14274.964155624923
12901,14276.550981954446
12902,14278.782196590666
12903,14278.782196590682
12904,14279.864054517771
12905,14280.852317406152
12906,14283.495068812717
12907,14283.629057235781
12908,14284.573051669651
12909,14288.66113838851
12910,14292.633467649248
12911,14292.633467649372
12912,14293.194990968721
12913,14293.517271300911
12914,14293.517271300912
12915,14294.102798521202
12916,14297.837234191744
12917,14299.255634458637
12918,14299.968068356024
12919,14300.227666255552
12920,14301.418826402325
12921,14305.271931675463
12922,14306.16731533147
12923,14307.472326457102
12924,14308.456529156527
12925,14309.984960042673
12926,14310.701798677977
12927,14312.828307173839
12928,14317.823942626963
12929,14318.666327357747
12930,14319.303855966484
12931,14319.681667843557
12932,14320.245449302322
12933,14321.211617487057
12934,14323.132951728556
12935,14326.472450023026
12936,14327.595483937932
12937,14330.08872743611
12938,14331.760205798138
12939,14332.906756724669
12940,14334.545732579971
12941,14336.497075892403
12942,14340.63280813518
12943,14342.616335855048
12944,14342.616335855068
12945,14344.116544815039
12946,14345.050068249335
12947,14345.826337007327
12948,14348.202430277568
12949,14348.968492654523
12950,14350.375329311953
12951,14351.513197812963
12952,14353.252689426485
12953,14353.83780501125
12954,14356.806355543449
12955,14356.876452793407
12956,14357.265114491494
12957,14359.572478201979
12958,14361.478990433177
12959,14361.927710410218
12960,14361.927710410338
12961,14362.971114651074
12962,14363.267818027782
12963,14363.480701749273
12964,14365.136599268024
12965,14369.276998706302
12966,14369.414333109647
12967,14372.167643443663
12968,14372.167643443716
12969,14372.741690262299
12970,14373.247856351167
12971,14374.188044307526
12972,14374.435202172535
12973,14375.506617215759
12974,14378.380734100334
12975,14379.086522126443
12976,14379.16679467621
12977,14382.394917445672
12978,14383.269720433318
12979,14383.994969368643
12980,14387.114651548291
12981,14387.408505469059
12982,14393.042091967442
12983,14393.209618452851
12984,14393.273548974657
12985,14395.398384152917
12986,14398.162932329527
12987,14398.643462085014
12988,14398.643462085125
12989,14404.079958643177
12990,14405.617670440322
12991,14406.956420787592
12992,14407.624235761827
12993,14408.170569276095
12994,14408.336066437789
12995,14409.9542631207
12996,14413.566354754812
12997,14415.451270132182
12998,14417.574362648866
12999,14417.574362648938
13000,14420.409520828754
13001,14420.4095208289
13002,14424.89954114948
13003,14427.0754702456
13004,14428.153716714434
13005,14429.783296480648
13006,14430.528276483583
13007,14432.254839718194
13008,14432.35074889996
13009,14438.607738179437
13010,14439.512677757251
13011,14440.081459991256
13012,14445.462702926228
13013,14445.46270292645
13014,14446.267005719743
13015,14448.261687234386
13016,14449.916973554033
13017,14450.657670397544
13018,14451.670106577729
13019,14459.456220509805
13020,14459.598163778164
13021,14460.1085897006
13022,14460.887388241044
13023,14461.040253909254
13024,14461.441739219335
13025,14462.075688041743
13026,14462.501209112499
13027,14463.950470094793
13028,14466.114463132766
13029,14467.919558700032
13030,14470.690867236335
13031,14470.937058140211
13032,14471.323788352012
13033,14473.659648211369
13034,14476.10794935109
13035,14479.130175621465
13036,14480.036510556956
13037,14483.452609996355
13038,14485.608468910237
13039,14486.061199734111
13040,14486.061199734128
13041,14489.010209918257
13042,14489.708680210899
13043,14490.499923190831
13044,14495.639415540041
13045,14498.841205536195
13046,14499.915640043515
13047,14502.019017921626
13048,14503.418689366245
13049,14504.805137409779
13050,14504.999833459497
13051,14505.26663119068
13052,14506.471668160788
13053,14508.361268878083
13054,14512.282294655653
13055,14515.001944769339
13056,14516.64380985664
13057,14517.302801718506
13058,14518.365084537683
13059,14520.414043230767
13060,14520.414043230898
13061,14520.521278009619
13062,14522.468305236445
13063,14524.953095277466
13064,14526.832510657474
13065,14527.675496675876
13066,14530.014607979845
13067,14530.835456946936
13068,14531.487440703075
13069,14535.194128094876
13070,14536.251787273948
13071,14543.953449909786
13072,14544.517504521013
13073,14544.517504521029
13074,14547.25532253717
13075,14547.284092847685
13076,14547.943920598404
13077,14549.982085483232
13078,14553.604194542086
13079,14553.910125860551
13080,14554.368538258248
13081,14554.479098749855
13082,14554.479098749915
13083,14556.771488542236
13084,14557.929761255222
13085,14558.499955881256
13086,14560.424706971522
13087,14561.753800099936
13088,14563.921550981051
13089,14569.10628873399
13090,14569.803743590124
13091,14569.903372201223
13092,14571.072967463422
13093,14575.252017477627
13094,14575.525395202836
13095,14577.090715143979
13096,14577.115150630198
13097,14578.397949586411
13098,14580.851008686597
13099,14581.958776971278
13100,14582.42245302944
13101,14587.467202055692
13102,14587.555814017231
13103,14588.44920679186
13104,14589.497347728804
13105,14592.10809431352
13106,14592.180767607901
13107,14592.180767608066
13108,14592.846946492109
13109,14595.381809103663
13110,14595.914456191113
13111,14601.852245836035
13112,14603.578163303962
13113,14603.578163304051
13114,14604.332778380223
13115,14606.44985976032
13116,14607.963784406189
13117,14608.541165160097
13118,14610.002565758041
13119,14610.984247554146
13120,14612.342637016207
13121,14616.272534326594
13122,14618.34571554419
13123,14618.865959565497
13124,14618.944587759788
13125,14620.10323952959
13126,14623.78238171991
13127,14626.063618422653
13128,14630.286827025044
13129,14631.235738677782
13130,14632.537088146051
13131,14633.12947089256
13132,14633.129470892629
13133,14633.185889558519
13134,14633.760552602063
13135,14634.069688759755
13136,14635.375084362458
13137,14635.375084362489
13138,14635.955199665708
13139,14638.322885669877
13140,14638.693725978363
13141,14639.422266095256
13142,14640.220828295711
13143,14641.289537316323
13144,14641.425276812159
13145,14642.705365424492
13146,14644.303385260966
13147,14649.795601650012
13148,14650.527498956679
13149,14650.527498956882
13150,14652.402857062401
13151,14654.140301733481
13152,14657.496261172104
13153,14659.05931158844
13154,14660.928490429007
13155,14661.658220194657
13156,14662.041367469019
13157,14662.041367469048
13158,14665.970501824577
13159,14666.224350943143
13160,14671.324455474747
13161,14672.642816919481
13162,14673.477151699855
13163,14673.643719485186
13164,14677.163733996424
13165,14677.268820596211
13166,14678.6005763331
13167,14684.313438421177
13168,14687.614117893127
13169,14689.662687264463
13170,14689.834873937896
13171,14690.148155759798
13172,14694.935828886544
13173,14695.140868514316
13174,14696.522303721191
13175,14697.855966038722
13176,14698.672599468755
13177,14702.655742686029
13178,14703.141182881869
13179,14708.173596722401
13180,14708.791660309837
13181,14710.335924709556
13182,14712.034240441535
13183,14714.322119352011
13184,14717.557551349861
13185,14717.928259020138
13186,14718.341628531005
13187,14719.877635183158
13188,14720.985757322333
13189,14721.442966480856
13190,14723.898658124726
13191,14724.977629682207
13192,14725.387445210295
13193,14726.66436489017
13194,14727.278704267021
13195,14730.851798235592
13196,14733.089676905412
13197,14737.828495008156
13198,14737.945236605745
13199,14737.945236605843
13200,14738.122136276683
13201,14741.261654672806
13202,14741.814660389318
13203,14743.184966353083
13204,14744.93849465506
13205,14746.376964816729
13206,14746.966266552685
13207,14750.150710266269
13208,14750.667100428527
13209,14750.667100428573
13210,14751.855734771998
13211,14755.898836050384
13212,14757.595738128646
13213,14757.715509416599
13214,14758.315822307994
13215,14765.587142659911
13216,14766.050725245406
13217,14773.504338482151
13218,14773.869740271217
13219,14778.390204419793
13220,14779.524210760814
13221,14779.527057993339
13222,14779.765732513337
13223,14781.245695514901
13224,14782.449647893085
13225,14783.794046052348
13226,14786.149351161186
13227,14786.149351161381
13228,14786.957623355858
13229,14790.550925706722
13230,14792.077177575438
13231,14793.153441359489
13232,14797.924973835014
13233,14801.544382710965
13234,14802.277847010981
13235,14802.500670677166
13236,14802.6872555755
13237,14804.834526025747
13238,14806.363135621477
13239,14806.363135621581
13240,14808.222047488272
13241,14808.952427156823
13242,14809.981489321488
13243,14809.981489321528
13244,14810.943771299997
13245,14812.204318927672
13246,14812.543754595172
13247,14815.61067119226
13248,14815.983828413286
13249,14819.246617077884
13250,14819.922948074507
13251,14820.220443791603
13252,14820.940560327776
13253,14823.233375870142
13254,14824.601296221446
13255,14827.496492241133
13256,14828.099981103613
13257,14831.893099060717
13258,14834.855918378549
13259,14838.059701897049
13260,14839.649324760556
13261,14839.707983086131
13262,14839.707983086158
13263,14840.561224151495
13264,14842.710377434949
13265,14846.435049380474
13266,14848.202386207726
13267,14852.774961763911
13268,14855.462200175712
13269,14855.462200175722
13270,14855.512008122492
13271,14856.36959107346
13272,14857.398200779875
13273,14858.544962779091
13274,14859.017740563817
13275,14862.04920266499
13276,14862.420907858843
13277,14864.075936028827
13278,14868.079164688248
13279,14869.001110925516
13280,14869.31807766766
13281,14870.236819569884
13282,14870.698306039045
13283,14875.745926053331
13284,14877.211739945315
13285,14879.485765842894
13286,14881.625174567926
13287,14884.793835046592
13288,14885.01350776435
13289,14885.013507764446
13290,14885.361169497015
13291,14885.644883331926
13292,14887.472992617024
13293,14887.473419964381
13294,14887.558343389881
13295,14888.236419986835
13296,14888.505035470234
13297,14889.443152191832
13298,14890.593196423684
13299,14892.159345596876
13300,14892.159345596971
13301,14892.175765657601
13302,14892.294424666528
13303,14892.294424666725
13304,14893.853858531133
13305,14894.934894398737
13306,14899.13865311454
13307,14899.868438666495
13308,14900.943759310247
13309,14905.252594374366
13310,14906.975581076755
13311,14911.337909233695
13312,14911.391223446264
13313,14914.06177735653
13314,14914.186466980487
13315,14918.060164711926
13316,14918.773272850307
13317,14920.19629729701
13318,14924.422048733995
13319,14927.102785206167
13320,14930.634695553796
13321,14932.407408053436
13322,14934.300985679296
13323,14934.320455886622
13324,14937.89648172942
13325,14937.911846559322
13326,14940.183842093222
13327,14944.035234216699
13328,14946.852827365847
13329,14947.319792355036
13330,14948.314800578062
13331,14949.526222503182
13332,14951.386274515215
13333,14953.027496107203
13334,14955.108453588784
13335,14959.963265881403
13336,14963.358887798833
13337,14964.648618068899
13338,14966.226713794893
13339,14966.913766342026
13340,14966.914859031884
13341,14968.014976371163
13342,14968.467822142102
13343,14968.46782214214
13344,14968.479152135369
13345,14969.646590172621
13346,14969.730400911028
13347,14971.490640029702
13348,14972.254513234382
13349,14974.111468270528
13350,14975.327675959263
13351,14977.332142943884
13352,14979.577083246028
13353,14979.577083246118
13354,14979.824898387746
13355,14982.311288264194
13356,14991.495982577366
13357,14991.814057391426
13358,14992.933891055143
13359,14993.013404271216
13360,14997.369583407421
13361,15001.918310469093
13362,15005.964661209919
13363,15006.976523953339
13364,15008.652118503642
13365,15009.371761952638
13366,15014.314388045148
13367,15014.314388045277
13368,15016.402408358954
13369,15016.402408358963
13370,15018.364353447521
13371,15018.516183655858
13372,15019.535127782985
13373,15022.516954288905
13374,15022.618162886731
13375,15024.109704164255
13376,15024.178804594372
13377,15026.073258422541
13378,15029.620364522239
13379,15029.813746487789
13380,15037.469772864695
13381,15037.513605801552
13382,15040.531871194249
13383,15044.745076471681
13384,15046.233088997571
13385,15046.84434744892
13386,15047.421349031914
13387,15047.525641187009
13388,15047.584203349526
13389,15047.994982261705
13390,15047.994982261751
13391,15048.246078735729
13392,15048.517203036276
13393,15049.235825556634
13394,15049.68374595828
13395,15052.098072809973
13396,15052.455789696582
13397,15054.40158090253
13398,15055.616081364657
13399,15064.522227684642
13400,15065.332633434185
13401,15065.524396354136
13402,15065.839892736445
13403,15067.527443289471
13404,15067.93863722105
13405,15068.025016605261
13406,15073.296523180728
13407,15078.433296290226
13408,15079.086556467199
13409,15081.517129740838
13410,15082.607254095245
13411,15083.791006980371
13412,15088.232923542746
13413,15089.212376555552
13414,15090.429459088127
13415,15093.508165333042
13416,15095.251955264883
13417,15095.860374172355
13418,15096.186901215293
13419,15097.094046815893
13420,15097.094046815961
13421,15101.510756628169
13422,15102.788522694987
13423,15103.588381740106
13424,15104.507046744195
13425,15106.865506865159
13426,15107.922050784782
13427,15109.070158660345
13428,15110.095146380239
13429,15110.095146380254
13430,15110.520207847601
13431,15110.830159722516
13432,15112.655638496717
13433,15115.964610045974
13434,15119.649699195834
13435,15122.412402794656
13436,15122.41240279466
13437,15125.535292071685
13438,15125.655109054764
13439,15126.482014347299
13440,15126.61644646798
13441,15126.645354404482
13442,15126.645354404589
13443,15126.861287421971
13444,15127.217333078384
13445,15128.102520863227
13446,15128.696077240966
13447,15129.066577355001
13448,15130.504900974158
13449,15133.255525324341
13450,15135.333264904621
13451,15138.570851169843
13452,15139.466156775039
13453,15142.931807167133
13454,15144.80563959471
13455,15148.484739763722
13456,15148.609614168485
13457,15148.623783525989
13458,15150.848799046116
13459,15150.93014162544
13460,15153.153251517715
13461,15153.932464354204
13462,15159.864211465612
13463,15160.470205409274
13464,15163.85211226681
13465,15169.511420721134
13466,15170.651183750402
13467,15172.800720865689
13468,15172.800720865773
13469,15173.924928679875
13470,15176.076880917792
13471,15176.121160690722
13472,15177.273768521634
13473,15178.278883983265
13474,15179.909103294785
13475,15181.122819726779
13476,15181.471535669731
13477,15183.843471029895
13478,15187.07511700298
13479,15193.41324588417
13480,15199.239380435187
13481,15199.374036724646
13482,15202.717847816069
13483,15204.226769481271
13484,15204.226769481327
13485,15204.326392998881
13486,15204.781397360146
13487,15205.063923083659
13488,15205.919054512609
13489,15205.986213588705
13490,15206.087020862713
13491,15207.042639931718
13492,15207.923589570708
13493,15209.830140443693
13494,15209.83014044385
13495,15212.901863656156
13496,15214.424078410208
13497,15216.598791045551
13498,15222.808723524244
13499,15223.61749536651
13500,15226.349700663653
13501,15232.063330213243
13502,15233.528763029919
13503,15234.203130072359
13504,15234.203130072414
13505,15235.038834914674
13506,15242.187172197047
13507,15243.217201917898
13508,15245.213911050656
13509,15245.495665456587
13510,15246.164364250706
13511,15250.356716171838
13512,15250.613770514457
13513,15251.118562453377
13514,15252.824616382733
13515,15253.207199937369
13516,15254.443357781547
13517,15256.703508376529
13518,15258.044518166445
13519,15261.195269506483
13520,15265.509019967267
13521,15265.693286825081
13522,15270.773710074363
13523,15271.332571881769
13524,15272.722941748812
13525,15276.223459236437
13526,15276.654698289673
13527,15276.768755248529
13528,15278.248039459491
13529,15278.248039459591
13530,15279.395910377987
13531,15281.513899663229
13532,15281.628839839836
13533,15281.648791308286
13534,15281.950859057446
13535,15283.980253905345
13536,15285.551828737931
13537,15288.486581408035
13538,15289.548329327909
13539,15294.853298909711
13540,15295.247657918693
13541,15298.22578856076
13542,15300.393354930717
13543,15300.958678289864
13544,15301.022794914499
13545,15302.955343112397
13546,15304.670107030795
13547,15309.814442771039
13548,15310.816657488305
13549,15313.536475509833
13550,15313.849859813678
13551,15314.428045103767
13552,15314.42804510381
13553,15316.125566478875
13554,15317.085612943993
13555,15317.742787415544
13556,15321.609964509931
13557,15327.347104013552
13558,15327.347104013639
13559,15329.159502664432
13560,15329.457930386456
13561,15331.225408477807
13562,15332.236718870459
13563,15338.730167554442
13564,15338.738790528701
13565,15340.213124508155
13566,15340.21312450818
13567,15340.530015360846
13568,15341.254477989687
13569,15343.044523670216
13570,15343.569714188921
13571,15346.681297745232
13572,15349.333202840096
13573,15349.490606601174
13574,15352.097119408203
13575,15352.227180279588
13576,15354.882898984
13577,15356.505408508896
13578,15356.615680319885
13579,15356.898411602078
13580,15356.898411602242
13581,15357.041347054417
13582,15357.375912713791
13583,15359.826463707484
13584,15361.033256476572
13585,15361.816875472894
13586,15362.713102301774
13587,15362.713102301917
13588,15366.69898806001
13589,15366.961519328865
13590,15367.060020845161
13591,15368.176253692856
13592,15370.492979930335
13593,15372.183250651911
13594,15372.240180500101
13595,15375.038284859613
13596,15376.673992060765
13597,15378.83317444038
13598,15384.874877724402
13599,15387.020826714841
13600,15391.550019151
13601,15392.754353324633
13602,15394.729906072684
13603,15395.027031074123
13604,15396.159565023221
13605,15400.200522132094
13606,15402.234918676531
13607,15404.169444073217
13608,15405.984801452529
13609,15408.009159951573
13610,15409.135521997208
13611,15412.852314089792
13612,15414.222835927048
13613,15414.28077616699
13614,15415.942802398929
13615,15422.497348826553
13616,15424.302649170753
13617,15424.381656400898
13618,15425.749340536748
13619,15427.630862157164
13620,15427.630862157386
13621,15428.282735035793
13622,15428.408307353528
13623,15428.917569375242
13624,15430.838926282942
13625,15430.93514546726
13626,15432.084176707298
13627,15435.883682299394
13628,15438.216111661466
13629,15438.536028796017
13630,15438.536028796119
13631,15440.784032594574
13632,15444.671777258985
13633,15445.162142043981
13634,15446.971527066882
13635,15449.521742496061
13636,15449.608776636149
13637,15457.170689806666
13638,15459.15660503903
13639,15462.597377013815
13640,15463.200486577283
13641,15465.630491727514
13642,15469.481516890457
13643,15469.837785673326
13644,15473.927469936451
13645,15474.956143814992
13646,15475.263139155475
13647,15475.547727771731
13648,15478.036157715096
13649,15480.172890033553
13650,15481.407078084887
13651,15485.505603209025
13652,15487.31693676776
13653,15487.982819929968
13654,15491.319010656051
13655,15491.617610098061
13656,15494.053390000467
13657,15494.862396638768
13658,15496.048761172915
13659,15496.048761172917
13660,15500.918199423148
13661,15501.126760317171
13662,15502.925022792331
13663,15503.065961032375
13664,15503.617190635989
13665,15504.001788245732
13666,15504.007881533016
13667,15504.340426539962
13668,15504.340426540086
13669,15506.138583152017
13670,15509.702021096124
13671,15511.052177021691
13672,15511.861668475398
13673,15513.919798405583
13674,15518.172963303623
13675,15520.240808208157
13676,15526.788974119398
13677,15527.070834350769
13678,15529.392699126716
13679,15531.440296232795
13680,15535.34768771032
13681,15537.31950726088
13682,15537.319507260894
13683,15538.619630375724
13684,15540.266888749971
13685,15544.546023231831
13686,15544.546023231938
13687,15545.147825726996
13688,15545.147825727103
13689,15547.929939647229
13690,15549.782570378778
13691,15550.439966591341
13692,15551.761349091252
13693,15552.558149910188
13694,15554.81161037946
13695,15555.035774844098
13696,15555.949661453056
13697,15556.323382961977
13698,15563.247522149069
13699,15563.58775153082
13700,15566.348646083117
13701,15566.49121146395
13702,15567.659929210356
13703,15568.076704268002
13704,15569.817888084772
13705,15571.94511511935
13706,15572.006210117466
13707,15572.305733150737
13708,15573.312764059403
13709,15573.841503859967
13710,15574.699133315613
13711,15574.699133315706
13712,15575.767107657657
13713,15577.304454285424
13714,15577.319923103472
13715,15577.812564443528
13716,15577.839480230088
13717,15581.535420707722
13718,15583.710147625434
13719,15584.083648192984
13720,15584.250242158079
13721,15592.876432240464
13722,15595.503633077951
13723,15595.726977213169
13724,15599.521855337878
13725,15601.129607874536
13726,15602.618578542388
13727,15602.881701798342
13728,15607.945019379171
13729,15610.755416153082
13730,15613.309327462368
13731,15614.784942513146
13732,15615.333672434997
13733,15618.58166281872
13734,15619.093468513976
13735,15621.558010659124
13736,15622.565536451533
13737,15625.459157112942
13738,15626.445193582078
13739,15627.930974034409
13740,15628.448410232153
13741,15628.448410232184
13742,15631.96376088089
13743,15631.963760881028
13744,15634.200597681491
13745,15637.290764664089
13746,15637.365914049644
13747,15640.79039386699
13748,15641.786757189271
13749,15644.241140972576
13750,15644.760971092282
13751,15645.014274383917
13752,15645.75298509504
13753,15650.055729764515
13754,15651.810080789883
13755,15654.065132452193
13756,15654.730993604571
13757,15659.463449840629
13758,15661.506792303513
13759,15665.005533334988
13760,15665.876726561475
13761,15669.359596972945
13762,15673.896643492604
13763,15675.360667398114
13764,15676.927675193778
13765,15677.740719429607
13766,15678.946831499094
13767,15678.946831499099
13768,15682.52846523711
13769,15683.09127352384
13770,15684.023164622402
13771,15684.223320412704
13772,15689.041431002028
13773,15689.463698639556
13774,15692.183457697531
13775,15692.674906746057
13776,15695.805840081581
13777,15700.166622909854
13778,15700.381659896682
13779,15700.381659896755
13780,15701.746478810031
13781,15702.207414350858
13782,15706.34950265209
13783,15706.545800769914
13784,15706.904190015572
13785,15709.200872377551
13786,15711.933443297325
13787,15712.647057999291
13788,15713.27420035883
13789,15713.731078033788
13790,15717.633735354886
13791,15718.437358366395
13792,15722.535631162857
13793,15722.942121394548
13794,15727.159483280104
13795,15730.18587487753
13796,15732.216176098829
13797,15733.426702224573
13798,15733.616824211362
13799,15734.458404668021
13800,15734.458404668032
13801,15737.716633938722
13802,15741.074875000439
13803,15743.266723311481
13804,15748.647380055265
13805,15749.370123209406
13806,15749.480724450785
13807,15749.480724450814
13808,15751.387492157273
13809,15751.873863450317
13810,15753.290940907254
13811,15753.769201243247
13812,15753.905304779593
13813,15754.842417852031
13814,15756.772591989984
13815,15762.320026353415
13816,15763.694621318504
13817,15764.908585892113
13818,15765.388331297316
13819,15767.200753648991
13820,15769.21239717784
13821,15770.521646974828
13822,15770.636487911814
13823,15771.331113512042
13824,15771.988355076133
13825,15777.19094381337
13826,15778.007819156102
13827,15779.032032039369
13828,15779.032032039402
13829,15779.939882501134
13830,15781.398301923806
13831,15782.221300966403
13832,15782.99061770502
13833,15784.311274150972
13834,15785.619680970605
13835,15786.627368344742
13836,15791.112370842948
13837,15793.929130326758
13838,15794.522792039119
13839,15794.524939801837
13840,15795.928732506352
13841,15799.368370390606
13842,15799.39028232314
13843,15803.054815191257
13844,15803.054815191277
13845,15803.986102067038
13846,15805.625574223235
13847,15814.042527140966
13848,15815.118013451965
13849,15815.388604880442
13850,15815.630450881396
13851,15820.770165376616
13852,15821.876142317011
13853,15821.876142317202
13854,15826.555193081454
13855,15830.035174178272
13856,15831.317905191851
13857,15831.374146032795
13858,15831.597416086897
13859,15831.848331124371
13860,15836.359724657386
13861,15837.433164319629
13862,15837.4331643197
13863,15842.912442472854
13864,15843.446561173278
13865,15843.957030668942
13866,15844.282485334381
13867,15845.719451436009
13868,15847.136446222301
13869,15850.09984863558
13870,15852.134709889802
13871,15855.564464787516
13872,15859.416329351732
13873,15861.203415241715
13874,15862.388439832006
13875,15864.188844346854
13876,15865.661525611393
13877,15868.011122328615
13878,15868.5498263502
13879,15876.208281901487
13880,15878.512608570627
13881,15878.516522492811
13882,15878.81289240389
13883,15881.947752574924
13884,15883.029064594428
13885,15884.461621032608
13886,15884.948967727178
13887,15887.231198359739
13888,15889.76729848019
13889,15890.2940413328
13890,15890.294041332982
13891,15892.113214720468
13892,15894.360045506426
13893,15895.317560259155
13894,15899.923081240326
13895,15903.825653610773
13896,15907.402865320777
13897,15907.510770088089
13898,15907.860304307931
13899,15908.028037663287
13900,15909.064809627067
13901,15909.064809627078
13902,15911.399528914346
13903,15912.024181660872
13904,15912.665953543961
13905,15913.116281884002
13906,15917.723382493779
13907,15919.525099593082
13908,15920.232380104551
13909,15929.96129834677
13910,15930.427317425456
13911,15931.446424169448
13912,15932.838963793034
13913,15937.691063149496
13914,15939.100056352921
13915,15939.393105886895
13916,15939.393105886928
13917,15939.642657242312
13918,15940.225543805371
13919,15942.170169207497
13920,15947.530422909194
13921,15948.288173651606
13922,15948.560781023487
13923,15949.758106534095
13924,15950.014861941569
13925,15953.175421441094
13926,15953.726735948183
13927,15954.573969641096
13928,15955.839103865625
13929,15958.136733576501
13930,15958.942262590879
13931,15961.541148011804
13932,15961.541148011924
13933,15964.760980954761
13934,15967.173270968447
13935,15967.81875015868
13936,15968.657817555455
13937,15968.944413475383
13938,15968.944413475549
13939,15970.954362079978
13940,15973.042130221729
13941,15973.053790859602
13942,15973.334917192598
13943,15975.795285202317
13944,15976.628460540509
13945,15978.188307355764
13946,15979.060488557718
13947,15982.126578837591
13948,15986.37822791193
13949,15990.068199385789
13950,15993.006146996448
13951,15994.560907675139
13952,15996.482547275909
13953,15996.482547276026
13954,15998.933895815984
13955,15999.473106630227
13956,16003.383010192938
13957,16005.17030730182
13958,16007.003560488327
13959,16009.805384936717
13960,16010.937379797191
13961,16011.929417340516
13962,16012.701611490493
13963,16013.796103992478
13964,16014.277878008872
13965,16016.963686678433
13966,16018.233902853561
13967,16023.405292397125
13968,16024.330971359464
13969,16027.97874884303
13970,16028.830261863563
13971,16029.012042573604
13972,16030.839143017349
13973,16031.226863728309
13974,16037.903586259399
13975,16038.171661822553
13976,16039.939558222524
13977,16041.864044820095
13978,16047.703614104388
13979,16050.947854194224
13980,16053.109592903258
13981,16053.232576601129
13982,16053.712545694172
13983,16058.657923047564
13984,16058.911453507539
13985,16059.287667001207
13986,16061.051204016238
13987,16061.137227665982
13988,16062.718150176805
13989,16064.900446291695
13990,16064.900446291827
13991,16067.55114244749
13992,16067.551142447632
13993,16068.021962133174
13994,16073.801275725307
13995,16076.334953258171
13996,16079.682564871351
13997,16080.654589537735
13998,16081.102338254721
13999,16087.145487400225
14000,16087.321384304852
14001,16087.846097548601
14002,16090.172351609746
14003,16090.458111887128
14004,16092.834311265555
14005,16093.597083368084
14006,16098.152106771189
14007,16098.971806571502
14008,16103.168472249761
14009,16103.168472249881
14010,16105.057646248997
14011,16106.264117546736
14012,16109.505553132114
14013,16112.628941609455
14014,16113.746050012714
14015,16113.99951084597
14016,16113.99951084597
14017,16115.520854236433
14018,16115.635900858335
14019,16117.988192711353
14020,16119.605184196485
14021,16121.153004077227
14022,16122.90201991783
14023,16123.933364403782
14024,16124.299082162479
14025,16129.275530740704
14026,16130.097324714041
14027,16130.733290601403
14028,16132.911792464136
14029,16136.790415815656
14030,16138.941299823207
14031,16140.767699938529
14032,16141.728472375007
14033,16143.55081843456
14034,16143.550818434667
14035,16145.083268565129
14036,16145.167839059846
14037,16145.772233287047
14038,16148.059722063081
14039,16148.988978446152
14040,16149.926656720212
14041,16150.601311358743
14042,16151.837808682507
14043,16153.001699642202
14044,16154.968880096672
14045,16154.968880096796
14046,16159.078726559226
14047,16163.256686179468
14048,16164.141728390363
14049,16168.938133430858
14050,16169.038688437618
14051,16169.176621972811
14052,16172.012355135628
14053,16174.063672590177
14054,16175.005486909162
14055,16175.173352918362
14056,16176.645320986941
14057,16178.596684315151
14058,16182.871499070969
14059,16184.996455161448
14060,16191.481360674057
14061,16192.17656396239
14062,16197.17878478521
14063,16198.504560618099
14064,16198.969626216804
14065,16199.021721172956
14066,16199.766966532176
14067,16200.060318626585
14068,16204.829436783773
14069,16206.017950470425
14070,16206.678240047255
14071,16208.062299041287
14072,16209.178466685609
14073,16209.178466685797
14074,16216.123319686001
14075,16222.114910425116
14076,16222.695569355614
14077,16222.963429086692
14078,16223.386779112234
14079,16223.38677911233
14080,16227.276455942047
14081,16228.839599352279
14082,16230.257559177695
14083,16232.186023927023
14084,16232.48702618638
14085,16237.907019823459
14086,16238.415106816841
14087,16242.236440490802
14088,16243.02937646624
14089,16250.291264625954
14090,16251.09219164054
14091,16251.40354308582
14092,16251.589030941906
14093,16252.502328799423
14094,16253.188535998444
14095,16255.229193046043
14096,16255.49584704794
14097,16257.472017990374
14098,16258.523395995269
14099,16261.32213423881
14100,16268.827135524045
14101,16269.187290468546
14102,16270.658121370489
14103,16271.702381357969
14104,16272.485843666478
14105,16272.485843666516
14106,16274.19833243532
14107,16275.049632178845
14108,16278.96497760612
14109,16279.290465806031
14110,16279.314535131913
14111,16284.12476241171
14112,16284.199132078988
14113,16285.363493166999
14114,16292.363623812133
14115,16293.003791796578
14116,16294.3963101708
14117,16295.32692527252
14118,16295.521326091426
14119,16296.596204334666
14120,16296.596204334701
14121,16302.03715125497
14122,16302.037151255179
14123,16302.969517385536
14124,16303.356287610995
14125,16303.796290740975
14126,16304.218087303809
14127,16305.226209114042
14128,16306.162215290189
14129,16307.819540783728
14130,16312.836361294298
14131,16315.633906788038
14132,16316.047880343252
14133,16316.410786374778
14134,16320.655179771
14135,16321.340219146012
14136,16323.375988740137
14137,16324.112115846427
14138,16324.431083781164
14139,16328.369775210696
14140,16328.51757750543
14141,16333.286450377938
14142,16333.286450377991
14143,16339.107071537372
14144,16339.798440887807
14145,16342.190335000299
14146,16342.681485102539
14147,16345.783993600166
14148,16350.505803096099
14149,16350.940204476317
14150,16351.551172914613
14151,16352.031223753935
14152,16353.671474267687
14153,16359.843790165463
14154,16360.02330617418
14155,16365.014103350468
14156,16365.014103350539
14157,16366.749789154786
14158,16369.25452278352
14159,16369.898540836015
14160,16370.929142290073
14161,16372.121632980514
14162,16373.5986821064
14163,16374.846950619522
14164,16378.520760621237
14165,16379.561170468829
14166,16380.913204467211
14167,16382.395658240845
14168,16390.126028151008
14169,16394.153147857767
14170,16394.266408352687
14171,16395.390011893738
14172,16398.681740467458
14173,16398.687979645179
14174,16400.250946053253
14175,16400.559477761311
14176,16400.846213173703
14177,16406.361774452864
14178,16408.742032541777
14179,16409.727933402446
14180,16409.874808504614
14181,16412.754527040393
14182,16414.113167904507
14183,16414.113167904765
14184,16415.11207686791
14185,16418.665147130752
14186,16419.042212923687
14187,16420.70418802679
14188,16420.704188026899
14189,16424.38453964888
14190,16424.588592462573
14191,16428.630090080249
14192,16430.268347623962
14193,16436.281416243364
14194,16438.92679136217
14195,16439.296444813732
14196,16439.999819760938
14197,16440.255371472929
14198,16443.664475493249
14199,16443.664475493297
14200,16444.108648683268
14201,16445.181274157916
14202,16445.233550677814
14203,16445.928200655075
14204,16449.143675263182
14205,16449.548826468086
14206,16449.68843785936
14207,16453.088598927021
14208,16454.39048868397
14209,16454.397363014559
14210,16458.138422757074
14211,16458.779245876212
14212,16459.071320431332
14213,16462.573389599685
14214,16462.736725495917
14215,16469.784956892843
14216,16470.147201147454
14217,16470.365195936622
14218,16472.057542870549
14219,16477.079924885817
14220,16480.768512667797
14221,16487.101259299023
14222,16487.172005118111
14223,16488.854386764138
14224,16489.122087042615
14225,16489.122087042779
14226,16489.65185762673
14227,16490.798002813695
14228,16493.151941567015
14229,16498.210016552599
14230,16499.831116514106
14231,16500.219428055007
14232,16500.459731388815
14233,16503.408447598096
14234,16503.674298024485
14235,16509.608827178381
14236,16515.009507264338
14237,16515.69873265973
14238,16517.949667611007
14239,16520.47479519706
14240,16526.474764653431
14241,16526.714182462572
14242,16526.714182462674
14243,16527.069936957138
14244,16527.238015846793
14245,16528.744180643105
14246,16528.907589482082
14247,16528.913917438545
14248,16533.870674504069
14249,16538.221151596907
14250,16538.221151596983
14251,16540.647376490051
14252,16541.614864062078
14253,16542.366660159165
14254,16544.609483709872
14255,16547.769588170013
14256,16550.177475934921
14257,16550.687966307025
14258,16556.847798222578
14259,16558.222644570727
14260,16558.489978884834
14261,16558.622520012661
14262,16560.787442696615
14263,16562.885486866155
14264,16567.302771969291
14265,16567.483479486069
14266,16567.772459185311
14267,16567.772459185428
14268,16568.898801381893
14269,16569.237098389476
14270,16571.245416538215
14271,16572.187524982688
14272,16572.599944912392
14273,16575.538299531472
14274,16576.51540357179
14275,16577.649909888711
14276,16579.204119717921
14277,16582.062214764519
14278,16582.875324396722
14279,16586.021556092586
14280,16588.79299634806
14281,16591.999530732122
14282,16595.132081478343
14283,16595.132081478379
14284,16598.676346844997
14285,16604.266194186901
14286,16605.106131185745
14287,16606.645332998356
14288,16607.777286775727
14289,16607.993416171252
14290,16610.894905476081
14291,16612.425775897336
14292,16612.638160939496
14293,16614.131920111868
14294,16616.092020259952
14295,16623.900014767907
14296,16624.411155213184
14297,16625.022346327598
14298,16628.00236747073
14299,16628.386385265672
14300,16635.199870845841
14301,16635.652113497883
14302,16640.231166162874
14303,16640.761236512204
14304,16641.135393484903
14305,16641.47796541368
14306,16644.23114603254
14307,16644.2311460327
14308,16644.262131761836
14309,16647.513602062689
14310,16652.655896346278
14311,16652.660744471552
14312,16652.918747148899
14313,16653.540685332326
14314,16661.001097791381
14315,16662.101184919607
14316,16663.046143644158
14317,16666.827771896176
14318,16669.062425837266
14319,16669.726314498246
14320,16672.244767791253
14321,16673.782453621174
14322,16673.782453621199
14323,16674.446718510484
14324,16675.411573710768
14325,16676.018177824804
14326,16677.426924166808
14327,16677.990222166103
14328,16678.984894977933
14329,16679.027523382811
14330,16682.549819127333
14331,16682.549819127526
14332,16683.263009743248
14333,16685.738652540094
14334,16694.694687102237
14335,16695.147433499387
14336,16696.768987557851
14337,16704.799560286858
14338,16704.962161043582
14339,16705.036289820557
14340,16705.674125243102
14341,16705.762770880337
14342,16706.68578294805
14343,16708.1251793146
14344,16712.358676132204
14345,16715.562149803223
14346,16716.06614371901
14347,16717.407167789428
14348,16723.604510257654
14349,16730.772542472761
14350,16731.255821686733
14351,16731.648883681577
14352,16731.648883681646
14353,16734.134758631601
14354,16734.220739585558
14355,16734.606284390335
14356,16736.452112379906
14357,16738.511134029512
14358,16743.893190183964
14359,16747.057537365676
14360,16747.921643716076
14361,16748.482005468588
14362,16750.967718143263
14363,16754.456626936986
14364,16755.727898473426
14365,16756.859694637722
14366,16759.986709751149
14367,16761.200191270251
14368,16761.200191270353
14369,16762.184188150473
14370,16763.070003317418
14371,16764.277766455845
14372,16764.612759291591
14373,16764.706857941757
14374,16770.365015092601
14375,16772.040105501081
14376,16772.355809728237
14377,16773.725003995027
14378,16777.974687778653
14379,16782.547205637213
14380,16783.198995623545
14381,16786.233439687185
14382,16786.302367650878
14383,16788.886213500191
14384,16788.96287439956
14385,16789.223378984447
14386,16794.806831079939
14387,16800.066782697268
14388,16800.066782697359
14389,16805.795692946456
14390,16807.076741777
14391,16807.278596178934
14392,16809.359670927221
14393,16809.655511728535
14394,16815.278509536518
14395,16815.814994573386
14396,16816.619722333799
14397,16820.126639673061
14398,16820.850062629725
14399,16822.362892796878
14400,16827.282941201629
14401,16829.618090285752
14402,16829.618090285756
14403,16830.415026428916
14404,16832.508562206971
14405,16832.673738257898
14406,16832.891131921264
14407,16836.158490780774
14408,16837.129254862662
14409,16840.383002259339
14410,16842.304286730257
14411,16843.019273992202
14412,16848.279742732931
14413,16848.360785693349
14414,16849.165847251417
14415,16851.24704694904
14416,16856.060629381758
14417,16860.623611808871
14418,16862.617266896999
14419,16864.98552844199
14420,16865.301638011581
14421,16865.437135552016
14422,16869.349469155582
14423,16873.163506597997
14424,16876.072834983959
14425,16878.717154839935
14426,16878.717154840004
14427,16880.591328399631
14428,16881.765638056331
14429,16882.788383765172
14430,16885.812554688971
14431,16887.394313904617
14432,16888.90023673778
14433,16890.813207808373
14434,16890.875831031597
14435,16895.010111684551
14436,16901.575661389896
14437,16901.627367598736
14438,16903.214663231043
14439,16908.268462428765
14440,16910.298022285107
14441,16913.700269468809
14442,16914.064255321831
14443,16914.068165606292
14444,16919.434098881236
14445,16920.251632667336
