# Domain: isosceles_triangle (DST, convergence sweep, dense eig full spectrum)
# Resolution M = 105, dofs = 5460
# Computation time: 3.1395 s
# Eigenvalues stored: 5460 of 5460
n,lambda_n
1,4.9999959298005985
2,9.9999710399143176
3,12.999988683540479
4,16.999898105615973
5,19.999934764983106
6,24.999977789143546
7,25.99973888137124
8,28.999800011440733
9,33.999883839599718
10,36.999443969205124
11,39.999535041354065
12,40.999963216354075
13,44.999668797089903
14,49.998952648438937
15,51.999818122390863
16,52.999079153859675
17,57.999271993965102
18,60.999944924638392
19,64.998192665586586
20,64.999504097290995
21,67.998360118890645
22,72.998621239309713
23,73.999737429977714
24,79.998949005136424
25,81.997079984043978
26,84.99729392666049
27,84.999922862813634
28,88.99930545126314
29,89.997632568265203
30,96.998068944252253
31,99.999641535963903
32,100.99551849159799
33,103.99578449518543
34,105.99856516856077
35,108.99620994942008
36,112.99989696881173
37,115.99676795443408
38,116.99907229993218
39,121.99339966444546
40,124.9937233342894
41,124.99742071370871
42,129.99424494880051
43,129.99953016953702
44,135.99811940002891
45,136.99493768078861
46,144.99060218617143
47,144.99986716926992
48,145.99576383419685
49,147.99098916430228
50,148.99880398228458
51,152.9916163483496
52,156.99667470941665
53,159.99245699199182
54,163.99940301366522
55,168.99347351073359
56,169.9869915188342
57,169.99761043019197
58,172.98744748729223
59,177.98818971700746
60,179.99461734707123
61,180.99983337884888
62,184.98919155104213
63,184.99849973087856
64,192.99582879678803
65,193.99041552820194
66,196.98241942482474
67,199.98295010856106
68,201.99925970292568
69,204.98381693196816
70,204.99181324780477
71,207.99703679593904
72,211.98499333639418
73,217.99332519568804
74,220.98644199596882
75,220.99979550003994
76,224.99815866654367
77,225.97672343583605
78,228.97733460558126
79,231.9881146822826
80,232.99488053070615
81,233.97833564726935
82,240.97970010991392
83,243.99909982084708
84,244.98995208986489
85,249.98139081561544
86,249.99639682990392
87,256.96972626630179
88,259.97042374112317
89,259.99188362236379
90,260.98335972428049
91,264.97156870682096
92,264.9997534220355
93,268.99777979194386
94,271.97313482964915
95,273.98554775843547
96,276.99382713702613
97,280.9750850931091
98,288.98788458932086
99,289.96123516785292
100,289.99892289690086
101,291.97737166182816
102,292.96202481768887
103,295.99568864794202
104,297.96332349804561
105,304.96510500259984
106,304.9799357071081
107,305.99028838096723
108,312.99970702023023
109,313.96733249076681
110,316.99736198414746
111,319.98270719080074
112,324.95104122058012
113,324.96995834869443
114,324.99266549246488
115,327.95192896823801
116,332.95339124261318
117,336.9856046116729
118,337.97292401765878
119,339.95540197604288
120,339.99872840285354
121,345.99491013504411
122,348.95792451703119
123,352.97615977605
124,355.9885347045622
125,359.96091149336195
126,361.93891855749888
127,364.93991038035699
128,364.99965615485434
129,368.99690398547131
130,369.94154621952407
131,369.97958448488259
132,372.9643046373742
133,376.94380015754859
134,376.99139209868292
135,385.94663574772147
136,387.96803457025732
137,388.98310528737682
138,393.99851574839067
139,396.95000587800428
140,399.9940589278113
141,400.92462351606088
142,403.92572544773441
143,404.97202054540674
144,408.92754491694825
145,409.95385259519753
146,409.98661726741017
147,415.93005616786809
148,420.99960067030105
149,423.97617014897406
150,424.93322297381775
151,424.95810689305432
152,424.99640439392249
153,432.99000305521577
154,435.93699850736766
155,441.90789371300934
156,441.96268844428471
157,444.90911184403501
158,444.98037895562095
159,448.94132515157611
160,449.91112510382862
161,451.9982842764465
162,456.91390791105016
163,457.99313239509439
164,460.96750531680686
165,463.9461342971718
166,465.91742427874391
167,467.98453013764799
168,476.92162767754922
169,480.95134607911115
170,480.99954039343839
171,481.97245361602114
172,484.88844703519982
173,484.99586164949199
174,487.88978751372792
175,489.92646085996307
176,492.89200482093463
177,492.98849402545557
178,499.89507356327437
179,499.95686907811734
180,504.93185564286802
181,504.9774171003973
182,508.89895801221445
183,513.99803325727373
184,519.90361196054721
185,519.99212761532635
186,520.96259997187633
187,521.93773265821471
188,529.86598054003628
189,529.9822667315816
190,532.8674495710427
191,532.90897855586115
192,537.86988127957295
193,540.94400103611815
194,543.96842315048207
195,544.87325047377863
196,544.99947513208747
197,547.91499007530604
198,548.99527402316994
199,553.877521699162
200,556.98686019747572
201,561.9505580763506
202,564.88264909491011
203,564.92156768138307
204,568.97421026730672
205,576.84016925882509
206,577.88857624241246
207,579.8417731050198
208,579.99776188189128
209,583.92862109168584
210,584.84442966157235
211,584.95728884708365
212,585.99104134847778
213,591.84811395693237
214,592.89523590199633
215,595.97981974802997
216,600.85279083059686
217,604.93604828290188
218,609.90254979825556
219,609.96406574634466
220,611.85841480136457
221,612.99940467355543
222,616.99463959831246
223,624.8649298870597
224,624.98509624189467
225,625.81066489356817
226,627.94373504974919
227,628.81240987073852
228,628.91042831748166
229,633.81530181727851
230,636.97074799128131
231,639.87226939640038
232,640.81931599275151
233,649.82441755269394
234,649.91877012455052
235,649.99746925485658
236,652.95155458600959
237,655.9898700081751
238,656.8803556597627
239,660.83056142519501
240,665.97718110203789
241,672.92746180370648
242,673.83769210492483
243,675.88909973921568
244,676.77709439905118
245,679.77898687680943
246,679.95936698396952
247,684.78212484012636
248,684.99932878226639
249,688.84574346945135
250,688.99395625369971
251,691.78648380039522
252,696.89840107420082
253,696.98319625688316
254,697.93637741437169
255,700.79202925598872
256,705.854638505607
257,708.96701867947058
258,711.79871655492241
259,719.90814710393056
260,723.99715438323187
261,724.80649070204288
262,724.86428901619036
263,724.94537798842703
264,729.73905843922216
265,729.98860962345861
266,732.74110483493109
267,737.7444995248087
268,739.81528623382201
269,739.9743418462192
270,744.74921828837137
271,744.91821279659848
272,745.87459524847998
273,753.75522699165629
274,753.95431092641343
275,756.82502678637479
276,760.99924719740648
277,764.76248144101385
278,764.99322163971101
279,768.8854455563112
280,771.92846017031923
281,772.9811537045025
282,775.83562495915771
283,777.77092721440602
284,784.69612970713661
285,784.96300950079501
286,787.69833648156714
287,792.70199867796077
288,792.78049944744851
289,793.89671589830778
290,796.84698189979861
291,799.70709237720791
292,800.93873774562644
293,801.99681617049634
294,807.98725579841823
295,808.71358381973141
296,809.79112256593305
297,817.97129206573743
298,819.72142929965378
299,819.85898692392834
300,820.90826936998928
301,828.80271001190886
302,831.94887990879465
303,832.73057501617529
304,840.99915963027422
305,841.64785109507477
306,844.65022474553007
307,844.87151702939593
308,844.99243315813453
309,847.74095677042783
310,849.65416529944127
311,849.81516385489635
312,849.91995566222602
313,852.97896135793997
314,856.65964914350013
315,864.75249980615251
316,864.95870625275268
317,865.66664293605618
318,871.88443649500311
319,872.82837448556415
320,876.67510350581813
321,880.9316103427924
322,883.76511846880715
323,883.99645340076324
324,889.68497765715927
325,889.98580366563283
326,897.84222002518891
327,899.96802079480915
328,900.59373370063497
329,900.89759622004806
330,903.59628075642377
331,904.69620192944433
332,904.77871588261189
333,908.60051056605073
334,913.94305437680919
335,915.60639983742692
336,921.70870252521945
337,924.61391567904207
338,924.85656597788432
339,924.99906576118872
340,927.79318339019642
341,928.99158792257992
342,931.91083317039931
343,935.6230154958414
344,936.97661119882378
345,940.72239463103244
346,948.63364674659135
347,948.95409317896201
348,952.80840049908943
349,953.87126457167028
350,961.53325465432215
351,961.73718245793623
352,963.64574682349996
353,964.53598166066081
354,964.92396966658634
355,969.54051165212843
356,969.99606472449079
357,975.98424782300594
358,976.54682168887427
359,979.82423397239199
360,980.65924270601613
361,984.75295862815346
362,984.88615425477076
363,985.55487936186091
364,985.96451586178978
365,996.56464265734462
366,999.67405073396867
367,999.93681265485282
368,1008.8405374919093
369,1009.5760597544344
370,1009.7696039538691
371,1012.9989652342815
372,1016.9906827405912
373,1017.901058761642
374,1020.6900762578809
375,1024.4658547487741
376,1024.5890689433427
377,1024.974094337324
378,1027.4687682601977
379,1032.4736093742463
380,1036.7869864697727
381,1036.9491528347232
382,1039.4803555264857
383,1039.8571509838221
384,1041.6035981295995
385,1043.7072131829102
386,1048.4889748297451
387,1052.9157867568288
388,1059.4994258911349
389,1059.9956486462311
390,1060.619564770134
391,1065.8049615412344
392,1065.9825822867654
393,1068.7253435804762
394,1072.5116576855949
395,1072.8738999567172
396,1075.9607637534511
397,1081.6368754243217
398,1087.5256093591827
399,1089.3909358524238
400,1089.9301306324371
401,1092.3940424125753
402,1095.7443372236812
403,1096.8233706841354
404,1097.3992055810165
405,1104.4064031667015
406,1104.5412098273609
407,1104.6554254875969
408,1104.9988576564206
409,1107.8905946689738
410,1108.9897140587104
411,1113.4156039034544
412,1116.9714008811695
413,1123.5583779311462
414,1124.426766985237
415,1124.7640509691589
416,1128.9438657590958
417,1129.6750981513219
418,1129.8420412269263
419,1137.4398422939857
420,1144.5770213030698
421,1144.9070294528615
422,1152.4547698574738
423,1153.9952034999285
424,1155.78432811575
425,1156.3078580770878
426,1156.6957653042416
427,1159.3111642073993
428,1159.9808003695478
429,1164.3166603140971
430,1164.8607851512559
431,1167.5970368085245
432,1169.4714798231378
433,1169.9567494545549
434,1171.3243246799291
435,1180.3341265045278
436,1183.9229815506405
437,1185.7172852565222
438,1188.4898920074697
439,1188.8049979032435
440,1191.346025832667
441,1192.6183095930769
442,1200.9987425868098
443,1201.8793989062256
444,1204.3599733267499
445,1204.9886779206706
446,1209.5099158157184
447,1212.9685198348429
448,1216.7395033115229
449,1219.3759100470752
450,1219.6407127935408
451,1223.8258743994841
452,1224.9382103842258
453,1225.2159366957067
454,1228.2194488674497
455,1232.5314494060594
456,1233.2252887287918
457,1236.393767465441
458,1240.2334350091032
459,1240.8976618621891
460,1248.6641067802614
461,1249.2438575312501
462,1249.7622506631074
463,1251.9947274309925
464,1255.4134665991082
465,1257.5543797186158
466,1257.9788946655194
467,1260.2565171206488
468,1260.8467561106913
469,1267.952456189101
470,1273.2713653705539
471,1276.4349182960032
472,1279.6883389707682
473,1281.9153355602048
474,1284.5785815739073
475,1284.7853437651702
476,1288.2883444806657
477,1296.1144387479364
478,1299.1181633568604
479,1299.4580224539502
480,1299.8674247032804
481,1300.9986195365077
482,1304.1243576673512
483,1304.987569909586
484,1305.3073869875627
485,1311.1330008834975
486,1312.713242661936
487,1312.9654389327932
488,1313.6039178621088
489,1320.1440634935882
490,1321.8085830065538
491,1324.3284153260938
492,1324.4826680594101
493,1324.932162605689
494,1331.1575071263694
495,1340.8876440270917
496,1344.1732843269199
497,1344.6302377068273
498,1345.3513424662503
499,1347.7386366038559
500,1351.5087314189952
501,1353.9942183645769
502,1359.1913385745147
503,1359.9768568445159
504,1360.8317528240282
505,1368.3760695315029
506,1369.0025793395837
507,1369.9478652554653
508,1372.0065226954728
509,1376.2116036392761
510,1377.0130819605599
511,1377.6573768025098
512,1380.5360777603616
513,1383.9071592631262
514,1384.0222368931768
515,1384.7643239250826
516,1393.0339586221394
517,1393.4024873426445
518,1395.2340037389829
519,1401.8546196345324
520,1404.0482097556585
521,1404.9984879565084
522,1408.9863850858001
523,1411.5645587008805
524,1412.6851564419021
525,1416.258452820555
526,1416.9621443815161
527,1417.0649438271719
528,1420.4304749517121
529,1423.790091346804
530,1428.925695314929
531,1432.0841054588359
532,1439.2848545730251
533,1443.8795175690773
534,1444.594012352884
535,1444.8769312646605
536,1446.8836858243537
537,1449.1056297967841
538,1449.4598992676465
539,1449.7133827167593
540,1451.8906203587219
541,1458.9003014641
542,1459.9936739749862
543,1464.3131015889896
544,1464.8157082504888
545,1465.9746776078755
546,1467.9127009911961
547,1468.1294431648887
548,1475.9429556550679
549,1478.9277825165195
550,1479.6242628385987
551,1480.4906147732374
552,1488.7418444380676
553,1489.1554606146524
554,1489.8984152781334
555,1491.3430754776596
556,1491.9455007057729
557,1506.9658013873934
558,1507.8409251647463
559,1512.1835882695134
560,1512.9983472308763
561,1513.5224621472398
562,1516.6551185434732
563,1516.9851179115744
564,1520.3746452977339
565,1520.7443520632714
566,1523.7487511904978
567,1523.9886215162828
568,1524.9586207865136
569,1528.7560709836882
570,1529.7703146025665
571,1535.7662923092869
572,1536.9187782978299
573,1537.2137208644931
574,1543.0138883804545
575,1544.7793878747066
576,1548.5552681531001
577,1551.4076681674946
578,1552.8654730441026
579,1555.6863723030945
580,1555.7953220437562
581,1564.0415194677912
582,1564.2457425423486
583,1568.8140507819996
584,1569.9930916478256
585,1572.7985468280406
586,1575.9723464844321
587,1583.8355212854881
588,1584.4419878933179
589,1585.5888445289957
590,1585.9377038238931
591,1587.0714236578426
592,1593.279524171026
593,1596.7177994761942
594,1599.5961160524625
595,1599.8890614798331
596,1600.8596722219752
597,1602.6007518244946
598,1607.6084664775835
599,1612.1034968716201
600,1614.6192415318635
601,1617.8262752198809
602,1619.4774340532063
603,1619.8864324979222
604,1623.6330504628468
605,1624.3149264335684
606,1624.6229877494575
607,1624.9981966671398
608,1628.9837621080694
609,1634.6498588217419
610,1636.9548507322143
611,1639.1376258327496
612,1639.7491574474286
613,1640.9157222381546
614,1647.6696236791524
615,1648.9113773467545
616,1656.5138218729405
617,1657.3517964641233
618,1662.6922938234165
619,1663.9474509294332
620,1664.8532129832438
621,1665.6574755304218
622,1668.173685786096
623,1679.7178093166954
624,1680.4337719650134
625,1683.4386498299639
626,1683.9924684285311
627,1684.780183752782
628,1688.4467684716415
629,1688.9815187776965
630,1689.9698516554122
631,1692.3899667009798
632,1695.4581101404065
633,1695.5509507527984
634,1698.7461011269677
635,1699.2115391803163
636,1699.9320830521858
637,1704.4726491523452
638,1708.6920697864589
639,1713.8790504185977
640,1715.4903519284198
641,1716.0178146626188
642,1719.7770918450271
643,1728.5111772331297
644,1729.4292559526973
645,1731.8105954437735
646,1732.2510356588934
647,1736.5886034833825
648,1740.9980354738673
649,1742.8106930077199
650,1743.5350752580532
651,1744.9823106234846
652,1745.0562162488375
653,1752.9508145543236
654,1753.7265119393687
655,1760.5619877282056
656,1763.2562054515156
657,1764.903453771456
658,1766.2613305175175
659,1767.292012574371
660,1767.8468072355686
661,1768.4694675394255
662,1771.2698617488597
663,1776.0965895627553
664,1778.2817819748386
665,1779.5918479433683
666,1779.6265447675787
667,1780.8400868455112
668,1787.2970665701143
669,1794.8853268881201
670,1798.3156831316637
671,1800.6245800418435
672,1800.760522803238
673,1801.9918009735507
674,1804.3342919734855
675,1807.9671796719365
676,1809.1387879168292
677,1809.5103881263419
678,1811.3375916121577
679,1817.9260630607075
680,1823.6600980880594
681,1823.9261329649394
682,1824.6645207652646
683,1826.3627438791364
684,1831.868328152869
685,1843.377681060922
686,1843.391083524248
687,1844.1826529705579
688,1848.0622187854499
689,1848.6983095778178
690,1849.7938012296647
691,1851.0675957355611
692,1852.5517860726502
693,1854.9690933657398
694,1856.0765473560305
695,1860.9978627644311
696,1862.4225463396269
697,1863.0890571895061
698,1864.980755406699
699,1871.7022560106668
700,1872.1051016386955
701,1872.9464898643494
702,1875.7391072246974
703,1881.2280095003566
704,1883.1246491508232
705,1883.4570583670779
706,1884.4219711169926
707,1884.8949638078129
708,1888.0140671330746
709,1896.1476619044411
710,1897.5934128522445
711,1900.8260217078903
712,1904.7823759697285
713,1906.4945374826355
714,1911.1740928727208
715,1920.2746696144397
716,1920.7394549941378
717,1923.0608976977728
718,1923.9910854632894
719,1927.4669354566067
720,1928.2038880502469
721,1929.96431533891
722,1931.5348912665272
723,1934.8505235728965
724,1935.8279891671677
725,1937.8561565464133
726,1939.9196095036039
727,1942.8655354617122
728,1944.6349981799274
729,1947.236984525219
730,1949.878644700781
731,1953.8568332659461
732,1958.5780183752356
733,1958.895461536875
734,1960.1094164415335
735,1961.3224296928936
736,1968.2733113402803
737,1968.8758079514935
738,1969.9159563438755
739,1971.7757962897699
740,1972.5123298238207
741,1982.9400914345126
742,1984.9976775163966
743,1987.6238066395376
744,1988.9790872796596
745,1991.3127900879206
746,1993.6762504353144
747,1996.9418511310694
748,1997.9678226476424
749,1999.1594391709136
750,2003.9256796148125
751,2004.3710681978384
752,2008.885856854223
753,2014.9990978333394
754,2016.3553302727519
755,2018.6721327765042
756,2019.5578894927351
757,2023.6197326437496
758,2024.810934371651
759,2026.6256251429575
760,2031.6354372521835
761,2034.0338565058823
762,2038.6491541388409
763,2040.2107662658182
764,2040.9774423166261
765,2043.400834602121
766,2044.7168547245733
767,2047.6667542458438
768,2049.4203440995857
769,2049.9903175296081
770,2051.7228623885781
771,2055.0720306615099
772,2055.9612410498348
773,2058.6882090123722
774,2065.9126828540457
775,2068.6033275561422
776,2071.7134825127487
777,2072.4491942764103
778,2078.113543185334
779,2079.844495466637
780,2080.0309149518607
781,2083.2631824498794
782,2086.7425328487925
783,2086.7758486392622
784,2096.4700000224393
785,2097.7564701691372
786,2103.1583077488635
787,2103.5002911898682
788,2103.7753091851787
789,2112.997478558596
790,2114.368351074198
791,2116.9772956653001
792,2117.3745058322233
793,2119.6483354000266
794,2121.0859042620996
795,2122.3847556666024
796,2122.8117537897624
797,2123.8309315132592
798,2124.9368689852549
799,2128.3164535001069
800,2129.3990867566122
801,2130.2062327558233
802,2136.5539919871371
803,2136.8760754805562
804,2138.4174785697951
805,2143.8518018036766
806,2145.5197555421159
807,2149.439903792811
808,2152.7947290607694
809,2159.2572100313919
810,2162.4663284368125
811,2162.8879373461773
812,2164.1421996270956
813,2166.8953790623696
814,2171.6101580500795
815,2172.6925790890459
816,2175.3703260671828
817,2177.4967120553424
818,2179.9894921143577
819,2185.9579366624239
820,2190.3111263562678
821,2191.9424034176718
822,2194.5310063153729
823,2195.9052376585323
824,2196.5693070906468
825,2203.9466781982337
826,2207.0947662022099
827,2208.6686326580043
828,2209.1995743154994
829,2209.8312337751213
830,2210.1011850495197
831,2213.5691565813195
832,2215.1118758422381
833,2218.9927831358364
834,2222.1268253462817
835,2223.3678563093399
836,2224.4245273394417
837,2227.7356957944285
838,2231.1460144167099
839,2234.6110995599902
840,2242.1694171113754
841,2244.9972645332905
842,2247.0069489957909
843,2247.7292508109999
844,2248.0464192807544
845,2248.9753683861109
846,2249.6183274459449
847,2255.19700119861
848,2256.2577795933457
849,2256.93150940846
850,2257.6567646021795
851,2258.4272635847665
852,2268.8655528390441
853,2270.2287280723644
854,2275.478759626083
855,2279.1031999195452
856,2282.7060744396372
857,2284.7772951914244
858,2287.2645517675028
859,2288.7918273682417
860,2292.0685304242961
861,2295.4891966371242
862,2301.7972364905008
863,2304.6664613240655
864,2304.803920102313
865,2305.3165506460982
866,2306.3044204249418
867,2309.758940108979
868,2309.81505298003
869,2312.163006141046
870,2313.9886033946846
871,2316.8306228330816
872,2319.9543787683056
873,2325.850611416402
874,2327.3482733420078
875,2328.5327034870998
876,2329.8972210034453
877,2331.8561650868319
878,2334.5534953049564
879,2336.8749946357798
880,2338.8152666535962
881,2339.1311814469309
882,2343.8169533241048
883,2347.2257045056813
884,2349.9037414261161
885,2350.3960445877506
886,2356.3755983533015
887,2361.713325347604
888,2364.9368160761483
889,2369.8749477676633
890,2375.447656685812
891,2375.6199836782262
892,2376.9220506293782
893,2380.9970338622616
894,2381.9741745513297
895,2383.5860115067358
896,2384.2911539206275
897,2384.9732911553879
898,2388.1946425439241
899,2392.9257327238192
900,2398.4738790515653
901,2401.0157670467838
902,2401.4808268478919
903,2402.5030274622673
904,2402.9378702163385
905,2404.8542113186886
906,2406.4924008313978
907,2409.4346093462887
908,2413.5085896265891
909,2418.6884706543447
910,2420.7585032838278
911,2422.0615363898069
912,2422.5293762787528
913,2423.359195167337
914,2423.9892522166292
915,2431.5620688854292
916,2433.5547379648287
917,2438.0039020362369
918,2439.2586339468553
919,2440.6383085995258
920,2445.1114201753962
921,2446.5846461125479
922,2451.9876445054929
923,2457.9505399238228
924,2461.6190648656229
925,2462.6246750354094
926,2463.7587496149172
927,2464.4296630327467
928,2464.4932461722547
929,2467.8885711821385
930,2470.1653457162279
931,2473.0575152680594
932,2475.0729126955016
933,2478.6579557411092
934,2481.8015446102495
935,2492.3228499850593
936,2495.69073824016
937,2497.1226557599325
938,2497.2232345602342
939,2497.7012695639319
940,2499.6891862869952
941,2500.1298656630543
942,2505.1418771043182
943,2507.5023718112229
944,2510.830595875449
945,2512.1586799014826
946,2514.1447493582773
947,2518.7489533448743
948,2520.996784687713
949,2521.1802581076927
950,2521.5511395953276
951,2524.1265711117476
952,2524.9710473235332
953,2526.2849986363512
954,2530.7601387228297
955,2532.2065906354314
956,2532.9194926342789
957,2541.8009461388592
958,2544.8419591112129
959,2545.2376504424342
960,2547.3869622787256
961,2552.5771228056883
962,2555.2192505746352
963,2557.3505431096301
964,2559.9037678950472
965,2560.273404603734
966,2560.7382028938109
967,2566.8571802473934
968,2567.8327444977076
969,2577.1961246298479
970,2577.3138147865134
971,2580.6078931303414
972,2590.4197628804955
973,2593.9175828830594
974,2593.9866073816188
975,2596.3588365193173
976,2597.7413576326076
977,2598.2962415008265
978,2599.6537012233889
979,2599.9463878620809
980,2600.7488255474073
981,2604.4506132973165
982,2605.7612678698201
983,2606.9084118002197
984,2609.8792151361099
985,2610.9780020347653
986,2612.7786753181372
987,2617.4084198470619
988,2621.8010330213092
989,2622.982068498764
990,2623.7848775362286
991,2625.4925450248261
992,2632.2658544101546
993,2632.8283219861469
994,2640.4625062693699
995,2641.6630742954949
996,2643.3755304299361
997,2645.8605157019119
998,2647.9869867529915
999,2648.7318746748588
1000,2654.0505486978868
1001,2660.897584353479
1002,2662.5687618478942
1003,2663.5134148807615
1004,2664.0530135601075
1005,2664.9965148194078
1006,2665.5210343662256
1007,2668.9686170522286
1008,2676.9127338420026
1009,2677.939492178738
1010,2687.1229226575765
1011,2688.828688285068
1012,2689.3354144787154
1013,2690.45691228647
1014,2691.0683048878577
1015,2692.583930630075
1016,2696.9861967216366
1017,2699.8113856153486
1018,2700.3275872411728
1019,2701.6482817856308
1020,2703.3353069361915
1021,2704.7162127657257
1022,2708.3481697559823
1023,2715.3661672908729
1024,2718.0376502742092
1025,2719.1284930460274
1026,2721.6511154590621
1027,2722.1990863130541
1028,2724.3892861756267
1029,2724.5749458774721
1030,2735.4175077336386
1031,2736.1521815092169
1032,2739.5401609716878
1033,2739.9854824236977
1034,2741.0937996964435
1035,2742.7309562060304
1036,2745.9418839358032
1037,2748.4044265174343
1038,2748.4508118638014
1039,2752.7225070588106
1040,2752.8919687115308
1041,2755.8690663651214
1042,2759.2789137580703
1043,2763.489161295829
1044,2766.1545850162843
1045,2769.7667970144066
1046,2776.2041046274244
1047,2780.5325299153369
1048,2783.2384193716894
1049,2785.7980189905074
1050,2785.8166239921707
1051,2787.6347466287402
1052,2790.6250379833828
1053,2793.2199385132731
1054,2798.3622838621509
1055,2799.5808768411275
1056,2804.8787388625015
1057,2807.886701309983
1058,2807.9733118972094
1059,2809.4724864405439
1060,2812.8999700709442
1061,2812.996221611987
1062,2816.9659765890019
1063,2819.9185369633478
1064,2820.6341564274535
1065,2820.8775342333315
1066,2822.2897888248099
1067,2824.9053904148777
1068,2828.9423903704492
1069,2830.9051161471448
1070,2832.3268068468192
1071,2835.2794855058305
1072,2836.8142690940131
1073,2839.4490552225948
1074,2839.9715127031359
1075,2843.6923185108139
1076,2843.7112767847939
1077,2852.6923182354531
1078,2853.0058823851032
1079,2853.3640526355962
1080,2857.9609516669257
1081,2865.0551047914091
1082,2868.0454715904129
1083,2868.7553068136262
1084,2872.5391424258924
1085,2877.9962435238017
1086,2882.5390759726392
1087,2883.4171137103503
1088,2885.0902503909324
1089,2886.442644574955
1090,2889.9842580233558
1091,2895.823055831333
1092,2895.9369821704186
1093,2896.3542379209134
1094,2897.048146658386
1095,2898.7985950602811
1096,2904.1401814205615
1097,2905.8580198929953
1098,2911.3919762335422
1099,2914.4001698359775
1100,2919.4138241512192
1101,2919.7471164566518
1102,2921.5254657827563
1103,2924.1369920007619
1104,2924.8955036927505
1105,2925.1952211323223
1106,2926.4329327654718
1107,2927.0898055704556
1108,2927.6321879416487
1109,2935.4574841685703
1110,2936.5090837683665
1111,2937.6039106788794
1112,2938.1389882247595
1113,2946.4874626798251
1114,2948.2553240656503
1115,2955.8866799371262
1116,2955.9725667569455
1117,2958.6124157216232
1118,2959.4279312760223
1119,2959.522847897184
1120,2964.9959018782497
1121,2968.9630972239643
1122,2973.3204347921155
1123,2974.5636147274599
1124,2974.7282087364529
1125,2976.8973823737338
1126,2978.185579116901
1127,2981.2333362875347
1128,2985.2185938560037
1129,2988.7985433347189
1130,2989.054167591139
1131,2991.6024014388909
1132,2991.6097824755411
1133,2997.703377729832
1134,3000.3904979122385
1135,3004.6662594707245
1136,3010.6611671577466
1137,3014.9751974948599
1138,3019.8642070508977
1139,3022.8726159360649
1140,3023.8269448010124
1141,3024.1402185921675
1142,3024.5000919840513
1143,3026.331035280607
1144,3027.8866299472647
1145,3029.4654444821335
1146,3031.2833288835927
1147,3031.7178808323092
1148,3034.9062433441495
1149,3038.7982299020618
1150,3043.9314454791165
1151,3043.9829200894183
1152,3048.2994906231033
1153,3048.6969179659659
1154,3049.9316251101282
1155,3054.7798234633542
1156,3054.9622216768644
1157,3059.8459481469022
1158,3060.5452021201299
1159,3061.2306099570442
1160,3067.9985529207206
1161,3073.4319199496776
1162,3073.7256093706033
1163,3074.9282026711644
1164,3076.0637816356157
1165,3079.8469488921901
1166,3081.8968390303157
1167,3083.0404159913069
1168,3086.3827984846348
1169,3091.570208147627
1170,3093.6297015820965
1171,3100.0877766924591
1172,3100.3252452063357
1173,3106.9192018587055
1174,3107.7921636088704
1175,3113.3792298997896
1176,3119.1406140611061
1177,3120.9955516952323
1178,3122.5358121417203
1179,3124.9599436388321
1180,3126.9990580414978
1181,3128.0317470456898
1182,3128.7188495398809
1183,3130.2920542090901
1184,3132.8886112721439
1185,3133.3006583029241
1186,3135.9965182469264
1187,3138.3149984241445
1188,3139.1520306437455
1189,3140.1988807708926
1190,3141.4240014240281
1191,3143.4837061271332
1192,3144.7813202716702
1193,3145.3350693335105
1194,3154.360861370079
1195,3160.6377142162914
1196,3163.2625353539534
1197,3165.3923592588171
1198,3165.8125550888089
1199,3167.0788336505061
1200,3168.8878394275848
1201,3173.6425153093714
1202,3174.1047372325038
1203,3178.4295484359072
1204,3180.4573138865376
1205,3183.1373322649138
1206,3184.5267619363312
1207,3188.3315313888415
1208,3193.4724023104791
1209,3200.1660694307539
1210,3201.9814510285041
1211,3202.5857460862935
1212,3204.2395099953396
1213,3204.9107223384171
1214,3207.9257434105348
1215,3210.5208942126278
1216,3215.4058145634676
1217,3217.8326931471543
1218,3223.2137030344202
1219,3226.751817144981
1220,3229.5749923934068
1221,3229.6333883684433
1222,3231.7019908032885
1223,3231.9835635897789
1224,3235.2581504309851
1225,3240.2446990552912
1226,3242.6718228389468
1227,3244.4853255155795
1228,3245.6805967614332
1229,3246.0132379424599
1230,3249.5331982462844
1231,3250.6346607007331
1232,3250.6952206336773
1233,3257.7156895306957
1234,3263.6885889035984
1235,3266.7419943881059
1236,3271.3257436385411
1237,3272.3549853738718
1238,3273.6998566705201
1239,3274.3257747079538
1240,3275.5700038699997
1241,3276.7437336239573
1242,3277.7741219477866
1243,3280.9951661810296
1244,3281.8634928859301
1245,3284.956471731211
1246,3289.1199843566142
1247,3290.8120530568026
1248,3292.8789546236253
1249,3297.0789197539152
1250,3298.7705336834101
1251,3299.3535614952366
1252,3304.7623559557887
1253,3305.8557663011456
1254,3308.6597711798149
1255,3311.4564845880755
1256,3320.6062830844808
1257,3322.9052333505956
1258,3325.8466409378048
1259,3325.8576407113223
1260,3326.7918730036408
1261,3327.4407574762199
1262,3334.230838720327
1263,3338.97729108556
1264,3340.4102065275715
1265,3341.9604236171826
1266,3343.7545587021418
1267,3352.5625390101454
1268,3354.9281220056782
1269,3356.9994628282675
1270,3360.0083748542183
1271,3360.4636035283656
1272,3363.021300832635
1273,3363.9798289976729
1274,3364.1734539431336
1275,3365.0232295378955
1276,3369.9192487618216
1277,3372.0440220802889
1278,3376.9749392300419
1279,3379.8180560889668
1280,3380.8542767950985
1281,3381.0707426845847
1282,3381.3456601640432
1283,3382.5584323579856
1284,3386.0149097701774
1285,3386.0878227360445
1286,3391.8952064437221
1287,3392.1033800747023
1288,3393.6759088816616
1289,3395.6730420297049
1290,3398.0929475833732
1291,3405.1419132798319
1292,3411.15994171284
1293,3411.4923230851909
1294,3419.1069352950258
1295,3419.9588392333121
1296,3420.1863202816376
1297,3423.5744895876792
1298,3430.0954466223193
1299,3430.4643048664088
1300,3433.2666659420306
1301,3437.236572051122
1302,3438.2376086299319
1303,3439.6785714239386
1304,3440.7878730928282
1305,3444.9947391128062
1306,3448.9526255691667
1307,3454.2041302945067
1308,3456.2926393267458
1309,3456.8682564989949
1310,3458.9981546605136
1311,3459.2101662054311
1312,3461.0681413152688
1313,3467.320763107271
1314,3468.7413453840945
1315,3473.2705254425086
1316,3476.279536411821
1317,3477.3544805816109
1318,3481.294556320699
1319,3481.5866111424111
1320,3484.5714575005704
1321,3485.2189614745844
1322,3487.9068998936268
1323,3488.3155803184072
1324,3488.6858479615248
1325,3491.3064065925423
1326,3497.3425989167836
1327,3498.4093408221443
1328,3498.8009274565948
1329,3500.4220555212723
1330,3504.18208011862
1331,3504.3580076087928
1332,3508.3755977074661
1333,3521.4145563597863
1334,3522.3286318202063
1335,3525.4953142155664
1336,3528.1002462177057
1337,3529.9780256233739
1338,3530.413673482557
1339,3531.5032796986679
1340,3534.7124081659758
1341,3535.9120280965271
1342,3536.4594507806182
1343,3537.0299874930024
1344,3542.3452720995228
1345,3545.8017818198414
1346,3549.3005427616167
1347,3552.5742032150097
1348,3553.5102536920476
1349,3555.797270336594
1350,3559.6469068594856
1351,3559.9252235943372
1352,3566.602492497851
1353,3571.5258399744089
1354,3572.5669255335724
1355,3577.4468670224414
1356,3581.6586637144019
1357,3587.4479978391873
1358,3588.1569813778365
1359,3589.8415085744286
1360,3591.4801137455165
1361,3593.629427197136
1362,3594.4891755088611
1363,3596.423402540051
1364,3599.2009596145544
1365,3599.5042798978297
1366,3601.4741429027313
1367,3603.7069040527322
1368,3606.5254217906663
1369,3612.7486267297732
1370,3612.9942624344176
1371,3614.6427978320175
1372,3615.5525900240627
1373,3616.6977146401014
1374,3616.9483325310875
1375,3623.051167663044
1376,3624.8563149208671
1377,3624.9083154193067
1378,3626.585769285231
1379,3636.7178908562109
1380,3639.6249362931103
1381,3641.2877213244342
1382,3641.7717330417354
1383,3642.8164198904624
1384,3645.5505236732488
1385,3645.8440223601056
1386,3646.9737139262029
1387,3652.5325770820155
1388,3654.5678861885494
1389,3654.6700655751811
1390,3659.7644301028508
1391,3662.6053245079197
1392,3668.8514251433517
1393,3671.7211213399432
1394,3672.2997206573827
1395,3680.944764990676
1396,3683.9309414213221
1397,3688.1784394141941
1398,3690.7780650394852
1399,3696.018492676289
1400,3696.4220333036114
1401,3696.6817644389771
1402,3697.9367249744878
1403,3699.9760039521025
1404,3705.9039327254309
1405,3706.1088057492038
1406,3706.8906180285117
1407,3711.622824905106
1408,3711.840851142003
1409,3714.6318781307787
1410,3715.7835351393323
1411,3718.050771090052
1412,3719.6469681271401
1413,3723.6878832274424
1414,3725.7385423053997
1415,3726.6680880751687
1416,3727.0503604737182
1417,3729.027558533237
1418,3729.6143879832698
1419,3734.9094270293954
1420,3735.6952266347776
1421,3746.7283621984552
1422,3747.3958914570139
1423,3749.8169656298137
1424,3753.5597264481771
1425,3755.3066878205873
1426,3756.0212262564105
1427,3757.1619400622176
1428,3759.7674705718764
1429,3759.9837338762413
1430,3762.1238440705024
1431,3767.2465521353934
1432,3769.1272638621867
1433,3772.1745604926555
1434,3774.8125191475756
1435,3784.9937254314223
1436,3787.0637022882679
1437,3788.9434960254789
1438,3790.8735009004558
1439,3791.8634685257357
1440,3794.8075335388562
1441,3796.8428608155587
1442,3797.2254911013351
1443,3798.2781681199135
1444,3804.9559600069524
1445,3807.1561094424287
1446,3808.6914635079952
1447,3810.9202715399001
1448,3812.700598501247
1449,3816.1492579379437
1450,3819.3034123644907
1451,3824.4355311449031
1452,3824.4887634208444
1453,3830.3866993531105
1454,3831.9828742951277
1455,3833.6926833548546
1456,3834.3324048266172
1457,3836.7016557728493
1458,3841.3993334119455
1459,3841.7166102797783
1460,3844.234030119394
1461,3847.2403153627974
1462,3848.7375386109607
1463,3855.0512151146522
1464,3857.764424225421
1465,3858.0098778778984
1466,3860.2951122907984
1467,3862.0985641608318
1468,3867.9263364063286
1469,3868.4367760085288
1470,3868.7972438066809
1471,3873.4444692658435
1472,3873.8444283551821
1473,3873.9737139082035
1474,3879.8947624539028
1475,3880.1252218529571
1476,3880.3367792183244
1477,3881.8359652310123
1478,3886.5253113127446
1479,3889.7628638099177
1480,3895.528972969335
1481,3895.5645498268973
1482,3896.8805485372536
1483,3903.5775431036677
1484,3907.2048130376675
1485,3913.9309462363308
1486,3914.5615643086962
1487,3915.4377787853077
1488,3915.4388310572322
1489,3919.5745004163946
1490,3921.244581114167
1491,3921.3381271488347
1492,3927.1473219846175
1493,3932.987099725101
1494,3933.655958708242
1495,3936.2898980514024
1496,3936.9909776566979
1497,3943.0437378148695
1498,3952.5454913054637
1499,3954.0489444904551
1500,3957.6830627283007
1501,3957.6835573709063
1502,3960.691866007548
1503,3960.9931134169569
1504,3962.6730757262562
1505,3964.9379837487177
1506,3965.7065372130273
1507,3967.3803716688299
1508,3968.6932836611736
1509,3972.5847793817743
1510,3972.7164178107569
1511,3972.7270648549334
1512,3972.8275257611508
1513,3977.1164001500515
1514,3981.7534277795148
1515,3982.3937968492742
1516,3982.7911194145672
1517,3984.661338010274
1518,3991.6574891966579
1519,3992.7855954979218
1520,3998.2854496292121
1521,4000.4388113022378
1522,4000.476118334338
1523,4002.1399894001515
1524,4002.1893799341401
1525,4002.8102937202179
1526,4005.8235280238928
1527,4020.1591221685749
1528,4020.8671743882746
1529,4027.8623455249467
1530,4029.2677805409494
1531,4031.7350568915972
1532,4031.8186849446615
1533,4032.7743878170677
1534,4033.9306214479716
1535,4035.5770069637015
1536,4037.9164738205714
1537,4043.8212248384862
1538,4045.5459799705036
1539,4049.9416070099555
1540,4051.9710858042999
1541,4056.9713525685643
1542,4057.8842377840747
1543,4058.3514883718153
1544,4067.7391369716038
1545,4069.2911849673519
1546,4071.4238409796671
1547,4072.6828878497954
1548,4075.8960215438833
1549,4078.031727307954
1550,4081.5352459650981
1551,4083.5865943149361
1552,4085.0120824075834
1553,4086.5951206917757
1554,4087.0742730232241
1555,4089.4403694887328
1556,4091.6093281373701
1557,4092.888678202868
1558,4098.6292005008272
1559,4099.0773088718379
1560,4099.2718034695463
1561,4101.0974966776284
1562,4102.9654473860182
1563,4107.6547098571882
1564,4110.7008787673649
1565,4111.7935945327754
1566,4118.6858160873999
1567,4120.9478110224991
1568,4121.0222021064819
1569,4122.5342763127601
1570,4126.1685479649186
1571,4131.7224670338383
1572,4138.4442605998265
1573,4140.9924055165984
1574,4142.2218609015708
1575,4144.1654063307988
1576,4144.9316075945653
1577,4146.5620339642055
1578,4146.7645974800225
1579,4150.217191673034
1580,4152.8097854689477
1581,4152.9089359099016
1582,4153.2447491497123
1583,4156.045401172184
1584,4157.6330384612993
1585,4163.8121262870891
1586,4164.6264829157626
1587,4168.1527174786306
1588,4176.1129807719653
1589,4177.8582193196498
1590,4180.3810057329756
1591,4182.3259486131319
1592,4182.8649618706395
1593,4194.7364612819119
1594,4196.0286959531568
1595,4199.3731456581272
1596,4200.0724172618302
1597,4203.361013175394
1598,4203.9229884671213
1599,4205.3220713617957
1600,4209.5988874737786
1601,4211.3950591491803
1602,4213.4119778295189
1603,4214.403177129444
1604,4217.2873255442446
1605,4219.416700354659
1606,4221.2049624495648
1607,4223.6995226950266
1608,4226.4356063861251
1609,4226.9860801151881
1610,4233.8443245122244
1611,4233.9680186812193
1612,4235.4598573886751
1613,4239.8719527243693
1614,4241.1526276479881
1615,4246.4894001535076
1616,4246.5026336834035
1617,4247.0177057772526
1618,4249.7114382673017
1619,4251.2608638999145
1620,4252.0540866035335
1621,4258.508505611755
1622,4258.52785979498
1623,4259.5241659114799
1624,4263.4858583419818
1625,4268.4257513594048
1626,4268.4818016586323
1627,4274.5640674389906
1628,4274.9563748080827
1629,4279.1268311417489
1630,4281.1943398171579
1631,4281.5976965368354
1632,4282.7547066834759
1633,4288.2804475534267
1634,4288.3670696315467
1635,4291.6090010202261
1636,4302.835740305688
1637,4308.2041171325091
1638,4310.6588405918865
1639,4315.6593554686642
1640,4318.0723183431073
1641,4318.1790008739417
1642,4318.6969028083231
1643,4319.6856960239711
1644,4321.567677177014
1645,4324.9915706946176
1646,4328.4086396898256
1647,4328.9240876096919
1648,4331.7134391215468
1649,4333.6442898608175
1650,4336.7888604259715
1651,4337.4118265692214
1652,4339.2857138533918
1653,4341.0992600567006
1654,4344.1068087761669
1655,4348.5853615954966
1656,4349.1193782943819
1657,4354.7726246260272
1658,4356.1369369391405
1659,4357.5313865120588
1660,4357.7999615824929
1661,4357.9113231676229
1662,4363.1918151421796
1663,4364.3127924453747
1664,4365.1594340640304
1665,4372.3713517475062
1666,4374.8132091739653
1667,4376.1867974027409
1668,4376.7127257310985
1669,4379.8361972187504
1670,4382.8463023229615
1671,4383.9700632035701
1672,4388.5463807848109
1673,4389.2189366148978
1674,4391.3417607228421
1675,4398.9064906817812
1676,4400.8091843846441
1677,4404.2557348339369
1678,4406.9039214003187
1679,4407.4607268113195
1680,4407.5558029502845
1681,4410.3144743207522
1682,4419.9643569209538
1683,4421.2970534877059
1684,4425.8572868221318
1685,4428.6975882690558
1686,4433.860466807695
1687,4435.0683140151787
1688,4435.6783579631156
1689,4435.9692449087197
1690,4435.9759361015567
1691,4440.3427258274387
1692,4441.6836645848289
1693,4442.0161170892852
1694,4444.5534785381369
1695,4448.0092741023436
1696,4449.426872513789
1697,4459.4398277517539
1698,4461.3925546867531
1699,4466.505572469764
1700,4467.0507221110893
1701,4467.101788162071
1702,4469.9760847100015
1703,4472.6888690697087
1704,4475.6956515375477
1705,4480.7069368296025
1706,4483.6491912556603
1707,4484.4463089203255
1708,4487.128349762289
1709,4487.7226811218434
1710,4488.7017872796741
1711,4493.010400332324
1712,4496.7428152578077
1713,4496.8231317458431
1714,4499.1281590318149
1715,4500.1291021986044
1716,4501.8652367488776
1717,4507.7672432481786
1718,4509.5037204634664
1719,4510.5673239714861
1720,4512.9905599593103
1721,4514.2251901350473
1722,4515.1741385352843
1723,4516.9149822731197
1724,4520.7958420002487
1725,4524.7473048245338
1726,4524.7635916728204
1727,4534.2426302168296
1728,4535.2102696065385
1729,4535.8284561172923
1730,4536.535552399695
1731,4536.5644697656326
1732,4541.1445267277932
1733,4543.6700122996335
1734,4552.2301255441735
1735,4552.8649007256026
1736,4553.9641687583999
1737,4554.1618864816237
1738,4563.6963147661154
1739,4564.288162089344
1740,4565.6281946567387
1741,4567.8474614549095
1742,4571.845950058465
1743,4571.9049786512978
1744,4572.29372363533
1745,4577.0338604537319
1746,4583.3582911220192
1747,4584.3402956384462
1748,4592.9483459830308
1749,4595.381455621342
1750,4596.6944595750265
1751,4606.1522440863882
1752,4609.1580181956506
1753,4609.9598482174451
1754,4611.3788678041847
1755,4612.9486707142269
1756,4613.1060581152469
1757,4614.1676132807943
1758,4614.3139395627768
1759,4615.8392244294728
1760,4615.9947688443217
1761,4617.3141691950341
1762,4618.8260124595718
1763,4621.1809684168684
1764,4622.8345731795498
1765,4625.6376227448091
1766,4629.7627606765182
1767,4630.19798869228
1768,4631.4489388688498
1769,4634.4745131211039
1770,4639.3541770775637
1771,4641.0438527011447
1772,4641.2185492263889
1773,4652.4650243712895
1774,4654.2028846980702
1775,4654.2425217063665
1776,4655.5070734673354
1777,4656.9876796474891
1778,4660.0504399148094
1779,4664.8325218126047
1780,4668.0951706918058
1781,4669.269571906153
1782,4674.2475977420372
1783,4675.9553849594649
1784,4678.5365168041826
1785,4682.4663332161263
1786,4686.2995808114101
1787,4687.5902951664793
1788,4689.4837044930709
1789,4695.5513700262582
1790,4697.1482152000644
1791,4700.6095590888426
1792,4701.9030256318292
1793,4703.9987009743381
1794,4704.9892898784074
1795,4705.3322060045375
1796,4708.9035342085936
1797,4709.1515197094641
1798,4716.7316632159245
1799,4726.3670744559231
1800,4728.20235945066
1801,4728.4728799548147
1802,4728.6736787264817
1803,4733.3717754508561
1804,4735.0832987831654
1805,4737.3878346766805
1806,4740.63687138147
1807,4740.9734649631964
1808,4741.4762072802114
1809,4742.704443889118
1810,4744.1261233758778
1811,4744.4806748382734
1812,4749.4037481143469
1813,4749.488074912696
1814,4749.6172240807946
1815,4756.4983329673614
1816,4760.250772635085
1817,4761.2570238449152
1818,4763.6897170340044
1819,4765.5113125138569
1820,4766.6529674174571
1821,4771.7688779302161
1822,4774.4418287804892
1823,4776.5268459976505
1824,4782.0427927533847
1825,4787.161693123895
1826,4787.7204129663514
1827,4789.5447053776043
1828,4796.2079987425805
1829,4796.311408469498
1830,4799.8153979650306
1831,4801.4805943995443
1832,4802.5251334458972
1833,4803.8388376649327
1834,4803.9540483407382
1835,4804.5646164788386
1836,4809.8159500116572
1837,4813.3466891694261
1838,4814.539718827551
1839,4818.7651941767335
1840,4819.5850918412289
1841,4821.5862399350244
1842,4825.1098687333433
1843,4830.5194369373821
1844,4833.2603224555305
1845,4833.3641514476976
1846,4836.8003566534517
1847,4840.6091663239868
1848,4844.9253988221835
1849,4845.8206534278888
1850,4850.8403471902275
1851,4858.9213221574537
1852,4859.3280129026807
1853,4861.5574925550027
1854,4861.6329184433444
1855,4868.4374622743508
1856,4869.6574242582528
1857,4870.1732874501922
1858,4872.322937718237
1859,4872.4143618939233
1860,4878.6457745668604
1861,4881.0011333462717
1862,4881.6485648795688
1863,4884.6569074102863
1864,4886.6531541846389
1865,4887.8749981769588
1866,4889.9082709213735
1867,4893.6594284153034
1868,4894.5937812288284
1869,4897.7056322203525
1870,4900.9876018705836
1871,4902.6672146468527
1872,4904.8883269806001
1873,4909.6804520920914
1874,4912.6892937659031
1875,4913.4605997475292
1876,4913.6762796717803
1877,4917.2309961480705
1878,4920.0196368517782
1879,4920.0770102120196
1880,4924.3891280843654
1881,4924.4406190664795
1882,4925.5206777014582
1883,4926.6863267493418
1884,4926.9854052921455
1885,4929.6271504889228
1886,4936.702748152471
1887,4938.7822304485881
1888,4939.9875618487822
1889,4940.941981433617
1890,4941.6969723827924
1891,4956.5010863427515
1892,4958.7077503566998
1893,4959.4813375208869
1894,4960.158610922932
1895,4963.0436742580059
1896,4965.722826755893
1897,4966.2810330882203
1898,4966.6562067895129
1899,4977.7181396917022
1900,4982.8680189141969
1901,4983.1073055461575
1902,4984.5929289068499
1903,4991.5413950219745
1904,4995.9982308296858
1905,4996.7395467829419
1906,4997.2209532382485
1907,4998.727458468029
1908,5001.5336826817347
1909,5001.9460077213189
1910,5005.6791367049773
1911,5007.7837384792156
1912,5009.8952211153755
1913,5010.145643230424
1914,5017.3203798679342
1915,5017.5124223563416
1916,5017.6438235131118
1917,5020.6444754251534
1918,5021.7349157503713
1919,5025.6454750800049
1920,5029.7514665927474
1921,5031.1303892396991
1922,5032.646666443703
1923,5038.1674063577811
1924,5041.3082398496663
1925,5041.6478166290781
1926,5045.6503395313048
1927,5046.6939613025443
1928,5046.739611244464
1929,5048.178844587208
1930,5048.5556280104611
1931,5048.6359384458101
1932,5052.6486084306607
1933,5053.0400558613392
1934,5060.6265146871847
1935,5064.7570143214216
1936,5065.6486350390142
1937,5070.0258947991824
1938,5070.3456249107267
1939,5073.7403098234481
1940,5076.3528801616367
1941,5080.6473938139225
1942,5082.992166945246
1943,5089.6980150772361
1944,5095.2972145926014
1945,5097.5634508953317
1946,5097.6442833791452
1947,5100.9851401111409
1948,5101.7540878651134
1949,5102.7357631093564
1950,5104.8661339865757
1951,5108.6872502958859
1952,5112.0619455265523
1953,5112.6274561757828
1954,5115.2254697047092
1955,5115.2773439960465
1956,5116.6384961372005
1957,5124.2676772049936
1958,5124.445519823199
1959,5125.3518720983457
1960,5131.6885435494451
1961,5133.7243593913263
1962,5134.6880808214555
1963,5137.6291527959338
1964,5139.7846692797057
1965,5140.7402358849376
1966,5148.5527864279175
1967,5157.4660793698595
1968,5158.0638089642343
1969,5158.4506787576465
1970,5159.1757032010764
1971,5160.6152005816966
1972,5161.4486136800251
1973,5166.4450494533594
1974,5166.7040441063082
1975,5173.057279829025
1976,5173.439776336907
1977,5173.6954754427361
1978,5181.659707569358
1979,5181.7125422488816
1980,5182.3314686245576
1981,5182.4320297598315
1982,5182.4381571906824
1983,5184.2486464961703
1984,5185.5952990575861
1985,5193.4227015625574
1986,5194.3525695071985
1987,5201.5177369595303
1988,5201.6726036111213
1989,5203.9333995977013
1990,5204.7166489220735
1991,5206.4099388761015
1992,5209.5632084986455
1993,5209.7331536875126
1994,5212.5678817106955
1995,5219.3979326015815
1996,5221.3934705886304
1997,5224.6664455099517
1998,5230.6084265673408
1999,5232.9254386634657
2000,5235.0979081318992
2001,5236.0156608979496
2002,5238.3724606176302
2003,5238.6267108818638
2004,5240.5495147937218
2005,5240.6632012764849
2006,5241.2792351358794
2007,5241.5311559639522
2008,5250.3126308077153
2009,5255.2230885995414
2010,5256.4508400725254
2011,5257.3458839201066
2012,5269.5976601592092
2013,5271.5549422749564
2014,5272.4825053324348
2015,5275.3885667944332
2016,5277.5630362723041
2017,5278.312491162249
2018,5279.6938834471221
2019,5281.5264075945634
2020,5296.6469808819693
2021,5300.9225686941727
2022,5301.0435949283383
2023,5301.2708060379045
2024,5302.1788476871661
2025,5304.0380801798628
2026,5304.9808415671823
2027,5305.4194520222372
2028,5308.8273204550433
2029,5309.0287184199833
2030,5309.573278333266
2031,5313.3406572199856
2032,5314.0722073193283
2033,5316.0152182475767
2034,5316.4988148688708
2035,5316.5199946146759
2036,5318.4769052761485
2037,5324.9971422475801
2038,5325.5818866337531
2039,5326.2188955136107
2040,5328.0536931945499
2041,5328.1306943108275
2042,5334.4041322791263
2043,5335.9739260929082
2044,5340.3383349959813
2045,5343.4271486056123
2046,5348.9448014875388
2047,5353.154668040831
2048,5356.5905390246744
2049,5358.3513299382221
2050,5361.3622142172644
2051,5362.6341417868498
2052,5363.9088391447631
2053,5365.0136000968723
2054,5365.3638216876379
2055,5367.7553181753065
2056,5372.1723139609148
2057,5377.2348346574372
2058,5380.396212427594
2059,5380.8648831658556
2060,5382.0753874679649
2061,5385.6676666134426
2062,5389.2286297697383
2063,5394.945062161717
2064,5399.8114726523745
2065,5402.9317272101825
2066,5406.2113292534459
2067,5409.9071663112682
2068,5412.5186292632252
2069,5412.9777299295656
2070,5415.6276508269621
2071,5416.1033822344589
2072,5416.1782946056674
2073,5420.7469296724348
2074,5425.158344920028
2075,5429.7551512548971
2076,5432.9225827629371
2077,5435.349993816576
2078,5436.4772111181692
2079,5438.4941299810243
2080,5443.1756081028716
2081,5443.6691511998752
2082,5445.3960932652499
2083,5445.857546464299
2084,5445.9809809519038
2085,5448.3861949173242
2086,5453.0138955053671
2087,5453.0815206705302
2088,5453.3694598169241
2089,5455.6267032910919
2090,5456.9370346773094
2091,5460.3454829878465
2092,5468.5754883996688
2093,5468.9271513406075
2094,5469.3136810981287
2095,5476.5456508474936
2096,5477.6245077219955
2097,5479.5516869085532
2098,5480.2732572945597
2099,5480.7097895897368
2100,5493.2231787236542
2101,5495.4628371335548
2102,5495.5563310907619
2103,5496.356178589318
2104,5499.7262678490042
2105,5501.2367758089513
2106,5501.7559283309611
2107,5504.6325854115839
2108,5507.0222455866369
2109,5508.1621586308756
2110,5512.9681927579695
2111,5515.8468111436714
2112,5516.7128485143576
2113,5517.5277235872563
2114,5523.5871777276834
2115,5524.1969123068384
2116,5524.3273579913484
2117,5525.0885856818149
2118,5527.5297996684567
2119,5529.6807980223693
2120,5535.4096390754476
2121,5544.0004759809572
2122,5544.4587859453459
2123,5550.3336016867743
2124,5552.4176599468492
2125,5555.1641124649586
2126,5556.3029332931155
2127,5557.8193607366466
2128,5560.0135280775994
2129,5561.8519968702058
2130,5564.7325995866486
2131,5564.8954198354641
2132,5565.1388869765779
2133,5568.9425921721731
2134,5579.2607614044609
2135,5580.1230814900309
2136,5587.7703631585055
2137,5587.9670528257648
2138,5591.117387370191
2139,5591.1971397034386
2140,5591.4771147452757
2141,5594.4616247145141
2142,5597.0242616632158
2143,5597.7153856179075
2144,5599.4354727981236
2145,5603.5110129760878
2146,5604.9703052091891
2147,5606.3981078284141
2148,5612.6217808771453
2149,5615.3487188309637
2150,5617.0358305657292
2151,5618.496335786037
2152,5622.4669846916304
2153,5622.7282003166847
2154,5626.1854863554854
2155,5626.2862153638625
2156,5627.4239784485353
2157,5630.4080834743954
2158,5634.7125152452109
2159,5637.2200430913299
2160,5638.478407564995
2161,5639.2091094558382
2162,5639.4448502269515
2163,5639.6726205961495
2164,5639.6822909321299
2165,5642.3192834809388
2166,5646.352872066137
2167,5652.8792524242963
2168,5654.1157559701815
2169,5658.1998899815962
2170,5659.369513858288
2171,5659.4379169081813
2172,5668.234174150899
2173,5671.0037636345078
2174,5678.0490498940226
2175,5678.9228286440002
2176,5680.2864200820623
2177,5684.2392112106636
2178,5689.8703233605902
2179,5690.1050474070844
2180,5691.3457124012266
2181,5693.8423845599964
2182,5698.0815470588586
2183,5698.5556579738541
2184,5698.9822896822971
2185,5701.8664704364983
2186,5705.8617138955806
2187,5710.7121720286987
2188,5713.9163941266042
2189,5715.5451038881156
2190,5725.0125972337464
2191,5726.7705566915902
2192,5729.0137212236286
2193,5729.6501778439606
2194,5730.682308267762
2195,5731.6796703018126
2196,5733.5248279035841
2197,5736.5946106784122
2198,5738.6418887600303
2199,5739.2498986028268
2200,5742.2272291983927
2201,5742.3428812779139
2202,5746.3847392770404
2203,5747.188997706724
2204,5754.1344075860816
2205,5754.5019830749725
2206,5756.589130886181
2207,5758.3029559746892
2208,5760.1652596411423
2209,5761.3986687778342
2210,5762.3606170210169
2211,5763.0623683001249
2212,5766.2635591724629
2213,5766.3143761760248
2214,5773.3668826304556
2215,5773.9713075031095
2216,5776.3446974504332
2217,5778.9606325432969
2218,5781.0930337941982
2219,5782.689144469131
2220,5785.0397657478188
2221,5786.8592413956421
2222,5796.2976419524966
2223,5797.1102792705142
2224,5797.1319163519192
2225,5801.7236382248566
2226,5802.8700073877135
2227,5811.8051793782233
2228,5813.7265457673548
2229,5818.5613000043895
2230,5822.1857787294921
2231,5822.855785453612
2232,5825.3971223790022
2233,5827.2887976313941
2234,5829.0054253398512
2235,5832.4139962190839
2236,5832.5859395844436
2237,5834.165656015768
2238,5836.782603306252
2239,5837.3683406934406
2240,5840.2819737115396
2241,5841.3240516609521
2242,5844.3522523508773
2243,5849.7115682187241
2244,5850.044856018244
2245,5851.8024550833761
2246,5858.1394546299352
2247,5863.0768454742365
2248,5869.6428790330228
2249,5871.4985791988875
2250,5876.9012034124371
2251,5877.3684585510946
2252,5880.4204922752533
2253,5880.6879473561894
2254,5880.8687523629424
2255,5881.6446845894452
2256,5884.8714994685151
2257,5888.5685023839214
2258,5888.6705038605805
2259,5891.6385629868983
2260,5892.4824584576036
2261,5892.955025159712
2262,5896.5846791859567
2263,5903.507741164658
2264,5905.1778021593182
2265,5905.547376440456
2266,5908.4750994149417
2267,5911.3557281984067
2268,5912.406191824919
2269,5912.6304912855767
2270,5919.303304818176
2271,5923.277865300859
2272,5923.7841483013217
2273,5926.8631176471417
2274,5928.0423191296732
2275,5932.1656859057621
2276,5933.7782797477057
2277,5936.1199392879889
2278,5938.5524938910521
2279,5940.9363223981036
2280,5944.0545736406402
2281,5945.8363329781005
2282,5947.6859102875005
2283,5947.8951865732297
2284,5950.9286772299192
2285,5954.3780481606182
2286,5960.7096982432058
2287,5961.7293417188894
2288,5963.9492151924132
2289,5965.0852893566507
2290,5965.6861121552774
2291,5967.6681879266043
2292,5967.6996378123949
2293,5968.646350607758
2294,5979.539520186966
2295,5980.8252576062341
2296,5985.8496070543588
2297,5986.4266283788793
2298,5987.5565097812187
2299,5987.692012782928
2300,5990.0698908409377
2301,5991.1623739322931
2302,5998.8648855512656
2303,6007.1022390853095
2304,6013.1493409630702
2305,6013.2810113929681
2306,6015.2484047412245
2307,6015.9596879997162
2308,6019.1596654929626
2309,6023.4973415312979
2310,6025.7913747859639
2311,6029.7170622778876
2312,6030.3269008747384
2313,6034.930677417552
2314,6035.8185854264984
2315,6038.8790384496479
2316,6039.6857323135773
2317,6041.1399932801805
2318,6042.6416936207152
2319,6047.5673084814925
2320,6052.0774056945147
2321,6052.9593308764397
2322,6054.2584963278523
2323,6054.461153133293
2324,6057.6799325601078
2325,6058.1628124586077
2326,6060.0523850469663
2327,6063.3206531171063
2328,6065.7943361024227
2329,6067.4037562148942
2330,6068.0510428125644
2331,6069.7214781882885
2332,6072.3432403738398
2333,6074.1430027420447
2334,6078.9919470748382
2335,6080.7104681303499
2336,6081.5207808868372
2337,6086.9239584189718
2338,6090.6326343263709
2339,6093.6581680655481
2340,6094.4658321602747
2341,6097.9659844995294
2342,6099.3589327480568
2343,6099.7856818076189
2344,6101.65802262344
2345,6107.6922549137998
2346,6109.0489648669973
2347,6110.5172603092306
2348,6113.8970245385563
2349,6118.3385878776771
2350,6119.3692176156255
2351,6123.1800783294693
2352,6127.3422412443715
2353,6131.3506405553153
2354,6132.8053969234816
2355,6136.9565965721677
2356,6139.2426688027163
2357,6148.6910376112364
2358,6151.4902613990553
2359,6152.2801514518487
2360,6154.1795454504872
2361,6154.7750470623951
2362,6157.5007559503319
2363,6157.8795072830826
2364,6161.034688220514
2365,6162.7419931331688
2366,6165.2007279450727
2367,6170.6153793334561
2368,6171.2472671012156
2369,6173.257455705073
2370,6174.8318816686424
2371,6178.7480379406024
2372,6179.7441025909338
2373,6179.9542339826912
2374,6185.0668652197473
2375,6192.2303667618362
2376,6195.1702602172609
2377,6196.9080676492486
2378,6198.6444966227709
2379,6199.0556499099566
2380,6200.0687838890917
2381,6200.4295167098908
2382,6204.2966571554971
2383,6204.9946652782755
2384,6206.923367231213
2385,6207.170542762382
2386,6211.1724798199393
2387,6213.9337602742098
2388,6215.7309889015269
2389,6218.7191835542453
2390,6218.9776929893778
2391,6225.21584467096
2392,6226.4867150601958
2393,6230.1093989018354
2394,6230.5029400930234
2395,6236.4803880287718
2396,6239.1844391492396
2397,6240.3640959205131
2398,6242.0073598134868
2399,6244.9827700264732
2400,6248.7184177176914
2401,6251.1241454522815
2402,6252.2930517889399
2403,6253.8172013377161
2404,6258.5294113532273
2405,6264.9230550637003
2406,6269.9840320812018
2407,6270.3713481434015
2408,6273.8715610470435
2409,6273.9552857080353
2410,6277.1523332275965
2411,6279.1593774265966
2412,6279.2734298106525
2413,6280.5174906995717
2414,6286.2751777143767
2415,6288.3194209978155
2416,6288.8356587089793
2417,6293.1564049221843
2418,6296.4591299089307
2419,6301.0612872267593
2420,6302.230951544876
2421,6303.7628581873532
2422,6304.9655118791816
2423,6305.3585703139761
2424,6309.1893270826913
2425,6314.8304315404484
2426,6316.1723617350563
2427,6319.7586119697062
2428,6322.4024884075925
2429,6328.9178301882612
2430,6331.4083428679214
2431,6336.9649636000186
2432,6337.1333601375081
2433,6340.2905000791852
2434,6343.1223434953181
2435,6346.2229899221893
2436,6349.1411673041548
2437,6349.485193632514
2438,6349.9831714248212
2439,6351.4173137564894
2440,6352.6946861146407
2441,6354.0028142237834
2442,6355.4518009783305
2443,6360.8041320698576
2444,6366.3476491406827
2445,6369.5403993358068
2446,6370.8818783581846
2447,6371.4808239586191
2448,6373.5584971837879
2449,6376.9892401822635
2450,6380.2044425093463
2451,6380.6498618489868
2452,6381.2788738876552
2453,6385.0008111604275
2454,6386.7406411124148
2455,6387.1079360790509
2456,6388.999822911067
2457,6390.2443757669935
2458,6392.786577302606
2459,6396.9065608185638
2460,6402.0662496944669
2461,6405.681083335955
2462,6407.2729275335532
2463,6408.577122369381
2464,6408.7680147674982
2465,6410.7210635807633
2466,6413.4445326691448
2467,6415.5633057517543
2468,6420.6773712528766
2469,6423.6150563530591
2470,6423.7160607024871
2471,6425.2068355021011
2472,6433.9075871704008
2473,6437.7874186604422
2474,6438.8283564890144
2475,6440.6268950555013
2476,6441.8862952924446
2477,6443.2106345871152
2478,6446.9159640953558
2479,6450.6062489211981
2480,6454.8507311842177
2481,6456.1108559987306
2482,6461.9515006293777
2483,6466.1586302559435
2484,6467.2288514762949
2485,6468.1429170998363
2486,6471.9796242309803
2487,6474.694740807513
2488,6477.5537931750696
2489,6483.79509620308
2490,6484.2272870742627
2491,6493.7513900313716
2492,6493.9160645137526
2493,6496.8173102403298
2494,6498.9809710289674
2495,6499.9191595787579
2496,6501.5598680932753
2497,6504.4479985056432
2498,6505.5110324619272
2499,6506.0990180724084
2500,6507.3404584751597
2501,6509.2579427120918
2502,6509.9245281533922
2503,6514.3170733554234
2504,6514.456819122569
2505,6515.9854240108461
2506,6519.5958055252931
2507,6523.9141008910065
2508,6524.6232827427411
2509,6525.6385750856143
2510,6527.2021900235059
2511,6532.4539486994008
2512,6533.2513389695232
2513,6533.561726276118
2514,6535.1534118557984
2515,6538.9545013855222
2516,6546.6850946466247
2517,6547.5630778888926
2518,6547.8038020468084
2519,6549.2603311438643
2520,6552.3372513838376
2521,6553.6766355358723
2522,6556.4320639036505
2523,6558.8912016433496
2524,6561.8390342765497
2525,6563.639340434428
2526,6570.0058541448579
2527,6575.2934860581499
2528,6577.936250837939
2529,6578.2406320157406
2530,6582.2701747738129
2531,6585.9513551776008
2532,6590.6867816576851
2533,6590.9641847450666
2534,6593.1955903464896
2535,6594.8852308003779
2536,6595.8108156625285
2537,6605.4227021151073
2538,6609.0181889901751
2539,6609.6522497671886
2540,6613.0958896541179
2541,6615.3857419178212
2542,6617.4156430123276
2543,6619.7506772754032
2544,6620.5657800071785
2545,6622.5235592283016
2546,6625.0244452883944
2547,6625.5166284585812
2548,6626.0176004498435
2549,6629.5658940019666
2550,6632.633192389203
2551,6636.5447380680225
2552,6637.4062651242739
2553,6642.3762616917038
2554,6642.6017173169494
2555,6649.5618062660205
2556,6653.0234298430651
2557,6658.1053274528613
2558,6659.0504406800583
2559,6660.616791897246
2560,6660.9457713808624
2561,6661.0301052367367
2562,6664.6386700487074
2563,6665.6858363408346
2564,6666.8970850266624
2565,6672.1089420450626
2566,6672.3046499311449
2567,6675.5069411002405
2568,6675.5437602722568
2569,6680.0139585886036
2570,6680.7896226163666
2571,6682.4875573944792
2572,6691.1221018631204
2573,6693.8207904502033
2574,6694.6180329721165
2575,6696.6101069584847
2576,6701.7133219517809
2577,6702.8097916529096
2578,6703.2691292782119
2579,6704.2241549915152
2580,6704.4549344105144
2581,6711.2444614900687
2582,6714.3980044626842
2583,6715.9131028243955
2584,6717.2082155990429
2585,6717.7170890003945
2586,6721.9954219493511
2587,6730.0286121299596
2588,6732.2062091004054
2589,6732.8377442574965
2590,6735.6124741947642
2591,6736.0541348670922
2592,6736.8053612927852
2593,6739.7765885810295
2594,6744.2118571796864
2595,6746.0010529285073
2596,6747.8852948802332
2597,6750.0694856590571
2598,6759.3778062863548
2599,6759.6223480936333
2600,6760.0121356712234
2601,6760.7545595247921
2602,6762.6312194447592
2603,6768.6940861270959
2604,6771.7917413266114
2605,6777.0272357536869
2606,6779.2301923862942
2607,6782.8727859516466
2608,6783.5483919735807
2609,6786.7623966120091
2610,6788.0531822301846
2611,6791.3432363128586
2612,6791.6439180389498
2613,6797.5994625319336
2614,6805.3969208431208
2615,6806.4619294513886
2616,6806.8600986863166
2617,6809.9772674568994
2618,6815.6672191975995
2619,6815.7229413447021
2620,6817.3652795173621
2621,6818.2382580174799
2622,6818.4566177102515
2623,6823.0801217000271
2624,6824.2177788501176
2625,6826.2186307859583
2626,6829.531640000615
2627,6831.6620976473159
2628,6831.8987778553801
2629,6834.7385061834075
2630,6835.0232786240322
2631,6837.7842445417009
2632,6845.0009111386298
2633,6847.7832776231535
2634,6848.9937969218872
2635,6849.8323521521052
2636,6854.4044792061222
2637,6856.6726177089804
2638,6857.1865350294056
2639,6857.9838398092661
2640,6859.5002758786914
2641,6860.9561251045488
2642,6861.0889301743946
2643,6867.2218543740819
2644,6868.6998403994758
2645,6872.5498147428598
2646,6872.7806959345235
2647,6876.4484321836599
2648,6879.2190988788525
2649,6882.4915882000851
2650,6884.390427551748
2651,6887.1879041360799
2652,6888.9553138527326
2653,6900.3263946730649
2654,6902.0856134387423
2655,6903.5778131173811
2656,6903.8792986389226
2657,6904.5502727943422
2658,6906.0458019840153
2659,6907.7909212280365
2660,6909.7764167398518
2661,6914.9583481779728
2662,6918.0460581821335
2663,6920.5744286175959
2664,6922.1817437531781
2665,6922.9190349865539
2666,6923.3591191746118
2667,6930.0154780316598
2668,6938.6195535599963
2669,6942.7771327845248
2670,6944.1219343811699
2671,6945.4275059663923
2672,6953.0235920092473
2673,6956.158144914144
2674,6957.4394297838917
2675,6959.4381086216608
2676,6963.7649824699665
2677,6963.9972207096071
2678,6966.080064533825
2679,6969.9507993543439
2680,6972.6694845893326
2681,6974.0104648084935
2682,6976.6795289239208
2683,6977.9489174815344
2684,6978.4669441823471
2685,6979.9162374111438
2686,6981.1232084143721
2687,6987.2744115617525
2688,6988.2274252108209
2689,6989.9085251810038
2690,6991.5618829803043
2691,6993.4095224513558
2692,6995.1239619510079
2693,6996.226792661123
2694,6996.4196267332991
2695,6999.1060344938232
2696,7004.4792055134003
2697,7007.2565239778314
2698,7009.3466899238556
2699,7010.4839758768167
2700,7014.5704168182638
2701,7015.0867842243642
2702,7017.327634909544
2703,7017.4871989481862
2704,7021.4044835202467
2705,7026.6738318280804
2706,7029.1450753668041
2707,7029.4558427700358
2708,7030.9163084925322
2709,7032.6386897789225
2710,7038.4028855125371
2711,7039.0815575402148
2712,7044.7697626041345
2713,7048.1342857357895
2714,7052.1359679350207
2715,7054.0478065885563
2716,7057.1696716872484
2717,7062.0019715666531
2718,7065.110981991892
2719,7068.7573879687434
2720,7069.6851361890576
2721,7073.3125079079764
2722,7076.0856208948708
2723,7079.7242028869969
2724,7081.0068774583278
2725,7082.6893016423655
2726,7083.4821056725532
2727,7085.0099429400934
2728,7090.1416857744562
2729,7092.9337975122071
2730,7093.2890886915193
2731,7094.7041009483873
2732,7098.6122697223154
2733,7104.6698968663823
2734,7110.5660356141025
2735,7113.0794973215516
2736,7114.6115854897525
2737,7119.4029054437005
2738,7120.0606332814159
2739,7121.0835771827979
2740,7122.063766483685
2741,7122.4444281293245
2742,7124.6857442260325
2743,7127.6852175040613
2744,7131.3147981029051
2745,7132.7169688615404
2746,7133.8598236993157
2747,7135.1943172648025
2748,7139.0084463801377
2749,7139.2864428761268
2750,7144.7237009793844
2751,7144.8662798502746
2752,7151.5078633469993
2753,7151.5741293052142
2754,7153.2873779826296
2755,7156.1106606282474
2756,7158.2609152964324
2757,7160.8580243503075
2758,7161.233859445847
2759,7163.9150591539274
2760,7167.1283444420233
2761,7167.8397960811917
2762,7172.1539282141111
2763,7172.8077353036797
2764,7175.4170233780596
2765,7177.0326952929299
2766,7180.2563190895416
2767,7186.5155120733889
2768,7190.1647789591916
2769,7193.0677363454633
2770,7197.0666356533438
2771,7197.8013834298063
2772,7202.0083550128184
2773,7203.2021542437569
2774,7207.9748756556282
2775,7211.0047303446545
2776,7211.6395802238922
2777,7214.2652739890445
2778,7217.9399976919567
2779,7218.950739446027
2780,7222.7827581323563
2781,7222.9114420416663
2782,7223.4810528647222
2783,7224.0357699172109
2784,7226.6340560641775
2785,7229.3933758406411
2786,7231.6193992296821
2787,7233.9697511088934
2788,7241.3200353828379
2789,7245.9597676737822
2790,7247.7478074925575
2791,7249.4254168202706
2792,7254.4679932231584
2793,7255.4156346817717
2794,7259.1138645153296
2795,7261.593325636366
2796,7265.3941166543145
2797,7267.8426146097172
2798,7269.9617296418683
2799,7273.8668917043451
2800,7282.7477458191042
2801,7284.3022723757576
2802,7285.6163893159819
2803,7290.9036613427415
2804,7291.0927487415338
2805,7292.6684137242428
2806,7292.7398458041434
2807,7293.4181816482942
2808,7296.5190956868346
2809,7299.2734295430755
2810,7299.7845134073514
2811,7301.0915884149272
2812,7302.6226246576061
2813,7303.062614954054
2814,7303.409432497082
2815,7310.616098895719
2816,7312.2031370842951
2817,7313.6691143293092
2818,7314.3474806510876
2819,7321.0074976390351
2820,7322.2427144137137
2821,7325.1220736776304
2822,7328.6923159336638
2823,7329.6220241537967
2824,7332.7893088973478
2825,7333.1535351034399
2826,7335.1166949683047
2827,7335.8225606637552
2828,7337.1253117933993
2829,7344.8976204748014
2830,7347.3400721794233
2831,7348.7510621872498
2832,7351.3700143590959
2833,7352.3915248021349
2834,7355.2707423858437
2835,7355.7317768275161
2836,7357.8045423260373
2837,7360.8497824556262
2838,7361.2240083696597
2839,7364.0462058594667
2840,7368.0886395883999
2841,7372.7422403586088
2842,7379.7517157670854
2843,7381.3717375922079
2844,7387.4731212917932
2845,7391.8323313677829
2846,7392.1195722606644
2847,7394.3644132210457
2848,7397.3046230545006
2849,7398.8423338642706
2850,7400.0894573352025
2851,7402.7833149434946
2852,7404.9187274144315
2853,7408.2457842549429
2854,7409.714012168939
2855,7416.4602169169784
2856,7420.3376672442009
2857,7427.1129167925437
2858,7427.8145019773619
2859,7433.3124535929755
2860,7433.8691573219194
2861,7438.6818378306862
2862,7442.8180107967128
2863,7443.7525973865149
2864,7444.140723715519
2865,7445.6877209946751
2866,7447.9637764470135
2867,7448.6048287991271
2868,7448.6927723130202
2869,7449.9158759504226
2870,7451.061763338229
2871,7452.3748194193822
2872,7452.7041763690977
2873,7453.7079189689439
2874,7456.9003421004754
2875,7460.6078210961869
2876,7462.6379476300681
2877,7464.8687175822197
2878,7465.2862990676813
2879,7468.7158143777306
2880,7470.3268961136255
2881,7472.8364025420287
2882,7474.1881756339526
2883,7474.6855050596614
2884,7487.0848892900485
2885,7488.4480800053288
2886,7488.9029755997508
2887,7492.5968036181675
2888,7493.5961734970142
2889,7496.713699820918
2890,7500.9161749111345
2891,7501.0776468951481
2892,7505.7897486059965
2893,7507.0087498097009
2894,7511.8471386234887
2895,7512.9634248986631
2896,7516.7826045215388
2897,7517.7870582731357
2898,7521.2511479854384
2899,7527.639801928367
2900,7532.467574438836
2901,7533.9547037442753
2902,7535.508623659246
2903,7537.5866404460821
2904,7538.7515398813784
2905,7539.3772389202204
2906,7546.1563088304274
2907,7547.2299262490587
2908,7550.8007996303231
2909,7553.7800355865047
2910,7560.4964892211601
2911,7562.7568560151421
2912,7564.9813194946737
2913,7565.4611140497036
2914,7568.7997451903702
2915,7572.0664163459069
2916,7572.4531475135991
2917,7574.9138080455377
2918,7575.7638765564416
2919,7576.4469428448047
2920,7581.1680214300577
2921,7584.186969566651
2922,7586.4419482097574
2923,7588.4093807566705
2924,7590.1850633965123
2925,7592.2307435991688
2926,7593.6443548162069
2927,7595.4459111457736
2928,7596.4070947616738
2929,7600.7633215269725
2930,7602.33702125133
2931,7604.4059389415461
2932,7605.4652615112627
2933,7606.5294006737722
2934,7607.7979034982454
2935,7609.3349986554786
2936,7616.5794810840844
2937,7617.5944290957632
2938,7622.8180578662068
2939,7626.0071421069897
2940,7629.5301665346778
2941,7630.4193995345149
2942,7633.4114360035164
2943,7639.8996946245488
2944,7641.0316124903302
2945,7641.7426977632131
2946,7643.8046471301514
2947,7645.5157542131628
2948,7647.2311749189457
2949,7648.8138723383954
2950,7651.6859205834098
2951,7656.0709895998052
2952,7658.4739844014821
2953,7664.6420163386038
2954,7667.6247772885908
2955,7667.9964746636051
2956,7675.9737621534696
2957,7677.0349434261798
2958,7678.8085644665352
2959,7683.2926721621106
2960,7683.4017661289527
2961,7687.6281678795403
2962,7689.9040189691805
2963,7693.8282848353856
2964,7694.0679105249837
2965,7695.1547567173893
2966,7695.7699401673226
2967,7696.0884486725126
2968,7701.6392326663863
2969,7704.1774910765153
2970,7704.7677696669116
2971,7706.0165424442239
2972,7707.5248931941433
2973,7713.6839843155249
2974,7713.7952732467447
2975,7716.9263504781547
2976,7717.7949319053159
2977,7720.7345341685541
2978,7727.4039950195966
2979,7728.8109006649593
2980,7730.5197905414489
2981,7733.0708173080475
2982,7735.5011021567834
2983,7739.3880453876909
2984,7745.3920495835846
2985,7746.1305158115065
2986,7747.5714066967239
2987,7748.9998849732374
2988,7751.7332565482229
2989,7753.8652094242534
2990,7758.9547797131572
2991,7759.9382794522226
2992,7765.002853382176
2993,7765.0889217283038
2994,7765.115744621261
2995,7766.249995808942
2996,7772.9578808862307
2997,7773.1036167964821
2998,7778.0992321999574
2999,7783.9136072389911
3000,7787.4124205146518
3001,7788.3582790489036
3002,7789.4372748996839
3003,7792.5625724040801
3004,7793.766876979269
3005,7796.2370186653243
3006,7797.6724722026638
3007,7806.5032133807399
3008,7807.5829561103301
3009,7809.6416182387102
3010,7812.9977078889597
3011,7813.7873911698207
3012,7816.9421610297768
3013,7818.590510321822
3014,7819.5125917157266
3015,7822.4511480315487
3016,7823.4522334114972
3017,7824.4320568007297
3018,7825.8646648916183
3019,7827.6479583781502
3020,7829.4302399959461
3021,7835.3846573055471
3022,7837.0741204752885
3023,7840.7616130715442
3024,7843.079378207909
3025,7844.4280756780199
3026,7845.3976007983429
3027,7849.5140469454118
3028,7851.7393435367867
3029,7853.9445619612434
3030,7854.3624730800502
3031,7856.5887542400696
3032,7859.447727440197
3033,7861.9529012821049
3034,7863.0676834272454
3035,7872.0754311246337
3036,7872.3913454940539
3037,7875.5561359222875
3038,7881.7921802585934
3039,7884.4779600922702
3040,7887.1654156340101
3041,7891.0636127363396
3042,7893.468243548703
3043,7893.7528580634871
3044,7898.1160387170557
3045,7899.7519371098324
3046,7900.3098164125859
3047,7902.8086998981798
3048,7907.0019866847142
3049,7907.3662294808773
3050,7912.0635443547762
3051,7913.8041822881269
3052,7913.8898971029839
3053,7921.4145552818045
3054,7923.0365006128668
3055,7923.6519246328407
3056,7932.4635940549824
3057,7933.1565592393217
3058,7935.7225642393105
3059,7939.6913403793696
3060,7942.2195418893698
3061,7942.7225940869057
3062,7943.6662686866575
3063,7945.0537356860932
3064,7946.8193619001549
3065,7950.49279875309
3066,7952.3050930029913
3067,7952.8135775360961
3068,7954.129094159709
3069,7955.1460845127667
3070,7956.5856026364827
3071,7960.8685088805896
3072,7965.6457953467616
3073,7966.835324202123
3074,7969.8319694398597
3075,7974.3897211796238
3076,7975.7072407873566
3077,7979.8365503693904
3078,7981.5082263091717
3079,7983.6030812351064
3080,7985.5288437816125
3081,7986.1099870087201
3082,7988.0777047703123
3083,7993.9477197782344
3084,7995.3106187982939
3085,8000.0138307141015
3086,8001.4358797267942
3087,8004.2007645912117
3088,8004.9416408896132
3089,8008.5982083624676
3090,8008.7890164006021
3091,8012.8753784678711
3092,8019.1867962011138
3093,8022.6562149393958
3094,8027.2609510748962
3095,8027.453532779261
3096,8029.6873021689998
3097,8034.4709890291797
3098,8034.5613881833151
3099,8038.6374587546152
3100,8041.8832062112788
3101,8041.9331159318281
3102,8045.7450260085752
3103,8052.4358836819001
3104,8056.0003552070239
3105,8057.0519470835561
3106,8058.5159595959876
3107,8059.0979521766039
3108,8064.0852742026327
3109,8064.9112715851925
3110,8065.676626252618
3111,8065.763429975179
3112,8069.0761130115789
3113,8075.1455751750073
3114,8075.9864681229137
3115,8076.880844099016
3116,8076.9750984209486
3117,8080.4594477871387
3118,8082.7828037022509
3119,8084.3634685215593
3120,8087.7713583743134
3121,8090.2878512840789
3122,8091.3783508234792
3123,8096.8126907307924
3124,8098.0601255851379
3125,8102.2179699455774
3126,8105.5674003370759
3127,8106.131071402996
3128,8107.079522667359
3129,8108.8859969561563
3130,8112.1538841032898
3131,8115.2539594124064
3132,8115.4152779992046
3133,8120.073286557631
3134,8124.1438304368685
3135,8124.8418148308901
3136,8129.4424408863233
3137,8130.9809761291926
3138,8131.4504704865112
3139,8134.3201839906751
3140,8137.6641273621299
3141,8144.6708421151016
3142,8145.6740550028871
3143,8149.324617903083
3144,8149.3383446120188
3145,8156.5027927823912
3146,8159.0875683150798
3147,8162.491252940139
3148,8162.9813249488216
3149,8166.2730589277971
3150,8168.1210676035726
3151,8170.9125590831563
3152,8175.4289289700155
3153,8176.9217978248698
3154,8177.88640226194
3155,8181.8867696435937
3156,8182.7143318710878
3157,8185.5116293632209
3158,8191.721122938643
3159,8191.778266962935
3160,8193.7848876892313
3161,8194.2184176990213
3162,8198.8957066385883
3163,8200.0944656320789
3164,8204.7337688741572
3165,8207.7466482315394
3166,8209.7492259748324
3167,8210.3738584458679
3168,8211.1094834289397
3169,8217.8739306603165
3170,8218.8705821537442
3171,8219.0969171216511
3172,8220.7410006009613
3173,8223.1164399401059
3174,8224.4832732502691
3175,8224.9760382196146
3176,8228.9599608563185
3177,8236.7709522591194
3178,8237.1007961279156
3179,8239.013291532985
3180,8240.7662532665508
3181,8244.129915382844
3182,8248.5950254618001
3183,8249.6571456177808
3184,8250.7352926075528
3185,8251.6445961727713
3186,8251.7235266717853
3187,8262.3950845969066
3188,8264.4614718174562
3189,8266.4125330837978
3190,8270.8245532558685
3191,8272.5120201478931
3192,8274.0055043283301
3193,8275.0136929792479
3194,8279.3466895352849
3195,8280.7156285742749
3196,8281.2273785419366
3197,8289.0966772071697
3198,8291.9581463675459
3199,8292.6225569327144
3200,8294.5635119560447
3201,8299.0907888897873
3202,8301.4341825874599
3203,8308.304669815825
3204,8310.2884632602945
3205,8313.7309070586653
3206,8314.6584686477272
3207,8317.2253148881155
3208,8321.001991535084
3209,8321.0794078235158
3210,8323.6718755244547
3211,8324.6989485241938
3212,8324.9920125337758
3213,8330.2031250693144
3214,8330.9106847864168
3215,8332.8475647356227
3216,8335.1615364730351
3217,8336.1315478452962
3218,8340.0653826692997
3219,8341.2936122915908
3220,8344.3994353980379
3221,8345.0700692293376
3222,8347.8274617163897
3223,8352.6890943769031
3224,8353.0387620190413
3225,8353.6777711607429
3226,8357.1663497887766
3227,8358.2725412058007
3228,8359.4762236962051
3229,8365.2555803722353
3230,8368.6956205409097
3231,8370.7806528180809
3232,8373.9905830189255
3233,8377.796410597246
3234,8379.2181825005846
3235,8383.375859157939
3236,8384.8931758437211
3237,8390.5030557205537
3238,8392.2820773746935
3239,8393.2306412526668
3240,8396.8125240259942
3241,8400.4660559895601
3242,8402.186939841391
3243,8404.3612680692604
3244,8405.2397226393459
3245,8407.5554737330567
3246,8410.8124626884692
3247,8411.7275001485614
3248,8415.5649034507824
3249,8416.639928290524
3250,8424.960284152321
3251,8428.4809996162166
3252,8431.5092315173515
3253,8431.8509303571627
3254,8433.4909721598069
3255,8435.051070381367
3256,8437.8003641912601
3257,8438.1570304424204
3258,8446.9094658107915
3259,8447.6257392773259
3260,8451.9957524464462
3261,8456.0035934413172
3262,8458.046663649613
3263,8462.411202642561
3264,8463.8717134699036
3265,8465.5773493331653
3266,8465.780254386149
3267,8467.6368050689744
3268,8470.0931262188024
3269,8472.9715553482329
3270,8473.8695276422623
3271,8476.183540952321
3272,8479.3217869752025
3273,8481.1619165234533
3274,8481.763869697028
3275,8482.1364130292077
3276,8482.7167280425056
3277,8485.8661921234561
3278,8489.5458275773672
3279,8491.8183465081165
3280,8496.4374469800732
3281,8498.5423048945777
3282,8499.7879042139939
3283,8502.8554175628706
3284,8505.6376084793646
3285,8505.931253953635
3286,8514.4022766353773
3287,8518.9756399351627
3288,8519.5495706026122
3289,8520.8664683359584
3290,8524.6142526253698
3291,8526.1049646527044
3292,8534.0103639606968
3293,8535.1113305323979
3294,8539.0118277638157
3295,8539.6378223456613
3296,8540.4069099366661
3297,8544.526100012883
3298,8545.3261710238894
3299,8547.264044413083
3300,8549.8915144072762
3301,8552.6543303525868
3302,8554.2694637791064
3303,8559.1203694092801
3304,8559.8583326831267
3305,8563.6760142872663
3306,8569.127522841809
3307,8575.3619340546975
3308,8576.3042785224388
3309,8577.5881583742121
3310,8579.6191663426634
3311,8580.9817955159688
3312,8581.9469526231642
3313,8582.6283424290632
3314,8585.0208985291738
3315,8587.8681759096053
3316,8592.6535512558639
3317,8594.6983187856822
3318,8597.6025296404223
3319,8601.3385964726294
3320,8602.9358418343727
3321,8603.6239258424303
3322,8605.722860348209
3323,8608.5025733412513
3324,8611.9083813706748
3325,8613.3986347028076
3326,8617.0912919519924
3327,8618.1755444965293
3328,8621.6288630742984
3329,8622.8233770820261
3330,8624.456222375009
3331,8625.160815275769
3332,8627.1380948433107
3333,8629.8577191982858
3334,8631.7512379774489
3335,8639.0303173304746
3336,8639.7408493965522
3337,8640.2817340955771
3338,8645.7015725294859
3339,8646.4326016799678
3340,8648.4536340338145
3341,8651.043045617851
3342,8657.6075111545451
3343,8658.219066065376
3344,8660.9662412566795
3345,8661.4022687938068
3346,8670.1195793546212
3347,8673.5073767443082
3348,8675.145983357188
3349,8677.8112496207577
3350,8679.131809040322
3351,8679.5462615537581
3352,8682.0619189688041
3353,8683.4673490681016
3354,8685.2575540975231
3355,8694.3659266183186
3356,8694.897288951548
3357,8702.4491399560702
3358,8702.7978454475178
3359,8705.4387373922473
3360,8708.151653664032
3361,8709.768132190653
3362,8711.8906839023039
3363,8713.6129121234098
3364,8713.9368936283063
3365,8716.679679352801
3366,8719.6339739947616
3367,8722.5249841147415
3368,8724.3035007023209
3369,8728.7797170850663
3370,8729.5195708193387
3371,8730.8127581622994
3372,8732.3270196532285
3373,8737.4158804036178
3374,8737.9750107714772
3375,8740.1474872914987
3376,8744.2343861273457
3377,8746.7120954720303
3378,8748.544872117649
3379,8749.0739194864454
3380,8750.0621583813409
3381,8751.246119657575
3382,8754.6084844742254
3383,8761.8286326313446
3384,8761.9229930536421
3385,8764.6930590681059
3386,8765.17942452026
3387,8770.5363389394352
3388,8774.4440464197432
3389,8776.2116015727897
3390,8782.087076642465
3391,8782.888578432905
3392,8784.4277278507798
3393,8785.2124644378182
3394,8787.3112858552595
3395,8793.8096694229553
3396,8795.9080551625702
3397,8797.9737344773439
3398,8798.0132272319825
3399,8803.4131970986655
3400,8807.0445577010669
3401,8807.5939267124104
3402,8812.3319632098137
3403,8814.776004745976
3404,8816.2299496025953
3405,8817.6945253973863
3406,8818.6705536252739
3407,8823.9823101904767
3408,8826.8909050535476
3409,8832.184332889572
3410,8835.1030213246704
3411,8837.4535401644207
3412,8840.1392516447522
3413,8843.1418849203728
3414,8844.9847834065349
3415,8846.4478273591267
3416,8847.5260586219083
3417,8848.7742140439223
3418,8851.0137349877023
3419,8851.4598962732598
3420,8856.3512981162621
3421,8858.2732094870335
3422,8862.4872131417869
3423,8862.5408497327589
3424,8865.9832454180396
3425,8868.5160614066117
3426,8868.5300952850957
3427,8872.2906734870012
3428,8879.708374124908
3429,8879.7467126019037
3430,8882.8135619648656
3431,8883.0064943097914
3432,8887.1569939146539
3433,8888.1551766845732
3434,8889.5005497619513
3435,8891.2570368936103
3436,8894.4343168022642
3437,8898.3508828495997
3438,8899.9852296882
3439,8901.8837011766027
3440,8904.1064697004385
3441,8905.4841830532478
3442,8906.3647260442558
3443,8908.0980938096109
3444,8916.7447065494944
3445,8917.4249938646644
3446,8923.3313796753264
3447,8924.1749000682394
3448,8927.0961551274559
3449,8931.7761929580847
3450,8932.6960540731961
3451,8935.1327112750932
3452,8939.6119010685015
3453,8942.2092170352444
3454,8944.7605277446
3455,8946.2751053283719
3456,8948.4251732292796
3457,8953.4639998331477
3458,8957.5243083154983
3459,8959.6247137081937
3460,8960.6597198082236
3461,8962.5721229620722
3462,8966.6760277531866
3463,8973.2633958053102
3464,8976.0006467294279
3465,8976.1170398333416
3466,8978.4385309191784
3467,8979.9687649129246
3468,8981.1753049336021
3469,8982.6464660909242
3470,8983.5261801626602
3471,8985.8251358823309
3472,8988.5990323891747
3473,8992.4825763591834
3474,8993.8717510027982
3475,8994.5677681092347
3476,8994.6812584683066
3477,8998.8139304476263
3478,9001.8723986176119
3479,9002.3337625336771
3480,9005.2438449830697
3481,9010.892455657975
3482,9016.976471219843
3483,9018.0233034980301
3484,9019.0344715236624
3485,9022.3382868442022
3486,9026.0979676524839
3487,9027.6141699836426
3488,9031.6529571316514
3489,9033.1881589186742
3490,9036.0340149979784
3491,9037.6002235502492
3492,9038.670831766256
3493,9039.1729040500122
3494,9040.1075190392876
3495,9048.0077457432908
3496,9050.3646483163666
3497,9052.9276286167078
3498,9055.0227805909562
3499,9056.9776545966106
3500,9062.6024666537396
3501,9069.3452037761308
3502,9070.2008809347572
3503,9070.2618668423675
3504,9073.6734037840815
3505,9075.7398414342406
3506,9078.3023279921053
3507,9081.6969570578494
3508,9082.2279301038652
3509,9084.6701219097104
3510,9084.7755865063791
3511,9089.1473778869931
3512,9095.1185114745331
3513,9095.6095159435936
3514,9096.7062199256525
3515,9102.8498815221719
3516,9104.4795236545469
3517,9105.5480532869715
3518,9108.1434052060868
3519,9112.4214098722714
3520,9112.9947863626094
3521,9116.9282660639637
3522,9118.3210798078635
3523,9121.9341249862882
3524,9124.6612183162251
3525,9125.0831383825462
3526,9126.325537498391
3527,9132.2719123804109
3528,9134.9662729764805
3529,9136.1080533481145
3530,9137.1784639696652
3531,9137.8799579602746
3532,9139.6479669922428
3533,9144.7151152140068
3534,9145.4718274414081
3535,9147.8208808453383
3536,9152.6069394669048
3537,9153.180336345833
3538,9157.4763861148476
3539,9158.8482233333307
3540,9160.8806945332199
3541,9168.4842926942201
3542,9170.2059234933222
3543,9172.0520035581903
3544,9173.4001993894435
3545,9175.1138323099076
3546,9175.5627850833916
3547,9177.7206459315439
3548,9177.9625562436067
3549,9179.1445307429367
3550,9186.0803565578572
3551,9187.829409230877
3552,9192.083624904606
3553,9197.8013062015289
3554,9199.4187414772423
3555,9202.5000855756534
3556,9204.591881719025
3557,9206.2955486440296
3558,9210.5115290546091
3559,9216.4564454718093
3560,9217.0989650185256
3561,9219.4055018332638
3562,9221.0017170001101
3563,9221.8109491599953
3564,9227.2675969392039
3565,9229.0773263602623
3566,9230.0658019094062
3567,9230.6415224840566
3568,9237.3547817448052
3569,9239.1951205190926
3570,9244.7067102356941
3571,9249.9683418807454
3572,9250.3772431679754
3573,9251.155563993314
3574,9255.7646361143106
3575,9256.8716602904733
3576,9257.2366930119879
3577,9258.7034389250184
3578,9262.3183898106345
3579,9264.9456997485613
3580,9265.6697612342923
3581,9266.5535760898219
3582,9270.9016911963627
3583,9273.9007920252097
3584,9275.4800719270479
3585,9276.2238140970985
3586,9277.9989373854387
3587,9279.5419657358489
3588,9282.7652735952997
3589,9283.5726742104889
3590,9284.8082016435492
3591,9292.6935614211798
3592,9296.4089319887753
3593,9298.3472672199787
3594,9302.1077179262466
3595,9303.6830655689428
3596,9308.6599311554583
3597,9309.9169553841857
3598,9311.6779677660688
3599,9312.5999336541663
3600,9312.6147829566817
3601,9318.3209967652165
3602,9320.9191340786783
3603,9327.7951652340471
3604,9328.1842362593288
3605,9330.2119728663984
3606,9330.3671098478844
3607,9333.7380617502477
3608,9338.6201140592239
3609,9339.5401363615729
3610,9340.4092990439549
3611,9345.6832188244935
3612,9346.6494883390351
3613,9349.7378027939703
3614,9356.1674898818565
3615,9356.4870028564383
3616,9365.5007663618289
3617,9367.0740342337103
3618,9369.0638945653645
3619,9369.5916293454484
3620,9372.5578889384833
3621,9373.2458809786858
3622,9375.1440246837374
3623,9375.785269458067
3624,9377.0182470341115
3625,9382.6592480807758
3626,9385.0162776008183
3627,9385.6020389246805
3628,9389.068986854043
3629,9390.6638122650111
3630,9395.0077063396893
3631,9396.6090082217106
3632,9397.2450765444501
3633,9401.1162139324879
3634,9403.3791353353154
3635,9405.0391107829837
3636,9408.6372359542984
3637,9409.1401099397899
3638,9409.1728668594533
3639,9412.2124985272876
3640,9413.0699451437977
3641,9416.0808677178684
3642,9422.1143979188455
3643,9427.4632848006277
3644,9429.7387109404935
3645,9430.9283212996415
3646,9431.8232868127179
3647,9434.9955100339284
3648,9435.2587041621791
3649,9437.8699139982891
3650,9439.3809343937937
3651,9442.6217858648943
3652,9443.776491512268
3653,9449.5455207830491
3654,9454.8775618684667
3655,9455.7172083411024
3656,9459.9778649861564
3657,9465.022842058097
3658,9467.4605486180299
3659,9468.0096135233889
3660,9468.4340430871634
3661,9472.3796980798998
3662,9472.6821370708039
3663,9477.9780643926806
3664,9478.2141996799146
3665,9486.0302688113206
3666,9486.1747401075681
3667,9488.1649819643335
3668,9493.0911482593001
3669,9494.8457909395238
3670,9496.8826001564121
3671,9498.1745800675762
3672,9500.730617323703
3673,9501.1940203391023
3674,9502.8866303555988
3675,9505.4904077347292
3676,9517.8010455697695
3677,9519.0598886218759
3678,9520.3574368166373
3679,9522.9364575969994
3680,9524.242799015381
3681,9528.8552148724702
3682,9529.4403737657449
3683,9530.1359881435528
3684,9532.2190597866684
3685,9534.2149833818639
3686,9535.863408377676
3687,9539.1911293548455
3688,9540.7689688938535
3689,9541.4170139379039
3690,9543.8704011894315
3691,9544.2201967574583
3692,9550.9303982221227
3693,9552.7048418802533
3694,9558.4534181669515
3695,9560.3500529475386
3696,9562.5493037463966
3697,9564.1157257142058
3698,9568.2531248762298
3699,9569.7996836859238
3700,9571.2316955520382
3701,9571.9057032239816
3702,9572.8545068158128
3703,9575.9507670752573
3704,9579.2996514629467
3705,9583.4915292671867
3706,9586.2122754665997
3707,9587.7837916627104
3708,9592.6357878495819
3709,9596.4512525958853
3710,9599.6855082073071
3711,9601.6136333961003
3712,9602.2252313363861
3713,9604.0189201650592
3714,9605.0882044445916
3715,9614.9737174523543
3716,9615.5773462102989
3717,9618.2348272977233
3718,9618.4811022384165
3719,9620.6046636013343
3720,9621.7035030839306
3721,9627.1165659246399
3722,9633.9620458851896
3723,9635.1539663384792
3724,9635.5425527789357
3725,9636.7205860012018
3726,9643.2820214642179
3727,9644.9663767341845
3728,9645.6838932711344
3729,9648.2878781179152
3730,9651.2009251478758
3731,9651.3396166883649
3732,9660.733203752141
3733,9661.0479544687114
3734,9662.6733419788452
3735,9664.9407986179122
3736,9665.6297412229051
3737,9668.6133227748705
3738,9672.2527133495914
3739,9674.7881452624097
3740,9675.4123608260306
3741,9677.0717057636884
3742,9677.6993502003697
3743,9680.4109935642919
3744,9684.4978639175988
3745,9685.4017716837207
3746,9686.6271857649517
3747,9687.9027211241537
3748,9694.3695072023929
3749,9696.050849217223
3750,9696.7192410203079
3751,9700.8401028313729
3752,9705.1054894396257
3753,9707.0993278860842
3754,9707.8430130097568
3755,9710.1807890321088
3756,9716.4090350805491
3757,9717.1708823315275
3758,9719.1758796888462
3759,9719.8902693663495
3760,9721.4033860710788
3761,9723.9255266601231
3762,9733.6065518301402
3763,9736.3128709605098
3764,9737.4750161395987
3765,9738.1394755719175
3766,9740.9925606142533
3767,9743.6413905224799
3768,9743.7254089281614
3769,9744.2720287069496
3770,9752.9157634114399
3771,9754.2078716739998
3772,9757.9880663944859
3773,9758.3869909951663
3774,9758.4869517650477
3775,9764.6560044612088
3776,9768.4486415292795
3777,9773.7654622448317
3778,9774.5804398952278
3779,9777.559949984874
3780,9779.3252696516283
3781,9779.8808004868933
3782,9782.8519998018292
3783,9785.7037729427557
3784,9791.1140778246099
3785,9791.9343089454833
3786,9797.1178337207966
3787,9798.8257327351566
3788,9800.0202313970767
3789,9800.9919121499242
3790,9802.0937666665104
3791,9806.4379114135354
3792,9807.5900953938926
3793,9807.8569744832821
3794,9813.1912858535816
3795,9816.9796719260394
3796,9818.0430513249248
3797,9820.903488556467
3798,9823.3762817841689
3799,9825.3570713321624
3800,9827.4741542680822
3801,9827.5663414374067
3802,9829.6216256823391
3803,9832.1137181894537
3804,9832.1721606837546
3805,9839.2036862503755
3806,9840.5696490255596
3807,9848.15278110297
3808,9848.522365021834
3809,9849.9552111027006
3810,9853.188828800694
3811,9853.8553687099466
3812,9858.4367084386067
3813,9859.3685312367834
3814,9861.4973148840982
3815,9865.2096723997402
3816,9865.2460595827033
3817,9871.0845094777196
3818,9874.2412478927145
3819,9877.2225737722965
3820,9877.6541584459137
3821,9880.407793057333
3822,9883.0883689452075
3823,9885.1830140801358
3824,9885.7763577182814
3825,9891.8616236295293
3826,9891.9988324734295
3827,9900.3499772071373
3828,9903.1841408487562
3829,9903.246497206288
3830,9904.3977889002654
3831,9909.0496272504042
3832,9912.6146064112363
3833,9917.1536685539158
3834,9922.4039287918968
3835,9923.0596202311845
3836,9925.2025712004433
3837,9925.4684446141291
3838,9927.5022279686054
3839,9931.7205819866449
3840,9934.2326041330562
3841,9935.3837195411725
3842,9937.3492395790927
3843,9938.245449268099
3844,9940.2262109548392
3845,9941.1546702566902
3846,9945.2158194836065
3847,9950.341748483308
3848,9952.1596475829847
3849,9952.8578465380069
3850,9958.557365344559
3851,9959.4486581284345
3852,9960.7949476857157
3853,9962.3522082064301
3854,9964.1883783521789
3855,9966.5361392665982
3856,9967.1461968105705
3857,9970.8409816678413
3858,9974.4558605512739
3859,9976.0327023249083
3860,9980.7917741323799
3861,9980.8787046996604
3862,9982.4362132396527
3863,9988.7113177520296
3864,9991.182417589167
3865,9993.0385911127378
3866,9998.4852807145562
3867,9998.8308071482588
3868,9998.8928467907681
3869,10003.549765895623
3870,10004.371591927837
3871,10009.639319208214
3872,10010.999779819123
3873,10014.176857578543
3874,10017.558733901822
3875,10019.593844050985
3876,10021.713665214354
3877,10025.206557064617
3878,10027.01152123407
3879,10029.068016574471
3880,10032.776838247104
3881,10033.554062053992
3882,10038.759682954462
3883,10039.167845852118
3884,10039.788569942262
3885,10044.019796907642
3886,10044.754164475056
3887,10052.626202853558
3888,10057.58608869146
3889,10059.733468209035
3890,10061.096117710047
3891,10064.137415811849
3892,10069.545748051256
3893,10071.938434684753
3894,10072.690429770126
3895,10076.508493048104
3896,10077.540489899273
3897,10080.657777865694
3898,10081.311119525637
3899,10083.698484601422
3900,10084.044875971236
3901,10085.146173113169
3902,10088.213168592558
3903,10090.524589890263
3904,10091.606678959099
3905,10096.351326671516
3906,10098.722705697437
3907,10100.251094873753
3908,10104.677024432511
3909,10105.500008874602
3910,10111.566452750054
3911,10111.681965244908
3912,10112.608999158538
3913,10113.96872922797
3914,10114.514323469519
3915,10116.696066786881
3916,10126.313847361276
3917,10126.573775059611
3918,10130.742473170538
3919,10131.216186494115
3920,10132.719394764605
3921,10134.179939155938
3922,10136.19883775193
3923,10143.293400257997
3924,10146.281589618318
3925,10149.009079306999
3926,10150.710296367257
3927,10151.864136510389
3928,10155.494591185596
3929,10157.548977897784
3930,10158.747654911176
3931,10158.931452636825
3932,10161.883950578582
3933,10163.432088035814
3934,10169.364396264182
3935,10172.165901233837
3936,10177.475740508837
3937,10179.511638506327
3938,10186.22250677684
3939,10188.04209367849
3940,10188.41364704025
3941,10190.975040729905
3942,10192.336129978858
3943,10196.28990797713
3944,10200.297627746359
3945,10200.875817220009
3946,10202.444824339227
3947,10207.110847359063
3948,10209.73835894158
3949,10212.380471222819
3950,10215.438125339426
3951,10219.703762844441
3952,10220.263233860605
3953,10221.377845105206
3954,10224.97039497349
3955,10227.991537844744
3956,10228.976695588364
3957,10231.725758053097
3958,10233.790243184665
3959,10236.061480666936
3960,10236.389942790867
3961,10239.907529655982
3962,10240.549952670639
3963,10243.818011055158
3964,10244.204238257611
3965,10247.855168655884
3966,10249.744481597183
3967,10251.58243450708
3968,10253.848313618497
3969,10262.357855082202
3970,10262.489492535989
3971,10262.546239626352
3972,10269.456150749753
3973,10269.707490973784
3974,10270.96348902168
3975,10276.191397185667
3976,10277.500078398416
3977,10282.315711941294
3978,10284.590387879711
3979,10286.27974003797
3980,10287.551078351078
3981,10288.89527579296
3982,10290.829269629108
3983,10293.159012676291
3984,10295.631401046863
3985,10298.994151343419
3986,10301.962936108037
3987,10302.843952169251
3988,10303.642314962424
3989,10308.690980489606
3990,10313.925913534109
3991,10315.007790661724
3992,10315.68333683221
3993,10318.662681159398
3994,10322.637922715132
3995,10326.971077414597
3996,10334.978314274016
3997,10336.264697354005
3998,10338.194973914693
3999,10338.227607395784
4000,10343.060795745885
4001,10345.075487842172
4002,10347.5105565826
4003,10352.441421882839
4004,10354.279988292952
4005,10357.868691484828
4006,10359.242216081175
4007,10360.189987286103
4008,10361.184872801376
4009,10365.104340053897
4010,10366.159965280884
4011,10368.888106014394
4012,10369.859455826469
4013,10372.371147352833
4014,10373.554650523611
4015,10376.475717915424
4016,10378.402367107874
4017,10385.970642624579
4018,10386.256662287735
4019,10389.798523967584
4020,10390.782682761579
4021,10393.659521568448
4022,10394.848473288996
4023,10397.373728858156
4024,10402.009493077914
4025,10402.370201996704
4026,10407.220262726785
4027,10407.974110559131
4028,10412.936782018834
4029,10413.723075396827
4030,10416.254857846283
4031,10416.753673065605
4032,10418.138850041994
4033,10421.310043692905
4034,10424.990486854991
4035,10428.979412556122
4036,10429.275115144908
4037,10437.732312457492
4038,10438.329110467241
4039,10439.435103413471
4040,10440.326990438973
4041,10442.759427601333
4042,10443.027032093825
4043,10449.869284240976
4044,10449.927341190218
4045,10455.732618903718
4046,10456.196398925142
4047,10457.452939819601
4048,10466.038654934346
4049,10466.161571136834
4050,10466.404046623331
4051,10472.386965469657
4052,10474.810044124328
4053,10476.264753557858
4054,10480.115863281273
4055,10481.135130615443
4056,10485.855307990696
4057,10492.603282978822
4058,10493.643882498807
4059,10494.494250042215
4060,10495.659649539008
4061,10497.889727899072
4062,10499.104823617805
4063,10503.115761155565
4064,10503.933190040441
4065,10511.157896132669
4066,10512.996443708438
4067,10514.10460408449
4068,10516.936155912465
4069,10519.696094238116
4070,10522.527279154488
4071,10523.365827910719
4072,10524.699159123096
4073,10526.180783396827
4074,10527.573461193315
4075,10528.680550635687
4076,10533.710786710653
4077,10535.069081764124
4078,10536.826840475302
4079,10541.45790427521
4080,10543.67164593033
4081,10545.969535138618
4082,10548.334139580789
4083,10552.026669640742
4084,10555.764677428702
4085,10555.995711377955
4086,10557.121968197029
4087,10562.885678262954
4088,10566.12556144975
4089,10567.692057068034
4090,10569.102896435223
4091,10569.642918058295
4092,10572.300507074757
4093,10572.501507892503
4094,10579.825861443549
4095,10581.455849095479
4096,10582.543847386103
4097,10583.478568203433
4098,10590.707546207834
4099,10590.863385168699
4100,10592.231480464547
4101,10595.23450384088
4102,10599.275176157687
4103,10601.854845179087
4104,10603.660460669509
4105,10607.262218079288
4106,10607.49865080245
4107,10614.824588103851
4108,10619.924856764252
4109,10620.780469508491
4110,10622.374087404965
4111,10629.340176377282
4112,10630.143633146412
4113,10632.49398072917
4114,10638.843196377707
4115,10639.289650189583
4116,10641.808360048781
4117,10642.455603398934
4118,10645.133695541781
4119,10645.38645928515
4120,10650.634065297139
4121,10650.930537801774
4122,10654.825735410723
4123,10656.524480521657
4124,10659.732151701472
4125,10660.380297113421
4126,10660.782836516648
4127,10664.857636523921
4128,10665.70743444978
4129,10670.834978359708
4130,10672.887235077425
4131,10673.266157961796
4132,10674.563607588761
4133,10677.151216442788
4134,10683.866440626132
4135,10688.50075526452
4136,10688.717431747416
4137,10694.188101580387
4138,10695.550112923447
4139,10696.113393615422
4140,10697.434317200168
4141,10702.19601254965
4142,10702.958466984393
4143,10703.042738357371
4144,10707.905259445108
4145,10710.195400942735
4146,10713.319319083079
4147,10715.275499712727
4148,10717.559863916415
4149,10722.349272664875
4150,10722.999443296481
4151,10727.573319718087
4152,10729.147444682205
4153,10730.117239162926
4154,10733.023300221796
4155,10735.322987251038
4156,10740.49827105931
4157,10742.188954306266
4158,10742.817807204778
4159,10744.448470131825
4160,10749.275452710361
4161,10752.144502745859
4162,10754.301306093861
4163,10758.539731579907
4164,10762.890587691523
4165,10765.548023211426
4166,10766.905734881397
4167,10770.155241515442
4168,10774.835762259925
4169,10779.70038430358
4170,10780.071370612624
4171,10783.641632265964
4172,10784.208489863311
4173,10787.677690337896
4174,10788.903206605421
4175,10790.001743413257
4176,10793.466133603435
4177,10795.650883339078
4178,10799.42917850483
4179,10802.044390419263
4180,10805.087054732145
4181,10806.082032152512
4182,10807.195182064106
4183,10809.302432593227
4184,10811.025915613651
4185,10812.290633445733
4186,10814.518743091674
4187,10817.122469918238
4188,10818.288747024229
4189,10821.440148178463
4190,10825.821220555117
4191,10828.554305717773
4192,10830.270596186308
4193,10833.418892046606
4194,10834.851370020919
4195,10840.116856326014
4196,10844.416301404442
4197,10845.850269471648
4198,10849.06961205719
4199,10849.481148810028
4200,10854.653765606281
4201,10854.835940922245
4202,10856.690198429213
4203,10856.915480467867
4204,10858.319134208683
4205,10860.570998573714
4206,10864.686182460879
4207,10865.038812189441
4208,10868.695702020537
4209,10873.836236675266
4210,10875.01288428927
4211,10881.341790463346
4212,10882.470494413288
4213,10883.512073004758
4214,10889.462392140735
4215,10892.053112376751
4216,10893.02548101892
4217,10896.485203579728
4218,10899.056367180672
4219,10903.212702295164
4220,10903.714129390673
4221,10907.454017410657
4222,10914.47341140543
4223,10914.759188666525
4224,10919.823552787908
4225,10920.46367978518
4226,10922.8248080146
4227,10926.638479070352
4228,10930.898568494687
4229,10931.700846882941
4230,10932.625111769103
4231,10935.101127376196
4232,10937.726296099814
4233,10941.016727839236
4234,10941.41238424509
4235,10945.401288757979
4236,10949.024383074755
4237,10951.536571010536
4238,10953.936395377972
4239,10954.363551600225
4240,10954.462176822313
4241,10960.02799241655
4242,10962.008927499373
4243,10963.56501998571
4244,10966.215626069568
4245,10969.8112400684
4246,10975.448816984632
4247,10976.621553290121
4248,10978.421571852801
4249,10981.097735568868
4250,10983.129520174271
4251,10985.042353945173
4252,10985.262983012457
4253,10992.408732119262
4254,10993.663182314551
4255,10997.140017589294
4256,10999.550411769054
4257,11000.360671793327
4258,11000.719061704678
4259,11003.549425641299
4260,11004.686841674262
4261,11004.97606984917
4262,11010.565583917127
4263,11012.501099136502
4264,11014.589604263332
4265,11018.375645086709
4266,11021.755842824139
4267,11022.156813027057
4268,11022.327227743344
4269,11028.171002455299
4270,11031.034465632423
4271,11033.081235458898
4272,11042.164766731057
4273,11045.428719220137
4274,11045.907771168444
4275,11047.288106370799
4276,11048.711015894829
4277,11053.228287942302
4278,11054.922913812945
4279,11057.589964228911
4280,11060.035905648821
4281,11066.299682173616
4282,11068.859630005356
4283,11069.466716413783
4284,11074.390597507727
4285,11075.470259450294
4286,11078.985449979436
4287,11081.92235377103
4288,11084.274016507046
4289,11084.819140339572
4290,11093.26193662368
4291,11093.830709790278
4292,11094.669915383094
4293,11100.975358774544
4294,11101.18031677115
4295,11102.579617360892
4296,11104.879889137392
4297,11108.064073467
4298,11110.339830291734
4299,11111.470987898201
4300,11112.960258180525
4301,11116.404700710018
4302,11118.060001664795
4303,11123.419373066237
4304,11123.750633237367
4305,11124.472517733255
4306,11128.493003985282
4307,11137.425515774901
4308,11139.035746532823
4309,11140.663720647284
4310,11143.0266122004
4311,11147.113950898976
4312,11147.252462941708
4313,11152.843579006361
4314,11153.506238882515
4315,11157.338210226921
4316,11157.512677727689
4317,11158.504739809956
4318,11158.907571685028
4319,11164.020812098617
4320,11170.819799874687
4321,11172.951876650715
4322,11177.696620099448
4323,11179.839505922177
4324,11179.942676775239
4325,11188.428899894177
4326,11192.875697252382
4327,11193.133351900342
4328,11200.075475206766
4329,11201.481237684033
4330,11204.385936175466
4331,11204.489156823505
4332,11211.354449366308
4333,11213.831377911662
4334,11216.148345545867
4335,11218.516403305866
4336,11221.95089779139
4337,11226.940305533251
4338,11227.810613596897
4339,11232.869855280318
4340,11236.910143445111
4341,11237.334048507817
4342,11239.978940769701
4343,11245.305462976061
4344,11248.330800226686
4345,11251.739875054942
4346,11255.194240652516
4347,11258.529055359792
4348,11259.422345501118
4349,11261.423729783901
4350,11266.686481286555
4351,11267.104170317865
4352,11268.61711274928
4353,11274.607978752305
4354,11275.919523128854
4355,11277.925171146528
4356,11282.327282659799
4357,11284.510103420311
4358,11286.185269644702
4359,11287.693086177473
4360,11294.896189916888
4361,11297.330919482882
4362,11298.749293252453
4363,11301.813564210372
4364,11302.312102015425
4365,11309.382345264263
4366,11315.78793501031
4367,11315.930730335265
4368,11320.67956872425
4369,11321.130413109515
4370,11325.282222035743
4371,11326.310230624666
4372,11329.464687490634
4373,11330.561182019117
4374,11339.761621541558
4375,11345.238230776902
4376,11349.519211861578
4377,11352.614190546317
4378,11357.457428392645
4379,11357.705850142474
4380,11363.323505547301
4381,11365.540376022036
4382,11367.651995844881
4383,11372.935992458519
4384,11374.435179622267
4385,11376.428816731663
4386,11376.512836947471
4387,11383.713450547606
4388,11389.443546649802
4389,11392.394750932679
4390,11397.057225676506
4391,11398.207539065259
4392,11401.008214776442
4393,11404.969378921007
4394,11407.567129293029
4395,11408.966409194425
4396,11410.657455165581
4397,11412.833451859224
4398,11420.848095644847
4399,11420.871277237278
4400,11423.102296898491
4401,11424.171294857868
4402,11427.118254027209
4403,11432.639335387421
4404,11437.750646563041
4405,11438.642380662979
4406,11441.10007695181
4407,11444.881262274057
4408,11451.475238299443
4409,11451.529584203023
4410,11455.952045189228
4411,11460.689380872251
4412,11462.136453758567
4413,11465.112530306425
4414,11467.777613014472
4415,11470.080599995781
4416,11477.130563501338
4417,11477.892711698472
4418,11482.852577066742
4419,11487.342881299048
4420,11491.264647530445
4421,11494.918755295745
4422,11496.70301952782
4423,11500.985028454526
4424,11508.207071003026
4425,11508.612621135982
4426,11515.363164223047
4427,11517.631325946131
4428,11522.176756591889
4429,11525.604510515888
4430,11527.577469910679
4431,11535.732422852087
4432,11538.134196312145
4433,11539.06400023501
4434,11541.744108912993
4435,11543.310526096266
4436,11553.953144751631
4437,11555.451053751309
4438,11559.60962479358
4439,11561.220189262782
4440,11561.864879737066
4441,11566.519645955501
4442,11566.573917278107
4443,11569.599829500654
4444,11573.380734613464
4445,11578.77728119116
4446,11582.456737127144
4447,11583.74400879769
4448,11585.038495969902
4449,11591.392786442633
4450,11592.529289322018
4451,11595.214466214353
4452,11599.899475913193
4453,11605.54385078612
4454,11606.744913012877
4455,11614.006956651976
4456,11618.536695028719
4457,11618.554531471103
4458,11621.196671594242
4459,11629.930106309503
4460,11630.533678225187
4461,11636.42921202833
4462,11639.128943923823
4463,11642.804661089762
4464,11643.70569920281
4465,11646.742568287889
4466,11651.643548912863
4467,11656.956491574469
4468,11664.780729328251
4469,11670.960315706141
4470,11673.599224148114
4471,11676.126417476726
4472,11677.056836065722
4473,11678.510891802265
4474,11686.747478754338
4475,11686.889552895827
4476,11691.808619021214
4477,11698.955800275411
4478,11704.973411410665
4479,11707.498974684106
4480,11707.901558273663
4481,11708.779279759705
4482,11709.186448892608
4483,11716.24486654296
4484,11722.45454831188
4485,11724.606310839288
4486,11726.779934253929
4487,11728.045562303487
4488,11728.98444453119
4489,11738.099938248619
4490,11738.487895732298
4491,11740.486534633936
4492,11741.900730720481
4493,11747.311416033903
4494,11755.046359582127
4495,11757.659298022652
4496,11758.034299387466
4497,11764.848433910131
4498,11765.450801107156
4499,11766.183172048868
4500,11780.472842522868
4501,11782.001503811651
4502,11784.001640563692
4503,11788.183416479609
4504,11791.217228795709
4505,11799.68101622231
4506,11801.630476208116
4507,11801.730077545431
4508,11805.089625501436
4509,11812.833433133337
4510,11814.225751856031
4511,11821.054457781687
4512,11826.42662436978
4513,11835.56476736351
4514,11835.856060002316
4515,11840.341096562908
4516,11844.774124033291
4517,11847.403404685452
4518,11850.156415889896
4519,11855.559471658362
4520,11858.44685247618
4521,11859.790214999774
4522,11864.733500901262
4523,11870.139813572659
4524,11870.372876385036
4525,11872.558789555154
4526,11873.499931625522
4527,11879.356913684322
4528,11883.006275454511
4529,11884.741714037889
4530,11892.342313603187
4531,11894.313677984463
4532,11901.870353610137
4533,11904.550216594322
4534,11904.70029660496
4535,11908.820013384615
4536,11914.997223183618
4537,11918.314327476946
4538,11923.378164122105
4539,11926.817463374586
4540,11931.111186781813
4541,11932.884092775557
4542,11936.644315817228
4543,11946.637986513448
4544,11951.389329807054
4545,11954.426536688083
4546,11955.435329668631
4547,11958.363647670467
4548,11962.296945730299
4549,11964.485088374377
4550,11969.435194950685
4551,11977.416406782329
4552,11982.722035214021
4553,11992.177749524915
4554,11998.422743870999
4555,11998.922030538657
4556,12002.685259898413
4557,12007.208021380005
4558,12008.566887568641
4559,12010.25041097053
4560,12013.020658571375
4561,12014.486670419801
4562,12017.077489111038
4563,12024.940575238743
4564,12026.692145961479
4565,12030.545954308791
4566,12035.237159425824
4567,12037.694672143845
4568,12040.735165716666
4569,12046.051588055852
4570,12051.381660739615
4571,12052.28443346552
4572,12055.586048971973
4573,12061.02859662397
4574,12065.211004162484
4575,12068.736704080058
4576,12073.425876806477
4577,12073.570671925245
4578,12085.485231511095
4579,12088.9325039291
4580,12091.593170545713
4581,12093.417074213679
4582,12095.722244809593
4583,12099.443584687793
4584,12110.892923552658
4585,12114.466310181586
4586,12119.794628629064
4587,12121.660230175305
4588,12126.642735330744
4589,12129.315365144788
4590,12133.868672179078
4591,12140.609915901317
4592,12146.629383391204
4593,12150.158886682173
4594,12159.017276478195
4595,12165.493228484182
4596,12168.53109981705
4597,12169.81364906027
4598,12171.807378049863
4599,12174.120659502232
4600,12176.093718502962
4601,12180.481429634496
4602,12184.413072113843
4603,12185.587956454186
4604,12185.676424166621
4605,12190.892307223716
4606,12199.013477090919
4607,12204.345727341561
4608,12208.085673960755
4609,12215.935036005169
4610,12218.360531715942
4611,12220.993532974464
4612,12225.153625137902
4613,12232.042390040882
4614,12234.869076368015
4615,12235.439056195346
4616,12236.327708075351
4617,12244.874431604647
4618,12254.996141677451
4619,12255.352617174351
4620,12258.090924495189
4621,12263.630013084256
4622,12270.605611222487
4623,12281.586879410941
4624,12283.23911229957
4625,12284.231097691525
4626,12289.439743291668
4627,12290.095269138956
4628,12292.109590802802
4629,12306.326344830926
4630,12314.928880528787
4631,12317.976703891203
4632,12323.849247880325
4633,12324.973757618305
4634,12325.945115743345
4635,12328.738835794116
4636,12331.491681776864
4637,12336.127265187977
4638,12339.636779587756
4639,12342.893624961862
4640,12345.721438086037
4641,12347.25535333048
4642,12349.810994857688
4643,12356.279853063619
4644,12362.546154875856
4645,12367.51626562586
4646,12367.68782528046
4647,12377.565514655593
4648,12378.721551000788
4649,12387.742706804011
4650,12389.217184914434
4651,12394.297944647513
4652,12397.467128286722
4653,12406.18563073955
4654,12407.698790473944
4655,12412.333465513326
4656,12415.120817623172
4657,12417.145003924345
4658,12427.489188572492
4659,12436.075611639128
4660,12440.985108122966
4661,12447.203113788644
4662,12447.80426585985
4663,12450.595918962905
4664,12457.488085547666
4665,12459.322436247683
4666,12468.902257761471
4667,12477.00315864398
4668,12483.283040893768
4669,12485.464828453698
4670,12489.533249302134
4671,12490.549928729877
4672,12494.070651738051
4673,12495.487919068451
4674,12500.790696065127
4675,12502.851038826542
4676,12507.677817482441
4677,12510.127548005164
4678,12515.693342924504
4679,12515.757583573213
4680,12526.006725390094
4681,12531.665454040409
4682,12536.695355672658
4683,12537.549871210165
4684,12542.720467236526
4685,12547.721643504166
4686,12556.957995757561
4687,12558.646294206439
4688,12563.829881836351
4689,12566.269253209346
4690,12576.690433155607
4691,12580.795987864114
4692,12584.960795915022
4693,12591.378495955129
4694,12594.953409725977
4695,12597.880326560597
4696,12608.231188736781
4697,12613.931722217976
4698,12617.102313653839
4699,12621.045684305693
4700,12629.052404402306
4701,12632.40431715565
4702,12637.075572383412
4703,12641.000432170062
4704,12641.972150550488
4705,12644.531992671389
4706,12647.57084573998
4707,12653.998451886137
4708,12664.695785452046
4709,12666.152958932795
4710,12666.31971338372
4711,12671.998257039948
4712,12673.068484357962
4713,12675.706207347426
4714,12681.548329183664
4715,12689.115706573402
4716,12695.910684209874
4717,12699.69294521052
4718,12700.594804385733
4719,12705.74170806724
4720,12714.577976642455
4721,12722.24474979596
4722,12724.006060436521
4723,12729.769748020222
4724,12738.968813225818
4725,12741.765213035003
4726,12745.047488924907
4727,12746.41323585638
4728,12749.873273530253
4729,12759.161385909061
4730,12771.983724022628
4731,12779.017638654923
4732,12783.665875602079
4733,12789.008813882565
4734,12789.411968543322
4735,12792.077621093211
4736,12799.093150064957
4737,12801.983331185409
4738,12805.973468968044
4739,12807.887820617629
4740,12816.090027638371
4741,12817.599933232761
4742,12826.077128715495
4743,12831.005094676273
4744,12835.643504556077
4745,12843.412317271939
4746,12845.384295607739
4747,12846.386785582932
4748,12848.146085284498
4749,12848.940291072946
4750,12860.499068407807
4751,12861.655398505281
4752,12869.714103253114
4753,12880.612830447284
4754,12882.308867821377
4755,12892.647405769121
4756,12896.388826011427
4757,12901.052817683716
4758,12902.421746932258
4759,12905.969072741214
4760,12914.330947346523
4761,12920.238884348515
4762,12925.530053103703
4763,12944.996731289257
4764,12949.409572571169
4765,12951.624761350593
4766,12954.042222002263
4767,12956.853461189065
4768,12960.980153565069
4769,12962.115051409133
4770,12964.774683281148
4771,12969.924012728035
4772,12971.922064176477
4773,12976.502848963763
4774,12979.612021554049
4775,12984.458971386523
4776,12998.872426648853
4777,13000.307473563596
4778,13004.975821396272
4779,13010.176551540433
4780,13012.3883075922
4781,13014.802374491825
4782,13019.232273618514
4783,13020.592562275755
4784,13039.39852961663
4785,13041.245613498637
4786,13045.643036459169
4787,13058.703467095873
4788,13062.222232366312
4789,13065.268074884112
4790,13066.94944703178
4791,13069.786915919723
4792,13077.765249841712
4793,13086.417090482768
4794,13091.732183584305
4795,13093.336497290566
4796,13112.022776272121
4797,13118.208220419245
4798,13121.14828930703
4799,13123.919759453605
4800,13126.622860094458
4801,13129.42446480585
4802,13133.357801457782
4803,13137.564191379037
4804,13138.965597595752
4805,13143.507077904273
4806,13151.388680350974
4807,13166.054217321753
4808,13166.543553227577
4809,13171.434281705873
4810,13174.857107596663
4811,13177.10615931117
4812,13179.372986672564
4813,13184.217462309876
4814,13185.214533464694
4815,13199.59065269076
4816,13202.400065371925
4817,13215.762687605571
4818,13219.636631506624
4819,13224.714431478074
4820,13232.360395938424
4821,13234.451189822817
4822,13246.972951846277
4823,13248.729889247881
4824,13259.410283196657
4825,13261.006850281705
4826,13275.785996723063
4827,13284.864266942255
4828,13285.957871890863
4829,13286.433532240351
4830,13288.215723320873
4831,13292.172926201323
4832,13293.559701458604
4833,13295.688063293814
4834,13301.097729007943
4835,13303.457056847397
4836,13313.379861922072
4837,13315.967908923349
4838,13321.864781992239
4839,13327.382147689994
4840,13340.717128031072
4841,13346.863267062932
4842,13347.234646710869
4843,13350.408578099055
4844,13355.140988704446
4845,13366.0476858654
4846,13366.285343497113
4847,13378.74689776127
4848,13391.56481979512
4849,13394.300476074648
4850,13398.67758452351
4851,13400.897536008821
4852,13407.632072114186
4853,13412.700276855903
4854,13426.450483551554
4855,13426.715137426281
4856,13434.973048129807
4857,13441.751163589419
4858,13450.04796215955
4859,13455.982232255708
4860,13457.48137908209
4861,13463.243419011729
4862,13463.48775881457
4863,13466.851409922254
4864,13474.096725761332
4865,13479.733061104575
4866,13487.066623941599
4867,13491.313218498977
4868,13492.261197504173
4869,13500.369262573098
4870,13511.29653214523
4871,13518.641916566101
4872,13522.631006869809
4873,13526.507888032389
4874,13526.729477399218
4875,13536.051330633381
4876,13543.932141541371
4877,13548.824929662147
4878,13566.735613511339
4879,13567.396448644487
4880,13570.591374606689
4881,13579.58445769424
4882,13586.91060155044
4883,13599.168753949323
4884,13599.962254514545
4885,13611.290334000545
4886,13612.966782869054
4887,13615.139580419325
4888,13617.441587912483
4889,13625.138863800048
4890,13625.835647516793
4891,13633.677522090869
4892,13636.661498510013
4893,13644.219221257197
4894,13651.505715004139
4895,13653.609292300438
4896,13655.140848271727
4897,13666.790185442773
4898,13670.933765844951
4899,13672.281747566627
4900,13692.660725750829
4901,13694.45540753874
4902,13698.134304692265
4903,13700.029125270305
4904,13711.725461839436
4905,13717.36641459519
4906,13722.556036019227
4907,13735.292224765401
4908,13744.44101832633
4909,13745.856611052714
4910,13748.044193727306
4911,13766.773480613292
4912,13772.192344168261
4913,13779.935857212022
4914,13783.570460094117
4915,13783.890792382708
4916,13785.720365803798
4917,13792.37075838491
4918,13795.228235056329
4919,13807.965470012565
4920,13808.320622457428
4921,13818.361163414649
4922,13823.708970665622
4923,13825.743501393868
4924,13828.990209791857
4925,13840.738261919765
4926,13844.077424894813
4927,13848.812594304218
4928,13858.338454857178
4929,13869.13968806807
4930,13871.244299706079
4931,13880.028858646769
4932,13891.198281592502
4933,13891.257401946837
4934,13904.088216275717
4935,13917.797674315902
4936,13919.180169158411
4937,13921.892375599358
4938,13940.539477670236
4939,13944.965118410071
4940,13944.988396113755
4941,13948.655935394941
4942,13955.547624813345
4943,13957.672434342603
4944,13957.673701934436
4945,13966.915422759945
4946,13969.074182207834
4947,13978.695255590324
4948,13984.294598513688
4949,13984.502194185929
4950,13998.625314710853
4951,14002.68725799899
4952,14016.619826194397
4953,14017.317871617865
4954,14018.584433545799
4955,14027.867325868619
4956,14043.06162478696
4957,14049.466315147658
4958,14054.505271342958
4959,14063.996883706968
4960,14064.883262854639
4961,14076.561393576496
4962,14092.05433468119
4963,14095.335682757986
4964,14098.91081410936
4965,14107.086963437227
4966,14113.857376688338
4967,14119.22750035072
4968,14125.428667782451
4969,14127.581194145445
4970,14134.435949760582
4971,14140.359557631526
4972,14145.63694053614
4973,14149.612730612587
4974,14157.614277212777
4975,14158.653219355579
4976,14171.998088517381
4977,14181.927965823534
4978,14189.514539525551
4979,14189.892846805895
4980,14195.501708697415
4981,14200.167792917688
4982,14215.87471331851
4983,14226.739119744114
4984,14229.858136213827
4985,14238.487617260709
4986,14241.249490941778
4987,14268.076350274243
4988,14270.458627452901
4989,14275.821130653452
4990,14280.36374039689
4991,14281.115965625677
4992,14284.562609709028
4993,14290.681319701938
4994,14298.681297381183
4995,14302.38676010684
4996,14308.708311512975
4997,14316.428806934746
4998,14319.153352624819
4999,14322.597815945295
5000,14329.007127720975
5001,14337.072152350363
5002,14344.19691805914
5003,14359.051733670784
5004,14363.579347701707
5005,14365.851115393594
5006,14376.491409498427
5007,14390.753990334284
5008,14401.386788886919
5009,14407.956011234641
5010,14417.457255416697
5011,14418.757966431387
5012,14437.213458266386
5013,14446.559426198746
5014,14450.590185856163
5015,14452.57189984779
5016,14452.768640800346
5017,14458.209976982358
5018,14460.020801060997
5019,14469.178114577462
5020,14480.447677271341
5021,14482.745116550774
5022,14492.722487209276
5023,14499.479995412721
5024,14500.076543045721
5025,14518.336662730801
5026,14520.22372921446
5027,14534.526811515012
5028,14541.845956037841
5029,14543.980383765444
5030,14557.635185670382
5031,14569.511015785793
5032,14572.381087070085
5033,14582.433738635831
5034,14587.600040457528
5035,14597.756295269321
5036,14599.268230872236
5037,14620.879919460125
5038,14621.002565631959
5039,14624.996859865672
5040,14632.86763502372
5041,14633.534911611663
5042,14637.801198039815
5043,14644.44619177909
5044,14659.535162065316
5045,14660.822006270921
5046,14670.78578593903
5047,14677.204016349502
5048,14679.107885597199
5049,14699.277110932775
5050,14699.852504480255
5051,14707.017292873359
5052,14716.209065368652
5053,14722.951565819445
5054,14725.267621858871
5055,14739.219494130391
5056,14749.02678574387
5057,14759.716984714863
5058,14777.96363813797
5059,14781.247269207526
5060,14793.917227329701
5061,14799.62903266956
5062,14799.940621322827
5063,14808.993582341263
5064,14814.512633111413
5065,14816.59974327389
5066,14822.174811251212
5067,14838.147758079962
5068,14838.938441025626
5069,14848.041912635714
5070,14852.901553858188
5071,14858.946392499938
5072,14859.628475812266
5073,14879.766213861936
5074,14883.080871315209
5075,14893.983411200245
5076,14907.127639392842
5077,14920.272783970617
5078,14930.632637421928
5079,14939.611093558184
5080,14957.351788279722
5081,14962.983299360991
5082,14964.966795234108
5083,14968.674641160173
5084,14975.815898159624
5085,14975.967649877735
5086,14986.409420408549
5087,14993.716458106996
5088,14994.784820830017
5089,14996.454205770786
5090,15001.915232570371
5091,15018.185437379761
5092,15029.207327526718
5093,15031.910340553828
5094,15041.104469843989
5095,15061.288384221534
5096,15064.80442774754
5097,15075.198192433492
5098,15088.063913452801
5099,15100.507271068951
5100,15111.799743646588
5101,15116.325986734731
5102,15134.522631909203
5103,15135.722541733201
5104,15139.89468729458
5105,15145.093758150226
5106,15145.298157436482
5107,15153.98486349459
5108,15165.311786659893
5109,15173.994381967128
5110,15177.62158656728
5111,15182.712128949419
5112,15198.974068801384
5113,15211.629222309273
5114,15214.072335236802
5115,15221.685548230491
5116,15242.54964401225
5117,15245.993834881045
5118,15253.011780074861
5119,15268.71550347274
5120,15274.685732076858
5121,15280.951142017168
5122,15297.33695445432
5123,15312.877964331719
5124,15315.336062395476
5125,15317.862441656214
5126,15323.750140642309
5127,15328.380545189419
5128,15333.131428685845
5129,15344.995070536272
5130,15356.51172239191
5131,15360.794877282951
5132,15362.902764596387
5133,15379.111971683215
5134,15393.839578871446
5135,15394.206263838954
5136,15400.625179915065
5137,15416.522971448958
5138,15424.809696069244
5139,15428.031977113855
5140,15452.072696606656
5141,15464.052629760108
5142,15481.52476621604
5143,15489.304423827358
5144,15493.04822735883
5145,15498.793756775969
5146,15504.112125322041
5147,15511.401605635123
5148,15512.316535843955
5149,15524.013677077526
5150,15537.678998308742
5151,15540.962238193797
5152,15544.024173867305
5153,15560.130721930411
5154,15560.629388728243
5155,15577.271944900313
5156,15583.621207058184
5157,15609.311124460321
5158,15612.520796940888
5159,15637.057103789482
5160,15648.05452487637
5161,15661.476178715304
5162,15665.182855800589
5163,15666.1795866875
5164,15669.886013538155
5165,15678.227214100194
5166,15683.568825666445
5167,15690.175187335726
5168,15696.514633436276
5169,15705.249309063454
5170,15705.714398366699
5171,15723.738062877357
5172,15728.689758199307
5173,15745.094199160101
5174,15762.901138554113
5175,15769.016929917319
5176,15794.944409541744
5177,15797.799422961225
5178,15820.315469417717
5179,15822.350413192027
5180,15831.201707754992
5181,15844.057627460987
5182,15850.096301314281
5183,15851.276458427936
5184,15852.988781082502
5185,15859.881300676599
5186,15873.138147323232
5187,15882.280859231758
5188,15889.646277225949
5189,15909.109912107431
5190,15915.315000308965
5191,15931.113803463082
5192,15949.057337299022
5193,15955.131463548874
5194,15976.604455887669
5195,15980.788629262834
5196,15980.837359977011
5197,16002.290688316085
5198,16008.279845346533
5199,16020.985792018024
5200,16024.848303643168
5201,16032.457872115676
5202,16038.038095331089
5203,16043.62082502354
5204,16058.086493998217
5205,16069.801022349779
5206,16075.527553673381
5207,16095.509422079895
5208,16102.236514993227
5209,16117.55578061403
5210,16132.475516713108
5211,16132.59448610827
5212,16141.457172940423
5213,16153.56073604962
5214,16167.502926512238
5215,16195.956263751823
5216,16201.863421216689
5217,16207.405399980003
5218,16216.48415289496
5219,16226.377512845955
5220,16228.866789726919
5221,16244.218959398851
5222,16257.428149474474
5223,16262.111239582318
5224,16282.158888231475
5225,16286.161033313469
5226,16289.126590035994
5227,16304.329858818661
5228,16306.813509045391
5229,16328.933092226289
5230,16356.033133112758
5231,16380.94876414132
5232,16384.520022179342
5233,16385.055661299113
5234,16391.559392314073
5235,16401.852964793005
5236,16414.66881667338
5237,16415.072574300466
5238,16430.831308376688
5239,16441.88248033966
5240,16446.69325106555
5241,16448.896369062735
5242,16462.061848850321
5243,16469.397246419641
5244,16492.566924986899
5245,16518.269275661882
5246,16545.843656105299
5247,16563.703045334401
5248,16568.748186779234
5249,16573.97806938527
5250,16576.940490886853
5251,16587.978748190799
5252,16599.65235065759
5253,16601.589574859107
5254,16605.586875341629
5255,16617.752348397673
5256,16619.3124382961
5257,16636.670770023684
5258,16658.408795378655
5259,16682.66732566517
5260,16708.748134977519
5261,16735.368278464433
5262,16744.889870895287
5263,16747.978651723352
5264,16754.011683045679
5265,16759.473133371059
5266,16762.806641243598
5267,16766.015708149996
5268,16774.337751498224
5269,16778.568858743223
5270,16788.762370218799
5271,16806.182606397957
5272,16826.467961139631
5273,16849.230881081156
5274,16873.774620908116
5275,16898.847997539935
5276,16921.344068237904
5277,16928.133642081521
5278,16929.146526330209
5279,16932.829835309873
5280,16939.42958782451
5281,16939.834442462379
5282,16949.151132720861
5283,16962.032294835677
5284,16977.976790793095
5285,16996.754284270264
5286,17017.963198778591
5287,17040.927502762843
5288,17064.423218195076
5289,17085.260716737848
5290,17092.059614044319
5291,17103.1143400615
5292,17111.255995318785
5293,17113.358395404754
5294,17118.199584202765
5295,17126.362385008124
5296,17137.707525769387
5297,17152.090310725416
5298,17169.273393731062
5299,17188.865864310672
5300,17210.209796198815
5301,17232.097731325768
5302,17251.214446563488
5303,17257.889622662926
5304,17268.416414779531
5305,17290.132603485847
5306,17300.190651780616
5307,17306.322859511256
5308,17315.870923435697
5309,17328.532929269881
5310,17344.022756177463
5311,17361.937644576064
5312,17381.622802955753
5313,17401.872958632339
5314,17419.192561188091
5315,17425.704682899912
5316,17435.751138262465
5317,17468.004875901814
5318,17485.001383691771
5319,17488.931102695336
5320,17496.476981602678
5321,17507.279810669137
5322,17520.9899502105
5323,17537.17369649417
5324,17555.165724779072
5325,17573.747265030925
5326,17589.18045541289
5327,17595.575064171895
5328,17605.130945047986
5329,17646.280160261536
5330,17673.880573141523
5331,17679.402485275688
5332,17688.2802417163
5333,17700.15336108008
5334,17714.565194131381
5335,17730.835228126656
5336,17747.714442568635
5337,17761.167656601505
5338,17767.560022799229
5339,17776.569463959284
5340,17825.520970388057
5341,17860.950740152439
5342,17864.519467934602
5343,17871.47204458054
5344,17881.48433145649
5345,17894.099285589771
5346,17908.624859979427
5347,17923.760451710277
5348,17935.158669777215
5349,17941.703513637229
5350,17950.080880165067
5351,18006.029873759628
5352,18051.720443448834
5353,18056.791370840441
5354,18064.949370229999
5355,18075.759149496273
5356,18088.524007919041
5357,18101.856018750666
5358,18111.187684233209
5359,18118.029772804286
5360,18125.679544995775
5361,18187.998915121516
5362,18240.912194829936
5363,18244.175281828571
5364,18250.511352850208
5365,18259.52379464584
5366,18270.515510967838
5367,18281.939303550778
5368,18289.339068056997
5369,18296.543694792002
5370,18303.379892222576
5371,18371.564935496637
5372,18433.558712647027
5373,18438.129160731507
5374,18445.367000379825
5375,18454.568871396739
5376,18463.882455620664
5377,18469.782864153753
5378,18477.236261683051
5379,18483.196743905624
5380,18556.834394425357
5381,18624.866836298992
5382,18627.755397393514
5383,18633.253711711011
5384,18640.615682419182
5385,18647.502351286043
5386,18652.783885960234
5387,18660.090594794885
5388,18665.146213626515
5389,18743.896121753507
5390,18819.331377948063
5391,18823.124716341878
5392,18828.432546304834
5393,18832.901413021162
5394,18838.485205063422
5395,18845.084851751282
5396,18849.247701060554
5397,18932.828642863355
5398,19012.775527260372
5399,19014.744405069341
5400,19017.349226953262
5401,19021.107918046768
5402,19026.705481561308
5403,19032.191209807705
5404,19035.527920675395
5405,19123.704868882523
5406,19205.707468132034
5407,19209.316533769896
5408,19212.682438103464
5409,19217.194155575045
5410,19221.374000543488
5411,19224.027307068092
5412,19316.595474221034
5413,19396.589362167073
5414,19404.76012335495
5415,19406.69137467261
5416,19409.76547496704
5417,19412.608642205196
5418,19414.799900243415
5419,19511.571671052756
5420,19589.305123465267
5421,19602.667274864587
5422,19604.183050386418
5423,19606.014412249337
5424,19607.875224376647
5425,19708.707815725556
5426,19784.109734699192
5427,19799.674384666516
5428,19800.725496458501
5429,19801.979657457803
5430,19803.201167027037
5431,19908.084180946003
5432,19981.085192059123
5433,19997.013241322486
5434,20000.246833022953
5435,20000.694567154176
5436,20109.790199037088
5437,20180.277481366786
5438,20196.169677003385
5439,20200.007996086657
5440,20200.510721147642
5441,20313.928544001781
5442,20381.716965702253
5443,20397.297304160409
5444,20401.307587290808
5445,20520.620491438021
5446,20585.41959295348
5447,20600.355549074557
5448,20604.151889934645
5449,20730.013168950638
5450,20791.377034752692
5451,20805.185532113737
5452,20942.289219115755
5453,20999.528009458681
5454,21011.407876242873
5455,21157.678743262008
5456,21209.679455121357
5457,21376.467573623679
5458,21421.249610722523
5459,21598.96633834012
5460,21825.176084474144
