# Domain: isosceles_triangle (FD, convergence sweep, dense eig full spectrum)
# Resolution M = 119, dofs = 7021
# Computation time: 5.2498 s
# Eigenvalues stored: 7021 of 7021
n,lambda_n
1,4.9990291168178373
2,9.9953174596302876
3,12.994460805378994
4,16.98532659322268
5,19.984469938911388
6,24.980758281703768
7,25.964265914228093
8,28.963409259953401
9,33.959697602752385
10,36.925981706413964
11,39.925125052031589
12,40.949706736321595
13,44.921413395000855
14,49.862961357046416
15,51.911422528483037
16,52.862104702857025
17,57.858393045755292
18,60.890361849593987
19,64.766338507001208
20,64.848402179360463
21,67.765481852737679
22,72.761770195517073
23,73.827341500318184
24,79.751779328907034
25,81.625899125317574
26,84.625042471125468
27,84.78905729262037
28,88.730718650109026
29,89.621330813920181
30,96.61133994743227
31,99.692434442171702
32,100.43008851195856
33,103.42923185764441
34,105.59027926861927
35,108.42552020052572
36,112.62941409308543
37,115.4155293339842
38,116.55199506084364
39,121.16601921439761
40,124.16516256009176
41,124.39446865513422
42,129.16145090286068
43,129.48897471159705
44,135.35618444728271
45,136.15146003645441
46,143.81947986150016
47,144.39235186123949
48,145.13039935749515
49,146.81862320724048
50,148.29316409802698
51,151.81491155004227
52,156.09211514972318
53,158.80492068365623
54,163.1965412477341
55,167.78386000456393
56,168.37494490309612
57,169.02909480036226
58,171.37408824883735
59,176.37037659159796
60,178.74557579680615
61,180.05610186617707
62,183.3603857251843
63,183.93247195014303
64,191.68255544763389
65,192.33932504632179
66,194.81558524995788
67,197.81472859574242
68,200.79203256858079
69,202.81101693853029
70,203.30104083842275
71,206.58593259736588
72,209.80102607209358
73,216.23802048915931
74,218.77996539311536
75,219.59622195511201
76,223.12327980804668
77,223.4454932158109
78,226.12242315374431
79,229.74168118536903
80,231.11871149653996
81,231.14139763892447
82,238.10872063008415
83,242.24968260227374
84,242.67866083607598
85,247.08765995123034
86,248.00095825752945
87,253.27862789724301
88,256.27777124310819
89,257.58203798590625
90,258.04937574337407
91,261.27405958593022
92,262.9856133047353
93,266.80514764392757
94,268.2640687193346
95,270.98635539414357
96,274.44159860432563
97,277.24300804046607
98,285.26096254853405
99,285.88973254385905
100,287.54107834629548
101,288.20472383259852
102,288.26010589429148
103,293.2457879908327
104,293.25639423706878
105,300.24640337057366
106,301.14170348336518
107,302.74929316238843
108,309.22534269172638
109,310.19453899368489
110,313.9817186931889
111,316.04508063309828
112,319.04836466717933
113,320.18705848386236
114,321.55348254888787
115,322.04750801287315
116,327.04379635571786
117,332.90464125163055
118,333.12403813465772
119,334.03380548915607
120,336.63517934046661
121,342.28941325126118
122,343.01274481029577
123,348.02741528425264
124,351.70883063819252
125,353.97446060256209
126,354.61767805531707
127,357.61682140112441
128,361.19064438209125
129,362.6131097439287
130,364.88697590286023
131,364.94287389852582
132,366.91144025319591
133,369.60311887740949
134,372.44476134058641
135,378.58205819850843
136,381.81481740295271
137,383.69116528942016
138,389.49833894005019
139,389.54377399060439
140,391.94452528258836
141,394.94366862834471
142,395.09822198773583
143,398.67437802142075
144,399.93995697118783
145,402.48075364149616
146,404.42709599177039
147,406.9299661047209
148,415.90890542572612
149,415.93897928699607
150,417.38413079126309
151,417.47856740799585
152,419.65368702938463
153,426.87062121794088
154,427.08055663892213
155,431.00332439230272
156,434.00246773795936
157,434.24369140959817
158,438.21449811035279
159,438.99875608082067
160,439.80760086867747
161,445.98876521436102
162,446.09432737625792
163,451.6360216805877
164,453.04788079618828
165,454.71097801843234
166,454.96770453539784
167,460.8679587575237
168,465.92942032763546
169,471.57053863691789
170,471.76730643444557
171,473.78381149856375
172,474.40202193419776
173,474.76644978014593
174,478.07666202744139
175,478.86639997831651
176,479.76273812299672
177,485.42342379918921
178,486.75274725655794
179,490.3747280234432
180,493.76977712810663
181,495.73168657767962
182,496.43727214581861
183,506.3843565854815
184,506.69340236980747
185,510.6293377465534
186,511.11065872579121
187,511.86406414606438
188,514.20853381215363
189,517.20767715780755
190,519.63038202059181
191,520.99273718739323
192,522.20396550065379
193,529.19397463421251
194,529.43352713307866
195,533.76411937305306
196,534.5337591703219
197,536.53970467477086
198,538.17291395530117
199,540.1717587041453
200,547.43337753428955
201,549.13462974742617
202,550.16945783554445
203,551.39331978880921
204,558.29791942801887
205,558.31958441469567
206,561.29706277376624
207,562.07160939820335
208,566.29335111654177
209,570.19750917530519
210,570.32710679330467
211,572.82291848268119
212,573.28336025005751
213,575.74107209228521
214,576.97498654795595
215,582.26229957114072
216,584.76022476156891
217,590.93343987766252
218,593.2240153632747
219,593.83454716641245
220,597.37838352439815
221,602.3094414445751
222,604.00524661943575
223,605.89642018160725
224,606.1609950141052
225,607.00438996517846
226,612.00067830803505
227,612.63873655297834
228,613.06791931958492
229,613.58690052492364
230,618.99068744147337
231,621.06437216384836
232,623.81902387120545
233,627.96962676259386
234,633.37466725536387
235,637.87875483285256
236,637.92393278229576
237,638.14236556655612
238,638.93134255470522
239,643.22326740875769
240,651.2991898676147
241,651.86832220558222
242,652.12671842923203
243,654.29833321333319
244,656.0281279025819
245,656.72812216879163
246,659.29462155614317
247,664.58300591343436
248,666.28463068965698
249,666.7716993553239
250,671.66615695139706
251,675.20560206009577
252,675.26357001083591
253,677.46405287124242
254,680.58359294415675
255,682.28206651851167
256,683.63125997378324
257,686.22528580288565
258,692.89070047144014
259,699.16226545367681
260,700.1175135183837
261,700.14733626608052
262,702.43544936026376
263,703.14647961182288
264,707.0242332910384
265,708.14276795465071
266,708.99300417864958
267,714.06564260346272
268,714.26440116970105
269,715.13277708820419
270,723.04604856072569
271,723.17138006273262
272,724.11171640930468
273,724.67297856007713
274,730.92520322200153
275,735.07343220139228
276,735.3319278490527
277,744.56231756691068
278,745.82484070990165
279,748.01041185224813
280,748.05180328836366
281,749.72939260845453
282,750.51620773552054
283,751.11361890696719
284,753.51535108123619
285,755.02838321196748
286,758.5116394240406
287,762.9137890019374
288,765.48727593836179
289,765.50164855757964
290,770.38030575153527
291,770.46532331084927
292,774.48058787871628
293,779.42131346495603
294,779.77334962046325
295,783.62111667656643
296,785.44230367083026
297,788.81578533049537
298,793.11878395799727
299,796.82094609839157
300,797.46961058960017
301,798.37928332156321
302,798.57753900693399
303,802.37128396716616
304,805.37042731289716
305,809.57666155423294
306,810.3667156557625
307,813.28266047132536
308,817.35672478925869
309,817.67424899968466
310,819.31346970930474
311,820.94796390383237
312,824.38509871876897
313,825.12864065642088
314,826.3356641103145
315,830.14222108981141
316,831.25701270821139
317,837.29737990251124
318,841.55899620545017
319,841.96693035658018
320,844.11488934659394
321,848.94641047632842
322,850.23435955324669
323,855.28398874573259
324,855.67702608206332
325,858.67616942788459
326,861.71194594601377
327,863.67245777070548
328,865.13773670303203
329,866.52239539818879
330,866.82632609636551
331,869.68234117870804
332,870.66246690420132
333,872.42258390457073
334,875.3463983240473
335,879.64140622536877
336,881.99729732154367
337,887.26632339694913
338,890.60312201744739
339,892.33580182592857
340,892.96303574510011
341,900.77074505562825
342,900.80148670799895
343,902.57793199381877
344,903.54010166821536
345,904.15317332366942
346,910.3969009874661
347,910.91571171228497
348,913.39604433314992
349,916.89126686758152
350,918.39233267599195
351,918.44347881797773
352,921.05372551548555
353,921.27073030308929
354,921.53741741037891
355,925.38234180951895
356,934.36128113061295
357,934.56026664503281
358,935.30303943645765
359,943.21197243329971
360,943.33190721444066
361,944.19087805762729
362,945.32299692280947
363,948.24255893955865
364,951.42607839233233
365,954.10722882299979
366,956.62303890373698
367,958.25997657355367
368,966.49340641412584
369,968.34766876362346
370,968.74634309921771
371,969.49254975988072
372,971.63960177239505
373,973.16335372332139
374,974.48883810266875
375,974.84315952541203
376,981.47884723614425
377,983.40841304353967
378,983.97595447553294
379,987.30135804916461
380,990.02291434172878
381,990.457786557281
382,993.94988613094051
383,995.1869834460507
384,997.49662017256719
385,1001.4195023494124
386,1001.7949498616649
387,1003.9169821518039
388,1008.8271037281957
389,1014.3564820002343
390,1017.1958151621807
391,1022.0520852142522
392,1023.4946780041711
393,1023.9280966195194
394,1026.9272399651961
395,1028.0653400914289
396,1029.2598591500241
397,1029.5630344307053
398,1031.9235283080734
399,1033.0086852407273
400,1033.7772845130196
401,1038.913537441596
402,1041.2438293791631
403,1046.1194197685204
404,1047.8924767626297
405,1048.4927255611137
406,1052.2164950778943
407,1052.7651285504317
408,1053.6500260934047
409,1058.8541925547613
410,1064.9236091549574
411,1067.564686631566
412,1070.5065674690111
413,1071.7911722055924
414,1073.7726672828492
415,1076.771960119499
416,1076.8004201190863
417,1080.3026284887649
418,1082.6616087357127
419,1085.6323607446195
420,1085.659539857362
421,1085.6607520814403
422,1086.6945493553033
423,1090.0919757776385
424,1090.6570404243046
425,1097.6470495577976
426,1103.1340000197577
427,1103.2126004664119
428,1103.5541099737877
429,1106.6259888788752
430,1106.9557682083666
431,1108.3130005045462
432,1116.2138946605101
433,1117.5877046710157
434,1119.4197628631898
435,1121.066610530971
436,1122.3582993602977
437,1129.1507748873162
438,1130.5246843218154
439,1131.5202950244186
440,1132.868465546218
441,1138.9381028596476
442,1140.4608472470818
443,1142.6536897474596
444,1143.0942300626859
445,1145.4280614715694
446,1145.6528330931915
447,1150.649121436094
448,1154.989076251431
449,1157.6391305695006
450,1159.3091058930866
451,1160.3032802763157
452,1161.6756431136637
453,1162.2876220900232
454,1163.5078379086569
455,1165.747690709919
456,1166.6180698906005
457,1169.9147569295196
458,1172.7255049782025
459,1177.5797856827751
460,1179.5196463566376
461,1181.0918114765368
462,1187.6168004510391
463,1190.3031557515324
464,1190.5167653335575
465,1192.3159234786617
466,1193.6579777648865
467,1201.827742178948
468,1203.8632240791424
469,1205.4201424833095
470,1206.8623674247981
471,1207.5972235244935
472,1208.2948183665094
473,1211.8586557675972
474,1212.3559843071366
475,1216.7437960984398
476,1217.7721485403461
477,1218.8486649011445
478,1220.2836283988597
479,1222.2797031018088
480,1224.4812028261672
481,1227.4453798834861
482,1227.8276042222467
483,1231.3747225882862
484,1238.7893200143801
485,1241.0838924882682
486,1245.0514906564324
487,1245.6216655936223
488,1249.0366678677733
489,1249.7544831915786
490,1251.7262996651689
491,1253.3045507159559
492,1256.4453699229705
493,1261.8198231907231
494,1262.7248557765167
495,1263.0146932717407
496,1266.2482617732337
497,1266.6296768149225
498,1269.2474051188815
499,1272.138704630542
500,1274.2436934617806
501,1275.2068387456748
502,1275.4773082146478
503,1281.2337025952725
504,1283.4892374334149
505,1283.5418853101776
506,1284.4732838379064
507,1284.6804647033414
508,1290.2126419164338
509,1300.3415404989676
510,1301.1743577085222
511,1302.1526971144683
512,1302.293426819889
513,1303.7850027726718
514,1306.8142413923897
515,1307.1891733969446
516,1309.0287488795589
517,1314.1113373592966
518,1314.5799320082422
519,1319.1111986984511
520,1323.0293575223086
521,1325.4444467455896
522,1329.0147145091255
523,1329.7660472412208
524,1332.7651905869657
525,1333.9403508619771
526,1335.4693892264647
527,1337.7614789297772
528,1339.4003396086548
529,1340.9765755155195
530,1344.7514880632887
531,1345.682818169503
532,1345.8742751275195
533,1349.4466403626466
534,1352.5215685838643
535,1353.7304273843947
536,1356.4380459256863
537,1358.6693176241156
538,1363.7770837844605
539,1364.6784645140426
540,1364.6921431765459
541,1365.9226855131722
542,1367.8856741231771
543,1370.2382832111616
544,1376.5458889037538
545,1377.629122827301
546,1380.1643216508501
547,1385.4143952164368
548,1392.5324999770305
549,1393.9324318736833
550,1394.37304856572
551,1395.496845035354
552,1396.6789235580629
553,1397.3721919113773
554,1399.7100876317713
555,1399.8155118319589
556,1402.3684802542421
557,1404.3766448155175
558,1408.0678558636707
559,1409.3584893878149
560,1409.3920605955404
561,1411.9750597390414
562,1413.8727361310205
563,1418.3374287088591
564,1422.6055490284932
565,1424.9866181160369
566,1425.9147665249816
567,1428.1962499820709
568,1429.299144501038
569,1432.6233209052666
570,1435.2794010199693
571,1436.2608270775124
572,1442.2361241517854
573,1448.6636582305077
574,1448.9321806844939
575,1451.6705880636912
576,1452.9315352406836
577,1455.1419662053261
578,1457.1395013015608
579,1457.6823869305176
580,1459.0639612521732
581,1459.7021686435237
582,1460.0249873352234
583,1463.0241306808966
584,1466.6949346443569
585,1468.0204190237487
586,1471.5856413316601
587,1472.606248247241
588,1473.9990619200344
589,1475.0104281572469
590,1478.702054455186
591,1483.9893674783793
592,1487.1243008565418
593,1487.3716558101783
594,1492.8032513065455
595,1493.6955172828925
596,1494.9510832704946
597,1495.2714820317706
598,1496.141106373288
599,1500.5187344621977
600,1504.9763301786477
601,1507.8880629212717
602,1511.6650473569032
603,1512.4022618358244
604,1513.5391820089535
605,1517.5270038994295
606,1520.9117029751524
607,1522.5817467201668
608,1522.791440071026
609,1522.791440071032
610,1526.6768689901508
611,1529.6760123359047
612,1532.5983292590035
613,1534.6723006787627
614,1536.1367446604879
615,1536.1926426561313
616,1539.6510006894891
617,1541.6623098122725
618,1549.5093385506605
619,1550.6412491333665
620,1550.887605931533
621,1550.8894412781519
622,1552.4290293990985
623,1553.8244765771469
624,1556.4810163633651
625,1558.4551900759918
626,1559.6962050839697
627,1560.7481076977504
628,1561.6029649255074
629,1568.4987672624693
630,1571.6571283686601
631,1574.5399445763571
632,1579.1911207784283
633,1580.226130276392
634,1581.0447893674425
635,1583.2967406692683
636,1587.188748044651
637,1589.443321726018
638,1593.8078635906591
639,1594.2830136604284
640,1594.8702567768205
641,1597.2821570061897
642,1601.8445814256679
643,1602.2784453490283
644,1604.1933480465718
645,1606.3028823445725
646,1608.5443514825256
647,1609.2684544825263
648,1612.4211104109058
649,1613.027124018681
650,1615.49644260269
651,1615.7927105106621
652,1618.2473938036317
653,1618.866054057547
654,1625.1070717310433
655,1625.9334574678539
656,1626.4000464672881
657,1629.2091095957871
658,1632.8666627002624
659,1638.9596423926264
660,1642.1460892464893
661,1645.6517906919316
662,1645.84300243344
663,1646.8145261372297
664,1652.8406868141469
665,1654.8623377885299
666,1656.0484242782334
667,1656.1929012847515
668,1657.0494663962475
669,1658.9132229518386
670,1662.7970874712921
671,1664.6408569091516
672,1665.7962308169972
673,1668.4964630806428
674,1670.7925191598342
675,1673.2274007160104
676,1673.6306447425027
677,1673.9090270147535
678,1677.6341253431572
679,1677.7825282933436
680,1681.1483813721575
681,1682.3838395254759
682,1684.6669695840894
683,1686.7614676144474
684,1692.7132164012621
685,1693.0519281223071
686,1695.2517003944326
687,1697.723183406596
688,1698.9517234043751
689,1710.6601630573623
690,1710.7682991834981
691,1711.3037294614187
692,1711.4215274617609
693,1713.4491471036481
694,1715.0097283785249
695,1716.0718721201497
696,1719.4925684691739
697,1719.7106867527427
698,1722.0755471145208
699,1725.5635402070895
700,1731.9609128322488
701,1732.1721342989097
702,1735.1712776446652
703,1736.0156824366156
704,1736.1026077508625
705,1740.1675659874895
706,1742.423100825645
707,1743.2860641126847
708,1744.6590505958904
709,1746.9908408500096
710,1747.1575751209778
711,1747.8002630271692
712,1756.1365144420747
713,1758.7694858624409
714,1760.1612577360124
715,1760.6580727925129
716,1761.2272902120933
717,1764.0740412985431
718,1766.8648046101871
719,1767.0982302342384
720,1772.4444185839238
721,1777.0734662312448
722,1777.9556111164336
723,1778.4569098142654
724,1780.0352098850019
725,1780.8090592307772
726,1781.9632209145011
727,1784.3176880772658
728,1787.0987131393867
729,1791.9529938440273
730,1794.9385870347542
731,1799.5334679046177
732,1802.3606079516273
733,1804.6166815617164
734,1805.359751297306
735,1805.8685849274314
736,1809.9379457676646
737,1810.3560396401417
738,1811.7981476532109
739,1812.6427796194682
740,1815.4064076974
741,1817.3460487736943
742,1820.1705467252107
743,1822.5462954301577
744,1823.3764871869244
745,1824.2994948155492
746,1826.3249880947681
747,1829.1721466033287
748,1830.6023370397388
749,1831.1779307001316
750,1837.2867038869181
751,1840.8011402425395
752,1841.9746952822686
753,1843.7253478862795
754,1845.5617557866465
755,1849.9696268467108
756,1850.2236835376846
757,1851.3382677421146
758,1853.1625281756021
759,1855.6127869502093
760,1864.1404692291262
761,1865.127060687432
762,1868.253622621615
763,1873.3144047555211
764,1873.991728389311
765,1874.8904216304793
766,1876.3135481012159
767,1877.5440904378497
768,1877.605236930533
769,1879.2946612744952
770,1881.3098364440739
771,1881.9866213059001
772,1883.0330069318163
773,1883.920481508206
774,1886.0640808981211
775,1888.2998455775989
776,1889.0284259563696
777,1891.170011711891
778,1897.2787848986741
779,1898.5471934309494
780,1900.7908106924219
781,1902.0106745741189
782,1906.5816966067932
783,1908.240500690818
784,1911.3314925564582
785,1914.0758295974854
786,1915.5475658697312
787,1916.6215085017539
788,1921.1774803416183
789,1921.5267413948309
790,1924.987833777865
791,1929.7924079985414
792,1931.7714080895923
793,1932.3251118358228
794,1936.0808574913501
795,1936.3387490467828
796,1943.0250879435446
797,1944.1802020420248
798,1944.9848965225083
799,1946.0581642486875
800,1946.9008059446992
801,1947.9840398682556
802,1950.6710822225984
803,1952.3795460435031
804,1952.9404181098491
805,1952.9803282111043
806,1953.2955283358647
807,1955.6803076113872
808,1959.9703373446021
809,1964.39571226823
810,1968.7356670836762
811,1968.9492766656961
812,1971.744607496342
813,1972.2336353762412
814,1979.0653513377104
815,1979.8455663672933
816,1979.9109924578772
817,1983.4508764251241
818,1984.2276531719597
819,1988.4216172625599
820,1991.0586239520835
821,1992.4805381987414
822,1992.8479721086474
823,1995.1763074305711
824,1996.3308300585677
825,1996.3784094140956
826,1996.4442896536136
827,2004.2346222751958
828,2007.7513492584058
829,2014.764583737629
830,2015.1339988459413
831,2015.4148797555517
832,2015.4332110763532
833,2016.3230209920951
834,2017.3229638776427
835,2020.3221072233439
836,2023.2864522816189
837,2023.4840019885785
838,2024.6109098768618
839,2025.3183955662244
840,2027.9134977362728
841,2032.3084046997296
842,2038.8855170312556
843,2039.6894638875756
844,2041.2873440207682
845,2043.4150992633402
846,2043.672352662192
847,2047.1551293787675
848,2049.2206131949379
849,2051.0507049638372
850,2052.2490598129507
851,2052.7417269827861
852,2053.6393500778436
853,2057.5403643901327
854,2062.0303481836013
855,2064.0504343238345
856,2064.1510299657898
857,2065.1860394637401
858,2066.1301042344944
859,2066.6196599693135
860,2078.2823692056272
861,2080.089416613509
862,2082.9749026471286
863,2084.789926583197
864,2085.6216847290448
865,2086.8044906129617
866,2090.2790299227927
867,2091.8005260924601
868,2092.5204990607413
869,2093.2781732685294
870,2094.4377987924804
871,2096.9489772319675
872,2098.2744616113655
873,2104.5898195841496
874,2105.2644707448912
875,2106.4916617014856
876,2107.1472103905476
877,2109.3242914317261
878,2111.3599556546037
879,2112.2602392954509
880,2114.2434100659534
881,2115.7531666184509
882,2119.4090868476551
883,2119.9254020842686
884,2122.1167738104496
885,2124.5931468817571
886,2125.2051258581405
887,2128.6822298386055
888,2130.1374454372708
889,2132.5645081346538
890,2136.4890973208699
891,2137.8005960014962
892,2138.1421055088958
893,2142.8893705301184
894,2150.5810473173829
895,2153.0454826586229
896,2154.9784002359092
897,2156.5754815329833
898,2158.1724378302488
899,2159.1425579680772
900,2161.1755729200877
901,2163.8030942146215
902,2164.5819005958856
903,2166.1082905595417
904,2166.8022375603082
905,2168.3567447221567
906,2169.9050432771369
907,2171.7985259031871
908,2174.6452769895864
909,2175.0057355123258
910,2175.9761730867472
911,2178.7885350366737
912,2183.4431875523078
913,2183.6980230097306
914,2187.7674743577927
915,2188.7092326636639
916,2190.3628836515732
917,2192.3052474631399
918,2194.7444467618225
919,2196.2636386487884
920,2196.288374508817
921,2198.7291901499366
922,2201.9395549623214
923,2208.54130929959
924,2209.4451633660319
925,2210.1386633566008
926,2211.6661698007106
927,2219.0951211281936
928,2223.3154127121097
929,2224.8243194852407
930,2225.7914349275111
931,2225.9321970398155
932,2226.5695469504258
933,2228.2459733000114
934,2230.7417824162922
935,2231.3640465728017
936,2232.0986240132443
937,2237.8447670319952
938,2238.1630624575905
939,2238.4463579146295
940,2240.8439103776927
941,2243.4291075689298
942,2243.5823177569555
943,2244.3807823399479
944,2245.8401987205561
945,2248.050188876804
946,2252.8302078540396
947,2256.6540890548381
948,2260.3963855313136
949,2261.8091471751773
950,2262.0333754186063
951,2262.2332969554473
952,2263.2590442670689
953,2264.8024483196473
954,2268.6017060038566
955,2272.1280286150395
956,2272.770862967333
957,2275.1931909546333
958,2282.9692276578703
959,2283.0947294017906
960,2284.5249470437652
961,2285.7078426180883
962,2288.1764726216238
963,2288.4701679558357
964,2292.4304641554904
965,2294.2595678842827
966,2297.6026888068563
967,2300.584040655106
968,2300.6112197678654
969,2302.3178433767234
970,2302.7700637821154
971,2305.6226883050222
972,2311.4024239597707
973,2312.0963915678335
974,2312.3533039109034
975,2313.7021276462642
976,2314.5692559926774
977,2315.35244725659
978,2317.4707803863048
979,2320.3487355994498
980,2327.0482671863124
981,2327.3387447329865
982,2330.178153346666
983,2334.1774951472858
984,2334.3714427736782
985,2334.9295360340993
986,2336.2749697728304
987,2336.3176840540564
988,2341.5577720489896
989,2342.7993356248312
990,2343.0818254189116
991,2344.5170280555076
992,2346.9099847378661
993,2347.2793998462157
994,2351.6942580896207
995,2356.6187936935635
996,2357.0109004752476
997,2358.6586416085265
998,2358.8665692087552
999,2360.216379497012
1000,2360.944537966323
1001,2368.4220025515929
1002,2369.9407561619159
1003,2373.5401067002699
1004,2373.9883351437375
1005,2375.1197566467222
1006,2379.664361122419
1007,2380.3540093012707
1008,2381.4714383954265
1009,2384.9264882515849
1010,2385.5230527966019
1011,2387.2776404219017
1012,2390.2767837676029
1013,2391.979317265218
1014,2394.6544118565153
1015,2395.2730721104249
1016,2402.2630812439775
1017,2404.2198261640742
1018,2404.3659687999948
1019,2406.9020657496476
1020,2407.2676033891848
1021,2407.3275088188611
1022,2410.427770205883
1023,2410.7835066517027
1024,2411.2420205650287
1025,2411.3134094356651
1026,2414.7523171859384
1027,2415.0818363408307
1028,2416.3012594141214
1029,2422.203736357219
1030,2424.5185079782877
1031,2429.6124384124259
1032,2430.3195847939551
1033,2430.660466510968
1034,2431.5194373541408
1035,2435.0738842066057
1036,2435.1407160079962
1037,2442.8968222071094
1038,2446.3264024988475
1039,2447.0641709920701
1040,2447.9601539714872
1041,2450.0440931577245
1042,2451.6599120481123
1043,2454.1728980012977
1044,2457.1935445636068
1045,2458.9681610689427
1046,2462.5664271673299
1047,2463.1684856673351
1048,2465.5655705130225
1049,2466.9036537761926
1050,2468.1116000812526
1051,2470.4198512176276
1052,2470.5618588558564
1053,2475.0347715303701
1054,2475.3197656038865
1055,2477.5518679893889
1056,2478.7283630429633
1057,2480.2236694343278
1058,2480.6884562633127
1059,2480.8515731106486
1060,2481.953198183583
1061,2485.7078431627147
1062,2486.5308073104698
1063,2487.0903845410476
1064,2489.1235091582339
1065,2491.1703896333011
1066,2497.4925231026291
1067,2500.5080584466591
1068,2501.2829301794413
1069,2502.6800288768227
1070,2505.169003389864
1071,2506.4437738651359
1072,2510.4295027534154
1073,2516.4208864989114
1074,2516.4742277823407
1075,2519.2824685440037
1076,2521.1058438094728
1077,2522.6137088520659
1078,2525.3328799031697
1079,2529.0972345123291
1080,2529.5316119186978
1081,2531.6293855492531
1082,2532.5435324950236
1083,2533.4766979478759
1084,2535.0268525421402
1085,2538.1680649734594
1086,2540.6867102998654
1087,2541.1672083191679
1088,2542.1924405216268
1089,2546.1634966620109
1090,2546.9902573709132
1091,2548.6050798386159
1092,2550.8769299160072
1093,2553.1535057955289
1094,2553.6526995539489
1095,2553.7477337261521
1096,2554.8932459280381
1097,2558.7765343034994
1098,2560.0464505861996
1099,2560.9966299081029
1100,2562.1324451166065
1101,2563.6320460371185
1102,2571.1941026876402
1103,2571.4618552505681
1104,2573.0941609087686
1105,2573.6209975345578
1106,2580.0933399008381
1107,2581.7325606105496
1108,2585.8492746099873
1109,2586.0311405595489
1110,2590.4625593163128
1111,2592.8065328357998
1112,2594.0144232433677
1113,2594.2842006190867
1114,2595.6143806883715
1115,2596.2363868737448
1116,2600.6787913116259
1117,2600.9345177092996
1118,2602.4876779638853
1119,2602.7320061477185
1120,2604.3860212577529
1121,2607.3385919548537
1122,2608.4010344588332
1123,2614.0307402541871
1124,2616.211224508851
1125,2617.029883599896
1126,2617.7940783277754
1127,2619.3283247260401
1128,2621.830726719948
1129,2622.0261719427294
1130,2627.2906081143396
1131,2627.7894065435448
1132,2628.9414862993863
1133,2629.0161810762665
1134,2629.40178280696
1135,2633.5705148780321
1136,2636.5982677142797
1137,2637.9951203973619
1138,2638.5563825481099
1139,2640.5691495152792
1140,2643.1323470175894
1141,2646.5770635797189
1142,2648.9568361894999
1143,2655.3821266462569
1144,2656.0377482627036
1145,2657.3341984167055
1146,2658.621424567888
1147,2661.8883256432714
1148,2661.8938158402811
1149,2664.971096195171
1150,2666.622267974175
1151,2666.8482056531984
1152,2667.3306729666319
1153,2670.5387171993675
1154,2673.685802951647
1155,2674.9447366250915
1156,2676.0117422556868
1157,2676.7971929900368
1158,2679.9876590639092
1159,2683.6898212042975
1160,2684.7252983196718
1161,2690.1024605212492
1162,2692.2843907711722
1163,2693.1016038669895
1164,2693.5012184869488
1165,2693.6567536084981
1166,2696.6656549420013
1167,2698.0978922098175
1168,2702.2979434224303
1169,2704.3261193179333
1170,2704.5431241055048
1171,2705.0879013433478
1172,2707.6121876954185
1173,2710.7576231679795
1174,2712.4609429949996
1175,2713.8451692935196
1176,2714.0668406643945
1177,2715.4704143727045
1178,2720.1011278715182
1179,2722.1392100358376
1180,2724.2733633373482
1181,2725.0285564565847
1182,2726.9915450665958
1183,2728.5402072982401
1184,2730.9837644524246
1185,2733.1968736974172
1186,2734.9368176368539
1187,2737.9655361073574
1188,2739.5783340193502
1189,2739.8954327061888
1190,2741.3567425320825
1191,2743.4588104359359
1192,2745.3562947186497
1193,2745.8275039447612
1194,2750.0534150730637
1195,2752.8689132571208
1196,2754.1003451473362
1197,2755.8503343446255
1198,2759.291459010411
1199,2765.8084550629846
1200,2765.839285842052
1201,2766.3310900175297
1202,2766.8541285946972
1203,2769.33023336321
1204,2769.7284738755811
1205,2774.3265217060516
1206,2777.2222799334118
1207,2779.6149060633275
1208,2780.4057993862421
1209,2781.3165308395883
1210,2781.7114199719013
1211,2782.1207245742808
1212,2787.7911488053405
1213,2788.4264804178506
1214,2788.5326632620822
1215,2789.4468070996822
1216,2790.29547016067
1217,2790.9252449923656
1218,2794.1428006889009
1219,2796.1463519684603
1220,2798.6620368335989
1221,2801.2571859528111
1222,2803.4508914476796
1223,2806.8464397331486
1224,2809.2685939644848
1225,2812.8338572635648
1226,2813.102398311134
1227,2814.1941656036142
1228,2815.1842194515971
1229,2816.2810790430808
1230,2817.6943620737279
1231,2821.4291417509044
1232,2824.288818800017
1233,2824.5619519519228
1234,2829.0975427533494
1235,2831.9220546117058
1236,2835.1541342911364
1237,2837.8079253986034
1238,2838.7953518872241
1239,2839.8501278803651
1240,2842.6643854479485
1241,2845.6635287936479
1242,2845.9571033718198
1243,2850.6598171365026
1244,2852.3981501298554
1245,2852.5110666788191
1246,2853.3819117389157
1247,2854.4430304603698
1248,2855.216543869501
1249,2856.4775196533406
1250,2857.0450610852827
1251,2857.6498262700384
1252,2858.5313896625867
1253,2861.950544709674
1254,2864.6604257793206
1255,2864.7612927583386
1256,2865.3094823804008
1257,2866.6287655911369
1258,2868.6513375678028
1259,2871.0001041887176
1260,2872.8259382753354
1261,2877.5904813832794
1262,2882.918160000228
1263,2883.0223309162789
1264,2885.4972234607308
1265,2887.1440711285331
1266,2890.5274610340794
1267,2890.6504281189145
1268,2890.7858572577761
1269,2891.5698657885009
1270,2895.2426156039478
1271,2897.2918170316329
1272,2899.486288462946
1273,2905.43083818383
1274,2908.1506841079495
1275,2909.4784171656224
1276,2911.2258545582258
1277,2912.3194161790279
1278,2914.3586647592792
1279,2919.0500317848678
1280,2919.0500317848728
1281,2922.0491751305681
1282,2922.0491751305799
1283,2922.2903988022995
1284,2925.7199790940153
1285,2927.0454634734301
1286,2927.0454634734319
1287,2928.1127044850014
1288,2931.0792191502283
1289,2932.3338478306937
1290,2932.7061491495729
1291,2934.0354726068872
1292,2934.0354726069486
1293,2935.9922175270599
1294,2941.0945881887651
1295,2941.3812026474752
1296,2943.014411928028
1297,2943.0144119280367
1298,2943.5756740788015
1299,2943.9561702338783
1300,2953.9761277201733
1301,2953.9761277201919
1302,2959.1467894964644
1303,2961.6526080074113
1304,2961.8305188911877
1305,2964.174492410677
1306,2966.6485325384674
1307,2966.9131073709573
1308,2966.9131073709823
1309,2967.1715035946422
1310,2973.363537298711
1311,2974.7750752083516
1312,2981.8164845207084
1313,2981.8164845207093
1314,2984.4839795384355
1315,2984.7019705543403
1316,2986.3610889964089
1317,2986.6561764550752
1318,2987.4544840544918
1319,2989.283001270252
1320,2990.5632489414193
1321,2995.4356781217693
1322,2996.4205103010772
1323,2998.4348214674756
1324,2998.6760451391706
1325,2998.6760451391965
1326,3003.4311098103162
1327,3003.9753797657036
1328,3004.2239462596453
1329,3007.1509394173145
1330,3007.9354856368436
1331,3009.0394445800212
1332,3010.4211189438061
1333,3010.5007544059172
1334,3013.9682087319425
1335,3017.4802345256762
1336,3017.4802345256867
1337,3017.6098321437221
1338,3018.8644608241998
1339,3019.4000582649246
1340,3025.6466194871682
1341,3030.3617740570821
1342,3035.4800849269154
1343,3036.5769445183978
1344,3038.216165228072
1345,3038.2161652280984
1346,3039.2511747260351
1347,3042.7202528055573
1348,3043.0341788753744
1349,3043.298753707867
1350,3049.5921667949724
1351,3050.3767130145156
1352,3052.3081152245718
1353,3054.7725505658659
1354,3055.1702502659059
1355,3058.2021308575995
1356,3059.9382957690345
1357,3060.8696258752748
1358,3060.8696258752771
1359,3063.7877794849264
1360,3064.5717880156817
1361,3066.6089839537708
1362,3071.7689735521972
1363,3072.2001094309971
1364,3074.7681168979248
1365,3075.0616914760794
1366,3075.1777430635548
1367,3079.7644052407563
1368,3080.0471000327902
1369,3083.3795689135682
1370,3083.7981609175936
1371,3085.4250909169414
1372,3085.4250909169441
1373,3085.6387004989642
1374,3086.7544143743021
1375,3091.5219073430835
1376,3093.8658808626019
1377,3093.9431275742004
1378,3094.4660986303911
1379,3095.7333536953947
1380,3097.984686842296
1381,3106.6950694875422
1382,3111.8657312638074
1383,3111.8657312638416
1384,3112.207240771218
1385,3112.7247021069916
1386,3114.6018115650063
1387,3118.9488823018064
1388,3118.9599968795897
1389,3119.1058991424625
1390,3119.6320491383181
1391,3120.8221890353934
1392,3124.545297093568
1393,3125.9254622254207
1394,3126.2393882952351
1395,3128.2966148576966
1396,3130.1267694217709
1397,3134.5354262880751
1398,3135.7939623863031
1399,3137.2552722122141
1400,3137.5627807576857
1401,3140.1734258218189
1402,3140.1734258218466
1403,3146.2417822483858
1404,3146.848234830582
1405,3147.9976030484609
1406,3150.9967463941825
1407,3151.3949869065314
1408,3155.9930347370237
1409,3156.2757295290521
1410,3157.9767678540484
1411,3159.7128643440033
1412,3159.8698811846612
1413,3160.7138776623551
1414,3161.8107372538352
1415,3162.9830438705412
1416,3166.0304442219463
1417,3170.199176293047
1418,3170.3287739110574
1419,3170.3287739110883
1420,3170.9407528874649
1421,3171.9619831916189
1422,3182.9236989837937
1423,3185.7313050630078
1424,3187.4673690699633
1425,3187.4740706904017
1426,3187.6490386179689
1427,3188.2513776007218
1428,3190.1972358630323
1429,3190.935106995461
1430,3194.733770746273
1431,3195.2821777322574
1432,3195.3345286387071
1433,3195.8606786345695
1434,3201.080566225673
1435,3202.3111085623191
1436,3202.3111085623368
1437,3202.338287675077
1438,3209.2332725247111
1439,3210.7640557843274
1440,3211.0827491317154
1441,3213.5885676426592
1442,3216.0361011025366
1443,3216.5590721587359
1444,3219.1863021856802
1445,3220.7503191272594
1446,3224.0693233155816
1447,3227.0684666612665
1448,3227.6236164027864
1449,3230.9328338992459
1450,3232.0647550041067
1451,3232.6090249595291
1452,3236.0985106808866
1453,3236.0985106809057
1454,3236.315515468486
1455,3238.1440326842853
1456,3239.0547641376352
1457,3240.9547807329536
1458,3244.4648171792842
1459,3246.4004941781873
1460,3246.4278057892939
1461,3246.7144202480013
1462,3248.0337034587023
1463,3255.0802153606237
1464,3256.8491175180361
1465,3258.9954192508744
1466,3259.7729778803978
1467,3260.3857095157332
1468,3262.9378253633954
1469,3263.330044350701
1470,3264.5846730311805
1471,3265.6875675501869
1472,3267.1637364916955
1473,3271.6678240691572
1474,3271.6678240691599
1475,3271.9323989016639
1476,3272.751057992728
1477,3276.8468245539648
1478,3278.5397380585687
1479,3278.6967548992216
1480,3281.5713398797971
1481,3286.6843869378436
1482,3286.8357760513841
1483,3289.817197138882
1484,3292.107821369641
1485,3292.1423682308318
1486,3292.8923675891801
1487,3295.6746556382705
1488,3299.931998596282
1489,3302.9311419419955
1490,3303.6953366698681
1491,3304.4568981910365
1492,3307.9274302848467
1493,3308.9946712964052
1494,3312.1781907492214
1495,3312.4318061113595
1496,3312.4841570178105
1497,3314.3726621805308
1498,3314.9174394183815
1499,3316.2435674783819
1500,3318.5064899966733
1501,3322.4995260563837
1502,3322.629123674435
1503,3323.04771567846
1504,3323.8963787394496
1505,3324.4552621882763
1506,3327.0375911707738
1507,3331.3395063196622
1508,3334.2815147592923
1509,3334.8580945315985
1510,3337.3580593172092
1511,3338.5394631695513
1512,3339.4017646177967
1513,3340.8133025274246
1514,3343.2354567587918
1515,3345.0891253477989
1516,3347.7950741823729
1517,3348.0534704060492
1518,3348.0534704060706
1519,3351.7711610649562
1520,3354.5274059249473
1521,3354.8730334890147
1522,3355.0300503296676
1523,3362.5470622185753
1524,3362.6984513321195
1525,3365.6664325226402
1526,3365.8889174059827
1527,3368.3364508658788
1528,3369.1209970854356
1529,3370.9634423836583
1530,3375.5336364024502
1531,3378.4985710084225
1532,3378.5327797481687
1533,3379.558011950603
1534,3383.529068091003
1535,3385.3803176333113
1536,3388.2499110163017
1537,3388.8174524482451
1538,3388.8174524482638
1539,3390.4443824476161
1540,3390.5190772245128
1541,3391.845205284535
1542,3392.9693359991084
1543,3393.0150268755565
1544,3394.6437358409821
1545,3397.9913879746905
1546,3398.3622013370996
1547,3398.9624191048833
1548,3399.276345174686
1549,3399.4980165455954
1550,3403.0099980866808
1551,3409.2058512702911
1552,3409.6961266723001
1553,3410.4597323377575
1554,3414.4021384502644
1555,3415.6303941140363
1556,3416.8850227945154
1557,3418.045191392986
1558,3419.0981320395163
1559,3423.3967119885474
1560,3424.3867658365211
1561,3424.4391167429731
1562,3427.0599478103895
1563,3428.0514702167793
1564,3431.2586798259208
1565,3431.2586798259213
1566,3438.3000891382744
1567,3438.6187824856697
1568,3439.7081053400311
1569,3441.751592686704
1570,3444.6697462963289
1571,3445.192717352511
1572,3446.5650801898237
1573,3450.8224231478393
1574,3453.0071078873116
1575,3453.8215664935624
1576,3455.1596497567584
1577,3458.817854836399
1578,3461.7136130637623
1579,3463.1578096517896
1580,3464.4785405125645
1581,3465.0460819445107
1582,3465.2030987851649
1583,3465.5975326448802
1584,3465.8078639699174
1585,3466.307057728342
1586,3467.7078805652477
1587,3467.9393633865402
1588,3469.6618797417168
1589,3473.9638391432559
1590,3474.7868032910196
1591,3475.3480654417594
1592,3475.3480654417795
1593,3475.3480654417945
1594,3482.6521927174663
1595,3484.4946380156971
1596,3485.7485190831626
1597,3490.4738587173651
1598,3491.5692556847644
1599,3491.963689544491
1600,3492.747698075239
1601,3494.6997698456794
1602,3498.6854987339584
1603,3500.6153953327453
1604,3500.7724121734059
1605,3502.0931430341589
1606,3502.6615856165231
1607,3507.3304000930138
1608,3507.6443261628274
1609,3513.5888758836873
1610,3514.216642218933
1611,3514.847411981923
1612,3517.3532304928794
1613,3521.0553926332259
1614,3521.0553926332532
1615,3522.4277554705614
1616,3525.7467596588522
1617,3527.9314443983039
1618,3528.7459030045688
1619,3530.4484365021772
1620,3532.532856479474
1621,3533.7421913473986
1622,3534.1116064557414
1623,3537.2680244119028
1624,3537.9422425600096
1625,3540.7322004809103
1626,3540.8118359430241
1627,3541.1178022116146
1628,3541.5363942156337
1629,3541.9086955345074
1630,3541.999947096805
1631,3543.2281501319621
1632,3543.7796008323426
1633,3548.3041314869379
1634,3549.2526258886655
1635,3549.7111398020193
1636,3551.2107407225112
1637,3551.7337117786878
1638,3556.1762570092824
1639,3560.0962758218684
1640,3560.67285559416
1641,3565.6109285021535
1642,3566.7024882136075
1643,3568.3493358813912
1644,3568.349335881403
1645,3569.9885565910536
1646,3573.6098352449321
1647,3576.6016799130334
1648,3576.6871155998383
1649,3577.0010416696714
1650,3578.5242608972553
1651,3583.1930753737447
1652,3583.9776215932725
1653,3588.5132123946814
1654,3589.1409787299194
1655,3591.1807074123726
1656,3592.6420172382832
1657,3596.6570304393845
1658,3597.441038970142
1659,3598.4994757376435
1660,3600.2552965377445
1661,3603.2202311437277
1662,3603.2544398834198
1663,3603.4866532833712
1664,3605.3727730131554
1665,3605.7820982227472
1666,3608.2507282262791
1667,3609.6060917670129
1668,3614.0139628270954
1669,3614.9560131419626
1670,3615.2407373597994
1671,3616.9804774923159
1672,3617.1974822798925
1673,3617.1974822799034
1674,3617.7650237118564
1675,3618.8297879381053
1676,3620.0082303285863
1677,3621.828195778739
1678,3624.1769623996634
1679,3624.219676680887
1680,3626.8123785286552
1681,3628.0670072091225
1682,3630.2179298266469
1683,3635.1813924730368
1684,3635.958951102587
1685,3640.1194653810303
1686,3643.0357836440521
1687,3643.6381226267936
1688,3644.7349822182955
1689,3644.9128931020732
1690,3648.1183721238276
1691,3651.5260164240394
1692,3652.5497908805764
1693,3653.0727619367549
1694,3654.5959811643338
1695,3658.7947131798969
1696,3660.2062510895339
1697,3663.021749273581
1698,3664.4297654753327
1699,3667.5663537492651
1700,3667.5663537492755
1701,3671.9458171848032
1702,3673.6751269360766
1703,3673.774334400588
1704,3674.2969693551231
1705,3674.7281052338785
1706,3675.1571450503843
1707,3677.2961127008261
1708,3678.1201655778564
1709,3678.8218689498594
1710,3679.8813098920436
1711,3682.2924010436759
1712,3682.5621578121632
1713,3688.4800774337646
1714,3689.2824101771994
1715,3689.8766381078103
1716,3692.1218187909008
1717,3692.5821152984704
1718,3693.5831286168127
1719,3693.8367439789499
1720,3694.6924632188338
1721,3695.8698685961272
1722,3696.3415257590332
1723,3698.261349498282
1724,3698.6854992785488
1725,3702.1011652740553
1726,3704.2956367053598
1727,3704.7264667055479
1728,3709.2230652904391
1729,3712.030671369665
1730,3715.0438018920427
1731,3718.5624591378037
1732,3719.4214299809532
1733,3719.4214299809792
1734,3721.0682776487438
1735,3722.1600449412108
1736,3726.8148031694477
1737,3728.1514286867196
1738,3728.935437217468
1739,3730.8246106605734
1740,3734.083499925302
1741,3736.2779713566142
1742,3737.0634220909587
1743,3740.0314032814781
1744,3742.0748906281729
1745,3743.9520000861771
1746,3745.3456187030847
1747,3746.870153695811
1748,3747.4952124054812
1749,3747.821033646916
1750,3750.0029638968381
1751,3750.8201769926286
1752,3751.0614006643277
1753,3751.0762316230198
1754,3753.9229827094377
1755,3754.684544230588
1756,3755.816465335482
1757,3756.0862221039743
1758,3762.5217502511523
1759,3762.8064744689996
1760,3765.4782759139703
1761,3766.6303556697721
1762,3767.870902043881
1763,3769.6994192596812
1764,3769.916424047271
1765,3770.3784054750186
1766,3770.7641834859255
1767,3771.7854137900758
1768,3772.7271720959307
1769,3772.7271720959311
1770,3777.0255017850554
1771,3779.6508032165329
1772,3780.3673569724638
1773,3782.7471295822397
1774,3788.2593008659001
1775,3790.3325886374546
1776,3793.070996016681
1777,3793.4631027983496
1778,3795.6841092330451
1779,3795.8070763178694
1780,3797.2969071449947
1781,3802.4164409756008
1782,3803.4402154321374
1783,3804.5370750236125
1784,3807.1579060910217
1785,3809.0078364362821
1786,3810.5874863827698
1787,3812.1406466373282
1788,3815.8940785621971
1789,3816.1165634455419
1790,3816.2994155069896
1791,3817.6836860581766
1792,3820.2852955166204
1793,3820.451278450656
1794,3820.7770996920967
1795,3821.3786905746906
1796,3823.7762430377966
1797,3824.6002959148122
1798,3826.0746841639334
1799,3827.4470470012384
1800,3827.4470470012484
1801,3828.7725313806336
1802,3830.1278949213474
1803,3830.7562644976697
1804,3835.7625405141553
1805,3837.0302871300441
1806,3840.6720284871831
1807,3840.7670626593822
1808,3842.7952385548842
1809,3844.7414798352434
1810,3845.3010570658244
1811,3845.3027419860009
1812,3846.1450535435056
1813,3846.2512363877381
1814,3846.9928129821565
1815,3849.1128184328431
1816,3851.5340386639496
1817,3854.939589961949
1818,3855.7031956274109
1819,3856.2300322531946
1820,3864.5925962963688
1821,3865.9342264436054
1822,3866.9871670901553
1823,3867.112668834081
1824,3868.6401752781903
1825,3872.1403717483154
1826,3873.3686274120887
1827,3878.279116256329
1828,3878.3645519431379
1829,3879.8258617690385
1830,3883.5163733151758
1831,3883.5435524279219
1832,3883.5435524279515
1833,3887.7422844434909
1834,3888.6374828621019
1835,3889.640627737353
1836,3890.6397521033527
1837,3891.9657988292843
1838,3893.1151670471882
1839,3893.9753427424566
1840,3895.4203633920847
1841,3896.1143103928994
1842,3896.5139250128818
1843,3898.6419687322023
1844,3900.4031130464155
1845,3901.1105987357291
1846,3901.9373594446533
1847,3903.8326933381454
1848,3904.6364318002625
1849,3906.984893993932
1850,3908.1006078692581
1851,3911.9546236410406
1852,3914.1960927789869
1853,3915.6913991703823
1854,3917.079547190353
1855,3917.3037754337788
1856,3919.2073024329002
1857,3920.5898438112445
1858,3920.5915287314301
1859,3922.2167738106004
1860,3923.3261084126189
1861,3925.4461138632951
1862,3925.5757114813505
1863,3928.0412629824978
1864,3930.5412277681057
1865,3931.8316700593441
1866,3939.94323313532
1867,3940.6367331258848
1868,3940.9782426332745
1869,3940.9782426332767
1870,3941.7969017243181
1871,3948.3690012445622
1872,3949.2313026927932
1873,3952.8730888220116
1874,3954.3508365234175
1875,3954.7501982800368
1876,3955.8816197830265
1877,3957.5580461325817
1878,3959.9291987648407
1879,3960.3079746291232
1880,3961.5935489072644
1881,3962.5966937825228
1882,3963.0310711889038
1883,3964.1638163951529
1884,3964.7856588141949
1885,3967.7848021599093
1886,3968.0170155598344
1887,3968.1944283255339
1888,3968.9444276838844
1889,3972.5856452799603
1890,3972.7411804015078
1891,3972.7810905027623
1892,3973.1505056111059
1893,3977.5389972508128
1894,3979.5607683112539
1895,3979.771099636278
1896,3980.1659887686005
1897,3983.3181894243662
1898,3987.1521588241508
1899,3987.243410386453
1900,3988.7500389573684
1901,3990.1999360492491
1902,3991.3454482511579
1903,3991.545369787993
1904,3995.5141803222477
1905,3996.1931665375778
1906,3998.0794490913177
1907,3999.099775773142
1908,3999.7117547495209
1909,3999.7117547495386
1910,4001.6747433595388
1911,4006.4039030488238
1912,4007.1204568047506
1913,4012.2813004904056
1914,4012.6487344002949
1915,4013.5927991710478
1916,4017.3638889701792
1917,4017.8686219914161
1918,4024.4407215116426
1919,4024.8329404989508
1920,4026.9147616394071
1921,4027.5521115500524
1922,4029.2587351589186
1923,4030.579466019653
1924,4031.0821104243632
1925,4033.2640406742948
1926,4034.9347611376088
1927,4035.1176131990737
1928,4035.7394556181252
1929,4036.2624941952745
1930,4037.9554076998834
1931,4038.2054892125402
1932,4038.7385989638301
1933,4041.9004937290456
1934,4042.525552438728
1935,4043.734887306669
1936,4044.4116721685218
1937,4044.5277237559922
1938,4048.0748421220983
1939,4048.4483205606939
1940,4050.7248964401997
1941,4052.827783996222
1942,4054.8495550566599
1943,4056.3946182648265
1944,4059.4902261792372
1945,4059.7038357612746
1946,4059.7038357612882
1947,4062.845048192607
1948,4063.2158615550125
1949,4064.2416088666569
1950,4064.8695125429663
1951,4070.0227172011405
1952,4070.6655515534367
1953,4072.0558418183105
1954,4072.0558418183136
1955,4073.6810868974799
1956,4076.0974010864179
1957,4077.7464636266127
1958,4082.0447933157529
1959,4082.4756233159105
1960,4083.6025312042066
1961,4083.951792257431
1962,4085.9308665261337
1963,4093.6971844006039
1964,4094.0972514876553
1965,4098.5059083539518
1966,4100.1217272443591
1967,4100.303396792362
1968,4100.4388259312027
1969,4103.3004079763123
1970,4104.0381764695276
1971,4105.6021080293831
1972,4105.9279292708125
1973,4106.6052529046228
1974,4106.7881049660964
1975,4106.9127614501058
1976,4108.9270726165287
1977,4109.1592860164574
1978,4112.4639445787825
1979,4112.4911236915277
1980,4112.7140260914302
1981,4113.9233609593475
1982,4114.2385610841284
1983,4115.3654689724317
1984,4117.4498889497336
1985,4120.9133700928742
1986,4120.9133700928969
1987,4123.3636288674861
1988,4124.0499583668261
1989,4127.7521205071935
1990,4129.8923094139864
1991,4130.4511928628144
1992,4131.1607179462599
1993,4132.4663385319163
1994,4134.1696583589401
1995,4136.0894820981812
1996,4137.7656731584611
1997,4137.8255785881356
1998,4138.7077234733397
1999,4140.8540252061457
2000,4144.0643900185114
2001,4144.3939091733955
2002,4148.1275620853939
2003,4148.9698736428882
2004,4152.4306965168698
2005,4153.6091389073536
2006,4153.7910048569065
2007,4154.9055890613536
2008,4156.5533301946389
2009,4157.6013582931619
2010,4158.7042528121683
2011,4168.6943820066717
2012,4169.9258138968662
2013,4170.4305469181181
2014,4173.3948919763834
2015,4175.0460637553442
2016,4175.3029760984537
2017,4175.9050345985188
2018,4176.3762438246313
2019,4176.8244722681084
2020,4177.5590497085432
2021,4178.3021194441571
2022,4179.1261723211801
2023,4180.829777783475
2024,4183.2984077869905
2025,4183.2984077870087
2026,4183.6678228953642
2027,4185.553942625138
2028,4185.9090528511542
2029,4186.5056173961784
2030,4187.638362602439
2031,4188.5628439586253
2032,4190.2884169205336
2033,4192.7386756951482
2034,4197.2990164297935
2035,4198.9652666736456
2036,4199.2673562416248
2037,4199.3387451122508
2038,4202.1145147501775
2039,4202.2606573860958
2040,4204.3581320116346
2041,4206.3138681435285
2042,4208.3290138126449
2043,4210.1636459432202
2044,4210.2290720337796
2045,4210.7217392036118
2046,4212.4227775286345
2047,4214.7794437404127
2048,4216.0644009404177
2049,4217.588454310312
2050,4223.1660516845441
2051,4223.8942101538796
2052,4224.3561915816263
2053,4225.0940627140481
2054,4228.5551550970868
2055,4228.6593260131322
2056,4229.2107767135085
2057,4230.5950030120275
2058,4235.0375482426098
2059,4238.0694288342984
2060,4243.8170499092948
2061,4245.7329593314535
2062,4245.997534163952
2063,4246.8161932550001
2064,4246.8161932550092
2065,4247.7475233612522
2066,4248.0467355916553
2067,4249.554600634252
2068,4249.7805383132754
2069,4251.1938213439362
2070,4251.8124815978517
2071,4252.0822383663581
2072,4253.1678451385724
2073,4254.9289894527801
2074,4255.3383146623719
2075,4256.8628496550764
2076,4258.592159406332
2077,4258.8024907313566
2078,4259.6840541239171
2079,4260.0296816879745
2080,4262.9271493478327
2081,4264.425519239333
2082,4267.7814300524533
2083,4268.3403135012913
2084,4272.3029884028747
2085,4273.6323118602495
2086,4273.7331788392748
2087,4274.2630816232413
2088,4274.8279419543669
2089,4276.3023302034953
2090,4278.7431458446263
2091,4281.8341377102452
2092,4282.3855884106151
2093,4283.0598065587155
2094,4283.9306516188062
2095,4287.0181977443226
2096,4288.6514070248677
2097,4290.5445203554827
2098,4291.008073236655
2099,4291.6801254953907
2100,4294.469109541682
2101,4298.4027470327565
2102,4298.7436287497703
2103,4300.6894870120896
2104,4304.1190673038254
2105,4304.4995634589113
2106,4304.7310462802106
2107,4306.5835026451459
2108,4311.4231945795127
2109,4311.4231945795364
2110,4314.4223379252162
2111,4317.1225701888852
2112,4317.403451098492
2113,4319.0005323955638
2114,4319.4186262680723
2115,4321.8602094446824
2116,4322.1186056683619
2117,4323.2018395919113
2118,4323.4430632636204
2119,4323.596273451637
2120,4326.1181578549231
2121,4326.1239111837513
2122,4326.4086354015826
2123,4327.0513233077727
2124,4327.6763820174674
2125,4330.2626511733743
2126,4332.9857477331489
2127,4333.8809461517694
2128,4335.3875747226675
2129,4336.0173495543631
2130,4338.5287871540004
2131,4340.0271570454988
2132,4341.6780352305259
2133,4342.2472526501224
2134,4344.202988782009
2135,4346.3492905148296
2136,4348.7716185021318
2137,4349.826394495296
2138,4349.8609413564918
2139,4350.8996622214563
2140,4352.7879345141564
2141,4354.7302983257268
2142,4357.2066713970517
2143,4358.6142179068711
2144,4359.2194383642245
2145,4359.286270165604
2146,4362.8825877105928
2147,4362.983183352535
2148,4364.7231272919644
2149,4367.3413686671056
2150,4368.1186755774133
2151,4372.4444198501678
2152,4374.1896473153402
2153,4377.0751333489961
2154,4377.0751333490007
2155,4378.075076234516
2156,4379.4238999699137
2157,4380.5937215609347
2158,4381.0742195802222
2159,4385.63664399973
2160,4386.0705079230875
2161,4387.8088409164093
2162,4388.3572479024106
2163,4389.1890060482683
2164,4391.0492079338183
2165,4393.0605170566005
2166,4393.7890974353886
2167,4396.4263701354248
2168,4397.1203377434458
2169,4397.4618472508428
2170,4399.5351350223782
2171,4399.6479754755428
2172,4400.6266947338181
2173,4400.6324480626345
2174,4402.0394563776972
2175,4402.6007185284579
2176,4405.323815088238
2177,4405.5514379187771
2178,4409.4825839579125
2179,4409.8533973203339
2180,4410.1921090413607
2181,4412.2459790506164
2182,4413.0011721698511
2183,4414.3914624347126
2184,4415.3159437909135
2185,4420.2747090490975
2186,4422.7824605404539
2187,4422.8132913195177
2188,4422.9764081668663
2189,4425.6840951296454
2190,4425.9326616235849
2191,4425.938151820631
2192,4426.5817182246819
2193,4427.1282917177077
2194,4430.5893280227338
2195,4434.1437748752132
2196,4434.5530794775887
2197,4434.9475133373217
2198,4436.6327493882454
2199,4440.5858025726875
2200,4440.841528970378
2201,4443.7270150039967
2202,4443.7270150040094
2203,4445.9684841419512
2204,4446.7261583497211
2205,4449.4132007040735
2206,4451.7224466925682
2207,4453.2427886699425
2208,4453.4607796858909
2209,4453.932436848796
2210,4456.1953593670914
2211,4457.7010895888543
2212,4458.5457215551023
2213,4458.5640528759041
2214,4458.7124558260784
2215,4464.1421363468635
2216,4464.7428942393135
2217,4464.940443946266
2218,4467.6913951471652
2219,4470.0764037885983
2220,4472.7506339962429
2221,4474.1565123544233
2222,4474.6683675512031
2223,4475.5567845736341
2224,4475.7637645186114
2225,4476.5052789753418
2226,4476.9943068552475
2227,4477.7982537115631
2228,4477.8895052738671
2229,4478.6531109393309
2230,4481.153075724932
2231,4485.3452592386338
2232,4488.3176993176885
2233,4490.2402803018922
2234,4490.4631827018102
2235,4491.5900905901135
2236,4492.3514549944994
2237,4495.0957920355231
2238,4495.1205278955495
2239,4495.8725687823508
2240,4496.3373556113265
2241,4496.5033385453407
2242,4497.241209677758
2243,4501.7953369043071
2244,4503.4615871481537
2245,4504.238894058466
2246,4505.5068762815099
2247,4506.4934677398578
2248,4508.3340163285184
2249,4508.6523117540955
2250,4511.3331596742164
2251,4511.3331596742364
2252,4516.1874403788406
2253,4516.3294480170616
2254,4518.9245501871137
2255,4519.8946703249585
2256,4520.1126613409115
2257,4521.0836924711093
2258,4523.3194571505892
2259,4523.353028358335
2260,4527.0781266867525
2261,4527.9207683827472
2262,4527.974109666181
2263,4529.7940751163378
2264,4531.4841461124861
2265,4532.2983964716723
2266,4532.5465886164629
2267,4534.9313678920153
2268,4540.3707658431049
2269,4542.1572177448343
2270,4542.4144711437038
2271,4543.2601122638262
2272,4544.4501353666037
2273,4547.6749705072316
2274,4547.9481036591633
2275,4548.1924318430001
2276,4548.1981851718328
2277,4549.0808488654193
2278,4550.8455713190206
2279,4551.8354847856908
2280,4553.4911430800121
2281,4556.1970919146133
2282,4557.015751005657
2283,4560.8655288053442
2284,4561.4169795057205
2285,4562.7019367057428
2286,4562.893148447256
2287,4564.180374598428
2288,4564.7488171807918
2289,4565.247615609991
2290,4566.6918121980507
2291,4566.7910196625717
2292,4569.2934216564863
2293,4570.8907757134994
2294,4571.1004690643604
2295,4571.8518017965253
2296,4572.8366339758022
2297,4574.8509451422196
2298,4575.695349934218
2299,4577.3969747104575
2300,4579.8472334850649
2301,4579.8472334850658
2302,4582.6939845714924
2303,4585.5466090944528
2304,4586.8372426185933
2305,4587.7188060111212
2306,4587.9600296828266
2307,4591.262617542222
2308,4591.4762271242571
2309,4592.0374892750269
2310,4594.6842713569713
2311,4595.8161819396737
2312,4596.4348421935929
2313,4596.4459567713648
2314,4599.198470271509
2315,4601.4981739579871
2316,4604.306414719661
2317,4606.0227046125965
2318,4606.4084826235021
2319,4606.7642190693259
2320,4606.7778977318158
2321,4610.1020741360744
2322,4614.0849629107197
2323,4616.4424861101907
2324,4618.1365773118814
2325,4619.7148773826048
2326,4621.1484978881817
2327,4622.1835073861348
2328,4623.1225216828316
2329,4624.3696356108494
2330,4626.447209125191
2331,4627.5001497717349
2332,4627.6981600664203
2333,4628.4716734755484
2334,4629.3538183607225
2335,4629.3538183607488
2336,4633.0874712727473
2337,4633.7616894208304
2338,4634.2368394906171
2339,4634.6182545323536
2340,4636.5427144829682
2341,4637.2359828363324
2342,4637.6456090019647
2343,4637.7448164664847
2344,4638.7904899981777
2345,4639.7820124045793
2346,4641.6314890115646
2347,4642.2322711792049
2348,4643.025107628514
2349,4645.0703967618574
2350,4649.2222803127115
2351,4649.2222803127261
2352,4650.1536104189472
2353,4651.4778151508344
2354,4652.6857614558749
2355,4656.2180488632939
2356,4656.2328798219614
2357,4658.2012196338019
2358,4661.3361530119846
2359,4662.2259629277369
2360,4662.9331093092396
2361,4664.0409868638108
2362,4664.0521014415854
2363,4664.8504090409679
2364,4666.4005636352495
2365,4669.1629354259549
2366,4670.2820045373364
2367,4672.6745862676207
2368,4672.8204885305076
2369,4674.4542400031514
2370,4674.7090754605733
2371,4680.9170195023862
2372,4682.0944248796868
2373,4682.0999150767311
2374,4685.0387597146355
2375,4687.5116241395135
2376,4691.0179352397254
2377,4692.3051613909083
2378,4693.4865652432754
2379,4695.0057571302268
2380,4695.1235551305663
2381,4695.4463738222466
2382,4696.2251802035107
2383,4697.0032922264836
2384,4697.6310585617011
2385,4698.4113084282217
2386,4698.445517167951
2387,4699.9712734169907
2388,4701.1497158074608
2389,4701.3678340910355
2390,4702.3098844059059
2391,4703.2997978725743
2392,4703.4418055108054
2393,4705.4255386278383
2394,4707.9332901191865
2395,4709.3161007689823
2396,4710.4318146443193
2397,4712.3145542899883
2398,4713.3019807786022
2399,4713.5844705726995
2400,4713.6713958869368
2401,4713.8628528449481
2402,4713.978904432417
2403,4715.070799149993
2404,4719.4107539654024
2405,4719.410753965406
2406,4725.6079266496126
2407,4726.9880917814553
2408,4727.6100979668663
2409,4729.1741149084564
2410,4729.4574103654741
2411,4730.3724697575644
2412,4730.6928685188268
2413,4731.6010097553717
2414,4732.5661752524184
2415,4732.6670422314464
2416,4733.8869061131509
2417,4738.2268609285629
2418,4740.2807309378168
2419,4740.4266332006991
2420,4740.9091005141463
2421,4743.3094494083425
2422,4746.7923073582406
2423,4748.7463065347074
2424,4753.4029729338663
2425,4754.9586923197785
2426,4755.2272333673382
2427,4755.4384548340067
2428,4756.0256979503529
2429,4757.9571001603981
2430,4758.2128265580768
2431,4758.4375981797284
2432,4759.6127584547221
2433,4760.7754939000579
2434,4763.4338865225445
2435,4764.6675012754622
2436,4765.1570570102849
2437,4767.9067991970742
2438,4768.019715746058
2439,4769.7492444953314
2440,4770.4238956560675
2441,4772.9198453071158
2442,4774.0129462343821
2443,4775.0723871765567
2444,4775.8339486977266
2445,4776.0564335810641
2446,4777.3083369468377
2447,4778.3816046729889
2448,4778.5885846179899
2449,4779.4028349771552
2450,4781.1906152429137
2451,4781.654168124076
2452,4784.2557775825171
2453,4785.2706203351499
2454,4785.6493961994347
2455,4789.9951356609854
2456,4790.3645507693218
2457,4790.3645507693464
2458,4791.5950931059588
2459,4792.9751958334655
2460,4793.8765765630633
2461,4795.7964003023035
2462,4796.3448072883002
2463,4800.1150835661992
2464,4800.6118986226829
2465,4801.5121822635538
2466,4801.9412220800632
2467,4802.1186348457559
2468,4803.3015304200899
2469,4804.0753797658563
2470,4807.0785148557225
2471,4808.7948047486607
2472,4814.1719669502518
2473,4814.6125072654704
2474,4814.9507733315286
2475,4816.3524512049062
2476,4817.171110295968
2477,4818.2049075698587
2478,4818.4627991252655
2479,4822.1673986388041
2480,4823.1305439227253
2481,4823.6318426205598
2482,4824.6022801949839
2483,4824.608981815426
2484,4825.3824952245568
2485,4827.0525389695913
2486,4828.4827566115628
2487,4829.1574077723117
2488,4833.5587379665521
2489,4833.6716545155441
2490,4835.0644681883168
2491,4836.1108538142007
2492,4837.2659679126746
2493,4838.1363470934202
2494,4842.7053105404802
2495,4843.195585942487
2496,4845.8224107576661
2497,4847.8424968979225
2498,4847.8441818181163
2499,4848.5214831132735
2500,4849.0980628855723
2501,4849.8756215151052
2502,4851.9056689648096
2503,4853.5129211289786
2504,4853.8686575748225
2505,4854.4442512352134
2506,4854.6102341692485
2507,4855.1128785739575
2508,4855.3602335275837
2509,4857.6086876902409
2510,4857.9874635545302
2511,4860.9518086127973
2512,4861.8214329543152
2513,4862.0350425363467
2514,4862.0350425363513
2515,4864.5036725398813
2516,4866.7501971062256
2517,4867.721228236418
2518,4871.6066571555966
2519,4872.1296957327613
2520,4872.7304536252113
2521,4873.1826740305778
2522,4873.4504265935029
2523,4874.604588277236
2524,4874.6058005013056
2525,4876.1603076631436
2526,4876.9384196860947
2527,4878.1698515763001
2528,4879.6020888441435
2529,4884.866525015751
2530,4885.5155816168426
2531,4886.5920979776593
2532,4888.2620733012054
2533,4888.4748376233292
2534,4888.9002806925491
2535,4889.4165959291822
2536,4890.2837242755768
2537,4892.2151264856329
2538,4893.1163540058151
2539,4893.7979803045719
2540,4895.5710372987487
2541,4897.2580489244328
2542,4898.2786558400367
2543,4900.2106196215836
2544,4901.4388226567326
2545,4906.2993274669025
2546,4906.5327530909335
2547,4908.847524711965
2548,4912.6021696910757
2549,4913.4285554278858
2550,4913.4944356674105
2551,4915.0433778955894
2552,4916.5697678592132
2553,4917.4979162680856
2554,4918.1199224534848
2555,4919.469732741697
2556,4921.813513966079
2557,4923.4458196242667
2558,4923.8192980628719
2559,4924.3841583940011
2560,4924.4695940808006
2561,4925.9473417821937
2562,4927.7031625822801
2563,4928.0214580078791
2564,4928.1342984610537
2565,4929.2791794572559
2566,4930.7023059279836
2567,4930.9435295997091
2568,4933.3381003934846
2569,4934.373109891435
2570,4934.3731098914395
2571,4934.3731098914614
2572,4935.6985942708352
2573,4937.3374549497039
2574,4938.4206888732306
2575,4938.5453453572572
2576,4941.9645004043523
2577,4942.6886034043555
2578,4943.0834925366735
2579,4944.1364708344927
2580,4946.7251159484686
2581,4948.2541543129582
2582,4948.3583252289982
2583,4949.6843719549424
2584,4951.2326705099249
2585,4951.2853183866755
2586,4951.6675427254559
2587,4954.2415718433813
2588,4955.9356630450702
2589,4955.9915610406879
2590,4959.6050695818922
2591,4960.7224986760311
2592,4960.7292002964768
2593,4961.4309036684917
2594,4961.796441308039
2595,4962.6292585175997
2596,4967.8167642917861
2597,4970.0368598964169
2598,4973.7768900118272
2599,4975.4994063669883
2600,4975.5662381683851
2601,4975.6743742945437
2602,4976.561848870957
2603,4978.1014369919158
2604,4978.7074505996961
2605,4980.0804370829082
2606,4980.547026082314
2607,4982.423037487587
2608,4983.7718612229673
2609,4985.4221808333086
2610,4986.7138696625989
2611,4986.8546317749151
2612,4990.418469176142
2613,4990.4696153181339
2614,4990.772790598824
2615,4992.3333718737076
2616,4992.6284593323671
2617,4997.4084783096596
2618,4998.734606369675
2619,4999.3084949049889
2620,5000.0250486609257
2621,5000.2329762611816
2622,5000.4558786610842
2623,5000.8552404176971
2624,5002.0631308252623
2625,5002.1759712784451
2626,5004.4675938914979
2627,5006.387417630749
2628,5006.7171969602232
2629,5006.9876664292187
2630,5007.3291759366048
2631,5007.3291759366248
2632,5009.5706450745474
2633,5010.7587562283361
2634,5012.069409649067
2635,5012.4948527182869
2636,5013.4262512460245
2637,5014.3249444871917
2638,5014.7539843036939
2639,5017.3491334229084
2640,5019.3121220329285
2641,5020.5426643695646
2642,5022.6404380001168
2643,5024.1814790021681
2644,5024.4300454960903
2645,5026.1333653231068
2646,5027.3743803310535
2647,5028.9801164095334
2648,5030.1042471241117
2649,5030.2861130736746
2650,5033.76897102359
2651,5035.2953609872129
2652,5035.7287796025694
2653,5036.3308381026391
2654,5037.9817162876589
2655,5038.699531611458
2656,5038.7279229482847
2657,5041.6192224599008
2658,5043.1055510372007
2659,5043.7242112911335
2660,5044.1884481053849
2661,5045.1894902234317
2662,5045.4473817788512
2663,5045.7323758523817
2664,5046.8692960255157
2665,5048.0641661065383
2666,5050.4237428779934
2667,5050.7142204246193
2668,5057.6676664665274
2669,5058.2803981018542
2670,5059.6931597457196
2671,5059.9395165439146
2672,5062.0490508419034
2673,5063.2402781118226
2674,5064.4223566345527
2675,5064.6320499854191
2676,5065.450709076481
2677,5066.670132149763
2678,5069.522756672719
2679,5070.421449913878
2680,5070.6548755378826
2681,5072.4869337300488
2682,5074.5972816504027
2683,5075.380215172082
2684,5075.5871951170675
2685,5076.2225267295726
2686,5076.684508157331
2687,5078.5092667088893
2688,5080.8532402284018
2689,5080.85324022841
2690,5083.5918551886625
2691,5083.6999913148311
2692,5083.7148222734968
2693,5084.0604498375615
2694,5085.025475694225
2695,5085.3910133337686
2696,5087.0920516587885
2697,5087.5838558342539
2698,5090.5829991799656
2699,5090.9826137999471
2700,5092.7300511925559
2701,5093.0263191005361
2702,5094.0782217143415
2703,5094.978505355205
2704,5095.3838423000088
2705,5095.5792875228071
2706,5097.4330437276994
2707,5097.4941902203636
2708,5098.4952323384105
2709,5100.2927207768253
2710,5101.5891709308225
2711,5102.5692966563265
2712,5104.0042601540272
2713,5105.4394627906167
2714,5105.7058849302748
2715,5108.056247118292
2716,5110.3393771768879
2717,5111.5482359774014
2718,5111.6196248480373
2719,5111.7945927755973
2720,5115.3547929568813
2721,5116.4011785827615
2722,5118.0298875481958
2723,5120.5188620612353
2724,5122.5099517695589
2725,5122.8853992818031
2726,5124.2426315780267
2727,5124.4498124434367
2728,5124.9322797568702
2729,5126.5913981989261
2730,5127.8561401192228
2731,5128.149835453416
2732,5131.2204458462911
2733,5132.3220709192492
2734,5134.1589823433987
2735,5135.4469314203434
2736,5137.9527273036138
2737,5139.7964967415182
2738,5140.1941964415655
2739,5140.9518706493163
2740,5141.874465499056
2741,5145.3830943455359
2742,5145.9481589921652
2743,5146.4454875316842
2744,5148.5432611622327
2745,5148.798096619641
2746,5148.8265566192395
2747,5150.198919456554
2748,5150.3503085700859
2749,5150.669001917493
2750,5151.6088446683261
2751,5152.2140651256714
2752,5152.9381681256918
2753,5153.0178035877825
2754,5154.8677339330452
2755,5154.8949130457841
2756,5154.8949130457922
2757,5157.2388865653111
2758,5157.3635430493241
2759,5157.6333204250277
2760,5160.0481177039455
2761,5161.917107446774
2762,5163.3206811550253
2763,5165.1003348905833
2764,5165.2137944856431
2765,5166.6489971222236
2766,5166.7897592345453
2767,5167.0543340670274
2768,5167.2098691885685
2769,5171.2465175807311
2770,5172.8788232389415
2771,5173.8571626448866
2772,5175.2387369665494
2773,5175.8943585829693
2774,5176.3932595945316
2775,5177.5483736929928
2776,5178.4464744306188
2777,5178.981904708503
2778,5180.9946716756876
2779,5184.4418934552004
2780,5185.8158028897124
2781,5186.0140585750732
2782,5186.5439613590361
2783,5186.5896522354742
2784,5186.8008737021391
2785,5188.6551360516332
2786,5189.8000170478454
2787,5190.5348731475406
2788,5192.2433369684213
2789,5192.5384244270899
2790,5194.7963053906815
2791,5197.2311869468549
2792,5198.9739525742762
2793,5200.7191800394567
2794,5201.786314524209
2795,5202.1038387346343
2796,5203.546431524559
2797,5204.1166064617946
2798,5205.8461352110526
2799,5206.4814668235485
2800,5206.7499892774813
2801,5207.6550218632947
2802,5208.3105705523603
2803,5210.7652538452921
2804,5210.9642393597342
2805,5213.1502624867262
2806,5217.5787406579329
2807,5219.8202097958892
2808,5220.8813285173228
2809,5221.15110589304
2810,5221.7269696374542
2811,5224.2244494398828
2812,5225.2058754973941
2813,5226.2706397236434
2814,5226.8976314137499
2815,5227.9421400987867
2816,5228.5444790815254
2817,5229.03403481635
2818,5229.4034499246864
2819,5229.4034499246873
2820,5231.280559382697
2821,5231.7522165456066
2822,5233.5721819957698
2823,5233.7017796138207
2824,5234.0948169502763
2825,5234.6639492882314
2826,5236.2422003390093
2827,5236.2767472001997
2828,5236.382930044434
2829,5237.0939602959925
2830,5237.6027939261448
2831,5239.3924014221302
2832,5242.0902486388341
2833,5242.9170093477551
2834,5243.1754055714464
2835,5244.098413200104
2836,5244.7516414783222
2837,5246.5817332472352
2838,5246.8481553868887
2839,5249.080257772348
2840,5249.5673264379757
2841,5251.1831453283858
2842,5251.7444074791547
2843,5253.9589149663116
2844,5255.9190081866709
2845,5255.9646990631063
2846,5256.8503382929157
2847,5256.8521736395278
2848,5257.1188607468348
2849,5258.0591970934429
2850,5261.0524982379229
2851,5261.551296667124
2852,5265.6841142650455
2853,5265.7452607577061
2854,5266.4268870564456
2855,5266.580097244464
2856,5267.6471028750575
2857,5269.020912885605
2858,5269.9992522915463
2859,5272.4980168660668
2860,5275.9167152225746
2861,5278.8022012562242
2862,5279.772321394049
2863,5279.8021441417468
2864,5280.32095486657
2865,5280.3995553132054
2866,5281.9578925363785
2867,5282.801287487453
2868,5283.5361435871591
2869,5283.9393876136537
2870,5285.2310764429421
2871,5285.4883298418163
2872,5286.4720914509062
2873,5287.0075217287913
2874,5287.797575830301
2875,5292.5518202843587
2876,5294.7875849638167
2877,5296.861269686131
2878,5297.404155315081
2879,5297.4517346706189
2880,5299.4715163836336
2881,5299.9878316202621
2882,5300.6100957767903
2883,5302.1333150043747
2884,5302.4992692198985
2885,5303.2309268441959
2886,5303.7665242849107
2887,5304.3277864356787
2888,5304.3277864356824
2889,5305.7890962615838
2890,5305.9670071453593
2891,5307.6138548131476
2892,5307.7912675788439
2893,5308.7054145246038
2894,5308.7072498712196
2895,5309.8008114920049
2896,5311.7364884909166
2897,5312.3484674672936
2898,5313.7208303045963
2899,5314.7282400770691
2900,5315.2550767028488
2901,5315.95678007487
2902,5317.6478020938212
2903,5318.5186471539073
2904,5318.9898563800189
2905,5320.3681237609189
2906,5322.1369421322979
2907,5323.8915297576114
2908,5324.4787728739511
2909,5326.1074818393809
2910,5326.3806149913116
2911,5326.8906731033157
2912,5327.6652197278399
2913,5328.6204677925625
2914,5330.4275450655723
2915,5330.7684267825889
2916,5331.8869614461682
2917,5332.3842899856818
2918,5332.5250196911056
2919,5333.3514054279149
2920,5335.0408297718841
2921,5335.094171055317
2922,5338.8625979604694
2923,5338.8769705796713
2924,5340.1041615362819
2925,5341.3740778189913
2926,5342.5685968775897
2927,5342.5685968775952
2928,5344.7456779187742
2929,5345.4540829112339
2930,5347.8559099007643
2931,5351.140268611307
2932,5352.1240302204005
2933,5352.7772584986105
2934,5353.1759328342014
2935,5353.2609503935182
2936,5356.7066012034738
2937,5357.1588216088485
2938,5357.443815682379
2939,5358.8176256929191
2940,5359.076121340574
2941,5359.4281574960642
2942,5362.0111566395735
2943,5363.5056170882635
2944,5366.3327571352647
2945,5369.33190048098
2946,5370.1763052729721
2947,5370.4700006071662
2948,5370.844932611707
2949,5371.7546053436972
2950,5372.2231999926007
2951,5372.3676769991207
2952,5374.3281888238153
2953,5375.9144110407196
2954,5377.1663144064769
2955,5378.2323468825734
2956,5378.3619445006152
2957,5378.8325646503436
2958,5379.6165731810888
2959,5379.6165731810997
2960,5380.7134327725789
2961,5381.3181979573419
2962,5382.1223916920371
2963,5382.7531614550371
2964,5383.815305196651
2965,5383.8424843094044
2966,5384.470853885714
2967,5385.8725317590934
2968,5386.6579824934524
2969,5388.2111427480158
2970,5388.3465718868592
2971,5389.2314694298402
2972,5390.2971372784177
2973,5390.8567145090001
2974,5392.084917544159
2975,5393.5938243172905
2976,5393.8074338993238
2977,5397.0612786432948
2978,5397.4705832456839
2979,5398.9682775849733
2980,5400.0032870829355
2981,5400.469876082353
2982,5400.6160187182722
2983,5401.2588530705752
2984,5403.5175431119251
2985,5404.4692178829528
2986,5404.6323347302941
2987,5404.7377589305315
2988,5407.0967391774539
2989,5407.9242677390957
2990,5408.2205356470786
2991,5408.6182353471222
2992,5410.095882523161
2993,5411.4264761087834
2994,5413.0602275814354
2995,5414.1958327213542
2996,5415.0921708660235
2997,5416.1773277986276
2998,5416.7310315448813
2999,5417.7921502663212
3000,5421.2138040810714
3001,5421.621738232182
3002,5422.0821799995429
3003,5422.3217324984216
3004,5422.8107603783219
3005,5425.5289421075822
3006,5425.673419114104
3007,5426.9105164292423
3008,5427.9046908125019
3009,5428.1126184127652
3010,5429.0992098711031
3011,5431.0611193206269
3012,5433.6940907409726
3013,5434.6082376867207
3014,5438.0796158283501
3015,5439.5513521006069
3016,5439.9118106233409
3017,5440.201648118541
3018,5442.0228351127944
3019,5443.0576632008369
3020,5443.9626957866531
3021,5445.6803882173299
3022,5445.9587704895757
3023,5446.155538287112
3024,5446.1772032738118
3025,5449.1546816328264
3026,5452.0769985559236
3027,5452.1904581509889
3028,5453.585905329046
3029,5454.150969975678
3030,5454.4336647676992
3031,5454.695239931063
3032,5454.9598147635543
3033,5455.001206199654
3034,5455.218210987241
3035,5455.2182109872474
3036,5456.002219517999
3037,5457.0467282030322
3038,5458.3510211882822
3039,5458.736799199186
3040,5459.9142045764784
3041,5461.1409791091892
3042,5461.7352070398174
3043,5463.471271046782
3044,5463.8127805541671
3045,5464.7322182237576
3046,5464.7629598760768
3047,5465.6552258524125
3048,5465.7111238480311
3049,5466.1455012544111
3050,5468.7317704103134
3051,5469.8631919133022
3052,5470.0619504795859
3053,5470.1199184302886
3054,5471.5698155221826
3055,5472.6178436207047
3056,5472.8275369715711
3057,5473.6120180039679
3058,5474.6576915356582
3059,5477.528495345784
3060,5477.9932821747516
3061,5480.248817012879
3062,5481.0816342224352
3063,5481.5743013922774
3064,5483.4823855143568
3065,5484.0011962391918
3066,5485.3735590765082
3067,5485.3982949365336
3068,5485.4988905784867
3069,5486.4815288600776
3070,5486.7227525317803
3071,5487.9139798017013
3072,5489.4626420333389
3073,5490.2665888896681
3074,5490.5705195879063
3075,5491.4778172029137
3076,5493.7645571822377
3077,5494.0186138732251
3078,5494.6316855286414
3079,5495.8177720183321
3080,5498.3010920654697
3081,5498.4678263364458
3082,5500.9255381787125
3083,5503.0691375686092
3084,5503.8493525981794
3085,5503.9547767984104
3086,5505.4962002659568
3087,5505.5269419182732
3088,5507.4467656575353
3089,5508.0654259114553
3090,5508.1523512256936
3091,5508.9219910229767
3092,5512.3194174452947
3093,5513.2865328875332
3094,5516.5872944554485
3095,5516.7072292365556
3096,5517.3558937277348
3097,5518.4084814496928
3098,5518.728880210946
3099,5519.0516989026255
3100,5520.9059612521196
3101,5522.0508422483244
3102,5524.3887379686612
3103,5525.781551641443
3104,5526.2628726206976
3105,5527.0471305911797
3106,5527.8973668151521
3107,5529.7085234306596
3108,5530.2622271769096
3109,5530.766960198157
3110,5531.0808862679678
3111,5531.0808862679751
3112,5531.3454611004663
3113,5531.6038573241512
3114,5532.335514948446
3115,5532.7078162673297
3116,5533.2753576992827
3117,5534.0371397246972
3118,5534.4227414553752
3119,5535.7768798572115
3120,5536.3453224395744
3121,5537.3368448459751
3122,5538.7210711445032
3123,5539.1015672995791
3124,5539.4186659864272
3125,5541.0698377654135
3126,5542.633854707009
3127,5543.0160790457767
3128,5543.2403072892084
3129,5544.5857410279395
3130,5545.0149237945652
3131,5545.611488339574
3132,5546.2488382502106
3133,5547.9374276436183
3134,5548.1817558274561
3135,5548.9163332678963
3136,5549.1235141333118
3137,5550.9493482199214
3138,5551.1432958463256
3139,5552.8391010211972
3140,5553.9123687473757
3141,5553.9777948379369
3142,5555.8098530301013
3143,5555.8382443669143
3144,5557.0687867035558
3145,5557.3512764976504
3146,5559.148456614218
3147,5560.4164388372692
3148,5560.8345327097622
3149,5562.6882889146582
3150,5563.0632209192054
3151,5563.1083988686833
3152,5563.9530308349413
3153,5565.3216717303512
3154,5566.9147744887214
3155,5566.9561659248202
3156,5567.6761388931072
3157,5567.8245418432689
3158,5569.7541076506377
3159,5571.5832113794386
3160,5573.4717983095288
3161,5575.1702718838242
3162,5575.6715705816614
3163,5576.7455132136711
3164,5576.8034811643693
3165,5577.0024666788086
3166,5579.9384145425583
3167,5581.8181516384575
3168,5581.9125882551816
3169,5584.3808189804231
3170,5584.4283983359601
3171,5584.821435672432
3172,5586.7126092345725
3173,5587.4561511722195
3174,5587.7651969565277
3175,5587.8205790181437
3176,5587.9751323775563
3177,5588.9957392931565
3178,5592.0268132594692
3179,5592.8168673609907
3180,5593.7800126449056
3181,5596.8506230377916
3182,5598.6777122569401
3183,5598.7303601336971
3184,5599.7925038753092
3185,5599.8068764945074
3186,5599.9124386564272
3187,5600.7021766072994
3188,5602.6485189575942
3189,5603.8433890386132
3190,5606.9955896944002
3191,5607.1526065350508
3192,5607.1526065350581
3193,5607.4665326048698
3194,5607.7201479670111
3195,5607.9371527545982
3196,5608.5641444446892
3197,5608.7858158156014
3198,5609.1155951450701
3199,5609.3470779663685
3200,5610.2854167360938
3201,5611.378517663361
3202,5612.5305974191924
3203,5612.6256315913843
3204,5614.0259038105778
3205,5614.5433651463445
3206,5614.9767837616955
3207,5615.5783746442994
3208,5615.6055537570419
3209,5615.8043123233283
3210,5617.2819801065989
3211,5617.4819016434294
3212,5617.611499261483
3213,5617.9759271074017
3214,5619.1355526313782
3215,5619.7475316077553
3216,5620.1229791199976
3217,5621.137821872624
3218,5622.9722154502479
3219,5623.2874155750133
3220,5624.0394564618155
3221,5625.3019796048002
3222,5625.582860514397
3223,5625.8506130773239
3224,5628.0225835074707
3225,5628.2201332144241
3226,5629.9622245837663
3227,5630.6049124899691
3228,5631.7223415841099
3229,5632.4199364260394
3230,5632.4651143755227
3231,5632.684511258527
3232,5633.3280776625807
3233,5636.1902127039475
3234,5637.7341404509416
3235,5638.2178323458556
3236,5638.9411639048622
3237,5638.9712377660853
3238,5639.1893560496565
3239,5640.9400086536507
3240,5642.3234522366856
3241,5643.2844783196961
3242,5643.8818894911574
3243,5645.5903533120372
3244,5646.2836216654086
3245,5647.5878884082767
3246,5648.9878203049175
3247,5649.593833912726
3248,5649.8574446464327
3249,5649.9028796970142
3250,5650.1613753446663
3251,5651.2693037620156
3252,5651.279910008253
3253,5652.5135247611652
3254,5656.1650503390329
3255,5656.5682943655229
3256,5658.269919141766
3257,5658.375481303684
3258,5659.9398944653085
3259,5660.8712929930498
3260,5662.8398593477923
3261,5663.0982555714763
3262,5663.8354700503814
3263,5664.447449026753
3264,5667.2488584628572
3265,5667.2789323240831
3266,5667.8491072613215
3267,5669.7251186665826
3268,5669.7467836532778
3269,5671.9780553516821
3270,5672.0052344644291
3271,5672.7242620122979
3272,5676.2194845466884
3273,5676.298084993321
3274,5676.5093220418958
3275,5677.7205503551531
3276,5677.7432364975402
3277,5678.2105742550202
3278,5680.5704879826289
3279,5683.2516384132559
3280,5683.3812360312904
3281,5683.3812360313077
3282,5683.538252871962
3283,5683.799828035324
3284,5684.1657822508441
3285,5684.6358647117822
3286,5684.710559488658
3287,5685.0280836990905
3288,5685.2097532470852
3289,5685.4267580346741
3290,5685.8870545422506
3291,5686.6673044087765
3292,5687.5499681023784
3293,5688.5344406894628
3294,5689.5892166826252
3295,5689.6200474616899
3296,5690.3578159549179
3297,5690.8060443984004
3298,5691.1475539057901
3299,5692.0916186765417
3300,5693.4758892277141
3301,5693.6894988097492
3302,5694.2507609605254
3303,5694.2805837082242
3304,5694.6027971160102
3305,5694.6586951116315
3306,5694.9579073420382
3307,5696.536657318311
3308,5697.2797270539359
3309,5697.4342804133421
3310,5698.2110571601734
3311,5699.0095217431872
3312,5699.9799593176067
3313,5701.8421514734237
3314,5702.2760153967729
3315,5703.7963573741572
3316,5703.8622376136809
3317,5703.9875691156658
3318,5704.605779551327
3319,5704.651214601904
3320,5705.8412377046761
3321,5706.0509310555435
3322,5707.97539100616
3323,5708.8055827629423
3324,5709.2660245302886
3325,5710.1973546365334
3326,5711.8673983815715
3327,5712.5056057729189
3328,5713.4069865025122
3329,5713.8361692691315
3330,5714.8985624552852
3331,5716.9340443554238
3332,5717.374584670647
3333,5717.5881942526858
3334,5718.2449638513826
3335,5718.9505494195537
3336,5719.2141601532649
3337,5719.9319754770677
3338,5719.9331877011355
3339,5722.5689821666265
3340,5722.9104916740189
3341,5724.1452180735087
3342,5724.9294760439843
3343,5725.2837974666618
3344,5726.6410297628672
3345,5728.0745607783765
3346,5729.2066796435365
3347,5729.4166150645797
3348,5730.9393594519943
3349,5731.9194851774973
3350,5732.4915714024337
3351,5733.8762300976077
3352,5734.1429172049347
3353,5734.7611276405878
3354,5736.8831599307759
3355,5737.6699750578355
3356,5739.9580881519869
3357,5740.1750929395721
3358,5740.669118403549
3359,5740.8984244985868
3360,5741.7146810605173
3361,5742.1436592943146
3362,5743.0989073590426
3363,5745.6548005001587
3364,5745.6654067463905
3365,5746.3034649913379
3366,5749.3511320209118
3367,5749.5695648051487
3368,5751.1964948044961
3369,5751.8601402907443
3370,5752.6554158799117
3371,5752.8949683787996
3372,5756.2773966467857
3373,5756.4741644443338
3374,5756.7963778521253
3375,5757.0470364440662
3376,5759.4733077900473
3377,5759.7145314617528
3378,5759.7145314617555
3379,5759.7668823682043
3380,5759.8715483024107
3381,5760.0284575315691
3382,5760.2375025179354
3383,5760.4985399925008
3384,5760.8113910532411
3385,5761.1758412876634
3386,5761.5916409197671
3387,5761.6343552009994
3388,5762.058504981268
3389,5762.4506117629298
3390,5762.5761135068524
3391,5763.1441117534914
3392,5763.2040171831641
3393,5763.7621104435666
3394,5764.4296860316354
3395,5764.469596132888
3396,5764.7971199415151
3397,5765.146380994739
3398,5765.9117041459522
3399,5766.7251309710173
3400,5766.7434622918199
3401,5767.5861039878127
3402,5768.1553214074047
3403,5768.494033128447
3404,5769.4482961436352
3405,5770.3304410288392
3406,5770.4482390291751
3407,5771.4596052664128
3408,5771.4931764741596
3409,5772.5823923306589
3410,5772.596070993156
3411,5773.3337250628092
3412,5773.7151401045321
3413,5773.9065970625434
3414,5773.9624950581674
3415,5774.8906434670471
3416,5776.1080967869002
3417,5776.3328684085209
3418,5777.3666656824089
3419,5777.6371351513953
3420,5778.6654875933154
3421,5779.700497091274
3422,5780.0036723719631
3423,5780.438544587505
3424,5781.329156751367
3425,5781.3518428937596
3426,5781.3803028933507
3427,5782.7944356836815
3428,5784.2451015669703
3429,5785.1040724101331
3430,5785.5330506439259
3431,5785.7313063292959
3432,5787.2520314001431
3433,5788.2371022125635
3434,5788.3191658848846
3435,5788.8062345505068
3436,5788.8912521098246
3437,5790.3928506071925
3438,5791.2362455582806
3439,5791.400260379658
3440,5792.0107921828048
3441,5792.7107864490408
3442,5793.6589504209996
3443,5795.3361957564575
3444,5796.2325339011186
3445,5796.5600577097475
3446,5797.0413786889967
3447,5797.2981052059777
3448,5798.7733305714173
3449,5800.4364277936793
3450,5800.5308644104061
3451,5801.1740818633389
3452,5802.3127756800659
3453,5803.2225430346343
3454,5804.1178431474236
3455,5804.1732252090551
3456,5804.3372400304333
3457,5805.944829709395
3458,5807.7924832406552
3459,5808.2598209981315
3460,5809.1695135518921
3461,5809.659537451761
3462,5811.5447127570233
3463,5812.1357976554982
3464,5812.2014823557229
3465,5813.4467171514525
3466,5815.1349410012144
3467,5815.3642470962432
3468,5816.1595226854151
3469,5817.2959884121537
3470,5819.2406171801877
3471,5820.1312293440551
3472,5821.1147369765804
3473,5821.196800648906
3474,5823.163198147884
3475,5824.1138803222948
3476,5825.1384620065
3477,5827.1212384775699
3478,5828.1047461101025
3479,5829.1101686651391
3480,5831.1038894558205
3481,5833.1010344529559
3482,5836.1001777986321
3483,5836.100177798633
3484,5836.1001777986348
3485,5836.1001777986357
3486,5836.1001777986367
3487,5836.1001777986367
3488,5836.1001777986376
3489,5836.1001777986385
3490,5836.1001777986403
3491,5836.1001777986412
3492,5836.1001777986421
3493,5836.1001777986457
3494,5836.1001777986457
3495,5836.1001777986457
3496,5836.1001777986457
3497,5836.1001777986476
3498,5836.1001777986485
3499,5836.1001777986485
3500,5836.1001777986485
3501,5836.1001777986494
3502,5836.1001777986503
3503,5836.1001777986512
3504,5836.1001777986512
3505,5836.100177798653
3506,5836.100177798653
3507,5836.1001777986539
3508,5836.1001777986548
3509,5836.1001777986548
3510,5836.1001777986557
3511,5836.1001777986567
3512,5836.1001777986567
3513,5836.1001777986576
3514,5836.1001777986594
3515,5836.1001777986594
3516,5836.1001777986594
3517,5836.1001777986594
3518,5836.1001777986621
3519,5836.100177798663
3520,5836.100177798663
3521,5836.1001777986648
3522,5836.1001777986658
3523,5836.1001777986658
3524,5836.1001777986658
3525,5836.1001777986658
3526,5836.1001777986667
3527,5836.1001777986676
3528,5836.1001777986685
3529,5836.1001777986694
3530,5836.1001777986712
3531,5836.100177798673
3532,5836.1001777986739
3533,5836.1001777986748
3534,5836.1001777986748
3535,5836.1001777986767
3536,5836.1001777986767
3537,5836.1001777986767
3538,5836.1001777986785
3539,5836.1001777986794
3540,5836.1001777986812
3541,5839.0993211443683
3542,5841.0964661415001
3543,5843.0901869321751
3544,5844.0956094872136
3545,5845.079117119747
3546,5847.0618935908151
3547,5848.0864752750167
3548,5849.0371574494302
3549,5851.0035549484119
3550,5851.0856186207329
3551,5852.0691262532664
3552,5852.9597384171302
3553,5854.9043671851559
3554,5856.0408329119009
3555,5856.8361085010665
3556,5857.0654145961134
3557,5858.7536384458599
3558,5859.9988732415886
3559,5860.0645579418233
3560,5860.6556428402882
3561,5862.5408181455477
3562,5863.0308420454248
3563,5863.9405345991818
3564,5864.407872356659
3565,5866.2555258879165
3566,5867.8631155668818
3567,5868.0271303882719
3568,5868.0825124498888
3569,5868.9778125626744
3570,5869.8875799172474
3571,5871.0262737339799
3572,5871.6694911869081
3573,5871.7639278036286
3574,5873.4270250258987
3575,5874.9022503913457
3576,5875.1589769083175
3577,5875.6402978875703
3578,5875.9678216961947
3579,5876.8641598408576
3580,5878.5414051763128
3581,5879.4895691482689
3582,5880.189563414513
3583,5880.8000952176562
3584,5880.9641100390445
3585,5881.8075049901245
3586,5883.3091034874906
3587,5883.3941210468056
3588,5883.8811897124269
3589,5883.9632533847389
3590,5884.9483241971766
3591,5886.4690492680229
3592,5886.6673049533802
3593,5887.0962831871802
3594,5887.955254030343
3595,5889.4059199136364
3596,5890.8200527039617
3597,5890.8485127035556
3598,5890.8711988459463
3599,5891.761811009821
3600,5892.1966832253493
3601,5892.4998585060421
3602,5893.534868003997
3603,5894.5632204459225
3604,5894.8336899149072
3605,5895.8674871887933
3606,5896.0922588104177
3607,5897.3097121302744
3608,5898.2378605391514
3609,5898.2937585347663
3610,5898.4852154927776
3611,5898.8666305344959
3612,5899.6042846041564
3613,5899.6179632666544
3614,5900.7071791231574
3615,5900.7407503308968
3616,5901.7521165681383
3617,5901.8699145684777
3618,5902.7520594536763
3619,5903.7063224688654
3620,5904.0450341899004
3621,5904.6142516094997
3622,5905.4568933054934
3623,5905.4752246262933
3624,5906.2886514513593
3625,5907.0539746025752
3626,5907.4032356557937
3627,5907.7307594644135
3628,5907.7706695656807
3629,5908.4382451537549
3630,5908.9963384141492
3631,5909.0562438438201
3632,5909.6242420904609
3633,5909.7497438343835
3634,5910.1418506160489
3635,5910.5660003963085
3636,5910.6087146775426
3637,5911.0245143096517
3638,5911.3889645440677
3639,5911.7018156048098
3640,5911.9628530793871
3641,5912.1718980657488
3642,5912.3288072949035
3643,5912.4334732291036
3644,5912.485824135555
3645,5912.4858241355614
3646,5912.7270478072614
3647,5915.1533191532453
3648,5915.4039777451881
3649,5915.7261911529768
3650,5915.9229589505194
3651,5919.3053872185192
3652,5919.5449397174052
3653,5920.3402153065645
3654,5921.0038607928127
3655,5922.6307907921728
3656,5922.8492235764043
3657,5925.8968906059827
3658,5926.5349488509237
3659,5926.5455550971519
3660,5929.1014482382716
3661,5930.0566963029987
3662,5930.4856745367952
3663,5931.3019310987256
3664,5931.531237193758
3665,5932.0252626577412
3666,5932.2422674453292
3667,5934.5303805394724
3668,5935.3171956665401
3669,5937.4392279567282
3670,5938.0574383923858
3671,5938.3241254997092
3672,5939.7087841948714
3673,5940.2808704198087
3674,5941.26099614532
3675,5942.7837405327373
3676,5942.9936759537641
3677,5944.1257948189386
3678,5945.5593258344452
3679,5946.9165581306524
3680,5947.2708795533308
3681,5948.0551375238065
3682,5949.2898639232963
3683,5949.6313734306823
3684,5952.267167896176
3685,5952.2683801202447
3686,5952.9861954440503
3687,5953.2498061777651
3688,5953.9553917459234
3689,5954.6121613446257
3690,5954.8257709266663
3691,5955.2663112418832
3692,5957.3017931420309
3693,5958.3641863281764
3694,5958.7933690947984
3695,5959.6947498243962
3696,5960.3329572157445
3697,5962.0030009607763
3698,5962.9343310670147
3699,5963.3947728343674
3700,5964.2249645911543
3701,5966.1494245417716
3702,5966.3591178926399
3703,5967.5491409954047
3704,5967.5945760459917
3705,5968.2127864816466
3706,5968.338117983636
3707,5968.4039982231579
3708,5969.9243402005341
3709,5970.3582041238869
3710,5972.2203962797103
3711,5973.1908338541316
3712,5973.9892984371372
3713,5974.766075183973
3714,5974.9206285433829
3715,5975.6636982790014
3716,5977.2424482552788
3717,5977.5416604856773
3718,5977.5975584813023
3719,5977.9197718890891
3720,5977.9495946367924
3721,5978.5108567875623
3722,5978.7244663696001
3723,5980.1087369207717
3724,5981.052801691525
3725,5981.3943111989111
3726,5981.8425396423972
3727,5982.5803081356289
3728,5982.6111389146909
3729,5983.6659149078487
3730,5984.6503874949358
3731,5985.5330511885404
3732,5986.3133010550619
3733,5986.7735975626365
3734,5986.9906023502217
3735,5987.1722718982246
3736,5987.4897961086472
3737,5987.5644908855338
3738,5988.0345733464737
3739,5988.4005275619884
3740,5988.6621027253541
3741,5988.8191195660056
3742,5988.8191195660129
3743,5988.9487171840574
3744,5991.6298676146916
3745,5993.9897813422986
3746,5994.4571190997704
3747,5994.4798052421575
3748,5995.6910335554212
3749,5995.9022706039877
3750,5995.9808710506268
3751,5999.4760935850127
3752,6000.1951211328824
3753,6000.2223002456321
3754,6002.4535719440382
3755,6002.4752369307171
3756,6004.3512483359882
3757,6004.921423273232
3758,6004.9514971344597
3759,6007.7529065705603
3760,6008.3648855469373
3761,6009.1021000258315
3762,6009.3604962495201
3763,6011.329062604269
3764,6012.2604611320075
3765,6013.8248742936357
3766,6013.9304364555419
3767,6015.6320612317913
3768,6016.0353052582859
3769,6019.6868308361582
3770,6020.9204455890549
3771,6020.9310518352859
3772,6022.0389802526488
3773,6022.2974759003046
3774,6022.342910950887
3775,6022.6065216845936
3776,6023.2125352923913
3777,6024.612467189032
3778,6025.9167339319001
3779,6026.6100022852743
3780,6028.3184661061587
3781,6028.91587727762
3782,6029.8769033606422
3783,6031.2603469436717
3784,6033.010999547656
3785,6033.2291178312289
3786,6033.2591916924521
3787,6033.9825232514795
3788,6034.4662151463826
3789,6036.0101428933685
3790,6038.8722779347281
3791,6039.5158443388009
3792,6039.7352412217961
3793,6039.7804191712721
3794,6040.4780140132034
3795,6041.5954431073505
3796,6042.2381310135397
3797,6043.9802223828883
3798,6044.1777720898426
3799,6046.3497425199903
3800,6046.6174950829181
3801,6046.8983759925186
3802,6048.1608991355006
3803,6048.9129400223019
3804,6049.2281401470618
3805,6051.0625337246911
3806,6052.0773764773194
3807,6052.4528239895599
3808,6053.064802965936
3809,6054.224428489908
3810,6054.5888563358303
3811,6054.7184539538821
3812,6054.9183754907162
3813,6056.3960432739841
3814,6056.5948018402651
3815,6056.6219809530148
3816,6057.2235718356178
3817,6057.6569904509715
3818,6058.1744517867382
3819,6059.5747240059263
3820,6059.6697581781291
3821,6060.8218379339505
3822,6061.9149388612141
3823,6062.8532776309476
3824,6063.0847604522405
3825,6063.4145397817301
3826,6063.6362111526259
3827,6064.2632028427206
3828,6064.4802076303031
3829,6064.7338229924435
3830,6065.0477490622534
3831,6065.047749062257
3832,6065.2047659029167
3833,6068.3569665587002
3834,6069.5518366397127
3835,6071.4981789900212
3836,6072.2879169408925
3837,6072.3934791027987
3838,6072.4078517220078
3839,6073.4699954636144
3840,6073.5226433403832
3841,6075.3497325595181
3842,6078.4203429524005
3843,6079.383488236329
3844,6080.173542337845
3845,6083.2046163041568
3846,6084.2252232197616
3847,6084.3797765791669
3848,6084.4351586407947
3849,6084.7442044251011
3850,6085.4877463627408
3851,6087.3789199248822
3852,6087.7719572613578
3853,6087.8195366168957
3854,6090.287767342139
3855,6090.3822039588604
3856,6092.2619410547568
3857,6095.1978889185129
3858,6095.3968744329504
3859,6095.4548423836513
3860,6096.5287850156583
3861,6097.0300837134882
3862,6098.7285572877863
3863,6100.6171442178656
3864,6102.4462479466802
3865,6104.375813754039
3866,6104.5242167042143
3867,6105.2441896725013
3868,6105.2855811086056
3869,6106.8786838669639
3870,6108.2473247623639
3871,6109.0919567286301
3872,6109.1371346781089
3873,6109.5120666826533
3874,6111.3658228875474
3875,6111.7839167600478
3876,6113.0518989830944
3877,6114.849079099663
3878,6115.1315688937557
3879,6116.3621112303972
3880,6116.3905025672084
3881,6118.2225607593818
3882,6118.2879868499476
3883,6119.3612545761125
3884,6121.0570597509904
3885,6121.2510073773892
3886,6123.0768414639979
3887,6123.2840223294143
3888,6124.0185997698527
3889,6124.262927953695
3890,6125.9515173471027
3891,6126.5888672577394
3892,6127.1854318027481
3893,6127.6146145693729
3894,6128.9600483081122
3895,6129.1842765515312
3896,6129.5665008903106
3897,6131.1305178319017
3898,6132.7816896108907
3899,6133.0987882977388
3900,6133.4792844528229
3901,6134.8635107513419
3902,6135.8550331577426
3903,6136.4234757401073
3904,6137.7776141419454
3905,6138.1632158726243
3906,6138.9249978980415
3907,6139.4925393299918
3908,6139.8648406488701
3909,6140.5964982731712
3910,6140.854894496857
3911,6141.1194693293273
3912,6141.1194693293464
3913,6141.4333953991563
3914,6141.9381284203982
3915,6142.4918321666546
3916,6144.3029887821622
3917,6145.1532250061437
3918,6145.9374829766193
3919,6146.4188039558794
3920,6147.8116176286503
3921,6150.149513348988
3922,6151.2943943451919
3923,6153.1486566946915
3924,6153.4714753863673
3925,6153.7918741476369
3926,6154.8444618695748
3927,6155.4931263607532
3928,6155.613061141863
3929,6158.9138227097746
3930,6159.8809381520232
3931,6163.2783645743448
3932,6164.0480043716161
3933,6164.1349296858652
3934,6164.7535899397963
3935,6166.6734136790337
3936,6166.7041553313456
3937,6168.2455787989102
3938,6168.3510029991394
3939,6169.1312180287041
3940,6171.2748174186027
3941,6173.7325292608775
3942,6173.8992635318427
3943,6176.3825835789794
3944,6177.5686700686747
3945,6178.1817417240873
3946,6178.4357984150593
3947,6180.7225383943924
3948,6181.6298360094042
3949,6181.9337667076443
3950,6182.7377135639699
3951,6184.2863757956166
3952,6185.477603065533
3953,6185.7188267372376
3954,6186.7014650188148
3955,6186.8020606607788
3956,6186.8267965208097
3957,6188.1991593581197
3958,6188.7179700829411
3959,6190.6260542050286
3960,6191.1187213748644
3961,6191.9515385844397
3962,6194.2070734225581
3963,6194.6718602515302
3964,6197.5426640616579
3965,6198.5883375933463
3966,6199.3728186257413
3967,6199.582511976605
3968,6200.6305400751326
3969,6202.0804371670365
3970,6202.1384051177311
3971,6202.3371636840093
3972,6203.4685851869936
3973,6206.0548543429049
3974,6206.4892317492695
3975,6206.5451297448999
3976,6207.4373957212365
3977,6207.4681373735548
3978,6208.3875750431507
3979,6208.7290845505358
3980,6210.4651485574932
3981,6211.0593764881141
3982,6212.2861510208413
3983,6213.4635563981392
3984,6213.8493344090402
3985,6215.1536273942802
3986,6216.1981360793225
3987,6216.9821446100732
3988,6216.9821446100777
3989,6217.1991493976629
3990,6217.2405408337563
3991,6217.5051156662457
3992,6217.7666908296133
3993,6218.0493856216381
3994,6218.6144502682673
3995,6220.0098974463272
3996,6220.1233570413924
3997,6223.0456739644878
3998,6226.0231523234988
3999,6226.0448173101931
4000,6226.2415851077276
4001,6226.519967379988
4002,6228.2376598106603
4003,6229.1426923964837
4004,6230.1775204845335
4005,6231.998707478765
4006,6232.2885449739751
4007,6232.6490034967119
4008,6234.1207397689668
4009,6237.5921179105926
4010,6238.5062648563517
4011,6241.1392362766974
4012,6243.1011457262157
4013,6244.0877371845518
4014,6244.2956647848059
4015,6245.2898391680756
4016,6246.5269364832093
4017,6246.6714134897384
4018,6249.3895952189869
4019,6249.8786230988908
4020,6250.1181755977796
4021,6250.5786173651286
4022,6250.9865515162464
4023,6254.4082053309876
4024,6255.4693240524302
4025,6256.0230277986884
4026,6257.1081847312926
4027,6258.0045228759582
4028,6259.1401280158761
4029,6260.7738794885354
4030,6262.1044730741332
4031,6263.5821202501893
4032,6263.9798199502284
4033,6264.2760878582103
4034,6265.1036164198558
4035,6267.4625966667809
4036,6267.5680208670146
4037,6267.7311377143551
4038,6268.6828124853928
4039,6270.9415025267281
4040,6271.5843368790447
4041,6271.7304795149685
4042,6272.1970685143797
4043,6273.2320780123291
4044,6274.7297723516358
4045,6275.1390769540239
4046,6278.392921697985
4047,6278.606531280021
4048,6280.1154380531525
4049,6281.3436410883078
4050,6281.9032183188883
4051,6282.9688861674776
4052,6283.8537837104559
4053,6283.9892128492993
4054,6285.5423731038672
4055,6286.3278238382209
4056,6287.7295017116003
4057,6288.3578712879171
4058,6288.3850504006668
4059,6289.4471941422798
4060,6290.0779639052744
4061,6290.8821576399805
4062,6291.4869228247353
4063,6292.5837824162181
4064,6292.583782416219
4065,6293.3677909469679
4066,6293.8384110966963
4067,6293.9680087147517
4068,6295.0340411908301
4069,6296.2859445565982
4070,6297.8721667734999
4071,6299.8326785981935
4072,6299.977155604719
4073,6300.4457502536152
4074,6301.3554229856054
4075,6301.7303549901562
4076,6302.0240503243485
4077,6302.8684551163469
4078,6305.867598462055
4079,6308.6947385090616
4080,6310.1891989577362
4081,6312.7721981012382
4082,6313.1242342567302
4083,6313.3827299043824
4084,6314.7565399149335
4085,6315.0415339884639
4086,6315.4937543938422
4087,6318.9394052038115
4088,6319.0244227631229
4089,6319.4230970987101
4090,6320.0763253769301
4091,6321.0600869860045
4092,6324.344445696539
4093,6326.7462726860831
4094,6327.4546776785419
4095,6329.6317587197136
4096,6329.6317587197254
4097,6330.8262777783166
4098,6332.0961940610359
4099,6333.3233850176493
4100,6333.3377576368312
4101,6337.1061845419981
4102,6337.159525825432
4103,6338.8489501694039
4104,6339.6753359062077
4105,6339.8160656116443
4106,6340.3133941511542
4107,6341.431928814739
4108,6341.7728105317483
4109,6343.5798878047444
4110,6344.5351358694688
4111,6345.3096824939921
4112,6345.8197406060081
4113,6346.0928737579352
4114,6347.7215827233586
4115,6348.3088258397065
4116,6350.0634134650145
4117,6351.8322318364098
4118,6353.2104992172899
4119,6353.6817084434033
4120,6354.5525535034949
4121,6356.2435755224424
4122,6356.94527889446
4123,6357.4721155202551
4124,6358.4795252927106
4125,6359.8518881300197
4126,6360.4638671064013
4127,6362.3995441053121
4128,6363.4931057261047
4129,6363.4949410727149
4130,6364.4090880184694
4131,6364.5865007841576
4132,6366.2333484519495
4133,6366.4112593357258
4134,6367.8725691616219
4135,6367.8725691616328
4136,6368.4338313124063
4137,6368.9694287531274
4138,6369.7010863774285
4139,6370.0670405929377
4140,6371.5902598205175
4141,6372.2125239770512
4142,6372.7288392136825
4143,6374.7486209266981
4144,6374.796200282236
4145,6375.3390859111878
4146,6377.4127706334775
4147,6379.6485353129583
4148,6384.402779767006
4149,6385.1928338685166
4150,6385.7282641464053
4151,6386.7120257554889
4152,6386.9692791543612
4153,6388.2609679836678
4154,6388.6642120101569
4155,6389.3990681098503
4156,6390.2424630609394
4157,6391.8008002841052
4158,6391.8794007307424
4159,6392.398211455562
4160,6392.4280342032607
4161,6393.3981543411137
4162,6396.2836403747442
4163,6399.7023387312547
4164,6402.2011033057634
4165,6403.1794427117211
4166,6404.5532527222531
4167,6405.6202583528357
4168,6405.7734685408604
4169,6406.4550948396063
4170,6406.5162413322723
4171,6410.6490589301848
4172,6411.1478573593877
4173,6414.1411585038722
4174,6415.0814948504731
4175,6415.3481819577864
4176,6415.3500173044022
4177,6416.2356565342043
4178,6416.2813474106415
4179,6418.2414406309999
4180,6420.4559481181586
4181,6421.0172102689303
4182,6422.6330291593285
4183,6423.1200978249544
4184,6425.3522002104228
4185,6425.6186223500863
4186,6427.448714118992
4187,6428.1019423972157
4188,6429.0249500258651
4189,6429.283346249551
4190,6430.1101069584802
4191,6432.8079541751877
4192,6434.5975616711721
4193,6435.1063953013181
4194,6435.8174255528738
4195,6435.9236083971091
4196,6435.9581552583077
4197,6437.5364063090847
4198,6438.105538647028
4199,6438.4985759835017
4200,6438.6281736015526
4201,6440.4481390517149
4202,6440.9197962146109
4203,6442.7969056726315
4204,6442.7969056726333
4205,6443.1663207809688
4206,6443.6558765157915
4207,6444.258215498543
4208,6445.302724183578
4209,6445.929715873669
4210,6446.9944800999083
4211,6447.975906157425
4212,6450.4733859598555
4213,6451.0492497042787
4214,6451.3190270799778
4215,6452.3801458014323
4216,6454.6216149393686
4217,6459.0500931105844
4218,6461.2361162375782
4219,6461.4351017520266
4220,6463.8897850449457
4221,6464.5453337340105
4222,6465.4503663198329
4223,6465.7188887737602
4224,6466.3542203862726
4225,6468.0837491355278
4226,6468.6539240727634
4227,6470.0965168626872
4228,6470.4140410731134
4229,6471.4811755578421
4230,6473.2264030230463
4231,6474.9691686504602
4232,6477.4040502066282
4233,6479.6619311702361
4234,6479.9570186289011
4235,6481.66548244977
4236,6482.4003385494689
4237,6483.5452195456737
4238,6485.3994818951815
4239,6485.6107033618418
4240,6485.6563942382754
4241,6486.186297022251
4242,6486.3845527076164
4243,6487.7584621421083
4244,6491.2056839216357
4245,6493.2184508888049
4246,6493.7538811666918
4247,6494.6519819043124
4248,6495.8070960027871
4249,6496.3059970143431
4250,6496.9616186307621
4251,6498.3431929524259
4252,6499.321532358379
4253,6500.9538380165777
4254,6504.9904864087484
4255,6505.1460215302841
4256,6505.4105963627753
4257,6505.5513584750915
4258,6506.9865611116684
4259,6507.1000207067336
4260,6508.8796744422689
4261,6510.2832481505393
4262,6512.1522378933587
4263,6514.5670351722802
4264,6514.8368125479865
4265,6514.9614690320013
4266,6517.3054425515193
4267,6517.3054425515211
4268,6517.3326216642745
4269,6519.182552009529
4270,6519.2621874716242
4271,6519.9862904716438
4272,6520.5915109289963
4273,6521.5313536798149
4274,6521.8500470272147
4275,6522.0014361407566
4276,6523.3737989780702
4277,6523.4022589776605
4278,6523.6570944350824
4279,6525.7548680656391
4280,6526.2521966051399
4281,6526.8172612517792
4282,6530.3258900982701
4283,6531.2484849479888
4284,6532.0061591557533
4285,6532.4038588557978
4286,6534.2476282936877
4287,6536.7534241769636
4288,6538.0413732539337
4289,6539.878284678065
4290,6540.9799097510195
4291,6544.0505201438973
4292,6544.3442154780805
4293,6545.6089573983863
4294,6547.2680758404413
4295,6547.7505431538775
4296,6547.9577240192948
4297,6549.3149563154957
4298,6549.6904038277371
4299,6551.6814935360771
4300,6554.1704680491293
4301,6555.7991770145445
4302,6556.8455626404266
4303,6560.405762821717
4304,6560.5807307492751
4305,6560.6521196199037
4306,6561.8609784204355
4307,6564.1441084790185
4308,6566.4944706670476
4309,6566.760892806712
4310,6568.1960954432889
4311,6569.6310589409914
4312,6570.6111846665017
4313,6571.9076348204935
4314,6573.7051232589083
4315,6574.7061653769397
4316,6574.7673118695993
4317,6576.6210680745098
4318,6576.8165132973063
4319,6577.2218502421092
4320,6578.1221338829646
4321,6579.1740364967764
4322,6579.4703044047619
4323,6581.2177417973635
4324,6581.6173564173559
4325,6584.6164997630658
4326,6585.108303938523
4327,6586.8093422635347
4328,6587.1748799030793
4329,6588.1399057597482
4330,6588.4855333238047
4331,6588.5003642824859
4332,6588.6085004086608
4333,6591.3471153689052
4334,6591.347115368907
4335,6593.6910888884195
4336,6595.5158474399823
4337,6595.9778288677508
4338,6596.613160480244
4339,6596.8201404252331
4340,6597.6030739469188
4341,6599.7134218672727
4342,6601.5454800594334
4343,6601.7789056834317
4344,6602.6775989245998
4345,6605.5302234475585
4346,6606.7496465208324
4347,6607.5683056119024
4348,6607.7779989627643
4349,6608.960077485488
4350,6610.1513047554063
4351,6612.2608390534006
4352,6612.5071958515809
4353,6613.91995749546
4354,6614.5326891307905
4355,6621.4861351726804
4356,6621.7766127193272
4357,6624.1361894907768
4358,6625.3310595717912
4359,6626.4679797449271
4360,6626.7529738184594
4361,6627.0108653738826
4362,6628.0119074919203
4363,6628.4761443062016
4364,6629.0948045601135
4365,6630.5811331374089
4366,6633.4724326490295
4367,6633.5008239858589
4368,6634.2186393096572
4369,6635.8695174946834
4370,6636.471575994763
4371,6636.9049946100986
4372,6638.431384573717
4373,6641.9142425236341
4374,6642.0961084731998
4375,6643.2202391877881
4376,6644.8259752662616
4377,6646.0669902742147
4378,6647.7703101012203
4379,6648.018876595147
4380,6649.5599175972038
4381,6651.6576912277469
4382,6652.8882335643875
4383,6654.8512221744068
4384,6657.4463712936131
4385,6657.8754111101271
4386,6658.7741043512833
4387,6659.7055028790201
4388,6660.1309459482472
4389,6661.4415993689645
4390,6662.6297105227532
4391,6664.8711796607158
4392,6664.8711796607222
4393,6665.2126891681019
4394,6665.4831586370938
4395,6665.8129379665661
4396,6667.7327617058127
4397,6670.02438431887
4398,6670.1372247720501
4399,6671.3451151796135
4400,6671.7444769362219
4401,6671.9673793361344
4402,6672.1753069363995
4403,6672.8918606923207
4404,6673.4657492276374
4405,6674.7918772876628
4406,6679.5718962649535
4407,6679.8669837236184
4408,6681.4275649984929
4409,6681.7307402791857
4410,6681.7818864211677
4411,6685.3457238223882
4412,6685.4864859347017
4413,6686.7781747640129
4414,6688.4284943743442
4415,6689.7773181097191
4416,6691.6533295149893
4417,6692.1199185144105
4418,6693.4929049976035
4419,6694.0989186053994
4420,6695.6385067263418
4421,6696.5259813027678
4422,6696.6341174289355
4423,6696.7009492303259
4424,6698.4234655854762
4425,6702.1634957009046
4426,6704.3835913055336
4427,6709.5710970797099
4428,6710.403914289288
4429,6710.769451928827
4430,6711.4711553008356
4431,6711.477856921284
4432,6712.5952860154302
4433,6716.2087945566327
4434,6716.2646925522467
4435,6717.958783753932
4436,6720.5328128718693
4437,6720.9150372106487
4438,6720.9676850874093
4439,6722.5159836423682
4440,6723.842030368307
4441,6723.9462012843542
4442,6725.475239648852
4443,6728.0638847628297
4444,6729.1168630606462
4445,6729.5117521929524
4446,6730.2358551929738
4447,6733.655010240047
4448,6733.7796667240682
4449,6734.8629006476122
4450,6736.5017613264854
4451,6737.8272457058674
4452,6737.8272457058711
4453,6737.8272457058747
4454,6738.8622552038178
4455,6741.2568259976115
4456,6741.4980496693297
4457,6742.9211761400556
4458,6744.0660571362641
4459,6744.1788975894378
4460,6744.4971930150286
4461,6746.2530138151105
4462,6747.7307615165173
4463,6747.8161972033304
4464,6748.3810575344514
4465,6748.7545359730457
4466,6750.3868416312353
4467,6752.7306228556272
4468,6754.0804331438258
4469,6754.7024393292286
4470,6755.6305877381119
4471,6757.1569777017294
4472,6758.7059199299083
4473,6758.771800169432
4474,6759.5981859062313
4475,6763.3528308853374
4476,6765.6676025063925
4477,6765.9010281304109
4478,6770.7615329405826
4479,6771.9897359757388
4480,6773.9216997572648
4481,6774.9423066728868
4482,6776.6293182985601
4483,6778.4023752927442
4484,6779.0840015914891
4485,6779.9852291116713
4486,6781.9166313217311
4487,6782.7837596681347
4488,6783.3000749047669
4489,6783.7255179739877
4490,6783.9382822961152
4491,6785.6082576196459
4492,6786.6847739804725
4493,6787.3338305815669
4494,6792.5982667531762
4495,6794.0305040210105
4496,6795.261935911215
4497,6796.0400479341815
4498,6797.5945550959987
4499,6797.5957673200792
4500,6798.7499290038149
4501,6799.0176815667473
4502,6799.4699019721111
4503,6800.0706598645611
4504,6800.5936984417222
4505,6804.479127360888
4506,6805.4501584910849
4507,6807.6966830574365
4508,6810.1653130609648
4509,6810.1653130609657
4510,6810.3789226430044
4511,6811.2485469845114
4512,6814.2128920427767
4513,6814.5916679070742
4514,6816.8401220697197
4515,6817.0874770233422
4516,6817.5901214280693
4517,6817.7561043620899
4518,6818.3316980224872
4519,6818.6874344683301
4520,6820.2946866325055
4521,6822.3247340822018
4522,6823.102292711741
4523,6823.6788724840408
4524,6824.3561737791724
4525,6824.3578586993926
4526,6826.3779448396499
4527,6829.0047696548245
4528,6829.4950450568276
4529,6834.0640085038895
4530,6834.9343876846333
4531,6836.089501783109
4532,6837.1358874089819
4533,6838.5287010817701
4534,6838.6416176307575
4535,6843.0429478249844
4536,6843.7175989857496
4537,6845.1478166277357
4538,6846.8178603727692
4539,6847.5913737818928
4540,6847.5980754023358
4541,6848.5685129767526
4542,6849.0698116745716
4543,6850.0329569585028
4544,6853.7375564720487
4545,6853.9954480274637
4546,6855.0292453013471
4547,6855.8479043924008
4548,6857.2495822657875
4549,6857.587848331842
4550,6858.0283886470697
4551,6863.4055508486608
4552,6865.1218407416018
4553,6868.1249758314552
4554,6868.898825177218
4555,6870.0817207515629
4556,6870.259133517261
4557,6870.6881733337668
4558,6871.5884569746213
4559,6872.0852720311068
4560,6875.8555483090204
4561,6876.4039552950071
4562,6878.3237790342546
4563,6879.2251597638569
4564,6880.6052624913473
4565,6881.8358048279906
4566,6881.8358048279961
4567,6882.2052199363234
4568,6886.5509593978722
4569,6886.9297352621688
4570,6887.9445780148035
4571,6890.5461874732291
4572,6891.0097403544241
4573,6892.797520620149
4574,6893.6117709793298
4575,6893.8187509242998
4576,6894.8920186504884
4577,6896.1439220162583
4578,6896.3664068996031
4579,6897.1279684207557
4580,6898.1874093629222
4581,6899.2805102901893
4582,6901.7764599412258
4583,6902.4511111020001
4584,6904.1806398512508
4585,6904.2935564002373
4586,6907.0432985870211
4587,6907.5328543218448
4588,6908.7664690747488
4589,6911.42486169726
4590,6912.5875971425785
4591,6913.7627574175904
4592,6913.987529039222
4593,6914.2432554369097
4594,6916.1746576469641
4595,6916.7619007633184
4596,6916.9731222299743
4597,6917.241663277553
4598,6918.797382663457
4599,6923.4540490626205
4600,6925.4080482390546
4601,6928.8909061889608
4602,6931.2912550831725
4603,6931.7737223966096
4604,6931.9196246594929
4605,6933.9734946687377
4606,6938.3134494841579
4607,6939.5333133658751
4608,6939.6341803448977
4609,6940.5993458419489
4610,6941.507487078492
4611,6941.8278858397507
4612,6942.7429452318393
4613,6943.0262406888578
4614,6944.590257630447
4615,6945.2122638158444
4616,6946.5924289477043
4617,6952.7896016319091
4618,6952.7896016319091
4619,6957.1295564473266
4620,6958.2214511648863
4621,6958.3375027523662
4622,6958.5289597103747
4623,6958.6158850246156
4624,6958.8983748186993
4625,6959.8858013073323
4626,6961.7685409529904
4627,6962.8842548283328
4628,6964.267065478115
4629,6966.7748169694814
4630,6968.7585500865216
4631,6968.9005577247372
4632,6969.8904711913901
4633,6970.832521506276
4634,6971.0506397898471
4635,6972.2290821803199
4636,6973.7548384293605
4637,6973.7890471690789
4638,6974.5692970355922
4639,6975.1970633708434
4640,6975.975175393799
4641,6976.7539817750567
4642,6977.0768004667361
4643,6977.1945984670783
4644,6978.7137903540561
4645,6979.8951942063932
4646,6981.1824203575761
4647,6984.6887314577971
4648,6987.1615958826496
4649,6990.1004405205804
4650,6990.105930717622
4651,6991.2833360949116
4652,6997.4912801367482
4653,6997.7461155941664
4654,6999.3798670668211
4655,6999.5257693297062
4656,7001.9183510599905
4657,7003.0374201713621
4658,7005.7997919620693
4659,7007.3499465563445
4660,7008.1482541557343
4661,7008.1593687335117
4662,7009.2672462880755
4663,7009.9743926695774
4664,7010.8642025853233
4665,7013.9991359635151
4666,7015.9674757753392
4667,7015.9823067340176
4668,7019.5145941414421
4669,7020.7225404464862
4670,7022.0467451783743
4671,7022.9780752845945
4672,7022.9780752846
4673,7027.129958835455
4674,7029.1752479687984
4675,7029.9680844181148
4676,7030.568866585726
4677,7032.4183431927277
4678,7033.4098655991311
4679,7034.4555391308159
4680,7034.5547465953387
4681,7034.9643727609737
4682,7035.6576411143333
4683,7037.5821010649506
4684,7037.9635161066808
4685,7038.4386661764674
4686,7039.1128843245551
4687,7042.8465372365526
4688,7042.8465372365572
4689,7043.7286821217576
4690,7044.5021955308912
4691,7044.7002058255694
4692,7045.7531464721224
4693,7047.830719986473
4694,7049.0778339144917
4695,7050.0168482111803
4696,7051.0518577091389
4697,7052.4854782147086
4698,7054.063778285441
4699,7055.7578694871054
4700,7058.1153926865954
4701,7062.098281461238
4702,7065.4224578654876
4703,7065.4361365279829
4704,7065.7918729738249
4705,7066.1776509847141
4706,7067.8939408776514
4707,7070.702181639329
4708,7073.0018853258107
4709,7075.7543988259349
4710,7075.7655134037104
4711,7076.3841736576478
4712,7077.5160842403484
4713,7080.1628663222828
4714,7080.7241284730517
4715,7080.9377380550859
4716,7084.2403259144812
4717,7084.4815495861949
4718,7085.36311297872
4719,7086.6537465028568
4720,7089.5063710258228
4721,7092.3531221122421
4722,7092.3531221122594
4723,7094.8033808868558
4724,7096.5050056631017
4725,7097.3494104550882
4726,7099.3637216215075
4727,7100.3485538008099
4728,7101.0998865329511
4729,7101.3095798838203
4730,7102.9069339408279
4731,7105.4093359347416
4732,7105.5085433992581
4733,7106.9527399873241
4734,7107.4515384165243
4735,7108.0199809988871
4736,7109.3072071500619
4737,7109.4984188915787
4738,7110.7833760915801
4739,7111.334826791971
4740,7115.1846045916591
4741,7116.0032636827027
4742,7118.7092125172785
4743,7120.3648708116152
4744,7121.3547842782664
4745,7123.1195067318649
4746,7124.0021704254814
4747,7124.0079237543023
4748,7124.2522519381364
4749,7124.5253850900708
4750,7127.7502202307069
4751,7128.9402433334799
4752,7129.7858844536122
4753,7130.0431378524881
4754,7131.8295897542139
4755,7137.2689877053172
4756,7139.6537669808531
4757,7139.9019591256565
4758,7140.7162094848291
4759,7142.4062804809628
4760,7144.2262459311387
4761,7144.2795872145725
4762,7145.1222289105772
4763,7148.8473272389829
4764,7148.880898446736
4765,7151.1166631262067
4766,7152.0876942564055
4767,7152.3056852723576
4768,7153.2758054101923
4769,7155.8709075802353
4770,7156.0129152184754
4771,7160.867195923086
4772,7160.8671959230905
4773,7163.5480438432105
4774,7163.8663392688086
4775,7165.7068878574555
4776,7166.6934793158171
4777,7167.9614615388418
4778,7168.738768449155
4779,7170.4050186929981
4780,7174.9591459195481
4781,7175.6970170519653
4782,7175.8629999859932
4783,7176.327786814958
4784,7177.0798277017675
4785,7177.1045635617957
4786,7179.8489006028194
4787,7180.6102650071998
4788,7181.7371728954977
4789,7181.9600752954111
4790,7183.8826562796221
4791,7186.8550963586767
4792,7191.0472798723704
4793,7193.547244657977
4794,7194.3108503234462
4795,7194.4021018857429
4796,7195.2060487420576
4797,7195.6950766219643
4798,7196.4365910787101
4799,7196.6435710236783
4800,7197.5319880461102
4801,7198.0438432428846
4802,7199.4497216010732
4803,7202.1239518087032
4804,7204.5089604501163
4805,7207.2599116510628
4806,7207.4574613580162
4807,7208.058219250448
4808,7213.4878997712312
4809,7213.6363027214002
4810,7213.6546340421992
4811,7214.4992660084699
4812,7216.0049962302191
4813,7218.2679187485155
4814,7218.7395759114188
4815,7218.95756692737
4816,7220.4779089047488
4817,7222.7871548932235
4818,7225.4741972476004
4819,7226.2318714553357
4820,7228.4733405932975
4821,7228.4733405932984
4822,7231.3588266269253
4823,7231.6145530246176
4824,7235.5676062090561
4825,7237.2528422599826
4826,7237.6472761197074
4827,7238.0565807220964
4828,7241.6110275745741
4829,7245.0720638796047
4830,7245.6186373726387
4831,7246.2622037767042
4832,7246.2676939737348
4833,7246.5162604676607
4834,7249.2239474304479
4835,7249.3870642777956
4836,7249.4178950568576
4837,7251.9256465482067
4838,7256.8844118064044
4839,7257.8088931625898
4840,7259.1991834274604
4841,7259.9543765466997
4842,7262.0082465559399
4843,7262.3469582769794
4844,7262.7177716393908
4845,7266.6489176785162
4846,7266.8765405090826
4847,7269.5996370688399
4848,7270.1608992196134
4849,7271.567907534657
4850,7271.5736608634934
4851,7272.5523801217478
4852,7272.6652205749451
4853,7274.7385083464787
4854,7275.0800178538739
4855,7275.7739854618958
4856,7278.4112581619256
4857,7279.1398385407128
4858,7281.1511476634851
4859,7283.011349549025
4860,7283.8431076948918
4861,7284.3915146808959
4862,7286.1298476742249
4863,7286.5637115975678
4864,7291.1261360170693
4865,7291.6066340363741
4866,7292.776455627406
4867,7294.1252793627855
4868,7295.1252222483181
4869,7295.1252222483299
4870,7298.0107082819595
4871,7299.7559357471628
4872,7304.0816800198991
4873,7304.8589869302041
4874,7307.4772283053462
4875,7309.2171722447729
4876,7309.3177678867341
4877,7312.9140854317184
4878,7312.9809172331079
4879,7313.5861376904586
4880,7314.9936842002753
4881,7317.4700572715819
4882,7319.4124210831642
4883,7321.3006933758588
4884,7322.3394142408215
4885,7322.3739611020192
4886,7323.4287370951852
4887,7325.8510650824883
4888,7327.9973668153016
4889,7329.9531029472037
4890,7330.5223203667956
4891,7332.1731985518272
4892,7333.6715684433184
4893,7336.1830060429511
4894,7336.8127808746431
4895,7338.3194094455612
4896,7339.2146078641681
4897,7341.9377044239591
4898,7344.5239735798514
4899,7345.1490322895543
4900,7345.791720195738
4901,7346.076444413573
4902,7346.0821977423884
4903,7348.6040821456681
4904,7348.7572923337002
4905,7348.9985160053975
4906,7350.0817499289369
4907,7350.3401461526273
4908,7352.7817293292392
4909,7353.1998232017413
4910,7354.7969044988204
4911,7355.0777854084226
4912,7357.7780176721071
4913,7360.7771610177979
4914,7360.7771610178024
4915,7365.616852952161
4916,7367.4693093171009
4917,7367.7007921383974
4918,7368.0812882934861
4919,7371.510868585211
4920,7373.4567268475494
4921,7373.797608564566
4922,7377.7312460556313
4923,7380.5202301019172
4924,7381.1922823606628
4925,7381.6558352418378
4926,7383.5489485724429
4927,7385.1821578529753
4928,7388.269703978498
4929,7389.1405490385969
4930,7389.8147671866764
4931,7390.36621788707
4932,7393.4572097527034
4933,7395.8980253938289
4934,7397.3724136429291
4935,7397.9372739740666
4936,7398.4671767580339
4937,7398.568043737062
4938,7399.8973671944295
4939,7403.8600420960283
4940,7404.4189255448564
4941,7407.7748363579694
4942,7409.2732062494715
4943,7412.1706739093388
4944,7412.516301473398
4945,7413.3978648659586
4946,7413.6081961909758
4947,7415.3375059422433
4948,7416.8620409349442
4949,7417.2713661445205
4950,7419.0325104587428
4951,7420.118117230938
4952,7420.3878739994643
4953,7421.0065342533671
4954,7422.419817284037
4955,7422.6457549630704
4956,7424.1536200056589
4957,7424.4528322360629
4958,7425.3841623422968
4959,7425.3841623423023
4960,7426.2028214333586
4961,7426.4673962658489
4962,7428.3833056880012
4963,7434.1309267630159
4964,7437.1628073547254
4965,7441.6053525852831
4966,7442.9895788838157
4967,7443.5410295842003
4968,7443.6452005002429
4969,7447.1062928832662
4970,7447.8441640156789
4971,7448.3061454434455
4972,7449.0343039127702
4973,7454.6119012870067
4974,7456.1359546568883
4975,7457.4209118568988
4976,7459.7775780686925
4977,7461.4786163937051
4978,7461.9712835635255
4979,7462.0367096541077
4980,7463.8713417846675
4981,7465.886487453783
4982,7467.8422235856779
4983,7469.9396982112221
4984,7470.0858408471395
4985,7472.861610485068
4986,7472.9329993556976
4987,7473.2350889236614
4988,7474.9013391675262
4989,7479.461679902176
4990,7481.9119386767716
4991,7483.6375116386853
4992,7484.5619929948834
4993,7485.6947382011513
4994,7486.2913027461645
4995,7486.646412972188
4996,7488.5325327019682
4997,7488.9019478103055
4998,7488.901947810311
4999,7491.3705778138356
5000,7493.074183276126
5001,7493.8982361531553
5002,7494.6413058887638
5003,7495.3758833291959
5004,7495.8241117726757
5005,7496.2953209988018
5006,7496.8973794988487
5007,7497.1542918419482
5008,7498.8054636209226
5009,7501.7698086792097
5010,7502.2745417004498
5011,7503.5059735906761
5012,7513.4961027851605
5013,7514.5989973041596
5014,7515.6470254026799
5015,7517.2947665359634
5016,7518.4093507404095
5017,7518.5912166899652
5018,7519.7696590804408
5019,7523.2304819544161
5020,7524.0727935119166
5021,7527.8064464239078
5022,7528.1359655788065
5023,7531.3463303911658
5024,7533.4926321239873
5025,7534.3747770091895
5026,7534.4346824388622
5027,7536.1108734991358
5028,7538.0306972383896
5029,7539.734017065397
5030,7541.0396376510607
5031,7541.7491627345007
5032,7542.308046183337
5033,7544.4482350901135
5034,7548.150397230469
5035,7548.8367267298072
5036,7551.2869855043937
5037,7551.2869855044264
5038,7554.7504666475888
5039,7556.8348866248834
5040,7557.9617945131695
5041,7558.2769946379412
5042,7559.4863295059004
5043,7559.7092319057983
5044,7559.7364110185426
5045,7563.0410695808487
5046,7563.2732829807874
5047,7565.2875941472012
5048,7565.4122506312242
5049,7565.5951026926805
5050,7566.2724263264945
5051,7566.5982475679257
5052,7568.1621791277694
5053,7568.899947621002
5054,7571.7615296660924
5055,7571.8969588049449
5056,7572.0786283529251
5057,7573.6944472433679
5058,7578.1031041096458
5059,7578.503171196704
5060,7586.2694890711728
5061,7588.2485633398855
5062,7588.5978243930904
5063,7589.7247322814064
5064,7590.1555622815686
5065,7594.453891970712
5066,7596.1029545109013
5067,7598.5192686998407
5068,7600.1445137790015
5069,7600.1445137790306
5070,7601.5348040438748
5071,7602.1776383961796
5072,7607.3308430543475
5073,7607.9587467306656
5074,7608.9844940422972
5075,7609.3553074047231
5076,7612.4965198360242
5077,7612.4965198360442
5078,7612.7101294180648
5079,7615.8057373324718
5080,7617.3508005406538
5081,7619.3725716010995
5082,7621.47545915712
5083,7623.7520350366358
5084,7624.1255134752282
5085,7627.6726318413339
5086,7627.7886834288092
5087,7628.4654682906448
5088,7629.6748031585885
5089,7630.2998618682786
5090,7633.4617566334864
5091,7633.9948663847808
5092,7634.2449478974158
5093,7635.937861402037
5094,7636.4608999792217
5095,7637.0827423982446
5096,7637.2655944597063
5097,7638.9363149230239
5098,7641.118245172951
5099,7641.6208895776672
5100,7642.9416204384061
5101,7644.6482440472755
5102,7645.2855939578922
5103,7647.3674150983534
5104,7647.7596340856626
5105,7654.3317336059035
5106,7654.8364666271473
5107,7658.607556426281
5108,7659.5516211970089
5109,7659.9190551069069
5110,7665.0798987925564
5111,7665.7964525484922
5112,7670.5256122377778
5113,7672.4886008477852
5114,7672.4886008477897
5115,7673.1005798241604
5116,7674.1209065059893
5117,7676.0071890597401
5118,7676.6861752750747
5119,7680.6549858093113
5120,7680.8549073461572
5121,7682.0004195480551
5122,7683.4503166399491
5123,7684.9569452108626
5124,7685.048196773163
5125,7688.8821661729362
5126,7692.0343668287296
5127,7692.4292559610485
5128,7692.6395872860749
5129,7694.6613583465169
5130,7699.0498499862306
5131,7699.4192650945524
5132,7699.4591751958242
5133,7699.6147103173662
5134,7703.2559279134157
5135,7704.0059272717644
5136,7704.1833400374735
5137,7704.4155534373986
5138,7707.4146967831157
5139,7708.0365392021686
5140,7709.1692844084155
5141,7709.6036618147982
5142,7710.6068066900525
5143,7711.8923809681937
5144,7712.2711568324739
5145,7714.6423094647316
5146,7716.3187358142804
5147,7717.4501573172693
5148,7717.8495190738749
5149,7719.3272667752763
5150,7722.9690529045183
5151,7723.8313543527665
5152,7730.4034538729784
5153,7731.2221129640311
5154,7731.2221129640438
5155,7731.5636224714317
5156,7732.2571224620069
5157,7740.3686855379638
5158,7741.6591278292008
5159,7744.1590926148228
5160,7746.6246441159756
5161,7746.7542417340319
5162,7748.8742471846926
5163,7749.983581786717
5164,7751.6088268658832
5165,7751.6105117860761
5166,7752.9930531644159
5167,7754.8965801635495
5168,7755.1208084069831
5169,7756.508956426931
5170,7758.0042628183246
5171,7760.2457319562654
5172,7764.0997477280653
5173,7765.2154616033949
5174,7767.5639237970781
5175,7768.3676622591702
5176,7770.2629961526627
5177,7771.0897568615874
5178,7771.7972425509251
5179,7773.5583868651138
5180,7775.6864305844374
5181,7776.0860452044235
5182,7776.7799922052327
5183,7778.2250128548476
5184,7779.0851885501315
5185,7780.2345567680286
5186,7781.5606034939656
5187,7782.5597278599498
5188,7783.5628727351886
5189,7784.4580711538356
5190,7788.6568031693814
5191,7788.6568031693896
5192,7788.6839822821321
5193,7792.3744938282643
5194,7793.8358036541813
5195,7793.9212393409825
5196,7798.8317281852451
5197,7800.0599838489907
5198,7803.5601803191503
5199,7805.0876867632433
5200,7805.2131885071649
5201,7806.2661291537097
5202,7807.6077593009377
5203,7815.9703233441378
5204,7816.4971599699174
5205,7817.2607656353766
5206,7820.6663169333597
5207,7823.0875371644761
5208,7825.2075426151496
5209,7825.9491192095711
5210,7826.0553020538127
5211,7826.8976136112969
5212,7826.8992985314917
5213,7827.4588757620686
5214,7829.4051170424382
5215,7831.4332929379307
5216,7831.5283271101271
5217,7835.1700684672678
5218,7836.4378150831553
5219,7841.4440910996382
5220,7842.0724606759532
5221,7843.4278242166565
5222,7844.7533085960686
5223,7844.7533085960831
5224,7846.1256714333804
5225,7847.6000596825015
5226,7848.4241125595045
5227,7850.8216650226095
5228,7851.423255905238
5229,7851.7490771466637
5230,7851.9150600806897
5231,7854.5166695391172
5232,7855.900940090306
5233,7856.0837921517705
5234,7856.3062770350944
5235,7860.0597089599796
5236,7861.6128692145485
5237,7863.1925191610289
5238,7865.0424495063053
5239,7867.6632805736854
5240,7868.7601401651791
5241,7869.7839146217202
5242,7874.9034484523218
5243,7876.393279279454
5244,7876.5162463643155
5245,7878.7372527989801
5246,7879.1293595806319
5247,7881.8677669598601
5248,7883.9410547314001
5249,7889.4532260150891
5250,7891.8329986248618
5251,7892.5495523807804
5252,7895.174853812262
5253,7899.4731835013326
5254,7899.4731835013799
5255,7900.4149418072457
5256,7901.4361721113883
5257,7901.8219501222757
5258,7902.2839315500396
5259,7902.5009363376366
5260,7904.3294535534333
5261,7905.5699999275193
5262,7906.7220796833599
5263,7909.3938811283269
5264,7909.6786053461501
5265,7916.1141334933336
5266,7916.3838902618263
5267,7917.5158113667312
5268,7918.2773728878819
5269,7921.124123974314
5270,7921.1389549329742
5271,7921.3801786046797
5272,7922.1973917004661
5273,7924.379321950375
5274,7924.7051431918289
5275,7925.3302019015246
5276,7926.8547368942154
5277,7928.248355511133
5278,7930.12546496915
5279,7932.1689523158338
5280,7935.1369335063464
5281,7935.9223842407218
5282,7938.116855672004
5283,7941.3757449367295
5284,7943.264918379823
5285,7944.0489269105747
5286,7945.3855524278697
5287,7950.040310656088
5288,7951.132077948585
5289,7952.7789256163423
5290,7952.7789256163524
5291,7953.6378964595069
5292,7957.1565537052657
5293,7960.1696842276342
5294,7962.9772903068852
5295,7967.4738888917709
5296,7967.904718891944
5297,7970.0991903232489
5298,7973.5148563187677
5299,7973.9390060990445
5300,7975.8588298382701
5301,7976.3304870011752
5302,7977.5078923784913
5303,7978.3636116183725
5304,7978.6172269805129
5305,7979.6182402988443
5306,7980.0785368064044
5307,7982.3237174894966
5308,7982.9179454201148
5309,7983.7202781635579
5310,7989.6381977851652
5311,7989.9079545536479
5312,7992.3190457052769
5313,7993.3784866474516
5314,7994.0801900194692
5315,7994.9042428964904
5316,7997.0432105469272
5317,7997.4722503634403
5318,7997.9033862422029
5319,7998.4260211967157
5320,7998.5252286612522
5321,8000.254538412526
5322,8004.6340018480332
5323,8004.6340018480405
5324,8007.770590121977
5325,8009.1786063237423
5326,8011.9941045077994
5327,8013.4056424174278
5328,8017.6043744329982
5329,8019.1275936605653
5330,8019.6505647167378
5331,8020.6743391732907
5332,8024.0819834735012
5333,8027.2874624952583
5334,8027.4653733790219
5335,8028.5622329705302
5336,8029.1645719532671
5337,8032.0808902162644
5338,8036.2414044947254
5339,8037.0189631242692
5340,8041.9824257706432
5341,8044.1333483881917
5342,8045.3879770686572
5343,8047.9806789164086
5344,8048.02339319765
5345,8050.3721598185703
5346,8052.1921252687398
5347,8053.3705676591953
5348,8054.4353318854592
5349,8055.0028733173949
5350,8055.0028733174231
5351,8055.219878105001
5352,8056.9596182375153
5353,8057.2443424553676
5354,8058.1863927702334
5355,8062.5942638302922
5356,8063.9496273710183
5357,8066.4182573745538
5358,8066.8275825841629
5359,8068.7137023139294
5360,8068.9459157139117
5361,8068.9801244535984
5362,8071.9450590595952
5363,8073.7008798596589
5364,8074.7593166271772
5365,8075.5433251579243
5366,8079.5583383590147
5367,8081.0196481849434
5368,8083.0593768674016
5369,8083.6871432026373
5370,8088.2227340040499
5371,8089.0072802235873
5372,8093.6760947000676
5373,8095.199313927641
5374,8095.5132399974673
5375,8095.5986756842694
5376,8098.5905203523689
5377,8102.2117990062443
5378,8103.851019715903
5379,8103.8510197159258
5380,8105.4978673837031
5381,8106.5894270951612
5382,8111.527500003157
5383,8112.1040797754758
5384,8116.0240985880537
5385,8120.4666438186396
5386,8120.9896148748085
5387,8122.4892157953109
5388,8122.9477297086596
5389,8123.8962241103864
5390,8128.4207547649812
5391,8128.9722054653585
5392,8130.2004085005228
5393,8130.2916600628187
5394,8130.6639613816842
5395,8131.0825533857078
5396,8131.388519654316
5397,8131.4681551163931
5398,8134.2581130373073
5399,8134.932331185395
5400,8138.0887491415879
5401,8138.458164249927
5402,8139.6674991178697
5403,8141.7519190951689
5404,8143.4544525927795
5405,8144.2689111990067
5406,8146.4535959384857
5407,8149.7726001267383
5408,8151.1449629640219
5409,8151.1449629640792
5410,8154.8471251044575
5411,8157.3529436154013
5412,8157.9837133783876
5413,8158.6114797136315
5414,8164.5560294344905
5415,8164.8699555043095
5416,8169.5387699807961
5417,8170.1072125631481
5418,8171.4279434238797
5419,8171.5849602645358
5420,8173.5148568633713
5421,8177.5005857516371
5422,8179.4526575220725
5423,8180.2366660528241
5424,8180.6310999125599
5425,8181.7264968799373
5426,8186.4518365141448
5427,8187.7057175816126
5428,8189.5481628798389
5429,8196.8522901555407
5430,8196.8522901555425
5431,8196.8522901555625
5432,8197.4135523063032
5433,8198.2365164540606
5434,8202.5384758556174
5435,8204.2609922107767
5436,8204.4924750320697
5437,8205.8932978689845
5438,8206.3924916273791
5439,8206.6028229524509
5440,8206.997256812152
5441,8207.1542736528081
5442,8207.7218150847712
5443,8209.0425459455164
5444,8210.4867425335506
5445,8213.3825007609175
5446,8217.0407058405526
5447,8218.3787891037609
5448,8219.1932477100036
5449,8221.377932449459
5450,8225.6352754075142
5451,8227.0076382448042
5452,8227.5306093009895
5453,8230.4487629105861
5454,8232.4922502572626
5455,8233.5815731116563
5456,8233.9002664590371
5457,8240.9416757713661
5458,8240.9416757713752
5459,8244.1488853805386
5460,8245.1404077869392
5461,8247.7612388543293
5462,8247.8135897607772
5463,8248.8036436087914
5464,8253.1022235577802
5465,8254.1551642043341
5466,8255.3153328027965
5467,8256.5699614832738
5468,8257.7982171470649
5469,8261.7406232595531
5470,8262.5042289250177
5471,8262.9945043270327
5472,8269.1903575106371
5473,8272.7023390517115
5474,8272.9240104226319
5475,8273.2379364924454
5476,8273.8381542602201
5477,8274.208967622626
5478,8277.5566197563712
5479,8279.1853287217637
5480,8279.2310195981954
5481,8280.3551503127965
5482,8281.6812783728128
5483,8281.7559731496985
5484,8283.3829031490404
5485,8283.3829031490477
5486,8283.9504445809871
5487,8286.820037964022
5488,8288.6712875063295
5489,8292.6423436467103
5490,8293.6675758491347
5491,8293.7017845888968
5492,8296.6667191949073
5493,8301.2369132136319
5494,8303.0793585119045
5495,8303.8639047313936
5496,8306.3114381913056
5497,8306.533923074654
5498,8309.5019042651784
5499,8309.6532933787148
5500,8317.170305267653
5501,8317.3273221083091
5502,8317.6729496723565
5503,8320.4291945323657
5504,8324.1468851912105
5505,8324.1468851912541
5506,8324.4052814149309
5507,8327.1112302495094
5508,8328.9648988385143
5509,8331.3870530698987
5510,8332.7985909795043
5511,8333.6608924277589
5512,8334.8422962801033
5513,8337.3422610657126
5514,8337.9188408380196
5515,8340.8608492776093
5516,8345.16276442653
5517,8347.7450934090448
5518,8348.3039768578674
5519,8349.1526399188606
5520,8349.5712319228987
5521,8349.7008295409414
5522,8353.6938656006678
5523,8355.9567881189505
5524,8357.282916178965
5525,8357.827693416777
5526,8359.7161985795155
5527,8359.7685494859707
5528,8360.0221648480838
5529,8363.2056843009213
5530,8364.2729253125017
5531,8367.7434574063045
5532,8368.5050189274552
5533,8369.2692136553269
5534,8372.2683570010104
5535,8376.5256999590856
5536,8379.307988008135
5537,8380.0579873664756
5538,8380.0925342276878
5539,8382.3831584584332
5540,8385.3645795459233
5541,8385.5159686594579
5542,8390.6290157175099
5543,8393.5036006980845
5544,8393.6606175387515
5545,8395.3535310433417
5546,8399.4492976046149
5547,8400.2679566956685
5548,8400.5325315281789
5549,8400.5325315282007
5550,8405.036619105611
5551,8406.5127880471227
5552,8407.6156825661419
5553,8408.8703112465992
5554,8409.2625302339129
5555,8411.8146460815788
5556,8412.427377716891
5557,8413.204936346443
5558,8415.3512380792454
5559,8417.1201402366587
5560,8424.1666521385996
5561,8425.4859353493193
5562,8425.7725498080199
5563,8425.7998614191329
5564,8427.7355384180701
5565,8431.2455748643606
5566,8433.1455914596991
5567,8434.0563229130257
5568,8435.8848401288233
5569,8436.1018449164058
5570,8436.101844916444
5571,8439.5913306378279
5572,8440.1356005931793
5573,8441.2675216981079
5574,8444.5767391945465
5575,8445.1318889360773
5576,8448.1310322817972
5577,8451.4500364700289
5578,8453.0140534116417
5579,8455.6412834385956
5580,8456.1642544947772
5581,8458.61178795466
5582,8461.1176064656283
5583,8461.4362998130127
5584,8462.9670830726009
5585,8469.8620679222549
5586,8469.8892470349565
5587,8469.8892470349892
5588,8471.119789371638
5589,8476.3396769627598
5590,8476.8658269585831
5591,8476.9181778650363
5592,8477.4665848510576
5593,8481.2652486018742
5594,8482.0031197342814
5595,8483.9489779966316
5596,8484.5513169793303
5597,8484.7262849069157
5598,8484.7329865273732
5599,8486.4690505342969
5600,8489.2766566135397
5601,8500.2383724057217
5602,8501.2596027098552
5603,8501.871581686215
5604,8501.8715816862605
5605,8502.0011793042904
5606,8506.169911375333
5607,8509.2173117267885
5608,8510.3896183434717
5609,8511.4864779349773
5610,8512.3304744126544
5611,8512.4874912533141
5612,8514.2235877432558
5613,8515.924626068263
5614,8516.2073208603106
5615,8520.8053686907697
5616,8521.2036092031358
5617,8524.2027525488538
5618,8525.3521207666909
5619,8525.9585733489275
5620,8532.0269297754785
5621,8532.0269297755276
5622,8534.6375748396058
5623,8534.9450833850933
5624,8536.4063932110057
5625,8537.6649293092523
5626,8542.0735861755147
5627,8543.9037407396208
5628,8545.9609673020841
5629,8546.2748933718995
5630,8547.6550585037312
5631,8551.3781665619299
5632,8552.5683064590212
5633,8553.0944564548536
5634,8553.2403587177396
5635,8553.2514732955242
5636,8557.5985440323057
5637,8559.4756534903245
5638,8559.9931148261003
5639,8560.3346243334563
5640,8560.3346243334599
5641,8565.5052861097647
5642,8574.2156687550068
5643,8576.4670019019159
5644,8577.7342569669418
5645,8578.2572280230852
5646,8578.3344747346782
5647,8580.6784482542134
5648,8585.4459412230008
5649,8586.5616550983486
5650,8586.7752646803801
5651,8586.775264680382
5652,8588.4021946797184
5653,8588.8207866837511
5654,8592.153255564539
5655,8592.4359503565465
5656,8597.0226125337704
5657,8597.1386641212412
5658,8597.4322386993936
5659,8600.0002461663225
5660,8600.4313820450971
5661,8605.5913716435753
5662,8607.6285675816489
5663,8608.4125761124069
5664,8611.3307297220035
5665,8611.330729722029
5666,8612.262059828261
5667,8613.9982247397111
5668,8617.0301053313851
5669,8617.427805031446
5670,8619.892240372772
5671,8621.8236425828127
5672,8622.6081888023691
5673,8628.9016018894745
5674,8629.1661767219393
5675,8629.4801027917438
5676,8632.949180871241
5677,8633.9841903692104
5678,8633.9841903692577
5679,8635.6234110789064
5680,8636.7202706704284
5681,8641.8385815402125
5682,8646.5537361100851
5683,8652.8002973323928
5684,8653.3358947731085
5685,8654.5905234535931
5686,8654.7201210716248
5687,8654.7201210716303
5688,8658.2321468653663
5689,8661.699601191367
5690,8661.7792366534868
5691,8663.1609110172722
5692,8664.2648699604561
5693,8665.0494161800107
5694,8667.9764093376798
5695,8668.2249758315884
5696,8668.7692457869689
5697,8673.5243104581532
5698,8673.5243104581659
5699,8673.7655341298378
5700,8675.7798452962634
5701,8676.7646774755667
5702,8681.6371066559041
5703,8682.9173543270663
5704,8684.7458715428493
5705,8685.5441791422272
5706,8685.8392666008949
5707,8687.4983850429289
5708,8687.7163760588992
5709,8690.3838710765649
5710,8690.3838710765995
5711,8697.4252803889194
5712,8698.8368182985741
5713,8705.0288520026643
5714,8705.2872482263501
5715,8705.2872482263701
5716,8705.5518230588332
5717,8708.025863186589
5718,8710.3698367061024
5719,8710.547747589877
5720,8713.053566100858
5721,8718.2242278771446
5722,8718.2242278771482
5723,8728.2441853634227
5724,8728.6246815185023
5725,8729.1859436692885
5726,8729.1859436693048
5727,8730.8191529498617
5728,8731.1057674085696
5729,8736.208138070253
5730,8738.1648829903152
5731,8738.1648829903788
5732,8739.4942064477145
5733,8739.8665077665919
5734,8741.1211364470928
5735,8744.0876511123115
5736,8745.1548921239118
5737,8745.15489212393
5738,8746.4803765032502
5739,8749.909956795047
5740,8750.1511804667516
5741,8750.1511804667971
5742,8753.1503238124387
5743,8753.1503238124551
5744,8757.8416908380368
5745,8759.8809394182917
5746,8760.974501039087
5747,8762.7219384316904
5748,8764.0496714893925
5749,8766.7695174134806
5750,8772.7140671343877
5751,8774.9085385656981
5752,8776.9577399934169
5753,8780.6304898088365
5754,8781.4144983395854
5755,8781.5499274784252
5756,8781.6728945632622
5757,8785.0562844688047
5758,8786.7031321365848
5759,8789.1780246810722
5760,8789.2821955971085
5761,8794.6098742140275
5762,8799.3744173219948
5763,8801.2002514085834
5764,8803.5490180295237
5765,8805.5715900061914
5766,8806.8908732169057
5767,8807.4390628389974
5768,8807.5399298180255
5769,8810.2498108876753
5770,8813.6689659347521
5771,8814.5505293273127
5772,8815.1552945120366
5773,8815.7228359439778
5774,8816.9838117278123
5775,8817.7573251369668
5776,8818.8184438583994
5777,8819.6892889184965
5778,8819.8022054674784
5779,8821.540538460813
5780,8826.2432522254858
5781,8826.5368268036545
5782,8829.5359701493635
5783,8832.3502277169082
5784,8833.405003710086
5785,8834.3924301987172
5786,8837.0462213061583
5787,8840.2783009855812
5788,8843.1028128439175
5789,8847.6384036453601
5790,8847.911536797279
5791,8850.7712138464358
5792,8854.505993523595
5793,8855.9192765542284
5794,8857.0161361457322
5795,8858.0061899937209
5796,8859.0979572861743
5797,8859.3664983337621
5798,8862.931761632839
5799,8865.3539158641597
5800,8868.7494641495996
5801,8870.9431696444681
5802,8873.5383187636962
5803,8876.0540036288912
5804,8878.0575549084479
5805,8881.2751106049582
5806,8881.9048854366574
5807,8882.7535484976324
5808,8883.6676923352406
5809,8883.7738751794732
5810,8884.409206791961
5811,8890.0796310230053
5812,8890.488935625388
5813,8890.8838247577114
5814,8891.7945562110563
5815,8892.5854495339718
5816,8894.9780756639029
5817,8897.8738338912644
5818,8902.4718817217199
5819,8902.8701222340933
5820,8905.3462270026466
5821,8905.8692655797931
5822,8906.3610697552467
5823,8906.3919005343159
5824,8912.9088965869196
5825,8916.3500212526942
5826,8918.1000104499999
5827,8919.3314423401735
5828,8922.1469405242588
5829,8926.3728516525516
5830,8926.8440608786696
5831,8928.7415451613761
5832,8930.8436130651899
5833,8932.3049228911332
5834,8932.6220215779722
5835,8934.2348194899405
5836,8937.2635379604817
5837,8939.0034818998884
5838,8941.2165911448737
5839,8943.66014829905
5840,8945.2088105306702
5841,8947.1717991407149
5842,8947.9269922599506
5843,8950.0611455614435
5844,8952.099227725801
5845,8956.7299412245957
5846,8958.1335149328934
5847,8958.3551863037846
5848,8959.7394126022973
5849,8961.4427324293392
5850,8964.5881679018948
5851,8967.1124542539583
5852,8967.657231491803
5853,8967.8742362793764
5854,8969.9024121748917
5855,8974.1024633875022
5856,8975.5347006553329
5857,8978.5436019888148
5858,8978.6991371103541
5859,8979.0987517303402
5860,8979.9159648261211
5861,8982.0978950760527
5862,8987.4750572776247
5863,8988.5105343930209
5864,8992.212696533421
5865,8995.4031626072683
5866,8996.1886133416265
5867,8997.2556189722163
5868,8998.5145526456708
5869,9001.6616383979763
5870,9004.8696826306532
5871,9005.3521499440958
5872,9005.5780876231274
5873,9007.2292594021073
5874,9010.3065397570645
5875,9010.3120299540806
5876,9013.5789310294713
5877,9014.8661571806297
5878,9016.1626073346051
5879,9016.8182289510623
5880,9023.2435194078098
5881,9025.6232920175862
5882,9029.0680085797067
5883,9031.6312060820073
5884,9033.6439730492075
5885,9034.2052352000046
5886,9035.6020878830441
5887,9038.6298407192953
5888,9042.7985727903633
5889,9043.184174521075
5890,9043.2588692979316
5891,9044.4109490537812
5892,9044.9097474829741
5893,9050.1741836545698
5894,9050.369628877359
5895,9052.8720308712745
5896,9054.406277269527
5897,9055.1704719974368
5898,9055.9891310884304
5899,9058.1696153431676
5900,9063.7993211384801
5901,9064.8617636424315
5902,9067.8143343395695
5903,9069.4683494496257
5904,9069.712677633448
5905,9071.265837888006
5906,9071.5215642856911
5907,9075.9639687235649
5908,9076.5859749089577
5909,9077.916154978233
5910,9078.1859323539702
5911,9079.3938227614763
5912,9081.7377962809969
5913,9086.1692150377585
5914,9086.3510809873242
5915,9090.467794986731
5916,9092.1070156964506
5917,9098.5793580627487
5918,9099.1061946885311
5919,9100.7385003467516
5920,9101.0062529096704
5921,9108.5683095601889
5922,9110.067910480675
5923,9111.2037256891999
5924,9112.153905011106
5925,9113.4238212938126
5926,9117.3071096692638
5927,9118.4526218711471
5928,9118.5476560433381
5929,9119.0468498017817
5930,9121.3234256812939
5931,9123.5952757586711
5932,9125.2100982263746
5933,9126.0368589352838
5934,9130.0079150756865
5935,9131.0331472780854
5936,9131.5136452974621
5937,9134.032290623838
5938,9137.1735030551827
5939,9138.7236576494506
5940,9139.6568231023157
5941,9140.5709700480638
5942,9142.668743678616
5943,9143.1031210850015
5944,9146.8674756942055
5945,9149.5866467452961
5946,9151.0945117878437
5947,9152.9178870533251
5948,9155.7261278149817
5949,9155.7794690984319
5950,9161.7708528438798
5951,9165.7565817322084
5952,9167.0313522074648
5953,9169.5203267205216
5954,9170.9174254178542
5955,9171.6922971506683
5956,9174.7078324947342
5957,9181.0299659640259
5958,9183.0768464390785
5959,9185.109971056283
5960,9185.6695482869
5961,9186.4925124346191
5962,9190.2471574137107
5963,9191.3487824866643
5964,9191.5118993340129
5965,9191.9766861629741
5966,9193.4719925543704
5967,9194.6484876079558
5968,9196.880589993445
5969,9197.1655840669173
5970,9201.638496741456
5971,9201.7805043796834
5972,9204.0887555160789
5973,9205.2967018210838
5974,9206.6347850843031
5975,9209.0318699299423
5976,9209.6339284300593
5977,9213.2321945283147
5978,9215.0068110336997
5979,9218.0274575959556
5980,9220.5404435491528
5981,9222.1562624395392
5982,9224.2402016258166
5983,9225.1361846052368
5984,9225.8739530984731
5985,9229.3035333902135
5986,9237.0596395893372
5987,9237.1264713907221
5988,9240.6809182432116
5989,9241.5398890863471
5990,9241.8807708033673
5991,9242.5879171848901
5992,9247.6818476190729
5993,9249.9966192401516
5994,9255.8990961831823
5995,9257.118519256479
5996,9257.4480384113667
5997,9260.8869461616141
5998,9260.9583350322373
5999,9261.4168489455915
6000,9261.7725853914089
6001,9264.8728467784549
6002,9264.9327522081221
6003,9265.2982898476821
6004,9267.8343867973235
6005,9267.9805294332436
6006,9269.9372743533168
6007,9276.9272834868716
6008,9277.5459437408263
6009,9280.2210383321089
6010,9281.9235718297241
6011,9284.9227151754058
6012,9286.6773028007283
6013,9287.2738673457443
6014,9290.7289172019082
6015,9291.8463462960299
6016,9292.5359944749016
6017,9297.080598950588
6018,9298.2120204535713
6019,9298.6602488970511
6020,9302.2595994353705
6021,9303.7783530457546
6022,9311.2558176310085
6023,9311.9839761003386
6024,9313.3337863885808
6025,9313.5417139888341
6026,9315.1894551220958
6027,9315.5815619037512
6028,9320.5060975076849
6029,9324.9209557511331
6030,9325.2903708594768
6031,9327.6833275418485
6032,9329.1185301784099
6033,9329.4010199724944
6034,9330.6425835482551
6035,9335.8826715432824
6036,9335.9253858244774
6037,9337.2708195632167
6038,9337.8289128236156
6039,9338.0228604500153
6040,9342.0222022505859
6041,9344.8616108643182
6042,9345.1520884109632
6043,9351.8516199978458
6044,9354.7295752110294
6045,9356.8479083407055
6046,9357.6310996046232
6047,9358.4982279510332
6048,9359.8470516863545
6049,9360.1039640295021
6050,9360.7979316375531
6051,9366.5776672922548
6052,9369.4302918151916
6053,9369.8825122205799
6054,9371.5891358294575
6055,9371.6163149422173
6056,9374.5976667904488
6057,9377.9407877130452
6058,9379.769891441867
6059,9383.7301876415058
6060,9384.0238829757145
6061,9386.4925129792227
6062,9387.6754085535704
6063,9389.10562619556
6064,9389.2311279394817
6065,9397.0071646426914
6066,9399.4294926299553
6067,9400.0723269822902
6068,9403.5986495934394
6069,9407.3979072776583
6070,9408.9413113302417
6071,9409.967058641847
6072,9410.1669801786848
6073,9410.3912084221101
6074,9411.8039700659974
6075,9415.5462665424329
6076,9419.3701477432169
6077,9424.1501667205193
6078,9426.3601568767535
6079,9427.8195732573276
6080,9428.6180378403387
6081,9428.7712480283644
6082,9431.3564452195842
6083,9433.7539976827284
6084,9434.0372931397142
6085,9434.355588565315
6086,9440.1017315840963
6087,9440.8363090245111
6088,9441.4585731810457
6089,9443.954382297321
6090,9445.6308086468325
6091,9446.2681585574683
6092,9446.4089206697754
6093,9447.3760361120567
6094,9448.8849428851827
6095,9453.1052344691216
6096,9460.5341857966014
6097,9462.0616922406989
6098,9462.7551922312905
6099,9463.6590462977347
6100,9470.2608006349292
6101,9473.4711654473413
6102,9475.9119810884386
6103,9475.936716948474
6104,9477.4559088355018
6105,9479.8951081341256
6106,9481.8374719457352
6107,9483.4911229336594
6108,9484.4328812394997
6109,9488.5023325875991
6110,9488.7571680450219
6111,9493.4118205606374
6112,9496.2241825105539
6113,9497.194620084967
6114,9497.5550786077001
6115,9500.4018296941013
6116,9502.295312320166
6117,9503.8436108751321
6118,9505.3981180369919
6119,9506.0920650377611
6120,9507.6184550014132
6121,9508.39726138269
6122,9511.0247826772338
6123,9513.0577976292443
6124,9514.0279177670891
6125,9515.6248740643168
6126,9517.2219553614214
6127,9519.1548729386541
6128,9521.6193082799673
6129,9529.3109850671899
6130,9534.0582500883866
6131,9534.3997595957899
6132,9535.7112582764712
6133,9539.6358474626741
6134,9542.0629101599789
6135,9543.5181257586955
6136,9546.9952297391756
6137,9547.6072087155553
6138,9550.0835817868847
6139,9552.2749535129969
6140,9552.7912687496664
6141,9556.447188978842
6142,9557.9569455313413
6143,9559.9401163018192
6144,9560.8403999427337
6145,9562.8760641656136
6146,9565.0531452067971
6147,9565.708693895851
6148,9566.9358848524425
6149,9567.6105360131824
6150,9573.9258939859228
6151,9575.2513783653721
6152,9577.7625568048788
6153,9578.9221823287826
6154,9579.6798565365661
6155,9580.3998295048368
6156,9581.921325674517
6157,9585.3958649843353
6158,9586.5786708682808
6159,9587.4104290141331
6160,9589.2254529501879
6161,9592.1109389838148
6162,9593.9179863916834
6163,9605.5806956280085
6164,9606.0702513628457
6165,9607.01431613362
6166,9608.0493256315021
6167,9608.1499212734634
6168,9610.1700074137461
6169,9614.6599912071524
6170,9618.5610055194411
6171,9619.458628614515
6172,9619.9512957843872
6173,9621.1496506334479
6174,9622.97974240232
6175,9625.0452262184899
6176,9628.5280029350415
6177,9628.7852563339384
6178,9630.9130115764474
6179,9632.5108917097041
6180,9633.3148385660515
6181,9639.8919508975468
6182,9644.2868578610814
6183,9646.8819600311181
6184,9647.5894457204522
6185,9648.7163536087264
6186,9648.913903315668
6187,9651.8782483739233
6188,9654.8773917196559
6189,9655.8773346051948
6190,9656.7671445209526
6191,9656.7854758417561
6192,9657.0663567513438
6193,9657.4357718596802
6194,9664.4490063388857
6195,9667.9657333220821
6196,9675.756065943684
6197,9675.8219461832086
6198,9675.8695255387465
6199,9677.0240481667515
6200,9679.3523834886582
6201,9679.7198173985398
6202,9681.1417316451898
6203,9683.7787383347641
6204,9687.9727024253443
6205,9688.7494791721947
6206,9692.289363139429
6207,9692.3547892300267
6208,9693.1350042595677
6209,9699.9667202210712
6210,9700.4557481009761
6211,9703.2510789315947
6212,9703.4646885135953
6213,9707.8046433290783
6214,9712.2300182527288
6215,9716.5200479859232
6216,9718.9048272614709
6217,9719.2200273861708
6218,9719.2599374874808
6219,9719.8208095538394
6220,9721.5292733747392
6221,9724.2163157290943
6222,9725.2995496525946
6223,9726.1421913486138
6224,9727.2154590748323
6225,9728.0201535552333
6226,9729.1752676537344
6227,9735.8616065504848
6228,9736.1194981059161
6229,9739.8752437614421
6230,9740.4289475077694
6231,9742.4079475987528
6232,9747.2125218194287
6233,9750.6736142024674
6234,9751.0228752556832
6235,9755.5788470955576
6236,9756.6527897275573
6237,9758.1245259998668
6238,9760.8688630408305
6239,9763.9598549064649
6240,9765.6186589905174
6241,9770.1896810231574
6242,9771.4095449048727
6243,9773.6531621663034
6244,9774.9215706986161
6245,9781.0303438854189
6246,9783.1719296409137
6247,9783.900510019721
6248,9786.136274699189
6249,9788.2798740890994
6250,9789.1673486655145
6251,9790.213734291392
6252,9790.8905191532267
6253,9792.9056943227952
6254,9794.5951186668117
6255,9794.6562651593958
6256,9795.8868074960737
6257,9797.309933966797
6258,9798.2086272079505
6259,9798.8859508417845
6260,9803.946732975679
6261,9807.0732949098037
6262,9808.0598863681935
6263,9816.587568647119
6264,9819.0378274217001
6265,9820.8620878551719
6266,9821.9766720596126
6267,9822.2307287505555
6268,9826.6385998107053
6269,9828.4750077110421
6270,9830.2256603150436
6271,9831.3992153547715
6272,9834.9136517103725
6273,9841.0224248971517
6274,9841.5980185575972
6275,9843.0282089939865
6276,9845.8753675025528
6277,9847.9008607817923
6278,9848.8238684104035
6279,9849.6540601671677
6280,9852.0298088720883
6281,9854.8543068235958
6282,9856.7939478999906
6283,9859.5575759778312
6284,9860.4022079440965
6285,9861.8443159571289
6286,9862.2624098296856
6287,9866.3317706698563
6288,9866.8406042999723
6289,9867.5836740356262
6290,9869.8397476457449
6291,9872.6668876926979
6292,9877.2617685625719
6293,9880.2473617533215
6294,9885.1016424578538
6295,9887.8826675200289
6296,9890.2371346827731
6297,9891.3912963665243
6298,9892.1651457122844
6299,9893.7434457830532
6300,9894.2447444808713
6301,9895.1268893660326
6302,9899.7559370133768
6303,9905.1021253630643
6304,9905.3355509870398
6305,9908.1263142987955
6306,9910.9730653852112
6307,9911.5422828048104
6308,9912.0390978612941
6309,9913.4308697348715
6310,9916.0638411552773
6311,9924.4000925701275
6312,9925.0427804763294
6313,9925.2095147472955
6314,9927.5413050014868
6315,9928.9142914846288
6316,9929.7772547717195
6317,9932.0327896098006
6318,9936.0977478464665
6319,9936.1846731607002
6320,9937.0290779526986
6321,9940.0282212983875
6322,9940.2394427650943
6323,9946.6368153901949
6324,9950.1248084828349
6325,9952.4896688445515
6326,9952.7077871281344
6327,9956.1284834771795
6328,9957.1906272187643
6329,9958.7512084936479
6330,9960.7788281355515
6331,9960.8966261358983
6332,9961.4320564137579
6333,9961.5401925399456
6334,9973.2486321929173
6335,9974.4771721906964
6336,9976.9486552028902
6337,9979.1484274750219
6338,9979.4871391960678
6339,9985.4388879829148
6340,9987.5333860132414
6341,9989.8165160717999
6342,9991.0519742251745
6343,9994.4178273039652
6344,9994.5662302541532
6345,9998.2913285825725
6346,9998.5697108548102
6347,9998.9729548813029
6348,10001.407836437476
6349,10003.703892516671
6350,10006.404124780371
6351,10007.559498688192
6352,10009.403268126087
6353,10013.287132645492
6354,10015.150889201061
6355,10016.007454312583
6356,10016.151931319077
6357,10017.338017808792
6358,10019.35966878316
6359,10025.385829460001
6360,10026.357353163892
6361,10026.548564905366
6362,10030.054266350746
6363,10033.240713204714
6364,10039.333692897009
6365,10042.991246001551
6366,10045.800309130022
6367,10046.266898129457
6368,10047.093283866227
6369,10053.334301539771
6370,10053.952961793693
6371,10056.407645086603
6372,10056.703912994626
6373,10059.173231578674
6374,10059.779245186435
6375,10062.931901114785
6376,10063.656004114833
6377,10065.897473252764
6378,10068.007007550734
6379,10069.921910248304
6380,10070.355774171745
6381,10074.918198591193
6382,10077.330098820552
6383,10077.917341936856
6384,10078.392492006702
6385,10082.757033871243
6386,10085.011607552613
6387,10088.903614928082
6388,10091.155566229872
6389,10091.974225320919
6390,10093.009234818939
6391,10097.660411021085
6392,10100.543227228642
6393,10103.701588334896
6394,10110.597390671781
6395,10111.452247899524
6396,10112.504150513354
6397,10113.745165521301
6398,10115.719339233925
6399,10118.375879020179
6400,10119.771326198228
6401,10121.310914319158
6402,10121.312749665703
6403,10121.559106463963
6404,10122.691017046636
6405,10130.538045785064
6406,10132.549354907816
6407,10136.007712941155
6408,10136.063610936786
6409,10137.528054918586
6410,10139.602026338289
6411,10142.524343261364
6412,10145.523486607059
6413,10149.408915526288
6414,10149.408915526321
6415,10149.618608877183
6416,10151.288652622135
6417,10154.673351697889
6418,10158.661173588342
6419,10159.798093761479
6420,10160.535308240433
6421,10164.312292676004
6422,10167.224025418645
6423,10171.681621135062
6424,10176.059249224028
6425,10176.928873565543
6426,10177.249272326779
6427,10178.504838314429
6428,10179.397104290802
6429,10184.828699787182
6430,10185.076054740826
6431,10188.210988118952
6432,10193.498301142125
6433,10197.189927439962
6434,10198.201293677275
6435,10199.594107350023
6436,10200.614714265672
6437,10204.179936573544
6438,10205.505420952928
6439,10209.176224916413
6440,10212.175368262137
6441,10212.498186953837
6442,10213.13639434516
6443,10214.517968666749
6444,10215.060854295745
6445,10217.058389392017
6446,10219.268820356618
6447,10220.529767533644
6448,10223.268174912811
6449,10223.536697366761
6450,10229.964231445476
6451,10235.93952851983
6452,10236.920954577367
6453,10239.577034692076
6454,10242.901211096296
6455,10244.00410561528
6456,10246.285589072402
6457,10247.213737481237
6458,10249.594806568834
6459,10253.862926888447
6460,10258.32761946633
6461,10260.225295858259
6462,10262.808295001778
6463,10262.841866209528
6464,10264.13249973366
6465,10267.823710781757
6466,10269.831875343021
6467,10272.384843765269
6468,10272.490267965566
6469,10274.828163685894
6470,10275.521432039304
6471,10276.703510562011
6472,10277.827307031561
6473,10278.267923723613
6474,10279.667855620215
6475,10286.785960380885
6476,10292.036033946497
6477,10294.571232770009
6478,10295.654466693595
6479,10301.962072386177
6480,10304.314681474141
6481,10306.277670084119
6482,10307.508212420773
6483,10307.521891083301
6484,10308.423271812933
6485,10313.531037973242
6486,10315.76230967164
6487,10318.469928212919
6488,10319.67878701345
6489,10322.753715234638
6490,10326.326080469797
6491,10326.517537427797
6492,10327.448867534011
6493,10331.223780081838
6494,10332.800015988641
6495,10334.438876667515
6496,10336.730966370858
6497,10338.26000473535
6498,10339.435165010336
6499,10342.434308356091
6500,10343.18564108827
6501,10346.755908851772
6502,10349.170998075007
6503,10353.08915689891
6504,10357.620423589116
6505,10358.089018238048
6506,10363.171606717746
6507,10365.011182200406
6508,10365.386114204954
6509,10368.415352824653
6510,10369.906928777384
6511,10370.047658482879
6512,10371.025997888761
6513,10371.858815098345
6514,10381.987713680905
6515,10387.519890894
6516,10387.727071759415
6517,10388.65847028711
6518,10388.711118163874
6519,10390.966653002077
6520,10396.723047382637
6521,10396.993516851629
6522,10397.956662135586
6523,10400.061650966763
6524,10402.952950478422
6525,10405.570678782393
6526,10405.952093824182
6527,10409.185662325544
6528,10409.475499820723
6529,10410.380532406634
6530,10415.754985674301
6531,10418.895804881393
6532,10420.474055932104
6533,10422.445872405746
6534,10423.163687729544
6535,10426.578690003646
6536,10427.148864940904
6537,10431.116463108991
6538,10433.411035582878
6539,10440.825633008992
6540,10444.37275137508
6541,10444.754975713835
6542,10447.719152771149
6543,10449.920652495539
6544,10451.916727198448
6545,10453.351690696194
6546,10454.428207056988
6547,10455.456559498931
6548,10459.844371290166
6549,10460.341699829689
6550,10463.905537230918
6551,10464.603132072825
6552,10465.337988172516
6553,10466.780213113996
6554,10468.337131518232
6555,10470.372613418411
6556,10478.542377832451
6557,10479.884432118646
6558,10481.683590263745
6559,10481.897199845749
6560,10484.583555146226
6561,10491.108544120772
6562,10492.680709240663
6563,10494.620569914547
6564,10499.474850619099
6565,10502.28559866785
6566,10505.582285706712
6567,10506.45266488738
6568,10508.692517688642
6569,10509.912733507233
6570,10510.524712483604
6571,10511.897075320958
6572,10512.891249704231
6573,10514.561225027704
6574,10517.211279345811
6575,10521.551234161288
6576,10526.547522504148
6577,10526.77229412574
6578,10529.106125534616
6579,10529.546665849828
6580,10531.739508350329
6581,10533.262252737699
6582,10539.331890051146
6583,10540.680060572935
6584,10541.675671275498
6585,10543.049580710078
6586,10549.842056237005
6587,10551.133745066305
6588,10552.780592734114
6589,10554.612650926272
6590,10555.986460936792
6591,10563.88735509274
6592,10565.244587388979
6593,10565.574366718425
6594,10568.646245623569
6595,10568.98775513088
6596,10569.066355577523
6597,10574.553306039496
6598,10581.543315173043
6599,10582.108379819694
6600,10585.505806241965
6601,10586.539603515936
6602,10586.540815739962
6603,10586.56799485271
6604,10589.538746861612
6605,10591.897727108457
6606,10595.39993547823
6607,10595.428395477815
6608,10598.427688314461
6609,10600.409183391675
6610,10601.693788128268
6611,10604.635668965817
6612,10607.276746442303
6613,10613.346163042495
6614,10618.550329503887
6615,10619.435227046897
6616,10619.983860519385
6617,10623.707630036157
6618,10624.307878834643
6619,10626.080935828822
6620,10630.9565262182
6621,10633.286818155782
6622,10638.42307108444
6623,10639.191670356651
6624,10640.276827289295
6625,10642.63732116664
6626,10642.940496447321
6627,10644.135015505984
6628,10645.273115632155
6629,10648.272258977771
6630,10648.705677593196
6631,10650.148270383124
6632,10655.00454043518
6633,10657.843873597105
6634,10663.373251869094
6635,10668.28337344542
6636,10670.405405735648
6637,10670.780853247885
6638,10674.703735424771
6639,10677.013372151172
6640,10678.250469466306
6641,10681.742569040031
6642,10682.177441255533
6643,10684.89899754816
6644,10688.224401121784
6645,10688.79194255368
6646,10690.721508361044
6647,10697.357196071896
6648,10697.711517494567
6649,10699.037001874047
6650,10700.560753824835
6651,10702.707805837492
6652,10703.45401249811
6653,10703.852686833701
6654,10705.706949183161
6655,10713.940379023798
6656,10715.577316693507
6657,10718.093126774378
6658,10720.774277204939
6659,10723.957796657782
6660,10726.877358674488
6661,10728.009477539705
6662,10728.868448382898
6663,10728.988383164009
6664,10736.897316160865
6665,10737.64008895221
6666,10737.839074466678
6667,10746.818013787761
6668,10750.662938186932
6669,10750.929625294239
6670,10751.146630081841
6671,10753.756876779324
6672,10753.808022921326
6673,10755.309088729755
6674,10758.80431126421
6675,10761.284643885036
6676,10761.80345460989
6677,10768.047182273667
6678,10768.660253929072
6679,10769.622423603483
6680,10771.398868889286
6681,10771.429610541722
6682,10779.237319852271
6683,10779.864553771433
6684,10781.597233579887
6685,10784.934032200406
6686,10790.203058275778
6687,10792.558949371976
6688,10796.85395727333
6689,10799.777771692747
6690,10801.53788869311
6691,10802.518014418623
6692,10805.374029500856
6693,10805.677960199109
6694,10807.062618894275
6695,10808.527897826645
6696,10810.488409651369
6697,10813.524186169341
6698,10816.523329515183
6699,10816.916366851647
6700,10821.96599604406
6701,10823.253945121045
6702,10828.085466250748
6703,10830.233425240747
6704,10830.64135939185
6705,10834.902975694826
6706,10840.943342889075
6707,10842.058134507522
6708,10845.864691486984
6709,10847.071714940892
6710,10847.81525687855
6711,10851.252391693481
6712,10852.88688588797
6713,10854.52610659767
6714,10854.843630808096
6715,10858.91769512606
6716,10861.833639941644
6717,10862.623694043126
6718,10866.829928284456
6719,10869.82907163022
6720,10873.622816590299
6721,10873.821072275685
6722,10874.730745007766
6723,10875.379409498833
6724,10879.081571639303
6725,10883.384570266688
6726,10886.758051926512
6727,10888.579238920696
6728,10892.427005976939
6729,10892.779042132432
6730,10897.719767718641
6731,10901.73503228647
6732,10901.820049845783
6733,10906.698707039728
6734,10906.713079658943
6735,10909.286566595367
6736,10913.688716173256
6737,10917.171972385362
6738,10918.685004516139
6739,10921.086736690373
6740,10921.684147861846
6741,10922.470962988918
6742,10924.148552308965
6743,10924.189943745083
6744,10926.375514887466
6745,10927.638038030474
6746,10936.868427748219
6747,10937.126923395897
6748,10941.275152375383
6749,10947.52737703725
6750,10948.088639188049
6751,10949.028975534589
6752,10949.154307036568
6753,10957.067578509095
6754,10957.935954427585
6755,10958.134712993868
6756,10963.207351418656
6757,10964.057587642619
6758,10965.17612230618
6759,10969.053875985439
6760,10969.764906236993
6761,10972.053019331188
6762,10972.082842078873
6763,10973.038090143586
6764,10979.309655125868
6765,10985.975069794356
6766,10988.569095623479
6767,10989.918289078791
6768,10991.616762653097
6769,10994.736302726011
6770,10996.936785586498
6771,10996.994753537216
6772,11000.534198645861
6773,11005.428656242058
6774,11005.915724907645
6775,11007.617349683813
6776,11012.905734041195
6777,11015.472233428531
6778,11016.172227694749
6779,11017.902022384022
6780,11020.073637168089
6781,11020.332033391793
6782,11020.901165729701
6783,11028.977088188445
6784,11033.269013042534
6785,11034.057990030817
6786,11034.276422815024
6787,11034.321600764522
6788,11038.82568834194
6789,11044.230728834704
6790,11048.381331726074
6791,11051.135983433505
6792,11053.209668155758
6793,11058.613455072405
6794,11059.132436277754
6795,11059.561619044365
6796,11060.199677289309
6797,11065.195965632145
6798,11066.039360583254
6799,11066.303935415777
6800,11068.195108977885
6801,11069.890914152746
6802,11074.821972072992
6803,11078.365808430844
6804,11078.976340233985
6805,11081.266915719587
6806,11087.440130835652
6807,11089.938056026142
6808,11095.225369049298
6809,11096.459283504972
6810,11098.91699534725
6811,11099.377437114592
6812,11101.873248803999
6813,11102.002846422016
6814,11105.907004480823
6815,11110.128746199118
6816,11110.90329282365
6817,11113.880771182538
6818,11113.902436169297
6819,11120.80703580849
6820,11122.030897761757
6821,11123.065725849816
6822,11124.766978063009
6823,11132.028596893193
6824,11134.027441642
6825,11135.660650922617
6826,11137.666596427036
6827,11138.436236224295
6828,11142.766828464257
6829,11143.006380963148
6830,11149.996390096558
6831,11151.207618409871
6832,11152.569973576803
6833,11154.992678439481
6834,11157.991821785152
6835,11160.336291451284
6836,11161.089696871521
6837,11161.57101785076
6838,11165.506953227583
6839,11165.815999011869
6840,11175.763083451448
6841,11176.468669019707
6842,11178.430578469119
6843,11181.825627573933
6844,11185.447608340834
6845,11186.776931798191
6846,11192.437617474303
6847,11193.33395561902
6848,11194.123693569863
6849,11197.433905817097
6850,11197.79833366301
6851,11198.416544098687
6852,11200.433049162863
6853,11200.629816960376
6854,11206.270935269724
6855,11211.332396839771
6856,11217.23265106187
6857,11217.489377578848
6858,11219.152474801154
6859,11220.564333916736
6860,11226.106028221157
6861,11226.211590382987
6862,11232.392754728617
6863,11233.201599516489
6864,11233.985857486969
6865,11237.956664187663
6866,11238.197887859329
6867,11241.1970312049
6868,11245.119798958392
6869,11245.329734379413
6870,11252.546668568004
6871,11254.721788189394
6872,11254.81622480612
6873,11256.261376310376
6874,11256.29145017162
6875,11265.270389492602
6876,11267.77325960559
6877,11269.719601955952
6878,11272.260398626131
6879,11273.525977575931
6880,11277.1021336096
6881,11277.256686969009
6882,11280.255830314723
6883,11282.656581606594
6884,11282.702016657151
6885,11288.50919030791
6886,11290.385538194403
6887,11293.618297398725
6888,11299.755594256741
6889,11302.597236719894
6890,11305.288915344079
6891,11307.257481698776
6892,11307.313379694408
6893,11309.587245853363
6894,11311.009711215185
6895,11314.583534196188
6896,11317.582677541799
6897,11318.225894994901
6898,11320.49152495924
6899,11324.172940312917
6900,11329.187610787034
6901,11329.910942346094
6902,11335.565176256847
6903,11338.166550108148
6904,11339.07631746263
6905,11339.295714345661
6906,11345.156559241696
6907,11350.152847584452
6908,11350.646873048432
6909,11352.013297113481
6910,11353.151990930177
6911,11356.155274964183
6912,11358.218636904097
6913,11362.005816603716
6914,11362.975012905608
6915,11369.451062434904
6916,11371.058652113989
6917,11371.953952226731
6918,11378.943961360277
6919,11378.954567606508
6920,11383.940249703055
6921,11383.995631764659
6922,11384.659277251023
6923,11386.310623053469
6924,11386.939393048789
6925,11394.957347556874
6926,11397.758756993029
6927,11401.214000203221
6928,11403.936286877941
6929,11405.395207953303
6930,11409.214742292554
6931,11410.926296011452
6932,11414.150979853965
6933,11414.618317611452
6934,11415.92258435429
6935,11418.921727700113
6936,11424.199397339791
6937,11425.112695646121
6938,11429.521694761193
6939,11429.950672995015
6940,11434.09163496729
6941,11441.058957958376
6942,11441.081644100768
6943,11442.458674411911
6944,11446.077932443564
6945,11448.754862381478
6946,11449.077075789319
6947,11452.604133642179
6948,11453.420390204261
6949,11455.962335108165
6950,11462.399329525251
6951,11465.614423000117
6952,11468.899314758852
6953,11469.389338658722
6954,11471.408323028678
6955,11474.385627001551
6956,11477.384770347313
6957,11479.861030551021
6958,11480.51780014965
6959,11488.267883647133
6960,11488.839969872106
6961,11492.144253731072
6962,11493.454779800555
6963,11495.829979005637
6964,11500.826267348397
6965,11503.171260796911
6966,11503.825410694075
6967,11504.416495592644
6968,11509.003814349571
6969,11513.395434913602
6970,11516.108240447576
6971,11520.385444047195
6972,11523.907191499287
6973,11525.381732390104
6974,11527.069956239824
6975,11527.808003736134
6976,11528.380875735824
6977,11536.04889556074
6978,11536.844171149987
6979,11542.71138088575
6980,11543.038904694413
6981,11547.805886942264
6982,11548.035193037242
6983,11551.034336382989
6984,11555.648360536667
6985,11556.784826263349
6986,11559.570941504191
6987,11563.774835396949
6988,11566.610076328798
6989,11568.771123739747
6990,11571.77026708546
6991,11572.507921155118
6992,11575.589015649837
6993,11582.579024783323
6994,11583.469636947228
6995,11587.411298304803
6996,11587.575313126239
6997,11590.574456471859
6998,11592.448576268325
6999,11598.3730140969
7000,11599.438585401887
7001,11604.434873744582
7002,11607.351953418103
7003,11607.434017090354
7004,11611.309993747822
7005,11614.341962551585
7006,11619.338250894454
7007,11620.288933068859
7008,11622.337394240079
7009,11627.278942202427
7010,11631.250648861103
7011,11632.275230545152
7012,11635.274373890974
7013,11638.240657994369
7014,11643.236946337447
7015,11646.236089683081
7016,11647.219597315716
7017,11652.215885658339
7018,11655.215029004281
7019,11659.205894791819
7020,11662.205038137794
7021,11667.201326480417
