# Domain: isosceles_triangle (DST, convergence sweep, dense eig full spectrum)
# Resolution M = 119, dofs = 7021
# Computation time: 5.7485 s
# Eigenvalues stored: 7021 of 7021
n,lambda_n
1,4.9999971950154745
2,9.9999800444050422
3,12.999992202754537
4,16.99992979975471
5,19.999955059674249
6,24.999984700895556
7,25.999820142666366
8,28.999862259365788
9,33.999920005632596
10,36.99961711437787
11,39.999679851902265
12,40.99997467331572
13,44.999771978957838
14,49.999279024322199
15,51.999874806413835
16,52.9993661573616
17,57.99949895900729
18,60.999962098198054
19,64.998756337642064
20,64.999658762729169
21,67.998871653654902
22,72.999051444799903
23,73.99981936391373
24,79.99927707105671
25,81.997991541681202
26,84.998138842617351
27,84.99994694816381
28,88.999522364399283
29,89.998371962551246
30,96.998672291791067
31,99.999753557157774
32,100.99691899003753
33,103.99710209423799
34,105.99901370419305
35,108.99739490969516
36,112.99992919014434
37,115.9977788609053
38,116.99936248566178
39,121.99546472414136
40,124.99568746834314
41,124.99822786923514
42,129.99604637659706
43,129.99967724185228
44,135.99870828096979
45,136.99652291175553
46,144.99354627175862
47,144.99990878506659
48,145.99709104815679
49,147.99381251267573
50,148.99917877512115
51,152.99424394456977
52,156.99771719986123
53,159.99482207279294
54,163.99959024982985
55,168.995520930536
56,169.99107242085938
57,169.99836012777723
58,172.99138603706047
59,177.99189645996435
60,179.99630700674993
61,180.99988568779759
62,184.99258524176707
63,184.99897082619728
64,192.99713915331159
65,193.99342648037415
66,196.98794296852657
67,199.98830786218619
68,201.99949238780297
69,204.98890378291378
70,204.99438674723223
71,207.99796847116411
72,211.98971233412991
73,217.99542499425107
74,220.99070768472473
75,220.99985984688763
76,224.9987381751269
77,225.98404844364285
78,228.98446854212531
79,231.99185649632267
80,232.99649243998064
81,233.98515650959428
82,240.98609400550208
83,243.99938343663413
84,244.99311783044271
85,249.98725527577346
86,249.99753243372925
87,256.9792698019516
88,259.97974905946467
89,259.99444303415504
90,260.98860708055099
91,264.98053566751429
92,264.99983120406699
93,268.99848029834516
94,271.98161134632318
95,273.99010860047724
96,276.99577560418027
97,280.98295042563996
98,288.99171132268543
99,289.9734780924519
100,289.99926314993752
101,291.98451977216314
102,292.97402049146149
103,295.99705102933433
104,297.97491238123661
105,304.97613554772352
106,304.98627869596754
107,305.9933589045537
108,312.99979969437061
109,313.97766441152407
110,316.99819660964596
111,319.98817883593557
112,324.96653409297886
113,324.97946595433109
114,324.99498701580842
115,327.96714364579361
116,332.96814750817634
117,336.99016402392789
118,337.98149962613485
119,339.96952753731756
120,339.99913125269813
121,345.99652315721687
122,348.97125825127978
123,352.98371723009706
124,355.99217012581357
125,359.9733067562367
126,361.95828791441312
127,364.95896866419673
128,364.99976524523862
129,368.9978864566084
130,369.96009124196581
131,369.98606278632917
132,372.9756326527849
133,376.96163758150357
134,376.99412486067638
135,385.96358230597428
136,387.97818792103698
137,388.98847237306148
138,393.99898743980805
139,396.96589265517451
140,399.99594759567276
141,400.94857857024567
142,403.94933459241452
143,404.98091678410356
144,408.95058268224636
145,409.96852839145913
146,409.99087394562116
147,415.95230485570778
148,420.9997277765026
149,423.98375554931255
150,424.95447584850177
151,424.97144168615506
152,424.99754911683976
153,432.99318712987628
154,435.95706304510713
155,441.93723351051722
156,441.97457697905134
157,444.93806891365898
158,444.98663242629226
159,448.96002638058098
160,449.93944936770941
161,451.99883137391919
162,456.9413569768638
163,457.99532299438158
164,460.97787082486434
165,463.96331822974759
166,465.94376659828288
167,467.98946732122869
168,476.94664576876767
169,480.96688326831679
170,480.99968719962953
171,481.98125170678429
172,484.92406811750186
173,484.99718379297917
174,487.92498704430682
175,489.94995461083175
176,492.92650677155666
177,492.99217160689346
178,499.92860949806976
179,499.97065831430155
180,504.95364571688458
181,504.98463983275423
182,508.93127021120915
183,513.99866268343476
184,519.93445661119631
185,519.99464786599549
186,520.97457214425344
187,521.95766401499759
188,529.90888516052962
189,529.98794690199861
190,532.90989178809218
191,532.93812902028719
192,537.91155775590846
193,540.96194660423453
194,543.97854528986136
195,544.91386536386642
196,544.99964341719351
197,547.94224026432005
198,548.99678960835718
199,553.91678973725755
200,556.99107585316074
201,561.96642257751728
202,564.92029875113133
203,564.94673553999201
204,568.98248980411063
205,576.8914742072717
206,577.92435294416248
207,579.89257274823137
208,579.99848096011556
209,583.95155224592293
210,584.89439198200319
211,584.97101281247285
212,585.99392057574141
213,591.89691431770746
214,592.92890538777237
215,595.98630900520675
216,600.90011502787058
217,604.95661981585863
218,609.93390156324233
219,609.97562974107893
220,611.90396217657587
221,612.9995963223173
222,616.99636560025056
223,624.90841652406482
224,624.98989719229189
225,625.87161098867136
226,627.96185949660139
227,628.87280569025313
228,628.93927920116698
229,633.87478527540634
230,636.98017708700263
231,639.91343141357208
232,640.87753226812174
233,649.88102209808869
234,649.94496808685494
235,649.99828575617346
236,652.96718412386917
237,655.99313933113524
238,656.91895263068716
239,660.88522303185312
240,665.98454959188371
241,672.95088986420899
242,673.89009606862362
243,675.92491824675687
244,676.84905671388321
245,679.85035185892934
246,679.97249786276018
247,684.85249893868684
248,684.99954579784435
249,688.89559483514449
250,688.99591071376506
251,691.85548060086126
252,696.93125843368455
253,696.98863269056164
254,697.95695780375877
255,700.85927244416803
256,705.90166544363615
257,708.97769592142834
258,711.86384294458958
259,719.93789526172486
260,723.99807658072086
261,724.8691533555226
262,724.90824633400894
263,724.96307654207521
264,729.82355733174757
265,729.99230216842636
266,732.82495723745001
267,737.82727901340843
268,739.87515762239173
269,739.98266423869154
270,744.83050543858087
271,744.94474245854019
272,745.91526808260676
273,753.83461229185991
274,753.96914177898384
275,756.88180218708305
276,760.99949171549781
277,764.83956827514453
278,764.99542379352317
279,768.92265321346497
280,771.95170515630639
281,772.98727913404196
282,775.88902588298743
283,777.84533492123933
284,784.79484273495154
285,784.97504000157392
286,787.79635175212434
287,792.79885548124287
288,792.85186647948262
289,793.93031594666832
290,796.89675972872237
291,799.80233684588723
292,800.95867960753083
293,801.99785289734132
294,807.99140693839763
295,808.80677181026965
296,809.85910977377739
297,817.98064810099072
298,819.81212931555115
299,819.90492672556547
300,820.938161949137
301,828.86700405302747
302,831.96555286251635
303,832.81837119496936
304,840.99943393493845
305,841.76262590215515
306,844.76424841378139
307,844.91344161047664
308,844.99490357629588
309,847.82545202857727
310,849.76694140999859
311,849.875480792193
312,849.94608805246389
313,852.9858330104671
314,856.77068796303809
315,864.83331903778048
316,864.97220242937283
317,865.77546423972603
318,871.92221062947908
319,872.8844635159071
320,876.78123944022423
321,880.95398190228116
322,883.84191191407035
323,883.99761411871236
324,889.78797569699964
325,889.99045129038848
326,897.89386751406767
327,899.97849588420445
328,900.7266019732383
329,900.9311312155138
330,903.72834239386248
331,904.7956279501974
332,904.85116264098633
333,908.73123202186662
334,913.96172167923385
335,915.73525408535897
336,921.80414387373867
337,924.74038496800233
338,924.90359963519154
339,924.99937230272042
340,927.86099523150017
341,928.9943486778443
342,931.94009169199717
343,935.74659414676285
344,936.98429047420427
345,940.81346358551593
346,948.75384407459069
347,948.96917565263232
348,952.87132562667557
349,953.91355796305766
350,961.68644725310685
351,961.82351959646564
352,963.76209009590968
353,964.68831002427271
354,964.94897091723351
355,969.69140369442903
356,969.99735960185114
357,975.98943265093249
358,976.69571166027549
359,979.88206129780428
360,980.77128028120524
361,984.83423652601255
362,984.92363153862391
363,985.70121053627804
364,985.97620179205569
365,996.70787008211232
366,999.78135528735584
367,999.95763791009142
368,1008.8931010312308
369,1009.715653097629
370,1009.845530949209
371,1012.9993066504838
372,1016.9937575871182
373,1017.933699926483
374,1020.7922481780091
375,1024.6418181369177
376,1024.7245153537237
377,1024.9826473198084
378,1027.6438077262844
379,1032.6471128919125
380,1036.8573109705601
381,1036.9659514209018
382,1039.651717209473
383,1039.9043345939963
384,1041.7344053720485
385,1043.8038841890886
386,1048.6575975409924
387,1052.9436329701643
388,1059.6647239459694
389,1059.997088644167
390,1060.7452643457234
391,1065.8694761688434
392,1065.988348208801
393,1068.8161805212139
394,1072.6730596020627
395,1072.9156423892207
396,1075.9737594816363
397,1081.7570259201145
398,1087.6825606977593
399,1089.5923499519226
400,1089.9532902479837
401,1092.5944708474117
402,1095.8290460816961
403,1096.8819170836759
404,1097.5979949989189
405,1104.6029061629131
406,1104.6931762400584
407,1104.7696160289686
408,1104.9992367948917
409,1107.9268950546591
410,1108.9931286479689
411,1113.6091814865911
412,1116.9808989396474
413,1123.704848057999
414,1124.6167913209954
415,1124.8423811848713
416,1128.9625206777043
417,1129.7829524535014
418,1129.8945149863459
419,1137.6256992656579
420,1144.7175103382845
421,1144.9379530924405
422,1152.6358619392724
423,1153.9968004753864
424,1155.8560772191699
425,1156.5376557051798
426,1156.7969450499647
427,1159.5399124127916
428,1159.9871948750426
429,1164.5436630672793
430,1164.9071413588106
431,1167.7310897143429
432,1169.6472289191377
433,1169.9711620131397
434,1171.5488916423785
435,1180.5555755212197
436,1183.9486663334092
437,1185.8114948601399
438,1188.6597425344498
439,1188.8700163656233
440,1191.5636854408115
441,1192.7455048451041
442,1200.9991625339328
443,1201.9196577016298
444,1204.5731853841371
445,1204.9924600466106
446,1209.6733377649016
447,1212.9790402929546
448,1216.8264942103726
449,1219.5840324574817
450,1219.7606662446524
451,1223.8840710864192
452,1224.9588735373422
453,1225.4773247373091
454,1228.4797217733196
455,1232.6879418864901
456,1233.4837064703079
457,1236.5961768495768
458,1240.4892630130905
459,1240.931914857897
460,1248.7764759000588
461,1249.4963690769093
462,1249.8418262139019
463,1251.9964942522463
464,1255.6095614715609
465,1257.703474394802
466,1257.9859692809296
467,1260.5049957669555
468,1260.8981038718357
469,1267.9684017681686
470,1273.5151075058354
471,1276.6241219897968
472,1279.7928271248516
473,1281.9437526112783
474,1284.7198466153857
475,1284.8573644324842
476,1288.5266619304477
477,1296.4109212616552
478,1299.4134631456182
479,1299.6397864880441
480,1299.9119666463519
481,1300.9990836472832
482,1304.4176894321879
483,1304.9917497934634
484,1305.5396097575294
485,1311.4235845293576
486,1312.8096040257358
487,1312.9770658548068
488,1313.7369616584372
489,1320.4311264229993
490,1321.8729722861672
491,1324.5538945596695
492,1324.6564753985072
493,1324.9549991488086
494,1331.4402865981567
495,1340.9255002922005
496,1344.4510299289941
497,1344.7547136859746
498,1345.5694529468008
499,1347.8266812419099
500,1351.6741007890696
501,1353.9961690488358
502,1359.4633146431577
503,1359.9846677121343
504,1360.888502964594
505,1368.5862136263372
506,1369.3379827915701
507,1369.9654704036698
508,1372.3406740459272
509,1376.4770920443545
510,1377.3451494571175
511,1377.7729879142657
512,1380.6925668467156
513,1383.9385342008247
514,1384.3513936868476
515,1384.8439234399959
516,1393.3593850281022
517,1393.6040979050106
518,1395.4923065076339
519,1401.9037985480379
520,1404.3690954116964
521,1404.9989998921308
522,1408.9909957055293
523,1411.7117688652406
524,1412.7916601563643
525,1416.5088951841888
526,1416.97496953579
527,1417.3804901815868
528,1420.6230190474621
529,1423.8611849073236
530,1428.9508855515141
531,1432.3935281111794
532,1439.5267878994516
533,1444.2580184359797
534,1444.731593186086
535,1444.9186896712722
536,1447.2608635639417
537,1449.4081611491636
538,1449.6428820926851
539,1449.8105964132192
540,1452.2655956281719
541,1459.2721995406087
542,1459.9958238477832
543,1464.5459068058035
544,1464.8783090778079
545,1465.9832861004177
546,1468.2806539302162
547,1468.4243346079691
548,1475.9623587407666
549,1479.2909311799806
550,1479.7519169105824
551,1480.6635836130633
552,1488.829652004056
553,1489.4419862169625
554,1489.9329947675722
555,1491.5661663222072
556,1492.3029971575791
557,1507.3168112124154
558,1507.8951278466436
559,1512.4610468840722
560,1512.9989110020051
561,1513.6850111343672
562,1516.7726071430104
563,1516.9901953850044
564,1520.5874725124129
565,1521.1705070579972
566,1524.1735105385765
567,1524.3323261006246
568,1524.9727446712934
569,1529.1785067372375
570,1529.8486719611315
571,1536.1854808315393
572,1536.9465196716731
573,1537.4814397568093
574,1543.3494876672407
575,1545.1944118409458
576,1548.7070429869657
577,1551.6097231460717
578,1552.9114611783018
579,1555.7935209382651
580,1556.2052725376268
581,1564.3682346968505
582,1564.503080417639
583,1569.2180293820243
584,1569.9954575297147
585,1572.8674895953588
586,1575.9818199640142
587,1584.2326423585193
588,1584.6328071526848
589,1585.7295477723665
590,1585.9590566963197
591,1587.388499326619
592,1593.5258758025846
593,1596.814504484882
594,1599.9271162998966
595,1600.0748952755855
596,1601.2490650133864
597,1603.0780615633146
598,1608.0833293148864
599,1612.4102053673828
600,1615.0906840055279
601,1617.8859263217464
602,1619.6566041487436
603,1620.2672439610994
604,1624.1001050165803
605,1624.549725258061
606,1624.7523841429941
607,1624.9988166836299
608,1628.9893461760023
609,1635.1115656623986
610,1636.9703838964031
611,1639.4332695554931
612,1639.8353927663002
613,1641.2871191252902
614,1648.1250329256086
615,1648.9418870493287
616,1656.6809843030881
617,1657.5745192020347
618,1663.1404675239571
619,1664.3086231275179
620,1664.9037909781434
621,1665.7753994412099
622,1668.45760067735
623,1680.1578236807454
624,1680.9705953016751
625,1683.9739287867542
626,1683.9950688591493
627,1684.8560087194389
628,1688.9794754265208
629,1689.3316815145731
630,1689.980264361692
631,1692.6001385568593
632,1695.7058076284543
633,1695.987221026355
634,1699.1770489288929
635,1699.48309900659
636,1699.9555531060148
637,1704.9971453637838
638,1708.7984306095868
639,1713.9208789779007
640,1716.0092221747198
641,1716.3562120853178
642,1720.1980843513734
643,1729.0234192003561
644,1729.626455086903
645,1731.8761629296728
646,1732.5096561268786
647,1736.7309235926612
648,1740.9987166104042
649,1743.2208634813157
650,1744.0396978203842
651,1744.9884451664441
652,1745.382124764873
653,1752.9678790925884
654,1753.8213023176922
655,1761.0580130430492
656,1763.8569825956226
657,1764.9369717246802
658,1766.8604876053359
659,1767.5371550553414
660,1768.2453130047215
661,1768.6533305332164
662,1771.8663203801573
663,1776.4093214127481
664,1778.8744670056899
665,1779.7561704751429
666,1780.0783134488142
667,1780.895652588501
668,1787.8849077357108
669,1795.2713522774204
670,1798.897616852991
671,1800.8438268245404
672,1801.1005409015108
673,1801.9946564727263
674,1804.5654690261381
675,1807.9786138157774
676,1809.4376952065888
677,1809.6806160909039
678,1811.9125626706909
679,1817.9518356436527
680,1824.124630062832
681,1824.2988926996888
682,1824.781374993293
683,1826.9297073476332
684,1831.9142608528689
685,1843.594461515321
686,1843.9490067509109
687,1844.4671310998183
688,1848.7333933143798
689,1849.1505097395559
690,1849.8658032853727
691,1851.7370740925098
692,1852.7081516494343
693,1855.3278370539081
694,1856.7432000739227
695,1860.9986104255818
696,1862.9704106017548
697,1863.7517576829448
698,1864.9874891188656
699,1871.8063510565921
700,1872.7627276257849
701,1872.9652212633848
702,1876.1780995969723
703,1881.4975035511764
704,1883.7760846541969
705,1883.9938616600939
706,1884.6239856996394
707,1884.9317561104087
708,1888.3580809681273
709,1896.791798025009
710,1897.7357662131585
711,1900.8870167494986
712,1905.2073127947458
713,1907.0192962463032
714,1911.8098304693622
715,1920.5286781619084
716,1920.8309001996095
717,1923.3895103195632
718,1923.9942188568093
719,1927.6538836129648
720,1928.8301389058661
721,1929.9768622945257
722,1932.0466434594023
723,1935.5991215469714
724,1936.2380543919101
725,1938.6029822211572
726,1939.9478907014661
727,1943.6094082983086
728,1944.7632758800332
729,1947.8526738310136
730,1950.6183865790099
731,1953.9072376123572
732,1959.0758254126856
733,1959.6298982079729
734,1960.4220022987588
735,1961.5605103073306
736,1968.8773792610907
737,1969.2702211452363
738,1970.6439187235874
739,1971.8548092826297
740,1972.6839860565872
741,1983.6604176760845
742,1984.9984977299359
743,1988.1067566178563
744,1988.986474449769
745,1991.9041931991878
746,1993.7904839350008
747,1996.9624004379341
748,1998.6793589517065
749,1999.455424180343
750,2004.3037004933958
751,2004.5928442117165
752,2008.9262204645145
753,2015.7007004375976
754,2016.933045678963
755,2019.1393436815354
756,2019.7141115675151
757,2024.4534162939144
758,2024.8778510248803
759,2027.4574608549758
760,2032.4641937048291
761,2034.7243936455914
762,2039.4736020082007
763,2040.4896331145715
764,2041.3383726539937
765,2043.963860585483
766,2044.8171799365318
767,2048.4856674547618
768,2049.6255121424483
769,2049.9937543312099
770,2052.1734853276116
771,2055.7503840111167
772,2055.9750030407431
773,2059.5003661292531
774,2065.9437030930321
775,2068.7440654011502
776,2072.5176683370055
777,2072.9965540735725
778,2078.7786102744553
779,2079.8997822647807
780,2080.3741062155818
781,2083.5244758846975
782,2087.2090714999076
783,2087.5375390772065
784,2096.6583356547762
785,2097.8431385774725
786,2103.8090042157437
787,2104.0310349418432
788,2104.5599368846483
789,2112.9983780801467
790,2115.2954781873059
791,2116.9853971562657
792,2118.2997104587735
793,2119.773639768363
794,2121.4107609891566
795,2123.3067564437938
796,2123.5848145414348
797,2124.24598335674
798,2124.9594055189486
799,2128.5597876711772
800,2130.3166037740393
801,2130.8414923697974
802,2136.9203431017377
803,2137.0672024539631
804,2139.3292346332723
805,2144.6121189520086
806,2145.6911226886832
807,2150.3446257095825
808,2152.8681192553831
809,2159.8759911769034
810,2163.2840925446499
811,2163.3627482058182
812,2164.4481858896597
813,2167.6417901904611
814,2172.1049501319812
815,2172.8026121441508
816,2175.59539174875
817,2178.3835678686687
818,2179.9932610148476
819,2185.9730285629089
820,2190.9124116847938
821,2192.6737619602204
822,2195.4070444082167
823,2195.9392559244029
824,2196.7236675540689
825,2204.3232612214142
826,2208.1244559148195
827,2209.1441605558839
828,2209.4862190758217
829,2209.8918647506839
830,2211.1288795241339
831,2214.4331320067308
832,2216.1362447649581
833,2219.7079609875977
834,2223.1465395767327
835,2223.9506564386252
836,2224.6310991477562
837,2227.8307440169642
838,2232.1597467961392
839,2235.4617784503239
840,2243.1758437689359
841,2244.9982509805259
842,2247.3633406702861
843,2248.1847091073146
844,2248.7443074352959
845,2248.9842527937994
846,2249.7557505287323
847,2256.1948025536899
848,2256.5246857022662
849,2256.9562240778182
850,2258.4929253676432
851,2258.9906202570896
852,2268.9140996252272
853,2271.2165897933196
854,2275.6667065683791
855,2279.7827134566523
856,2283.5265087723992
857,2284.8577811274999
858,2288.241166333974
859,2289.2264591122594
860,2292.4041718873696
861,2296.0321877902634
862,2302.9394423145764
863,2304.7871360856088
864,2305.563400206041
865,2305.9440606409175
866,2307.2684877205629
867,2310.5624565971693
868,2310.9517507365508
869,2312.8230841443028
870,2313.9927368215594
871,2317.9625010379059
872,2319.9709304695848
873,2326.9762948333314
874,2328.2985029890233
875,2328.7019974810723
876,2329.9345302507527
877,2332.2692650026233
878,2335.0752366586917
879,2337.9931103293429
880,2339.4455834615837
881,2339.6006910320466
882,2343.8834510655502
883,2347.8653157705494
884,2351.0129202364606
885,2351.3311559208682
886,2356.6021626633719
887,2361.8175727533494
888,2366.0356926045911
889,2370.6411264466369
890,2376.1196339611092
891,2376.3663826442462
892,2377.3129706294535
893,2380.9981158761448
894,2383.0613891786929
895,2383.7367395050105
896,2384.9092972105555
897,2384.983036337735
898,2388.4873918621392
899,2392.9528421758041
900,2399.7394700884283
901,2402.0899666271148
902,2402.744286190612
903,2403.4041140886634
904,2403.6836708523106
905,2404.9074627928308
906,2407.7523063337321
907,2409.6407589520632
908,2414.763519350638
909,2419.1652367667571
910,2420.8467912381952
911,2423.1213755607246
912,2423.7779091770608
913,2423.9549069493273
914,2424.3574080611493
915,2432.444275783188
916,2434.7954547154554
917,2438.7282208413949
918,2439.5294009479426
919,2440.7706842101447
920,2446.1555617337926
921,2447.8161298134
922,2451.992179385807
923,2457.9686993184027
924,2462.8399027065698
925,2463.486782141008
926,2464.211891679347
927,2464.6789606131724
928,2465.0020164366138
929,2467.9295048372546
930,2471.192463233177
931,2473.4023956291676
932,2475.7746703968646
933,2479.8667377037586
934,2481.8745036527562
935,2492.5713994796488
936,2496.5315439870451
937,2498.2320129112559
938,2498.5235071414245
939,2498.8965919132047
940,2499.8035655587264
941,2501.5285238111815
942,2506.5368785457731
943,2508.0504849179588
944,2511.259433594349
945,2513.5485607323412
946,2514.8229002286116
947,2519.9294180036795
948,2520.997972141512
949,2521.7165214853962
950,2522.5635548999585
951,2524.4477418699653
952,2524.9817421897715
953,2527.274136556749
954,2531.5784629529667
955,2532.9492442473702
956,2533.5818407858624
957,2542.9651625540514
958,2544.9004017146367
959,2546.6033930811391
960,2547.6131625938892
961,2553.1001623196321
962,2555.8727836989174
963,2558.3187535649572
964,2560.3076861785075
965,2560.8350990244685
966,2561.6281815019674
967,2568.0037660560915
968,2568.6274328101081
969,2577.4932395142782
970,2578.6561706575312
971,2580.7531800724282
972,2591.3657758279837
973,2593.991586054975
974,2595.0451642556777
975,2597.6873198945973
976,2598.9241846204836
977,2599.2904514706725
978,2599.9663244984281
979,2600.1508875718255
980,2602.2956710074068
981,2604.6544487589454
982,2607.3043642837151
983,2607.6783378893383
984,2609.9241556735751
985,2611.3564598256153
986,2614.3165211664382
987,2618.72158357842
988,2623.3321267244946
989,2623.8649794356843
990,2624.0892843568058
991,2626.415108361005
992,2632.5386664295952
993,2634.351161805987
994,2641.7589074979496
995,2641.7886573589844
996,2643.9769557242003
997,2647.3736016573312
998,2648.7310550146426
999,2649.2024882181031
1000,2655.1360478397805
1001,2662.3994174059244
1002,2663.4666467939437
1003,2663.6949993192334
1004,2664.4055515529526
1005,2664.9978190735696
1006,2666.7992412468116
1007,2668.9803639598867
1008,2676.9454125106631
1009,2679.428575187756
1010,2688.1853697787506
1011,2688.8928817356805
1012,2689.5837853961739
1013,2691.030939952399
1014,2691.7854526445676
1015,2693.842514670886
1016,2698.4610354615206
1017,2700.2547763735824
1018,2702.039125477861
1019,2702.5202809294001
1020,2704.8226463035321
1021,2705.0445497599676
1022,2710.0535846830635
1023,2717.066220618588
1024,2719.4547397626866
1025,2719.496757382884
1026,2722.8886593518109
1027,2723.2371592661061
1028,2724.7345374931251
1029,2726.0824435422132
1030,2736.841385618945
1031,2737.1022348855658
1032,2739.9909538222355
1033,2740.0859673359105
1034,2742.5356811165766
1035,2743.5758898856398
1036,2745.963793887875
1037,2748.62834206962
1038,2750.1255706758711
1039,2753.3075546735663
1040,2753.937604055086
1041,2755.9184556897126
1042,2760.2913120030712
1043,2765.1524236144446
1044,2767.577761979031
1045,2769.8548308189665
1046,2776.5038016254034
1047,2782.1827607638443
1048,2783.8987016713713
1049,2786.6333432587135
1050,2786.9892611772952
1051,2787.7727663520955
1052,2791.1418575829598
1053,2794.6229347731337
1054,2799.3477233321564
1055,2801.2165448621395
1056,2806.7682698799426
1057,2808.3606108903496
1058,2809.6720635800348
1059,2809.7739001969794
1060,2812.9976558616108
1061,2814.7832789418549
1062,2816.9788944219126
1063,2821.7963969722973
1064,2822.0435428241403
1065,2822.2537328667586
1066,2823.6711333411849
1067,2824.9413269056058
1068,2830.8132410748749
1069,2831.6925035189693
1070,2832.9572349160535
1071,2835.552477567926
1072,2836.8848634132196
1073,2840.4062753420571
1074,2841.8337932227864
1075,2844.1984150006856
1076,2845.294277071253
1077,2852.8093679878257
1078,2854.7222836249466
1079,2854.8580312985328
1080,2859.1003532037466
1081,2865.4137145657824
1082,2869.8859280382526
1083,2870.3381245431101
1084,2872.7146580571416
1085,2878.7532200862379
1086,2883.4668415670421
1087,2884.0168096516823
1088,2886.9174530275554
1089,2887.7763071110348
1090,2889.9902792490393
1091,2895.9610937897037
1092,2896.6005024906076
1093,2897.3852150656362
1094,2898.1595864460546
1095,2899.2554320583595
1096,2905.912373803968
1097,2905.9525699877131
1098,2913.4765368342669
1099,2916.4823738175101
1100,2919.8440017369003
1101,2921.4920974451043
1102,2922.833115798147
1103,2924.4666212175161
1104,2926.4354873006168
1105,2926.9912372417375
1106,2927.8153332828615
1107,2928.5056971394474
1108,2928.5292920431184
1109,2937.0772327192026
1110,2937.5231665103729
1111,2937.75581219783
1112,2939.2211293297946
1113,2948.5444822850782
1114,2950.0334100355835
1115,2956.3126831925292
1116,2957.4888681991615
1117,2959.6475885009213
1118,2959.8926193176126
1119,2961.5696253927736
1120,2964.9974815947398
1121,2968.9773253263652
1122,2975.0790363170649
1123,2975.5934716953352
1124,2976.5985702817275
1125,2976.9369644665489
1126,2978.8786690123056
1127,2982.2848610421233
1128,2985.5190682205007
1129,2988.8763014561878
1130,2990.5452822378124
1131,2992.1383040283272
1132,2993.6312871143682
1133,2998.9547116170993
1134,3002.128061102253
1135,3004.7951894489352
1136,3012.667741030381
1137,3015.3699300648364
1138,3022.1624824547007
1139,3024.6592320382097
1140,3024.6934297733674
1141,3025.1685259832057
1142,3025.6046470592732
1143,3027.3506500537292
1144,3030.1785943385189
1145,3031.1804212433467
1146,3031.9430439220337
1147,3033.7078938611007
1148,3037.1926796549269
1149,3040.019287571693
1150,3043.9895584041183
1151,3046.2107697962201
1152,3048.5707729343067
1153,3049.1998033556101
1154,3049.9582085450243
1155,3056.7517007178117
1156,3057.2328487756613
1157,3059.9058745791863
1158,3062.2360479129816
1159,3062.6668716415461
1160,3070.2588965849063
1161,3073.832429148832
1162,3074.4183567952355
1163,3075.7264047739036
1164,3076.4269153746473
1165,3081.7991131043277
1166,3083.0862289899005
1167,3085.2888891312523
1168,3087.0082590746742
1169,3091.7376932996408
1170,3095.2948730130552
1171,3101.7318552573365
1172,3102.3227977661527
1173,3108.261496678409
1174,3108.8500782477299
1175,3113.62143336907
1176,3120.9972952133453
1177,3121.3605884265048
1178,3123.4878291288601
1179,3124.9756471827659
1180,3128.1554070037741
1181,3128.7948111339633
1182,3130.3568114289924
1183,3132.82455853079
1184,3132.932298700824
1185,3135.8308075782666
1186,3137.9045354516334
1187,3139.4833613001738
1188,3140.8412189692767
1189,3142.4022261110772
1190,3142.7994986940234
1191,3144.074102358597
1192,3144.8671444217512
1193,3147.8557853551156
1194,3156.8744954319777
1195,3160.7800242727594
1196,3165.4476675448263
1197,3167.4217770937566
1198,3167.8973342579993
1199,3168.9624206325129
1200,3169.3231337422985
1201,3174.5589060094535
1202,3175.2266908122501
1203,3180.6707239258608
1204,3180.9242825394881
1205,3183.864253873161
1206,3185.8696865602728
1207,3190.4968668270831
1208,3195.9553172603983
1209,3201.988786747766
1210,3202.0236639977511
1211,3203.1403436878159
1212,3204.5389726153726
1213,3206.4896806794613
1214,3207.9551198163635
1215,3212.9904115224408
1216,3217.5497721469619
1217,3217.8989170664317
1218,3224.2999307178006
1219,3227.6314121761325
1220,3230.942296993067
1221,3231.8200404444551
1222,3232.0295342952732
1223,3232.3844412661911
1224,3237.0881887488194
1225,3240.9345298724174
1226,3245.4611033310243
1227,3246.6063264766599
1228,3247.5604178830122
1229,3248.4675558291528
1230,3249.7182962136039
1231,3253.0726497274791
1232,3253.4783068379475
1233,3260.4933494766356
1234,3264.206739155828
1235,3269.5126733102829
1236,3271.5934302798773
1237,3274.1559110044223
1238,3275.37497190775
1239,3276.1197181986558
1240,3277.6664710377345
1241,3278.0171996668732
1242,3280.5362642819723
1243,3280.9970955080398
1244,3282.7051626317816
1245,3284.9738489636275
1246,3290.6338792698311
1247,3292.9272991091302
1248,3293.5641040231162
1249,3297.4451314116336
1250,3300.0054161186486
1251,3301.170696559353
1252,3304.8573315309736
1253,3308.596171220272
1254,3310.7301343200338
1255,3313.2267447807317
1256,3320.7637731864011
1257,3325.6324396064301
1258,3327.0942536773064
1259,3327.2730246789051
1260,3328.22553151177
1261,3328.4516481777409
1262,3335.7099512875657
1263,3339.7799547479385
1264,3340.6463917545466
1265,3344.6728803604142
1266,3345.7972475980955
1267,3354.3005895999836
1268,3357.2841782882329
1269,3360.0703314835609
1270,3361.0766747650473
1271,3363.0769841335577
1272,3363.9879590283203
1273,3364.5048925245674
1274,3365.7174602067616
1275,3368.0880692497053
1276,3369.9518066212622
1277,3375.1035805332294
1278,3378.1733087294851
1279,3379.8914538046756
1280,3382.7885048070361
1281,3382.8677285734539
1282,3383.5297715001016
1283,3384.1235086010547
1284,3388.3465696206699
1285,3388.7661405986473
1286,3392.3389192451891
1287,3393.8067509792527
1288,3395.1478392540835
1289,3397.3773438079843
1290,3398.855576527917
1291,3408.1765564900488
1292,3411.6974872399846
1293,3413.8188795477686
1294,3421.4126423156449
1295,3421.9414957857462
1296,3423.2096394699197
1297,3424.1480495640894
1298,3431.2542037689318
1299,3431.8694108027989
1300,3433.5633886462497
1301,3440.2470631624828
1302,3440.6091545893696
1303,3440.8756310961026
1304,3442.4568968399394
1305,3444.9968810427108
1306,3448.9719178834912
1307,3456.4823340990047
1308,3456.9219299504384
1309,3459.2888007137158
1310,3459.4041172167631
1311,3459.9317929917015
1312,3463.0184515726733
1313,3468.8467932369172
1314,3469.9363438967462
1315,3476.6503226062828
1316,3479.6571706794693
1317,3480.334821644044
1318,3482.9525202019654
1319,3484.6685820721359
1320,3484.7463201886126
1321,3486.3367633539692
1322,3489.2192621951408
1323,3489.5391277471931
1324,3491.684551054484
1325,3493.5555634422849
1326,3499.6895888413387
1327,3500.7050686994398
1328,3501.0009626230139
1329,3503.3850879730221
1330,3504.620257948317
1331,3506.0985022385344
1332,3511.7301225645215
1333,3523.0083580280357
1334,3524.7596965211765
1335,3528.4395523451562
1336,3528.4682957682849
1337,3529.987069053378
1338,3532.6322494970291
1339,3534.0694260457872
1340,3535.9482437240918
1341,3536.0376802560204
1342,3538.6239028495147
1343,3539.7937718095886
1344,3543.4208034825579
1345,3545.8834289882907
1346,3551.1815382449527
1347,3555.498194426174
1348,3556.2900230746736
1349,3556.8323250773824
1350,3559.7924610080699
1351,3560.7708520924575
1352,3569.1416678986225
1353,3573.7123085572189
1354,3575.8753297898711
1355,3577.6751115074098
1356,3584.5609429314873
1357,3588.085004582088
1358,3589.7110914785817
1359,3591.124720360327
1360,3595.1990088254242
1361,3596.9227557593313
1362,3598.2060460452162
1363,3598.2674478876115
1364,3599.5310826753557
1365,3602.5061213049185
1366,3603.2177731286192
1367,3606.2176190530708
1368,3610.2341849745685
1369,3612.9966501456402
1370,3615.6277516688606
1371,3616.7956445676255
1372,3616.9698388341417
1373,3619.2552730366888
1374,3619.9745702975665
1375,3623.8527011255296
1376,3624.9161494455902
1377,3625.3600073220632
1378,3630.2810264103664
1379,3636.8354470583154
1380,3642.8005408557574
1381,3643.3114296863259
1382,3645.0307339867136
1383,3645.2972006244572
1384,3647.3561048042934
1385,3648.2134667777032
1386,3648.6985663464452
1387,3652.7275283696595
1388,3655.1614448425876
1389,3658.3464643186908
1390,3661.8821527519685
1391,3663.592504173771
1392,3672.0912070874178
1393,3672.5921193156869
1394,3675.3861093927562
1395,3683.7733193677468
1396,3686.380329955346
1397,3688.9348799034683
1398,3694.4303391606227
1399,3696.4288722212209
1400,3697.8920952475542
1401,3698.4473822979098
1402,3699.9861095606316
1403,3701.155943269373
1404,3705.9444034912235
1405,3707.3037217148199
1406,3708.971730491578
1407,3715.4791258391811
1408,3715.7141607065914
1409,3715.8747769476781
1410,3718.7213787255073
1411,3720.8519482494225
1412,3723.7334076818629
1413,3724.2373685386037
1414,3726.6797181166926
1415,3729.4669179681373
1416,3729.7770537424026
1417,3730.7502430512122
1418,3732.2248917707425
1419,3738.532437263782
1420,3739.7718771526356
1421,3747.650984856838
1422,3750.7982988098051
1423,3751.5411344082422
1424,3754.9855788176487
1425,3756.0171095378219
1426,3758.0642579566052
1427,3759.934377017406
1428,3763.5902381211081
1429,3763.8294943290784
1430,3765.2979974113573
1431,3768.3952836502785
1432,3769.4962480130248
1433,3774.5568699499831
1434,3778.8654468400723
1435,3784.9964008332804
1436,3788.9675939406825
1437,3790.6524875078703
1438,3791.7675163870877
1439,3795.3124418887855
1440,3795.9061356543102
1441,3796.9099075215759
1442,3800.3751996953297
1443,3801.0205311161058
1444,3806.6372117793576
1445,3808.8231953679201
1446,3809.1596088839005
1447,3814.0808131913586
1448,3814.9515362207162
1449,3819.7191429236573
1450,3821.650081282728
1451,3824.7072358700466
1452,3825.0990899878107
1453,3831.4879294169746
1454,3836.0016219919148
1455,3837.4564433766514
1456,3838.1933716118315
1457,3841.2007599305953
1458,3844.110317946569
1459,3844.5617310183288
1460,3846.2130732052756
1461,3850.7901577866987
1462,3853.2303074427382
1463,3858.8556309512892
1464,3859.0563637584414
1465,3862.2524257858722
1466,3862.2576813977012
1467,3863.735450284847
1468,3868.38630448093
1469,3870.7464411446604
1470,3873.2795070084599
1471,3873.9850718347202
1472,3875.1775958435314
1473,3876.5416503542838
1474,3879.9402495328272
1475,3883.8654786849706
1476,3884.1157266355226
1477,3886.3114488910414
1478,3889.2036546768732
1479,3889.8654190593707
1480,3896.1804989901648
1481,3896.5814193685392
1482,3901.3482646901948
1483,3903.7603888439648
1484,3911.1796722507975
1485,3917.3582341673177
1486,3917.6307527426402
1487,3918.3899350223905
1488,3918.9450528767215
1489,3921.6248883985677
1490,3921.8458307835372
1491,3922.8356774515933
1492,3927.9437730418308
1493,3936.3004385878767
1494,3937.4364375531745
1495,3938.2757202849439
1496,3940.2481613055775
1497,3943.4585658746419
1498,3956.0288118705212
1499,3958.4877457865432
1500,3960.7236585903738
1501,3960.9961307307767
1502,3962.6340401394464
1503,3963.6754977791461
1504,3964.965161761048
1505,3965.6415856150825
1506,3969.2609862433633
1507,3970.654161247975
1508,3971.3211448544489
1509,3972.9031447049597
1510,3974.4612239289463
1511,3974.948127272186
1512,3977.6717635451691
1513,3981.5438310242957
1514,3983.9377009333793
1515,3984.8099201445953
1516,3985.4005717993145
1517,3986.6943857057836
1518,3995.1166995504277
1519,3997.7220180888071
1520,3999.0316299704382
1521,4000.6852477155553
1522,4003.3749532038551
1523,4004.398576394151
1524,4005.8202962757086
1525,4006.6046611337615
1526,4010.7546483525348
1527,4020.528802471742
1528,4025.7922600382376
1529,4030.0531900847832
1530,4032.7698844142787
1531,4033.5664245046482
1532,4033.6702072543044
1533,4036.2086405818663
1534,4036.5039370305885
1535,4039.4804044780021
1536,4042.8348355969829
1537,4044.3401745515789
1538,4047.041323633332
1539,4051.9839453682907
1540,4052.9205656418994
1541,4057.9357403176678
1542,4061.8823511347168
1543,4062.7404066369759
1544,4067.8552605780401
1545,4070.4750521321448
1546,4072.118866031899
1547,4076.5665662173037
1548,4079.3045611323896
1549,4081.7422976236953
1550,4082.9347850368913
1551,4087.1608755085699
1552,4089.03335042341
1553,4089.6104133798558
1554,4092.0410368252774
1555,4093.8152375377372
1556,4094.6736898932254
1557,4097.053847839129
1558,4099.5965562801039
1559,4102.0243715713405
1560,4103.8642868349552
1561,4104.0717802257941
1562,4105.9921057897245
1563,4112.1463271895682
1564,4113.0948273943286
1565,4115.657004559801
1566,4121.4176538405445
1567,4124.1229805298171
1568,4124.4043776934668
1569,4126.8946479809711
1570,4131.0542832664314
1571,4137.1562270317236
1572,4139.5757525305562
1573,4140.9958369110782
1574,4144.7198761554937
1575,4144.9625160897331
1576,4146.2710252977813
1577,4147.2051163363158
1578,4152.1945514896815
1579,4152.8957879979389
1580,4153.131607364192
1581,4156.7516478027137
1582,4157.7828064908299
1583,4158.1212826534284
1584,4161.9785843421005
1585,4164.7954798975697
1586,4169.2379360873683
1587,4171.5080059692018
1588,4176.9583761733165
1589,4179.2524780405056
1590,4180.6613281570062
1591,4187.1930638054837
1592,4188.2863595390963
1593,4199.0669881134099
1594,4199.8504300668201
1595,4200.4929792103112
1596,4201.832188594768
1597,4206.2421576008592
1598,4207.38347412236
1599,4209.3397951853867
1600,4210.67676864237
1601,4217.3882499941301
1602,4218.2695868617875
1603,4220.3960574239181
1604,4220.6153505313068
1605,4222.8935744023665
1606,4224.2899858557857
1607,4225.4090708239628
1608,4232.3982170339714
1609,4232.4272868671987
1610,4233.9827173442491
1611,4238.1598106679621
1612,4239.9308244741305
1613,4241.4506994080493
1614,4244.9532661424983
1615,4248.3595256849767
1616,4249.8441858300475
1617,4251.3508058753987
1618,4252.0518034492388
1619,4252.4792993962747
1620,4257.4615941444699
1621,4260.9471974760181
1622,4261.3559072063281
1623,4263.72257350787
1624,4265.5130745601227
1625,4270.4980377806814
1626,4271.7263118267183
1627,4279.256976663155
1628,4280.5520098149045
1629,4281.565665473684
1630,4283.7777905027888
1631,4284.5298915835456
1632,4286.4366685594596
1633,4290.005774537447
1634,4292.0600792445148
1635,4297.596085965195
1636,4303.3730436202068
1637,4313.6030703558072
1638,4316.6452823801255
1639,4318.4727202998738
1640,4319.4671977537437
1641,4322.0647498866647
1642,4322.3584198232074
1643,4323.5271239788381
1644,4324.8407840936488
1645,4324.9955158559414
1646,4328.9596249698816
1647,4329.1441903777932
1648,4335.6145266981475
1649,4336.8877490204814
1650,4337.6995736383678
1651,4341.170777242367
1652,4344.6810910687955
1653,4347.6954246105306
1654,4348.7796981620058
1655,4350.7033293552031
1656,4355.7165048462757
1657,4358.8784856339862
1658,4359.1191688453337
1659,4360.7589314192182
1660,4362.6221087892864
1661,4362.7349483148746
1662,4364.6351852554963
1663,4367.4640691465538
1664,4371.7586534216471
1665,4377.5924560288422
1666,4377.7639114117392
1667,4379.958649934083
1668,4382.787610671915
1669,4384.4538233687026
1670,4385.1846745068497
1671,4385.8233271236459
1672,4392.2852663887179
1673,4392.5752026741211
1674,4395.8218080229626
1675,4402.7327322828287
1676,4403.721564479687
1677,4408.2351234946209
1678,4410.8612286562366
1679,4412.8514631201306
1680,4412.8927206324242
1681,4414.5738410571803
1682,4419.9813718436917
1683,4425.9254382127092
1684,4427.9058550033142
1685,4430.2335026766868
1686,4435.8320507156141
1687,4435.9784903845248
1688,4437.0797916414476
1689,4438.7149825883871
1690,4441.9670766363706
1691,4445.403445278831
1692,4446.8254219773198
1693,4446.9556643396381
1694,4449.7009600800284
1695,4449.9437122528188
1696,4450.3067946194878
1697,4463.6876486268056
1698,4467.531813534978
1699,4467.6832216072171
1700,4468.0106297313387
1701,4471.8524302334927
1702,4473.046352828811
1703,4479.9512700382884
1704,4482.9592430501716
1705,4487.9725324268557
1706,4489.0405955224305
1707,4489.3241538969442
1708,4491.0707216151577
1709,4491.9336117601406
1710,4494.9911355199556
1711,4496.2040757428604
1712,4500.5252031233667
1713,4501.8401238089691
1714,4503.3484985055238
1715,4504.0150453267306
1716,4506.1305008931013
1717,4512.9951630411106
1718,4514.8054030675521
1719,4515.0442518759392
1720,4515.0774139648038
1721,4516.1359105868351
1722,4516.9564481200396
1723,4517.4309053854595
1724,4524.8789150119701
1725,4528.0787425733706
1726,4530.1420510421458
1727,4536.7623556242406
1728,4539.0460477623565
1729,4541.2194713288882
1730,4542.973380058138
1731,4543.1185006910773
1732,4543.2061562707504
1733,4544.7909122218125
1734,4552.6064551482641
1735,4557.3313621224415
1736,4557.6504282788592
1737,4560.1635029252693
1738,4566.9677132827228
1739,4567.9270090064747
1740,4572.2814197561347
1741,4572.4107898478096
1742,4573.2480071582459
1743,4578.313206396424
1744,4578.4638574719202
1745,4579.2137286692878
1746,4586.5568045243708
1747,4588.1626547170663
1748,4596.1748216434635
1749,4600.269148530936
1750,4603.3616569702735
1751,4609.9798887700736
1752,4614.1518597707263
1753,4615.9195009565592
1754,4616.0953226295887
1755,4616.7789903002449
1756,4617.1598663665827
1757,4617.4116519782583
1758,4618.3583953931657
1759,4620.4615021499594
1760,4622.1732118578802
1761,4623.0523585472938
1762,4623.3297324460555
1763,4623.8979000218542
1764,4625.8186741338041
1765,4629.1918929460608
1766,4634.0975705703677
1767,4636.4468166552606
1768,4638.2159022051201
1769,4639.2833388294939
1770,4639.6771338157905
1771,4648.3954425157945
1772,4649.2452288583554
1773,4655.5792511557775
1774,4657.4944922167842
1775,4657.6842661131495
1776,4658.5147393942243
1777,4662.2798570599134
1778,4665.473129144114
1779,4671.5368472797118
1780,4675.4662417437221
1781,4677.3197689795197
1782,4677.9107660549935
1783,4679.2702489245867
1784,4680.1813390273046
1785,4685.5943363682672
1786,4691.2179770397788
1787,4692.4080026231795
1788,4694.364941997228
1789,4701.6223973896031
1790,4703.229499364621
1791,4704.5420845368972
1792,4704.994772845198
1793,4705.0037781192368
1794,4708.6316888682122
1795,4708.9529344319853
1796,4713.4153491981388
1797,4714.5921319810359
1798,4716.8691439961276
1799,4728.7431725511524
1800,4730.813046574106
1801,4734.4709584082284
1802,4734.6943333857416
1803,4735.622922606949
1804,4739.3138327644274
1805,4741.0456042225351
1806,4744.5746736326755
1807,4746.7345504282093
1808,4747.5365458082433
1809,4747.7312796075348
1810,4750.2929083952831
1811,4752.7296925761666
1812,4753.3009070507705
1813,4757.5317373113012
1814,4758.3142393284797
1815,4764.36318016108
1816,4765.3329006844315
1817,4765.7153093601801
1818,4768.341039520049
1819,4768.7087008152184
1820,4774.3568830386776
1821,4774.3632896510717
1822,4782.5976429956845
1823,4785.3861731640964
1824,4788.1081014659021
1825,4788.8355451877151
1826,4793.8511212347576
1827,4798.4207540448806
1828,4800.4497116162938
1829,4803.7993603364002
1830,4803.9782422831477
1831,4804.6688554212424
1832,4805.9428837162968
1833,4806.1833588163181
1834,4809.6686327907046
1835,4809.9129096617871
1836,4813.4606042005798
1837,4815.8087191812028
1838,4818.842565173426
1839,4819.8038223957301
1840,4821.8673875044014
1841,4830.5056966984466
1842,4831.9444149605715
1843,4833.65067843824
1844,4838.7446550105096
1845,4840.8948364322305
1846,4842.9720160932375
1847,4847.4641816625381
1848,4847.4987150254965
1849,4849.556002228308
1850,4851.453050708792
1851,4863.5888379852831
1852,4863.8048161813331
1853,4869.8256537749248
1854,4870.611484652235
1855,4873.2103837882078
1856,4873.3238617773259
1857,4873.9737935249859
1858,4877.0578038646963
1859,4879.9950597314482
1860,4883.0734983457851
1861,4888.3697295849661
1862,4891.3776707217767
1863,4893.0072241119296
1864,4893.6720985662741
1865,4894.0971406984227
1866,4896.390906653548
1867,4898.9219902969235
1868,4900.9943378609532
1869,4902.911571577728
1870,4903.4094318855214
1871,4904.9490173297609
1872,4912.4332362235582
1873,4912.8582506936464
1874,4918.7378043284389
1875,4921.0999492270621
1876,4922.6355322031905
1877,4923.4623038625496
1878,4924.17562426516
1879,4924.7217848113523
1880,4924.9442995621403
1881,4928.5870453109892
1882,4928.73106563076
1883,4931.108880553048
1884,4936.4966147369341
1885,4938.0023358138124
1886,4940.5392363900164
1887,4942.4669451689279
1888,4945.8085465403456
1889,4947.2263893925001
1890,4951.5361427496409
1891,4960.3100889287907
1892,4962.2045810153832
1893,4964.2094216806463
1894,4966.1489918617563
1895,4968.5808564112713
1896,4973.297776862556
1897,4974.8842656675124
1898,4975.0978740036126
1899,4984.0336888495985
1900,4987.6307192115873
1901,4988.0871672675594
1902,4990.2477050033704
1903,4995.8762378658921
1904,4999.7734793906557
1905,5001.9763983702933
1906,5002.3596525413523
1907,5005.9648968435204
1908,5007.9055275041364
1909,5008.6856885829147
1910,5009.3233829499468
1911,5011.7092407015207
1912,5013.6124207129442
1913,5014.1981013786271
1914,5017.787188165732
1915,5024.4241569816395
1916,5028.3771881061029
1917,5031.3850125716554
1918,5031.621045310545
1919,5031.7457141136156
1920,5036.3980532567421
1921,5039.0503677476117
1922,5041.2924637229298
1923,5043.3358014195519
1924,5043.4163031073313
1925,5049.4066253333631
1926,5051.390135235516
1927,5052.4397490488882
1928,5053.2332754627714
1929,5055.3029269808749
1930,5056.4417297060545
1931,5056.8107431292083
1932,5059.4968077708254
1933,5063.468371931227
1934,5065.0241861382519
1935,5071.1433118918312
1936,5074.1405961517867
1937,5076.5021462157247
1938,5077.5546476950294
1939,5078.9122733551076
1940,5083.8807058637749
1941,5086.7600889690448
1942,5091.5410406505607
1943,5096.8303417481839
1944,5098.4122536188825
1945,5100.9938482339448
1946,5104.9446080547523
1947,5105.5643511755397
1948,5108.5850165285383
1949,5111.2354931756445
1950,5112.8459879147749
1951,5112.9555373979165
1952,5114.536029381401
1953,5118.4373958344131
1954,5118.637722106514
1955,5120.3824659763013
1956,5124.6977064567409
1957,5126.4667990086973
1958,5127.6340290302805
1959,5132.689122108729
1960,5136.1747301554651
1961,5140.4993368668302
1962,5143.5259659932117
1963,5144.0351555584693
1964,5148.6880254170283
1965,5150.3349574689983
1966,5156.6911214079792
1967,5160.0516080719726
1968,5160.2503043706665
1969,5161.9097358893187
1970,5170.3096443464301
1971,5171.7469445995175
1972,5173.3172816129818
1973,5177.1194716581067
1974,5178.330009201637
1975,5179.6852330993243
1976,5179.7822513125884
1977,5183.9498810280684
1978,5185.3478173510266
1979,5189.53456918143
1980,5189.8274416848344
1981,5190.6439414154493
1982,5191.4388793121288
1983,5194.3706896032654
1984,5196.8107184552227
1985,5197.5835258660209
1986,5203.9743109703286
1987,5205.3986015093833
1988,5209.3276760922254
1989,5209.8219035701813
1990,5209.8971705380009
1991,5211.5971806106072
1992,5212.208385199534
1993,5218.431521254226
1994,5219.7683552506214
1995,5223.879268127328
1996,5233.4694092794016
1997,5233.5874920677761
1998,5234.5471331022354
1999,5239.0611313024037
2000,5239.7660450050453
2001,5242.9302370248924
2002,5243.1911527378033
2003,5246.8375796630417
2004,5248.9694532528883
2005,5249.301784070165
2006,5250.5122184695783
2007,5251.3540508940878
2008,5252.95250525963
2009,5260.689402273526
2010,5264.9565475589961
2011,5269.5598904665776
2012,5273.0673434123782
2013,5278.7305699393155
2014,5279.6595823546022
2015,5284.0303298816125
2016,5284.4828155503146
2017,5288.3995446406334
2018,5290.6123610488457
2019,5290.8921227355795
2020,5298.7265161598098
2021,5304.9932904176667
2022,5308.0815091808117
2023,5308.9395845197878
2024,5310.1149879246059
2025,5313.6695531579544
2026,5314.1608903441993
2027,5315.9928871928323
2028,5316.8320161979555
2029,5317.1126302481289
2030,5317.1682562616434
2031,5318.2140280442363
2032,5322.0948836645839
2033,5322.1805298628324
2034,5326.7760721544646
2035,5328.3305439999476
2036,5328.6702691821201
2037,5329.1976980070885
2038,5329.5015262340721
2039,5333.8467674897611
2040,5338.2197395344256
2041,5338.7313809370153
2042,5344.0220041441116
2043,5344.4538662354398
2044,5349.2466226839442
2045,5352.1992793818063
2046,5361.6399240060664
2047,5361.8782219337691
2048,5362.2783075083289
2049,5364.18215935224
2050,5365.7977448265083
2051,5372.6075705141029
2052,5373.2638590483557
2053,5375.2358747576063
2054,5375.8964298429364
2055,5377.3147431598882
2056,5381.2367249808285
2057,5387.1509579020239
2058,5387.854333391112
2059,5389.2901357749188
2060,5394.3558694138565
2061,5394.8685324115631
2062,5399.1554954840531
2063,5399.3681649338787
2064,5409.0064495956431
2065,5409.971915698874
2066,5413.4016141733882
2067,5415.4693913262208
2068,5415.8875797344626
2069,5417.7175034852144
2070,5425.7467405199832
2071,5425.9436175416449
2072,5427.0204601517462
2073,5428.3850389672471
2074,5434.4518941066335
2075,5438.4158568889243
2076,5439.548978015463
2077,5440.7987577652602
2078,5442.3818609378732
2079,5444.3931258784123
2080,5447.0261520335607
2081,5456.2923968988007
2082,5457.2936941584921
2083,5457.5066118415161
2084,5459.0228543836511
2085,5459.924075251166
2086,5460.3115755468498
2087,5462.9310694651631
2088,5464.8311227459226
2089,5467.9427210642134
2090,5469.4838085901356
2091,5474.9590126274334
2092,5478.9801101019821
2093,5480.1479440619041
2094,5482.5232360687896
2095,5482.5656578074586
2096,5483.9799157673069
2097,5486.1682171905295
2098,5494.1060826910043
2099,5495.0053902788541
2100,5504.6072639347058
2101,5505.5300519715074
2102,5505.570750237126
2103,5508.0353835226779
2104,5509.6289041799937
2105,5512.5862399250955
2106,5512.9926451137435
2107,5513.9482026709857
2108,5515.4324495004448
2109,5515.5530263459978
2110,5516.9337729224198
2111,5521.9590591513743
2112,5523.0698324111863
2113,5524.8158506050386
2114,5531.1931176443441
2115,5534.1739972327532
2116,5535.278629360896
2117,5535.4744967279112
2118,5536.6385205587021
2119,5538.6962073433979
2120,5540.1086584083805
2121,5552.4012381138109
2122,5557.692102635393
2123,5559.151769532451
2124,5565.068488878389
2125,5565.3318115743368
2126,5567.6789482584754
2127,5569.7674012010521
2128,5570.2837474119124
2129,5570.6810369962041
2130,5572.103271887634
2131,5574.7282681656843
2132,5576.5753829848491
2133,5580.1990590628775
2134,5588.7153120166649
2135,5592.4122343202835
2136,5595.7436942278218
2137,5602.8423000876728
2138,5603.2504022940611
2139,5604.8011313963689
2140,5605.1205397103568
2141,5607.5916187876965
2142,5610.5981212556717
2143,5611.3777405954543
2144,5612.6394586486203
2145,5615.6089499543541
2146,5618.1916877836647
2147,5619.9691187307862
2148,5622.6240812521883
2149,5623.3213728021392
2150,5625.8763800405786
2151,5628.3056554917994
2152,5631.6434781902317
2153,5635.7214971976782
2154,5637.834467164429
2155,5637.9207187883076
2156,5639.7208700739757
2157,5642.6670884254936
2158,5645.8881076207545
2159,5646.4969672280477
2160,5649.5039894367546
2161,5651.5484248488519
2162,5653.9130259109979
2163,5654.4748286263102
2164,5654.8349610103678
2165,5655.3646553205108
2166,5655.6948458283105
2167,5663.87969412656
2168,5667.2231725778283
2169,5670.7266642990671
2170,5673.3174574577906
2171,5675.0023429346547
2172,5684.4272156338839
2173,5687.7624461175355
2174,5688.878158479989
2175,5690.2828857360428
2176,5691.8061613491045
2177,5699.5746915040245
2178,5704.868525600963
2179,5705.0274661432968
2180,5706.8020744117639
2181,5706.9900672362492
2182,5712.6868264799759
2183,5714.0869647170312
2184,5714.4678457034179
2185,5715.4931245650441
2186,5719.0499506848118
2187,5724.99188346761
2188,5727.8454074553847
2189,5728.9269126086829
2190,5729.6633357830488
2191,5730.4454211246948
2192,5736.7967678852847
2193,5741.0458242703326
2194,5743.9909007085971
2195,5746.6769864006701
2196,5748.5621072049862
2197,5748.6010558457237
2198,5750.8922863304642
2199,5755.1742498222957
2200,5757.155109229283
2201,5758.1439634983926
2202,5760.160976314226
2203,5764.3390871030233
2204,5765.1707413676631
2205,5772.0179997018095
2206,5772.1843740347558
2207,5772.9742644782054
2208,5775.8269942750703
2209,5775.9425232865397
2210,5777.4457695848369
2211,5778.1473593399469
2212,5781.2018224134154
2213,5783.6339584543575
2214,5784.0100839273155
2215,5789.5750857560015
2216,5792.2230212194609
2217,5794.213366585177
2218,5795.7812904900447
2219,5798.2638337631715
2220,5802.9959089381728
2221,5805.247883383804
2222,5807.6129479522187
2223,5813.2621389800643
2224,5814.8306285354047
2225,5820.213316181379
2226,5820.2763013736303
2227,5820.7083038744677
2228,5832.0521958319214
2229,5833.9657761799144
2230,5835.146373385297
2231,5837.3081453667073
2232,5839.8629932688664
2233,5840.9683998085211
2234,5841.1687045403378
2235,5843.3552995517512
2236,5846.8871352451661
2237,5849.6913210321418
2238,5850.7059550524746
2239,5851.3058547166092
2240,5856.1433991740214
2241,5856.3432733517266
2242,5859.7847594884597
2243,5863.1111027578136
2244,5863.4501977952887
2245,5866.6088058062442
2246,5870.3814204246009
2247,5871.3778850738381
2248,5877.3814725659631
2249,5881.1388251542612
2250,5890.4481625706612
2251,5896.1723091226577
2252,5899.9939583439891
2253,5900.4225612811088
2254,5900.8629297026928
2255,5901.3817340254318
2256,5901.9984368111045
2257,5902.7561746162037
2258,5908.1104396690953
2259,5908.6051835183407
2260,5911.6102426823627
2261,5912.3200399961888
2262,5913.8373893692315
2263,5916.618655044339
2264,5923.6303784718421
2265,5925.4662981441898
2266,5926.4649768455929
2267,5928.3009424401998
2268,5929.5011582576881
2269,5931.2354507383807
2270,5932.6453496173635
2271,5939.5418623026544
2272,5940.9909597426404
2273,5941.3131296686506
2274,5943.6634798366531
2275,5943.9423374074941
2276,5944.9185947052165
2277,5950.542938252006
2278,5952.5124051778148
2279,5952.7736225495692
2280,5955.1011303113046
2281,5956.6846550033424
2282,5957.7716027084716
2283,5964.5555569472917
2284,5968.3000864142869
2285,5971.7087383644039
2286,5977.252333977236
2287,5978.9685678091464
2288,5980.2636627111187
2289,5981.5605453245716
2290,5984.5504830912514
2291,5985.4713411514131
2292,5988.7355599661832
2293,5989.0224039718687
2294,5990.6205345847975
2295,5990.6357488007625
2296,5991.1663321393999
2297,5999.8969416753034
2298,6003.6240223743716
2299,6007.3657358002629
2300,6007.764924421087
2301,6012.2078466038838
2302,6012.6103621504135
2303,6023.454124296466
2304,6028.4828897788584
2305,6028.7966069804115
2306,6031.7078614137363
2307,6036.1024466693098
2308,6043.7290002807704
2309,6045.661416993973
2310,6046.0986684340323
2311,6048.3931747404476
2312,6048.4318295107787
2313,6050.9336660471199
2314,6051.8303018523611
2315,6051.9616524116373
2316,6053.7387671751785
2317,6057.8464764758601
2318,6060.6215823641378
2319,6061.9313848312913
2320,6064.935428234654
2321,6067.6540736743746
2322,6069.7189853715781
2323,6069.9421394338851
2324,6071.3132078938106
2325,6076.8657193177833
2326,6076.9514646973621
2327,6080.7132319899556
2328,6081.3837843418296
2329,6082.3336467970312
2330,6082.7821413069123
2331,6085.1817259278359
2332,6085.9633156210048
2333,6091.4976914725066
2334,6096.9775800722082
2335,6098.8207514986616
2336,6099.0346287099246
2337,6103.9024928209219
2338,6109.9941125122596
2339,6114.8717551590553
2340,6115.2264570624575
2341,6117.6520107681972
2342,6117.7653666479991
2343,6118.8545338077283
2344,6120.6053778486375
2345,6121.5318972385876
2346,6125.0127335094894
2347,6132.4160190235389
2348,6132.9401959179368
2349,6136.2592395851816
2350,6136.5625692453232
2351,6137.7697475801824
2352,6142.0332204008137
2353,6146.0945092065804
2354,6155.9098345052835
2355,6156.8167481341152
2356,6156.8863776783883
2357,6160.989796568083
2358,6161.0553146678176
2359,6163.9380895160975
2360,6163.9783362101298
2361,6164.9081147440111
2362,6172.7444549440843
2363,6175.5001194837305
2364,6182.0787152683697
2365,6183.6254625405172
2366,6184.4982253898515
2367,6185.9665850252723
2368,6186.3506026499026
2369,6189.3339950357395
2370,6195.5149863710303
2371,6196.6668800473008
2372,6197.0163529256424
2373,6197.8670033866301
2374,6200.0335339693302
2375,6200.1686533697566
2376,6205.1030662561352
2377,6208.8200106796767
2378,6214.9949469575913
2379,6216.9143401505544
2380,6217.1219928640267
2381,6219.7541505346999
2382,6220.124769388186
2383,6225.129357996997
2384,6230.1279511776502
2385,6232.0535670022282
2386,6232.1356862839102
2387,6232.6854085433242
2388,6240.9150742232341
2389,6241.1436424170588
2390,6243.2535096651682
2391,6244.4045602461874
2392,6246.0516343555582
2393,6247.0905522515477
2394,6252.15307945327
2395,6255.0731035866838
2396,6257.1528911557234
2397,6259.4691973407325
2398,6260.6084399834544
2399,6265.163804835166
2400,6269.0892258073955
2401,6270.6647583701297
2402,6273.7964875944181
2403,6273.9563306077134
2404,6276.0744209675686
2405,6279.8251294632346
2406,6280.1755849968768
2407,6283.7410176424228
2408,6285.9599251176523
2409,6286.1773157800571
2410,6287.1919451452559
2411,6289.6059207602702
2412,6297.1881356530403
2413,6298.0534683596015
2414,6301.469355311624
2415,6301.985682513593
2416,6303.2978470060134
2417,6308.1224439728194
2418,6316.2011181070393
2419,6317.2005734965642
2420,6320.8997200232334
2421,6326.1718686493896
2422,6327.6940219389917
2423,6332.2374958251357
2424,6333.000283813949
2425,6334.5801539766198
2426,6336.7907876576537
2427,6337.2132731190277
2428,6337.2141436529646
2429,6339.1461689942053
2430,6342.41001736408
2431,6349.1521302118308
2432,6350.2219181060464
2433,6352.9182727781481
2434,6360.2267203249412
2435,6360.5265326120007
2436,6367.8267186374551
2437,6374.1638180452692
2438,6376.3448264797735
2439,6377.1650226867132
2440,6381.1846981488197
2441,6382.0345224603925
2442,6382.1669777787292
2443,6384.9882448277258
2444,6385.2383050261114
2445,6385.2404889963909
2446,6388.8941311656399
2447,6389.1695855606131
2448,6391.8326297307558
2449,6392.1770696230151
2450,6396.7053650908147
2451,6396.7694731237962
2452,6397.147465658215
2453,6398.1727039394427
2454,6399.2600437966721
2455,6404.2075989597561
2456,6408.4216605335878
2457,6409.1761357345395
2458,6411.6800656915684
2459,6412.2483377676735
2460,6419.3765702011624
2461,6421.5734519287944
2462,6422.1796374044825
2463,6422.2551863472399
2464,6424.0414142712816
2465,6430.3695184022845
2466,6433.0608318602599
2467,6434.0289477647002
2468,6437.182887695325
2469,6437.1957246485017
2470,6441.2559409622736
2471,6443.5630992751694
2472,6448.8644500063965
2473,6454.1855419005651
2474,6461.2647620144835
2475,6466.3043327432651
2476,6466.9848724163821
2477,6467.4892794498219
2478,6467.8308953426667
2479,6471.2553647243722
2480,6472.2603428283155
2481,6473.1871426294483
2482,6474.333764622188
2483,6484.2062857211376
2484,6484.606992958752
2485,6486.0770971458214
2486,6490.765110949098
2487,6494.1870986616086
2488,6494.3040519130354
2489,6499.9489200515491
2490,6502.2678543665324
2491,6505.260465381778
2492,6505.7954582876655
2493,6507.8831029884177
2494,6508.5038740906384
2495,6515.5389422837807
2496,6517.1238334422187
2497,6517.1850001171288
2498,6525.5176814915167
2499,6529.1782248328373
2500,6533.0419568593425
2501,6533.2066359932578
2502,6536.0412174800776
2503,6540.2551233756149
2504,6540.285124175105
2505,6540.8730753253449
2506,6541.0399101485445
2507,6541.0803889795197
2508,6542.1799303018624
2509,6545.2626488108954
2510,6546.7117296532224
2511,6548.0379158513542
2512,6549.6232454145511
2513,6551.3876708666094
2514,6553.4079868249546
2515,6557.0350393265271
2516,6560.6223355635329
2517,6568.0310249897693
2518,6568.1372018272168
2519,6568.884995651706
2520,6569.1711230344763
2521,6571.8292894091273
2522,6577.2429956717097
2523,6581.0255539573945
2524,6584.1941133615155
2525,6590.2471082270213
2526,6593.452233160343
2527,6596.018220818888
2528,6598.0669680351893
2529,6598.157540919522
2530,6599.613913370812
2531,6602.1965937543446
2532,6611.2913426006726
2533,6612.9859712681427
2534,6613.0085464205786
2535,6615.8901600744284
2536,6616.2222584916872
2537,6616.6170730975482
2538,6616.8736397634148
2539,6622.6534016262976
2540,6624.6484177941529
2541,6629.1379963471718
2542,6630.4146694415076
2543,6631.8651529691015
2544,6631.995988462997
2545,6636.3092380016642
2546,6637.1651248459675
2547,6637.2189242983104
2548,6642.4873861700453
2549,6651.8543859582041
2550,6652.979732391741
2551,6654.8639674696005
2552,6655.7368766438685
2553,6657.0330195555571
2554,6657.1911116105648
2555,6662.1111843984545
2556,6671.2815605739215
2557,6675.9591086210885
2558,6684.2657377873174
2559,6685.5807343749238
2560,6686.174206531683
2561,6689.2372757797666
2562,6692.1162407818983
2563,6692.6977515129802
2564,6692.8735530714257
2565,6693.7394862531346
2566,6694.5880363531305
2567,6696.7363438016364
2568,6696.8172803405823
2569,6697.0755198852003
2570,6700.1466461574191
2571,6700.9330952259606
2572,6701.7310144387529
2573,6708.7233234466175
2574,6711.4042524263514
2575,6717.7130244723221
2576,6717.9721925862605
2577,6721.7696726322647
2578,6727.9005618225556
2579,6728.6997914915255
2580,6729.9372359686704
2581,6733.531012675493
2582,6734.0288163488758
2583,6735.7486053971406
2584,6737.1098023035056
2585,6739.8573273003803
2586,6741.6831975149898
2587,6745.086287330324
2588,6745.433062399863
2589,6749.0417114047359
2590,6752.8223959954548
2591,6756.5055716687666
2592,6756.6627303602745
2593,6756.8602221927977
2594,6758.9887698554867
2595,6759.1973031206426
2596,6763.7331118875254
2597,6771.8087952986416
2598,6772.9690006775518
2599,6773.6377035001933
2600,6776.4131060217715
2601,6778.2303578887131
2602,6780.8773479017837
2603,6787.7404054139342
2604,6787.8107498546924
2605,6790.0206352183541
2606,6792.0063877366929
2607,6792.6074073069103
2608,6794.340016254786
2609,6797.7028946711816
2610,6807.9346758283873
2611,6813.5709109765485
2612,6813.8930842022219
2613,6820.7492322167209
2614,6822.8534977681356
2615,6826.5186298957742
2616,6826.7880295444493
2617,6829.3774952498925
2618,6832.6006487677178
2619,6836.0695243968976
2620,6836.5271633159446
2621,6840.9023211676667
2622,6844.9004724054948
2623,6844.9819712849649
2624,6845.7378637340962
2625,6848.8375693197495
2626,6851.8599426546407
2627,6852.6764779131445
2628,6855.674579010989
2629,6856.2370914467392
2630,6856.5477932368931
2631,6856.797698596667
2632,6859.2309851104346
2633,6861.4747979285203
2634,6864.2206764235889
2635,6868.1104869008141
2636,6868.7861834553105
2637,6869.1485145036522
2638,6871.2059451032083
2639,6879.1956684702245
2640,6880.1864648187402
2641,6883.5228930431267
2642,6884.715401130733
2643,6888.4123836141171
2644,6891.1617969679455
2645,6891.7683054698746
2646,6892.5836451233054
2647,6901.6783676498681
2648,6901.7412135887789
2649,6902.7803080253352
2650,6903.4036255231022
2651,6904.1313353606138
2652,6904.1759710964843
2653,6912.539979159641
2654,6914.8566280255309
2655,6915.6214753258828
2656,6917.3380847486378
2657,6919.0945502707282
2658,6921.4119867202562
2659,6925.8776887549084
2660,6931.4731043975871
2661,6931.5841540398114
2662,6935.4431764661713
2663,6936.0504402587303
2664,6944.5970778924748
2665,6948.2497102073376
2666,6948.5302859620242
2667,6952.8074113716057
2668,6954.9980290680978
2669,6960.5320376182672
2670,6961.9403120204342
2671,6963.9127468836796
2672,6965.9261255073352
2673,6969.6501379818847
2674,6972.3391294196954
2675,6975.9361021371715
2676,6976.1164814682879
2677,6979.2097038341808
2678,6980.8694344031819
2679,6981.1447025980115
2680,6981.2635455394729
2681,6983.5610884169482
2682,6992.5870359116425
2683,6995.5183759324864
2684,6996.3113524729242
2685,6997.3462276996725
2686,6998.8632651609396
2687,6999.3789989435973
2688,7006.288596843413
2689,7009.7761664695827
2690,7015.1765536517587
2691,7016.0199739707869
2692,7018.1268510727386
2693,7020.0510886551347
2694,7020.5126010945278
2695,7021.2586663559414
2696,7023.5028240052497
2697,7023.7777319241222
2698,7028.4863540979968
2699,7030.7680650615512
2700,7035.4628961659419
2701,7044.4320209642055
2702,7048.117656765422
2703,7050.677332193558
2704,7050.7012610270167
2705,7051.8773182425011
2706,7052.871660158713
2707,7054.4426531505806
2708,7055.3931473372422
2709,7055.5518984467517
2710,7056.1014005325442
2711,7056.4920750818046
2712,7059.4075049057064
2713,7059.9792897754987
2714,7062.9431028145509
2715,7068.3455581176522
2716,7077.9802896458832
2717,7079.5599692493724
2718,7080.9700953828396
2719,7083.2883157730575
2720,7083.8996574852536
2721,7084.1125546859139
2722,7084.7300766572343
2723,7091.6951182278526
2724,7092.2458146964545
2725,7098.6385943874684
2726,7100.2203112571806
2727,7100.8332570578186
2728,7103.5086079127695
2729,7106.3857877781111
2730,7106.7392506053848
2731,7110.4222965235858
2732,7114.7463455924753
2733,7116.430083323562
2734,7118.5042033280743
2735,7119.1401906981182
2736,7124.3345980138347
2737,7127.0928403562439
2738,7131.4425538092155
2739,7132.4845309071352
2740,7137.2116791689214
2741,7139.6954119572001
2742,7140.0463205941751
2743,7143.2608167468861
2744,7144.5445413211755
2745,7148.4265070957763
2746,7152.4792631870268
2747,7155.4461352476601
2748,7155.4778514952914
2749,7159.6005219904919
2750,7162.0951888048394
2751,7162.9367429513386
2752,7175.2325044203362
2753,7175.2895441380888
2754,7178.0711291994085
2755,7185.6246637786244
2756,7186.5403990179493
2757,7187.8091076392075
2758,7189.5260675985282
2759,7192.2238411017861
2760,7194.1803636253744
2761,7194.5019427002371
2762,7198.5537448120167
2763,7200.4967543422699
2764,7201.4676344205627
2765,7201.7502989905661
2766,7204.4707637134043
2767,7205.172847447795
2768,7206.0869173145229
2769,7210.422574156366
2770,7212.0298578285156
2771,7212.418646017115
2772,7214.6604676018715
2773,7214.7924024066997
2774,7214.8480131801389
2775,7215.2105530304825
2776,7219.9299930088628
2777,7221.3659996219976
2778,7221.5427282793571
2779,7224.3401437759812
2780,7234.2969210977799
2781,7235.6113077406271
2782,7237.6940629509618
2783,7240.2348793006977
2784,7243.4877382979666
2785,7247.5055146484619
2786,7248.2235090171662
2787,7249.2141262520672
2788,7253.5840182935908
2789,7258.6427392441883
2790,7260.1022100079726
2791,7266.116082064872
2792,7266.5645529824014
2793,7270.4596949200495
2794,7273.7639016927906
2795,7274.2864447707279
2796,7274.3826168193327
2797,7282.5578627312807
2798,7282.9237470296812
2799,7283.9417227402082
2800,7284.3360297302361
2801,7284.6911186696725
2802,7285.0010479248795
2803,7294.2712049469883
2804,7301.9038133892618
2805,7304.4628533980958
2806,7305.866703242682
2807,7307.0514609705178
2808,7311.7521468151435
2809,7313.0883475066739
2810,7315.1201535463097
2811,7320.6159496595856
2812,7321.7198690247287
2813,7325.7395395816002
2814,7328.7104166575718
2815,7330.7224696249177
2816,7332.9130958834994
2817,7333.4956265998644
2818,7336.898332767686
2819,7341.7765241828647
2820,7343.532837322593
2821,7344.6928825213708
2822,7347.2849424630112
2823,7351.4844655523002
2824,7352.6903395563595
2825,7353.529017046817
2826,7354.2906750422226
2827,7357.2706626724148
2828,7357.8473963613078
2829,7362.2369835728314
2830,7364.9578834696304
2831,7365.5746866523514
2832,7367.8241467154749
2833,7368.3990990685825
2834,7369.1891037418718
2835,7369.3870396138045
2836,7378.1262886159475
2837,7378.4537312632538
2838,7379.2824872112105
2839,7380.3183960632241
2840,7381.4508823503747
2841,7382.4403654027838
2842,7386.3118186196607
2843,7389.0475219879308
2844,7392.7475198307711
2845,7401.3833522152281
2846,7401.9514395641017
2847,7409.0737875648447
2848,7416.8363295783147
2849,7417.0414017157154
2850,7417.0727781793594
2851,7417.8976918560311
2852,7418.99939415469
2853,7421.8448004843258
2854,7423.8234856075842
2855,7427.4817177046425
2856,7427.9097260824065
2857,7428.8243464135421
2858,7433.7004259854866
2859,7434.7898699298448
2860,7435.2856252631564
2861,7439.789336623704
2862,7440.420780908602
2863,7444.3368575170389
2864,7450.4837030877352
2865,7452.5409326671006
2866,7456.4126676684855
2867,7457.4563203290008
2868,7457.6217922830538
2869,7460.2905499136014
2870,7462.6833760585869
2871,7472.0418213287849
2872,7472.4577320855333
2873,7473.3549068408029
2874,7473.5708207218759
2875,7475.7143331244679
2876,7476.2475711127017
2877,7487.2852027570425
2878,7489.232066113982
2879,7495.6319651072945
2880,7495.6419152511262
2881,7496.1389469992127
2882,7499.2229292402462
2883,7500.080024603697
2884,7502.4206385069529
2885,7503.9163034371632
2886,7507.0689026375803
2887,7510.3306695022366
2888,7516.8968600006119
2889,7520.8875537061012
2890,7521.4901714437701
2891,7523.2400539495775
2892,7523.7284506382139
2893,7526.4264538967564
2894,7526.7013149111417
2895,7527.9400293589388
2896,7531.6556290213384
2897,7538.5907073337357
2898,7538.7937636420456
2899,7543.6112988875957
2900,7544.4271050023472
2901,7545.5300170104947
2902,7547.5054146445082
2903,7547.5962738282897
2904,7548.6361683532205
2905,7558.3986525786386
2906,7561.0378545524118
2907,7561.9756088783906
2908,7562.7155977132161
2909,7565.1320847037668
2910,7569.4537721441875
2911,7571.2682842928998
2912,7572.5583273031689
2913,7573.8186396457904
2914,7576.2573518394302
2915,7577.482566053638
2916,7578.3518354585422
2917,7578.4088843711388
2918,7582.0693083188553
2919,7585.4710240097374
2920,7586.1122795796045
2921,7587.4178201465229
2922,7589.2105815857949
2923,7590.6299933153186
2924,7597.7841878079589
2925,7602.9277899145345
2926,7603.3404320341988
2927,7604.4314537357732
2928,7606.862221369478
2929,7611.2040156333824
2930,7617.5126620667725
2931,7621.7111347432983
2932,7622.1168481769837
2933,7622.4218993445638
2934,7627.2713558890264
2935,7630.4813613742062
2936,7632.0441708778844
2937,7637.3499340471071
2938,7638.6404096568813
2939,7639.4006678027781
2940,7642.4585056256383
2941,7644.4168457138039
2942,7651.6047938008505
2943,7651.947440609365
2944,7652.7177871668291
2945,7655.2672749626863
2946,7664.6396198973252
2947,7665.1645483561824
2948,7673.8558034971047
2949,7674.0372686322416
2950,7676.5239846192953
2951,7677.0104425423524
2952,7681.3571258599814
2953,7684.6028590586093
2954,7687.2308380352433
2955,7688.3837094184155
2956,7689.8221729221095
2957,7689.9828363940269
2958,7694.8122907171655
2959,7695.8766088589527
2960,7697.7761229274329
2961,7702.6175492289631
2962,7702.7153283737935
2963,7704.2515040195176
2964,7705.5013134590872
2965,7708.6822207405703
2966,7709.6286781122626
2967,7710.2110278218552
2968,7710.6214954775978
2969,7716.4223150493717
2970,7716.8061790017164
2971,7718.1835322625138
2972,7718.5150247602378
2973,7722.8203730988726
2974,7729.3722595791924
2975,7730.4628581389461
2976,7736.4363998077943
2977,7739.7345309720249
2978,7740.5438687562619
2979,7741.9364971891455
2980,7742.1981247839021
2981,7743.6268540035862
2982,7744.9580130340619
2983,7746.448378117766
2984,7747.1446844033426
2985,7748.440093962392
2986,7754.487570193226
2987,7756.9894395497931
2988,7760.9383912115036
2989,7762.9409987743775
2990,7770.8793224169303
2991,7773.7420651231205
2992,7775.4125517468738
2993,7778.8156164224329
2994,7781.9015837685229
2995,7784.5909800032332
2996,7788.5061136499862
2997,7792.4397060537922
2998,7792.4824822529936
2999,7800.1153057577558
3000,7800.3268159607114
3001,7801.9625856085013
3002,7805.0415669410913
3003,7807.7686280130029
3004,7807.9198801601906
3005,7809.312442852286
3006,7812.9881266815846
3007,7813.0430562145748
3008,7813.1122496462231
3009,7816.9098315103911
3010,7824.6291517198242
3011,7828.042657669419
3012,7830.3574393584795
3013,7832.2674770815975
3014,7833.019249195665
3015,7835.7134109717526
3016,7835.7428664483577
3017,7842.0046879057591
3018,7846.0247184797363
3019,7847.9995382180814
3020,7850.4423193599705
3021,7850.9313656274544
3022,7852.1498167431846
3023,7858.1397418751467
3024,7860.2489565672322
3025,7867.4925745750525
3026,7868.0767180172043
3027,7869.1310628056663
3028,7870.4448674231971
3029,7873.9112588428461
3030,7874.6297612692424
3031,7875.3644853089618
3032,7878.0881155005127
3033,7879.3341412149193
3034,7882.2501351290275
3035,7883.9964662657148
3036,7884.1765652729036
3037,7886.704424788647
3038,7891.0997801255853
3039,7896.6644790076998
3040,7897.4896959994694
3041,7898.1611780326893
3042,7900.5569503544757
3043,7901.0387742133116
3044,7901.9108561024004
3045,7912.7071907700747
3046,7914.6798635272798
3047,7915.0634974880531
3048,7915.9726120919249
3049,7919.0327790622614
3050,7922.1045378527615
3051,7922.7042827361129
3052,7929.4020230777842
3053,7929.9597944245788
3054,7937.1807768828849
3055,7939.9920631643372
3056,7940.2934382546209
3057,7945.3070729874289
3058,7945.9215735520938
3059,7945.93092426556
3060,7946.072445433284
3061,7951.2020068010943
3062,7954.695772072273
3063,7955.5732822632117
3064,7955.7200520039887
3065,7959.5460531288827
3066,7964.6813053071701
3067,7964.9266734907642
3068,7965.4579384598683
3069,7968.8462857788245
3070,7969.026172884277
3071,7972.4465038392609
3072,7974.8416964383696
3073,7977.4045073064981
3074,7984.824160715274
3075,7985.227071098946
3076,7993.4587244006616
3077,7996.8226241887924
3078,7998.3496972825342
3079,7998.7775808582073
3080,8000.0164342682056
3081,8007.3736946812533
3082,8007.6868299053513
3083,8011.3097783647054
3084,8012.5158468319723
3085,8013.42669585156
3086,8014.1011839353532
3087,8027.1875665759171
3088,8032.0532824676366
3089,8033.951890930216
3090,8035.7198540318477
3091,8036.6280046632974
3092,8038.2667353144934
3093,8039.4755985711718
3094,8040.3309664920507
3095,8041.7091105716499
3096,8044.6464321868789
3097,8046.9707655438679
3098,8049.5407319431333
3099,8053.8337488187672
3100,8055.6188997474046
3101,8056.2080931652281
3102,8056.3901688859178
3103,8058.3083872965753
3104,8064.0023536131866
3105,8065.0362327513385
3106,8065.1919555565637
3107,8069.217927824945
3108,8075.0544907642216
3109,8075.9422478314582
3110,8077.3134045890019
3111,8078.1489536938407
3112,8079.2429378630422
3113,8082.5377111870766
3114,8083.1548561905583
3115,8084.284781123697
3116,8086.413883119174
3117,8088.6357336518677
3118,8089.2296867732139
3119,8091.8243175025709
3120,8092.3551486921051
3121,8103.2660987516056
3122,8104.8476321854187
3123,8112.8140897083913
3124,8113.5903813756349
3125,8114.1605770947672
3126,8116.3415366417839
3127,8117.1754856961325
3128,8119.8236739516024
3129,8120.5881569994244
3130,8122.7021314947469
3131,8123.0709697765433
3132,8124.0273100634922
3133,8126.0102191616979
3134,8136.503534184264
3135,8138.3013487522439
3136,8140.6226955037018
3137,8145.6564299297534
3138,8145.8257245548866
3139,8148.0391121015464
3140,8156.9138344885832
3141,8158.6798274530329
3142,8159.0740476612118
3143,8163.0295752585189
3144,8163.3607901623654
3145,8165.3497128196686
3146,8175.1623377216338
3147,8176.4810919736665
3148,8180.9460222611633
3149,8181.4122101293078
3150,8182.8094901496643
3151,8186.7691991134116
3152,8189.7973781210476
3153,8193.9628108460784
3154,8196.7500275387811
3155,8199.8132904096055
3156,8203.1177091895861
3157,8204.2281582401301
3158,8205.0722407803278
3159,8209.3848597655378
3160,8209.6209414200384
3161,8210.0208696913851
3162,8210.6592362461543
3163,8216.3224668084822
3164,8217.3877380040667
3165,8220.3052779558784
3166,8222.0975554844408
3167,8222.3783892480205
3168,8225.1661469505198
3169,8228.2069270484371
3170,8228.2323850561479
3171,8231.0162879971595
3172,8231.9674479515998
3173,8235.286995486691
3174,8237.7046840355924
3175,8240.7053050579034
3176,8241.267273818481
3177,8242.0394371315542
3178,8247.0478434416145
3179,8251.372980320506
3180,8251.6827872098911
3181,8252.5210289041606
3182,8258.7424960940498
3183,8263.4918098895851
3184,8263.9651019017656
3185,8265.6620650944369
3186,8267.7832431188617
3187,8268.7827804875124
3188,8273.8800285226462
3189,8274.944980093971
3190,8278.4701841417263
3191,8285.5256617226951
3192,8288.1270155368129
3193,8288.9849832113268
3194,8290.2536501707345
3195,8294.8745191519974
3196,8295.1887440791979
3197,8298.0996501502996
3198,8300.7675780264253
3199,8302.9913219068385
3200,8311.2762099546544
3201,8313.1587876918911
3202,8314.7575101687798
3203,8316.6685172833113
3204,8317.9234677540881
3205,8319.0836544396097
3206,8320.3373815884297
3207,8321.4545755966137
3208,8325.7337386978706
3209,8327.6142510793943
3210,8330.587018002765
3211,8333.3061995280405
3212,8333.779895665095
3213,8344.0650297652464
3214,8345.6078674206765
3215,8346.0944442095551
3216,8348.8306853525919
3217,8349.5269545378924
3218,8351.5096771138578
3219,8353.6814676364029
3220,8355.2779974924924
3221,8356.8612825601922
3222,8361.2681500526869
3223,8368.9104362055787
3224,8370.6618794459882
3225,8377.3559070277734
3226,8379.0267490721635
3227,8380.5778284082298
3228,8384.6957676476904
3229,8388.284055226748
3230,8390.0919166542571
3231,8391.1318319065867
3232,8394.4353397898558
3233,8395.4096466767787
3234,8395.698009465028
3235,8397.3262089151485
3236,8401.2925910898939
3237,8402.1412425215276
3238,8403.3002805924552
3239,8404.125673318893
3240,8404.5034969255048
3241,8406.5732074901844
3242,8408.8773345460904
3243,8416.1825914428246
3244,8417.5270168107327
3245,8419.9016331493676
3246,8428.0815762004404
3247,8428.1486063087505
3248,8430.5772733899739
3249,8431.3780956326264
3250,8431.881496441425
3251,8434.8658970140896
3252,8437.3568708228868
3253,8440.5290714250023
3254,8440.7200373532251
3255,8447.7181671945546
3256,8449.6715895096677
3257,8452.0135396930218
3258,8453.888524431728
3259,8454.8559409058817
3260,8458.0205096771497
3261,8459.9967889728887
3262,8467.9162308122231
3263,8469.1977974302918
3264,8470.2419721033857
3265,8471.0327653215973
3266,8471.3460220753786
3267,8472.4964158995954
3268,8480.1531535030681
3269,8481.4203363656652
3270,8481.6371989222571
3271,8488.5264846782866
3272,8489.0471545172495
3273,8489.4591389033139
3274,8491.7253389259768
3275,8494.3670706526627
3276,8498.5842775702513
3277,8499.818459622822
3278,8501.1647589040167
3279,8501.2362466732629
3280,8508.8228712858963
3281,8515.0777634831684
3282,8517.6047642370231
3283,8518.4818753982363
3284,8519.3558120098442
3285,8522.4231961695587
3286,8525.4082811404696
3287,8530.3052289130283
3288,8532.9609122029196
3289,8537.0867028804969
3290,8539.6223045770876
3291,8541.4464735524925
3292,8544.1663097925648
3293,8553.4241450565423
3294,8554.5522132873375
3295,8555.7739372650667
3296,8559.0027501407585
3297,8564.859948904299
3298,8568.5098493963706
3299,8569.9049774381492
3300,8571.9637182742736
3301,8572.7322750497497
3302,8575.5862058369021
3303,8577.2107172621309
3304,8578.0476142258813
3305,8580.1690902534574
3306,8580.3440907963177
3307,8580.9954469748773
3308,8584.9482221105609
3309,8586.9813279957216
3310,8588.9967579824497
3311,8591.7657623614177
3312,8592.7863369168954
3313,8595.5063591150792
3314,8596.7216692651691
3315,8597.9885886447264
3316,8602.6266809583449
3317,8603.1517567164919
3318,8604.6912643841388
3319,8604.7945377485594
3320,8605.2273378871487
3321,8605.908501385411
3322,8610.9432502806303
3323,8618.1304853480106
3324,8618.7500310076684
3325,8619.6241887059405
3326,8620.0879304988994
3327,8622.9093090577408
3328,8628.8648774612611
3329,8632.165092388459
3330,8633.821994331196
3331,8637.4136674619076
3332,8641.9884299872429
3333,8645.2196107536129
3334,8646.0693324373115
3335,8648.0366268274793
3336,8652.0510191232734
3337,8652.4558982206854
3338,8653.6239499679032
3339,8654.3552215194268
3340,8658.9452730643134
3341,8665.526266157558
3342,8666.2189236319573
3343,8668.8957784150025
3344,8670.2162077990342
3345,8677.226387330511
3346,8678.0166210932184
3347,8684.7131338790405
3348,8692.5060519224444
3349,8692.6173200202829
3350,8693.9852882019113
3351,8697.9624548419524
3352,8699.0690886602697
3353,8702.7325438037424
3354,8702.8784565516471
3355,8705.3148311835303
3356,8705.6986214012086
3357,8709.0937708607034
3358,8713.9630691544771
3359,8717.141061949731
3360,8719.8125649932772
3361,8720.5534542419391
3362,8723.903425230279
3363,8726.8015260928023
3364,8727.0071719013777
3365,8729.5680924979715
3366,8738.3453388531361
3367,8742.2948792710922
3368,8742.6534878827551
3369,8743.2834848026341
3370,8746.0521698513276
3371,8748.0239949057177
3372,8750.4296911719357
3373,8750.9352937407948
3374,8752.1206468296659
3375,8754.9198768484075
3376,8755.2002693222894
3377,8757.1184392074447
3378,8757.72721767437
3379,8759.5817348686815
3380,8766.0861688759869
3381,8766.2944539686996
3382,8770.1429228049219
3383,8770.6791466194409
3384,8774.4203927535327
3385,8776.8148472821686
3386,8781.0252374878964
3387,8784.5712844959453
3388,8785.9808722475773
3389,8786.9831080164331
3390,8787.3985795597055
3391,8793.2799642220889
3392,8796.4464627525031
3393,8797.9096559588434
3394,8799.6279088374267
3395,8804.4969781811451
3396,8809.6172655984374
3397,8810.0532699866653
3398,8810.7686403504267
3399,8811.9818478434336
3400,8812.7861706103467
3401,8818.8821948185523
3402,8821.5194872534539
3403,8821.8099106244208
3404,8825.2782572454162
3405,8834.8694370087287
3406,8834.9804143883939
3407,8836.8055866513478
3408,8838.8970535264707
3409,8842.0538773085536
3410,8844.6425479116569
3411,8844.9990608509288
3412,8847.5100540003477
3413,8848.887538146515
3414,8849.8440729759641
3415,8853.2476195231648
3416,8855.424580856934
3417,8856.5337739211172
3418,8859.6613327684518
3419,8867.6457466353877
3420,8868.1775847441004
3421,8870.4113599232951
3422,8877.415665647628
3423,8877.7825352186646
3424,8879.0970450625009
3425,8881.0410159837484
3426,8882.9649518916303
3427,8887.0034291270422
3428,8887.3760386702961
3429,8889.5294715691452
3430,8893.4953082552238
3431,8893.9033090955563
3432,8897.6277409504728
3433,8902.2451541861301
3434,8904.8131903118319
3435,8908.0846025566407
3436,8910.1883234427241
3437,8923.8923865654342
3438,8926.1343239244889
3439,8926.4073671169226
3440,8927.3467524399312
3441,8929.4466472933382
3442,8929.5461196087545
3443,8930.3280392384913
3444,8931.8963314764042
3445,8932.3815877171019
3446,8933.7304438744559
3447,8935.1007982066694
3448,8939.6137658011176
3449,8944.4842265357402
3450,8945.9025475677936
3451,8947.586526305131
3452,8947.6885235165901
3453,8953.9076006919804
3454,8956.3005424971743
3455,8957.013324291067
3456,8961.0036184236033
3457,8961.3797755621526
3458,8963.6568850937092
3459,8966.4346020870962
3460,8974.9196635246954
3461,8979.9478579313709
3462,8982.7959986380592
3463,8982.8334919834106
3464,8984.9560442788861
3465,8985.7204459711429
3466,8986.3141000917603
3467,8987.5242401904143
3468,8988.056224117714
3469,8989.4068758945195
3470,8992.2882299257326
3471,8993.7912419821223
3472,8995.2531518524047
3473,8997.4432859901281
3474,9001.530731687697
3475,9001.6071625259974
3476,9005.6278252518478
3477,9008.2170414922803
3478,9013.2144661303373
3479,9015.0606527334403
3480,9019.2863303784725
3481,9021.3856840766548
3482,9022.5244855683868
3483,9027.755754045309
3484,9028.9795030406131
3485,9033.5102692091768
3486,9038.8848322479917
3487,9040.3929527605051
3488,9042.3458124184599
3489,9042.5515389620232
3490,9044.0063059878939
3491,9046.3414154107177
3492,9051.8307389083002
3493,9051.9388111348253
3494,9052.3598077950137
3495,9053.9364187893316
3496,9063.3439625900319
3497,9071.6208988054641
3498,9072.0002328531409
3499,9073.9401330994915
3500,9076.8568458392474
3501,9077.9239083426855
3502,9080.7355331786966
3503,9084.5924626452434
3504,9087.6076638575796
3505,9095.5848533499993
3506,9099.5687976354748
3507,9103.9926830008899
3508,9104.6256325754257
3509,9106.9622772127204
3510,9109.1402218947787
3511,9109.5945378995748
3512,9110.988831379198
3513,9112.9899171038232
3514,9113.2004921175958
3515,9115.7813726855838
3516,9116.896349715822
3517,9120.0392037259298
3518,9124.5782283902245
3519,9125.296695805022
3520,9125.9256475027414
3521,9128.8898803076645
3522,9131.386670426331
3523,9131.837082584223
3524,9133.4910762578147
3525,9136.2169297504151
3526,9136.4156582048108
3527,9137.8586173755975
3528,9139.025619740647
3529,9142.3612123981693
3530,9145.4350050060439
3531,9149.7115823077474
3532,9151.5207308841418
3533,9153.0829261894796
3534,9156.8235888004801
3535,9158.1883775039387
3536,9162.1861718960408
3537,9163.9374294921618
3538,9164.5908299252715
3539,9165.2991195060913
3540,9166.1941921010293
3541,9168.7706353688809
3542,9174.4776108873848
3543,9176.7911202642917
3544,9177.9697173369805
3545,9181.0182598769752
3546,9183.1288050257026
3547,9184.9323456165548
3548,9188.2205013600633
3549,9192.7864433805444
3550,9193.7065417519952
3551,9198.9825590255841
3552,9199.3561010461362
3553,9203.6281723329193
3554,9207.226236212191
3555,9216.2187370192096
3556,9222.7688605656131
3557,9222.8735540289763
3558,9223.4980547409687
3559,9226.1281874140059
3560,9229.996297392734
3561,9233.2454024575745
3562,9234.8397624724385
3563,9237.3334344550221
3564,9241.4185640190281
3565,9245.129831857188
3566,9247.2107891032028
3567,9249.409201682507
3568,9249.9737691348291
3569,9253.0513742662042
3570,9255.4484064958124
3571,9255.8678635043725
3572,9261.1258251255167
3573,9264.2479996357633
3574,9265.1724256181733
3575,9265.6387313657142
3576,9272.8991792337474
3577,9278.9788517301895
3578,9280.8925465990142
3579,9284.6523669457565
3580,9285.8434409416132
3581,9288.8434537188259
3582,9289.089636442839
3583,9290.3191416810332
3584,9292.0256115937464
3585,9294.0736848838787
3586,9295.7014033100895
3587,9296.3995244782909
3588,9298.9030058798453
3589,9299.8483650771977
3590,9300.4814457877874
3591,9304.0026833491684
3592,9305.1210034473279
3593,9307.4279814634774
3594,9307.9963765010161
3595,9311.2395861239293
3596,9313.9338855140795
3597,9315.3290829385696
3598,9316.6731908793536
3599,9317.8614710773873
3600,9321.5998868284823
3601,9327.4326734061524
3602,9328.0392709525659
3603,9334.1529146284302
3604,9335.3371593040938
3605,9335.4955528559985
3606,9345.2909828203392
3607,9345.3203249226117
3608,9346.3484188424554
3609,9348.0498539243308
3610,9349.1883298255834
3611,9349.5300698745668
3612,9357.9948374982123
3613,9359.9518254711857
3614,9362.8700854350081
3615,9366.2147909019113
3616,9372.1115299157373
3617,9375.4989004008712
3618,9376.5342972412254
3619,9379.2980700257358
3620,9379.5350654996219
3621,9384.9966099759386
3622,9386.8479464589891
3623,9388.9555996920226
3624,9391.722684906681
3625,9394.0089067047538
3626,9395.6564400133029
3627,9397.0008391765296
3628,9399.7427853554709
3629,9401.5576690797352
3630,9408.3159646151125
3631,9408.6519029327592
3632,9409.3664571515637
3633,9411.5075239856596
3634,9418.1845628919345
3635,9418.8573262040354
3636,9421.8547267543163
3637,9423.5188359885524
3638,9424.1500918027032
3639,9426.1652722771796
3640,9430.9591874843445
3641,9435.0472086889149
3642,9435.8009246887759
3643,9439.1225466564392
3644,9439.2648159856562
3645,9443.3189713477823
3646,9443.7386420906532
3647,9452.8279059940396
3648,9453.0797283446882
3649,9455.5473824131896
3650,9455.7227751277005
3651,9464.0239478656858
3652,9466.5549757094141
3653,9471.3197311257354
3654,9473.1132279038284
3655,9474.1358063195166
3656,9475.2379963053918
3657,9476.8551713612324
3658,9478.277979450073
3659,9478.3552220088677
3660,9480.183097042147
3661,9482.4174526400966
3662,9487.7497661368034
3663,9489.0063281753955
3664,9491.4111672399849
3665,9494.9635045128271
3666,9497.0721047471416
3667,9500.5542082656211
3668,9500.8141515852003
3669,9503.7775181660909
3670,9505.29120687041
3671,9507.5698351682076
3672,9508.0811899892342
3673,9509.6409961991176
3674,9518.4566514181333
3675,9519.6894236274675
3676,9521.26591885179
3677,9524.0173107900664
3678,9528.6681935726829
3679,9529.4212273454577
3680,9529.99864917368
3681,9536.9238433126047
3682,9537.5331942759822
3683,9538.7296894406591
3684,9539.9866960007948
3685,9546.5668155266485
3686,9550.69793610329
3687,9551.058506030764
3688,9552.2054044890538
3689,9552.2212545475013
3690,9554.2055505279495
3691,9561.0407340518741
3692,9561.8917702993767
3693,9562.4961744317116
3694,9563.420075016882
3695,9566.050029103435
3696,9568.6848842321997
3697,9571.3037709829878
3698,9573.8988499476927
3699,9579.6105434719375
3700,9582.5542963539192
3701,9586.2324758709437
3702,9587.4290052790493
3703,9592.2944866512626
3704,9593.8664299798202
3705,9599.3629174971375
3706,9599.8005318141531
3707,9602.5405116090715
3708,9606.5988464250786
3709,9612.3680310901054
3710,9613.5026428616911
3711,9616.143895585732
3712,9617.4609127075346
3713,9624.0249590393414
3714,9624.8395240007048
3715,9625.7382363718534
3716,9628.4174423937002
3717,9630.5250432210723
3718,9637.1041671057283
3719,9640.6355730257346
3720,9640.7443653924292
3721,9642.3493458404228
3722,9646.3864184783924
3723,9648.6714931876213
3724,9651.1489619854565
3725,9652.5213188577127
3726,9655.4608160045664
3727,9658.5663251591977
3728,9661.0122028285477
3729,9663.4225848324659
3730,9663.6579661686792
3731,9665.1615486518767
3732,9665.9194888432066
3733,9667.4425431461241
3734,9668.9768784552125
3735,9673.1788655054825
3736,9673.6823760172829
3737,9674.2170502074896
3738,9676.5032485243228
3739,9682.6108852887373
3740,9685.2041357618091
3741,9685.5112714110855
3742,9686.4843150135366
3743,9686.8833563296921
3744,9691.7179839602177
3745,9694.2243307715871
3746,9697.1481967165837
3747,9699.4354297512418
3748,9701.1840262721089
3749,9703.7932254756652
3750,9704.1155100799569
3751,9708.1672875067197
3752,9712.9789616509661
3753,9714.1744102923567
3754,9720.6572260998455
3755,9720.7508889956098
3756,9720.9215855188741
3757,9721.5778926424009
3758,9725.3391178758557
3759,9728.083620060248
3760,9737.3861590795841
3761,9739.9214667359574
3762,9740.6086431870644
3763,9743.7867337030711
3764,9745.6645290892266
3765,9749.174213753613
3766,9757.4314919658864
3767,9758.3360558336826
3768,9760.5370240633638
3769,9760.7996073109935
3770,9763.3074582283498
3771,9765.6245540042091
3772,9770.5341536983397
3773,9771.1151889841531
3774,9776.9491062407287
3775,9778.1443738458038
3776,9780.0384234206576
3777,9785.1986273784441
3778,9788.5038697477066
3779,9791.3235004865655
3780,9792.1941874838594
3781,9794.7292081849482
3782,9798.9167216403584
3783,9799.2954309713659
3784,9801.8505134655989
3785,9804.2489244644948
3786,9805.0738718009852
3787,9807.3665411404054
3788,9810.7603517095413
3789,9816.423650462566
3790,9818.8202175139886
3791,9821.3568971001296
3792,9824.198496967394
3793,9825.4334568938248
3794,9825.6159353780349
3795,9828.9231096561161
3796,9829.3616334807193
3797,9829.5949742371668
3798,9832.9316301006656
3799,9835.0584887001751
3800,9837.6658477912952
3801,9839.9714998419622
3802,9840.4820346936212
3803,9842.7507024415536
3804,9844.5809897917861
3805,9846.1552303513708
3806,9847.3584599030528
3807,9851.3443770999038
3808,9854.3805890228487
3809,9858.5758761617308
3810,9858.9702451329485
3811,9860.3586982918878
3812,9864.6511208684042
3813,9869.1383250617946
3814,9871.1086317711361
3815,9876.1730340197773
3816,9877.5356813133221
3817,9879.7640249658161
3818,9883.4634523085733
3819,9886.7235009759243
3820,9892.4316251209821
3821,9893.0797200975667
3822,9896.9589591278018
3823,9898.7387861752322
3824,9900.4528939338525
3825,9904.1710024215281
3826,9904.6457807540046
3827,9909.1749257855627
3828,9910.9660505461343
3829,9912.186627241761
3830,9921.2661392055106
3831,9922.1629256904016
3832,9922.8012435661985
3833,9923.9476530952979
3834,9925.9231221987375
3835,9929.381124470925
3836,9934.1414193503133
3837,9938.1461473929376
3838,9940.9978540120919
3839,9944.9453239883333
3840,9946.6905239925454
3841,9947.4513365792627
3842,9949.0745090139226
3843,9952.4995781205416
3844,9952.6812506562947
3845,9953.6241549631013
3846,9957.1994646595467
3847,9959.5733691885962
3848,9959.8294225006939
3849,9963.3778800957261
3850,9965.3106951304853
3851,9966.3255298574932
3852,9968.3512995541951
3853,9969.0867524795103
3854,9969.9375896903985
3855,9979.8292431244226
3856,9980.4656148046615
3857,9981.7427511612077
3858,9985.5421293106592
3859,9987.0842470453299
3860,9988.8298386901006
3861,9994.0128136700041
3862,9997.5234591337885
3863,9997.9814780402503
3864,10002.074370880006
3865,10003.77773870192
3866,10003.900386593217
3867,10009.922936177692
3868,10010.858989693043
3869,10012.13331367908
3870,10017.406723371838
3871,10018.124497923967
3872,10020.970264409456
3873,10022.086343533176
3874,10022.488381966219
3875,10026.909602781607
3876,10034.154112612272
3877,10034.484121294803
3878,10038.661693628375
3879,10040.712695395467
3880,10044.356978535834
3881,10048.83734341908
3882,10051.243744714926
3883,10051.714943367055
3884,10053.922143375483
3885,10057.11431995792
3886,10060.882479302873
3887,10062.759325910896
3888,10065.750297882971
3889,10069.242048835251
3890,10073.124929779722
3891,10073.70143276031
3892,10075.201385681765
3893,10075.948585422886
3894,10083.946037963557
3895,10084.968624975527
3896,10087.093533980586
3897,10089.154294187067
3898,10089.635071613931
3899,10090.776364761698
3900,10092.047302786672
3901,10094.665416693952
3902,10096.86029523214
3903,10099.984201239729
3904,10104.628296355335
3905,10111.494884179072
3906,10113.473954048903
3907,10114.425804386841
3908,10115.948623778289
3909,10117.232372982533
3910,10119.552946686488
3911,10122.009505116381
3912,10123.296818408313
3913,10125.105970452147
3914,10129.826924861234
3915,10130.766995895816
3916,10132.268853002655
3917,10132.644397491467
3918,10135.891331733988
3919,10136.259711541623
3920,10138.981341026998
3921,10144.253782738735
3922,10147.90181745751
3923,10149.982631804131
3924,10154.485502863479
3925,10156.964065076247
3926,10158.628742564937
3927,10164.409222717346
3928,10164.553029604045
3929,10167.38130229104
3930,10173.70734736974
3931,10174.17173799637
3932,10181.646924957571
3933,10182.117726904891
3934,10183.926625446944
3935,10185.594586009871
3936,10186.899954737948
3937,10190.567904691699
3938,10191.620480088621
3939,10198.872507968887
3940,10198.894929130754
3941,10203.878723739403
3942,10204.858253827064
3943,10206.657458787968
3944,10208.301244095241
3945,10212.874505015208
3946,10213.073521042459
3947,10218.568997054577
3948,10223.751334102459
3949,10224.982411352883
3950,10227.972987293771
3951,10228.704725846659
3952,10229.558111520186
3953,10231.641933848336
3954,10233.422524549891
3955,10235.236546436445
3956,10235.556524697266
3957,10237.101488300277
3958,10237.122084165356
3959,10241.135406279758
3960,10247.259673931989
3961,10249.747723878845
3962,10252.391948532209
3963,10255.504125549609
3964,10255.941879570288
3965,10259.229611199116
3966,10263.030561605307
3967,10263.933651992338
3968,10265.004599886341
3969,10265.218476061542
3970,10266.674627612936
3971,10274.174287469416
3972,10277.361453555684
3973,10278.404461455715
3974,10283.563870818791
3975,10284.173844425844
3976,10286.105812294985
3977,10291.136364330981
3978,10294.344763810735
3979,10295.829071503436
3980,10296.451333704168
3981,10297.612620886095
3982,10298.7420003522
3983,10301.601699905681
3984,10305.617809372487
3985,10309.469977904317
3986,10311.795285085733
3987,10313.118844749359
3988,10314.243868032379
3989,10315.069811578767
3990,10324.332956271959
3991,10330.522542678484
3992,10330.834145704799
3993,10334.250627771184
3994,10336.471674908447
3995,10337.402595509544
3996,10339.773452406094
3997,10348.155714323831
3998,10349.955763747081
3999,10353.351424867666
4000,10353.923222340152
4001,10355.821279137683
4002,10360.689711009585
4003,10363.826157934143
4004,10365.858634442233
4005,10367.347586798267
4006,10368.209158172813
4007,10370.057659512593
4008,10371.400635084749
4009,10374.894071016317
4010,10375.642213704172
4011,10376.03328783566
4012,10378.656048000241
4013,10381.075379300411
4014,10383.487817073692
4015,10385.47722797304
4016,10388.336938322036
4017,10397.714643795543
4018,10399.346445208392
4019,10400.373752458088
4020,10402.342973072391
4021,10402.474766546798
4022,10405.373115684251
4023,10410.005090091418
4024,10412.68599190852
4025,10414.253770686295
4026,10414.740090282843
4027,10416.49953358172
4028,10416.969041942861
4029,10417.675907536473
4030,10423.799763191992
4031,10426.016824784489
4032,10432.494773947763
4033,10432.503365232194
4034,10434.631681713709
4035,10439.807384806682
4036,10441.905687420185
4037,10441.946416331308
4038,10444.215389324565
4039,10447.407009732739
4040,10447.494496673682
4041,10450.235217154279
4042,10452.34838174485
4043,10464.346389391159
4044,10465.148621135218
4045,10465.990372525588
4046,10467.939018407462
4047,10469.589355710044
4048,10474.461247866455
4049,10475.009618888895
4050,10476.504065099167
4051,10483.135522472065
4052,10485.447069868116
4053,10488.173734334143
4054,10490.739333263646
4055,10492.610257457616
4056,10495.778881233276
4057,10500.074742474064
4058,10503.985097870858
4059,10505.603779005352
4060,10506.147097443132
4061,10506.475746131524
4062,10509.724778977758
4063,10512.99172566213
4064,10516.900334792632
4065,10517.949635463845
4066,10521.685185338309
4067,10522.789161326427
4068,10524.561238419812
4069,10527.767309688963
4070,10529.698298207428
4071,10530.018395497473
4072,10534.651874408255
4073,10535.044251446494
4074,10537.691495641971
4075,10539.874110878411
4076,10542.494992863294
4077,10544.779405609595
4078,10547.779503885637
4079,10551.785944232181
4080,10552.42999615627
4081,10554.517083292094
4082,10554.892823971084
4083,10562.97062685476
4084,10563.590988288095
4085,10567.587658177497
4086,10567.668650685953
4087,10571.899974988419
4088,10573.695820421946
4089,10573.815611784936
4090,10574.702661308855
4091,10580.555708490709
4092,10582.294129665346
4093,10583.641053478073
4094,10587.521209008741
4095,10591.289972123735
4096,10595.202999591362
4097,10595.600724944488
4098,10599.354675856513
4099,10605.062171386262
4100,10605.589651996759
4101,10607.517076133845
4102,10609.752554929199
4103,10613.649210072834
4104,10614.42791666769
4105,10615.163529917283
4106,10618.980489588343
4107,10620.730349740583
4108,10623.944815781997
4109,10631.322281230667
4110,10632.803844463289
4111,10636.186239071738
4112,10638.964108651908
4113,10640.107348750393
4114,10643.786190195842
4115,10645.679827782182
4116,10650.761393255036
4117,10651.868684754163
4118,10656.271837036087
4119,10659.889930093395
4120,10660.673318162315
4121,10660.874246603333
4122,10665.271873201373
4123,10666.365572409188
4124,10668.449810947664
4125,10669.211902735706
4126,10673.450209710118
4127,10675.840511972898
4128,10676.723754781666
4129,10682.703507761044
4130,10682.723207615734
4131,10686.980816984695
4132,10687.449394705664
4133,10687.620676580249
4134,10691.441204096338
4135,10692.116158293265
4136,10694.74276003038
4137,10699.421129835155
4138,10702.933890281047
4139,10706.353690061183
4140,10707.897789061437
4141,10708.014346818603
4142,10708.505588933052
4143,10709.221268766058
4144,10711.653760423174
4145,10718.823574518236
4146,10722.032641793454
4147,10726.425258163399
4148,10728.066863803007
4149,10728.55055075979
4150,10731.670268118016
4151,10734.000379618865
4152,10736.488304332774
4153,10742.78821430913
4154,10745.628987036156
4155,10748.620518871687
4156,10749.941534863216
4157,10750.681674642919
4158,10752.684229415019
4159,10758.890917321882
4160,10761.108533793709
4161,10763.528370918513
4162,10764.752684675257
4163,10767.814432411365
4164,10768.102763560271
4165,10769.916107166027
4166,10772.164702995082
4167,10778.018983903552
4168,10782.029687228522
4169,10784.794001018936
4170,10785.359628125427
4171,10787.155179509948
4172,10791.125715024375
4173,10792.954973895341
4174,10796.448611784781
4175,10803.786268078078
4176,10804.357555906308
4177,10804.979621887429
4178,10807.429642562376
4179,10808.759961219965
4180,10812.93532567438
4181,10815.531441819385
4182,10815.531783237851
4183,10818.482443955229
4184,10820.275114718321
4185,10825.071193867099
4186,10825.402046088189
4187,10827.224826744839
4188,10827.349539736031
4189,10830.27222061775
4190,10835.99455708538
4191,10838.448368961854
4192,10842.357121954135
4193,10844.23756035433
4194,10844.565470906477
4195,10846.174080630793
4196,10848.699509718475
4197,10852.763130864152
4198,10856.519435912358
4199,10858.258377453003
4200,10860.643321801635
4201,10863.431557015478
4202,10865.002132365549
4203,10865.030648252083
4204,10866.673087870313
4205,10870.204969038792
4206,10873.311880576741
4207,10876.624311962032
4208,10877.707654544551
4209,10882.272270103662
4210,10884.244320724758
4211,10887.662246274685
4212,10887.949303500522
4213,10889.913713588499
4214,10894.479654646522
4215,10900.158060701942
4216,10900.704885880094
4217,10904.032175802271
4218,10904.891441001279
4219,10911.944981284372
4220,10914.852441810735
4221,10916.380902295963
4222,10916.909745431471
4223,10924.157691520139
4224,10928.495209621922
4225,10929.768172449365
4226,10930.047210301609
4227,10932.370799920847
4228,10936.560579123599
4229,10937.92704465341
4230,10941.097123910389
4231,10942.160167963482
4232,10944.684323968157
4233,10946.163154244561
4234,10948.18153395733
4235,10952.240420891501
4236,10953.688817183582
4237,10953.859244788855
4238,10954.335997256501
4239,10959.97824658667
4240,10962.010661814744
4241,10967.224503578365
4242,10969.793117178224
4243,10971.586120335789
4244,10972.291029048336
4245,10977.115431178858
4246,10980.377597664417
4247,10982.885635340177
4248,10983.296163970022
4249,10983.705185089451
4250,10984.10032839222
4251,10993.096608335038
4252,10995.645365124657
4253,10999.158546428127
4254,11000.224057423673
4255,11001.621547520381
4256,11004.713244167606
4257,11011.533707602866
4258,11012.6246046709
4259,11014.354477490951
4260,11014.8952638112
4261,11015.959355718453
4262,11017.800575669631
4263,11021.809715103234
4264,11022.946439676249
4265,11023.363520377146
4266,11027.410295784301
4267,11031.621736848005
4268,11032.641376753172
4269,11035.841886841483
4270,11038.526982143803
4271,11040.12515777975
4272,11040.708834830017
4273,11045.498172882229
4274,11046.569292425154
4275,11050.106920672446
4276,11054.896417499484
4277,11058.560368173354
4278,11059.52638703692
4279,11066.014700648922
4280,11068.012589722817
4281,11068.016472551741
4282,11074.587184711414
4283,11076.946293788575
4284,11077.348383911343
4285,11077.653833021968
4286,11090.39510817074
4287,11091.156570544681
4288,11092.650249404394
4289,11094.576699116667
4290,11098.38648263657
4291,11098.596585472022
4292,11099.528924117998
4293,11101.006527301884
4294,11103.732547478932
4295,11105.291445194905
4296,11105.344608222522
4297,11106.355574525727
4298,11109.699957713108
4299,11113.29207603541
4300,11116.340775264587
4301,11117.363949369359
4302,11117.970586383573
4303,11122.68901333931
4304,11124.189284515638
4305,11124.755579191848
4306,11125.224035527053
4307,11130.481904047887
4308,11130.834176967528
4309,11138.161198207854
4310,11140.980853696807
4311,11141.754775023497
4312,11147.747833244681
4313,11152.588895436656
4314,11154.808587360671
4315,11157.688042922671
4316,11158.13099922252
4317,11159.237715262499
4318,11159.401660872822
4319,11164.87562076173
4320,11165.783512116785
4321,11171.71701530292
4322,11173.665892810666
4323,11174.602251033073
4324,11176.743518492709
4325,11177.978824106125
4326,11180.21777472919
4327,11181.067104434163
4328,11187.325137361286
4329,11188.433038229507
4330,11191.368040640376
4331,11195.709945386918
4332,11196.733095509397
4333,11198.271990388866
4334,11205.149091689924
4335,11205.942010949353
4336,11209.396891124854
4337,11210.760208177069
4338,11213.213966047597
4339,11213.920548757857
4340,11217.506024654049
4341,11217.874640833486
4342,11218.797747284005
4343,11225.546351180445
4344,11227.528562057236
4345,11232.675494188894
4346,11241.065928900323
4347,11242.253495539739
4348,11243.198021357322
4349,11247.516506202268
4350,11249.338218599774
4351,11251.724211103923
4352,11252.168260416476
4353,11253.364422218532
4354,11253.852375765688
4355,11256.173652112695
4356,11256.811446417578
4357,11258.443850436499
4358,11266.461511187781
4359,11267.007266662067
4360,11267.836664657319
4361,11269.334280088975
4362,11273.917078906281
4363,11277.296908663828
4364,11279.155653353944
4365,11283.92262005142
4366,11285.279224392634
4367,11287.602113368272
4368,11290.182364363402
4369,11292.170399519489
4370,11294.163463328527
4371,11297.351049499048
4372,11298.142811151987
4373,11299.558488884915
4374,11301.805103335853
4375,11306.944450987989
4376,11307.119930888339
4377,11313.446004848789
4378,11314.131501577855
4379,11315.635851566727
4380,11315.659038464837
4381,11319.870438413118
4382,11324.803725420115
4383,11326.70676334272
4384,11328.180248033959
4385,11331.576268351871
4386,11334.297186958263
4387,11336.205613363092
4388,11344.0614313735
4389,11344.588539388606
4390,11347.094692184262
4391,11348.685309977094
4392,11350.278642791551
4393,11354.954860392738
4394,11355.299843226836
4395,11358.949821865057
4396,11360.96645424923
4397,11363.633763251759
4398,11369.23822881333
4399,11371.063659429268
4400,11375.735304410327
4401,11377.737447783828
4402,11378.226425272707
4403,11379.400753771331
4404,11390.015481916647
4405,11391.527393017375
4406,11394.58279761974
4407,11395.683422249927
4408,11399.382833677524
4409,11400.191975071733
4410,11400.903819745899
4411,11402.102910449605
4412,11403.542327285842
4413,11403.720797453072
4414,11405.651643560292
4415,11411.201545804959
4416,11411.305550748479
4417,11413.336463929114
4418,11414.619898423272
4419,11415.57857114037
4420,11415.813850340493
4421,11421.418211292999
4422,11424.189346886682
4423,11424.82282164969
4424,11428.475712864472
4425,11436.539649972456
4426,11437.997855010904
4427,11439.519613282097
4428,11443.265945817369
4429,11444.482887330541
4430,11448.245658644393
4431,11450.467915910407
4432,11454.750636046298
4433,11455.274437136944
4434,11457.141850888303
4435,11460.393969901601
4436,11461.496220234387
4437,11461.569608517932
4438,11464.893857518597
4439,11465.2119786904
4440,11467.836167895313
4441,11471.56096844539
4442,11478.166138794015
4443,11482.69170205863
4444,11484.027206440383
4445,11486.306172727269
4446,11491.701523601894
4447,11493.149277422708
4448,11497.680713273154
4449,11499.56210292299
4450,11501.674025336008
4451,11504.608550555868
4452,11506.599056224148
4453,11507.208704597462
4454,11511.671872130604
4455,11513.312026702579
4456,11513.36608148137
4457,11514.464982021625
4458,11516.669190926377
4459,11521.976572130996
4460,11523.270617444949
4461,11527.168191875506
4462,11530.805034407213
4463,11535.538586141805
4464,11536.479258723086
4465,11538.228938230355
4466,11542.367370563132
4467,11544.590864272073
4468,11548.680325251826
4469,11550.894770380331
4470,11553.996930849698
4471,11555.53475350621
4472,11557.401211248363
4473,11559.988001458945
4474,11565.05259312946
4475,11566.827834125213
4476,11569.439670891978
4477,11569.683125083553
4478,11572.236466805987
4479,11573.233292222512
4480,11576.151942087348
4481,11577.443934062627
4482,11578.316747190513
4483,11582.895731159813
4484,11582.905795808223
4485,11585.036985754999
4486,11592.596377022732
4487,11596.006155596184
4488,11596.534169985294
4489,11599.701894520591
4490,11601.409438768
4491,11602.941307302381
4492,11605.283687596335
4493,11606.137863552312
4494,11610.097647559758
4495,11616.226151679737
4496,11617.132388546368
4497,11618.680428898875
4498,11620.65953281815
4499,11620.8315604117
4500,11624.125008845704
4501,11627.422861510899
4502,11629.602426286152
4503,11634.22801039526
4504,11637.112018312057
4505,11637.50985200765
4506,11637.988459946679
4507,11647.640242539299
4508,11649.675579619265
4509,11651.069843997191
4510,11653.450558101584
4511,11653.650716632244
4512,11660.328533321672
4513,11661.897394324405
4514,11664.946128451827
4515,11667.257068086066
4516,11668.769780372464
4517,11673.040582204208
4518,11675.593779555302
4519,11676.602188965146
4520,11680.309623087589
4521,11680.671905616822
4522,11688.633020808446
4523,11691.483630898421
4524,11693.548744811364
4525,11697.779127347376
4526,11699.487687807767
4527,11701.250136361912
4528,11704.543910307211
4529,11704.967577840003
4530,11707.189614944584
4531,11708.332805451757
4532,11710.782799144143
4533,11712.143641707706
4534,11714.417621187544
4535,11716.620645032426
4536,11719.036046699895
4537,11726.781223004424
4538,11727.655159486025
4539,11728.121851340198
4540,11729.424473591449
4541,11730.415342644555
4542,11731.6503268044
4543,11732.593050825124
4544,11733.946687176691
4545,11737.193617283574
4546,11741.332716272596
4547,11743.94171929898
4548,11745.383653695166
4549,11750.844260666225
4550,11753.596887359288
4551,11754.913967829523
4552,11755.338445108722
4553,11758.499041262534
4554,11759.853064276334
4555,11763.884780270449
4556,11769.470238668951
4557,11770.481487545609
4558,11773.779469761963
4559,11775.888705693649
4560,11783.459072841004
4561,11785.358268239426
4562,11787.728965064121
4563,11788.967578379939
4564,11789.483659001375
4565,11792.627370377109
4566,11798.150347183393
4567,11799.900498742825
4568,11800.150678189879
4569,11805.329543556278
4570,11805.991865604168
4571,11808.418826551002
4572,11809.760161046044
4573,11814.026206124652
4574,11815.221355847116
4575,11816.464602995524
4576,11824.54618054308
4577,11825.885101100665
4578,11828.974983447026
4579,11832.444022500762
4580,11839.255671122244
4581,11840.97566767378
4582,11841.004871660722
4583,11844.341719200504
4584,11844.985540915392
4585,11844.994660384211
4586,11846.573995637431
4587,11846.620663447797
4588,11852.802985876349
4589,11857.88003653445
4590,11859.161782615347
4591,11860.245399241068
4592,11863.118561059213
4593,11865.979716770069
4594,11871.425904104533
4595,11871.953203077883
4596,11875.636260486881
4597,11878.573681055961
4598,11879.415721059762
4599,11880.30638830309
4600,11883.310320951259
4601,11887.579108361891
4602,11887.727482379243
4603,11888.632784653335
4604,11889.481030961218
4605,11891.134294120888
4606,11894.95175442089
4607,11895.719660449609
4608,11903.858066505643
4609,11904.471630809583
4610,11907.519800919708
4611,11909.005636844086
4612,11911.204762167054
4613,11914.726402874161
4614,11915.924908600793
4615,11921.20225683322
4616,11922.797413533623
4617,11923.738089487499
4618,11927.419818731363
4619,11928.195313297701
4620,11937.267456429448
4621,11937.905630777153
4622,11941.11841796897
4623,11944.333385685461
4624,11945.773124454889
4625,11949.859117465685
4626,11951.45674990185
4627,11952.770652333287
4628,11956.074591547344
4629,11957.176635823027
4630,11958.982596549944
4631,11960.932860348499
4632,11963.630670858325
4633,11963.961214506562
4634,11968.994264178902
4635,11974.781783714598
4636,11976.158872828364
4637,11979.467929704917
4638,11981.233988872911
4639,11982.474320659347
4640,11984.212939662571
4641,11986.469705133984
4642,11993.813930235998
4643,12000.601557730753
4644,12000.975187523785
4645,12004.86956649348
4646,12006.349254405433
4647,12006.35664258965
4648,12009.203929716798
4649,12012.925959458045
4650,12012.987257248307
4651,12015.286342715963
4652,12015.998965206378
4653,12016.836142870427
4654,12022.767235750991
4655,12024.212651895587
4656,12025.10680147263
4657,12026.397259084413
4658,12029.031278313962
4659,12030.298334152376
4660,12032.901966105226
4661,12035.479942864178
4662,12035.644962263827
4663,12042.60458184291
4664,12047.383134161866
4665,12048.469322340543
4666,12050.784041675846
4667,12052.883663799374
4668,12054.58956136688
4669,12057.588440495967
4670,12059.646604685771
4671,12060.967791405445
4672,12062.01731134307
4673,12064.367548931848
4674,12072.092568559439
4675,12072.330405109973
4676,12074.151728888974
4677,12077.481601555803
4678,12084.43160427881
4679,12084.983174818048
4680,12086.923068716342
4681,12086.927027665155
4682,12089.233863673835
4683,12090.223281709894
4684,12094.665430809273
4685,12098.636400876558
4686,12099.909564289537
4687,12100.108283158865
4688,12102.232536859674
4689,12107.227274171248
4690,12109.682349141442
4691,12116.452028646578
4692,12120.465278767842
4693,12122.348163832699
4694,12123.551773300249
4695,12124.223888674074
4696,12127.931454931053
4697,12129.90725412234
4698,12131.595383512811
4699,12132.127522099288
4700,12135.708852658252
4701,12145.88453060569
4702,12148.437902514073
4703,12153.968109818496
4704,12155.227823236324
4705,12155.558087855869
4706,12158.273645776524
4707,12160.808881383282
4708,12160.81407180761
4709,12164.03016512443
4710,12167.866652480458
4711,12169.007129670063
4712,12169.905340340314
4713,12170.743476261654
4714,12174.049251307388
4715,12176.160814946514
4716,12180.264625754755
4717,12182.426248613636
4718,12183.018502457759
4719,12185.953313799168
4720,12188.457265391953
4721,12191.489823425323
4722,12191.935747480902
4723,12197.58883407115
4724,12199.341807473764
4725,12199.363908047308
4726,12202.270797064499
4727,12204.449443140005
4728,12206.215793376867
4729,12210.108061216582
4730,12211.159427284669
4731,12217.565919452778
4732,12219.208723757029
4733,12222.030210880397
4734,12224.969833113168
4735,12230.053543114216
4736,12230.468685788381
4737,12231.706529976147
4738,12234.3791845334
4739,12235.088297713943
4740,12238.295284811953
4741,12239.790161735522
4742,12245.762938288379
4743,12245.794220294132
4744,12250.137648605374
4745,12250.999909272994
4746,12256.716041021333
4747,12259.780201919697
4748,12261.360406358619
4749,12263.771138289718
4750,12265.316402085673
4751,12266.713316729161
4752,12271.767183139675
4753,12274.646623179655
4754,12278.088999120688
4755,12278.462230952873
4756,12281.14281043506
4757,12284.432659545542
4758,12285.696023902339
4759,12287.211777164024
4760,12294.192293016993
4761,12295.910685000967
4762,12300.570947688215
4763,12306.46719870796
4764,12309.480196555878
4765,12313.335562048387
4766,12313.6486131442
4767,12315.406096089984
4768,12315.891542189835
4769,12320.647244182132
4770,12320.681261499058
4771,12322.305209364125
4772,12324.428614045901
4773,12324.990942276236
4774,12328.648694053851
4775,12328.683611331804
4776,12328.887246188047
4777,12333.33074595566
4778,12336.375723426825
4779,12339.235844612705
4780,12340.576661809171
4781,12343.09855858948
4782,12343.52354167281
4783,12348.948540821519
4784,12350.324407909789
4785,12353.88337292528
4786,12358.8034676794
4787,12360.169490115537
4788,12362.816633111535
4789,12363.23423939547
4790,12367.811286464688
4791,12371.271963509895
4792,12373.113396312418
4793,12373.134550587481
4794,12376.102613598381
4795,12379.639190687285
4796,12382.925399143514
4797,12385.390281422211
4798,12385.402386802003
4799,12393.700456615938
4800,12395.210772662127
4801,12396.774653781675
4802,12397.322274450593
4803,12402.383772925234
4804,12402.574122689179
4805,12404.234219373946
4806,12405.583872502768
4807,12409.821686251411
4808,12412.089075318159
4809,12412.616797742156
4810,12414.136358435497
4811,12420.788960121376
4812,12422.530335418691
4813,12423.656522979154
4814,12430.640573893539
4815,12434.371601821022
4816,12434.728859975603
4817,12437.643210696137
4818,12441.382189830871
4819,12443.321931052456
4820,12445.293054974134
4821,12448.718257611354
4822,12450.833102058865
4823,12454.410935133312
4824,12459.488235833698
4825,12462.611810195189
4826,12467.417791771932
4827,12472.62888565438
4828,12474.70050758063
4829,12475.60880456383
4830,12476.936201325385
4831,12478.364457269381
4832,12478.559668037522
4833,12480.665735636956
4834,12483.714936977922
4835,12483.980629893187
4836,12484.431189377037
4837,12486.662257845477
4838,12490.111369793905
4839,12493.598419141723
4840,12493.690165676653
4841,12496.327208659315
4842,12498.280266932452
4843,12499.807345462852
4844,12505.164285971203
4845,12509.702646151361
4846,12511.977813644484
4847,12512.983179028246
4848,12513.072730266402
4849,12515.819143183673
4850,12520.634969943456
4851,12521.960853525083
4852,12523.141025151222
4853,12526.695380083962
4854,12533.059991046355
4855,12536.843636890308
4856,12539.03775481953
4857,12541.29281605066
4858,12542.135183261122
4859,12543.257350697495
4860,12546.529270472722
4861,12550.296872006908
4862,12551.004457241428
4863,12552.950314162066
4864,12557.619457935591
4865,12558.731926336399
4866,12561.643664919229
4867,12562.539544481664
4868,12564.851422084817
4869,12568.078410163735
4870,12573.643801752525
4871,12574.521620238907
4872,12577.807278062368
4873,12580.346414764066
4874,12580.545495935188
4875,12582.42772427312
4876,12585.449264057404
4877,12589.237149025224
4878,12593.920084186384
4879,12596.29960076365
4880,12599.68342613582
4881,12600.929868777286
4882,12602.0047026627
4883,12607.814747427637
4884,12607.970286450971
4885,12617.70606962244
4886,12618.874697028567
4887,12621.067394814208
4888,12621.481584704972
4889,12623.654925550212
4890,12624.280475945292
4891,12632.632528959033
4892,12634.395955940785
4893,12636.424975232434
4894,12639.62312512945
4895,12640.333922448028
4896,12641.00038356675
4897,12644.937668679937
4898,12645.133335446128
4899,12647.488040414724
4900,12648.428664966568
4901,12649.542209904886
4902,12652.803397518472
4903,12654.828031390269
4904,12656.243090023232
4905,12659.281640347926
4906,12661.134876832017
4907,12664.473018843228
4908,12668.548219150183
4909,12669.160920067532
4910,12676.543427497647
4911,12678.786564298343
4912,12680.524821513445
4913,12682.942888539579
4914,12683.177383134607
4915,12686.157739224502
4916,12688.723663059875
4917,12693.71820688813
4918,12694.205777904412
4919,12695.050756773289
4920,12696.622880094141
4921,12697.324199093377
4922,12700.702639427675
4923,12707.712490076236
4924,12709.343426293515
4925,12709.908185419916
4926,12713.241446713466
4927,12716.103583849635
4928,12717.350176270855
4929,12717.988534545617
4930,12723.897259978525
4931,12727.942417990749
4932,12729.368527175482
4933,12735.063075911614
4934,12736.359366645609
4935,12736.940349427616
4936,12741.818291421967
4937,12744.959868872618
4938,12747.16402593678
4939,12750.810640765565
4940,12751.321039236869
4941,12758.911318490889
4942,12759.451052885992
4943,12761.210008715711
4944,12761.382189350845
4945,12763.291996430675
4946,12765.947914870612
4947,12767.129425018482
4948,12775.123381227504
4949,12779.433382915782
4950,12780.755281409587
4951,12782.122140940548
4952,12783.228995074924
4953,12788.056051104999
4954,12791.95352411535
4955,12796.528903969654
4956,12798.325377140798
4957,12801.864838033242
4958,12802.085801867015
4959,12803.23268515531
4960,12803.74391910104
4961,12807.655689709036
4962,12810.243329533243
4963,12812.666019221046
4964,12814.381187032301
4965,12815.753093682877
4966,12816.26025895282
4967,12818.666370111343
4968,12818.817231752289
4969,12821.751682750993
4970,12822.83814618711
4971,12826.557505614865
4972,12828.138080946201
4973,12832.537141416102
4974,12839.1430190149
4975,12841.405635621279
4976,12848.049824338903
4977,12849.232822072701
4978,12850.409572217322
4979,12851.940575114308
4980,12854.993652067429
4981,12856.005986687409
4982,12861.408497627095
4983,12861.549150444282
4984,12864.241019806597
4985,12866.172646855648
4986,12869.642059076927
4987,12869.789131505386
4988,12873.540275760037
4989,12874.412098763378
4990,12877.748298080618
4991,12879.576156007128
4992,12881.521348306424
4993,12881.982172867336
4994,12884.601970625481
4995,12893.341859954637
4996,12896.377548308014
4997,12897.698886337728
4998,12901.678360805074
4999,12903.889313172342
5000,12904.658614285781
5001,12907.991167521539
5002,12911.578819404158
5003,12912.277041784209
5004,12915.668272509525
5005,12919.841751160633
5006,12924.688724722972
5007,12927.140154758506
5008,12927.944373278024
5009,12929.578696639113
5010,12930.547673273106
5011,12937.263151595387
5012,12940.632165168297
5013,12941.234214774006
5014,12942.36206750531
5015,12946.001936999673
5016,12949.516871758535
5017,12950.710942381556
5018,12956.250275842311
5019,12956.726900781317
5020,12959.897061910917
5021,12961.01930010527
5022,12961.050235462742
5023,12964.475578264455
5024,12965.050015053639
5025,12969.708972161916
5026,12971.164760952261
5027,12973.199637838577
5028,12974.446510796892
5029,12977.240679185936
5030,12980.670014489768
5031,12982.391094421811
5032,12984.986029533191
5033,12989.594988245201
5034,12989.858035977335
5035,12993.749477900878
5036,12994.49737130858
5037,12996.434674267488
5038,13000.617000573846
5039,13001.304968726694
5040,13004.132470179635
5041,13008.869523738036
5042,13014.784994428514
5043,13014.995517297002
5044,13017.173600765758
5045,13017.900316534298
5046,13020.107292958159
5047,13020.971124847651
5048,13023.04701831766
5049,13024.018036389722
5050,13030.559748889438
5051,13033.029001886624
5052,13035.767224656905
5053,13036.831746956372
5054,13042.630384102025
5055,13043.881169898734
5056,13046.047674619171
5057,13049.12548537003
5058,13050.552422599005
5059,13052.935690531995
5060,13059.755736789342
5061,13060.447539270759
5062,13066.998308255657
5063,13068.919030603156
5064,13070.146537203598
5065,13073.358387789156
5066,13073.858655712695
5067,13077.923838546856
5068,13079.661775336221
5069,13081.771829786005
5070,13082.124715513935
5071,13084.36590222109
5072,13090.317615465472
5073,13094.496246992312
5074,13098.819105564502
5075,13099.672896198648
5076,13103.522814696211
5077,13105.569629744998
5078,13108.294620035344
5079,13112.287656063249
5080,13114.557133921657
5081,13116.849063224525
5082,13120.078330989694
5083,13121.98848033884
5084,13122.941398914807
5085,13123.947565896578
5086,13124.262617585329
5087,13129.341821099531
5088,13130.171546901793
5089,13130.403860963848
5090,13133.790130400628
5091,13137.641571206206
5092,13138.805591720693
5093,13139.410748194488
5094,13140.888493644772
5095,13149.519968316443
5096,13151.86502750117
5097,13153.18124594479
5098,13154.516284625641
5099,13158.229230630926
5100,13161.070123139074
5101,13162.905843870345
5102,13169.670112355867
5103,13170.189506912948
5104,13173.455750868994
5105,13175.370803611695
5106,13178.747641716403
5107,13179.725972421573
5108,13181.906012775653
5109,13183.284037552685
5110,13183.887006863704
5111,13185.248434491599
5112,13187.077086960255
5113,13187.282151262549
5114,13191.048780170799
5115,13193.593332833727
5116,13196.329120554234
5117,13198.198578656175
5118,13206.181470126248
5119,13210.097023301612
5120,13210.432896301347
5121,13213.137242109684
5122,13213.848439315811
5123,13216.180304914851
5124,13222.047292422414
5125,13227.230563780065
5126,13230.006177494735
5127,13231.402180634646
5128,13235.059874300632
5129,13235.98479711069
5130,13237.116323230972
5131,13239.308491008931
5132,13242.920870370261
5133,13244.919192461544
5134,13251.963409087673
5135,13254.097087650709
5136,13256.772650442081
5137,13259.955457085725
5138,13262.155097618719
5139,13263.756897947867
5140,13266.004702521419
5141,13270.412095319847
5142,13272.546782951275
5143,13273.292856651236
5144,13273.571699220054
5145,13278.786881733902
5146,13282.722287355511
5147,13282.729557058861
5148,13284.975766598489
5149,13287.578066412751
5150,13289.479877297679
5151,13291.799336217638
5152,13295.295144006684
5153,13295.605366582864
5154,13297.746311739795
5155,13298.551711890448
5156,13301.142238568542
5157,13303.719125555337
5158,13308.969183374495
5159,13312.167159024531
5160,13315.208061910322
5161,13318.685563224597
5162,13321.117718161591
5163,13321.140040779075
5164,13324.79183304947
5165,13325.473614771434
5166,13326.471226427413
5167,13328.459075351375
5168,13334.055867502986
5169,13334.077748908974
5170,13339.204497178549
5171,13339.713479858498
5172,13343.846419282454
5173,13344.424464547015
5174,13348.18588183915
5175,13351.431913050605
5176,13351.635592786823
5177,13358.139400205737
5178,13358.328810621324
5179,13360.212705698586
5180,13363.255749387881
5181,13363.749960621341
5182,13368.124531113242
5183,13374.310970573257
5184,13374.391905871946
5185,13377.285881257392
5186,13377.95065267103
5187,13381.992110367235
5188,13386.398776273958
5189,13389.0640378023
5190,13391.386123725057
5191,13395.213913848371
5192,13399.448237629422
5193,13401.877042699158
5194,13402.100073713767
5195,13404.500872493294
5196,13407.790831769062
5197,13408.443347603772
5198,13411.734202815956
5199,13413.467427172225
5200,13415.120021749906
5201,13417.580642418547
5202,13423.229719181227
5203,13427.646594010823
5204,13429.076397607218
5205,13430.590760350602
5206,13433.741341266785
5207,13435.505424405754
5208,13441.443455058366
5209,13441.741760218945
5210,13447.770254522951
5211,13449.217842399697
5212,13449.862049735282
5213,13450.085278492215
5214,13452.960426381651
5215,13455.865999788362
5216,13458.031373563084
5217,13461.53223265986
5218,13463.125897390735
5219,13465.470568265013
5220,13465.9804835124
5221,13466.373180734839
5222,13468.557996110454
5223,13476.364347672996
5224,13479.691150798208
5225,13480.856204084441
5226,13486.810063420535
5227,13486.998057175388
5228,13488.812239863579
5229,13491.022622759199
5230,13494.150218115081
5231,13496.102370489481
5232,13497.615369964647
5233,13499.675669239699
5234,13501.567831382474
5235,13504.618582128925
5236,13506.504774927284
5237,13507.598294107822
5238,13509.875993170359
5239,13513.340159655234
5240,13518.79516817178
5241,13519.868849292865
5242,13521.211283371484
5243,13523.566882968875
5244,13529.289849852556
5245,13530.331286962117
5246,13530.689686258549
5247,13536.723571869998
5248,13537.896310069713
5249,13541.936260793876
5250,13544.882692172498
5251,13545.769180360514
5252,13548.763571868074
5253,13551.581784729464
5254,13551.744967058594
5255,13559.666871293934
5256,13566.758578323072
5257,13568.086822262509
5258,13568.488132461142
5259,13572.919925248056
5260,13573.183577953962
5261,13575.779722966663
5262,13577.584568040375
5263,13578.573476406287
5264,13581.475943500598
5265,13585.343189227968
5266,13586.612224968092
5267,13586.79302093046
5268,13593.048412689583
5269,13597.465374221751
5270,13600.311350534341
5271,13601.502931722001
5272,13603.695576862518
5273,13606.240360183207
5274,13610.343099222666
5275,13611.2550536003
5276,13612.783939366669
5277,13612.996718173421
5278,13616.891667594631
5279,13623.38029619973
5280,13624.570902226762
5281,13626.781571239171
5282,13629.578993331756
5283,13630.42840265958
5284,13631.314072601313
5285,13633.753706841868
5286,13635.474173668656
5287,13635.630447349697
5288,13637.095412502602
5289,13642.381365684691
5290,13643.94847138327
5291,13650.967874380618
5292,13651.464851032388
5293,13653.444107852578
5294,13656.772161642752
5295,13657.066513901593
5296,13662.028931090244
5297,13663.774105711493
5298,13664.902908471935
5299,13669.960754104452
5300,13670.270472310831
5301,13671.027152946601
5302,13672.030933575048
5303,13679.183450338121
5304,13681.171126699175
5305,13684.186078332146
5306,13684.18716607229
5307,13687.928414973558
5308,13691.348166597065
5309,13692.257071443259
5310,13694.384894922754
5311,13701.289027637209
5312,13702.350639231516
5313,13702.823900454834
5314,13704.260555425742
5315,13705.505220550385
5316,13711.248838448189
5317,13712.590655501364
5318,13718.653933664629
5319,13719.498968565842
5320,13727.088605129575
5321,13727.7455979897
5322,13732.019299328529
5323,13737.418174474267
5324,13738.763704148383
5325,13740.37367223076
5326,13742.002685145333
5327,13742.493263305574
5328,13749.128883389343
5329,13749.42315284174
5330,13751.301010849089
5331,13755.492847674412
5332,13756.193313494075
5333,13757.929398747747
5334,13759.83320938112
5335,13765.969217769791
5336,13766.397760486992
5337,13769.144316661621
5338,13770.360311686123
5339,13773.937078796844
5340,13778.75045736207
5341,13780.002295093456
5342,13783.959924837547
5343,13785.113116996108
5344,13785.423777298276
5345,13787.990069434889
5346,13791.162214994109
5347,13793.269203981205
5348,13795.785720587295
5349,13798.956524689223
5350,13801.791752888545
5351,13803.977384253476
5352,13807.140984026782
5353,13809.848692332969
5354,13811.401200955701
5355,13811.873563562356
5356,13817.369483905344
5357,13820.318079523999
5358,13824.776198982761
5359,13825.259936838598
5360,13828.372747348927
5361,13829.255396050215
5362,13829.316283152346
5363,13834.558557198312
5364,13834.908039605503
5365,13836.83307965898
5366,13837.814465990454
5367,13839.277527209386
5368,13841.501794767175
5369,13845.169805200827
5370,13848.156479550566
5371,13853.503076678755
5372,13855.272348665392
5373,13857.837637819466
5374,13863.66843498118
5375,13865.508418677678
5376,13866.825370422799
5377,13869.984692266673
5378,13873.785035680688
5379,13875.340302076362
5380,13877.082682149985
5381,13877.889672986777
5382,13883.415659326418
5383,13884.291514663624
5384,13891.62184127316
5385,13892.776881312149
5386,13898.50249946875
5387,13903.729444810555
5388,13905.161163803446
5389,13906.568845273165
5390,13908.572301610024
5391,13908.58231132485
5392,13910.913198372487
5393,13912.716239385749
5394,13913.815806412627
5395,13915.103095302384
5396,13917.218020090173
5397,13918.437917991736
5398,13926.049153728278
5399,13927.379264263887
5400,13930.780627491806
5401,13935.850998766626
5402,13938.511411424559
5403,13938.672843419359
5404,13940.449716050156
5405,13943.986950533139
5406,13945.004503647757
5407,13948.941898484558
5408,13951.858797798568
5409,13952.322097534254
5410,13954.218902577813
5411,13957.189622945591
5412,13958.636035188123
5413,13962.717529486303
5414,13965.89148385607
5415,13969.195085697313
5416,13972.579297745984
5417,13973.606201777782
5418,13974.812239052968
5419,13976.452387433736
5420,13980.803997198273
5421,13981.31595683512
5422,13984.902724414465
5423,13989.492227805462
5424,13992.377233702617
5425,13992.541324999265
5426,13994.848714822056
5427,13997.071744682042
5428,13998.558994237441
5429,14000.724725107968
5430,14003.755387283905
5431,14005.56930540766
5432,14006.550415705044
5433,14009.949107755447
5434,14013.98336752306
5435,14017.176751687206
5436,14018.547303973564
5437,14021.9733314274
5438,14023.33163501755
5439,14027.461606658537
5440,14032.74200104006
5441,14035.652704055683
5442,14037.062756011012
5443,14038.787036634103
5444,14040.341823805395
5445,14046.77888796023
5446,14048.814717141257
5447,14051.231095133513
5448,14054.483588776409
5449,14054.697829200419
5450,14059.046627018421
5451,14060.024372375472
5452,14071.195641944809
5453,14072.144983189808
5454,14073.552173687176
5455,14076.372915212451
5456,14076.431538062141
5457,14080.623906238388
5458,14081.480875110836
5459,14085.524364398121
5460,14086.834730704177
5461,14087.381783211064
5462,14090.66439382379
5463,14093.152211606121
5464,14093.919682273598
5465,14096.39828213086
5466,14101.776156261798
5467,14105.602147585934
5468,14109.319283566205
5469,14111.096674996177
5470,14113.972363087432
5471,14116.395993819837
5472,14118.335952239631
5473,14118.738486132845
5474,14120.002975854855
5475,14120.338855554119
5476,14127.548577810576
5477,14128.705801585147
5478,14129.564350503771
5479,14134.187239136525
5480,14135.640366047128
5481,14142.728227741598
5482,14143.401557675525
5483,14146.411631652372
5484,14147.646228904432
5485,14148.080759410754
5486,14151.232963297822
5487,14151.482113604063
5488,14153.375628952965
5489,14157.451929018609
5490,14157.762003088201
5491,14160.839851136188
5492,14162.773424911733
5493,14163.079321771447
5494,14170.149648184235
5495,14172.057490300072
5496,14175.18592397666
5497,14176.006233474824
5498,14180.243136245446
5499,14181.481664061743
5500,14181.517964047149
5501,14183.873904927394
5502,14189.915194116993
5503,14195.072691953632
5504,14197.636536621054
5505,14202.072486629533
5506,14202.34871748968
5507,14204.248724360421
5508,14208.678923850746
5509,14212.554271433586
5510,14215.716969484065
5511,14215.880994730758
5512,14221.609657736943
5513,14223.708843987688
5514,14226.24543912423
5515,14228.174441578814
5516,14233.633148737377
5517,14235.673756944174
5518,14237.86092563692
5519,14238.316353799903
5520,14244.002252602249
5521,14244.726686273034
5522,14247.060238519854
5523,14248.861097870029
5524,14255.798094123666
5525,14260.190601516722
5526,14261.872459372682
5527,14262.770911672424
5528,14268.267037467869
5529,14271.021146299845
5530,14275.012428264619
5531,14276.234719136835
5532,14279.34745154653
5533,14280.503711970969
5534,14280.968681213491
5535,14284.349949929932
5536,14284.870909204261
5537,14288.25575136995
5538,14291.687015059302
5539,14294.079342214996
5540,14301.683610223723
5541,14302.663761617707
5542,14303.380869068867
5543,14306.486788366299
5544,14310.129730435498
5545,14310.546717622663
5546,14315.900038305464
5547,14318.683567319689
5548,14320.413791731409
5549,14324.320095042018
5550,14326.070659619008
5551,14326.839823266309
5552,14328.886165004089
5553,14332.49917631374
5554,14332.966749929679
5555,14336.138819454734
5556,14336.143960488864
5557,14340.287381154729
5558,14348.523423298913
5559,14352.889015685212
5560,14353.888943262462
5561,14357.27259773796
5562,14359.423467573582
5563,14359.442226758189
5564,14362.182435759469
5565,14368.695662883936
5566,14369.272755836741
5567,14378.642442221235
5568,14385.092231418723
5569,14388.86794964368
5570,14389.203124053694
5571,14389.904429603444
5572,14392.641683427728
5573,14395.735759434241
5574,14398.502825263271
5575,14400.994219647671
5576,14401.357375168893
5577,14409.966682711611
5578,14410.164620861822
5579,14414.355452253816
5580,14421.098475122659
5581,14424.49578103814
5582,14426.080394672894
5583,14426.747497273875
5584,14427.861048229697
5585,14430.379276722824
5586,14440.344842259023
5587,14440.426250739776
5588,14442.562293323776
5589,14448.464964065215
5590,14451.90769039412
5591,14455.781391709414
5592,14456.411038897033
5593,14458.052689621689
5594,14458.408109560598
5595,14461.517308043847
5596,14465.522402586543
5597,14467.01194671918
5598,14472.147317433242
5599,14474.770917072567
5600,14478.711418041712
5601,14483.085761639806
5602,14483.312346896329
5603,14486.701553876515
5604,14491.462148484399
5605,14492.201664020869
5606,14493.667666514431
5607,14499.214619909586
5608,14501.286170297502
5609,14504.473831110494
5610,14505.853241247918
5611,14506.816009667513
5612,14513.742027545384
5613,14515.133851250968
5614,14518.78982253255
5615,14521.805649355923
5616,14528.59096735972
5617,14528.722748875825
5618,14532.46792873885
5619,14536.449715903162
5620,14542.61123135938
5621,14545.204139835791
5622,14547.667359935869
5623,14549.612277067121
5624,14556.381156448535
5625,14557.226730842
5626,14561.565586535427
5627,14568.970543685144
5628,14569.511305424447
5629,14571.701463374613
5630,14571.80262984308
5631,14576.673766790776
5632,14578.070102936648
5633,14579.425681450177
5634,14585.398793711947
5635,14589.043424277465
5636,14599.319826273892
5637,14604.13578093387
5638,14607.122515790501
5639,14608.031934902738
5640,14610.884300800968
5641,14615.386527259556
5642,14620.618774317847
5643,14620.992693605245
5644,14622.40699283597
5645,14623.828346126304
5646,14624.306081695016
5647,14625.055936418281
5648,14632.065963558834
5649,14632.880492867456
5650,14640.275153653778
5651,14640.474344936416
5652,14642.881588674527
5653,14644.455441155635
5654,14647.519234009422
5655,14657.976217143056
5656,14658.336046268909
5657,14659.673818417656
5658,14661.268631653922
5659,14661.545870926704
5660,14672.183868732141
5661,14674.078093689481
5662,14676.420233095167
5663,14679.194978318936
5664,14679.643109459896
5665,14681.746203270957
5666,14683.079531941048
5667,14685.125673662069
5668,14697.322961704702
5669,14700.143308258876
5670,14702.955733707664
5671,14705.040128379327
5672,14710.377707935071
5673,14711.826311980562
5674,14715.01949372618
5675,14725.14857504829
5676,14726.0270799152
5677,14729.074004743296
5678,14732.370885457864
5679,14740.46072568264
5680,14742.232283635047
5681,14742.955352559609
5682,14745.551494615109
5683,14747.732843353924
5684,14749.80676096372
5685,14756.97780604366
5686,14760.920756989985
5687,14762.263851879719
5688,14765.265584716226
5689,14767.539640373876
5690,14775.690614205099
5691,14781.065564873588
5692,14787.893361757931
5693,14791.892574746322
5694,14793.933358933009
5695,14794.390865307532
5696,14795.085499177263
5697,14798.455513448374
5698,14799.710147836426
5699,14805.906414504263
5700,14808.770038771107
5701,14809.858920506194
5702,14813.930229930058
5703,14816.614531204297
5704,14816.927803556078
5705,14822.696742797416
5706,14826.796097087372
5707,14830.546759304518
5708,14831.785639258012
5709,14839.325492736758
5710,14841.950916330958
5711,14843.298243352723
5712,14845.38054993349
5713,14846.272230299708
5714,14858.691858771403
5715,14859.620335111505
5716,14859.979871217594
5717,14864.22720958754
5718,14864.872706710812
5719,14871.916503586386
5720,14872.048180959046
5721,14877.743908626511
5722,14881.502274721059
5723,14882.787932882558
5724,14890.113649616253
5725,14891.79036081533
5726,14896.501358657722
5727,14899.893094686098
5728,14906.665684159585
5729,14913.142809037905
5730,14920.667038429156
5731,14922.546890881591
5732,14926.900031495697
5733,14927.391660598763
5734,14930.319752972391
5735,14931.837488467007
5736,14933.124310884137
5737,14938.523624823001
5738,14940.330469354982
5739,14947.648566333815
5740,14953.483575946337
5741,14958.727211427595
5742,14964.930962813462
5743,14965.14599238043
5744,14966.765504636809
5745,14968.66035142482
5746,14971.726626848958
5747,14974.717585414281
5748,14976.695398402795
5749,14979.754119573119
5750,14982.433089236292
5751,14985.675156190449
5752,14987.469547797067
5753,14991.360505045503
5754,14993.759532283264
5755,14999.635079381518
5756,15003.201559873487
5757,15005.756360867876
5758,15007.987765982773
5759,15017.464763405656
5760,15018.070893742393
5761,15023.428472114796
5762,15024.033232193044
5763,15027.461648932616
5764,15031.973429614267
5765,15038.02674146475
5766,15041.163205013643
5767,15042.482750449044
5768,15048.712657182305
5769,15049.600204082459
5770,15050.091488993394
5771,15058.341466771291
5772,15065.182707414042
5773,15069.019028041499
5774,15073.088792067538
5775,15076.696862029197
5776,15078.70777554429
5777,15082.36713794298
5778,15084.767770682542
5779,15088.03966752734
5780,15092.766248978822
5781,15103.874583853916
5782,15107.741317657868
5783,15110.253159932934
5784,15114.54301891921
5785,15117.089794111051
5786,15117.232332980806
5787,15117.966319791922
5788,15132.15482826173
5789,15138.707584305514
5790,15139.372592893762
5791,15141.03494184874
5792,15142.720122738061
5793,15144.133302806673
5794,15146.944708264497
5795,15150.037350927798
5796,15151.622895165354
5797,15156.956692327491
5798,15163.789456139819
5799,15164.483593758247
5800,15170.319305920837
5801,15175.733436675608
5802,15176.811458415288
5803,15179.281731739398
5804,15179.426322111578
5805,15181.363171783734
5806,15186.369846854372
5807,15187.98033528459
5808,15192.129556683687
5809,15208.94976637336
5810,15209.905089243037
5811,15214.220431317344
5812,15215.296981631895
5813,15218.161858786309
5814,15221.007865225807
5815,15223.43185615895
5816,15230.019450794905
5817,15234.324422009266
5818,15235.498834140548
5819,15237.534408279857
5820,15242.592687804219
5821,15253.511736338654
5822,15254.650948765389
5823,15255.149615869626
5824,15262.446403170037
5825,15271.921601321357
5826,15273.502873240521
5827,15276.466416418922
5828,15281.61227422244
5829,15289.740114639926
5830,15289.748372866503
5831,15294.055620562312
5832,15295.696135873673
5833,15298.797823509427
5834,15305.249298642564
5835,15308.031641006335
5836,15312.999278966274
5837,15315.708788195148
5838,15316.967625269452
5839,15324.76329321206
5840,15324.856878968512
5841,15326.585989402638
5842,15329.15484485997
5843,15336.555066745235
5844,15339.537029843556
5845,15341.86485076869
5846,15348.029266215173
5847,15349.717595860719
5848,15351.918904405386
5849,15353.444604836119
5850,15361.595442095278
5851,15363.292579694065
5852,15370.29834658933
5853,15373.024248516309
5854,15373.983062408315
5855,15376.770607999741
5856,15382.762597028777
5857,15384.759587806968
5858,15393.133209861953
5859,15398.845216028538
5860,15401.929528391047
5861,15404.624086813501
5862,15408.310292635313
5863,15410.840767163309
5864,15417.386299906802
5865,15420.824740820808
5866,15431.120916259657
5867,15433.514123142664
5868,15436.744976133663
5869,15437.472421722883
5870,15443.315257314591
5871,15447.02897032227
5872,15458.894145380813
5873,15459.288319089721
5874,15462.122129735591
5875,15475.299922339835
5876,15477.441939177434
5877,15479.046075559219
5878,15480.434641131758
5879,15482.513022978905
5880,15485.749992037479
5881,15489.889800530313
5882,15494.582827882303
5883,15495.838193970487
5884,15496.825117217062
5885,15503.585083509239
5886,15505.630458252292
5887,15513.536187323096
5888,15516.222039070517
5889,15518.754658866905
5890,15522.024065434243
5891,15529.207900010779
5892,15535.320049155845
5893,15535.819210161426
5894,15541.665769817011
5895,15546.237223008719
5896,15549.484689716721
5897,15550.282176684692
5898,15553.233738059636
5899,15556.887830555308
5900,15559.059357991775
5901,15562.245252500261
5902,15577.44146535254
5903,15577.736163421343
5904,15581.084671950415
5905,15586.338209081527
5906,15593.18182790058
5907,15597.035147031811
5908,15597.727840110692
5909,15603.661436761697
5910,15605.492640217113
5911,15609.830404815026
5912,15619.614541693722
5913,15624.248855728585
5914,15626.990382846172
5915,15631.295777640509
5916,15638.61356909787
5917,15645.448261523736
5918,15651.594802915652
5919,15655.07294497926
5920,15660.141385479445
5921,15661.496167963609
5922,15664.919857913112
5923,15665.268545264529
5924,15668.150408689346
5925,15668.648052651104
5926,15674.885081143226
5927,15678.590492786285
5928,15678.854239753406
5929,15686.754366005582
5930,15687.216278128033
5931,15695.084552836615
5932,15698.538477817418
5933,15701.395978172366
5934,15707.588956879512
5935,15713.05730236863
5936,15716.019654725476
5937,15719.243183345865
5938,15721.589248597929
5939,15723.474308254294
5940,15730.142364999216
5941,15730.287280609395
5942,15736.978716609316
5943,15746.988025492134
5944,15749.66682486328
5945,15755.085748699777
5946,15758.946449716717
5947,15764.40562701716
5948,15766.512207645592
5949,15771.903987395652
5950,15776.906971623615
5951,15781.241499210644
5952,15788.312507391711
5953,15792.594025813676
5954,15801.455341126601
5955,15803.476179468582
5956,15810.481773822381
5957,15811.849125453053
5958,15813.551886745317
5959,15814.187451293357
5960,15829.22942312056
5961,15829.702147323322
5962,15841.228661227149
5963,15841.97177800286
5964,15844.093583239741
5965,15846.624087681101
5966,15849.822320593286
5967,15851.025738697093
5968,15857.787999062295
5969,15860.492561628496
5970,15862.942831698114
5971,15865.547764626986
5972,15874.138299577427
5973,15874.896427290216
5974,15877.206031209056
5975,15882.012311151353
5976,15889.976645061181
5977,15896.453750996803
5978,15904.171602036296
5979,15908.243551367796
5980,15911.931552515629
5981,15912.902222619425
5982,15917.118916844187
5983,15919.215217069079
5984,15922.285112945448
5985,15925.713731691876
5986,15928.188958839828
5987,15940.044948436996
5988,15940.961251980267
5989,15953.559469235723
5990,15954.564773291711
5991,15960.980804144749
5992,15964.508592725922
5993,15967.866448047678
5994,15977.828389560656
5995,15981.365617520738
5996,15981.836818495203
5997,15991.75522894202
5998,15996.56866778171
5999,15999.07165647472
6000,16002.294124013126
6001,16016.57062311455
6002,16016.738442498534
6003,16021.010746712969
6004,16024.329738264432
6005,16025.502639998193
6006,16032.12794729812
6007,16032.180241413957
6008,16033.688622354899
6009,16042.490249225215
6010,16043.179319006147
6011,16044.807982553843
6012,16048.186748628776
6013,16051.457329419451
6014,16057.555386709802
6015,16060.705776315666
6016,16067.720632136748
6017,16071.717811828912
6018,16076.48828571939
6019,16079.758842228484
6020,16093.532093356933
6021,16099.03065999709
6022,16101.45736223387
6023,16102.504641878597
6024,16102.773252123705
6025,16109.83399319598
6026,16111.569919470756
6027,16122.255527446081
6028,16122.581952479377
6029,16129.11971065642
6030,16136.248032655005
6031,16141.139890101296
6032,16149.232866998491
6033,16154.624755100383
6034,16157.399714222571
6035,16163.550947456575
6036,16165.647183550596
6037,16172.037920448131
6038,16184.415622693597
6039,16184.471049178674
6040,16189.093197894683
6041,16192.32545191522
6042,16197.772443260299
6043,16201.948942098974
6044,16207.750718946014
6045,16216.497284561596
6046,16217.024201921122
6047,16217.920304636918
6048,16219.024710176171
6049,16229.886522091767
6050,16231.383588734299
6051,16232.78308488636
6052,16234.812266372512
6053,16240.895601797585
6054,16242.953524105043
6055,16247.885420124328
6056,16252.68755931994
6057,16261.771445427054
6058,16266.080071050965
6059,16273.326543388135
6060,16275.98876602718
6061,16282.099743226701
6062,16290.146252938974
6063,16292.421796491381
6064,16293.352055970441
6065,16300.662948102061
6066,16303.822124850238
6067,16314.069654586207
6068,16315.790019184948
6069,16328.255965228829
6070,16329.61752644312
6071,16334.90277917238
6072,16335.814277076293
6073,16341.322914318076
6074,16352.996281013913
6075,16358.010220547523
6076,16364.923470835769
6077,16365.574131649872
6078,16376.614728141583
6079,16378.673585254366
6080,16380.965386442382
6081,16383.610563823357
6082,16384.544841997969
6083,16387.930640745952
6084,16392.741607165815
6085,16397.921634090384
6086,16403.521052654334
6087,16409.6428425913
6088,16413.018199392071
6089,16418.327637525268
6090,16422.744262596938
6091,16425.178894048666
6092,16425.690355275048
6093,16434.486084812484
6094,16441.592144234481
6095,16445.010561308973
6096,16447.771693970895
6097,16448.833323395582
6098,16451.358043759581
6099,16463.529644387792
6100,16477.441623040293
6101,16480.796688446189
6102,16482.42322120786
6103,16483.628208816823
6104,16490.851030238297
6105,16496.053096202806
6106,16501.515624754575
6107,16505.438081743869
6108,16510.976882531828
6109,16524.039344549441
6110,16528.276201112301
6111,16534.148048696457
6112,16538.352391375749
6113,16547.543916548158
6114,16551.903003237414
6115,16560.624037825393
6116,16562.931336414094
6117,16564.145215953675
6118,16565.009203280631
6119,16568.422611719241
6120,16570.006761908091
6121,16576.515608462545
6122,16580.585596642552
6123,16582.258168228862
6124,16592.873292777938
6125,16596.22336194024
6126,16604.768898397371
6127,16608.545792680641
6128,16615.861476269827
6129,16618.61377187743
6130,16622.554131608464
6131,16624.711170678402
6132,16627.116255874396
6133,16631.141466639958
6134,16636.819481529848
6135,16639.129107681725
6136,16657.91669862366
6137,16661.210183054962
6138,16671.347606107942
6139,16676.462710888474
6140,16677.013717174541
6141,16684.208559008861
6142,16684.459160948725
6143,16688.981127904786
6144,16689.052493184932
6145,16701.095026015686
6146,16716.408482560575
6147,16720.43633053367
6148,16724.106400315479
6149,16736.40164249912
6150,16736.753398483117
6151,16745.045023514638
6152,16746.9072207055
6153,16746.986805968947
6154,16749.256620392425
6155,16752.477405776495
6156,16753.220078029532
6157,16757.770925947028
6158,16762.590857354153
6159,16769.209899345893
6160,16770.242756032683
6161,16783.162508904959
6162,16785.23071624857
6163,16794.579950895073
6164,16803.189761173475
6165,16804.668461415746
6166,16811.344774299534
6167,16811.718301740326
6168,16812.89085885552
6169,16814.003418393095
6170,16827.082780020253
6171,16831.845981900551
6172,16836.784226421609
6173,16850.121390253767
6174,16855.905612000937
6175,16864.014204515461
6176,16866.085961736113
6177,16873.218185051504
6178,16873.582643041806
6179,16875.956145162734
6180,16881.466346719222
6181,16886.658457523852
6182,16892.06719087634
6183,16915.13483826035
6184,16916.466071735082
6185,16919.501121749545
6186,16929.956325375329
6187,16931.0018817813
6188,16935.851517745105
6189,16936.436276048913
6190,16942.193141644486
6191,16944.87228146107
6192,16945.798698629362
6193,16954.215814659492
6194,16955.822890396586
6195,16959.473580900863
6196,16970.94707302381
6197,16975.701270107009
6198,16985.12717553083
6199,16988.309138844033
6200,16991.62543642534
6201,16994.364163234026
6202,16999.74559042394
6203,17000.32099828458
6204,17008.167903836315
6205,17018.736355543402
6206,17023.020320161952
6207,17025.563261317384
6208,17027.481391815996
6209,17049.568053757463
6210,17057.835200234604
6211,17058.179757595615
6212,17063.828589035929
6213,17064.860027388841
6214,17073.837195175267
6215,17081.005702584964
6216,17081.585728179201
6217,17098.721770947457
6218,17110.616738955057
6219,17112.979693915484
6220,17113.207124806548
6221,17116.729396857878
6222,17117.241695945246
6223,17118.49582417756
6224,17123.885367938045
6225,17127.015493173763
6226,17130.093918610684
6227,17136.393232647217
6228,17143.779635880066
6229,17147.424793399798
6230,17151.68077037641
6231,17161.066413797118
6232,17165.236146074367
6233,17170.197235903735
6234,17177.381377110458
6235,17188.573656897493
6236,17190.449653291758
6237,17193.386855861998
6238,17205.459325192336
6239,17208.527819823266
6240,17208.656474070023
6241,17216.629972447492
6242,17222.154663754329
6243,17238.967785511519
6244,17241.624394710063
6245,17245.38082475086
6246,17254.488964394612
6247,17255.915986855904
6248,17263.667268684498
6249,17266.251645706841
6250,17270.956560942934
6251,17286.587159914223
6252,17297.935653268352
6253,17299.895483359411
6254,17305.537439770222
6255,17308.226744987493
6256,17309.180369181104
6257,17314.741460135876
6258,17320.427948624754
6259,17323.602991007734
6260,17327.906005390905
6261,17330.739808773629
6262,17341.753565814226
6263,17343.725795813756
6264,17350.516174200027
6265,17354.971300709447
6266,17362.266346682474
6267,17370.031772582483
6268,17373.465999224612
6269,17380.419415426171
6270,17382.853994628429
6271,17389.272826470013
6272,17395.75249649629
6273,17404.932366153917
6274,17407.530199267556
6275,17417.642423515656
6276,17426.20466781739
6277,17429.481608779544
6278,17448.608987416945
6279,17451.19540118441
6280,17460.076633255012
6281,17461.406968091251
6282,17461.417890766854
6283,17478.955164559346
6284,17479.243687195612
6285,17484.93729163555
6286,17488.351345951251
6287,17494.500639502072
6288,17499.53909822401
6289,17499.933495898596
6290,17506.622783972052
6291,17508.503606609327
6292,17515.613182962006
6293,17517.328731069061
6294,17522.504160680208
6295,17529.63390565736
6296,17536.42272514545
6297,17536.649606979528
6298,17548.356178754744
6299,17555.517972325091
6300,17566.930342517568
6301,17569.792454820534
6302,17574.662247786095
6303,17584.975116223843
6304,17587.210679430533
6305,17596.808012082485
6306,17603.219478671726
6307,17613.914042061602
6308,17615.126799684374
6309,17620.666211069409
6310,17630.768762440541
6311,17635.436763999067
6312,17656.856301396423
6313,17657.915723599806
6314,17658.98801549452
6315,17664.515170527426
6316,17666.064652777321
6317,17674.09900144823
6318,17677.374149106268
6319,17680.931697157364
6320,17690.532837954339
6321,17696.924990763589
6322,17702.263785938372
6323,17706.919057421521
6324,17710.443974847909
6325,17719.747629775386
6326,17720.136002329389
6327,17729.311686632147
6328,17734.123837084288
6329,17738.699444909696
6330,17746.538983672937
6331,17758.689326594413
6332,17760.587775561246
6333,17770.202477053292
6334,17770.298717547972
6335,17777.230226904412
6336,17795.757854758209
6337,17799.000683992097
6338,17803.338418342595
6339,17807.798411335974
6340,17819.296434596938
6341,17821.917276697342
6342,17827.866119915336
6343,17853.447735408168
6344,17855.893276646086
6345,17856.4436741135
6346,17861.01282635102
6347,17861.413669226284
6348,17864.960821014
6349,17870.364826975147
6350,17873.800187028504
6351,17880.470206801208
6352,17885.886114274865
6353,17892.978372194873
6354,17900.850300363323
6355,17904.537782805197
6356,17911.100010383801
6357,17912.008981518171
6358,17920.05460575203
6359,17934.170218613795
6360,17938.110896834489
6361,17942.774934199591
6362,17948.450579840039
6363,17957.122146392616
6364,17965.604921125094
6365,17968.120937348813
6366,17976.091779586655
6367,17994.265120370033
6368,17996.810843950036
6369,17999.510154359668
6370,18005.047057139298
6371,18021.696713729678
6372,18025.288166302827
6373,18026.645223440348
6374,18041.331560101218
6375,18051.967626792521
6376,18057.580880642417
6377,18057.832058932723
6378,18063.677186343451
6379,18064.119270431253
6380,18067.544204608217
6381,18080.391272478984
6382,18081.572943792293
6383,18086.364014819912
6384,18097.890783348757
6385,18101.076410677215
6386,18109.041492870405
6387,18112.566198100594
6388,18118.180513870731
6389,18131.352732545325
6390,18134.937705893844
6391,18141.656680721117
6392,18145.993010275499
6393,18155.235520607381
6394,18167.786233654781
6395,18169.638956835439
6396,18178.979060514757
6397,18181.831745476647
6398,18198.490717712499
6399,18207.874561521399
6400,18219.807522177121
6401,18225.297636803862
6402,18225.628622518991
6403,18235.639346452004
6404,18240.976173237519
6405,18244.774525476652
6406,18252.303650386319
6407,18259.293397755915
6408,18262.562158719287
6409,18264.122868808463
6410,18264.290922412416
6411,18276.800499115743
6412,18279.288875922899
6413,18280.78951440415
6414,18295.888750051745
6415,18301.511421712981
6416,18307.364246039477
6417,18317.719813936146
6418,18317.808162908754
6419,18326.439460300302
6420,18338.044990004644
6421,18342.698316600163
6422,18358.172997784215
6423,18368.261992980555
6424,18371.923500648605
6425,18377.507852326598
6426,18378.42650411039
6427,18397.660072580777
6428,18411.736243940737
6429,18417.979604676653
6430,18421.446903906093
6431,18424.9122268869
6432,18433.055931109222
6433,18433.850717295343
6434,18439.327997606892
6435,18448.10393437641
6436,18457.260122086707
6437,18463.45256362572
6438,18463.69385304207
6439,18467.934910738106
6440,18474.047501945181
6441,18478.330440516231
6442,18495.408876428119
6443,18500.375134259801
6444,18509.088258457206
6445,18519.020123054626
6446,18520.272344978035
6447,18524.692103100228
6448,18539.621103862832
6449,18541.292330082375
6450,18559.584183839328
6451,18567.556205667479
6452,18568.359425500828
6453,18573.782615815369
6454,18582.301947240467
6455,18597.847107911643
6456,18610.547965626614
6457,18619.869037036951
6458,18624.958292154424
6459,18628.569296583893
6460,18629.833326229695
6461,18630.17962887678
6462,18635.549497029395
6463,18645.269528395169
6464,18655.481369336398
6465,18663.649888605876
6466,18665.697467425776
6467,18670.634569170721
6468,18676.023256423476
6469,18677.820675062841
6470,18692.654915140443
6471,18703.053059058206
6472,18707.93169643946
6473,18717.181854467344
6474,18717.79381247568
6475,18725.68390545842
6476,18740.212318844122
6477,18743.780675670743
6478,18763.256945251684
6479,18768.260304149757
6480,18774.115435594929
6481,18789.183519724378
6482,18799.796241504027
6483,18809.003116984215
6484,18819.727658057756
6485,18822.737572231203
6486,18824.377593091285
6487,18831.026886211897
6488,18834.110090204056
6489,18835.717156719198
6490,18840.227320175967
6491,18852.191019465936
6492,18860.086172123389
6493,18864.916180125336
6494,18871.602616179764
6495,18874.27638770633
6496,18882.904030955429
6497,18891.589537701482
6498,18905.893717044648
6499,18915.37084411953
6500,18918.839868813648
6501,18930.327208566698
6502,18942.460949289321
6503,18950.688378182331
6504,18964.00579266921
6505,18972.042085928617
6506,18977.573555730025
6507,18994.312767406318
6508,18998.370704835648
6509,19004.473489401938
6510,19011.29285694228
6511,19013.135986725018
6512,19017.526195989292
6513,19021.411299191539
6514,19025.747435106521
6515,19037.656411286662
6516,19041.031033333427
6517,19042.699838957578
6518,19053.165866622163
6519,19065.26904524491
6520,19072.109875186663
6521,19081.339912206015
6522,19088.598329327164
6523,19094.357564639187
6524,19111.268889215196
6525,19119.542916557482
6526,19122.846330553981
6527,19133.524287885459
6528,19147.980386938121
6529,19153.034114837705
6530,19161.534846480645
6531,19167.710132509103
6532,19173.384409632974
6533,19182.579008152708
6534,19204.70240980537
6535,19209.992540499014
6536,19210.641753484218
6537,19215.921667552138
6538,19224.372937354423
6539,19225.668137804667
6540,19239.078150413177
6541,19248.928676164094
6542,19249.062487397889
6543,19256.013407701772
6544,19269.40488624727
6545,19276.111298237785
6546,19288.089904886056
6547,19291.750621360577
6548,19300.089697770647
6549,19309.966552754522
6550,19324.032130497897
6551,19324.496442916781
6552,19327.946665722775
6553,19335.651418576148
6554,19355.451086141366
6555,19368.873865939222
6556,19377.540150485758
6557,19389.93702905668
6558,19404.97986713635
6559,19408.798924909181
6560,19411.370066293708
6561,19416.437486942159
6562,19418.621430381154
6563,19427.680989467284
6564,19428.969793220487
6565,19442.286381458816
6566,19452.675220847719
6567,19456.805802264142
6568,19461.096888198252
6569,19467.471907368752
6570,19481.28663573771
6571,19483.045937383504
6572,19494.311475926861
6573,19495.336894889788
6574,19507.545757617812
6575,19530.990700959872
6576,19535.211355959233
6577,19541.835948928754
6578,19563.341894980877
6579,19576.023110739938
6580,19584.359138382501
6581,19596.330211832188
6582,19603.852183185678
6583,19609.322495231259
6584,19615.458049254121
6585,19619.166198660856
6586,19624.398589848821
6587,19629.981216316672
6588,19631.415964729935
6589,19643.002721077741
6590,19646.643604618548
6591,19656.621837609102
6592,19665.37602030989
6593,19667.832084603899
6594,19687.911260619087
6595,19701.108079249658
6596,19703.75310345248
6597,19715.049515607385
6598,19739.049332131814
6599,19742.922432237694
6600,19748.084721896394
6601,19770.695658375858
6602,19781.648736607283
6603,19785.565352859925
6604,19800.952125691976
6605,19802.984619866718
6606,19804.36689133391
6607,19804.538686601896
6608,19811.484097892455
6609,19819.364749312761
6610,19824.23428910282
6611,19836.753804118907
6612,19837.746884722932
6613,19852.50591988775
6614,19864.217801978099
6615,19874.545814922727
6616,19874.86596391382
6617,19895.045208310101
6618,19909.063285610504
6619,19912.11017083146
6620,19921.288666044165
6621,19946.42565603734
6622,19949.495637770982
6623,19949.780746572051
6624,19967.248624129043
6625,19979.114839932241
6626,19988.311836959558
6627,20001.773887412313
6628,20006.965838867745
6629,20012.45889313897
6630,20015.211699535957
6631,20025.160041431052
6632,20031.776685799261
6633,20042.62814867148
6634,20047.628488922714
6635,20058.587417569914
6636,20073.085028559879
6637,20080.361727542782
6638,20083.609239559755
6639,20102.068877067402
6640,20111.582498947162
6641,20120.160509425368
6642,20128.471993186689
6643,20131.818144284985
6644,20157.746573312048
6645,20158.250987038788
6646,20189.537917149271
6647,20197.154683110395
6648,20200.974990444276
6649,20204.420150458245
6650,20210.592169954867
6651,20219.213712129014
6652,20223.020606585251
6653,20230.407846489397
6654,20240.641086893473
6655,20247.110809814974
6656,20257.420203798247
6657,20264.500610064613
6658,20277.424014662509
6659,20286.240624599835
6660,20292.805407475709
6661,20298.114694778473
6662,20311.109775286011
6663,20330.069809166172
6664,20338.880040724092
6665,20368.987106908917
6666,20369.03970024718
6667,20400.330102441923
6668,20400.718709435234
6669,20404.642527190335
6670,20409.858689563353
6671,20413.352350508667
6672,20422.38067756602
6673,20433.527659703275
6674,20435.837465420776
6675,20445.393040146799
6676,20452.850289716796
6677,20466.210804782157
6678,20467.698842563284
6679,20473.107188361944
6680,20496.421147610843
6681,20503.961144499659
6682,20522.482158821345
6683,20541.994595576118
6684,20550.780679390064
6685,20579.244571980427
6686,20580.70046296213
6687,20589.937386126756
6688,20605.0373026341
6689,20609.247298547583
6690,20611.907781933067
6691,20615.365209765565
6692,20617.381515190118
6693,20629.119782917322
6694,20636.174993926696
6695,20644.340417992509
6696,20644.820365050851
6697,20662.800492059709
6698,20679.961962770863
6699,20684.298845670415
6700,20708.485932727352
6701,20716.839963708226
6702,20734.871366865889
6703,20753.583399764109
6704,20762.932543646646
6705,20770.119319938658
6706,20787.393147626535
6707,20792.535263236365
6708,20808.019984554943
6709,20809.982519316105
6710,20815.854147951679
6711,20824.152065011629
6712,20825.462075621013
6713,20838.612292159167
6714,20855.085717199145
6715,20858.083834560101
6716,20874.608692140158
6717,20893.692377224306
6718,20896.807408648405
6719,20921.201110138452
6720,20929.259139627364
6721,20947.379051393022
6722,20949.808901980785
6723,20961.482284106321
6724,20975.388655180665
6725,20981.812694831959
6726,21005.680619666124
6727,21012.976366422579
6728,21016.771117096032
6729,21024.277998962538
6730,21035.345065537429
6731,21038.331621698446
6732,21049.758225763962
6733,21067.226771433336
6734,21072.594134614112
6735,21087.360146349409
6736,21106.811696720815
6737,21109.709730818744
6738,21129.708349515487
6739,21134.009179262986
6740,21137.716554898052
6741,21157.54275433658
6742,21160.4540007588
6743,21189.397740830493
6744,21219.841518648576
6745,21220.708417071648
6746,21225.327162580248
6747,21234.339376685988
6748,21246.677864041274
6749,21253.56649074069
6750,21262.047396219019
6751,21280.059908588213
6752,21286.356090353696
6753,21300.341726405746
6754,21310.248332957548
6755,21316.185602215653
6756,21322.804535562918
6757,21335.235795417499
6758,21347.726875789689
6759,21375.299774300544
6760,21405.217066131328
6761,21424.944893103031
6762,21428.48772393736
6763,21435.483513556603
6764,21436.62241637578
6765,21445.743565016161
6766,21458.974637572894
6767,21467.934656082962
6768,21474.823111945694
6769,21491.731339020607
6770,21493.055423436883
6771,21496.92459055892
6772,21513.766693743455
6773,21514.9059718147
6774,21537.212692177047
6775,21563.386713008658
6776,21591.860513247084
6777,21621.770886664697
6778,21633.690725394557
6779,21638.704927229373
6780,21646.866284963049
6781,21651.568128315339
6782,21657.903115156107
6783,21671.568325675496
6784,21674.512002086834
6785,21679.811942091328
6786,21687.84175477417
6787,21696.564334659583
6788,21706.9235755556
6789,21728.924781683676
6790,21753.660752007832
6791,21780.641651616734
6792,21809.018566881205
6793,21837.268360762308
6794,21840.885240683048
6795,21843.940114679626
6796,21849.923968740957
6797,21858.691382719746
6798,21858.924213830134
6799,21864.683189549771
6800,21870.248364671515
6801,21880.220381897019
6802,21884.757483806163
6803,21902.329114518237
6804,21922.879908226801
6805,21946.124536928128
6806,21971.562942741573
6807,21998.370495117597
6808,22025.042440530622
6809,22045.165692263465
6810,22051.05585752461
6811,22051.468815382956
6812,22054.630123062885
6813,22061.211367024367
6814,22065.883138704387
6815,22070.978458368045
6816,22083.950705339357
6817,22100.048145814326
6818,22119.091834752737
6819,22140.779351032688
6820,22164.62594399045
6821,22189.830311520698
6822,22214.894058887308
6823,22233.330734184183
6824,22240.174886407334
6825,22253.561880109548
6826,22258.447849790613
6827,22261.249747762344
6828,22266.00536404282
6829,22274.189091785545
6830,22285.605559986579
6831,22300.126953987205
6832,22317.565004713553
6833,22337.623557372535
6834,22359.830836251818
6835,22383.400251292755
6836,22406.823639684349
6837,22423.466170541684
6838,22430.83600305744
6839,22443.266517504613
6840,22462.171778376465
6841,22474.141490022379
6842,22480.227745142936
6843,22489.798459573245
6844,22502.568245546783
6845,22518.290925611374
6846,22536.651579011272
6847,22557.176015230481
6848,22579.080985661014
6849,22600.827525280707
6850,22615.60184153216
6851,22623.491641573019
6852,22635.007719990703
6853,22664.97840963025
6854,22684.995775414012
6855,22688.898385551231
6856,22696.447043264187
6857,22707.330631598448
6858,22721.248490221464
6859,22737.853542205328
6860,22756.657777636785
6861,22776.871316563011
6862,22796.895920045688
6863,22809.765973263613
6864,22818.177138140418
6865,22828.796874937398
6866,22868.186003408748
6867,22899.875130235141
6868,22905.403434576325
6869,22914.347915843882
6870,22926.407224378698
6871,22941.215491420393
6872,22958.270091107006
6873,22976.767643979641
6874,22995.008633665453
6875,23005.995713163589
6876,23014.920783643811
6877,23024.645994101127
6878,23072.346154128416
6879,23112.951553200972
6880,23116.533969325574
6881,23123.548568886716
6882,23133.731256409235
6883,23146.719915174719
6884,23162.004382033552
6885,23178.762959192372
6886,23195.126807598674
6887,23204.348873658888
6888,23213.743428304435
6889,23222.567656996744
6890,23277.759009255373
6891,23329.734376243679
6892,23334.865155507872
6893,23343.182231895858
6894,23354.346257960839
6895,23367.849194973693
6896,23382.844693795072
6897,23397.179571956094
6898,23404.920349500186
6899,23414.659116904437
6900,23422.575071342751
6901,23484.615120558617
6902,23544.918021802248
6903,23548.235038432722
6904,23554.720462704245
6905,23564.071112730842
6906,23575.789407219796
6907,23588.98945658523
6908,23601.058660130653
6909,23607.853206185766
6910,23617.676001885025
6911,23624.682336503902
6912,23693.049391740751
6913,23763.596236965608
6914,23768.304308754607
6915,23775.867798005165
6916,23785.804155836518
6917,23797.148063271652
6918,23806.681199946059
6919,23813.292037345411
6920,23822.797065275085
6921,23828.905030642025
6922,23903.16566813496
6923,23980.880200628981
6924,23983.887893477378
6925,23989.704828264283
6926,23997.86043604495
6927,24007.196485524706
6928,24014.168163589333
6929,24021.258792165816
6930,24030.020360535713
6931,24035.26130518812
6932,24115.049456070654
6933,24201.416879762233
6934,24205.541519103688
6935,24211.886460250673
6936,24218.797520696939
6937,24224.027381221622
6938,24231.634337484527
6939,24239.338757290101
6940,24243.773692382241
6941,24328.775203521498
6942,24420.821187240479
6943,24423.307364815963
6944,24427.590088044057
6945,24431.638446956887
6946,24436.991505643186
6947,24444.276425330958
6948,24450.740142996954
6949,24454.471425582913
6950,24544.41087623253
6951,24642.350414107179
6952,24643.934238036167
6953,24647.534049175625
6954,24652.914096345139
6955,24659.075006721589
6956,24664.212794898838
6957,24667.390935953554
6958,24762.021128333847
6959,24858.63013207151
6960,24864.80920910251
6961,24867.141609957864
6962,24871.207354466853
6963,24875.93033781242
6964,24879.770986924039
6965,24882.567255607777
6966,24981.669752280977
6967,25075.906109158423
6968,25088.976446341396
6969,25091.564288955342
6970,25094.704873731884
6971,25097.52501839865
6972,25100.011402366661
6973,25203.421808737963
6974,25295.166293741509
6975,25312.645261934715
6976,25313.64726941986
6977,25315.349202059479
6978,25317.713749053109
6979,25319.695675571285
6980,25427.345711572489
6981,25516.550762388943
6982,25536.31661863628
6983,25538.765319848746
6984,25540.342470561332
6985,25541.576469330106
6986,25653.515489309826
6987,25740.123375131803
6988,25760.185964878463
6989,25764.575141252317
6990,25765.025288434321
6991,25765.677954309587
6992,25882.013453037642
6993,25965.926691546476
6994,25985.925746272158
6995,25991.2433353081
6996,25992.11488762356
6997,26112.933532940537
6998,26193.993685808651
6999,26213.67202438775
7000,26219.204816907899
7001,26220.414984323776
7002,26346.385648493611
7003,26424.349291444854
7004,26443.420636369669
7005,26448.884363094636
7006,26582.501578401592
7007,26657.005899106531
7008,26675.090706490686
7009,26680.022924214332
7010,26821.442998524872
7011,26891.950007298306
7012,26908.489895329254
7013,27063.412260926299
7014,27129.108667741584
7015,27143.181365617831
7016,27308.665730730136
7017,27368.25937478058
7018,27557.522899463711
7019,27608.737913198191
7020,27810.33086328386
7021,28067.084494244773
