# Domain: L_shaped (DST, convergence sweep, dense eig full spectrum)
# Resolution M = 163, dofs = 19845
# Computation time: 102.4968 s
# Eigenvalues stored: 19845 of 19845
n,lambda_n
1,9.6470127120522022
2,15.197223004526665
3,19.739208802096417
4,29.521469479376705
5,31.930402726721951
6,41.487894294543402
7,44.948339162207077
8,49.348022005454474
9,49.348022005540422
10,56.724526893260197
11,65.376343212627276
12,71.075305117511775
13,71.572674409070586
14,78.956835208734546
15,89.354620445283473
16,92.306789129104502
17,97.38047801466297
18,98.69604401057417
19,98.696044010990704
20,101.63022291197234
21,112.37517304953964
22,115.51947180659825
23,128.30485721424006
24,128.30485721436273
25,130.1190259315301
26,130.27073276848236
27,142.48771572178504
28,151.12024466589386
29,154.56023523190461
30,162.19649856387639
31,164.7152391428879
32,164.85312966492179
33,167.78327481847029
34,167.78327481847938
35,177.65287921954078
36,179.737462990513
37,184.0595202518501
38,197.39208802128041
39,197.39208802176532
40,201.48459326243398
41,207.40971495082513
42,208.77392634913113
43,209.48069152350411
44,223.21969227679318
45,223.63263318269199
46,236.20230841359805
47,238.41687166179238
48,246.74011002715065
49,246.74011002718294
50,250.8210109513131
51,252.87422481007675
52,256.60971442830657
53,256.60971442841782
54,265.78657275846973
55,269.43978797652272
56,270.2255489821809
57,281.35073059206644
58,286.21852763152754
59,286.21852763170153
60,289.09561399985051
61,293.60716594871974
62,306.7803738735451
63,306.93827732718324
64,310.3724639000194
65,313.79123654041371
66,315.82734083476942
67,335.55459370983107
68,335.56654963701698
69,335.56654963734769
70,335.82173001837839
71,346.13117291100258
72,351.45338147775021
73,359.7613486445216
74,360.50568232908284
75,365.17536284015
76,365.17536284028523
77,369.5473258588392
78,372.26692426981384
79,376.16481012383503
80,382.89828355152298
81,389.8648619478904
82,390.50119867549705
83,394.78417604354337
84,394.78417604382435
85,404.65378044466695
86,404.65378044505565
87,415.71405744413386
88,419.63695035749839
89,426.72147930997556
90,427.08139872461823
91,432.92504034653012
92,443.81345008729971
93,444.13219804900092
94,444.13219804928042
95,454.12244224490183
96,454.12708418922944
97,454.17671925069197
98,464.4557794435965
99,478.85399485608372
100,479.67446331413009
101,485.8535111454384
102,490.15616565019076
103,493.48022005446848
104,493.48022005447808
105,493.48022005451793
106,499.36672135249285
107,502.29981004604764
108,512.61509424997223
109,513.21942885664271
110,513.21942885684302
111,513.56771615842626
112,523.08903325766812
113,523.08903325786207
114,530.41717788237304
115,536.75829018409445
116,545.12638941489183
117,546.23637874427641
118,559.2865773474947
119,563.83343355139868
120,565.02773193529663
121,565.47969000478179
122,572.43705526316569
123,572.43705526335918
124,575.78947562877818
125,578.19270407255624
126,591.64408152019314
127,592.00270666018412
128,602.04586846626216
129,602.04586846645827
130,605.55355144522014
131,609.57892585542243
132,630.53662673437759
133,634.18654427089291
134,636.95201923820071
135,641.52428607087768
136,641.52428607090724
137,641.52428607102058
138,641.5242860711395
139,641.882123009324
140,642.60116177457644
141,648.98897895686525
142,654.1692775123912
143,660.68978473157244
144,663.65779614965152
145,671.13309927382261
146,671.13309927409239
147,674.43143607864033
148,685.71805499747279
149,686.81782323705215
150,691.96022316958317
151,698.95960128704849
152,710.61151687843642
153,714.8806752456079
154,715.54011347445544
155,720.4811212794425
156,720.48112127984848
157,722.62218327777418
158,722.65558967098627
159,730.35072568061207
160,730.35072568063072
161,747.14932996148684
162,747.81237634080071
163,753.38538942868195
164,753.69072369092999
165,759.20618101574985
166,764.14412491887049
167,780.96827660844667
168,789.56835208718871
169,789.56835208770826
170,790.05562545715748
171,795.34057291253816
172,797.3550388471449
173,801.28903484025932
174,806.80447815753757
175,807.72584162439694
176,807.93928413642584
177,809.30756088933686
178,809.30756088971953
179,824.87429252780805
180,826.69388771424872
181,833.46984851825107
182,837.26597567226031
183,838.91637409244481
184,838.91637409251257
185,838.91637409260375
186,838.9163740926316
187,855.91532039625588
188,860.60670088627512
189,875.05799637984603
190,875.21978454961516
191,878.39479169688707
192,878.39479169690708
193,880.90387638908612
194,888.26439609764816
195,888.26439609805959
196,892.1179910934602
197,900.09897316674301
198,900.12104296444693
199,903.44577891417816
200,919.04485401225008
201,919.62748708473805
202,923.30050337917942
203,929.08537005075641
204,929.29260011796771
205,937.28343508418493
206,938.38613928242398
207,957.35162690566062
208,957.35162690592108
209,960.0410740344621
210,961.97537217689603
211,967.22123130678131
212,973.17052048368657
213,974.01132520905571
214,986.96044010888568
215,986.96044010889193
216,992.436482366733
217,993.8326793192274
218,996.8300445100399
219,996.8300445102542
220,999.51720050962479
221,1003.790119383407
222,1010.1406405397014
223,1013.5819950490311
224,1018.6143664181958
225,1026.43885771335
226,1026.438857713611
227,1027.2801234641952
228,1038.2023803267921
229,1039.3113848111277
230,1046.1780665154847
231,1046.1780665156748
232,1050.3039258502988
233,1055.0662912321939
234,1059.0251415034493
235,1062.4605697709192
236,1070.4980745219975
237,1075.7868797188078
238,1075.7868797188385
239,1076.2775297549776
240,1097.215300561767
241,1097.2941320401023
242,1100.2543535748669
243,1100.4923169906494
244,1105.9305485955629
245,1111.7143122464829
246,1115.2652973231043
247,1115.2652973232161
248,1126.543769564704
249,1127.7921679664105
250,1138.6467694921153
251,1139.4205710638892
252,1144.8741105263935
253,1144.8741105264319
254,1154.7437149273705
255,1154.7437149274444
256,1163.3428726285219
257,1170.0814073055772
258,1170.5565601426545
259,1174.3333847636352
260,1180.9370382373313
261,1192.5945491285113
262,1193.8592617327852
263,1199.7035889523893
264,1200.4326142459124
265,1204.0917369328929
266,1204.0917369329281
267,1210.7576979085234
268,1215.6840599859152
269,1217.4393534464618
270,1225.4934182611066
271,1225.7773805779971
272,1233.7005501362637
273,1233.7005501362812
274,1233.7005501364551
275,1233.7005501365632
276,1241.1833326460014
277,1242.0271286958914
278,1245.6009105220239
279,1249.7040801232895
280,1263.2667737297336
281,1263.3093633394292
282,1264.3916835124785
283,1283.0485721415876
284,1283.0485721416965
285,1283.0485721420059
286,1283.0485721428036
287,1286.6290113531934
288,1290.2602202639446
289,1309.2615955551348
290,1312.3075637231088
291,1315.3120001812745
292,1316.195719359114
293,1321.203091672294
294,1329.6684338147934
295,1335.83831192702
296,1338.361804666828
297,1342.266198547853
298,1342.2661985481625
299,1344.1171092162938
300,1344.2300638741326
301,1350.9772677982701
302,1352.1358029492624
303,1352.1358029494975
304,1364.5395873809007
305,1377.0964495315181
306,1383.4578429536084
307,1386.3154979970723
308,1386.3764408728862
309,1396.5040178185566
310,1398.4382003918681
311,1409.3966134154059
312,1411.8067831529847
313,1424.8735016750636
314,1427.9614166245042
315,1431.0926381579684
316,1431.0926381580016
317,1431.0926381580985
318,1431.0926381581826
319,1439.1269832778578
320,1440.962242559016
321,1440.9622425592383
322,1443.3577052659889
323,1447.4958541287765
324,1447.5469610611915
325,1460.7014513613101
326,1460.7014513619931
327,1460.7347604436725
328,1461.2603363927872
329,1470.5710557622856
330,1470.5710557623017
331,1483.4400827861305
332,1487.6403657400194
333,1489.3024766682156
334,1493.082441579435
335,1493.8535621467863
336,1502.5759930820575
337,1510.0494733667333
338,1510.0494733669523
339,1514.2149265274245
340,1531.7092300219588
341,1533.9007124488558
342,1542.932581864756
343,1548.7138857698055
344,1549.5278909710348
345,1549.5278909712229
346,1551.416324308731
347,1552.1837587494974
348,1552.5449174386936
349,1557.7247961171838
350,1557.8802234989469
351,1573.1336463930959
352,1577.2939468176544
353,1579.1367041743501
354,1579.1367041743581
355,1580.4600225974889
356,1580.7190865772218
357,1598.8759129764601
358,1612.953622507159
359,1613.4072376627128
360,1616.3949626108356
361,1618.5408228888239
362,1618.6151217786341
363,1618.6151217786901
364,1629.5467068236246
365,1634.94188129141
366,1659.2509697877992
367,1660.3561890345773
368,1663.2212199645612
369,1667.9631437840319
370,1667.9631437841092
371,1669.95759866347
372,1673.914736386183
373,1674.399527583437
374,1677.83274818519
375,1677.8327481852091
376,1677.8327481852457
377,1677.8327481853507
378,1686.0399936880217
379,1686.3148660002391
380,1693.6686778652868
381,1699.6050782837842
382,1702.2016794332396
383,1707.4415613884712
384,1707.4415613885062
385,1708.0474106415493
386,1723.2494627431431
387,1725.1912632483763
388,1726.1303302562837
389,1731.4032152422715
390,1733.1653403798025
391,1736.5166396287318
392,1755.0088009323299
393,1755.7305703543263
394,1756.7895833939374
395,1756.7895833940158
396,1776.5287921960994
397,1776.5287921962449
398,1777.025541503647
399,1780.8964129007118
400,1786.3983965971822
401,1786.3983965971929
402,1788.095274817141
403,1790.3900333265181
404,1800.5465033206428
405,1801.3614609627227
406,1808.6966046053758
407,1808.8668087770516
408,1825.8768142013571
409,1825.8768142014053
410,1825.8768142015672
411,1825.8768142016363
412,1836.1984292339305
413,1836.2740871328704
414,1838.471805691677
415,1842.5046605262069
416,1848.3314585617986
417,1858.6447277617121
418,1861.5319143423214
419,1867.5253739341463
420,1876.478979730271
421,1884.4063929574409
422,1884.4264908608423
423,1897.8142794870434
424,1900.6803880311054
425,1904.8336494102775
426,1904.8336494103573
427,1905.787675545881
428,1914.4309096772695
429,1914.7032538111505
430,1914.7032538113817
431,1917.2666922670398
432,1934.3288494465585
433,1938.3350891642885
434,1938.6183296571467
435,1944.0290948804809
436,1944.3120670146668
437,1944.3120670148701
438,1947.6141922581799
439,1947.9730667554929
440,1962.8295643298313
441,1965.3782272610422
442,1969.9436721148893
443,1970.3296570646999
444,1973.9208802179821
445,1973.9208802181081
446,1973.920880218154
447,1980.4404879043261
448,1984.6483210108383
449,1993.6600890201139
450,1993.6600890201209
451,1997.1950426087335
452,2002.5807327821435
453,2023.2689022230347
454,2023.2689022232942
455,2023.2689022234197
456,2023.2689022234426
457,2026.1633348555195
458,2027.0205646457655
459,2037.8301789733327
460,2038.0075331655344
461,2044.4004336388698
462,2052.8066238110846
463,2052.8777154266741
464,2052.8777154269792
465,2063.0233362801055
466,2064.2195715004259
467,2073.6932977319912
468,2081.778775817621
469,2084.6586106820846
470,2084.7865360235705
471,2091.6895136996804
472,2092.3561330309676
473,2092.3561330310272
474,2098.3169067069766
475,2112.5898826070229
476,2112.7116497635639
477,2113.1007277030862
478,2117.3146962808019
479,2127.0443444549246
480,2129.7376198326019
481,2141.6487265966875
482,2142.7419630902191
483,2151.573759437505
484,2151.5737594376014
485,2155.9690198875378
486,2156.0104577980924
487,2163.3338111079365
488,2164.9955245864085
489,2174.8475819790469
490,2177.6722408061933
491,2181.1825726406305
492,2181.1825726407465
493,2181.1825726407642
494,2181.1825726415059
495,2217.0547796661217
496,2217.0774915313509
497,2220.6609902451337
498,2220.6609902452437
499,2223.9552275573392
500,2225.08276468739
501,2226.7393557962896
502,2229.5983102974383
503,2230.5305946461995
504,2230.5305946462863
505,2234.7817234753325
506,2243.0678276243893
507,2249.3399719357385
508,2250.1956090579943
509,2250.5532284241708
510,2260.1394078494941
511,2260.1394078496078
512,2262.412045226893
513,2276.6042547124166
514,2278.7224883135441
515,2279.1527055309634
516,2289.4725476483832
517,2289.7482210525363
518,2289.748221052655
519,2289.8465189697899
520,2299.6178254537931
521,2299.6178254538418
522,2306.4365954471828
523,2309.4874298549425
524,2309.4874298552063
525,2316.2230119990909
526,2316.2528238363516
527,2321.4735493910052
528,2321.5983031657652
529,2339.6951493852052
530,2349.5248161982049
531,2349.5315795889005
532,2350.9434095723423
533,2355.4844439970057
534,2357.0137320217545
535,2378.5746606625553
536,2378.5746606627681
537,2380.6728226719565
538,2380.7815920902144
539,2385.5798191611666
540,2386.0447176212742
541,2388.4442650636252
542,2407.041926976045
543,2407.6131430096839
544,2408.1834738657235
545,2408.183473865839
546,2412.4988417246486
547,2417.0986218048515
548,2418.0530782669184
549,2418.0530782669489
550,2429.5168688645963
551,2430.4539282256956
552,2437.9578481491462
553,2439.6587770825799
554,2458.0352226466239
555,2458.5361726136525
556,2465.3194567311693
557,2467.4011002719271
558,2467.4011002723678
559,2467.401100272622
560,2467.4011002726793
561,2474.4814721703847
562,2489.1381729993873
563,2490.2546320667539
564,2498.130801840628
565,2509.5416603920939
566,2511.3999674052366
567,2514.8632453139849
568,2525.1462640715504
569,2527.8904371832737
570,2535.2126984136376
571,2535.3941773032593
572,2536.4883310798796
573,2536.4883310800487
574,2540.2133749053264
575,2545.0555994109354
576,2552.1924348372982
577,2554.3426041882008
578,2561.2589672871768
579,2562.8658539308917
580,2566.0971442828913
581,2566.0971442830914
582,2566.0971442833497
583,2566.0971442835798
584,2566.4055162539016
585,2568.1180871778415
586,2575.9667486843073
587,2575.9667486843823
588,2587.4164234610498
589,2591.8563374042078
590,2598.6103297524292
591,2603.0730269271489
592,2613.7503769353611
593,2614.5179066736682
594,2615.4451662887818
595,2615.4451662887909
596,2615.4451662888368
597,2615.4451662889028
598,2638.4105267860214
599,2640.535177588476
600,2649.8633706228702
601,2651.9803802780111
602,2652.044747410926
603,2654.9235838930886
604,2654.923583893371
605,2658.8070649336946
606,2684.532397096129
607,2684.532397096285
608,2690.4291662245655
609,2696.531213406739
610,2696.5638691890249
611,2699.898145480684
612,2704.2716058984975
613,2704.2716058987548
614,2705.7435769936751
615,2707.7466091194174
616,2713.0659706215415
617,2714.6646306972448
618,2718.7201251818706
619,2724.3226200053091
620,2724.8564158583649
621,2733.8804191017175
622,2733.8804191019922
623,2739.8685559874502
624,2740.2178282280252
625,2747.4795839414587
626,2763.3300863556169
627,2768.5600001771973
628,2772.6347445325969
629,2772.9670418728047
630,2773.3588367060879
631,2773.3588367061161
632,2780.235798597716
633,2782.776582818602
634,2790.0806041207638
635,2796.3663400051696
636,2817.1099808595031
637,2818.5600284060151
638,2827.0314158255078
639,2829.685107599908
640,2838.0319749735827
641,2842.4460675138439
642,2846.111691026882
643,2852.3156719148305
644,2852.3156719149556
645,2858.1102063234966
646,2858.1769263985952
647,2860.1206960922541
648,2860.564072413863
649,2862.185276315779
650,2862.1852763159009
651,2862.1852763159854
652,2862.1852763167599
653,2872.8594328921226
654,2876.3827596720389
655,2881.899221595002
656,2881.9244851181925
657,2881.9244851188687
658,2882.0160399351198
659,2891.7940895190659
660,2891.7940895191514
661,2911.017779170917
662,2912.3981049409372
663,2921.4029027222878
664,2921.4029027224433
665,2925.6459027344231
666,2926.9554772653287
667,2931.5904300887364
668,2933.2113206717991
669,2936.2918597425682
670,2938.904311611856
671,2941.1421115244571
672,2941.1421115248431
673,2946.7734675611305
674,2948.7976268869761
675,2962.0747947773689
676,2973.6822434187306
677,2979.045766232467
678,2981.5801791285376
679,3000.1824363373439
680,3004.9431600793291
681,3007.6987245768951
682,3010.2293423321403
683,3010.2293423321762
684,3010.2293423322226
685,3010.229342332666
686,3012.6795389905792
687,3020.0989467333038
688,3020.0989467333329
689,3027.093996255192
690,3030.4090901337404
691,3031.816156440731
692,3032.065691007364
693,3033.4712347233572
694,3033.8010254498854
695,3054.1100900988695
696,3056.498268415603
697,3061.2648167442185
698,3066.679194132038
699,3067.8343370700291
700,3069.0523357586999
701,3085.1314763840619
702,3086.8378160824182
703,3089.1861775406192
704,3089.1861775409407
705,3099.0557819420037
706,3099.0557819421306
707,3108.0547570923586
708,3108.4443338426177
709,3114.5653622388159
710,3116.6969092693107
711,3128.664595145267
712,3128.6645951453888
713,3141.1385498900459
714,3146.1893679050436
715,3158.2734083485816
716,3158.2734083486025
717,3168.0329767924845
718,3168.4140419325927
719,3169.4044086461627
720,3169.7312122343551
721,3170.7074168309587
722,3183.1835658615628
723,3183.4886672692191
724,3184.6384158784513
725,3198.3682827428056
726,3204.9340725948723
727,3204.9581273612239
728,3207.6214303536149
729,3207.6214303537049
730,3207.6214303538068
731,3207.6214303538968
732,3207.6214303540219
733,3207.6214303541533
734,3222.9675179640203
735,3223.4676831085076
736,3228.3107160274822
737,3235.50080574509
738,3237.2302435572869
739,3237.2302435573602
740,3244.451520455324
741,3251.1012547984001
742,3252.60840245902
743,3253.3180714022901
744,3255.3747518818959
745,3265.6983480243966
746,3270.4642317990661
747,3274.6232428966046
748,3278.4257032698174
749,3279.6950184590655
750,3284.8997674518873
751,3286.5782655628336
752,3286.5782655631911
753,3309.7535195474002
754,3312.851409164376
755,3319.1487176053733
756,3322.8757586864081
757,3326.0566831669812
758,3326.056683167154
759,3326.3311909746571
760,3327.4987924964285
761,3335.9262875680724
762,3335.9262875681388
763,3335.9262875685208
764,3355.6654963700767
765,3355.665496370339
766,3355.6654963704614
767,3355.6654963705359
768,3357.9800153656938
769,3361.031521596768
770,3369.1652018453065
771,3369.400060912526
772,3387.1454171507812
773,3387.1965651640162
774,3400.480322800272
775,3403.7062624369946
776,3410.7905151874111
777,3410.9152174311753
778,3414.883122776951
779,3414.8831227771493
780,3417.3675302166239
781,3417.3684161947313
782,3417.9039645787775
783,3423.6576658463432
784,3428.0461949738628
785,3438.0053731215903
786,3444.4919359802007
787,3444.4919359803698
788,3456.4989299923523
789,3463.5545140459244
790,3463.9438237830786
791,3477.8952222034795
792,3481.3379204307707
793,3482.0183525514794
794,3483.9703535846211
795,3483.9703535850458
796,3490.9275264418402
797,3491.4476454439196
798,3510.0779064888529
799,3512.9779168017699
800,3513.5791667877593
801,3513.579166787888
802,3513.74867837902
803,3515.5560790884529
804,3531.1223433846085
805,3531.1367836803825
806,3535.294873842905
807,3536.7188547357496
808,3553.0575843921984
809,3553.0575843922802
810,3560.3343075267685
811,3568.2868689498737
812,3568.7227448042918
813,3571.5868783818005
814,3572.7967931943067
815,3572.7967931943904
816,3573.8446576564311
817,3574.3207604875183
818,3587.122358650041
819,3589.5791170982802
820,3602.4056063972748
821,3602.4056063975622
822,3602.4056063975813
823,3602.4056063975918
824,3604.3363573399715
825,3605.385906182491
826,3612.7122871258839
827,3614.137206623529
828,3621.7153038541155
829,3632.3667707269879
830,3637.8271398016564
831,3637.8317369191805
832,3641.8840240019613
833,3641.8840240024247
834,3651.7536284028733
835,3651.753628403002
836,3651.7536284030084
837,3651.7536284030407
838,3657.3161717375851
839,3657.768769560927
840,3673.5327995279599
841,3674.0724703769083
842,3681.3624416062271
843,3681.3624416064349
844,3686.7453329747659
845,3688.9823356516645
846,3690.9503836247382
847,3703.353061081893
848,3717.5406829626941
849,3720.8408592107935
850,3720.8408592108117
851,3720.840859210834
852,3720.8408592108617
853,3724.5358112201225
854,3726.0156798835715
855,3742.9444280588282
856,3743.0358592913135
857,3746.8754409334974
858,3750.6456308375659
859,3761.6297864212852
860,3762.2479457446075
861,3766.4238788754828
862,3768.6937289519242
863,3770.8672323061883
864,3778.2645923090504
865,3781.4425763335976
866,3792.0365401994836
867,3792.2991335295001
868,3798.6939455901197
869,3804.5823914438133
870,3809.6672988204828
871,3809.6672988209466
872,3822.0176061513221
873,3822.7076993519058
874,3829.4065076226902
875,3829.4065076227143
876,3836.997871542847
877,3837.7533232086612
878,3838.1054102765825
879,3839.2761120237287
880,3839.2761120238833
881,3839.9102350198782
882,3846.8404922554132
883,3849.4781005228542
884,3868.8849252270256
885,3871.2197303769944
886,3874.4116165386845
887,3883.3423628178552
888,3886.2090279707963
889,3888.6241340292349
890,3888.6241340294241
891,3906.2113397712619
892,3906.5402414728442
893,3914.0412484930193
894,3916.921545997744
895,3918.2329472321935
896,3918.2329472323754
897,3941.6150947747501
898,3943.8100203111758
899,3947.8417604356659
900,3947.8417604357619
901,3952.4240796003505
902,3954.6355456565007
903,3957.7113648367422
904,3957.7113648368659
905,3965.1761744806922
906,3968.1779683710297
907,3969.3097071448105
908,3969.3159553809155
909,3976.7755048375207
910,3977.659463953958
911,3987.3201780400714
912,3987.3201780408508
913,3991.7867547926271
914,3993.9850014563913
915,3997.1897824410999
916,3997.1897824412545
917,4001.4692157289874
918,4008.4053084116613
919,4009.6995160935144
920,4015.6762707095309
921,4015.7579419182516
922,4016.9850652133232
923,4022.4989125346956
924,4026.4606505108827
925,4036.6682000454912
926,4036.6682000455226
927,4046.5378044465906
928,4046.5378044466011
929,4046.5378044467029
930,4046.5378044469526
931,4054.4224055420418
932,4059.1485393191169
933,4067.710283896226
934,4071.4355655590025
935,4075.7656765431452
936,4075.9461196268544
937,4092.4526812554077
938,4094.3840520430153
939,4099.9552395385308
940,4100.1323604179534
941,4105.7554308531826
942,4105.7554308532226
943,4111.4560277077917
944,4117.5649496910501
945,4122.2623096359712
946,4127.2685778119476
947,4150.018492272141
948,4150.9262040620888
949,4155.1034528585733
950,4155.1034528587761
951,4157.3832263172471
952,4157.7156782967295
953,4163.0529521323606
954,4164.3064457640467
955,4181.118074307019
956,4181.2035613496364
957,4184.7122660618479
958,4184.7122660618543
959,4186.699240091687
960,4186.972050505331
961,4194.5818704625854
962,4194.5818704629655
963,4194.5818704630028
964,4194.5818704631865
965,4194.581870463282
966,4194.581870463644
967,4216.0840191296738
968,4217.8696367403581
969,4222.9421555806748
970,4223.3462835736173
971,4232.3187812215619
972,4232.7427743955614
973,4249.4371122336852
974,4256.4780981344011
975,4258.437179393276
976,4262.3788167564953
977,4273.5387056714817
978,4273.5387056716718
979,4275.0346480529506
980,4278.8072169418592
981,4278.8134790189015
982,4290.1478429829576
983,4290.7050105937669
984,4300.6776642069053
985,4300.8885420914276
986,4303.1475188749073
987,4303.1475188751238
988,4312.4140917835011
989,4334.5446638227295
990,4346.7624159354846
991,4350.4625326153719
992,4352.8400584744168
993,4356.5199552059285
994,4356.7217220876273
995,4362.3651452813237
996,4362.3651452815157
997,4362.3651452815257
998,4362.3651452820613
999,4362.7268589782352
1000,4363.9878540936352
1001,4367.5498128736463
1002,4372.058093704256
1003,4372.2723717459385
1004,4377.3709727467894
1005,4389.9274837712064
1006,4390.6488084850344
1007,4391.9739584847221
1008,4391.9739584847675
1009,4391.9739584848658
1010,4391.9739584852532
1011,4398.5289090448996
1012,4398.5757896305258
1013,4401.8740173331389
1014,4404.0970608108037
1015,4421.5710990988691
1016,4424.2321523759247
1017,4431.4523760890797
1018,4431.4523760892625
1019,4440.6527242225839
1020,4441.3219804901009
1021,4441.3219804902237
1022,4441.3219804903438
1023,4448.9922369725182
1024,4459.237749359082
1025,4459.4292458320697
1026,4461.0611892923853
1027,4461.0611892926318
1028,4471.2193611236444
1029,4473.5634605395207
1030,4490.09155081264
1031,4492.2735565394514
1032,4503.9718892983556
1033,4504.0838589081268
1034,4510.4092112978087
1035,4510.4092112979406
1036,4512.853738528398
1037,4519.9419704934953
1038,4520.2788156989682
1039,4520.2788156990482
1040,4544.4784240569325
1041,4549.88762890219
1042,4549.8876289022783
1043,4550.0516278526693
1044,4551.237381280177
1045,4555.2186904446726
1046,4559.3517335798897
1047,4560.1010106954864
1048,4569.2663638170616
1049,4571.9370800483339
1050,4572.6890939442619
1051,4575.3334039169249
1052,4579.4964421054256
1053,4579.4964421057639
1054,4580.8245899842996
1055,4599.0120308864352
1056,4599.2356509076189
1057,4599.2356509078845
1058,4600.8613681056322
1059,4600.8746488036331
1060,4618.5008877052242
1061,4618.9748597096986
1062,4618.9748597097641
1063,4619.5331701658715
1064,4633.937700539771
1065,4642.0909686764962
1066,4644.4286028506103
1067,4644.903451244797
1068,4649.1358385710682
1069,4652.5294589917321
1070,4655.342965899501
1071,4660.1310819074579
1072,4665.1374378419396
1073,4666.06398968137
1074,4672.0494560583111
1075,4673.4963331281224
1076,4694.3610441766086
1077,4700.8177398403996
1078,4707.8012993196489
1079,4707.8012993198799
1080,4714.921004033692
1081,4716.1154219301879
1082,4733.3978120542688
1083,4736.3416595118606
1084,4747.2797169235409
1085,4747.279716923963
1086,4747.2797169239939
1087,4747.279716924174
1088,4748.8088958217759
1089,4750.0298465616997
1090,4757.0218116625283
1091,4757.1493213250942
1092,4757.149321325157
1093,4760.3593447969761
1094,4776.7824655884606
1095,4777.5529169793708
1096,4786.0965029515755
1097,4786.7581345281724
1098,4786.758134528297
1099,4786.7581345283288
1100,4786.7581345286917
1101,4787.0397609795964
1102,4793.7892264083339
1103,4800.7795399763727
1104,4805.4067294134775
1105,4805.8643901953365
1106,4813.2540178617137
1107,4813.378293045409
1108,4816.3669477315079
1109,4816.3669477316207
1110,4836.1061565337577
1111,4836.1061565339141
1112,4840.2219608080859
1113,4843.1069194540105
1114,4844.6190853279104
1115,4846.8394351302441
1116,4848.8108294343147
1117,4860.6537159349118
1118,4865.572234623276
1119,4865.7149697368604
1120,4865.7149697369105
1121,4865.7149697370924
1122,4865.7149697377545
1123,4872.9750796421804
1124,4881.7892711362856
1125,4891.0449377723189
1126,4891.0794529343502
1127,4896.8466306136561
1128,4898.7080247735703
1129,4915.3693394697584
1130,4925.6782748443447
1131,4926.9803019924275
1132,4934.8022005441326
1133,4934.8022005445955
1134,4934.8022005446383
1135,4934.8022005449475
1136,4936.337668934153
1137,4945.4694180349643
1138,4946.0650592874563
1139,4950.662973827677
1140,4953.2996554811016
1141,4954.4964665820107
1142,4968.3665554275576
1143,4975.4550280136764
1144,4980.3527250438092
1145,4982.6530366637489
1146,4984.1502225500226
1147,4984.1502225500481
1148,4984.1502225502909
1149,4984.1502225504901
1150,5001.2360662831779
1151,5005.3584905675643
1152,5006.3320369265757
1153,5006.3388604332276
1154,5023.6286401544321
1155,5023.6286401545831
1156,5030.2510939184231
1157,5031.4931710701549
1158,5035.0967699253279
1159,5035.2805256837009
1160,5038.0410384423139
1161,5042.0424981502247
1162,5049.9830240167985
1163,5053.2374533577968
1164,5053.911988378266
1165,5065.7974414289783
1166,5070.0603899794023
1167,5072.9766621598701
1168,5072.9766621598737
1169,5078.6981351662807
1170,5078.7411029738851
1171,5088.8907156563128
1172,5090.016857050492
1173,5108.3049640263471
1174,5110.1018669075038
1175,5132.1942885663148
1176,5132.1942885664203
1177,5132.1942885664448
1178,5132.1942885664985
1179,5137.2540752069299
1180,5137.3280375845461
1181,5142.0638929675197
1182,5142.0638929676279
1183,5149.1777877769964
1184,5149.6020794618289
1185,5151.9334973686327
1186,5151.9334973689538
1187,5162.6128367104893
1188,5171.0207001715717
1189,5172.22477850621
1190,5173.9716565322351
1191,5176.5177849088122
1192,5176.5677344664018
1193,5197.0218684128231
1194,5204.6852336303482
1195,5204.7987485931353
1196,5215.4070566536357
1197,5226.9124526005126
1198,5227.5233126786388
1199,5230.890332577017
1200,5230.8903325773263
1201,5230.8903325774099
1202,5230.8903325776246
1203,5236.2066797006337
1204,5236.8837323946409
1205,5244.6101783123231
1206,5245.0519720729535
1207,5251.332253629138
1208,5252.4131200540896
1209,5254.2323677496888
1210,5254.7872297793447
1211,5260.4991457799588
1212,5260.4991457806009
1213,5260.4991457807118
1214,5260.4991457807719
1215,5267.0727273025259
1216,5269.7877454923628
1217,5283.9558339006635
1218,5285.14582968998
1219,5291.1719235395085
1220,5291.3111615137868
1221,5309.8471677858079
1222,5309.8471677860944
1223,5315.944350174108
1224,5318.3677885464613
1225,5318.5242201927931
1226,5323.7758034751987
1227,5331.8463688442134
1228,5337.6789230387658
1229,5339.4559809893126
1230,5339.4559809893481
1231,5345.4562108630043
1232,5345.8363575566827
1233,5361.6591485916078
1234,5362.2226612507202
1235,5369.0647941926463
1236,5369.0647941926936
1237,5369.5435546851404
1238,5370.000265892214
1239,5371.0106638821298
1240,5371.1865567232271
1241,5378.9343985936976
1242,5378.9343985937649
1243,5378.9343985937812
1244,5378.9343985941705
1245,5408.5432117967221
1246,5408.5432117969067
1247,5415.4222839474323
1248,5418.412816197977
1249,5418.4128161980261
1250,5423.870059524691
1251,5424.4770230424274
1252,5424.5241770886532
1253,5445.0441501648611
1254,5446.4900573762616
1255,5460.1528870175816
1256,5460.1589261081735
1257,5467.7608382034923
1258,5467.7608382039571
1259,5467.807329743453
1260,5467.8697401069967
1261,5485.6289007372052
1262,5486.7578207427277
1263,5487.7202093763708
1264,5488.5301873009521
1265,5489.0536411726107
1266,5494.2773864856435
1267,5496.9248739279028
1268,5497.3696514065814
1269,5497.3696514068261
1270,5507.5301142053422
1271,5519.0822727814275
1272,5522.8248440927009
1273,5523.0775134755895
1274,5538.0557518190199
1275,5539.0314082766608
1276,5546.7176734121349
1277,5546.7176734121631
1278,5547.7968011701405
1279,5552.7835330363087
1280,5552.9506236171646
1281,5570.1960384563572
1282,5570.2387776377327
1283,5575.2082124213102
1284,5576.3264866152322
1285,5576.3264866154705
1286,5576.3264866158288
1287,5576.326486615887
1288,5596.8106231518232
1289,5602.3491185940293
1290,5602.5169600348163
1291,5609.8356893280034
1292,5611.1891138233632
1293,5612.6061282655564
1294,5615.8049042198099
1295,5615.8049042199409
1296,5618.261151915669
1297,5640.9332074492449
1298,5641.7677761340119
1299,5649.252578260367
1300,5650.3271574399687
1301,5660.2548588458822
1302,5660.5951769751819
1303,5671.6317270064956
1304,5676.1616853298392
1305,5682.634305362345
1306,5689.9613759035956
1307,5692.7352682124465
1308,5694.7617394285035
1309,5694.7617394288618
1310,5695.315585320538
1311,5695.5762373636335
1312,5697.2355921098842
1313,5704.6313438292982
1314,5704.6313438296538
1315,5704.6313438296684
1316,5715.1515645868203
1317,5716.2889760837152
1318,5724.3705526317763
1319,5724.3705526318854
1320,5724.3705526319527
1321,5724.3705526320973
1322,5741.1310528592248
1323,5743.4633644743972
1324,5751.919421501847
1325,5754.1484159655483
1326,5758.7687141389761
1327,5763.1144105237836
1328,5763.8489702361239
1329,5763.8489702363786
1330,5766.8532597095891
1331,5768.620844916878
1332,5773.7185746372052
1333,5773.7185746372588
1334,5773.7185746374444
1335,5773.7185746377318
1336,5783.5881790381927
1337,5783.5881790383337
1338,5789.7525547793448
1339,5789.9625963835024
1340,5805.0216443592017
1341,5810.2590939502024
1342,5816.8741763627268
1343,5818.0944286610447
1344,5821.6206160615702
1345,5822.1321023878063
1346,5822.5312974973058
1347,5832.7728590641755
1348,5842.8058054446246
1349,5842.8058054448511
1350,5852.6754098459214
1351,5852.6754098459523
1352,5853.8272428168848
1353,5864.8918877901342
1354,5869.9260167852581
1355,5875.6744622497345
1356,5882.2842230491569
1357,5882.2842230492079
1358,5884.5274814077175
1359,5885.5277626187881
1360,5897.9261703125758
1361,5899.1796970802043
1362,5912.6173722039885
1363,5916.3256720394975
1364,5920.4402930286969
1365,5931.6322450546795
1366,5931.6322450548978
1367,5933.2802147202701
1368,5933.9772324891619
1369,5933.9895828509925
1370,5940.0164085327169
1371,5947.6205819947199
1372,5949.2557751982258
1373,5950.4970359587032
1374,5962.3765794283363
1375,5962.3794877808186
1376,5971.1106626590326
1377,5971.1106626592637
1378,5977.4018474122095
1379,5977.8386966234657
1380,5982.2015263904323
1381,5982.8207072136884
1382,5982.869608749229
1383,5990.2841357146126
1384,5996.1986766623131
1385,5996.6767037006366
1386,6012.9664142201691
1387,6013.5804760090468
1388,6020.4586846643942
1389,6020.4586846644424
1390,6020.4586846644579
1391,6020.4586846645807
1392,6028.34581766274
1393,6031.2715476111389
1394,6040.1978934665531
1395,6040.1978934665931
1396,6050.0674978675052
1397,6050.0674978677716
1398,6065.4797543670111
1399,6065.733975996397
1400,6073.0795583525751
1401,6074.6682776778734
1402,6076.8453518752303
1403,6084.5635944257665
1404,6089.5459154719429
1405,6089.5459154721639
1406,6091.150049809683
1407,6091.5383420550588
1408,6107.2904107408413
1409,6111.5847455902822
1410,6119.7404442440111
1411,6120.5410405651846
1412,6151.1805712525274
1413,6151.3134452808972
1414,6158.8467397975019
1415,6165.295538551045
1416,6165.3912218257265
1417,6168.5027506808274
1418,6168.5027506808556
1419,6168.5027506810102
1420,6168.502750681524
1421,6176.813060507101
1422,6176.9180160760652
1423,6177.64418185256
1424,6178.3723550818904
1425,6178.3723550821078
1426,6190.6028368989801
1427,6191.81467022176
1428,6195.3773933403554
1429,6198.1115638839492
1430,6198.111563884052
1431,6199.7186654394836
1432,6199.821383479989
1433,6207.9811682849131
1434,6207.9811682850714
1435,6207.9811682851596
1436,6207.981168285457
1437,6216.7181066580388
1438,6220.9837526985484
1439,6227.7111994772831
1440,6229.8446947433004
1441,6233.2723332382593
1442,6233.5505695700103
1443,6236.7428977502559
1444,6250.3805774937591
1445,6257.3291902905203
1446,6257.3291902906176
1447,6258.3611448712736
1448,6261.640664617441
1449,6278.57796053539
1450,6279.3646436931922
1451,6281.3134658578256
1452,6286.9380034937749
1453,6286.9380034938777
1454,6295.5579795306612
1455,6295.6222378798502
1456,6300.3127427189938
1457,6302.6469597618725
1458,6310.8721270786018
1459,6312.3522086969851
1460,6315.864777566343
1461,6316.5468166971177
1462,6316.5468166971586
1463,6321.0433675094037
1464,6326.4164210981407
1465,6326.4164210982408
1466,6333.5678049896051
1467,6336.9556348668075
1468,6365.1455481866587
1469,6368.3648073644654
1470,6371.581390920408
1471,6377.4975881154278
1472,6382.4521556777017
1473,6386.8737135077345
1474,6395.5036519059086
1475,6410.5115450977182
1476,6412.0296334699724
1477,6415.2428607074853
1478,6415.2428607077591
1479,6415.2428607080574
1480,6415.2428607080901
1481,6415.2428607081392
1482,6415.2428607082502
1483,6419.6263587519552
1484,6420.1738671764115
1485,6427.325327378202
1486,6427.3460355431107
1487,6434.9553351753766
1488,6436.7209472501363
1489,6444.0970238797045
1490,6444.4434439589359
1491,6444.8516739113011
1492,6444.8516739113984
1493,6455.087236613479
1494,6455.1555492972984
1495,6470.4684137492686
1496,6473.5521121922147
1497,6474.4604871144347
1498,6474.4604871146048
1499,6484.3300915156215
1500,6484.3300915156569
1501,6495.0475700461666
1502,6497.0522371885727
1503,6505.3815261017744
1504,6505.5360722241085
1505,6518.8029707829237
1506,6523.808509119981
1507,6523.808509120523
1508,6526.4182411718793
1509,6530.2969235434648
1510,6532.1763809870681
1511,6541.9901855065264
1512,6542.4740536588952
1513,6551.0993429599739
1514,6564.7622878930342
1515,6566.3546570682965
1516,6568.1160388730432
1517,6571.7821216217735
1518,6573.1565311254308
1519,6573.15653112564
1520,6573.9941285713185
1521,6587.7695323282724
1522,6590.0815031208049
1523,6597.3857425541628
1524,6597.8000527030708
1525,6613.9198114026067
1526,6636.501511619369
1527,6642.2437619330867
1528,6642.2437619331176
1529,6645.4176186198865
1530,6645.8660785462162
1531,6647.1079584459503
1532,6652.1133663341934
1533,6652.1133663342507
1534,6652.1618962740222
1535,6655.5596567153452
1536,6657.1255489063697
1537,6663.5003770641697
1538,6664.6761356328034
1539,6671.8525751362695
1540,6671.8525751364023
1541,6679.3167779407722
1542,6679.8031650095254
1543,6681.722179537257
1544,6681.7221795374617
1545,6682.1954979546535
1546,6691.2084805606746
1547,6697.4381475900336
1548,6700.7616853520203
1549,6704.5533490894886
1550,6704.6309809818003
1551,6711.3309927405089
1552,6711.330992740649
1553,6711.3309927407336
1554,6711.3309927407608
1555,6727.4069364089846
1556,6729.7267719308429
1557,6729.736881034989
1558,6730.5870549904694
1559,6744.4411382451435
1560,6748.1219015936613
1561,6760.6790147461734
1562,6760.6790147462398
1563,6760.6790147462589
1564,6760.6790147463298
1565,6762.393167002615
1566,6764.8659189724085
1567,6770.6725503634116
1568,6771.1523104149001
1569,6773.8963589479172
1570,6785.1350072824762
1571,6790.6600199149161
1572,6790.8050879332732
1573,6800.1574323502973
1574,6800.1574323504146
1575,6800.1574323504165
1576,6800.1574323505301
1577,6802.1452395392198
1578,6803.8154721111068
1579,6829.766245553772
1580,6829.7662455538029
1581,6849.0793080142957
1582,6851.1437207200297
1583,6863.8440139607374
1584,6864.8947409439006
1585,6865.7784846777622
1586,6873.6996039471769
1587,6879.1142675589617
1588,6879.1142675592328
1589,6879.11426755926
1590,6879.1142675593246
1591,6879.8122191845141
1592,6880.8741572623867
1593,6882.3336578646386
1594,6888.9838719602003
1595,6888.9838719603158
1596,6894.9380330771173
1597,6905.0488916800623
1598,6905.5551737262776
1599,6913.0778906132455
1600,6918.592685163514
1601,6918.5926851636332
1602,6919.7478174535954
1603,6920.8306274307715
1604,6927.8618760653617
1605,6933.3201355685305
1606,6940.5046250197047
1607,6940.5200392806764
1608,6947.6247204464335
1609,6964.7954692532376
1610,6966.6660693712647
1611,6967.940707169033
1612,6967.9407071691185
1613,6969.5182176506305
1614,6977.0710051837523
1615,6977.1454570277147
1616,6993.4956632099156
1617,6994.394507777225
1618,6997.5495203723731
1619,6997.5495203724231
1620,7003.8891470739864
1621,7014.5363790924121
1622,7017.3818913613768
1623,7017.4314907061816
1624,7017.909596043386
1625,7021.0925133114879
1626,7025.2667129387746
1627,7027.1583335755267
1628,7027.1583335755959
1629,7033.6977783611719
1630,7033.7888567986201
1631,7047.5022472539204
1632,7050.7480444942867
1633,7063.8782159955772
1634,7068.7658886880799
1635,7081.2748968544611
1636,7081.606053549317
1637,7091.6089640552718
1638,7097.1048112903673
1639,7098.9667016662625
1640,7102.9031972113271
1641,7106.1151687842093
1642,7106.1151687842721
1643,7117.3230819392729
1644,7117.6650936079241
1645,7124.1056021424802
1646,7125.8543775863482
1647,7126.6850374676451
1648,7145.5935863886316
1649,7145.5935863886789
1650,7154.3893600207239
1651,7155.4416265744785
1652,7155.4631907891517
1653,7155.4631907894909
1654,7155.4631907896492
1655,7155.4631907897301
1656,7155.4631907898465
1657,7155.4631907900794
1658,7168.0140222574637
1659,7169.6381040516944
1660,7195.4970885891398
1661,7196.2344002446853
1662,7202.5316423247232
1663,7203.0497593457858
1664,7204.8112127951053
1665,7204.8112127952054
1666,7204.8112127952181
1667,7204.8112127952299
1668,7208.8179295088912
1669,7217.6728355518226
1670,7222.5960825794582
1671,7223.0098358338691
1672,7233.8327474592525
1673,7234.0458339448523
1674,7234.4200259984436
1675,7234.420025998591
1676,7237.518327110246
1677,7238.6326077984368
1678,7255.3546459701147
1679,7255.9405251306498
1680,7262.7106878906088
1681,7263.1371111133376
1682,7263.4053850057899
1683,7267.2741392252283
1684,7283.7680480038698
1685,7283.7680480038971
1686,7285.1775491082208
1687,7285.9137996969266
1688,7288.1764248361542
1689,7293.4921179178091
1690,7303.2653088724755
1691,7303.5072568058322
1692,7303.5072568058631
1693,7303.5072568059968
1694,7303.5072568060914
1695,7316.7132218593988
1696,7323.1156879393238
1697,7325.0417395426657
1698,7342.4572974582079
1699,7347.289304184821
1700,7352.8552788112902
1701,7352.855278811382
1702,7352.855278811573
1703,7352.8552788116695
1704,7353.2088504157518
1705,7362.7248832126443
1706,7362.7248832128889
1707,7367.6387977059339
1708,7372.3996429991821
1709,7378.3294046704414
1710,7383.6386111931452
1711,7385.5863203194931
1712,7386.8479375022162
1713,7388.2155174613872
1714,7388.7565525340533
1715,7395.3807895634618
1716,7416.5194057447206
1717,7416.8750559042937
1718,7424.4180715486955
1719,7426.3348745441208
1720,7426.4189415811215
1721,7432.5569423858869
1722,7441.6817184209831
1723,7441.6817184210513
1724,7441.6817184214133
1725,7441.6817184215888
1726,7466.3343951314218
1727,7468.0557388633588
1728,7471.2905316246661
1729,7471.2905316247025
1730,7473.323574624811
1731,7473.3746712195525
1732,7476.2747248345722
1733,7476.7118075537437
1734,7488.7963220959564
1735,7490.2376271075227
1736,7492.3279365455255
1737,7496.6878387623365
1738,7504.2984259872183
1739,7506.557205103074
1740,7510.7689492286972
1741,7510.7689492289983
1742,7526.8947331295612
1743,7530.8482584824196
1744,7541.5720790741343
1745,7541.8687242037731
1746,7550.2473668328748
1747,7550.2473668332914
1748,7550.2473668333751
1749,7550.2473668334023
1750,7551.4588927925288
1751,7551.9510867319841
1752,7566.9245383893731
1753,7568.2923684432135
1754,7589.7257844376945
1755,7589.7257844377245
1756,7589.9209058848792
1757,7590.670285171951
1758,7600.6449846008609
1759,7603.8629633046703
1760,7608.9311832814828
1761,7608.9338411213857
1762,7615.9439218722018
1763,7616.2036466196359
1764,7619.3345976409155
1765,7619.3345976410938
1766,7629.0359628517917
1767,7629.204202041974
1768,7629.2042020419913
1769,7631.3949014498394
1770,7638.8248919723674
1771,7650.2762992494236
1772,7658.8130152452686
1773,7658.8130152453095
1774,7668.8690319125071
1775,7669.4044053662928
1776,7669.8947430438702
1777,7678.5522240475557
1778,7678.5522240475793
1779,7698.1901508261035
1780,7700.0093101977409
1781,7702.6846074180739
1782,7708.752925719994
1783,7708.9590787328634
1784,7715.5641923895264
1785,7720.4012854817884
1786,7727.5963390434654
1787,7744.6177825171317
1788,7744.8749113040467
1789,7747.639454855117
1790,7747.6394548551334
1791,7747.6394548551343
1792,7747.6394548552362
1793,7751.1954710235032
1794,7752.0877192884845
1795,7759.6899156061982
1796,7760.6807939619403
1797,7764.0797216461751
1798,7764.8947999426946
1799,7770.2859259340576
1800,7771.9698430172239
1801,7772.3331644116388
1802,7777.2482680584035
1803,7777.2482680585936
1804,7781.6647275410214
1805,7781.9452702262506
1806,7796.5021240800261
1807,7803.4629932581329
1808,7810.943403353047
1809,7815.5196481571629
1810,7822.0245395649745
1811,7822.1048009009364
1812,7826.5962900635741
1813,7826.5962900636105
1814,7826.596290063716
1815,7826.5962900638215
1816,7836.4658944647827
1817,7836.4658944649891
1818,7840.1478379274786
1819,7840.9029966056914
1820,7851.0223494084767
1821,7852.0832511840918
1822,7857.3502729740521
1823,7866.0747076681464
1824,7866.0747076682937
1825,7867.6537569082511
1826,7868.547585708764
1827,7868.6924900177546
1828,7889.5798412864333
1829,7890.6583755156207
1830,7895.6835208714128
1831,7895.6835208714983
1832,7895.683520871532
1833,7905.5531252723767
1834,7905.5531252725368
1835,7913.0741994132368
1836,7915.4227296736044
1837,7915.4227296736899
1838,7915.5253851451462
1839,7918.3639077267417
1840,7918.7826906023101
1841,7939.5143058850681
1842,7945.0722473182695
1843,7958.5565704642531
1844,7959.4720230711027
1845,7963.7536574109254
1846,7968.4364018299693
1847,7974.64035608016
1848,7974.6403560802446
1849,7976.1729179482672
1850,7980.4972782078485
1851,7984.509960481184
1852,7984.5099604813313
1853,7989.7624666303136
1854,7989.8297844217304
1855,7994.3795648822743
1856,7994.3795648823689
1857,8025.764496796568
1858,8025.8049558201337
1859,8031.8485793771952
1860,8034.0647808467866
1861,8035.9481042272546
1862,8042.0900322234538
1863,8054.0565073326561
1864,8055.0406795811678
1865,8056.2461154319481
1866,8056.8098436322416
1867,8062.652760592975
1868,8065.4741578018602
1869,8073.2142595907226
1870,8073.336400090885
1871,8073.3364000911906
1872,8089.9170077475374
1873,8090.062364475807
1874,8092.8120596051094
1875,8093.0756088928547
1876,8093.0756088928783
1877,8093.0756088930711
1878,8093.0756088932303
1879,8100.3314733483148
1880,8101.0863014824545
1881,8102.9452132940169
1882,8102.9452132942815
1883,8103.5478303302698
1884,8103.6321701502629
1885,8124.2448903864361
1886,8130.7373339732694
1887,8132.1164586240156
1888,8143.8586380888237
1889,8149.6937745036794
1890,8155.2492219206442
1891,8156.2201034419822
1892,8159.8458126608375
1893,8168.6998985718055
1894,8176.9145150698359
1895,8177.1677573075494
1896,8178.1477444515949
1897,8181.9020485030533
1898,8181.9020485030651
1899,8205.1340104468763
1900,8210.5028954611334
1901,8211.5108617063215
1902,8211.510861706498
1903,8215.9500205341919
1904,8218.3693701602115
1905,8221.3804661073664
1906,8221.3804661074391
1907,8239.3106161411924
1908,8240.5097953686618
1909,8245.2885959546475
1910,8245.9307062697262
1911,8252.1135538208218
1912,8253.264852753613
1913,8255.677626379611
1914,8258.444627612289
1915,8281.1413843342398
1916,8292.5706837709931
1917,8300.3373013160253
1918,8300.3373013161436
1919,8304.4049380221004
1920,8304.4324849367131
1921,8305.5303119320033
1922,8308.6507607265212
1923,8308.7150589057928
1924,8310.2069057169501
1925,8310.2069057173212
1926,8311.3845370450181
1927,8325.6383744677732
1928,8328.6126997717147
1929,8339.8157189200356
1930,8339.815718920323
1931,8339.8157189204285
1932,8339.8157189204412
1933,8339.8157189204521
1934,8339.8157189205449
1935,8348.9972552124818
1936,8350.489716469132
1937,8351.3648184370268
1938,8351.6111344003966
1939,8363.621237137093
1940,8363.7961799942241
1941,8369.4245321235703
1942,8369.4245321237267
1943,8378.5247289670697
1944,8379.4349755906678
1945,8379.737221271107
1946,8381.5684996268556
1947,8389.1637409256691
1948,8389.1637409258783
1949,8389.1637409258856
1950,8389.1637409259074
1951,8389.1637409259565
1952,8389.163740926022
1953,8418.7725541290638
1954,8418.7725541291511
1955,8421.4109305788243
1956,8424.3075028686017
1957,8430.1164001948691
1958,8430.3952217816168
1959,8434.7925737362566
1960,8442.5061373037752
1961,8442.5225474837898
1962,8452.9697392432754
1963,8458.2509717335779
1964,8458.2509717335979
1965,8462.6675964242695
1966,8464.7484227686346
1967,8468.4150937260147
1968,8476.6866639034197
1969,8477.2207081222805
1970,8491.230618866055
1971,8492.2834855441397
1972,8498.1323876971273
1973,8502.7324538529701
1974,8508.9377772960997
1975,8517.5524100972525
1976,8517.8895007957308
1977,8522.5898862031099
1978,8537.2078069419949
1979,8537.2078069420422
1980,8537.2078069422187
1981,8537.207806942246
1982,8545.2004754964455
1983,8547.0535917401339
1984,8547.0774113433763
1985,8547.0774113434236
1986,8564.9285855364087
1987,8574.7479658933898
1988,8582.7160250997586
1989,8591.5466539611862
1990,8596.3560292894872
1991,8598.61363874993
1992,8600.191004907274
1993,8600.9262803210459
1994,8600.9460789177756
1995,8606.2950377498091
1996,8606.295037749931
1997,8609.7670198515443
1998,8610.5842573512
1999,8616.1646421508249
2000,8616.1646421509486
2001,8616.9038794756761
2002,8617.7152683872209
2003,8628.2612652251064
2004,8628.7481962738293
2005,8636.9823461943652
2006,8637.9352503290484
2007,8647.2408294987235
2008,8648.2473434393542
2009,8654.2944610058203
2010,8655.6430597554263
2011,8655.6430597554299
2012,8665.3917353172637
2013,8671.5481045715278
2014,8672.2027349717428
2015,8676.3048685643771
2016,8676.5847296958273
2017,8695.1214773596748
2018,8695.1214773599404
2019,8704.9910817607179
2020,8710.6957324014966
2021,8713.4099594807412
2022,8719.4547654493144
2023,8720.2983704387643
2024,8724.7302905625729
2025,8724.7302905629767
2026,8724.7302905630095
2027,8724.7302905635443
2028,8738.6316394257028
2029,8739.517492063087
2030,8745.0582642112113
2031,8745.1342514012413
2032,8747.3499264289821
2033,8757.22764106055
2034,8782.0410656501645
2035,8783.0982279359268
2036,8783.9479169694787
2037,8783.9479169695915
2038,8783.9479169696442
2039,8783.9479169697297
2040,8796.3322547242969
2041,8796.7354349728448
2042,8821.7809100648356
2043,8822.8097009362009
2044,8827.5916072673117
2045,8829.4593257658271
2046,8847.8633717289649
2047,8851.6869198235399
2048,8856.8050067194508
2049,8861.7296671354998
2050,8862.9047521781558
2051,8862.904752178194
2052,8865.6556961907318
2053,8867.4057714079008
2054,8871.4469619401061
2055,8871.6781664800747
2056,8881.1796504377235
2057,8882.6439609803583
2058,8882.6439609808276
2059,8886.330027742546
2060,8888.262629422783
2061,8892.3121452461946
2062,8892.5003184114212
2063,8892.5135653811958
2064,8892.5135653814013
2065,8892.5135653814123
2066,8892.5135653815159
2067,8904.9802088209326
2068,8911.4843326279715
2069,8911.5228868135764
2070,8922.1223785844741
2071,8922.1223785847942
2072,8931.0104388554664
2073,8931.9919829855935
2074,8931.9919829856699
2075,8931.9919829858864
2076,8931.9919829859246
2077,8932.9163702323822
2078,8936.1622294102071
2079,8941.8548518854313
2080,8955.7461012055173
2081,8957.6014697130686
2082,8958.5315089740197
2083,8971.4704005901658
2084,8971.4704005902877
2085,8974.0884531710399
2086,8979.8706223944118
2087,8980.6738338178166
2088,8989.5020962116359
2089,8999.3280453511306
2090,9000.2086812840917
2091,9000.8713007963124
2092,9007.5208516091952
2093,9008.2490078554565
2094,9020.8184225955374
2095,9020.8184225956538
2096,9023.1644816412791
2097,9024.6631174472786
2098,9026.2978693590321
2099,9031.7101012562216
2100,9040.5576313979163
2101,9040.5576313979673
2102,9041.6715749963787
2103,9041.8115352573532
2104,9049.8643558215208
2105,9055.4337903376691
2106,9064.4659274709811
2107,9065.5526697514761
2108,9077.7827235170389
2109,9079.5746061102636
2110,9095.4787024711331
2111,9096.8769834683208
2112,9099.7752578042546
2113,9099.7752578044128
2114,9124.049295239407
2115,9128.1246847889761
2116,9129.3840710074019
2117,9129.3840710074564
2118,9129.3840710075929
2119,9129.3840710075929
2120,9129.3840710076256
2121,9129.3840710076256
2122,9134.2984655721375
2123,9135.120998185801
2124,9150.8140718378472
2125,9151.5908271085173
2126,9158.9928842108839
2127,9158.992884210933
2128,9168.8624886119833
2129,9168.8624886120942
2130,9173.5770177728409
2131,9173.66102488256
2132,9176.6992762887749
2133,9178.8053064222149
2134,9190.9330125518009
2135,9191.0326147916167
2136,9197.9469097515685
2137,9198.4713018153034
2138,9198.4713018153616
2139,9198.932191798036
2140,9213.2729700175987
2141,9213.96889345208
2142,9221.3114959822051
2143,9221.7229768881043
2144,9233.1135199469427
2145,9234.6920796576742
2146,9237.9497194193318
2147,9237.9497194195792
2148,9247.8193238206768
2149,9247.819323820695
2150,9259.0276032817364
2151,9264.3220352358385
2152,9267.4177371326714
2153,9267.4370821925841
2154,9270.4482820838548
2155,9275.4458737458463
2156,9276.2824038357721
2157,9284.7794932563993
2158,9287.2977414250108
2159,9287.2977414251109
2160,9288.0971787227354
2161,9290.9649547835743
2162,9299.84681673044
2163,9302.8711929370602
2164,9304.2909053524654
2165,9331.6050322832689
2166,9336.9750893081637
2167,9338.0951377394831
2168,9350.0547791826684
2169,9357.6921946494767
2170,9362.7158778038283
2171,9366.0892436419927
2172,9366.2545766336189
2173,9366.2545766337025
2174,9366.2545766337334
2175,9366.2545766337498
2176,9373.4136864555894
2177,9390.2748179330247
2178,9390.5272920740099
2179,9405.1447644894779
2180,9405.3995149666189
2181,9405.7329942380893
2182,9405.732994238102
2183,9408.5318398328709
2184,9415.602598639287
2185,9415.6025986393106
2186,9415.6714131469853
2187,9417.0459788068874
2188,9420.0726944491107
2189,9424.4628766701808
2190,9440.3962274085679
2191,9440.5242368218551
2192,9444.7915705902833
2193,9451.1896219273567
2194,9453.5536203387946
2195,9454.6490782893852
2196,9459.9435873505699
2197,9461.4146275939893
2198,9490.2547684773308
2199,9491.4347926949376
2200,9493.8240438234079
2201,9494.5594338477404
2202,9494.559433847844
2203,9494.5594338479314
2204,9494.5594338479859
2205,9502.8825681783055
2206,9507.6932309651511
2207,9510.5969143086313
2208,9514.2986426500338
2209,9514.2986426500847
2210,9524.1682470508185
2211,9524.168247051135
2212,9524.1682470511732
2213,9524.1682470512405
2214,9528.7972133888507
2215,9528.9956093282144
2216,9537.2720378775102
2217,9539.3961116608316
2218,9548.486866333169
2219,9550.4997731018102
2220,9553.4146617846127
2221,9553.5716308564606
2222,9553.7770602543296
2223,9561.7601869570408
2224,9561.8886381552275
2225,9570.4533374226085
2226,9573.0664760735781
2227,9573.5162690565285
2228,9573.5162690565703
2229,9573.5162690566121
2230,9573.5162690567613
2231,9593.8887322571845
2232,9600.0080765820549
2233,9605.9125295014564
2234,9615.2327304856881
2235,9620.5210247067444
2236,9620.8197497052715
2237,9621.746915859705
2238,9622.4249433719015
2239,9632.7338954631941
2240,9632.7338954632887
2241,9642.6034998642408
2242,9642.6034998643154
2243,9658.790494947616
2244,9659.2898987152876
2245,9672.2123130674609
2246,9672.21231306755
2247,9679.6971854733038
2248,9681.767765477729
2249,9682.0819174684821
2250,9682.0819174685839
2251,9685.0670260383085
2252,9686.0041045560611
2253,9695.5884439265719
2254,9698.7320552742058
2255,9702.758863089015
2256,9703.5238337926876
2257,9707.1991906397834
2258,9716.3334794291641
2259,9721.5603350726669
2260,9721.5603350729543
2261,9721.5603350731944
2262,9721.5603350732636
2263,9731.4299394739246
2264,9731.4299394739792
2265,9731.4299394740792
2266,9731.4299394741502
2267,9735.6987106846809
2268,9750.9689586410368
2269,9752.987544271984
2270,9761.9017227364802
2271,9772.5662124634091
2272,9772.7270968257199
2273,9775.497842919769
2274,9776.2465888630941
2275,9799.9094022763002
2276,9800.5920653072408
2277,9804.0386631779165
2278,9804.3008438708839
2279,9806.558417347951
2280,9816.8346801366442
2281,9818.3343164458965
2282,9822.6262451313978
2283,9823.8110957332938
2284,9832.1099802649896
2285,9832.3879828571189
2286,9833.9092680045596
2287,9839.99558788586
2288,9839.9955878861019
2289,9847.4483851797631
2290,9849.1614907375497
2291,9851.5330418550166
2292,9860.7332408747916
2293,9869.6044010892383
2294,9869.6044010893202
2295,9869.6044010893238
2296,9869.6044010895876
2297,9878.3888289677998
2298,9878.6608897129645
2299,9884.4800532955451
2300,9884.9914673836811
2301,9887.0247381754125
2302,9888.1675543930178
2303,9901.9720588094988
2304,9906.7563109992043
2305,9928.4954000551152
2306,9934.6636988810515
2307,9944.4420686717967
2308,9944.7867119949169
2309,9948.5316082075879
2310,9950.4989804349934
2311,9958.4308406990622
2312,9958.4308406992495
2313,9959.2411988829244
2314,9959.3514822845827
2315,9968.300445100127
2316,9968.3004451001707
2317,9968.3004451002216
2318,9968.3004451004181
2319,9980.8754424114632
2320,9981.285952528182
2321,9982.8630350009516
2322,9987.2436577098561
2323,9991.9141574328623
2324,9997.9092583033798
2325,9997.9092583035126
2326,9998.4504957352237
2327,10019.218178039227
2328,10020.638583679834
2329,10026.907203369818
2330,10026.986985224174
2331,10037.387675907874
2332,10037.387675908018
2333,10047.257280308866
2334,10047.257280308944
2335,10052.702823205449
2336,10052.836469928232
2337,10057.247175889208
2338,10058.108321718373
2339,10076.866093512024
2340,10076.866093512232
2341,10099.217924019806
2342,10101.343153972481
2343,10104.269932517389
2344,10108.343302199082
2345,10110.364775359052
2346,10115.01295013613
2347,10116.344511116353
2348,10116.34451111648
2349,10116.344511116613
2350,10116.344511116711
2351,10116.344511116764
2352,10116.344511116849
2353,10124.703773779218
2354,10128.105488321838
2355,10135.637785302433
2356,10137.23185873578
2357,10145.361210308291
2358,10145.428652615921
2359,10145.76796022047
2360,10145.953324319809
2361,10145.953324320226
2362,10148.323595275595
2363,10148.670062629386
2364,10158.753808495549
2365,10172.871389881286
2366,10178.464328950306
2367,10178.715437170755
2368,10184.908217998471
2369,10185.909220350992
2370,10195.301346325299
2371,10195.301346325339
2372,10207.889157110862
2373,10211.391734897863
2374,10211.585177402736
2375,10214.338207316705
2376,10219.544866443903
2377,10228.474319504954
2378,10234.779763929499
2379,10234.779763929555
2380,10234.779763929644
2381,10234.779763929762
2382,10236.748207132581
2383,10242.478407766223
2384,10243.295658947316
2385,10245.932781749914
2386,10261.467193332221
2387,10263.666594669879
2388,10264.388577132677
2389,10264.388577132984
2390,10264.38857713305
2391,10264.388577133101
2392,10274.05518095528
2393,10274.135564037249
2394,10281.27380144209
2395,10284.127785934927
2396,10284.127785935178
2397,10296.845745227802
2398,10302.818754576509
2399,10303.86699473706
2400,10303.866994737278
2401,10311.375987018246
2402,10317.298220940136
2403,10319.013907412005
2404,10319.780208439608
2405,10329.149183222076
2406,10332.160172643846
2407,10347.916258636131
2408,10348.00460417069
2409,10353.215016742624
2410,10353.215016742632
2411,10371.638540496879
2412,10379.03062320583
2413,10379.138779659081
2414,10381.035137494553
2415,10385.415753772271
2416,10386.448728063679
2417,10392.693434347015
2418,10392.693434347211
2419,10403.909789598252
2420,10408.821663109275
2421,10420.697858134554
2422,10421.801042928169
2423,10426.331269566206
2424,10427.383107481788
2425,10432.901859898047
2426,10433.985956128707
2427,10435.707782175132
2428,10436.462810852747
2429,10442.04145635249
2430,10443.837284672374
2431,10448.201486710193
2432,10461.780665154653
2433,10461.780665154687
2434,10461.780665154734
2435,10461.780665154785
2436,10463.686418966976
2437,10463.915710359082
2438,10471.650269555606
2439,10471.650269555821
2440,10496.70531348491
2441,10500.807032560435
2442,10508.692784004814
2443,10508.807963074503
2444,10519.654808157858
2445,10520.998291560971
2446,10520.998291561215
2447,10520.998291561315
2448,10520.998291561431
2449,10521.192535363403
2450,10528.554576593711
2451,10528.99529956992
2452,10539.574188446319
2453,10541.034316262107
2454,10550.607104764495
2455,10550.607104764578
2456,10556.722267100537
2457,10556.932396591939
2458,10576.77654246127
2459,10577.240982574385
2460,10580.143509738244
2461,10583.162236205337
2462,10590.085522368563
2463,10590.085522368732
2464,10590.085522368874
2465,10590.085522369245
2466,10590.577908231773
2467,10590.688901163998
2468,10598.226792574851
2469,10609.986743792964
2470,10617.033426175587
2471,10618.280949952461
2472,10619.69433557214
2473,10619.694335572258
2474,10629.568648819341
2475,10648.748880076679
2476,10653.838067456785
2477,10656.519419240109
2478,10658.199360174502
2479,10658.636921811336
2480,10674.513051487182
2481,10675.077000101173
2482,10678.911961978562
2483,10678.911961978654
2484,10679.373798973063
2485,10679.638200079198
2486,10689.293118034682
2487,10690.998485333141
2488,10701.289199144543
2489,10728.011917501331
2490,10738.129588384942
2491,10738.129588385289
2492,10746.890985080157
2493,10747.706734115704
2494,10752.112806859521
2495,10757.6835940112
2496,10757.868797187106
2497,10757.868797187128
2498,10757.868797187251
2499,10757.868797187364
2500,10757.993838200309
2501,10758.004663603637
2502,10762.148660733948
2503,10762.536873436224
2504,10766.621014454591
2505,10767.191655429244
2506,10779.709514622133
2507,10779.91568635311
2508,10784.526314602888
2509,10786.614676596759
2510,10787.477610390561
2511,10787.477610390586
2512,10791.084906135529
2513,10804.406584548455
2514,10815.317654646075
2515,10815.351261153803
2516,10817.086423593868
2517,10817.086423593912
2518,10818.912895841804
2519,10819.697646659997
2520,10826.956027994884
2521,10826.956027995009
2522,10828.330903740583
2523,10830.0131618955
2524,10833.014659779587
2525,10835.269826817146
2526,10836.825632396085
2527,10836.825632396367
2528,10853.125744248266
2529,10853.743726013638
2530,10865.509594305975
2531,10866.350350675784
2532,10874.459397155097
2533,10877.35944182867
2534,10886.044105541976
2535,10894.564928898073
2536,10905.912863203144
2537,10905.912863203379
2538,10905.912863203455
2539,10905.912863203612
2540,10905.912863203672
2541,10905.912863203701
2542,10905.91286320375
2543,10905.912863203794
2544,10907.002628743514
2545,10907.060038360545
2546,10935.52167640699
2547,10935.521676407063
2548,10945.391280808115
2549,10945.391280808224
2550,10949.540544342835
2551,10951.049337510158
2552,10952.366617774725
2553,10952.502410735251
2554,10960.26387882288
2555,10962.299992716158
2556,10968.241070025189
2557,10969.032632847096
2558,10986.321872360024
2559,10992.361106394026
2560,10994.739302813348
2561,10994.739302813554
2562,11001.926103339865
2563,11005.698030882644
2564,11024.348116016694
2565,11024.348116016814
2566,11027.328321504221
2567,11031.240174582585
2568,11036.664140291567
2569,11037.809074855752
2570,11041.219284976267
2571,11043.160256215617
2572,11060.205105558582
2573,11070.150948265344
2574,11070.409683108617
2575,11073.552166010615
2576,11086.002037232223
2577,11086.013108144927
2578,11090.181246863496
2579,11093.435346824295
2580,11093.435346824439
2581,11103.304951225029
2582,11103.304951225122
2583,11103.304951225495
2584,11103.304951225646
2585,11105.328283610368
2586,11109.928615894454
2587,11114.68462328356
2588,11114.807685952366
2589,11115.805112001488
2590,11116.089887079226
2591,11119.816630285939
2592,11127.979413216231
2593,11135.718648216311
2594,11142.783368829876
2595,11142.783368829894
2596,11152.652973230654
2597,11152.652973230841
2598,11152.652973231001
2599,11152.652973231019
2600,11154.512536190299
2601,11157.359019498825
2602,11159.018804989975
2603,11168.4994421428
2604,11168.855257180976
2605,11174.13049695355
2606,11175.693364697534
2607,11192.076104137301
2608,11203.642550944107
2609,11209.977547799903
2610,11217.238238931066
2611,11218.335769159848
2612,11224.098073475343
2613,11225.806601121783
2614,11231.609808439667
2615,11231.609808439773
2616,11231.942166378994
2617,11232.058859486116
2618,11239.105715625741
2619,11241.145714657221
2620,11245.952455691449
2621,11252.240948299737
2622,11260.281974881254
2623,11260.901663370238
2624,11286.449903021645
2625,11288.319586153732
2626,11292.252306627324
2627,11300.271274863428
2628,11300.358406076044
2629,11300.697039247025
2630,11300.697039247312
2631,11300.697039247414
2632,11300.697039247418
2633,11300.842352653292
2634,11320.967867920304
2635,11321.523246837227
2636,11324.49349470647
2637,11330.457631882882
2638,11349.707218385456
2639,11356.457192195432
2640,11369.784270054915
2641,11379.653874455958
2642,11379.653874456075
2643,11382.652501559005
2644,11383.137623961702
2645,11389.523478856752
2646,11389.523478857145
2647,11398.483602291657
2648,11400.817701502789
2649,11409.26268765888
2650,11409.262687659306
2651,11409.827022303933
2652,11411.675201624284
2653,11413.629969785472
2654,11418.465088816021
2655,11418.529498297736
2656,11419.132292059889
2657,11419.132292060407
2658,11419.132292060436
2659,11419.132292060443
2660,11419.757680690089
2661,11421.695805636778
2662,11425.486008969145
2663,11440.614322749268
2664,11440.937049863396
2665,11443.855804539438
2666,11444.305297611496
2667,11448.741105263522
2668,11448.741105263545
2669,11448.741105263565
2670,11448.741105263694
2671,11465.261411866171
2672,11465.682534882792
2673,11474.141488433615
2674,11474.499830746308
2675,11482.885536476324
2676,11485.068852682483
2677,11496.37141795316
2678,11497.79635328018
2679,11498.089127268966
2680,11498.089127269091
2681,11498.089127269144
2682,11498.089127269368
2683,11527.697940472333
2684,11527.697940472348
2685,11528.799088520464
2686,11531.108156620969
2687,11532.816388022149
2688,11544.126099692166
2689,11547.437149274323
2690,11547.437149274332
2691,11547.437149274494
2692,11547.43714927462
2693,11555.212283760397
2694,11558.149967189456
2695,11560.838147201595
2696,11562.263660333134
2697,11562.665680137608
2698,11562.901024545899
2699,11567.1763580767
2700,11567.176358076751
2701,11574.298987656002
2702,11587.534833829248
2703,11588.169843946385
2704,11593.706763704109
2705,11597.779211962419
2706,11597.887055734296
2707,11616.872388443562
2708,11617.978976838342
2709,11629.409204695432
2710,11634.436384671315
2711,11643.661058249674
2712,11656.002797686184
2713,11656.002797686529
2714,11659.078200760478
2715,11661.552709125082
2716,11663.494086977606
2717,11679.918607369027
2718,11685.611610889635
2719,11685.611610889757
2720,11686.116517360495
2721,11693.039945964434
2722,11695.22960054676
2723,11697.034680189558
2724,11702.242103183404
2725,11705.350819691917
2726,11705.350819692032
2727,11711.76119204761
2728,11712.215932761635
2729,11724.391661272864
2730,11725.516693426403
2731,11726.774018449338
2732,11727.317213512439
2733,11734.251093809171
2734,11734.537827527065
2735,11734.959632895028
2736,11734.959632895268
2737,11734.959632895299
2738,11734.959632895674
2739,11757.071929606504
2740,11757.10143062966
2741,11764.568446098401
2742,11764.568446098559
2743,11766.53034755008
2744,11769.757861538781
2745,11774.438050499557
2746,11774.43805049967
2747,11785.44819870372
2748,11785.739172280491
2749,11785.991668423363
2750,11787.080696477868
2751,11810.797875070657
2752,11811.622406653938
2753,11819.041169149681
2754,11819.746492084218
2755,11820.349986049816
2756,11830.770315105396
2757,11835.023071350774
2758,11835.730197217319
2759,11853.394885708247
2760,11853.394885708307
2761,11854.624858110987
2762,11856.544357992858
2763,11863.264490109173
2764,11863.264490109377
2765,11863.331153596826
2766,11863.467997525056
2767,11884.874476963121
2768,11885.224547771859
2769,11888.869595938815
2770,11891.102772029359
2771,11892.873303312561
2772,11892.873303312628
2773,11892.873303312719
2774,11892.873303312947
2775,11901.567211432943
2776,11902.084069014893
2777,11903.147011626017
2778,11903.625661090789
2779,11914.109614972578
2780,11924.231004179319
2781,11942.221325318103
2782,11942.221325318125
2783,11961.325907645942
2784,11963.48183208963
2785,11969.23368053657
2786,11970.124645811282
2787,11971.8301385214
2788,11971.830138521558
2789,11991.539172197618
2790,11992.90837110782
2791,12011.308556125645
2792,12011.308556125718
2793,12011.41184145099
2794,12012.746327826564
2795,12014.268269602382
2796,12024.607894550792
2797,12026.402258600381
2798,12028.403361327924
2799,12034.233076562368
2800,12034.872568441164
2801,12040.917369328867
2802,12040.917369328905
2803,12040.917369329003
2804,12040.91736932923
2805,12045.85970240029
2806,12059.207874957887
2807,12060.047106574573
2808,12063.257892894275
2809,12065.987201182521
2810,12078.175283582981
2811,12080.395786933321
2812,12080.395786933363
2813,12082.448857864127
2814,12084.536726463588
2815,12090.265391334473
2816,12090.265391334497
2817,12099.484682305472
2818,12099.760124994402
2819,12100.134995735425
2820,12100.134995735503
2821,12102.307440972123
2822,12105.06119591318
2823,12111.112405481785
2824,12122.708357206131
2825,12123.248885811146
2826,12129.743808938792
2827,12129.743808939027
2828,12132.420374519965
2829,12134.315541384671
2830,12140.01441416637
2831,12145.996075414721
2832,12159.712493596031
2833,12160.233418303398
2834,12167.276494765089
2835,12169.222226543019
2836,12169.222226543277
2837,12175.97523542021
2838,12176.150895620469
2839,12178.371198450415
2840,12179.09183094426
2841,12179.091830944319
2842,12181.218819098533
2843,12189.623851763783
2844,12190.895944593476
2845,12203.729259678894
2846,12208.700644147457
2847,12208.700644147595
2848,12208.770215434746
2849,12209.702534465798
2850,12212.24603956702
2851,12234.786575322523
2852,12234.96144650912
2853,12247.013263935769
2854,12247.847988552339
2855,12248.179061751884
2856,12248.179061751918
2857,12248.179061751969
2858,12248.179061752076
2859,12250.919852416628
2860,12255.220001432832
2861,12260.695014420793
2862,12261.212814074055
2863,12280.66217388236
2864,12291.760904717892
2865,12295.604196027798
2866,12296.413782449812
2867,12311.445825039087
2868,12315.199389873613
2869,12318.317681903469
2870,12318.331589731097
2871,12325.351285194971
2872,12325.769024184785
2873,12327.135896960572
2874,12327.135896960604
2875,12337.005501361617
2876,12337.005501361629
2877,12337.005501361667
2878,12337.005501361709
2879,12337.005501361786
2880,12356.744710163752
2881,12356.744710163835
2882,12359.730628732537
2883,12360.469143076418
2884,12369.310722342223
2885,12370.234679560082
2886,12370.356957934329
2887,12375.53906956526
2888,12384.299971583434
2889,12386.888383558209
2890,12396.223127768106
2891,12396.223127768277
2892,12404.461673099724
2893,12404.577899630873
2894,12415.962336570163
2895,12415.962336570334
2896,12415.962336570636
2897,12415.962336570685
2898,12445.571149773554
2899,12445.571149773623
2900,12445.571149773707
2901,12445.57114977405
2902,12447.866306562477
2903,12447.884867862231
2904,12452.346630722148
2905,12453.609152150075
2906,12465.128592315516
2907,12465.376991500076
2908,12476.162412627426
2909,12476.296585236314
2910,12479.917213598059
2911,12483.922319209531
2912,12495.83504499773
2913,12496.072865946195
2914,12501.363768175406
2915,12505.418282525974
2916,12510.392041421332
2917,12513.522433005801
2918,12514.658380581246
2919,12514.658380581288
2920,12515.24193610677
2921,12519.200873711867
2922,12527.889205001078
2923,12528.939357130233
2924,12536.894995205699
2925,12544.075333201759
2926,12546.855253445703
2927,12552.719016771827
2928,12553.205446497241
2929,12557.099407796968
2930,12560.12386290119
2931,12567.564191876325
2932,12573.876006987764
2933,12573.876006987855
2934,12592.34537179522
2935,12592.608202953088
2936,12603.484820190883
2937,12603.484820191117
2938,12605.736849431139
2939,12624.375732775172
2940,12626.450276342841
2941,12633.09363339425
2942,12633.093633394361
2943,12638.706530778232
2944,12643.349159646585
2945,12644.136298951315
2946,12648.576630958469
2947,12652.832842196511
2948,12652.832842196854
2949,12653.646950027556
2950,12658.45469296306
2951,12659.183864549395
2952,12673.306813077301
2953,12678.548299792101
2954,12680.593552921477
2955,12682.002031940659
2956,12682.441655399618
2957,12682.441655399651
2958,12682.441655399771
2959,12682.441655399854
2960,12693.87095758406
2961,12694.750205550503
2962,12701.25956760683
2963,12706.198425863422
2964,12721.92007300413
2965,12721.92007300417
2966,12726.574979040715
2967,12726.99552739739
2968,12736.593903346458
2969,12743.105847027435
2970,12748.522232185032
2971,12749.595538416235
2972,12761.530175169222
2973,12762.536150176102
2974,12775.669341630755
2975,12776.25220928487
2976,12795.312153354711
2977,12799.041560714715
2978,12799.338983138865
2979,12799.868467703163
2980,12800.876908212875
2981,12800.876908212997
2982,12801.752351225738
2983,12808.340775174911
2984,12814.988732401687
2985,12818.190472142525
2986,12822.010631538065
2987,12822.995338191182
2988,12826.63710319766
2989,12829.663232702585
2990,12830.485721415682
2991,12830.485721415806
2992,12830.485721416102
2993,12830.485721416155
2994,12830.485721416191
2995,12830.485721416204
2996,12840.355325817156
2997,12840.355325817211
2998,12857.336576171094
2999,12857.8041218694
3000,12858.431199522522
3001,12859.954358956466
3002,12876.244041752021
3003,12877.553370421198
3004,12879.833743421579
3005,12879.833743421606
3006,12879.833743421739
3007,12879.833743421967
3008,12889.703347822742
3009,12889.70334782276
3010,12901.878447564906
3011,12903.844806536479
3012,12916.628330486759
3013,12917.205582615868
3014,12927.153330886284
3015,12930.885697287946
3016,12944.14266011168
3017,12944.759088766918
3018,12945.435345225676
3019,12948.920974229213
3020,12948.920974229231
3021,12949.94975772926
3022,12958.790578630171
3023,12958.790578630274
3024,12958.790578630336
3025,12958.790578630447
3026,12962.80559354919
3027,12964.162555641875
3028,12968.660183031392
3029,12968.660183031438
3030,12987.443508780218
3031,12988.660064563821
3032,12990.574969128929
3033,12990.776355406988
3034,12999.641585279503
3035,13000.783637266135
3036,13007.586707384507
3037,13020.177974355402
3038,13020.5581118477
3039,13020.8938626158
3040,13032.673061344396
3041,13037.747413839099
3042,13037.747413839117
3043,13038.97998252256
3044,13044.851670146179
3045,13047.617018240106
3046,13047.617018240142
3047,13062.186634895508
3048,13062.396033692168
3049,13070.095816094865
3050,13077.225831442924
3051,13077.225831443337
3052,13077.225831443369
3053,13077.22583144338
3054,13077.225831443431
3055,13077.225831443531
3056,13095.982295604888
3057,13102.217105886322
3058,13104.372356913182
3059,13114.954867125127
3060,13117.651913675685
3061,13121.202086295758
3062,13121.334644934874
3063,13136.234988890385
3064,13140.997850949638
3065,13146.3130622509
3066,13146.313062251103
3067,13148.978252187131
3068,13149.432081076884
3069,13156.673626607439
3070,13158.456087227558
3071,13158.555862769907
3072,13177.697903987962
3073,13178.136493247477
3074,13181.93145669827
3075,13184.031283553786
3076,13186.59026703559
3077,13186.613767861045
3078,13198.732999791244
3079,13203.636623446386
3080,13205.089873927282
3081,13211.471046253288
3082,13218.924785058876
3083,13219.573795603421
3084,13234.447575332804
3085,13235.139501860831
3086,13235.13950186112
3087,13235.927602956554
3088,13241.83899306035
3089,13243.431187651091
3090,13248.643285293032
3091,13248.663984373177
3092,13250.178074517438
3093,13255.297133673834
3094,13274.617919465192
3095,13274.61791946523
3096,13274.617919465263
3097,13274.6179194657
3098,13281.176159508408
3099,13282.166096153611
3100,13284.487523866215
3101,13284.487523866377
3102,13298.915713180126
3103,13300.759976194649
3104,13302.855397310486
3105,13302.886817958462
3106,13304.22673266836
3107,13304.226732668407
3108,13304.782159930226
3109,13309.984284503496
3110,13343.705150272637
3111,13343.705150272654
3112,13343.705150272788
3113,13344.159065027661
3114,13346.858920367971
3115,13353.663930242501
3116,13354.260465844412
3117,13363.444359074858
3118,13363.444359074965
3119,13367.918299674242
3120,13372.272222897149
3121,13372.8913861783
3122,13379.077375084422
3123,13390.137037509929
3124,13390.776605451549
3125,13411.742713808449
3126,13413.070454791585
3127,13422.661985481376
3128,13422.661985481438
3129,13422.66198548158
3130,13422.661985481693
3131,13432.531589882641
3132,13432.531589882654
3133,13438.344045148571
3134,13439.915998162378
3135,13442.418455144616
3136,13442.79152459575
3137,13450.948760717989
3138,13451.679120662311
3139,13480.72804616756
3140,13480.758373507369
3141,13483.206289964117
3142,13483.298090436791
3143,13489.555224841983
3144,13499.773346975146
3145,13511.488425091286
3146,13511.488425091333
3147,13514.195330936092
3148,13517.687315055911
3149,13519.950243821535
3150,13520.32557521614
3151,13521.358029492445
3152,13521.358029492658
3153,13521.358029492698
3154,13521.358029492756
3155,13521.573511342862
3156,13531.930565857143
3157,13536.489687818956
3158,13538.613061408139
3159,13542.444795208819
3160,13542.689484792012
3161,13550.966842695581
3162,13550.96684269567
3163,13555.483209232187
3164,13575.13786843141
3165,13577.504817368299
3166,13579.466800663344
3167,13590.445260300035
3168,13590.445260300048
3169,13594.903229156183
3170,13596.154569477951
3171,13600.314864700907
3172,13600.314864701013
3173,13600.314864701168
3174,13600.314864701504
3175,13605.786891725393
3176,13607.887707546719
3177,13611.322211465949
3178,13615.460806414869
3179,13619.966925504044
3180,13620.040927778178
3181,13620.700294053131
3182,13629.923677904433
3183,13629.923677904544
3184,13632.909562549716
3185,13640.020809577518
3186,13640.243784603568
3187,13649.783246008294
3188,13652.511386844035
3189,13652.914984825238
3190,13659.532491107666
3191,13659.532491107799
3192,13663.218814758828
3193,13669.402095508331
3194,13669.402095508769
3195,13669.4020955089
3196,13669.402095509005
3197,13687.900804070057
3198,13688.316326833283
3199,13692.902522251599
3200,13695.661854081916
3201,13695.731337324831
3202,13696.668331274195
3203,13713.181117258064
3204,13714.792373362516
3205,13722.66517840091
3206,13724.874957041766
3207,13738.473175087533
3208,13745.626784759766
3209,13758.228535118151
3210,13758.228535118391
3211,13758.228535118549
3212,13758.228535118573
3213,13762.615599422139
3214,13763.706952279086
3215,13772.764889505246
3216,13773.679783052272
3217,13774.770709831626
3218,13775.072290961896
3219,13777.967743920757
3220,13777.967743920786
3221,13788.768472758749
3222,13791.300089565309
3223,13815.807766654318
3224,13817.776077616039
3225,13818.25984202759
3226,13826.36145564326
3227,13836.462813080785
3228,13836.6593943394
3229,13837.185370327275
3230,13837.185370327301
3231,13857.88836746714
3232,13857.967904871555
3233,13866.794183530314
3234,13866.794183530474
3235,13866.794183530566
3236,13866.794183530747
3237,13871.06530996543
3238,13874.798432617436
3239,13887.889582813612
3240,13888.778551069723
3241,13889.444621542505
3242,13892.834832428476
3243,13903.929253191425
3244,13906.272601134926
3245,13906.27260113493
3246,13907.418189795209
3247,13915.843285214196
3248,13915.957095353075
3249,13923.447265439281
3250,13926.478903481891
3251,13934.289852613341
3252,13934.546747590555
3253,13935.881414338126
3254,13935.881414338182
3255,13945.751018739265
3256,13945.751018739291
3257,13957.841901970347
3258,13957.857755862755
3259,13960.461286025036
3260,13964.332470320987
3261,13968.264888369113
3262,13968.462830295881
3263,13972.721192724543
3264,13972.851835445754
3265,13985.229436343459
3266,13985.229436343563
3267,13985.229436343632
3268,13985.229436343823
3269,13987.747861905558
3270,13990.289413347684
3271,13995.099040744592
3272,13995.099040744704
3273,14024.707853947988
3274,14024.707853948032
3275,14032.085659916514
3276,14032.227276123249
3277,14040.406296926842
3278,14050.549241986608
3279,14051.671752522818
3280,14053.776224367864
3281,14054.316667151224
3282,14054.316667151243
3283,14063.244171822182
3284,14065.936328878579
3285,14068.976066290552
3286,14069.063424035361
3287,14074.23710471622
3288,14093.179706854495
3289,14095.93210179999
3290,14102.493851651252
3291,14103.664689156638
3292,14103.664689156685
3293,14109.870811146042
3294,14110.208329670824
3295,14118.999777890414
3296,14126.210206188474
3297,14126.241109299639
3298,14128.951586061668
3299,14139.423732904839
3300,14143.143106760986
3301,14143.143106761079
3302,14145.234851874422
3303,14145.80041106703
3304,14152.165970290542
3305,14155.725111815211
3306,14171.777974321663
3307,14173.245257838315
3308,14189.114282936755
3309,14212.093224659275
3310,14212.185444686884
3311,14212.230337568635
3312,14212.230337568679
3313,14216.348654558413
3314,14217.533261840024
3315,14235.470779765214
3316,14235.777742226757
3317,14236.335446792284
3318,14249.172755444097
3319,14254.982581449585
3320,14258.085786438571
3321,14259.90628367375
3322,14260.278950011985
3323,14261.578359573785
3324,14261.578359574065
3325,14261.57835957408
3326,14261.578359574154
3327,14261.578359574189
3328,14261.578359574522
3329,14272.925113751866
3330,14273.131813503809
3331,14278.34514103125
3332,14279.096014445837
3333,14283.166873159564
3334,14283.945682351876
3335,14288.753259829275
3336,14291.187172777276
3337,14291.187172777341
3338,14295.232534344001
3339,14306.556192351449
3340,14306.826265934342
3341,14310.926381579115
3342,14310.926381579549
3343,14310.926381579566
3344,14310.926381579604
3345,14310.926381579768
3346,14310.926381579877
3347,14317.030826469618
3348,14321.518029358111
3349,14338.880022273212
3350,14340.535194782866
3351,14340.535194782882
3352,14341.210394149586
3353,14343.336512541999
3354,14345.57329907671
3355,14351.313121105082
3356,14351.315502793252
3357,14368.378443962467
3358,14371.711364016957
3359,14386.14189950609
3360,14386.286366550425
3361,14389.077340690885
3362,14389.883216788327
3363,14389.939381976272
3364,14404.712556854764
3365,14409.622425590125
3366,14409.62242559032
3367,14409.622425590436
3368,14409.622425590476
3369,14415.922663767395
3370,14415.956768346678
3371,14416.386664752097
3372,14436.958580148303
3373,14437.418454125056
3374,14454.46363372511
3375,14456.995725230141
3376,14458.970447595662
3377,14458.970447595806
3378,14458.970447595808
3379,14458.97044759593
3380,14463.705214077456
3381,14466.087961696241
3382,14468.840051996964
3383,14468.840051996987
3384,14484.513612882465
3385,14486.346495379372
3386,14498.448865199935
3387,14498.448865200029
3388,14498.448865200087
3389,14498.448865200222
3390,14502.032630497517
3391,14502.822354399377
3392,14507.427237241061
3393,14511.211396003482
3394,14542.34646661485
3395,14542.684708959945
3396,14556.932146742278
3397,14561.371598363077
3398,14567.536096007861
3399,14567.536096007916
3400,14570.501083966759
3401,14573.315964813139
3402,14575.215609569701
3403,14579.576090656161
3404,14582.090483090977
3405,14584.715578396326
3406,14607.014513611939
3407,14607.014513612174
3408,14607.014513612239
3409,14607.014513612328
3410,14607.394345319268
3411,14607.573808385028
3412,14607.965664122692
3413,14616.884118013086
3414,14616.884118013355
3415,14617.702151344787
3416,14617.987678264137
3417,14630.082083722094
3418,14633.72213065136
3419,14638.690487136178
3420,14638.784876225991
3421,14639.06001387544
3422,14652.76063602244
3423,14653.146464579269
3424,14665.718408539462
3425,14666.176343574423
3426,14669.93365308041
3427,14670.738980690614
3428,14673.824590545399
3429,14676.320709370988
3430,14683.124760793511
3431,14693.076732043666
3432,14693.148666685112
3433,14695.840953222003
3434,14695.840953222123
3435,14705.710557623001
3436,14705.710557623044
3437,14705.710557623079
3438,14705.710557623166
3439,14713.834040779895
3440,14717.765394396611
3441,14717.815439298605
3442,14725.449766425336
3443,14725.449766425352
3444,14735.319370826363
3445,14735.319370826532
3446,14748.366338249098
3447,14751.970617072677
3448,14761.422279367634
3449,14767.411541614865
3450,14775.7427595272
3451,14777.243610041218
3452,14780.234383304212
3453,14780.353078874918
3454,14780.926308661948
3455,14783.764020507073
3456,14786.538715156177
3457,14791.067867006517
3458,14799.816281618119
3459,14800.26512162506
3460,14804.244353032467
3461,14808.04695421593
3462,14820.229112274063
3463,14821.738696207211
3464,14831.994519226408
3465,14832.398666300191
3466,14868.166353547391
3467,14869.596067271543
3468,14872.577878925656
3469,14872.956195239663
3470,14873.65413479955
3471,14875.226846746707
3472,14875.706562806408
3473,14883.363436842574
3474,14883.363436842619
3475,14883.363436842714
3476,14883.363436843134
3477,14885.747927081689
3478,14897.992768314332
3479,14900.881418832445
3480,14932.711458847882
3481,14932.711458847931
3482,14932.711458848202
3483,14932.711458848591
3484,14937.647224554443
3485,14942.581063249299
3486,14942.581063249305
3487,14944.659189482874
3488,14951.205293953541
3489,14951.459557215283
3490,14956.717351248386
3491,14956.884265211864
3492,14966.613566857801
3493,14966.866724067884
3494,14972.189876452365
3495,14972.189876452489
3496,14972.189876452525
3497,14972.189876452583
3498,14985.517409590249
3499,14988.436855660433
3500,15011.668294056743
3501,15011.668294056943
3502,15014.488819797471
3503,15015.683240104716
3504,15018.02339997082
3505,15019.186560279351
3506,15021.092250317137
3507,15021.537898457949
3508,15021.537898458035
3509,15027.730595504621
3510,15031.106594539398
3511,15031.393003291416
3512,15039.606354842574
3513,15040.852118486071
3514,15051.146711660811
3515,15051.146711661208
3516,15051.146711661257
3517,15051.146711661306
3518,15051.146711661309
3519,15051.14671166176
3520,15061.018899331759
3521,15062.010204264516
3522,15078.746662813654
3523,15079.293134782152
3524,15099.163041673442
3525,15100.377078949969
3526,15100.494733666672
3527,15100.494733666719
3528,15100.494733666723
3529,15100.494733666765
3530,15105.557391510003
3531,15106.026110729266
3532,15107.577387365256
3533,15109.473918163441
3534,15113.707258910557
3535,15117.75271669563
3536,15120.418091320502
3537,15126.366842463418
3538,15141.903734623091
3539,15146.061306102914
3540,15147.093279759445
3541,15152.600908226488
3542,15153.870258321333
3543,15158.085032904151
3544,15160.007783203157
3545,15166.380666661842
3546,15167.205671625914
3547,15169.581964474071
3548,15169.581964474331
3549,15169.581964474388
3550,15169.581964474566
3551,15179.451568875416
3552,15179.451568875629
3553,15183.34757056769
3554,15206.973563357993
3555,15207.306922420235
3556,15209.60437070807
3557,15215.837245103105
3558,15216.663257488748
3559,15238.669195281893
3560,15238.669195281962
3561,15255.535523285092
3562,15257.870282260568
3563,15258.373753647704
3564,15258.408404083964
3565,15258.408404084175
3566,15270.931844590925
3567,15271.371853633231
3568,15283.762694904113
3569,15284.668799224766
3570,15288.017217287297
3571,15288.017217287457
3572,15288.694228721901
3573,15296.327038265621
3574,15298.190167764056
3575,15299.977289080603
3576,15312.210924277659
3577,15317.626030490621
3578,15317.626030490708
3579,15320.488234269704
3580,15321.222629843163
3581,15321.47706474713
3582,15322.440199728968
3583,15327.495634891744
3584,15327.495634891795
3585,15328.414925453129
3586,15328.695698356962
3587,15329.416376933208
3588,15354.869920938032
3589,15354.993565979146
3590,15357.104448094999
3591,15357.104448095002
3592,15365.459057185763
3593,15365.817683633051
3594,15366.97405249604
3595,15366.97405249616
3596,15376.728316581013
3597,15377.237297034768
3598,15407.932485044583
3599,15408.324274376993
3600,15410.751568616437
3601,15413.636682946148
3602,15416.837425025742
3603,15419.836743749414
3604,15429.640399487076
3605,15431.07876768976
3606,15436.903677655933
3607,15437.01841491113
3608,15445.930887704713
3609,15445.930887704757
3610,15445.930887704873
3611,15445.930887704917
3612,15449.278457588827
3613,15449.409762311752
3614,15470.939517690123
3615,15471.441730361117
3616,15475.539700908146
3617,15477.99280161872
3618,15484.404651734623
3619,15486.587682745618
3620,15488.294466483172
3621,15488.463970413293
3622,15492.086624171176
3623,15495.278909710101
3624,15495.27890971029
3625,15495.27890971033
3626,15495.27890971038
3627,15517.754265002615
3628,15518.721931543992
3629,15524.887722913534
3630,15524.88772291364
3631,15549.086598632121
3632,15549.181511501758
3633,15552.263207671653
3634,15553.002914842311
3635,15554.231435438585
3636,15554.30301869407
3637,15554.496536116842
3638,15554.496536116869
3639,15559.30707876433
3640,15564.05725461399
3641,15575.510606553453
3642,15583.662997506417
3643,15599.987562221528
3644,15601.899667163221
3645,15623.780046013984
3646,15624.698414422011
3647,15639.410728632438
3648,15639.872331372078
3649,15642.234743064344
3650,15642.935271879873
3651,15643.322975726502
3652,15643.322975726564
3653,15643.322975726618
3654,15643.322975726665
3655,15649.405696651727
3656,15650.178197414491
3657,15653.192580127437
3658,15653.192580127548
3659,15653.192580127712
3660,15653.192580127739
3661,15664.87382575612
3662,15672.931788929911
3663,15672.931788929985
3664,15676.248539278826
3665,15677.569044422778
3666,15678.787918436201
3667,15688.790029702477
3668,15694.257545180801
3669,15701.244457713088
3670,15719.175622995832
3671,15720.785525344845
3672,15724.535613737497
3673,15732.149415336435
3674,15732.149415336538
3675,15747.862227846681
3676,15748.973656606
3677,15751.505403489226
3678,15753.293139038284
3679,15761.758228539706
3680,15761.758228539715
3681,15762.906330337586
3682,15766.878205244815
3683,15770.893608657612
3684,15791.367041742955
3685,15791.367041743104
3686,15794.650940535275
3687,15795.458862902211
3688,15797.221926440045
3689,15801.236646144082
3690,15801.236646144089
3691,15802.425942417309
3692,15806.887612110513
3693,15811.106250545165
3694,15811.106250545174
3695,15818.873007210044
3696,15820.783852390105
3697,15823.949647823829
3698,15824.06499044132
3699,15830.845459347314
3700,15830.845459347578
3701,15833.716855775787
3702,15833.79631423649
3703,15841.97607963768
3704,15842.186164390643
3705,15848.931061355373
3706,15850.725375443302
3707,15851.999378437684
3708,15858.488718787956
3709,15864.850856555102
3710,15866.093896172491
3711,15875.52990830304
3712,15877.171877700248
3713,15877.406520736713
3714,15880.193481352773
3715,15880.193481352788
3716,15881.087890229337
3717,15888.803666483331
3718,15894.350504379414
3719,15911.418381206648
3720,15915.828421535116
3721,15917.190214318576
3722,15918.914802648062
3723,15919.671898957044
3724,15919.671898957084
3725,15923.204619893664
3726,15924.191375388171
3727,15949.280712160411
3728,15949.280712160569
3729,15965.387339349036
3730,15965.668556663795
3731,15969.019920962501
3732,15969.019920962588
3733,15975.7822892357
3734,15978.228963857146
3735,15988.509896671603
3736,15988.759129764705
3737,15988.759129764723
3738,15992.805241848488
3739,15998.62873416579
3740,15998.628734165988
3741,16000.076979940244
3742,16000.129671590952
3743,16005.648206429398
3744,16008.949412089545
3745,16022.47108858601
3746,16023.296386805914
3747,16029.253073500611
3748,16029.363332281306
3749,16036.384630614035
3750,16038.107151770051
3751,16038.107151770124
3752,16038.107151770126
3753,16038.107151770198
3754,16038.107151770206
3755,16038.107151770209
3756,16038.107151770275
3757,16038.107151770562
3758,16042.682238232706
3759,16056.005201924734
3760,16059.078337943451
3761,16077.585569374474
3762,16077.585569374512
3763,16093.298638674178
3764,16095.759733048999
3765,16096.93298594565
3766,16097.078251084431
3767,16106.825712761123
3768,16108.263833945482
3769,16109.428066869988
3770,16118.000928761196
3771,16124.163534867455
3772,16125.192162168636
3773,16146.672800182225
3774,16146.672800182241
3775,16156.542404583288
3776,16156.542404583322
3777,16173.052825813826
3778,16173.747860672975
3779,16185.051001162739
3780,16185.618716323155
3781,16186.151217786297
3782,16186.15121778649
3783,16186.151217786515
3784,16186.151217786661
3785,16197.753876936842
3786,16197.911065688575
3787,16198.25974111936
3788,16198.881739253102
3789,16205.010050638624
3790,16205.890426588612
3791,16205.89042658875
3792,16209.032500259185
3793,16220.868231458166
3794,16221.195102978478
3795,16225.364738202705
3796,16229.872051146398
3797,16230.079927790386
3798,16234.493574958782
3799,16236.58432607037
3800,16242.990038647746
3801,16260.262317004448
3802,16269.684651168067
3803,16269.784262793193
3804,16274.977657396057
3805,16274.977657396403
3806,16274.977657396403
3807,16274.977657396674
3808,16276.060662346155
3809,16276.109292518415
3810,16283.342669078096
3811,16298.534177362655
3812,16305.202814582373
3813,16308.730729381614
3814,16312.095700811969
3815,16323.447889212732
3816,16330.400337093142
3817,16330.96904443007
3818,16340.061599018636
3819,16341.888339238139
3820,16352.913352256652
3821,16353.329680900666
3822,16353.934492605045
3823,16353.934492605202
3824,16357.529570232242
3825,16358.343698924298
3826,16363.80409700597
3827,16363.804097006127
3828,16370.059786669188
3829,16381.880304071234
3830,16382.565129811092
3831,16393.49972273513
3832,16393.807257454329
3833,16398.955722741153
3834,16409.257704282118
3835,16414.953731501417
3836,16415.425730661129
3837,16421.713623011401
3838,16422.803932654111
3839,16423.021723412665
3840,16423.02172341285
3841,16431.094400987029
3842,16431.613666752859
3843,16432.89132781369
3844,16432.891327813741
3845,16432.891327813784
3846,16432.891327813788
3847,16435.885342659734
3848,16442.760932214784
3849,16442.760932214856
3850,16445.402481862984
3851,16472.369745418062
3852,16472.369745418204
3853,16477.501814848423
3854,16481.862108141977
3855,16499.540353065047
3856,16501.548318984005
3857,16511.28116670216
3858,16519.044066953909
3859,16522.191933531543
3860,16523.983462183023
3861,16532.086680966251
3862,16532.839239501016
3863,16535.214144654161
3864,16536.642174075972
3865,16539.758113559765
3866,16540.254722062658
3867,16558.810363507644
3868,16559.37697380485
3869,16569.912128890675
3870,16570.438229922609
3871,16590.804998231219
3872,16590.804998231237
3873,16596.402902405094
3874,16598.314645588824
3875,16598.872127753511
3876,16600.674602632174
3877,16600.674602632316
3878,16600.674602632575
3879,16603.951052911019
3880,16604.878645958135
3881,16609.702221129359
3882,16618.249338081783
3883,16620.187193746689
3884,16620.413811434461
3885,16620.413811434653
3886,16626.953284198491
3887,16628.755181206183
3888,16630.283415835358
3889,16630.283415835533
3890,16630.283415835565
3891,16630.283415835587
3892,16646.02431617086
3893,16646.30142958404
3894,16652.140427026836
3895,16655.977943885871
3896,16670.835413683653
3897,16671.194154887697
3898,16677.77990810365
3899,16679.631437840715
3900,16679.631437840922
3901,16679.631437841039
3902,16679.631437841097
3903,16679.631437841159
3904,16679.631437841173
3905,16683.095296655447
3906,16693.74155486143
3907,16698.300710672182
3908,16709.240251044339
3909,16709.24025104439
3910,16715.42686806135
3911,16716.274142943705
3912,16720.225357694384
3913,16721.887675557511
3914,16735.093084273314
3915,16736.008643894129
3916,16738.84906424753
3917,16738.849064247603
3918,16748.718668648609
3919,16748.718668648748
3920,16762.955550780403
3921,16765.976115852878
3922,16778.080195674855
3923,16778.280573004824
3924,16778.327481851658
3925,16778.327481851735
3926,16778.3274818518
3927,16778.327481851898
3928,16778.327481851909
3929,16778.327481852055
3930,16784.281030057704
3931,16785.443271893822
3932,16794.576456784318
3933,16795.16154216928
3934,16796.816917590484
3935,16808.41668848144
3936,16813.486323827667
3937,16813.656111383349
3938,16825.324797343193
3939,16826.80914850394
3940,16831.450312353489
3941,16837.54510825843
3942,16837.545108258582
3943,16850.722304962863
3944,16864.775740001751
3945,16864.800802087277
3946,16866.931736738072
3947,16867.153921461726
3948,16867.153921461766
3949,16870.20811319631
3950,16888.714889617175
3951,16889.402269291539
3952,16891.684114730866
3953,16892.818675971797
3954,16897.100840935218
3955,16897.804249155772
3956,16904.279433778047
3957,16916.50194346713
3958,16916.501943467199
3959,16927.120847423292
3960,16934.73063003011
3961,16937.884343460049
3962,16946.110756670332
3963,16946.110756670365
3964,16946.110756670525
3965,16946.110756670707
3966,16946.963308367958
3967,16948.026072476485
3968,16968.396730094813
3969,16975.623495502234
3970,16980.523989339355
3971,16980.775622960718
3972,16985.589174274784
3973,16985.589174274843
3974,16989.051004941535
3975,16992.65944889158
3976,17007.241908179818
3977,17007.251583346882
3978,17008.77831369462
3979,17016.237406176264
3980,17019.170297324308
3981,17019.332441463433
3982,17036.822182331027
3983,17036.931238684749
3984,17039.80210873621
3985,17040.073150687876
3986,17048.124462452783
3987,17054.215585094928
3988,17062.866378844152
3989,17064.025522535885
3990,17074.415613884437
3991,17074.415613884521
3992,17074.415613884619
3993,17074.415613884754
3994,17082.589023461012
3995,17083.535121626359
3996,17084.407015042136
3997,17084.794983690612
3998,17093.064700082607
3999,17094.154822686811
4000,17094.154822686898
4001,17095.273630610787
4002,17104.024427087727
4003,17104.024427087854
4004,17107.294711947008
4005,17107.334835266265
4006,17109.476325483927
4007,17113.002972063932
4008,17114.964806594246
4009,17119.626141352732
4010,17136.927044395747
4011,17138.148365585246
4012,17143.502844692142
4013,17143.502844692266
4014,17153.924464851574
4015,17154.154672103276
4016,17165.27175132772
4017,17166.890589052873
4018,17171.932508300761
4019,17179.253620882493
4020,17182.981262296558
4021,17182.9812622967
4022,17186.353727301088
4023,17186.502073288175
4024,17212.590075499869
4025,17212.590075499942
4026,17212.662481178937
4027,17214.267486298297
4028,17222.459679900789
4029,17222.459679900836
4030,17222.459679900945
4031,17222.459679901018
4032,17232.329284301908
4033,17232.329284302046
4034,17239.314306606633
4035,17239.393518381206
4036,17245.588263144837
4037,17256.352179286056
4038,17268.079179561581
4039,17268.414162741843
4040,17278.322508448458
4041,17278.680395897445
4042,17295.830448439967
4043,17299.281342928789
4044,17301.416515109624
4045,17301.41651510978
4046,17302.986658441328
4047,17303.030049849782
4048,17311.286119510813
4049,17311.28611951082
4050,17333.304303479679
4051,17334.671505361726
4052,17335.633873485011
4053,17337.487634546505
4054,17349.757844413012
4055,17350.52864369105
4056,17355.700703454317
4057,17362.58491490439
4058,17377.115241964169
4059,17387.568633188057
4060,17388.597739760717
4061,17390.242954719361
4062,17390.242954719422
4063,17392.495273867858
4064,17392.514501522914
4065,17398.157502685703
4066,17411.026202098266
4067,17416.75769001295
4068,17417.0936340757
4069,17419.851767922613
4070,17419.851767922672
4071,17419.85176792273
4072,17419.851767922763
4073,17429.160309328701
4074,17434.162523245141
4075,17436.600517120209
4076,17436.626878821589
4077,17444.009938265866
4078,17447.363307912328
4079,17449.460581125855
4080,17449.460581125921
4081,17449.460581125946
4082,17449.460581126001
4083,17449.695773517215
4084,17459.330185526964
4085,17459.330185527044
4086,17459.330185527117
4087,17459.330185527546
4088,17459.356375721298
4089,17459.362987008681
4090,17473.07459455682
4091,17477.26242273043
4092,17477.578826729474
4093,17487.573371550177
4094,17488.290804130695
4095,17493.334005663106
4096,17496.0091395737
4097,17498.80860313138
4098,17498.808603131452
4099,17502.820020776075
4100,17505.727166829132
4101,17523.878600508549
4102,17538.087293088978
4103,17538.287020735788
4104,17538.287020736061
4105,17539.783492355036
4106,17541.611306951763
4107,17551.434684165437
4108,17560.808647318012
4109,17563.76185341462
4110,17567.895833939019
4111,17567.895833939099
4112,17567.895833939125
4113,17567.895833939259
4114,17570.229806592877
4115,17572.866190559245
4116,17577.765438340062
4117,17577.76543834012
4118,17577.765438340193
4119,17577.765438340204
4120,17590.782012780506
4121,17592.100902704606
4122,17593.939555166031
4123,17601.815039042904
4124,17607.060268458987
4125,17607.488915459704
4126,17624.962641129798
4127,17626.416076964033
4128,17636.061119341939
4129,17638.187504595426
4130,17638.583896853914
4131,17638.639285127323
4132,17643.58262908808
4133,17644.869366635368
4134,17648.756118879261
4135,17656.722273548847
4136,17656.722273548876
4137,17658.077062237811
4138,17675.187018101209
4139,17675.977750171089
4140,17686.738688129073
4141,17689.254866143758
4142,17692.291840108541
4143,17695.258588535657
4144,17706.059844200161
4145,17708.036355670105
4146,17714.426001588414
4147,17716.765592754178
4148,17725.809504356417
4149,17725.809504356468
4150,17752.13562324737
4151,17761.351496316664
4152,17765.287921960829
4153,17765.287921960859
4154,17765.287921960931
4155,17775.157526361989
4156,17775.15752636204
4157,17783.491849188456
4158,17785.027130763046
4159,17785.027130763072
4160,17785.027130763105
4161,17785.027130763276
4162,17785.72427920462
4163,17789.606392923375
4164,17791.034247712614
4165,17814.63594396627
4166,17814.635943966325
4167,17820.87783993292
4168,17821.250442438039
4169,17823.634735091058
4170,17824.95388593329
4171,17825.937400211053
4172,17826.409025925092
4173,17835.662868868312
4174,17836.352583781303
4175,17840.966958433906
4176,17841.2904955222
4177,17844.244757169625
4178,17844.244757169636
4179,17844.429499046269
4180,17844.650576985132
4181,17863.983965971525
4182,17863.983965971744
4183,17863.983965971871
4184,17863.983965971889
4185,17866.370872050586
4186,17866.374224340525
4187,17869.123563638965
4188,17872.657840832384
4189,17893.592779174942
4190,17893.592779175073
4191,17908.829399620809
4192,17909.593938103924
4193,17914.6130423865
4194,17914.843943330743
4195,17916.045944250502
4196,17917.242887892706
4197,17920.932168019179
4198,17925.285622405794
4199,17935.136132504649
4200,17937.885979607956
4201,17942.940801180444
4202,17942.940801180554
4203,17958.087864181973
4204,17959.235573979429
4205,17967.671377430433
4206,17979.448171450094
4207,17982.512228980726
4208,17982.512709166593
4209,17999.294401940831
4210,17999.494000116745
4211,18001.50388502983
4212,18008.241863780051
4213,18009.442589116985
4214,18012.028031987724
4215,18012.028031988037
4216,18012.028031988051
4217,18012.028031988102
4218,18012.028031988215
4219,18012.028031988437
4220,18014.359044813125
4221,18019.320774532291
4222,18031.127976960961
4223,18038.961202983897
4224,18039.826182437664
4225,18041.636845191311
4226,18041.636845191355
4227,18063.619945309692
4228,18066.946991767109
4229,18067.105013033834
4230,18068.874206807905
4231,18075.367762217913
4232,18081.115262795578
4233,18081.115262795691
4234,18090.057940226194
4235,18094.762050743648
4236,18110.987759445339
4237,18117.824247722161
4238,18118.226856516434
4239,18124.177197210825
4240,18124.899244993445
4241,18137.758096916237
4242,18137.928484101274
4243,18156.850429487389
4244,18166.481155623671
4245,18169.589487989917
4246,18176.350324256451
4247,18180.901466173273
4248,18181.335303267297
4249,18185.748692091645
4250,18193.079874169038
4251,18195.964167304646
4252,18196.753683242703
4253,18199.550515608782
4254,18199.550515608822
4255,18201.706508936128
4256,18202.44710798809
4257,18209.420120009749
4258,18209.420120009767
4259,18209.420120009843
4260,18209.420120009887
4261,18217.973984226766
4262,18220.907720331743
4263,18230.326737643256
4264,18233.771061593579
4265,18249.198437402461
4266,18251.41268844526
4267,18255.897847582495
4268,18256.492961315304
4269,18258.768142014895
4270,18258.768142015269
4271,18258.768142015349
4272,18258.768142015451
4273,18258.768142015524
4274,18258.768142015564
4275,18260.597124122218
4276,18261.610511221257
4277,18272.702715793839
4278,18273.287517255201
4279,18283.039251523809
4280,18287.899594157712
4281,18288.376955218318
4282,18288.376955218511
4283,18288.376955218548
4284,18288.376955218591
4285,18290.166638059647
4286,18290.20966864971
4287,18311.699872708523
4288,18316.370573812299
4289,18317.985768421804
4290,18317.98576842183
4291,18327.763320763544
4292,18327.780050931211
4293,18337.724977224065
4294,18337.724977224083
4295,18343.365625832699
4296,18346.406572352684
4297,18359.469995467269
4298,18359.8127047702
4299,18366.26232014901
4300,18367.333790427143
4301,18367.333790427292
4302,18369.233562079844
4303,18373.970413397605
4304,18375.143610695701
4305,18389.769844054459
4306,18390.90531425233
4307,18396.942603630559
4308,18396.942603630625
4309,18401.439811563399
4310,18401.971507635077
4311,18406.812208031446
4312,18406.812208031617
4313,18406.812208031672
4314,18406.812208031712
4315,18412.822412961417
4316,18416.32071565367
4317,18425.148307583717
4318,18431.899849386089
4319,18435.321039954928
4320,18435.403327000087
4321,18441.881607724099
4322,18445.307404536015
4323,18469.384333916376
4324,18470.661421689765
4325,18475.8994388393
4326,18475.899438839326
4327,18481.95160536814
4328,18482.468624084584
4329,18485.769043240292
4330,18485.769043240361
4331,18495.638647641415
4332,18495.638647641525
4333,18503.45682368095
4334,18504.171822917633
4335,18508.786659640566
4336,18508.881734918952
4337,18519.650833839558
4338,18522.33069307914
4339,18525.247460844723
4340,18525.247460844734
4341,18549.975406050409
4342,18553.900338375799
4343,18567.974101853921
4344,18574.595482850098
4345,18574.595482850193
4346,18578.823552433892
4347,18581.14302351691
4348,18582.033076061467
4349,18597.662383661518
4350,18598.134155692795
4351,18601.923481800775
4352,18604.204296053242
4353,18604.2042960533
4354,18604.204296053347
4355,18604.20429605346
4356,18604.204296053576
4357,18604.204296053602
4358,18604.204296053656
4359,18604.204296053664
4360,18608.215551094861
4361,18609.736054577985
4362,18617.537082716102
4363,18618.289311247903
4364,18631.883602367547
4365,18631.934771624648
4366,18633.109018260104
4367,18643.682713657781
4368,18643.682713657803
4369,18651.341943804251
4370,18651.83309600376
4371,18661.533385744355
4372,18666.768192110845
4373,18667.971402858297
4374,18679.834628060413
4375,18680.733672453531
4376,18686.114862384435
4377,18686.129789350791
4378,18713.005236657165
4379,18714.570604086388
4380,18714.633051076973
4381,18718.515173044863
4382,18723.995338321572
4383,18726.0194161859
4384,18726.056825464722
4385,18729.077335677903
4386,18730.882974010128
4387,18732.509153267543
4388,18732.509153267605
4389,18732.509153267642
4390,18732.509153267747
4391,18757.126511231858
4392,18762.117966470825
4393,18762.117966470887
4394,18762.508425603253
4395,18762.555816472581
4396,18770.201089914091
4397,18770.872950970836
4398,18771.139549042706
4399,18787.404305931665
4400,18790.652574242733
4401,18791.370684592184
4402,18796.354593029697
4403,18805.391777852448
4404,18808.335788602195
4405,18811.465988476208
4406,18811.465988476324
4407,18813.117501629014
4408,18815.490198887601
4409,18823.198870822685
4410,18825.495417585171
4411,18831.205197278377
4412,18831.205197278599
4413,18835.777069136333
4414,18836.347531296793
4415,18837.997886348854
4416,18840.043469258038
4417,18848.652333577633
4418,18849.54467055522
4419,18880.553219283909
4420,18880.55321928392
4421,18885.533037281606
4422,18887.068878369751
4423,18900.837141219374
4424,18900.905771508944
4425,18915.493914330054
4426,18915.670027260283
4427,18932.980185535671
4428,18934.423019864542
4429,18945.206652117286
4430,18947.934156161831
4431,18952.993672414559
4432,18959.510054492494
4433,18959.510054492537
4434,18959.510054492635
4435,18959.510054492675
4436,18961.362776637059
4437,18965.148068447714
4438,18965.369571987136
4439,18969.379658893711
4440,18970.836861863118
4441,18972.590430160981
4442,18986.049744066699
4443,18986.081618198627
4444,18989.118867695848
4445,18989.118867695899
4446,18989.118867695906
4447,18989.118867695954
4448,18992.583958393428
4449,18993.380122150589
4450,19019.7392780017
4451,19020.592507262718
4452,19028.597285300188
4453,19028.597285300293
4454,19029.500729598134
4455,19031.627327676488
4456,19031.628034658388
4457,19033.05376720387
4458,19048.335006449663
4459,19048.336494102237
4460,19048.336494102365
4461,19048.33649410243
4462,19048.336494102678
4463,19048.7811335107
4464,19077.945307305708
4465,19077.945307305785
4466,19095.94005145659
4467,19096.45440577525
4468,19110.553657972629
4469,19113.046466181484
4470,19113.301364472627
4471,19117.42372490991
4472,19117.423724910077
4473,19117.423724910124
4474,19117.423724910197
4475,19119.72189277982
4476,19124.768486584893
4477,19124.777915401013
4478,19139.325075290068
4479,19140.636533860616
4480,19147.03253811309
4481,19147.032538113319
4482,19147.03253811333
4483,19147.032538113453
4484,19156.681383354833
4485,19156.836938054421
4486,19162.976287823902
4487,19163.091572687186
4488,19169.544669008326
4489,19170.14860592052
4490,19178.018081481772
4491,19178.14026806199
4492,19183.180309338812
4493,19183.490803041452
4494,19183.675795447929
4495,19189.968504015778
4496,19196.380560118643
4497,19196.380560118781
4498,19196.380560118789
4499,19196.380560118985
4500,19211.791250904935
4501,19211.795966275142
4502,19213.075516875251
4503,19218.623372229351
4504,19218.894311047283
4505,19234.54609719697
4506,19235.858977723121
4507,19235.858977723281
4508,19238.947806985874
4509,19239.111278325061
4510,19248.197710615525
4511,19250.185456334009
4512,19261.530440479197
4513,19263.767183026739
4514,19265.467790926421
4515,19265.467790926443
4516,19274.407754834723
4517,19282.787977775319
4518,19285.206999728576
4519,19285.206999728631
4520,19287.198515590044
4521,19289.367693756041
4522,19296.653840021954
4523,19320.519162769684
4524,19321.76974516665
4525,19321.850299999827
4526,19326.232809846904
4527,19327.082657340314
4528,19344.424626135169
4529,19344.424626135191
4530,19345.017838129748
4531,19345.325138626897
4532,19353.342702624803
4533,19354.249225313732
4534,19354.294230536212
4535,19354.294230536252
4536,19354.294230536274
4537,19354.294230536314
4538,19364.163834937266
4539,19364.163834937299
4540,19372.28627033074
4541,19383.645599848347
4542,19388.110473949462
4543,19388.543973340529
4544,19399.121832306064
4545,19400.553092433875
4546,19401.931061171585
4547,19405.606344941294
4548,19412.209707047372
4549,19413.030755113796
4550,19433.097143402691
4551,19443.120670145767
4552,19443.120670145861
4553,19443.120670145989
4554,19443.120670146032
4555,19445.501040988205
4556,19451.615049784552
4557,19452.2876469482
4558,19453.85149747843
4559,19455.453412366212
4560,19462.859878948057
4561,19462.859878948166
4562,19462.859878948249
4563,19462.859878948286
4564,19469.798737580044
4565,19469.831101247917
4566,19472.729483349205
4567,19472.729483349271
4568,19487.043612600712
4569,19488.129771091644
4570,19498.188731075079
4571,19500.786883135312
4572,19529.492114774363
4573,19534.612507564889
4574,19535.395257801916
4575,19540.691037410266
4576,19549.643553245198
4577,19550.765808117096
4578,19554.116969606599
4579,19554.142903701617
4580,19554.251703767251
4581,19554.344521114355
4582,19567.306927227812
4583,19567.336300480041
4584,19569.286642827989
4585,19571.643077548721
4586,19583.389844457954
4587,19583.499712644505
4588,19586.8513529511
4589,19588.695518425284
4590,19591.164736162289
4591,19591.164736162351
4592,19591.164736162376
4593,19591.164736162445
4594,19617.770302248471
4595,19620.984646660174
4596,19630.299563401531
4597,19630.317117274273
4598,19630.643153766705
4599,19630.64315376673
4600,19630.643153766781
4601,19630.643153766825
4602,19637.005231191953
4603,19642.626351746647
4604,19644.080021291524
4605,19649.381242913139
4606,19670.121571371135
4607,19670.121571371146
4608,19679.991175772113
4609,19679.991175772146
4610,19680.889702138909
4611,19680.912523033803
4612,19698.073451909866
4613,19698.985191323372
4614,19702.971750544806
4615,19704.199518608097
4616,19709.599988975424
4617,19709.599988975464
4618,19722.471453979328
4619,19728.920997217756
4620,19729.200513967691
4621,19730.053426386741
4622,19739.208802178462
4623,19739.208802178553
4624,19739.208802178604
4625,19739.208802178688
4626,19748.821038015314
4627,19749.423346674877
4628,19755.188311827114
4629,19759.792567357246
4630,19778.653413263022
4631,19779.356581726475
4632,19785.410630298451
4633,19786.541723898528
4634,19788.556824184008
4635,19788.556824184023
4636,19788.556824184157
4637,19788.556824184168
4638,19798.329818928141
4639,19804.990223369772
4640,19805.08566658961
4641,19809.872589835628
4642,19820.545766866024
4643,19824.69900410781
4644,19826.564222372297
4645,19827.06228786158
4646,19828.035241788537
4647,19828.035241788595
4648,19831.832891632817
4649,19843.035189093076
4650,19843.853255144542
4651,19856.288440616056
4652,19862.715803847543
4653,19867.313236329199
4654,19878.075711325462
4655,19878.682919645205
4656,19893.650388565067
4657,19895.666942366443
4658,19896.128108376335
4659,19906.99207699726
4660,19906.992076997289
4661,19916.861681398375
4662,19916.861681398408
4663,19933.834592362567
4664,19934.632907443825
4665,19936.6008902004
4666,19936.600890200421
4667,19936.600890200592
4668,19936.600890200796
4669,19941.020340209336
4670,19942.761534807207
4671,19946.358394846146
4672,19967.869948200012
4673,19972.888502452552
4674,19985.559110153834
4675,19985.948912205957
4676,19985.948912206022
4677,19986.091258388427
4678,19986.2519153147
4679,19993.598154497799
4680,19994.110310940523
4681,19995.818516607025
4682,19995.818516607058
4683,20000.859914217453
4684,20003.112274908028
4685,20007.035723972298
4686,20011.155802547531
4687,20012.11369800142
4688,20012.55199264652
4689,20016.586283454199
4690,20023.609321486994
4691,20025.427329810307
4692,20025.427329810384
4693,20026.619271264688
4694,20027.761392680051
4695,20033.024378934209
4696,20049.879718585278
4697,20050.0662833653
4698,20056.182227059653
4699,20057.034425269005
4700,20063.886073569967
4701,20064.488327578689
4702,20071.47059800279
4703,20072.565721111027
4704,20074.775351815661
4705,20074.775351815686
4706,20094.514560617954
4707,20094.514560617998
4708,20098.598538048525
4709,20105.030402978711
4710,20108.828821708434
4711,20108.838360397996
4712,20115.678553743961
4713,20116.180213064872
4714,20119.604167023957
4715,20120.348409827657
4716,20141.436487250532
4717,20142.841787036792
4718,20143.862582623329
4719,20143.862582623351
4720,20143.862582623395
4721,20143.862582623628
4722,20153.732187024536
4723,20153.732187024536
4724,20158.269654879881
4725,20159.740958785882
4726,20162.51224126351
4727,20164.736287013147
4728,20183.341000227592
4729,20183.341000227727
4730,20183.341000227734
4731,20183.341000227767
4732,20184.138584848264
4733,20189.292780740943
4734,20190.342845895422
4735,20191.191917634598
4736,20193.646539007648
4737,20201.459395246551
4738,20206.113626282178
4739,20206.238092758816
4740,20212.949813431111
4741,20213.424365068797
4742,20213.563244954566
4743,20232.689022233058
4744,20232.689022233102
4745,20232.689022233153
4746,20232.689022233197
4747,20232.68902223324
4748,20232.689022233262
4749,20258.199464474688
4750,20262.297835436446
4751,20262.297835436471
4752,20264.958872230382
4753,20283.469572238664
4754,20284.108393972194
4755,20291.906648639779
4756,20291.906648639837
4757,20292.758809244839
4758,20295.317247222236
4759,20301.776253040829
4760,20301.77625304084
4761,20307.112130289974
4762,20310.739267440844
4763,20328.014952421308
4764,20329.115968747359
4765,20337.238588088883
4766,20337.944182877189
4767,20341.254670645136
4768,20341.254670645176
4769,20345.005744173206
4770,20347.289090823841
4771,20348.417614886948
4772,20354.986964658965
4773,20368.454843327749
4774,20368.965914649718
4775,20378.624416667299
4776,20379.885892514932
4777,20390.60269265062
4778,20390.602692650642
4779,20409.953930471096
4780,20411.150238698479
4781,20420.211505853691
4782,20420.211505853902
4783,20420.706678212999
4784,20422.821298908962
4785,20428.44772570235
4786,20436.397320513155
4787,20437.100349122873
4788,20439.066751314182
4789,20442.480300260042
4790,20442.480590742322
4791,20445.952021145662
4792,20447.251003185305
4793,20460.535052207277
4794,20460.969476399248
4795,20469.000575688016
4796,20469.55952785919
4797,20469.559527859288
4798,20469.559527859328
4799,20469.559527859343
4800,20471.618615497908
4801,20472.646002966616
4802,20494.465711754161
4803,20513.065581458912
4804,20513.366197051768
4805,20519.592213964257
4806,20520.777073131878
4807,20526.487100227048
4808,20528.777154265816
4809,20528.777154265856
4810,20528.777154266001
4811,20528.777154266048
4812,20538.646758666982
4813,20538.646758666993
4814,20544.211523681195
4815,20544.687304637588
4816,20552.291753223035
4817,20555.047931325047
4818,20555.147263341543
4819,20557.546390104471
4820,20562.530173302639
4821,20563.247478181485
4822,20568.255571870213
4823,20568.255571870264
4824,20570.7441886733
4825,20576.931889954743
4826,20579.434526062047
4827,20590.415051020293
4828,20590.611083132015
4829,20605.503284862574
4830,20607.733989474593
4831,20607.733989474607
4832,20611.800927512326
4833,20617.603593875639
4834,20617.603593875687
4835,20624.027629427179
4836,20624.12317863576
4837,20631.65184365568
4838,20640.123270680873
4839,20656.36634696828
4840,20656.467957355773
4841,20662.44306740168
4842,20664.626840552875
4843,20670.440339764744
4844,20670.695288393181
4845,20677.625840678269
4846,20678.15035767715
4847,20685.501800849834
4848,20685.72107804085
4849,20696.238551879622
4850,20696.560429084373
4851,20696.560429084446
4852,20704.838781092712
4853,20706.430033485489
4854,20706.430033485489
4855,20707.123763646523
4856,20707.23791175292
4857,20741.417821982803
4858,20742.275607800741
4859,20746.492345852257
4860,20747.577245441742
4861,20752.733121347777
4862,20752.746771063041
4863,20775.223536116693
4864,20775.517264292968
4865,20775.517264293128
4866,20775.517264293179
4867,20775.517264293248
4868,20779.844404377571
4869,20781.665412612801
4870,20782.940369926651
4871,20785.38686869411
4872,20785.386868694175
4873,20787.353705277488
4874,20794.564689377181
4875,20813.809049986092
4876,20815.219495129993
4877,20818.207068340555
4878,20824.290458528227
4879,20854.474099501793
4880,20854.474099501862
4881,20858.539464076388
4882,20859.916246133023
4883,20871.014067149317
4884,20871.085802014662
4885,20886.171403951539
4886,20886.224782790185
4887,20888.954023897353
4888,20893.952517105779
4889,20893.952517106169
4890,20893.952517106194
4891,20893.952517106227
4892,20895.743967966337
4893,20896.327481361477
4894,20896.335525906816
4895,20905.225553143617
4896,20912.595096431171
4897,20922.021544706207
4898,20922.328869199224
4899,20923.561330309425
4900,20923.561330309436
4901,20923.561330309505
4902,20923.561330309538
4903,20934.818063825689
4904,20934.836358446228
4905,20943.30053911162
4906,20943.300539111671
4907,20946.07472551347
4908,20947.047066815321
4909,20954.699383617302
4910,20956.689086417569
4911,20958.070537942083
4912,20958.287465803307
4913,20969.034168827082
4914,20972.378109636633
4915,20972.909352314695
4916,20972.909352314808
4917,20972.909352314844
4918,20972.909352314848
4919,20972.90935231492
4920,20972.909352314935
4921,20972.909352314982
4922,20972.909352315099
4923,20976.287771085841
4924,20976.29270236933
4925,20987.593405769127
4926,20987.987030438428
4927,21009.214968076307
4928,21010.653798351981
4929,21012.387769919023
4930,21012.387769919325
4931,21029.912988924923
4932,21030.282396606166
4933,21041.99658312228
4934,21041.996583122531
4935,21041.996583122655
4936,21041.996583122676
4937,21048.7829391698
4938,21048.814655443981
4939,21068.126048184284
4940,21073.833353282786
4941,21074.215322515709
4942,21076.059389075512
4943,21076.749659051955
4944,21087.382948664999
4945,21089.513350678288
4946,21090.176098249005
4947,21091.344605127961
4948,21091.344605128063
4949,21099.003070114453
4950,21099.459483324194
4951,21101.214209528996
4952,21101.214209529047
4953,21101.939709485039
4954,21130.823022732264
4955,21130.823022732366
4956,21133.903255112273
4957,21148.383045013477
4958,21148.3907196607
4959,21154.822800415521
4960,21156.360558058968
4961,21158.78986244891
4962,21164.875840823632
4963,21167.658426152411
4964,21177.824863391088
4965,21178.465141508404
4966,21180.171044737501
4967,21180.171044737723
4968,21180.171044737755
4969,21180.171044737792
4970,21192.205100091065
4971,21192.511749585068
4972,21200.221462918274
4973,21200.849587527318
4974,21212.765909162768
4975,21224.501846139407
4976,21225.95480217801
4977,21234.070743815639
4978,21235.790486929513
4979,21238.521730329681
4980,21239.388671144279
4981,21239.388671144385
4982,21247.23716411482
4983,21249.258275545391
4984,21249.258275545497
4985,21264.25208525324
4986,21276.692912564678
4987,21280.073034731777
4988,21283.698232915329
4989,21298.17890943784
4990,21298.92673111261
4991,21301.690531047687
4992,21302.667453785718
4993,21305.672457504967
4994,21310.461326591692
4995,21311.356709115338
4996,21315.043728033961
4997,21328.215110753918
4998,21328.215110754085
4999,21339.783131469998
5000,21346.909545102535
5001,21350.368185695977
5002,21350.43434428918
5003,21355.38889439145
5004,21355.404569106937
5005,21357.823923957414
5006,21357.823923957643
5007,21367.693528358443
5008,21367.693528358486
5009,21367.693528358501
5010,21367.693528358603
5011,21379.423942739988
5012,21379.430815832122
5013,21388.29502842456
5014,21389.208167728677
5015,21392.588325496712
5016,21394.148769835774
5017,21400.378066484205
5018,21403.616316240306
5019,21406.712265363687
5020,21407.171945962818
5021,21407.171945962822
5022,21407.504704003892
5023,21426.275886468986
5024,21426.546769364384
5025,21439.899082573687
5026,21439.979262025303
5027,21442.93060456145
5028,21445.052017769987
5029,21446.650363567071
5030,21446.650363567187
5031,21446.650363567242
5032,21446.6503635673
5033,21453.111766698537
5034,21454.539098422421
5035,21459.261594659776
5036,21465.079892268623
5037,21476.259176770411
5038,21476.259176770443
5039,21481.456256753776
5040,21483.138599706948
5041,21495.99838557258
5042,21496.994400921219
5043,21497.051126592272
5044,21515.737594374816
5045,21515.737594374885
5046,21515.737594374947
5047,21515.73759437499
5048,21527.377682120721
5049,21528.166071407988
5050,21540.460768514698
5051,21541.256896596413
5052,21541.261523482408
5053,21544.478264089983
5054,21561.485186454403
5055,21564.509203306308
5056,21566.120508828793
5057,21566.894491878313
5058,21574.955220781179
5059,21574.955220781318
5060,21575.792564897609
5061,21575.879828036912
5062,21593.392690829118
5063,21594.324606029877
5064,21599.26233171167
5065,21603.658985484533
5066,21620.613850160978
5067,21627.959222316083
5068,21630.951222344891
5069,21631.652635329279
5070,21634.172847187856
5071,21634.172847187954
5072,21639.738674078959
5073,21640.615211076485
5074,21653.912055989913
5075,21653.912055990084
5076,21673.651264792217
5077,21673.651264792239
5078,21683.520869193166
5079,21683.520869193242
5080,21683.5208691933
5081,21683.520869193326
5082,21688.627370282982
5083,21688.773431686084
5084,21709.731659957226
5085,21710.246417443319
5086,21716.680706495197
5087,21718.036923836498
5088,21719.026457890228
5089,21729.909069483474
5090,21731.750021092685
5091,21733.420089013631
5092,21750.212380688838
5093,21761.18621588641
5094,21762.477704402048
5095,21762.477704402059
5096,21767.627101454331
5097,21768.303579236581
5098,21769.015777197241
5099,21774.724613247054
5100,21776.442160603136
5101,21782.405292560201
5102,21786.901465769221
5103,21788.85716040889
5104,21804.581908824857
5105,21806.156877435416
5106,21811.721066248723
5107,21811.82572640738
5108,21811.825726407427
5109,21811.825726407445
5110,21811.825726407453
5111,21811.825726407551
5112,21811.825726407613
5113,21811.825726407624
5114,21811.825726407766
5115,21813.52832193108
5116,21816.614955505502
5117,21823.332650433284
5118,21826.553259889948
5119,21829.213080210251
5120,21835.831825837209
5121,21837.020517959107
5122,21837.032596959725
5123,21841.434539610742
5124,21841.43453961076
5125,21858.011142080053
5126,21858.123365488082
5127,21859.970333325309
5128,21866.354004619439
5129,21866.535635286466
5130,21871.04335281402
5131,21871.043352814042
5132,21875.545801874177
5133,21875.654449325844
5134,21884.285574245965
5135,21888.839404219369
5136,21890.782561616226
5137,21890.782561616252
5138,21916.913745265068
5139,21920.391374819206
5140,21920.391374819465
5141,21925.300886618279
5142,21926.740060861237
5143,21935.467880968568
5144,21942.074779634462
5145,21948.099505991599
5146,21953.285420470867
5147,21955.906176024018
5148,21957.214791967304
5149,21959.869792423644
5150,21959.869792423688
5151,21959.86979242372
5152,21959.869792423764
5153,21959.869792423779
5154,21959.869792423851
5155,21961.781222248428
5156,21975.861182943532
5157,21976.529959085983
5158,21984.602722236283
5159,21987.95229066192
5160,21989.47860562705
5161,21989.478605627064
5162,21990.244946572697
5163,21999.148432253005
5164,22003.973416526518
5165,22005.575954174714
5166,22013.551353315521
5167,22014.863272698389
5168,22025.005676573554
5169,22025.151860549453
5170,22033.193416959606
5171,22034.937815544195
5172,22048.246385481641
5173,22048.696232033479
5174,22048.696232033628
5175,22051.251831363152
5176,22069.482849548745
5177,22069.839258698619
5178,22078.305045236812
5179,22078.30504523691
5180,22082.107150070118
5181,22083.299910689726
5182,22099.457035785221
5183,22102.553267792562
5184,22109.757162869442
5185,22110.971883369039
5186,22117.154263623546
5187,22117.925326887231
5188,22135.038954649834
5189,22136.084969925629
5190,22143.09951355146
5191,22143.529094328464
5192,22157.26188044552
5193,22157.261880445527
5194,22157.261880445592
5195,22157.261880445622
5196,22178.383297154742
5197,22179.941161302857
5198,22186.312171023306
5199,22186.870693648827
5200,22186.870693648863
5201,22191.500535328749
5202,22196.740298050005
5203,22196.740298050026
5204,22196.740298050125
5205,22196.740298050168
5206,22198.429029122886
5207,22200.709665766648
5208,22205.673310020076
5209,22206.609902450902
5210,22206.609902450939
5211,22206.609902451051
5212,22206.609902451281
5213,22207.339738976028
5214,22223.029295506836
5215,22224.818259277996
5216,22228.133860673184
5217,22230.991325151401
5218,22246.154458114266
5219,22248.42774856972
5220,22273.523613614445
5221,22275.697133258644
5222,22275.697133258731
5223,22275.697133258745
5224,22275.697133258844
5225,22278.049310893817
5226,22278.112915808812
5227,22278.695542033103
5228,22285.566737659745
5229,22285.566737659774
5230,22305.305946461849
5231,22305.305946461911
5232,22305.305946461918
5233,22305.305946461976
5234,22306.98064558192
5235,22307.002568715299
5236,22312.337418100829
5237,22312.74620710696
5238,22324.61855089985
5239,22326.025810008297
5240,22348.936431349252
5241,22350.154584751286
5242,22350.238961008785
5243,22351.25353008102
5244,22356.161273256606
5245,22356.906207212734
5246,22365.070389333938
5247,22371.432022394896
5248,22376.830253987842
5249,22377.416301500496
5250,22378.607662876813
5251,22392.233878811152
5252,22394.132386071797
5253,22394.132386071811
5254,22398.362854604882
5255,22399.313380457203
5256,22408.543096306053
5257,22415.571903325425
5258,22416.922003066171
5259,22420.019513658881
5260,22420.357203431719
5261,22424.340999107986
5262,22424.655409876254
5263,22433.610803676002
5264,22433.610803676173
5265,22438.744930556401
5266,22439.263483317132
5267,22443.018074814288
5268,22463.219616879393
5269,22463.219616879465
5270,22467.630458294643
5271,22476.228098775286
5272,22484.990960347004
5273,22490.492814609133
5274,22490.752784201781
5275,22497.472781989854
5276,22497.736641646814
5277,22510.766233429898
5278,22511.548455420652
5279,22512.567638884815
5280,22512.567638884841
5281,22516.615285899512
5282,22517.310014305647
5283,22532.555159298907
5284,22549.677745703138
5285,22549.754440338318
5286,22552.046056489038
5287,22552.046056489125
5288,22552.046056489169
5289,22552.046056489246
5290,22574.458157502911
5291,22594.000067570949
5292,22598.039795490811
5293,22599.985087893925
5294,22601.394078494639
5295,22601.394078494672
5296,22601.394078494832
5297,22601.394078494919
5298,22605.17687832817
5299,22606.791648636252
5300,22614.108151821634
5301,22614.843499980245
5302,22615.461995372461
5303,22617.447661272232
5304,22617.616219454903
5305,22618.713229526849
5306,22623.219699874116
5307,22629.31131926542
5308,22631.002891697914
5309,22631.002891697928
5310,22651.089977335585
5311,22659.056853236965
5312,22664.830491158005
5313,22668.187563844269
5314,22670.481309302191
5315,22670.481309302271
5316,22678.336937980319
5317,22679.322198580139
5318,22685.665935003726
5319,22686.685872689501
5320,22700.781926414729
5321,22705.33521739201
5322,22708.528525554135
5323,22709.819318898011
5324,22730.528557681129
5325,22732.700968869303
5326,22737.184717756179
5327,22739.143984421462
5328,22749.07906813714
5329,22749.311367589005
5330,22749.438144510888
5331,22749.438144510979
5332,22749.438144511012
5333,22749.438144511063
5334,22755.892136003997
5335,22756.765484372329
5336,22759.307748912051
5337,22759.307748912059
5338,22769.603285017547
5339,22770.13451844536
5340,22772.165684549465
5341,22774.650152238311
5342,22774.80144814599
5343,22777.701126150696
5344,22779.046957714043
5345,22779.04695771425
5346,22788.916562115268
5347,22788.916562115348
5348,22810.207944092981
5349,22811.840462740958
5350,22813.546251634874
5351,22816.951472011802
5352,22818.52537531851
5353,22818.525375318546
5354,22818.525375318612
5355,22828.394979719673
5356,22828.394979719684
5357,22838.100935401035
5358,22838.264584120527
5359,22838.264584120792
5360,22838.2645841208
5361,22838.264584120865
5362,22838.399721835733
5363,22854.436631197852
5364,22856.778213561243
5365,22858.563462580965
5366,22858.605875759451
5367,22862.706244206125
5368,22865.948189949631
5369,22878.826539119487
5370,22879.617632784895
5371,22885.31220205007
5372,22886.695653678034
5373,22897.482210527152
5374,22897.482210527203
5375,22897.482210527342
5376,22897.482210527403
5377,22908.43520176677
5378,22910.341056219509
5379,22918.67822683345
5380,22919.619171754675
5381,22932.329919373133
5382,22940.502653681498
5383,22948.708581901792
5384,22949.328698065165
5385,22963.702101739083
5386,22966.207000690152
5387,22986.308650137005
5388,22986.308650137074
5389,22986.3086501371
5390,22986.308650137144
5391,22995.9345298064
5392,22996.178254538045
5393,22996.178254538172
5394,22996.178254538216
5395,22996.178254538314
5396,23000.158398679039
5397,23013.802375890478
5398,23015.62462181607
5399,23022.722997115576
5400,23022.741075586528
5401,23025.787067741359
5402,23025.787067741418
5403,23031.606456667705
5404,23032.702009244418
5405,23034.118380775002
5406,23034.269033017477
5407,23037.107488835762
5408,23041.385980188305
5409,23047.1045880733
5410,23055.395880944656
5411,23055.395880944696
5412,23058.158053317009
5413,23059.871468367579
5414,23061.10391708009
5415,23071.464600681178
5416,23071.699538910751
5417,23081.184385001896
5418,23094.874298548875
5419,23094.874298549079
5420,23094.874298549119
5421,23094.874298549246
5422,23104.743902950067
5423,23104.74390295026
5424,23107.147149277796
5425,23107.372374625647
5426,23110.586386919465
5427,23121.260771953217
5428,23122.977567483154
5429,23133.147393107993
5430,23134.352716153484
5431,23134.352716153517
5432,23139.480287867314
5433,23150.333189944125
5434,23157.663854925533
5435,23163.076549813548
5436,23166.980994177789
5437,23168.417200210148
5438,23183.700738158917
5439,23183.700738158939
5440,23189.129691383292
5441,23219.943672639609
5442,23220.214142116507
5443,23223.179155763031
5444,23223.179155763246
5445,23223.17915576326
5446,23223.179155763275
5447,23225.527069915901
5448,23225.547769412802
5449,23239.904052121692
5450,23243.380202103399
5451,23245.085852102948
5452,23248.461014918572
5453,23248.676219812409
5454,23250.858387676693
5455,23251.416720942103
5456,23254.449434922928
5457,23254.467451640616
5458,23257.752903459295
5459,23257.926308969814
5460,23262.657573367538
5461,23262.657573367578
5462,23268.627533833409
5463,23272.934750768327
5464,23279.519489495338
5465,23287.749234911233
5466,23292.279818441519
5467,23297.575609630898
5468,23298.250536579813
5469,23310.526795463174
5470,23312.00559537299
5471,23312.005595373037
5472,23312.398513973319
5473,23312.609554677932
5474,23312.789652770654
5475,23320.056539863293
5476,23332.156960201548
5477,23333.284907845773
5478,23333.591043948716
5479,23351.195526437219
5480,23353.672397996135
5481,23366.50106720073
5482,23369.589284293103
5483,23371.223221779561
5484,23371.223221779659
5485,23372.678475380668
5486,23372.711279642168
5487,23381.28796438075
5488,23381.419261719853
5489,23395.227539492411
5490,23399.241988165777
5491,23410.701639383973
5492,23410.701639384046
5493,23432.731834775281
5494,23434.497752137708
5495,23443.600770582834
5496,23446.5968082705
5497,23454.530708903229
5498,23456.080399412502
5499,23458.556240135636
5500,23458.674229803361
5501,23460.049661389341
5502,23460.049661389359
5503,23469.919265790424
5504,23469.919265790497
5505,23469.919265790504
5506,23469.919265790511
5507,23482.14994203857
5508,23482.444497982888
5509,23491.047948684023
5510,23493.41867347002
5511,23497.195869825053
5512,23499.528078993768
5513,23499.528078993833
5514,23499.71024981705
5515,23518.691213208655
5516,23522.746100476248
5517,23526.296472535178
5518,23529.136892197024
5519,23529.136892197028
5520,23529.808437376418
5521,23537.478889221304
5522,23539.00649659798
5523,23539.006496598129
5524,23539.00649659814
5525,23539.006496598206
5526,23540.724271821193
5527,23548.876100999179
5528,23548.876100999249
5529,23561.463012287142
5530,23561.52459905294
5531,23568.565938513206
5532,23571.341103685914
5533,23578.484914202527
5534,23578.484914202607
5535,23603.25183738429
5536,23608.768524485407
5537,23609.628522396273
5538,23610.73394962907
5539,23617.96333180679
5540,23617.96333180687
5541,23631.510870238544
5542,23631.901338531254
5543,23637.795974728524
5544,23640.35779095699
5545,23663.827964138833
5546,23666.147427702555
5547,23676.270494606611
5548,23676.395268297296
5549,23683.227187358221
5550,23685.255778151997
5551,23695.13042601808
5552,23701.257134106705
5553,23701.705700992352
5554,23703.423325149171
5555,23706.112988922217
5556,23706.120697391729
5557,23706.789771416643
5558,23706.789771416668
5559,23713.388789703182
5560,23715.50130987366
5561,23726.365012727103
5562,23726.528980218758
5563,23726.528980218813
5564,23729.669452722614
5565,23730.021743382556
5566,23736.398584619816
5567,23736.398584619845
5568,23736.398584619867
5569,23736.398584619903
5570,23736.398584619903
5571,23736.398584619939
5572,23736.398584620045
5573,23736.398584620125
5574,23739.653404276556
5575,23742.669131942519
5576,23746.150635142341
5577,23759.565203437676
5578,23766.591351674142
5579,23767.395343320419
5580,23785.746606625307
5581,23785.746606625406
5582,23785.746606625442
5583,23785.746606625496
5584,23790.615335521543
5585,23806.806188986069
5586,23807.816607746099
5587,23809.589172392178
5588,23809.607740347787
5589,23816.375505384527
5590,23816.760329251367
5591,23820.326553261864
5592,23834.030254663478
5593,23834.281638068773
5594,23835.198354538239
5595,23839.557472710523
5596,23853.06547285671
5597,23853.269717481933
5598,23854.83383743298
5599,23854.833837433031
5600,23864.775811611769
5601,23869.489421111306
5602,23881.864957443486
5603,23884.442650636196
5604,23884.442650636243
5605,23894.312255037323
5606,23894.312255037337
5607,23896.002904888275
5608,23896.119257812072
5609,23900.471986900862
5610,23903.404187550932
5611,23912.294135177239
5612,23914.711292384854
5613,23924.794648806466
5614,23927.217589938966
5615,23927.419965578829
5616,23930.889869807914
5617,23931.874537472435
5618,23933.790672641611
5619,23933.790672641619
5620,23933.790672641659
5621,23933.790672641684
5622,23933.790672641724
5623,23933.790672641808
5624,23943.660277042807
5625,23943.660277042945
5626,23945.981720823787
5627,23946.199191695672
5628,23954.581170857906
5629,23969.904032697788
5630,23971.7948767294
5631,23984.765212755148
5632,23985.276926264778
5633,23987.901085105663
5634,23990.671608305638
5635,24002.188410037495
5636,24005.78574543646
5637,24008.519288955489
5638,24013.797214213453
5639,24022.617112251417
5640,24022.617112251464
5641,24022.909679405308
5642,24023.199152028199
5643,24048.413301960492
5644,24052.225925454699
5645,24052.225925454757
5646,24057.232169157884
5647,24057.448003220841
5648,24060.14547727476
5649,24069.117534934187
5650,24073.054160407679
5651,24081.834738658068
5652,24081.834738658086
5653,24081.834738658101
5654,24081.834738658214
5655,24091.704343059107
5656,24091.704343059118
5657,24107.685260101938
5658,24108.22557794195
5659,24115.9840195244
5660,24117.054000823402
5661,24124.888564120378
5662,24126.934064422381
5663,24131.828984023967
5664,24132.878920498246
5665,24137.404040579593
5666,24142.882680959636
5667,24159.897594338938
5668,24160.79157386674
5669,24160.791573866765
5670,24165.510323523391
5671,24180.530782668917
5672,24180.530782668935
5673,24180.530782668975
5674,24184.510633941602
5675,24185.140859569648
5676,24192.687713732717
5677,24192.707138526355
5678,24193.592274449824
5679,24193.942380772962
5680,24198.866199265347
5681,24200.269991471054
5682,24200.269991471087
5683,24205.571065135944
5684,24208.246574011504
5685,24208.890740167353
5686,24221.124794607844
5687,24221.141124089376
5688,24228.417277241104
5689,24231.465696983938
5690,24256.427436925769
5691,24257.867806693979
5692,24259.487617877563
5693,24259.487617877625
5694,24266.994579984403
5695,24267.800759625952
5696,24274.236963674561
5697,24274.382303855931
5698,24282.933287532531
5699,24292.704355802362
5700,24293.801999635147
5701,24294.414753392553
5702,24323.817591766834
5703,24326.327492380275
5704,24328.574848685159
5705,24328.574848685177
5706,24328.574848685268
5707,24328.574848685283
5708,24328.574848685304
5709,24328.574848685344
5710,24328.574848685501
5711,24328.574848685552
5712,24335.895776733109
5713,24337.155318031088
5714,24338.444453086366
5715,24338.444453086478
5716,24339.149257735757
5717,24339.575420025296
5718,24358.18366188855
5719,24358.183661888561
5720,24365.993740819311
5721,24366.624194513937
5722,24376.336194494834
5723,24380.518529472785
5724,24390.062590200356
5725,24391.189777915537
5726,24391.991332477843
5727,24393.601188558085
5728,24407.531683893871
5729,24407.531683894034
5730,24415.625433390855
5731,24417.401288294874
5732,24417.40128829511
5733,24418.381579570585
5734,24418.724987499394
5735,24428.867471996109
5736,24438.659475114713
5737,24439.131358758099
5738,24447.010101498203
5739,24447.010101498337
5740,24447.883464460501
5741,24448.116247390684
5742,24449.808585071543
5743,24478.792995259319
5744,24486.799141558098
5745,24487.026795851787
5746,24488.960140631374
5747,24489.227029217116
5748,24491.424790069788
5749,24492.517583075074
5750,24496.358123503702
5751,24496.358123503738
5752,24496.358123503753
5753,24496.358123503804
5754,24524.371938929344
5755,24528.350632124686
5756,24528.579150590467
5757,24543.887740468315
5758,24546.174968623964
5759,24552.219511131225
5760,24552.308715974574
5761,24554.138262210883
5762,24555.96296678641
5763,24559.973728293669
5764,24571.095505661422
5765,24571.495511878245
5766,24587.125298506202
5767,24588.516241492747
5768,24604.923771915786
5769,24604.923771915888
5770,24609.664319683823
5771,24612.777760572153
5772,24613.618202408215
5773,24636.421228868872
5774,24636.562873858798
5775,24641.048338290831
5776,24644.595187683677
5777,24646.107781278908
5778,24653.768754983677
5779,24654.271793921143
5780,24654.271793921278
5781,24659.853392537021
5782,24659.866220447468
5783,24661.978894828451
5784,24673.532848726652
5785,24674.01100272324
5786,24674.011002723382
5787,24674.011002723415
5788,24674.011002723571
5789,24675.440742808125
5790,24682.532345956806
5791,24682.606402882146
5792,24683.880607124411
5793,24683.880607124484
5794,24683.880607124531
5795,24683.880607124545
5796,24696.432459135114
5797,24704.621557983024
5798,24705.439196311887
5799,24706.892963311544
5800,24713.489420327722
5801,24713.489420327758
5802,24733.428236249467
5803,24737.884714158234
5804,24742.959851821481
5805,24743.305034562134
5806,24754.168220522144
5807,24755.726275485013
5808,24757.68067209846
5809,24758.773262375413
5810,24762.837442333075
5811,24762.837442333232
5812,24762.837442333232
5813,24762.837442333257
5814,24766.86526642396
5815,24770.688707768866
5816,24774.588714115151
5817,24775.161876452254
5818,24780.904400822001
5819,24782.347483704747
5820,24792.123071207963
5821,24792.446255536401
5822,24792.446255536444
5823,24792.61829341765
5824,24810.209221684134
5825,24814.946054480755
5826,24817.464480187595
5827,24819.387709755869
5828,24825.885607876935
5829,24826.334456913301
5830,24831.924673140664
5831,24831.924673140795
5832,24831.924673140813
5833,24831.924673140973
5834,24838.273141335187
5835,24842.29841722735
5836,24850.378674392396
5837,24851.269745545767
5838,24879.221530154213
5839,24879.308266351025
5840,24881.272695146228
5841,24881.272695146294
5842,24881.559777101425
5843,24888.583756547967
5844,24891.142299547239
5845,24891.142299547242
5846,24891.142299547275
5847,24891.14229954742
5848,24894.064347642583
5849,24894.338874635254
5850,24895.318761356066
5851,24900.749050423219
5852,24913.81564350217
5853,24914.427091828056
5854,24920.75111275052
5855,24920.75111275055
5856,24920.75111275055
5857,24920.75111275056
5858,24920.751112750695
5859,24920.751112750728
5860,24956.479358299923
5861,24956.585090671571
5862,24960.229530354907
5863,24960.229530354929
5864,24971.440709439517
5865,24974.76994641059
5866,24989.096117438588
5867,24989.388243955545
5868,24992.677980450579
5869,24994.248902262098
5870,24999.707947959192
5871,24999.707947959294
5872,24999.707947959334
5873,24999.707947959447
5874,25012.295332561724
5875,25015.085434467808
5876,25015.579521517506
5877,25017.798203895432
5878,25029.316761162503
5879,25029.316761162609
5880,25030.164081102223
5881,25031.140803405488
5882,25047.459732255538
5883,25049.50225224932
5884,25070.82660576608
5885,25073.996050746202
5886,25077.863659975264
5887,25080.089124068818
5888,25090.073110319438
5889,25091.352002961474
5890,25114.599688243648
5891,25118.143200772338
5892,25118.143200772403
5893,25118.143200772414
5894,25118.143200772432
5895,25120.376447534203
5896,25120.546607587912
5897,25128.010422363135
5898,25146.905623483453
5899,25147.752013975685
5900,25147.752013975714
5901,25155.25035715535
5902,25155.853618829216
5903,25157.621618376739
5904,25157.62161837699
5905,25162.476025828131
5906,25166.804248732627
5907,25174.22652414348
5908,25174.808000294004
5909,25179.296617676595
5910,25179.657827612307
5911,25179.936977077072
5912,25181.129916361806
5913,25181.851246042599
5914,25190.069818091961
5915,25200.824826133561
5916,25206.969640382216
5917,25206.969640382224
5918,25208.242527312814
5919,25208.292004078437
5920,25215.276266587272
5921,25215.805678252789
5922,25221.849805841684
5923,25233.945646388976
5924,25235.315066204628
5925,25236.578453585476
5926,25236.578453585502
5927,25238.640630416718
5928,25239.684077407215
5929,25249.581174446103
5930,25249.863595403036
5931,25258.06486590048
5932,25260.122218426219
5933,25262.619001733023
5934,25266.187266788751
5935,25266.187266788784
5936,25276.056871189721
5937,25276.05687118979
5938,25276.056871189845
5939,25276.056871189958
5940,25289.828194722963
5941,25291.412556682808
5942,25303.565326460823
5943,25305.462268148382
5944,25305.665684393018
5945,25305.665684393138
5946,25312.000037406764
5947,25325.245326073284
5948,25325.259243207936
5949,25337.602778897734
5950,25343.391799213412
5951,25349.939426703881
5952,25357.10128726007
5953,25357.317314664469
5954,25364.600273849766
5955,25364.883310799614
5956,25364.883310799625
5957,25364.883310799683
5958,25364.883310799825
5959,25371.352169623347
5960,25389.330316180625
5961,25389.698583377696
5962,25396.61951392089
5963,25396.684191306493
5964,25397.21694180023
5965,25405.296512552806
5966,25415.611254779349
5967,25416.716185241483
5968,25427.185419270052
5969,25427.256404651296
5970,25430.369049530669
5971,25432.135405205543
5972,25439.040111797058
5973,25439.54305879978
5974,25443.840146008257
5975,25443.840146008326
5976,25448.86980862901
5977,25457.967237630048
5978,25463.527765056329
5979,25464.30951149101
5980,25473.448959211604
5981,25473.448959211644
5982,25473.448959211688
5983,25473.448959211757
5984,25487.133990295279
5985,25487.215259355147
5986,25505.505953945645
5987,25505.661658885925
5988,25515.405856170601
5989,25516.403268098635
5990,25517.041909788535
5991,25517.214313816941
5992,25519.326070465111
5993,25523.956843850472
5994,25553.930693384755
5995,25562.267508860816
5996,25562.445413212532
5997,25563.817571160191
5998,25576.353892035659
5999,25578.206016406242
6000,25582.014607623565
6001,25591.88421202467
6002,25591.884212024703
6003,25594.16956759059
6004,25600.04827486776
6005,25601.753816425833
6006,25601.75381642592
6007,25611.508487766943
6008,25611.778124248398
6009,25631.362629629071
6010,25631.362629629115
6011,25643.132526880549
6012,25643.668572610972
6013,25655.05480647775
6014,25656.584298959504
6015,25660.971442832237
6016,25660.971442832291
6017,25660.971442832328
6018,25660.971442832335
6019,25660.971442832397
6020,25660.971442832495
6021,25670.841047233422
6022,25670.841047233615
6023,25673.460943114515
6024,25677.875003887901
6025,25678.730804612991
6026,25679.978440408391
6027,25680.710651634439
6028,25680.710651634552
6029,25691.737074528264
6030,25692.582335762159
6031,25699.00128832012
6032,25699.307259394627
6033,25701.139239176122
6034,25701.747724095949
6035,25705.382241086558
6036,25706.405015082484
6037,25710.319464837736
6038,25710.319464837783
6039,25710.319464837808
6040,25710.319464837848
6041,25729.61383944143
6042,25733.692858165294
6043,25737.747781307804
6044,25738.036424014172
6045,25749.797882442097
6046,25749.797882442108
6047,25753.22592570214
6048,25753.735791394793
6049,25754.927550356952
6050,25756.787147230076
6051,25759.667486843133
6052,25759.66748684318
6053,25759.667486843209
6054,25759.667486843242
6055,25774.499432126602
6056,25778.999852487235
6057,25779.406695645332
6058,25779.40669564539
6059,25782.397887452687
6060,25784.329360140287
6061,25806.038877603172
6062,25807.683703660303
6063,25815.722251299165
6064,25815.765661704027
6065,25823.61226690788
6066,25828.754717650812
6067,25828.7547176509
6068,25833.181711279587
6069,25836.832100987765
6070,25838.062847604204
6071,25853.876782642928
6072,25858.496951753918
6073,25861.391268636395
6074,25865.535240474808
6075,25866.112826330871
6076,25868.233135255217
6077,25868.233135255236
6078,25876.631803982353
6079,25882.117087665025
6080,25883.304084943273
6081,25884.86568602093
6082,25887.428624037944
6083,25887.818215895866
6084,25888.704524197194
6085,25897.841948458514
6086,25897.841948458532
6087,25917.581157260665
6088,25917.581157260687
6089,25917.581157260724
6090,25917.581157260734
6091,25919.930613191496
6092,25921.596235692854
6093,25929.644428961081
6094,25937.32036606273
6095,25937.320366062846
6096,25944.422666621969
6097,25944.51392326273
6098,25952.303931287399
6099,25956.370956118342
6100,25965.619413737459
6101,25979.211356906719
6102,25980.671848189966
6103,25986.668388068287
6104,25986.668388068294
6105,25997.039885513055
6106,25997.95878058219
6107,26003.908147131377
6108,26006.759032493308
6109,26019.275464173039
6110,26023.428562499503
6111,26024.536466888978
6112,26026.146805672648
6113,26026.146805672674
6114,26033.162420325698
6115,26039.576772803292
6116,26060.838486695404
6117,26064.975448395679
6118,26066.736641818705
6119,26075.494827678067
6120,26075.494827678089
6121,26076.521607694456
6122,26077.388234118276
6123,26088.808615997652
6124,26092.761013963067
6125,26095.234036480168
6126,26095.234036480284
6127,26105.103640881251
6128,26105.103640881411
6129,26107.952081384232
6130,26112.257897922769
6131,26115.088924768959
6132,26115.785567376126
6133,26120.132344567111
6134,26122.876868095973
6135,26129.333402262677
6136,26131.985136924573
6137,26134.021404576262
6138,26134.354522341739
6139,26139.988186116465
6140,26141.727404264242
6141,26153.084881265771
6142,26153.412319805357
6143,26154.451662886775
6144,26154.451662886786
6145,26154.45166288679
6146,26154.451662886811
6147,26154.451662886833
6148,26154.45166288684
6149,26168.760768602413
6150,26169.728010668598
6151,26186.298107113165
6152,26186.302692748948
6153,26208.002159389274
6154,26208.85795748511
6155,26213.654348563436
6156,26213.761864000295
6157,26216.671854455013
6158,26217.584132470965
6159,26223.538893694305
6160,26223.538893694396
6161,26224.241037422908
6162,26228.031410542841
6163,26230.592306937942
6164,26231.121632074195
6165,26237.362012588492
6166,26240.764145028374
6167,26265.912424330432
6168,26266.025303539231
6169,26276.00398371405
6170,26276.875496503992
6171,26292.626124501956
6172,26292.626124502018
6173,26302.495728902941
6174,26302.495728902959
6175,26302.495728903032
6176,26302.495728903046
6177,26302.495728903075
6178,26302.495728903097
6179,26302.495728903166
6180,26302.495728903308
6181,26303.881249220201
6182,26310.285188473401
6183,26331.06002766038
6184,26331.190954595702
6185,26336.164021174533
6186,26337.319075358741
6187,26341.339791773979
6188,26341.459927816009
6189,26341.974146507324
6190,26341.97414650748
6191,26341.974146507524
6192,26341.974146507622
6193,26351.483283282472
6194,26351.948460509971
6195,26361.108117075997
6196,26364.808882685225
6197,26380.510862863423
6198,26382.42630291135
6199,26384.082650800807
6200,26384.24144662168
6201,26397.946275663959
6202,26401.299754362393
6203,26406.983117944503
6204,26410.251055053061
6205,26420.930981716228
6206,26420.930981716279
6207,26424.925412865319
6208,26425.158210238937
6209,26428.640164758526
6210,26430.02965050449
6211,26441.670541858013
6212,26443.951752355824
6213,26470.279003721698
6214,26470.279003721815
6215,26479.198421984551
6216,26481.94070609803
6217,26486.316330772646
6218,26490.681251961956
6219,26499.819126250615
6220,26500.951015423754
6221,26521.64830975487
6222,26521.774982934628
6223,26539.366234529214
6224,26539.366234529287
6225,26542.3483863785
6226,26548.278399046761
6227,26549.23583893021
6228,26549.235838930384
6229,26549.235838930446
6230,26549.235838930523
6231,26551.2342132376
6232,26556.182665564174
6233,26563.20179685939
6234,26565.349679874616
6235,26568.975047732518
6236,26568.975047732558
6237,26570.392749818784
6238,26571.251756551628
6239,26575.349734536976
6240,26578.844652133608
6241,26578.844652133626
6242,26588.903701785941
6243,26595.548637452353
6244,26601.183175107286
6245,26601.506593768569
6246,26605.438520207434
6247,26608.453465336905
6248,26608.453465336937
6249,26609.888557333776
6250,26613.344119001093
6251,26625.913412633508
6252,26627.360409498768
6253,26646.399944859073
6254,26649.707826411759
6255,26650.041365081877
6256,26657.801487342294
6257,26657.801487342338
6258,26657.801487342356
6259,26657.801487342407
6260,26668.851079259697
6261,26669.25531280303
6262,26682.13152824307
6263,26687.410300545613
6264,26687.410300545664
6265,26695.026058876425
6266,26695.493576619094
6267,26697.279904946718
6268,26697.279904946728
6269,26697.279904946812
6270,26697.279904946841
6271,26707.095809835595
6272,26713.398980260601
6273,26713.808311237161
6274,26717.908164984372
6275,26717.933132751339
6276,26719.056188507438
6277,26726.888718149883
6278,26726.888718150007
6279,26731.213752474836
6280,26734.751151209148
6281,26738.37492264952
6282,26747.550650821864
6283,26747.687914615075
6284,26749.984590876171
6285,26750.362369467639
6286,26774.707961011543
6287,26775.503817427365
6288,26776.236740155397
6289,26776.2367401554
6290,26783.123592684111
6291,26786.023637968396
6292,26787.271228679569
6293,26796.799429516257
6294,26798.368058737047
6295,26800.70527072718
6296,26803.751751824493
6297,26807.889677454168
6298,26809.51349724871
6299,26818.182184939833
6300,26820.789828041328
6301,26827.29389967172
6302,26827.478048089593
6303,26829.455344493053
6304,26833.814792991801
6305,26842.529924013557
6306,26845.323970962872
6307,26845.323970963003
6308,26845.323970963025
6309,26845.323970963054
6310,26846.573521566177
6311,26848.803055184508
6312,26849.260830906645
6313,26865.063179765257
6314,26865.063179765286
6315,26882.274977760571
6316,26889.94393953263
6317,26890.015806514315
6318,26891.647570317633
6319,26894.67199296839
6320,26894.671992968448
6321,26894.67199296847
6322,26894.671992968568
6323,26894.671992968579
6324,26894.67199296859
6325,26895.350910582216
6326,26895.891898585265
6327,26915.69057606674
6328,26918.246827335683
6329,26934.150410572831
6330,26934.15041057286
6331,26946.954815588524
6332,26949.288183282486
6333,26951.597113168707
6334,26951.637151880375
6335,26978.047730309787
6336,26985.327435509709
6337,26986.675521852994
6338,26987.370785517713
6339,26996.719138396074
6340,26996.8239022202
6341,27006.529112760887
6342,27006.670646849321
6343,27021.783504111892
6344,27022.976850182637
6345,27022.976850182724
6346,27022.976850182724
6347,27023.542945036297
6348,27028.016861035278
6349,27029.695224883668
6350,27034.147956171699
6351,27034.496247526582
6352,27042.71605898461
6353,27042.716058984806
6354,27042.716058984839
6355,27042.716058985003
6356,27052.585663385889
6357,27052.585663385904
6358,27057.460958785225
6359,27059.885060048084
6360,27085.155744509793
6361,27087.787094605017
6362,27092.064080990185
6363,27092.064080990305
6364,27092.064080990367
6365,27092.064080990429
6366,27095.748757985017
6367,27097.185552021045
6368,27101.93368539121
6369,27101.933685391377
6370,27104.935528252037
6371,27107.884328519947
6372,27114.084200272206
6373,27116.033350444348
6374,27116.088604554057
6375,27121.531828972122
6376,27131.542498594539
6377,27131.542498594674
6378,27137.349555153214
6379,27139.647636429905
6380,27159.256058133433
6381,27159.93360647577
6382,27170.473129630398
6383,27171.020916199002
6384,27171.020916199086
6385,27171.516209234396
6386,27180.890520600093
6387,27180.890520600147
6388,27200.629729402252
6389,27200.629729402288
6390,27200.629729402357
6391,27200.629729402466
6392,27204.295548816899
6393,27210.156554862566
6394,27212.62231979772
6395,27212.660480447707
6396,27224.061264770251
6397,27225.778895081366
6398,27239.459474357423
6399,27239.589023298508
6400,27249.509520630454
6401,27250.76827691319
6402,27253.569649861452
6403,27257.43990332033
6404,27259.847355808812
6405,27259.84735580883
6406,27270.834270937226
6407,27274.145470271724
6408,27275.946862211127
6409,27284.06292596097
6410,27291.445947721728
6411,27291.52693569957
6412,27299.312469837212
6413,27299.329553006584
6414,27301.512989509542
6415,27303.077678918497
6416,27312.349864892698
6417,27319.064982215368
6418,27319.064982215437
6419,27319.382986519198
6420,27321.672287461479
6421,27327.262084175589
6422,27328.422597351619
6423,27336.94163879702
6424,27338.804191017349
6425,27338.804191017414
6426,27338.804191017502
6427,27338.80419101752
6428,27354.955191179542
6429,27355.141999649324
6430,27357.969457082218
6431,27358.80780374942
6432,27367.653336856863
6433,27368.84027619749
6434,27376.682961946706
6435,27404.727948740951
6436,27407.814022696311
6437,27407.891421825116
6438,27407.891421825178
6439,27410.072603171258
6440,27419.297193308743
6441,27420.841925844725
6442,27431.544990146511
6443,27435.866827121397
6444,27439.223021651582
6445,27445.348743711882
6446,27449.59542261135
6447,27449.665797592483
6448,27459.548866663346
6449,27461.71684792724
6450,27474.207826872287
6451,27482.177943854349
6452,27482.651353682373
6453,27486.848257033835
6454,27486.8482570339
6455,27486.848257033933
6456,27486.848257033966
6457,27494.954988307436
6458,27495.02277117069
6459,27514.48303844958
6460,27516.457070237004
6461,27516.457070237102
6462,27516.457070237138
6463,27516.457070237215
6464,27518.081431043007
6465,27518.818278792929
6466,27526.326674638236
6467,27526.326674638258
6468,27526.854457529749
6469,27530.171947818646
6470,27545.796080134627
6471,27545.872565005258
6472,27555.935487841474
6473,27555.935487841522
6474,27557.974238602113
6475,27558.939673951681
6476,27561.426322075811
6477,27561.910241988662
6478,27564.289242822728
6479,27576.692064633502
6480,27578.280706212547
6481,27578.470708919212
6482,27605.283509846915
6483,27605.283509846948
6484,27609.593770346237
6485,27611.74301165502
6486,27612.143914637909
6487,27619.291887393778
6488,27625.936333989564
6489,27630.234896535952
6490,27644.761927451244
6491,27644.761927451291
6492,27651.18839536146
6493,27651.789323558547
6494,27674.370740654522
6495,27674.370740654555
6496,27674.423954099406
6497,27675.837657319131
6498,27675.939068906868
6499,27679.703490198812
6500,27689.004921900192
6501,27689.999004791949
6502,27706.980159550891
6503,27708.90776168603
6504,27723.718762659875
6505,27723.718762659992
6506,27729.137147677407
6507,27729.173201951373
6508,27731.186408177786
6509,27731.207531761789
6510,27733.588367061049
6511,27733.5883670611
6512,27733.5883670611
6513,27733.588367061253
6514,27738.279287416088
6515,27741.379270235069
6516,27751.550846772632
6517,27752.739860725418
6518,27755.031188692232
6519,27757.107896211157
6520,27757.825320795484
6521,27762.381649686999
6522,27763.197180264164
6523,27763.197180264346
6524,27763.197180264389
6525,27763.19718026464
6526,27765.378590999881
6527,27765.403038750246
6528,27774.348372815541
6529,27774.600420201208
6530,27792.592591819062
6531,27796.165023329497
6532,27802.675597868685
6533,27802.67559786878
6534,27803.496394066118
6535,27807.951352862667
6536,27812.545202269761
6537,27812.545202269834
6538,27826.681686846125
6539,27827.438243212451
6540,27836.690693069857
6541,27841.532503678674
6542,27850.603088571148
6543,27851.659916428278
6544,27854.554628016816
6545,27856.772974241492
6546,27861.682999679491
6547,27861.689451526137
6548,27864.128382911364
6549,27864.132555503013
6550,27871.762828676263
6551,27871.762828676372
6552,27881.63243307732
6553,27881.632433077353
6554,27881.632433077382
6555,27881.632433077415
6556,27881.632433077437
6557,27881.632433077513
6558,27891.502037478491
6559,27891.502037478531
6560,27928.566063587521
6561,27929.204163731509
6562,27933.360957632467
6563,27940.349172950228
6564,27955.787693591214
6565,27956.793654338875
6566,27960.58926828617
6567,27960.589268286214
6568,27970.458872687093
6569,27970.458872687108
6570,27970.458872687224
6571,27970.458872687246
6572,27971.86179824709
6573,27972.311145484167
6574,27982.73280117588
6575,27983.595127332788
6576,27985.180306643681
6577,27988.687421463241
6578,27990.198081489423
6579,27990.198081489598
6580,27994.185298143038
6581,27994.257879620647
6582,28000.067685890477
6583,28000.06768589051
6584,28006.605590596213
6585,28007.14862047619
6586,28009.757829801256
6587,28019.511972374214
6588,28020.014559997286
6589,28025.36688814704
6590,28037.609249070585
6591,28039.04012069165
6592,28039.060011624289
6593,28043.531917584085
6594,28043.738032381825
6595,28049.415707895962
6596,28049.415707896056
6597,28052.603396762719
6598,28055.139493381896
6599,28073.481554605747
6600,28079.024521099091
6601,28079.024521099094
6602,28079.024521099203
6603,28079.024521099258
6604,28079.289116016138
6605,28079.436330302673
6606,28108.633334302402
6607,28108.6333343025
6608,28112.181645370019
6609,28115.328875835807
6610,28115.909806015279
6611,28136.507421867278
6612,28137.068224206669
6613,28140.316773614162
6614,28141.457919389155
6615,28148.856238546079
6616,28157.981356307842
6617,28157.981356307926
6618,28160.069843314144
6619,28161.084541411106
6620,28166.983682124916
6621,28181.408627548979
6622,28186.995621488477
6623,28187.54313237852
6624,28195.974853500804
6625,28196.703289665973
6626,28197.459773912167
6627,28197.459773912302
6628,28205.313334611186
6629,28207.329378313334
6630,28207.329378313443
6631,28227.590125498242
6632,28230.195321688829
6633,28236.938191516547
6634,28236.938191516685
6635,28241.058411578109
6636,28242.045080173066
6637,28255.230390054283
6638,28258.811900540772
6639,28258.815898030687
6640,28261.39553530276
6641,28261.711115173475
6642,28269.561502869474
6643,28271.843569184228
6644,28279.604341123864
6645,28280.541964317541
6646,28286.286213522115
6647,28286.286213522129
6648,28289.893212043004
6649,28290.323354689128
6650,28291.533381187026
6651,28294.128703004815
6652,28302.218956122735
6653,28312.83594075435
6654,28316.054421445828
6655,28316.31267735142
6656,28336.606676842544
6657,28336.950630904965
6658,28339.77308417817
6659,28344.936388227266
6660,28355.373444329565
6661,28355.373444329645
6662,28355.373444329729
6663,28355.37344432978
6664,28355.373444329787
6665,28355.373444329794
6666,28359.384967254246
6667,28360.129015375202
6668,28363.159140280808
6669,28363.353245866274
6670,28385.647872471985
6671,28385.764396624301
6672,28401.445617323145
6673,28401.900948656141
6674,28405.864008185596
6675,28408.533182171235
6676,28420.452515884703
6677,28421.635445325341
6678,28424.460675137216
6679,28424.460675137383
6680,28431.859885098351
6681,28432.018269724776
6682,28435.712636581349
6683,28437.337248087373
6684,28437.595234798369
6685,28444.646482744945
6686,28451.151763762697
6687,28451.397810187635
6688,28456.180999075295
6689,28457.168699801907
6690,28473.808697142777
6691,28473.808697142791
6692,28473.808697142882
6693,28473.808697142926
6694,28491.23323081723
6695,28491.344588014908
6696,28495.08182400616
6697,28497.780619993959
6698,28501.230875609308
6699,28501.68906119759
6700,28503.417510346088
6701,28523.156719148159
6702,28523.15671914821
6703,28523.156719148257
6704,28523.156719148265
6705,28523.156719148301
6706,28523.156719148534
6707,28524.988166729931
6708,28526.437531837601
6709,28538.452220544943
6710,28543.095917322902
6711,28576.429001767567
6712,28582.374345554766
6713,28582.374345554879
6714,28586.049160749852
6715,28587.524931131797
6716,28587.719116874177
6717,28590.995132774584
6718,28591.736066297806
6719,28592.243949955911
6720,28592.243949955955
6721,28603.309069383744
6722,28604.470080375591
6723,28621.852763159062
6724,28621.852763159095
6725,28621.852763159113
6726,28621.852763159179
6727,28621.852763159182
6728,28621.852763159211
6729,28643.676423293353
6730,28644.168729589044
6731,28652.173164601762
6732,28652.78884718311
6733,28663.105551669058
6734,28664.4951832685
6735,28674.279654715079
6736,28680.430032139659
6737,28681.070389565673
6738,28681.070389565681
6739,28682.415023313792
6740,28684.633747313601
6741,28705.343138971864
6742,28707.527425026798
6743,28710.679202768963
6744,28710.679202768973
6745,28716.374500210568
6746,28719.102168281934
6747,28721.104991921038
6748,28725.612221613217
6749,28751.823056545549
6750,28752.100140284216
6751,28754.767479276856
6752,28756.521587437848
6753,28758.252989197423
6754,28771.529013566669
6755,28773.337493242285
6756,28773.457219586209
6757,28783.325661388179
6758,28785.937206631908
6759,28787.631303867809
6760,28788.480124387421
6761,28789.636037977674
6762,28789.636037977678
6763,28798.458896768312
6764,28805.630960458577
6765,28805.88079383345
6766,28809.498293327018
6767,28812.938556590198
6768,28819.244851180822
6769,28819.244851180858
6770,28819.244851180887
6771,28819.244851180956
6772,28821.839999470565
6773,28826.732863789064
6774,28826.941014723026
6775,28842.564116960864
6776,28842.874832324535
6777,28862.728480384205
6778,28868.592873186197
6779,28868.592873186211
6780,28868.592873186324
6781,28868.592873186382
6782,28868.592873186419
6783,28868.592873186448
6784,28872.883202219731
6785,28873.358849403674
6786,28884.987667844984
6787,28885.10407103179
6788,28887.714691692683
6789,28892.863565987955
6790,28895.074155540984
6791,28899.434462372108
6792,28907.21560310313
6793,28908.071290790671
6794,28908.071290790704
6795,28908.071290790729
6796,28908.071290790773
6797,28910.838661365538
6798,28915.13869175937
6799,28917.081011541042
6800,28917.940895191714
6801,28917.940895191798
6802,28917.940895191816
6803,28917.940895191827
6804,28923.273505637168
6805,28937.680103993938
6806,28937.680103993996
6807,28946.16784232379
6808,28946.950663851927
6809,28953.520328837469
6810,28962.812903401278
6811,28967.902375835467
6812,28981.606720978227
6813,28982.75831420314
6814,28988.468805901462
6815,28988.507529015722
6816,28996.897730400455
6817,28996.897730400535
6818,28996.897730400553
6819,28996.897730400695
6820,29004.214608072922
6821,29013.223167414679
6822,29019.535116242627
6823,29020.568760657417
6824,29023.265687397146
6825,29026.506543603777
6826,29026.506543603809
6827,29026.506543603868
6828,29026.506543603871
6829,29030.945266423339
6830,29032.753080600309
6831,29035.927510080128
6832,29036.312578328521
6833,29050.486981632042
6834,29050.699571533987
6835,29052.653431422092
6836,29061.536275451206
6837,29070.047869251168
6838,29075.640439489987
6839,29087.143054607317
6840,29087.953782992176
6841,29096.590878678813
6842,29097.031754921012
6843,29109.461677660947
6844,29113.607006119506
6845,29124.261612571205
6846,29125.662088747216
6847,29135.072192015774
6848,29135.07219201581
6849,29144.941796416864
6850,29144.941796416886
6851,29148.136635793198
6852,29148.685484607751
6853,29151.821580918786
6854,29151.902089773779
6855,29158.576162483863
6856,29166.385723022275
6857,29166.88579406642
6858,29169.110142798036
6859,29181.379862827351
6860,29184.420214021211
6861,29184.420214021273
6862,29187.687902807455
6863,29193.437441209648
6864,29194.214882876586
6865,29214.029027224533
6866,29214.029027224606
6867,29214.029027224642
6868,29214.029027224686
6869,29231.598265720706
6870,29232.942043690527
6871,29233.768236026663
6872,29233.768236026695
6873,29239.338947307173
6874,29239.761267939277
6875,29245.717482912602
6876,29249.95553253296
6877,29258.760112136006
6878,29263.377049229843
6879,29263.377049229937
6880,29263.377049230028
6881,29263.377049230079
6882,29263.534063391387
6883,29276.553260893088
6884,29280.523017953979
6885,29302.855466834309
6886,29302.855466834382
6887,29318.508189824202
6888,29322.439565823166
6889,29324.503824004449
6890,29324.73376212499
6891,29328.235031934379
6892,29328.482833810958
6893,29335.931178228886
6894,29336.244909017023
6895,29338.072239876263
6896,29340.841012029279
6897,29354.946977736014
6898,29354.947193635879
6899,29368.567685143345
6900,29370.543069609546
6901,29381.812302043007
6902,29381.812302043025
6903,29381.812302043036
6904,29381.812302043054
6905,29387.490110108327
6906,29388.899801784424
6907,29391.681906444119
6908,29391.681906444166
6909,29400.570833952705
6910,29402.558652950651
6911,29404.470785524307
6912,29405.853832296249
6913,29411.421115246267
6914,29411.421115246281
6915,29411.421115246318
6916,29411.421115246496
6917,29424.186863221017
6918,29429.197254521394
6919,29429.396874179671
6920,29430.586100613466
6921,29438.658671161065
6922,29441.874032504838
6923,29444.301974037593
6924,29444.436877439563
6925,29450.89953285069
6926,29450.899532850701
6927,29454.840862984027
6928,29457.773138989691
6929,29468.535658709927
6930,29468.695989532607
6931,29470.638741652758
6932,29470.638741652816
6933,29487.200857537839
6934,29490.12067469236
6935,29500.247554856098
6936,29500.247554856309
6937,29504.697879388099
6938,29505.091537195978
6939,29516.319528906988
6940,29523.563683030279
6941,29525.120902616316
6942,29529.838447267051
6943,29536.163591400829
6944,29536.211949766912
6945,29536.2160198372
6946,29537.218879272277
6947,29539.72597246043
6948,29539.725972460448
6949,29539.725972460557
6950,29539.725972460576
6951,29554.667954360357
6952,29561.092596629998
6953,29561.604440624327
6954,29579.204390064708
6955,29579.20439006477
6956,29579.392781147635
6957,29613.904434790267
6958,29618.682807669102
6959,29618.682807669204
6960,29622.738690778096
6961,29622.839583470628
6962,29634.994597309615
6963,29636.037216526172
6964,29642.02243352509
6965,29642.078210062897
6966,29645.995022458526
6967,29648.552201008642
6968,29658.16122527339
6969,29658.161225273416
6970,29658.16122527355
6971,29658.161225273594
6972,29658.255998043784
6973,29659.875988637388
6974,29666.597242366719
6975,29667.630096189529
6976,29668.618339115372
6977,29670.957776041363
6978,29679.895978877914
6979,29687.086128617502
6980,29688.045534418517
6981,29695.430797386114
6982,29697.936405225068
6983,29715.312803899691
6984,29719.547539839539
6985,29720.067993091987
6986,29762.660931984312
6987,29765.422963307821
6988,29766.726873685515
6989,29766.726873685533
6990,29766.726873685551
6991,29766.726873685569
6992,29768.923969254625
6993,29775.456518961953
6994,29782.754060405234
6995,29783.382065647584
6996,29784.863521378735
6997,29786.989142878327
6998,29788.184393869607
6999,29804.510858597376
7000,29804.982383969509
7001,29808.780256919712
7002,29811.869694758887
7003,29814.424870978681
7004,29823.190220410088
7005,29834.237397341964
7006,29835.77070251945
7007,29855.55331329535
7008,29855.553313295371
7009,29860.443259740758
7010,29862.158707048697
7011,29862.39444126048
7012,29864.016919258047
7013,29865.422917696254
7014,29865.422917696374
7015,29865.422917696382
7016,29865.422917696545
7017,29867.538508568199
7018,29872.682125722764
7019,29873.864725430118
7020,29874.466166193339
7021,29882.75313846807
7022,29884.796731259255
7023,29885.162126498417
7024,29885.162126498548
7025,29895.031730899595
7026,29895.031730899609
7027,29895.031730899638
7028,29895.031730899726
7029,29895.566306908044
7030,29896.578572271661
7031,29910.959692882319
7032,29911.222576728891
7033,29915.472651045326
7034,29918.895067462538
7035,29933.057914262681
7036,29933.150626662813
7037,29934.510148503981
7038,29934.510148504043
7039,29937.04118603285
7040,29941.136716102046
7041,29944.379752905097
7042,29944.379752905188
7043,29944.379752905264
7044,29944.379752905275
7045,29946.711060832124
7046,29947.646848635886
7047,29951.483503453641
7048,29951.801675056144
7049,29973.988566108394
7050,29973.988566108419
7051,29988.722006821132
7052,29990.054000744174
7053,29998.830220193337
7054,29999.690928101838
7055,30005.864999937632
7056,30007.334620767277
7057,30011.614262196414
7058,30013.46698371266
7059,30013.466983712748
7060,30014.00777515323
7061,30023.336588113754
7062,30023.33658811386
7063,30023.33658811386
7064,30043.075796915942
7065,30043.075796916026
7066,30054.324228003643
7067,30054.780370966575
7068,30056.552090405319
7069,30056.655812463501
7070,30072.234856955631
7071,30075.112658340695
7072,30076.678837584201
7073,30078.394955396696
7074,30092.423818921387
7075,30092.423818921507
7076,30093.00580735899
7077,30099.829121288505
7078,30102.293423322324
7079,30102.293423322517
7080,30102.293423322521
7081,30102.293423322604
7082,30102.293423322633
7083,30102.293423322728
7084,30104.312863201994
7085,30105.448304089277
7086,30117.362402702336
7087,30117.449869481843
7088,30126.001366696382
7089,30128.712801503683
7090,30128.839829751661
7091,30133.011111339794
7092,30146.777414322511
7093,30147.115812486954
7094,30165.605046018405
7095,30167.071081402137
7096,30179.821577609349
7097,30183.294076777212
7098,30192.397885236522
7099,30193.533083285169
7100,30200.989467333395
7101,30200.989467333417
7102,30200.989467333471
7103,30200.989467333511
7104,30202.878862203819
7105,30202.991380938754
7106,30210.859071734543
7107,30210.859071734652
7108,30230.711020225222
7109,30231.709378523567
7110,30243.955599699864
7111,30245.500035281369
7112,30250.337489338915
7113,30250.337489338923
7114,30250.337489338988
7115,30250.337489339017
7116,30263.693237716496
7117,30264.730829045919
7118,30284.381224754015
7119,30293.241527192684
7120,30297.287864149028
7121,30297.998055371507
7122,30300.638029466823
7123,30300.920663971061
7124,30320.611738998472
7125,30333.440706748086
7126,30333.865257243655
7127,30339.163928948612
7128,30339.163928948696
7129,30339.163928948736
7130,30339.163928948794
7131,30346.359559154887
7132,30350.880795235364
7133,30355.222500247561
7134,30357.484233572268
7135,30357.594001653237
7136,30358.903137750836
7137,30358.903137750898
7138,30368.772742151828
7139,30368.772742151905
7140,30368.772742151945
7141,30368.772742151985
7142,30376.492236257767
7143,30379.992944576949
7144,30386.226328215056
7145,30387.232770238606
7146,30390.044117440164
7147,30403.162594170557
7148,30403.481179266579
7149,30405.387815576993
7150,30406.649852404335
7151,30409.697252733687
7152,30410.288905305111
7153,30413.543155519143
7154,30423.064138922007
7155,30433.249618679401
7156,30435.977401374374
7157,30440.703515119862
7158,30441.162490622963
7159,30444.309500133531
7160,30447.729577360595
7161,30447.729577360631
7162,30447.729577360744
7163,30447.729577360846
7164,30460.242349409596
7165,30460.495355627878
7166,30477.338390563869
7167,30477.338390563957
7168,30479.697419668941
7169,30480.722804992536
7170,30483.422026590564
7171,30487.207994965007
7172,30487.20799496504
7173,30488.663061631378
7174,30488.97637094653
7175,30500.550143738299
7176,30500.665245514199
7177,30516.81680816818
7178,30516.816808168318
7179,30525.082005764558
7180,30534.470668354665
7181,30539.330240639745
7182,30543.61672544161
7183,30544.822081696853
7184,30547.726306441968
7185,30552.387421859647
7186,30552.504525851567
7187,30555.457794476115
7188,30562.341112887607
7189,30562.360759934589
7190,30576.034434574794
7191,30576.034434574929
7192,30581.600368473002
7193,30581.774115259184
7194,30584.820481520161
7195,30590.943891951687
7196,30591.054030935953
7197,30598.415559664394
7198,30604.135495860424
7199,30604.438495257229
7200,30635.252060981351
7201,30635.252060981395
7202,30635.41272529
7203,30635.913947096902
7204,30636.339189404411
7205,30644.433629587231
7206,30645.626025928337
7207,30645.804757299931
7208,30654.991269783503
7209,30654.991269783604
7210,30668.179714634571
7211,30669.711759794471
7212,30677.032519523695
7213,30680.910964905972
7214,30684.600082986835
7215,30684.600082986963
7216,30701.291449784505
7217,30702.050799409946
7218,30706.503937253725
7219,30708.851086231789
7220,30714.208896190117
7221,30714.208896190139
7222,30715.243210121185
7223,30716.374139704683
7224,30733.948104992262
7225,30733.948104992302
7226,30741.345895352228
7227,30742.962583692293
7228,30745.305114522806
7229,30746.833713706197
7230,30754.379597500898
7231,30756.361979805431
7232,30774.851678414638
7233,30774.854292392742
7234,30775.914465940132
7235,30778.530962710291
7236,30801.118975951962
7237,30803.03533579993
7238,30803.035335799941
7239,30806.763733019379
7240,30832.735562737034
7241,30832.898709757894
7242,30837.478884016586
7243,30838.331650899334
7244,30842.51375340411
7245,30842.513753404175
7246,30842.513753404255
7247,30842.513753404273
7248,30842.513753404321
7249,30842.513753404368
7250,30854.670916393261
7251,30854.707098400177
7252,30861.86243610266
7253,30864.422047803146
7254,30865.58424425764
7255,30869.317378169326
7256,30870.055991612659
7257,30870.966034066605
7258,30878.084356779691
7259,30878.140256825522
7260,30891.861775409619
7261,30891.861775409649
7262,30891.861775409725
7263,30891.861775409747
7264,30921.470588612818
7265,30921.470588612956
7266,30921.470588612967
7267,30921.470588612996
7268,30932.163341700183
7269,30932.849405796722
7270,30940.153880433183
7271,30940.560547698471
7272,30951.301028708898
7273,30952.849376454928
7274,30957.19815441894
7275,30959.644516836939
7276,30960.949006217328
7277,30960.94900621735
7278,30967.360741031167
7279,30970.470209999879
7280,30976.64792822719
7281,30977.048857311507
7282,30990.55781942057
7283,30990.557819420574
7284,30990.557819420606
7285,30990.557819420665
7286,30992.28786514491
7287,30992.674929465411
7288,30996.439460603338
7289,30998.458568475293
7290,31000.42742382166
7291,31000.427423821679
7292,31015.125974510996
7293,31016.107484938068
7294,31036.267040897983
7295,31036.356091559399
7296,31039.905841425836
7297,31039.905841425876
7298,31039.905841425883
7299,31039.905841426007
7300,31039.90584142604
7301,31039.905841426083
7302,31039.905841426091
7303,31039.905841426156
7304,31049.775445827119
7305,31049.775445827137
7306,31053.526875655109
7307,31053.698880980599
7308,31061.626835433111
7309,31061.831487446052
7310,31067.53053251655
7311,31075.713350823768
7312,31081.861940021809
7313,31082.348678460545
7314,31088.27074851072
7315,31089.854757319965
7316,31097.133126428285
7317,31100.683863078524
7318,31100.71880700902
7319,31108.993072233639
7320,31108.993072233727
7321,31120.791705348136
7322,31121.610061047675
7323,31130.153306458546
7324,31137.317959988348
7325,31141.264276103469
7326,31146.309112484709
7327,31146.338305724545
7328,31150.027366804377
7329,31150.554015893311
7330,31160.898862192873
7331,31171.941389414136
7332,31171.965145599181
7333,31173.597884487473
7334,31174.107674250692
7335,31176.545151724757
7336,31177.668223275614
7337,31186.92985856437
7338,31195.355803917893
7339,31197.819511843427
7340,31197.819511843489
7341,31197.819511843496
7342,31197.8195118435
7343,31207.802664755156
7344,31208.562160695481
7345,31219.287722792793
7346,31251.191330791029
7347,31251.560031189165
7348,31252.266085012903
7349,31254.879837799384
7350,31258.826639604467
7351,31267.823587140734
7352,31268.413339296854
7353,31276.776347052197
7354,31276.776347052222
7355,31286.645951453182
7356,31286.645951453254
7357,31286.645951453269
7358,31286.645951453324
7359,31306.385160255428
7360,31306.385160255457
7361,31306.385160255468
7362,31306.385160255508
7363,31307.104188928515
7364,31313.331511715602
7365,31316.740478138112
7366,31321.854756907673
7367,31324.045974254521
7368,31327.516709565887
7369,31337.284956674859
7370,31344.957969471878
7371,31345.863577859753
7372,31345.863577859807
7373,31346.095555997443
7374,31353.451253969379
7375,31354.015892393847
7376,31355.733182260912
7377,31355.733182260938
7378,31365.250708854728
7379,31373.034196486642
7380,31383.179758947997
7381,31384.083584222382
7382,31385.039442060886
7383,31387.22073941398
7384,31395.211599865175
7385,31395.211599865277
7386,31400.000702546262
7387,31400.396325767957
7388,31405.300646374199
7389,31406.285299126263
7390,31415.165299723965
7391,31416.531338178163
7392,31416.961257939482
7393,31424.901737807319
7394,31434.69001746958
7395,31434.690017469617
7396,31434.690017469668
7397,31434.690017469671
7398,31446.265144939964
7399,31448.396167501953
7400,31459.380852512277
7401,31460.042871606656
7402,31464.29883067288
7403,31464.298830672917
7404,31483.693381649155
7405,31485.973963988934
7406,31496.829217788647
7407,31497.552347315548
7408,31506.703602500522
7409,31510.830288279471
7410,31515.132860007416
7411,31515.266737674076
7412,31517.67200255868
7413,31518.109118490436
7414,31523.516457079448
7415,31523.516457079491
7416,31542.468590351189
7417,31543.172689427007
7418,31545.855113974751
7419,31545.871231376073
7420,31553.953189078562
7421,31555.476554923247
7422,31566.365262241041
7423,31569.542930249227
7424,31582.734083485837
7425,31582.734083485971
7426,31582.734083486019
7427,31586.566837444494
7428,31586.978441586838
7429,31593.935601082248
7430,31593.956417924928
7431,31597.801019893417
7432,31598.583637201544
7433,31602.473292288094
7434,31602.473292288138
7435,31603.797152450974
7436,31604.141935853673
7437,31615.414535955282
7438,31618.284611068528
7439,31622.212501090322
7440,31622.212501090362
7441,31632.082105491303
7442,31632.082105491398
7443,31632.082105491416
7444,31632.082105491427
7445,31642.947689862365
7446,31648.870914338044
7447,31654.144879965654
7448,31654.533575629412
7449,31661.690918694621
7450,31661.690918694756
7451,31666.042754186168
7452,31667.20336539291
7453,31671.560523095697
7454,31671.560523095734
7455,31676.822875991264
7456,31678.036449565541
7457,31684.829866171844
7458,31686.332015439144
7459,31701.560687697125
7460,31706.348294064741
7461,31735.944459320031
7462,31746.301826916606
7463,31749.81041035309
7464,31749.900734666455
7465,31750.517358304474
7466,31750.517358304543
7467,31756.926914524753
7468,31758.820173114684
7469,31760.386962705576
7470,31760.386962705597
7471,31765.856704222184
7472,31766.49007379551
7473,31789.995775908734
7474,31789.995775908876
7475,31794.085728017384
7476,31795.104214508807
7477,31810.339244936589
7478,31811.27682090797
7479,31833.761875768902
7480,31834.466659779599
7481,31839.010313773364
7482,31839.343797914255
7483,31839.343797914284
7484,31841.663568565047
7485,31847.907363786428
7486,31848.21782921159
7487,31850.474661919336
7488,31852.806660210288
7489,31854.467705414845
7490,31863.556145087477
7491,31868.952611117515
7492,31868.952611117533
7493,31873.773471166198
7494,31873.993481848254
7495,31874.67041872126
7496,31874.948331017913
7497,31886.067453103635
7498,31889.181352831962
7499,31890.48668021234
7500,31898.561424320818
7501,31898.561424320869
7502,31904.368113178421
7503,31904.772060967029
7504,31908.43102872173
7505,31908.431028721858
7506,31908.431028721912
7507,31908.431028721978
7508,31916.255423481667
7509,31936.283745787743
7510,31936.372944549043
7511,31938.03984192518
7512,31938.039841925183
7513,31941.631285742733
7514,31942.671416154521
7515,31955.528308354365
7516,31964.791686254022
7517,31966.063006651733
7518,31977.127061361232
7519,31977.518259529483
7520,31977.518259529537
7521,31978.212720788913
7522,31985.060256289078
7523,31985.594836532859
7524,31997.257468331667
7525,31997.25746833174
7526,32004.710309683807
7527,32029.158657938333
7528,32030.34955570021
7529,32044.989146822103
7530,32068.989433977833
7531,32069.09936140717
7532,32074.431024143691
7533,32076.214303540266
7534,32076.214303540328
7535,32076.214303540346
7536,32076.214303540404
7537,32076.21430354043
7538,32076.214303540433
7539,32076.21430354047
7540,32076.214303540553
7541,32077.728392768902
7542,32080.746382686157
7543,32086.50097011129
7544,32087.386124087192
7545,32094.108508470857
7546,32096.347404520893
7547,32098.10254109314
7548,32101.183965994845
7549,32103.135117843478
7550,32105.823116743722
7551,32105.823116743726
7552,32106.725929540258
7553,32112.732908830407
7554,32113.118533886041
7555,32117.93386890502
7556,32122.283137756247
7557,32122.544019196375
7558,32128.244690766347
7559,32133.645601806627
7560,32133.971605100094
7561,32142.550446495337
7562,32145.301534348047
7563,32145.301534348124
7564,32145.335592025865
7565,32148.092857534939
7566,32150.076826917331
7567,32155.171138749141
7568,32155.171138749185
7569,32156.920120987212
7570,32164.786909249138
7571,32167.30927379373
7572,32173.393787130073
7573,32198.148303001319
7574,32198.393550885594
7575,32205.730985429611
7576,32213.292408973732
7577,32218.664014673152
7578,32219.184807678499
7579,32224.258369556635
7580,32224.258369556734
7581,32224.258369556763
7582,32224.258369556799
7583,32229.525443675269
7584,32231.225475101139
7585,32236.630937147354
7586,32236.820245733303
7587,32248.968024493475
7588,32249.613637030387
7589,32267.00396585033
7590,32267.697970088051
7591,32267.890177734866
7592,32275.737598486267
7593,32283.905598192883
7594,32287.74927434187
7595,32293.345600364319
7596,32293.345600364391
7597,32297.696795843509
7598,32299.64853056346
7599,32311.855520548484
7600,32312.810676156376
7601,32313.084809166576
7602,32313.084809166598
7603,32340.702293636754
7604,32342.693622369814
7605,32342.693622369836
7606,32342.693622369927
7607,32342.693622369941
7608,32343.020296288032
7609,32345.712104703158
7610,32347.060547230176
7611,32350.485926354308
7612,32350.562124477379
7613,32371.533858878916
7614,32372.302435573129
7615,32372.302435573172
7616,32372.302435573245
7617,32372.302435573292
7618,32372.689078192499
7619,32376.776280436672
7620,32377.99336004219
7621,32382.172039974183
7622,32382.172039974208
7623,32382.172039974219
7624,32382.172039974321
7625,32383.757988569734
7626,32386.291788101324
7627,32411.780853177421
7628,32411.780853177508
7629,32421.650457578515
7630,32421.650457578551
7631,32421.650457578595
7632,32421.650457578671
7633,32423.899190716533
7634,32425.91556395077
7635,32432.199120552657
7636,32438.05080087134
7637,32460.222189958968
7638,32460.334850214978
7639,32465.558319952175
7640,32465.95020879326
7641,32471.62941465211
7642,32473.605705092989
7643,32496.072392494039
7644,32497.050822263423
7645,32500.60729278723
7646,32500.607292787266
7647,32500.607292787307
7648,32500.607292787321
7649,32513.099931714325
7650,32514.112480802214
7651,32522.492142936015
7652,32522.996467904726
7653,32523.489442408023
7654,32535.734145927065
7655,32546.351385635644
7656,32546.840398335236
7657,32549.955314792649
7658,32549.955314792685
7659,32549.955314792714
7660,32549.955314792718
7661,32569.609100193669
7662,32571.037542621099
7663,32579.564127995996
7664,32579.564127996004
7665,32600.667030520184
7666,32601.90605804649
7667,32604.272993406474
7668,32604.369677902119
7669,32617.563331084366
7670,32619.042545600278
7671,32619.042545600369
7672,32619.04254560038
7673,32619.042545600423
7674,32619.181452682911
7675,32628.345286875752
7676,32629.631042479759
7677,32633.941192211489
7678,32634.883374466575
7679,32637.711802466372
7680,32638.556208357186
7681,32641.461411435128
7682,32641.546302003815
7683,32649.122919446083
7684,32661.254572726146
7685,32670.526066059505
7686,32670.554543859966
7687,32674.373496941738
7688,32680.501238402612
7689,32685.172380155564
7690,32691.793578171368
7691,32692.142846580005
7692,32697.999380809062
7693,32697.999380809062
7694,32707.124719410062
7695,32707.868985210131
7696,32707.868985210149
7697,32712.679052103234
7698,32714.584912524373
7699,32718.566263562985
7700,32718.610704957187
7701,32725.803637807148
7702,32727.608194012315
7703,32727.608194012439
7704,32731.462288835144
7705,32751.365155713655
7706,32754.652925370152
7707,32755.4685636424
7708,32760.186952037133
7709,32760.264664840186
7710,32776.95621601773
7711,32776.956216017752
7712,32777.777073190329
7713,32777.805065202621
7714,32794.132763916343
7715,32795.288376456585
7716,32802.088009273837
7717,32827.130116093416
7718,32827.329671434403
7719,32839.784706770115
7720,32845.067084424154
7721,32846.043446825388
7722,32846.043446825461
7723,32850.812601636288
7724,32855.913051226453
7725,32855.913051226467
7726,32865.78265562751
7727,32865.782655627539
7728,32865.782655627576
7729,32865.782655627598
7730,32867.655757718843
7731,32867.679517290184
7732,32868.582131509582
7733,32871.012289615661
7734,32873.2499463973
7735,32875.558079193361
7736,32878.840658619127
7737,32885.521864429647
7738,32885.521864429757
7739,32889.542587456119
7740,32890.259919493386
7741,32891.69686119564
7742,32903.728099782318
7743,32912.980247993335
7744,32913.683464291782
7745,32918.027666672373
7746,32920.423191464106
7747,32929.557457702314
7748,32930.001081974282
7749,32938.514217041506
7750,32941.458229223252
7751,32944.739490836197
7752,32944.739490836277
7753,32949.880086070123
7754,32949.942249304215
7755,32957.058345637648
7756,32964.474692424512
7757,32964.969272115464
7758,32965.889845544669
7759,32974.348304039464
7760,32974.348304039493
7761,32974.348304039573
7762,32974.34830403977
7763,32992.077857674958
7764,32992.534077417527
7765,33004.168585302854
7766,33011.7600631807
7767,33016.588852906578
7768,33022.501712434627
7769,33028.380029961023
7770,33029.163922934727
7771,33038.815135629266
7772,33039.441855268
7773,33053.305139248165
7774,33053.305139248216
7775,33053.305139248274
7776,33053.305139248296
7777,33054.711478591664
7778,33061.424161975847
7779,33078.026078480296
7780,33082.377801931747
7781,33101.779916581167
7782,33101.823318051589
7783,33110.445764381802
7784,33111.021069530645
7785,33132.261974457018
7786,33132.261974457033
7787,33135.554754155768
7788,33135.562948545987
7789,33139.159329299167
7790,33143.80352993351
7791,33146.746726979676
7792,33148.219885432976
7793,33168.950306755789
7794,33171.052695068334
7795,33171.740392061285
7796,33171.740392061336
7797,33178.777520762618
7798,33180.723464567578
7799,33181.609996462423
7800,33181.609996462481
7801,33181.609996462532
7802,33184.172044319777
7803,33184.350132749241
7804,33193.175348719604
7805,33194.2419055758
7806,33201.349205264531
7807,33201.349205264603
7808,33208.271004760521
7809,33208.852259287138
7810,33211.218809665479
7811,33211.218809665588
7812,33211.218809665683
7813,33211.218809665756
7814,33223.971879655255
7815,33224.098069109466
7816,33231.009913928363
7817,33235.611953182954
7818,33239.066202977432
7819,33240.400381345979
7820,33240.827622868987
7821,33240.827622869059
7822,33251.39442312609
7823,33251.46122086906
7824,33255.970983826272
7825,33260.080417649893
7826,33260.566831671051
7827,33260.566831671145
7828,33260.566831671153
7829,33260.566831671189
7830,33279.544733708244
7831,33280.188961188745
7832,33289.055609409064
7833,33290.175644874405
7834,33290.175644874442
7835,33292.80600937883
7836,33317.287996457082
7837,33324.978886018274
7838,33328.353783696381
7839,33328.562514837511
7840,33335.454525634697
7841,33335.869553578006
7842,33339.064917713898
7843,33339.534144756886
7844,33348.124747868089
7845,33349.680779005947
7846,33359.262875681838
7847,33359.262875681969
7848,33359.26287568202
7849,33359.26287568202
7850,33359.262875682063
7851,33359.262875682078
7852,33366.718169626292
7853,33367.237231308376
7854,33371.719313595844
7855,33371.777135171149
7856,33383.851137991551
7857,33386.231524307957
7858,33401.545986740733
7859,33403.722021070811
7860,33408.610897687446
7861,33408.610897687453
7862,33408.610897687526
7863,33408.610897687577
7864,33418.480502088569
7865,33418.480502088569
7866,33429.019339821294
7867,33435.038865185961
7868,33438.560009763649
7869,33438.689617024189
7870,33448.0893152918
7871,33448.089315291902
7872,33450.908515150688
7873,33451.192387127398
7874,33455.487793060005
7875,33459.057298005253
7876,33460.565159637517
7877,33468.564205049479
7878,33471.485391417838
7879,33476.355598697388
7880,33477.698128495067
7881,33477.698128495191
7882,33487.567732896103
7883,33487.567732896168
7884,33487.567732896212
7885,33487.567732896219
7886,33491.530444812801
7887,33497.437337297255
7888,33497.437337297277
7889,33503.338274562768
7890,33506.780934447299
7891,33510.397647758713
7892,33510.895093843748
7893,33519.062208345669
7894,33549.593999568599
7895,33551.266484092404
7896,33552.188101029577
7897,33555.798790014014
7898,33556.654963703768
7899,33556.65496370379
7900,33556.654963703804
7901,33556.654963703884
7902,33556.654963703899
7903,33556.654963703986
7904,33559.551696857307
7905,33582.745299875794
7906,33583.619915274881
7907,33596.895332024011
7908,33597.038052785269
7909,33603.647880883444
7910,33612.625975971554
7911,33612.809387235313
7912,33622.121527812851
7913,33624.21541703309
7914,33638.878822851606
7915,33640.697295664024
7916,33645.43688512603
7917,33647.61815262735
7918,33655.634525425448
7919,33659.367790040335
7920,33661.958518417094
7921,33668.363049684704
7922,33668.585205420553
7923,33673.911447873346
7924,33675.090216516895
7925,33675.090216516946
7926,33683.64565913457
7927,33684.959820917982
7928,33684.959820918048
7929,33688.363123098017
7930,33691.203661701598
7931,33706.370530906119
7932,33706.66044896988
7933,33717.315778442127
7934,33729.625265655392
7935,33734.307842923401
7936,33734.307842923467
7937,33734.640461372604
7938,33735.184530505285
7939,33739.857084412011
7940,33757.389345419295
7941,33757.962699106807
7942,33767.372705343572
7943,33770.699140343691
7944,33778.421970932592
7945,33782.998707111357
7946,33786.124590074098
7947,33786.205703224157
7948,33803.395073730979
7949,33803.395073730979
7950,33803.39507373103
7951,33803.395073731037
7952,33803.395073731088
7953,33803.395073731139
7954,33813.17579547951
7955,33814.344810355702
7956,33814.660098508837
7957,33816.664467221184
7958,33818.099591636368
7959,33818.874800156242
7960,33819.876618798313
7961,33828.135095485086
7962,33833.003886934319
7963,33833.003886934348
7964,33845.193986950588
7965,33846.866539249539
7966,33862.779010009341
7967,33862.833219830332
7968,33872.921735197197
7969,33877.452678508052
7970,33881.927055653512
7971,33882.036093998002
7972,33882.35190893973
7973,33882.351908939789
7974,33887.126538140597
7975,33887.935756552331
7976,33892.221513340839
7977,33892.221513340846
7978,33892.221513340868
7979,33892.221513340912
7980,33912.372364885501
7981,33913.077444269336
7982,33917.904802679273
7983,33918.131364255838
7984,33920.902914269034
7985,33921.046790141241
7986,33931.27649825719
7987,33932.669790889602
7988,33936.618660882014
7989,33936.677948431206
7990,33950.741931411336
7991,33953.235879773034
7992,33965.720549882913
7993,33970.203807384874
7994,33971.178348549562
7995,33971.178348549562
7996,33979.39988543513
7997,33981.530569867158
7998,34000.787161752662
7999,34000.787161752727
8000,34000.787161752822
8001,34000.787161752836
8002,34000.787161752865
8003,34000.787161752894
8004,34000.787161752909
8005,34000.787161752931
8006,34019.254783962249
8007,34019.277770474691
8008,34021.242909167486
8009,34021.431575901719
8010,34036.79692285569
8011,34036.9374804447
8012,34038.555859090055
8013,34040.26557935719
8014,34040.265579357227
8015,34043.699764256111
8016,34046.174007992857
8017,34046.296316599233
8018,34048.247370345467
8019,34048.248572573008
8020,34098.823893646084
8021,34099.640704993559
8022,34099.724438701625
8023,34100.515065020139
8024,34119.22241456592
8025,34119.222414565935
8026,34123.872512708687
8027,34128.820500764828
8028,34132.884008408866
8029,34133.487618784231
8030,34142.42213935309
8031,34145.198324209232
8032,34145.269587879797
8033,34147.332524776954
8034,34148.831227769093
8035,34148.831227769144
8036,34148.831227769188
8037,34148.831227769217
8038,34154.038535435735
8039,34154.553501071845
8040,34158.700832170245
8041,34158.700832170267
8042,34160.789721611953
8043,34162.649461256107
8044,34188.309645373505
8045,34188.309645373556
8046,34208.048854175722
8047,34208.04885417573
8048,34228.96049705513
8049,34229.22116155149
8050,34235.7930276794
8051,34237.657667378975
8052,34237.657667379011
8053,34238.811497443538
8054,34244.732231758375
8055,34245.290663159954
8056,34254.695359889192
8057,34256.27293687607
8058,34268.690005609991
8059,34271.183330092979
8060,34274.161428233216
8061,34284.048819726464
8062,34284.573992508122
8063,34287.005689384387
8064,34287.005689384438
8065,34289.348268790614
8066,34302.297034160976
8067,34303.197731256616
8068,34310.171379615102
8069,34317.390194620246
8070,34317.487909829091
8071,34329.520799826787
8072,34331.178293873178
8073,34335.551474149172
8074,34359.17715559723
8075,34363.042381675834
8076,34363.162104265008
8077,34365.685874993127
8078,34365.962524593095
8079,34365.96252459316
8080,34375.975620780984
8081,34377.705087734845
8082,34378.8841859487
8083,34381.399555847929
8084,34381.513702311211
8085,34395.571337796297
8086,34395.571337796362
8087,34395.571337796377
8088,34395.571337796398
8089,34395.571337796413
8090,34395.571337796449
8091,34395.571337796486
8092,34395.571337796537
8093,34398.297138442606
8094,34399.681241875929
8095,34402.51851651755
8096,34403.147699451445
8097,34411.77303421226
8098,34414.755739049666
8099,34425.180150999666
8100,34425.18015099976
8101,34427.950231008181
8102,34432.963280374337
8103,34433.09959929777
8104,34438.600469780584
8105,34439.526302808808
8106,34444.919359801839
8107,34444.91935980189
8108,34444.919359801963
8109,34444.91935980197
8110,34450.96463139524
8111,34451.05214469965
8112,34452.832864176642
8113,34453.597599021996
8114,34464.658568603947
8115,34464.658568603991
8116,34469.581942338431
8117,34478.351262140721
8118,34483.647929470986
8119,34486.884838994789
8120,34488.365231300355
8121,34499.686086502632
8122,34499.986464233196
8123,34507.299140085837
8124,34509.039722591609
8125,34514.006590609395
8126,34514.006590609431
8127,34514.006590609519
8128,34514.006590609562
8129,34529.264475880307
8130,34538.953077466016
8131,34539.520412554259
8132,34549.968501035328
8133,34551.470362839922
8134,34553.485008213829
8135,34553.485008213858
8136,34553.830652710283
8137,34560.323004649232
8138,34579.178673392897
8139,34579.643232189461
8140,34586.664643315598
8141,34586.756325802955
8142,34587.714629100803
8143,34592.275987234389
8144,34592.963425818205
8145,34592.963425818212
8146,34592.96342581827
8147,34592.963425818314
8148,34602.833030219321
8149,34602.833030219401
8150,34622.572239021458
8151,34622.572239021581
8152,34626.683346859354
8153,34628.146482169162
8154,34632.441843422574
8155,34632.441843422632
8156,34633.047604069157
8157,34639.205356086663
8158,34639.760351037774
8159,34648.683610763648
8160,34652.841802245697
8161,34653.969618460847
8162,34661.743798422096
8163,34661.819992315133
8164,34665.761278338679
8165,34666.110265766365
8166,34688.115249129689
8167,34689.883381716565
8168,34699.450151923513
8169,34702.237642595159
8170,34707.066429138431
8171,34708.373750709063
8172,34711.398678631282
8173,34711.398678631333
8174,34722.064593435221
8175,34724.47486813413
8176,34728.965329956511
8177,34729.441523188376
8178,34750.278267705275
8179,34750.317613567611
8180,34764.081011326969
8181,34770.021456504328
8182,34775.332160404992
8183,34776.021155310729
8184,34780.48590943883
8185,34780.485909438881
8186,34781.935165327959
8187,34782.321063867996
8188,34788.524283985585
8189,34794.72151625673
8190,34795.088193380951
8191,34795.673615407068
8192,34819.964327043206
8193,34829.833931444293
8194,34829.833931444344
8195,34839.304754349556
8196,34839.703535845401
8197,34839.703535845452
8198,34839.70353584546
8199,34839.703535845467
8200,34841.677846097642
8201,34856.036878117389
8202,34856.595780218064
8203,34860.726416516423
8204,34861.408736193291
8205,34863.462322614709
8206,34869.312349048741
8207,34869.312349048756
8208,34872.438133300937
8209,34898.921162251936
8210,34898.921162251943
8211,34898.92116225198
8212,34898.921162252052
8213,34908.541283287486
8214,34909.707823386365
8215,34918.660371054095
8216,34918.660371054153
8217,34918.660371054153
8218,34918.660371054189
8219,34925.754454177804
8220,34925.856689216991
8221,34934.725750023936
8222,34938.453227227714
8223,34946.075566457839
8224,34947.899753754777
8225,34948.269184257384
8226,34948.269184257442
8227,34950.529516992778
8228,34950.579603808706
8229,34961.238888209875
8230,34962.145728909651
8231,34962.546001753268
8232,34965.826673652213
8233,34980.157498700013
8234,34980.169855721404
8235,34987.747601861767
8236,34987.747601861774
8237,34987.747601861796
8238,34987.747601861804
8239,34996.254489969004
8240,34997.617206262876
8241,34997.617206262919
8242,34998.096184047099
8243,35010.864283607902
8244,35011.47808729011
8245,35024.988478809551
8246,35025.339114054172
8247,35028.262570134189
8248,35028.277617818014
8249,35042.722135513905
8250,35044.488451009915
8251,35061.0425037604
8252,35069.044281022441
8253,35069.431721565321
8254,35071.100497089108
8255,35076.574041471584
8256,35076.574041471635
8257,35078.6662209977
8258,35080.239246897836
8259,35099.791832015653
8260,35099.878501518964
8261,35101.475353779344
8262,35106.182854674858
8263,35106.182854674924
8264,35108.9388712406
8265,35111.293703586474
8266,35114.787830420915
8267,35125.075858257092
8268,35127.387722014675
8269,35135.791667878046
8270,35135.791667878104
8271,35135.79166787814
8272,35135.791667878286
8273,35136.674704706187
8274,35155.530876680255
8275,35155.53087668027
8276,35155.530876680277
8277,35155.530876680423
8278,35161.337752793472
8279,35163.749232323171
8280,35164.811955013196
8281,35174.953788203959
8282,35176.197576666622
8283,35177.679590738873
8284,35183.327887643747
8285,35183.373028292372
8286,35184.918796387654
8287,35189.889984312045
8288,35190.068491463688
8289,35194.364476643495
8290,35196.322412711997
8291,35203.12472175702
8292,35211.160453881079
8293,35215.310850116788
8294,35247.468366216672
8295,35254.719956171866
8296,35255.716481270836
8297,35259.265766326949
8298,35259.952180437955
8299,35264.096525092245
8300,35264.096525092333
8301,35284.008793933041
8302,35284.263017419908
8303,35288.720292368656
8304,35291.038111035647
8305,35291.98325099919
8306,35297.595905618356
8307,35299.889516573603
8308,35303.57494269657
8309,35303.574942696607
8310,35305.500137950621
8311,35313.444547097708
8312,35313.444547097723
8313,35316.676036610952
8314,35322.153557957652
8315,35327.903721926443
8316,35343.053360300953
8317,35343.053360301026
8318,35358.671583017065
8319,35380.474432903909
8320,35389.34754132104
8321,35394.217579125827
8322,35394.533232689901
8323,35406.600405823672
8324,35406.677171663454
8325,35408.685298485914
8326,35416.607038673952
8327,35418.635282902491
8328,35422.010195509625
8329,35422.010195509662
8330,35422.010195509691
8331,35422.010195509698
8332,35424.150093194643
8333,35437.950781897031
8334,35438.691004629247
8335,35446.636087576728
8336,35447.40003561919
8337,35447.430131590154
8338,35448.747437681188
8339,35451.619008712994
8340,35451.619008713009
8341,35459.162459356739
8342,35459.643460324172
8343,35461.488613114052
8344,35461.48861311411
8345,35462.109818056488
8346,35466.518182364867
8347,35470.77130920261
8348,35479.012642043024
8349,35483.221549237292
8350,35483.278363446421
8351,35506.310182956557
8352,35512.240928121901
8353,35520.127513118379
8354,35520.839202177653
8355,35530.161045222965
8356,35530.575843921717
8357,35530.575843921739
8358,35531.927176016172
8359,35533.904678231869
8360,35536.32817485433
8361,35536.722160423371
8362,35536.767266748167
8363,35540.445448322731
8364,35540.445448322746
8365,35540.445448322782
8366,35540.44544832284
8367,35549.394049271308
8368,35549.944095997227
8369,35550.315052723876
8370,35550.315052724
8371,35569.713267544641
8372,35569.835210702819
8373,35570.054261526049
8374,35570.054261526049
8375,35570.054261526093
8376,35570.054261526151
8377,35584.742605917083
8378,35585.219336073744
8379,35587.849872882507
8380,35591.870124579211
8381,35605.456959421812
8382,35605.670940225202
8383,35610.026193197693
8384,35615.944454793374
8385,35619.402283531483
8386,35619.402283531541
8387,35623.905421689902
8388,35624.75742331666
8389,35629.271887932584
8390,35629.271887932628
8391,35649.574865712835
8392,35652.93304712321
8393,35655.997808658569
8394,35656.706191807985
8395,35658.880701135786
8396,35658.880701135837
8397,35663.372712730998
8398,35664.052491641269
8399,35688.489514339024
8400,35688.489514339148
8401,35689.327503277025
8402,35692.503706824653
8403,35698.359118740183
8404,35698.359118740191
8405,35708.800203314568
8406,35709.964993786256
8407,35716.762531877248
8408,35717.293465120711
8409,35727.967931943494
8410,35727.967931943516
8411,35727.96793194356
8412,35727.967931943604
8413,35733.036587480063
8414,35733.371230803648
8415,35747.480620176946
8416,35747.68851318489
8417,35755.740952406348
8418,35755.746093967202
8419,35755.862233886081
8420,35756.536565667331
8421,35771.385416539859
8422,35772.188291414423
8423,35777.315953948935
8424,35777.315953948942
8425,35777.31595394895
8426,35777.315953948972
8427,35777.315953948979
8428,35777.315953949001
8429,35777.315953949015
8430,35777.31595394903
8431,35777.923055908177
8432,35780.145165792863
8433,35787.185558349986
8434,35787.185558350007
8435,35789.723925545288
8436,35793.772804220825
8437,35817.02228199895
8438,35819.399567088542
8439,35837.113839366182
8440,35837.404217555966
8441,35856.449499986404
8442,35860.102504231116
8443,35877.326380048231
8444,35878.011653089663
8445,35883.690251515203
8446,35884.007045457634
8447,35885.881602360903
8448,35885.881602360932
8449,35891.855496679178
8450,35895.751206761946
8451,35895.751206761997
8452,35899.871380230004
8453,35902.246765928583
8454,35902.422199054919
8455,35926.582669911157
8456,35928.30782851774
8457,35934.024095525208
8458,35935.872008736202
8459,35938.751722616726
8460,35950.757874412018
8461,35953.589617557387
8462,35954.584555395071
8463,35965.646286612107
8464,35965.815967751871
8465,35973.320602081098
8466,35974.708041970749
8467,35974.708041970756
8468,35986.691056235126
8469,35986.778029299101
8470,35996.49798969485
8471,35997.065662475281
8472,35997.287370170707
8473,36006.714992064815
8474,36007.072372116483
8475,36012.085271110976
8476,36014.186459575059
8477,36014.186459575059
8478,36014.18645957511
8479,36014.186459575147
8480,36019.906552732704
8481,36024.056063976132
8482,36024.056063976161
8483,36024.056063976212
8484,36024.056063976212
8485,36024.056063976233
8486,36024.056063976263
8487,36040.456545901732
8488,36053.664877179406
8489,36053.664877179435
8490,36053.664877179435
8491,36053.664877179464
8492,36065.156814518014
8493,36072.340428933596
8494,36078.199746568447
8495,36078.938820813099
8496,36083.273690382666
8497,36083.27369038271
8498,36086.686073106081
8499,36088.565545109705
8500,36090.476110783762
8501,36110.972190050903
8502,36113.80177516344
8503,36123.999838839474
8504,36125.134747178061
8505,36128.065678637424
8506,36135.178275159567
8507,36135.194927717668
8508,36140.474674457269
8509,36146.862346574337
8510,36147.418516651938
8511,36158.672454264939
8512,36162.230525591345
8513,36162.230525591425
8514,36164.153764961637
8515,36164.179170477852
8516,36170.626085009098
8517,36170.968389521498
8518,36172.100129992505
8519,36172.100129992512
8520,36172.100129992526
8521,36172.10012999257
8522,36192.637575429413
8523,36195.548029597005
8524,36199.857161808992
8525,36211.979721372212
8526,36212.012735787743
8527,36220.817570467683
8528,36227.57842907685
8529,36235.323185086774
8530,36235.768995912986
8531,36242.61747402227
8532,36248.460472263017
8533,36251.056965201249
8534,36251.056965201285
8535,36254.054292187415
8536,36255.320120750024
8537,36258.305283044014
8538,36262.407100185264
8539,36271.374700295593
8540,36271.924655249168
8541,36275.447331533265
8542,36276.873980222364
8543,36281.767203753865
8544,36282.292857072745
8545,36284.034205899174
8546,36284.269488672144
8547,36290.535382805552
8548,36290.535382805581
8549,36298.181426408511
8550,36299.571062925177
8551,36303.537950222119
8552,36314.871058008437
8553,36315.601275885645
8554,36317.818800011126
8555,36329.851836807262
8556,36330.01380040995
8557,36330.013800409972
8558,36332.960462431343
8559,36350.459181518643
8560,36350.551932244503
8561,36366.576930340838
8562,36367.000526256648
8563,36370.414821051316
8564,36375.672841390733
8565,36399.101031217549
8566,36399.101031217571
8567,36402.586557530587
8568,36404.347309712313
8569,36418.840240019708
8570,36418.840240019745
8571,36418.840240019759
8572,36418.840240019817
8573,36419.959100615306
8574,36423.765684811697
8575,36428.298159878483
8576,36429.273188760955
8577,36441.418477065425
8578,36442.096841795217
8579,36448.060137615314
8580,36450.609868193649
8581,36470.344097534296
8582,36476.11180826206
8583,36481.533917180015
8584,36482.060762466739
8585,36487.927470827337
8586,36487.92747082741
8587,36497.797075228409
8588,36514.98413963888
8589,36515.520530622976
8590,36517.536284030575
8591,36517.536284030597
8592,36517.536284030604
8593,36517.536284030633
8594,36517.536284030655
8595,36517.536284030663
8596,36525.384402475051
8597,36525.750754374982
8598,36527.405888431647
8599,36527.405888431735
8600,36528.464210025493
8601,36531.074857716514
8602,36553.742294117597
8603,36555.992930688852
8604,36559.97035753075
8605,36560.40637107606
8606,36572.890013995704
8607,36574.535751751879
8608,36576.753910437132
8609,36576.753910437161
8610,36576.753910437197
8611,36576.753910437219
8612,36583.369593605268
8613,36585.223094888861
8614,36588.999804745457
8615,36591.628804350992
8616,36601.405948190346
8617,36601.479771900253
8618,36606.362723640465
8619,36606.362723640486
8620,36625.525926374947
8621,36629.657644366278
8622,36635.882979830669
8623,36635.971536843688
8624,36635.971536843703
8625,36636.522557809549
8626,36650.476915115803
8627,36651.066072932794
8628,36655.280991316744
8629,36655.340723545734
8630,36675.449954448064
8631,36675.449954448064
8632,36676.36866347964
8633,36678.591949368922
8634,36720.744530244134
8635,36722.060937160655
8636,36724.797976453505
8637,36724.797976453512
8638,36726.042342081215
8639,36729.410415069033
8640,36732.714324347216
8641,36734.667580854592
8642,36734.667580854672
8643,36735.195740987947
8644,36737.264034607986
8645,36739.500152174354
8646,36749.676610035815
8647,36749.72119298375
8648,36759.531562908851
8649,36759.720452329988
8650,36761.613064373152
8651,36761.633425724627
8652,36764.276394057801
8653,36764.276394057859
8654,36764.276394057866
8655,36764.276394057924
8656,36764.276394057953
8657,36764.276394057968
8658,36785.64664350207
8659,36789.957140912593
8660,36790.149878025084
8661,36793.885207261163
8662,36793.88520726117
8663,36797.789026479149
8664,36798.766475666234
8665,36798.911543762253
8666,36803.638241439658
8667,36805.400778900046
8668,36813.624416063307
8669,36813.624416063307
8670,36813.624416063336
8671,36813.624416063358
8672,36819.351654735292
8673,36824.428392749709
8674,36826.144701974321
8675,36841.511876961362
8676,36843.233229266581
8677,36843.23322926664
8678,36843.369140424868
8679,36850.005347480153
8680,36851.729750260027
8681,36858.826258042027
8682,36874.012012960353
8683,36875.499460260922
8684,36882.711646870899
8685,36882.711646870928
8686,36882.711646871008
8687,36882.71164687103
8688,36885.171600337213
8689,36885.448009333362
8690,36885.878216505815
8691,36891.08967442991
8692,36897.469684830045
8693,36907.498066208784
8694,36908.403395812347
8695,36913.501165525187
8696,36916.678792648469
8697,36933.031257245508
8698,36936.763498647102
8699,36942.389576768255
8700,36945.666066241633
8701,36946.726476075411
8702,36951.798877678542
8703,36951.79887767863
8704,36956.886492794481
8705,36957.70012047323
8706,36969.331948294159
8707,36971.538086480759
8708,36971.538086480759
8709,36978.231188286911
8710,36991.277295282933
8711,36991.27729528294
8712,36999.623375977302
8713,37008.606155356494
8714,37012.798853050917
8715,37027.969581317113
8716,37029.024572566006
8717,37041.311663264605
8718,37047.757207513605
8719,37048.909664575905
8720,37050.494921689438
8721,37050.494921689475
8722,37051.776551364332
8723,37053.869935933908
8724,37059.475030134672
8725,37059.609384527976
8726,37071.078373971701
8727,37073.246900508486
8728,37076.908727727452
8729,37080.103734892662
8730,37080.103734892691
8731,37080.103734892735
8732,37080.103734892771
8733,37080.103734892786
8734,37080.103734892815
8735,37081.144056084173
8736,37089.910506954577
8737,37090.40364745447
8738,37099.159325558619
8739,37102.484395715415
8740,37104.422111806409
8741,37107.868757346681
8742,37112.463469562244
8743,37116.471164299524
8744,37119.155764152696
8745,37119.582152497023
8746,37119.582152497147
8747,37120.468525867189
8748,37146.457378316692
8749,37147.774657714937
8750,37149.190965700313
8751,37149.190965700371
8752,37154.669435589545
8753,37154.919178658914
8754,37158.552966164294
8755,37167.707355495528
8756,37173.16878180128
8757,37173.522413868966
8758,37194.376320552445
8759,37195.806996587926
8760,37198.53898770579
8761,37198.538987705848
8762,37208.408592106833
8763,37208.408592106847
8764,37208.408592106876
8765,37208.408592106898
8766,37208.408592106905
8767,37208.408592106905
8768,37208.408592106971
8769,37208.408592107
8770,37219.401657282477
8771,37225.167084311477
8772,37260.359235219912
8773,37260.822035757672
8774,37270.908647802724
8775,37270.91101926392
8776,37286.598365328733
8777,37286.616359552871
8778,37287.365427315599
8779,37287.365427315635
8780,37288.957077586885
8781,37292.551369420573
8782,37300.524822644154
8783,37309.875099677774
8784,37310.839413082082
8785,37312.119035364492
8786,37325.776913002592
8787,37326.63869836025
8788,37336.753007505897
8789,37337.337114132497
8790,37339.166956097302
8791,37339.171930587589
8792,37345.383398440543
8793,37345.517783951342
8794,37356.452658123177
8795,37356.45265812322
8796,37356.452658123235
8797,37356.452658123322
8798,37365.117198491251
8799,37365.624015917623
8800,37368.211491542643
8801,37368.330785584258
8802,37372.868390423449
8803,37375.941678322728
8804,37386.187336378971
8805,37390.112623734683
8806,37395.931075727567
8807,37395.931075727603
8808,37405.73432232612
8809,37406.987416026008
8810,37415.194945512332
8811,37415.29180244403
8812,37423.881012402766
8813,37425.976474454765
8814,37427.01233816435
8815,37427.39110571237
8816,37435.40949333195
8817,37435.409493331987
8818,37441.695959694065
8819,37443.079962326039
8820,37465.018306535159
8821,37465.018306535218
8822,37465.018306535218
8823,37465.018306535247
8824,37474.621336901197
8825,37474.88791093629
8826,37474.887910936333
8827,37476.825995624138
8828,37478.038548772995
8829,37481.665602699431
8830,37486.973477793501
8831,37487.198590119857
8832,37504.172132857879
8833,37505.111976536835
8834,37520.579218426043
8835,37524.23593294173
8836,37524.235932941781
8837,37524.678350287038
8838,37536.180651109105
8839,37536.668495587801
8840,37553.844746144976
8841,37553.844746144998
8842,37553.844746145092
8843,37553.844746145129
8844,37569.727088035368
8845,37570.247530077184
8846,37572.687000916012
8847,37583.943449941849
8848,37593.323163749359
8849,37593.323163749381
8850,37593.323163749395
8851,37593.323163749497
8852,37598.091972074326
8853,37598.133408913425
8854,37600.656228045496
8855,37601.537237890465
8856,37612.219434431732
8857,37614.25065391868
8858,37622.871057582764
8859,37622.93197695267
8860,37622.93197695267
8861,37623.726735340599
8862,37625.624245136387
8863,37626.176783651019
8864,37642.705849650076
8865,37655.139945641364
8866,37662.410394557017
8867,37662.410394557039
8868,37669.172807402385
8869,37670.69547367475
8870,37675.234689378325
8871,37675.477560826643
8872,37677.881644739908
8873,37681.833584217893
8874,37681.840156443264
8875,37693.022134884428
8876,37693.799380860459
8877,37708.469144299001
8878,37711.75841656245
8879,37711.758416562494
8880,37716.489963428627
8881,37720.237129198918
8882,37729.123160511692
8883,37733.283431244789
8884,37746.954430162259
8885,37751.236834166768
8886,37751.236834166775
8887,37751.23683416679
8888,37751.23683416679
8889,37751.236834166819
8890,37751.236834166863
8891,37761.106438567898
8892,37761.106438567898
8893,37771.004787974663
8894,37771.702023421851
8895,37775.40587634196
8896,37776.348361924145
8897,37779.927919233021
8898,37781.388780750123
8899,37793.157526789248
8900,37795.798003746488
8901,37797.799908555942
8902,37809.572115902993
8903,37810.001306683022
8904,37821.517984602164
8905,37825.900353812591
8906,37830.193669375505
8907,37830.193669375585
8908,37841.020464275935
8909,37841.983596059537
8910,37848.393724446723
8911,37858.24602241208
8912,37863.38279453187
8913,37874.777465212588
8914,37874.873398582393
8915,37892.412039165916
8916,37893.065362063928
8917,37901.65543715169
8918,37910.756217235183
8919,37910.892838263288
8920,37919.020108985307
8921,37919.020108985314
8922,37919.020108985358
8923,37919.020108985358
8924,37931.233101158527
8925,37932.478663058333
8926,37938.2168561176
8927,37938.7474668738
8928,37941.32152725284
8929,37941.493864692842
8930,37948.62892218856
8931,37948.628922188604
8932,37948.628922188604
8933,37948.628922188633
8934,37950.220714890333
8935,37950.254678083016
8936,37954.591480484552
8937,37962.124890734056
8938,37968.876726420327
8939,37971.919373730118
8940,37973.570603863067
8941,37973.618502164012
8942,37978.237735391842
8943,37978.237735391864
8944,37978.2377353919
8945,37978.237735391922
8946,37980.204138128967
8947,37981.347688383546
8948,37997.103364041097
8949,37998.187845724373
8950,38009.271935934958
8951,38011.468136627489
8952,38013.027107023052
8953,38017.363489775591
8954,38017.60212262049
8955,38025.507938968156
8956,38027.585757397297
8957,38027.585757397341
8958,38055.575688274272
8959,38055.673450146089
8960,38057.194570600572
8961,38057.194570600615
8962,38061.934959088656
8963,38062.11229090394
8964,38077.143716357779
8965,38079.555926126319
8966,38080.031339919507
8967,38084.334867883954
8968,38096.672988204933
8969,38096.672988204962
8970,38096.672988204977
8971,38096.67298820502
8972,38103.77565189841
8973,38107.041699199937
8974,38110.430113312832
8975,38110.8574348931
8976,38120.869106807128
8977,38121.515711523287
8978,38127.919171995702
8979,38129.462470573038
8980,38145.906818119889
8981,38146.021010210381
8982,38146.02101021041
8983,38146.021010210417
8984,38146.021010210483
8985,38149.96025895475
8986,38153.813185586027
8987,38155.387398207597
8988,38155.890614611431
8989,38155.890614611468
8990,38159.120812510591
8991,38162.017062497798
8992,38167.093164005113
8993,38168.479300398132
8994,38184.345573042548
8995,38185.043144691866
8996,38185.499427814721
8997,38185.499427814728
8998,38185.499427814735
8999,38185.499427814786
9000,38205.338874221139
9001,38206.882877462369
9002,38215.108241017959
9003,38217.602947334635
9004,38218.574983054379
9005,38228.731298008766
9006,38229.294350501121
9007,38234.847449820132
9008,38234.847449820183
9009,38234.847449820212
9010,38234.847449820219
9011,38236.34125054138
9012,38238.593093849486
9013,38242.057766334037
9014,38242.632387447906
9015,38260.652695653262
9016,38263.229984453777
9017,38264.456263023407
9018,38264.456263023458
9019,38273.989282041366
9020,38277.188170423375
9021,38294.065076226681
9022,38294.065076226711
9023,38294.065076226732
9024,38294.065076226769
9025,38303.934680627768
9026,38303.93468062779
9027,38310.059578437817
9028,38311.618308492427
9029,38322.327028812862
9030,38323.654685825895
9031,38332.120863271011
9032,38340.301319190839
9033,38348.922146885685
9034,38350.051969255044
9035,38353.343489459541
9036,38353.539584223363
9037,38373.142872818309
9038,38373.331756789572
9039,38382.891515836498
9040,38382.891515836542
9041,38392.761120237607
9042,38392.761120237628
9043,38392.761120237636
9044,38392.761120237687
9045,38419.345876421037
9046,38420.2765246864
9047,38422.369933440881
9048,38422.369933440881
9049,38422.369933440903
9050,38422.369933440932
9051,38427.296341708679
9052,38436.551987976149
9053,38448.025356693317
9054,38448.167882701782
9055,38449.557004304472
9056,38449.861561385987
9057,38453.429084711228
9058,38455.355379727262
9059,38461.848351045235
9060,38461.848351045272
9061,38471.7179554463
9062,38471.717955446402
9063,38477.335246045484
9064,38477.768366882381
9065,38479.983204405733
9066,38480.006833429201
9067,38496.299446739897
9068,38501.044654376929
9069,38509.750524652489
9070,38516.621412679619
9071,38516.776079017021
9072,38522.011068050255
9073,38530.935581852857
9074,38530.9355818529
9075,38540.561646280272
9076,38543.51765018102
9077,38543.650388495349
9078,38549.402170105299
9079,38550.628743745627
9080,38562.133486637947
9081,38562.855774682204
9082,38563.046878784429
9083,38570.393415186321
9084,38570.413999457196
9085,38570.413999457203
9086,38571.470367399743
9087,38573.984438086358
9088,38580.581824003595
9089,38580.588883308614
9090,38583.386848991569
9091,38592.201041799402
9092,38592.262103234869
9093,38608.784411075103
9094,38624.703481563673
9095,38625.067644731011
9096,38637.077126663055
9097,38637.336124455716
9098,38650.07134104678
9099,38652.071350416947
9100,38654.766875831679
9101,38655.913328470131
9102,38659.240439066998
9103,38659.240439067042
9104,38660.768597767055
9105,38666.367854563185
9106,38667.041442662674
9107,38682.177586390942
9108,38682.748421576573
9109,38688.849252270287
9110,38688.849252270302
9111,38700.24518349555
9112,38700.86660129964
9113,38705.911575371647
9114,38708.588461072453
9115,38708.58846107249
9116,38708.58846107249
9117,38708.588461072584
9118,38709.82436129274
9119,38711.543779231994
9120,38717.454202820649
9121,38725.125885223424
9122,38728.327669874692
9123,38728.327669874714
9124,38738.197274275692
9125,38738.197274275713
9126,38738.19727427575
9127,38738.19727427575
9128,38738.197274275764
9129,38738.197274275808
9130,38738.629157659831
9131,38738.962786683391
9132,38763.76107887485
9133,38775.097201327917
9134,38777.675691880097
9135,38777.675691880133
9136,38783.820882698048
9137,38791.465290161126
9138,38791.514311242121
9139,38794.039034574824
9140,38796.923224096085
9141,38801.517357657955
9142,38805.368755985444
9143,38809.836963666712
9144,38813.048430324969
9145,38815.653282614461
9146,38818.6351067012
9147,38834.994028781912
9148,38835.665729263208
9149,38837.604240944027
9150,38837.962390157467
9151,38838.313359022541
9152,38839.990641351556
9153,38843.9924756045
9154,38844.467858524447
9155,38880.320132079098
9156,38885.991190399931
9157,38886.241340292036
9158,38886.241340292079
9159,38886.241340292116
9160,38886.241340292116
9161,38888.968698247198
9162,38895.255837576784
9163,38906.512895220752
9164,38907.181657622517
9165,38925.719757896382
9166,38925.719757896419
9167,38925.719757896433
9168,38925.719757896484
9169,38937.150156448122
9170,38937.802900790746
9171,38945.458966698599
9172,38945.458966698629
9173,38947.156801153003
9174,38953.010303771945
9175,38964.846622980316
9176,38969.044616592364
9177,38972.126799564867
9178,38972.475867924237
9179,38978.508360076834
9180,38978.557506300072
9181,38983.588554714501
9182,38983.673783767124
9183,38987.389137209822
9184,38987.44053772121
9185,39002.128573100883
9186,39002.776085818434
9187,39015.140973681766
9188,39017.818291083269
9189,39021.400880141984
9190,39021.409363978979
9191,39026.367733040104
9192,39032.169223858094
9193,39051.086808912987
9194,39052.214336133256
9195,39056.337770775011
9196,39056.724850166152
9197,39093.503032714914
9198,39093.503032714929
9199,39093.503032714958
9200,39093.50303271498
9201,39102.48417340692
9202,39103.999187261565
9203,39106.01239408394
9204,39106.419537913149
9205,39123.637480240919
9206,39126.135591817045
9207,39132.981450319254
9208,39132.981450319283
9209,39132.981450319327
9210,39132.981450319348
9211,39132.981450319356
9212,39132.981450319356
9213,39132.981450319377
9214,39132.981450319392
9215,39136.644837709304
9216,39139.92800284124
9217,39163.349831988002
9218,39163.93483396728
9219,39182.079253186726
9220,39182.088038989525
9221,39182.329472324687
9222,39182.329472324731
9223,39182.32947232476
9224,39182.329472324775
9225,39192.264254005859
9226,39192.289969247868
9227,39204.051093450937
9228,39205.899382236326
9229,39206.030802072346
9230,39207.7249363429
9231,39211.938285528035
9232,39211.938285528042
9233,39211.938285528056
9234,39211.938285528086
9235,39222.958551868767
9236,39223.970945037479
9237,39231.270120800218
9238,39234.131449911678
9239,39244.324522568924
9240,39244.580861607174
9241,39249.425005415273
9242,39249.624186512214
9243,39251.416703132367
9244,39251.416703132374
9245,39251.416703132396
9246,39251.416703132469
9247,39261.286307533417
9248,39261.286307533468
9249,39261.286307533483
9250,39261.286307533534
9251,39275.074081913852
9252,39275.75117674737
9253,39278.359740228167
9254,39278.423744399086
9255,39285.113544063468
9256,39288.548932804872
9257,39292.105146573223
9258,39295.544017760745
9259,39297.901158668814
9260,39298.139193195821
9261,39311.095783434765
9262,39315.757903443198
9263,39319.186188249245
9264,39319.660646864737
9265,39330.373538341053
9266,39330.373538341075
9267,39330.373538341111
9268,39330.373538341119
9269,39340.243142742169
9270,39340.243142742198
9271,39344.075199429586
9272,39344.190455607582
9273,39351.20856256313
9274,39353.114461139361
9275,39359.98235154432
9276,39359.982351544379
9277,39369.851955945436
9278,39369.851955945443
9279,39370.240928588202
9280,39370.38918823417
9281,39386.230172919226
9282,39389.509996384433
9283,39389.777422854248
9284,39398.425623250681
9285,39405.667778838739
9286,39406.06310840627
9287,39418.65971343423
9288,39419.199977950935
9289,39419.199977950964
9290,39423.223843878521
9291,39423.348654371577
9292,39428.553522547736
9293,39428.671869936006
9294,39454.139209654728
9295,39460.844263906496
9296,39462.245641552814
9297,39468.070240951907
9298,39468.302860360178
9299,39478.417604357441
9300,39478.417604357441
9301,39478.417604357455
9302,39478.417604357528
9303,39478.836369414501
9304,39484.356025265377
9305,39485.336634902473
9306,39486.037356652356
9307,39488.28720875852
9308,39488.287208758527
9309,39491.911846850286
9310,39527.765626362838
9311,39527.765626362889
9312,39527.765626362889
9313,39527.76562636294
9314,39531.003523505417
9315,39533.197375430143
9316,39534.149397809757
9317,39537.808454237136
9318,39537.932887924959
9319,39544.894427273866
9320,39547.242571139606
9321,39554.191557104619
9322,39556.805933823278
9323,39561.813364036592
9324,39562.002557967084
9325,39577.113648368293
9326,39577.113648368344
9327,39577.113648368366
9328,39577.113648368373
9329,39594.354714327899
9330,39603.14497315327
9331,39603.150587662334
9332,39606.72246157159
9333,39606.722461571604
9334,39617.508045287112
9335,39618.579004714964
9336,39627.207787965002
9337,39627.473253491968
9338,39630.202795133126
9339,39631.050475395881
9340,39643.088579135401
9341,39656.070483577074
9342,39656.070483577088
9343,39667.487951728195
9344,39668.434578432098
9345,39675.174888941168
9346,39681.026601383994
9347,39683.257002386214
9348,39685.679296780312
9349,39685.679296780349
9350,39691.038746755919
9351,39699.700755836224
9352,39703.435516283665
9353,39706.627717830968
9354,39706.678816012594
9355,39715.861123791903
9356,39717.84140656238
9357,39730.098888457011
9358,39730.192086668554
9359,39740.573409950608
9360,39742.26280963287
9361,39759.456743214556
9362,39762.726285317221
9363,39763.395479342471
9364,39768.812420310584
9365,39776.536939924998
9366,39778.51840790666
9367,39801.466377515993
9368,39804.114549593403
9369,39804.114549593425
9370,39804.114549593447
9371,39804.114549593483
9372,39806.419005246891
9373,39806.555826562151
9374,39807.604142222437
9375,39812.215543470134
9376,39812.243663918802
9377,39813.984153994461
9378,39813.984153994475
9379,39824.517718409952
9380,39830.960039622289
9381,39833.723362796642
9382,39833.723362796693
9383,39835.313703135114
9384,39835.499368307705
9385,39837.477676146707
9386,39839.034256990592
9387,39839.047368005486
9388,39841.259635964088
9389,39847.827172106496
9390,39849.167701288941
9391,39862.365876983873
9392,39863.825891844383
9393,39873.20178040101
9394,39873.201780401032
9395,39873.201780401054
9396,39873.201780401054
9397,39879.509392939872
9398,39879.540255771492
9399,39883.071384802104
9400,39883.071384802119
9401,39892.12132138163
9402,39893.53049589329
9403,39897.80643350329
9404,39901.085135641115
9405,39906.600329139445
9406,39909.814255423895
9407,39922.549802406444
9408,39922.549802406451
9409,39922.549802406451
9410,39922.549802406487
9411,39945.280020246573
9412,39947.935218118379
9413,39951.982180012143
9414,39952.051807541531
9415,39962.028220010819
9416,39962.028220010819
9417,39962.76773632368
9418,39963.154331119833
9419,39971.897824411884
9420,39971.897824411906
9421,39971.897824411979
9422,39978.159463912532
9423,39981.272488900962
9424,39991.637033214087
9425,39991.637033214101
9426,40001.800293088854
9427,40008.999267360196
9428,40014.882884163766
9429,40015.469712198828
9430,40029.317271725318
9431,40029.608387170258
9432,40038.314439870359
9433,40038.336055088781
9434,40040.985055219491
9435,40040.985055219528
9436,40050.854659620622
9437,40050.854659620636
9438,40051.052261524172
9439,40052.793661030526
9440,40070.7741626813
9441,40071.387050982601
9442,40071.850061030309
9443,40071.928378104356
9444,40081.095430001376
9445,40084.026605115738
9446,40090.557048634
9447,40092.178072227071
9448,40119.236518013284
9449,40121.279917836357
9450,40131.205323537564
9451,40134.163122407575
9452,40149.510148663205
9453,40149.531535152149
9454,40149.55070363151
9455,40149.550703631532
9456,40150.949138509655
9457,40152.877910159637
9458,40159.420308032619
9459,40159.420308032626
9460,40159.420308032641
9461,40159.420308032655
9462,40163.171909887249
9463,40166.176324154774
9464,40177.664221553976
9465,40178.444487271758
9466,40189.029121235828
9467,40189.029121235872
9468,40192.26602825251
9469,40194.336740619037
9470,40194.902070847609
9471,40196.061355924518
9472,40198.898725636936
9473,40198.898725636951
9474,40206.77993890275
9475,40207.735034973251
9476,40255.442939268607
9477,40255.648506392536
9478,40265.509097284536
9479,40265.648666404573
9480,40272.467618822506
9481,40281.129803230004
9482,40282.325029700638
9483,40284.929463045264
9484,40287.725165246746
9485,40287.725165246768
9486,40287.725165246797
9487,40287.725165246804
9488,40291.850460875503
9489,40291.908448718037
9490,40305.136736647313
9491,40307.464374048963
9492,40307.464374048992
9493,40308.50816941743
9494,40308.55678238265
9495,40319.798107374401
9496,40321.479787835204
9497,40341.514856304282
9498,40349.925549345455
9499,40351.825645633762
9500,40366.682000455468
9501,40366.682000455483
9502,40366.682000455497
9503,40366.682000455527
9504,40371.019199413517
9505,40373.695147746912
9506,40375.477144226279
9507,40393.680248248136
9508,40394.679514975898
9509,40396.290813658765
9510,40396.290813658765
9511,40407.255626214042
9512,40407.396543123985
9513,40419.720677039368
9514,40420.136837331651
9515,40420.619261401742
9516,40431.098614789065
9517,40432.210848765266
9518,40434.256708023466
9519,40434.319123669418
9520,40435.76923126309
9521,40435.769231263097
9522,40435.769231263119
9523,40435.769231263141
9524,40441.505032618705
9525,40445.042796943708
9526,40445.119916900512
9527,40445.137679298954
9528,40460.826651005569
9529,40461.159625434826
9530,40465.378044466328
9531,40465.378044466372
9532,40465.378044466379
9533,40465.378044466393
9534,40465.378044466408
9535,40465.378044466466
9536,40475.784860344786
9537,40479.091005958187
9538,40480.596221907523
9539,40494.191534531383
9540,40495.30021478187
9541,40496.617975083027
9542,40497.03742371776
9543,40509.865188314056
9544,40510.512212227608
9545,40514.726066471798
9546,40514.726066471827
9547,40514.726066471841
9548,40514.726066471863
9549,40524.595670872906
9550,40524.595670872921
9551,40530.176317823258
9552,40537.140987588922
9553,40537.259742038543
9554,40541.154753239265
9555,40542.061273282736
9556,40555.161569272546
9557,40555.170020251964
9558,40556.011978748167
9559,40556.165719662669
9560,40571.115628375221
9561,40571.681868292202
9562,40581.944481469662
9563,40582.344265453838
9564,40583.813297279456
9565,40583.813297279485
9566,40590.638774650615
9567,40590.806005162573
9568,40593.68290168052
9569,40593.682901680557
9570,40603.19971919903
9571,40603.552506081644
9572,40603.552506081644
9573,40607.304494408017
9574,40627.356895417674
9575,40627.390949115514
9576,40636.256207645711
9577,40636.636860205545
9578,40641.372032606843
9579,40643.910367289762
9580,40648.489101280342
9581,40655.471561020211
9582,40657.930023811321
9583,40662.579414272972
9584,40672.639736889214
9585,40672.63973688925
9586,40672.639736889258
9587,40672.639736889323
9588,40676.688000969501
9589,40678.759690491337
9590,40682.50934129033
9591,40682.509341290344
9592,40702.92789285913
9593,40704.318440771538
9594,40711.047480083107
9595,40712.114049208045
9596,40712.182288379794
9597,40716.273815296569
9598,40716.353807536208
9599,40723.1975102371
9600,40726.180696394251
9601,40728.12808959531
9602,40751.596572097988
9603,40751.596572097995
9604,40756.298024946002
9605,40760.579023254795
9606,40773.627432337147
9607,40775.815220830787
9608,40781.205385301226
9609,40781.205385301277
9610,40783.782663992934
9611,40784.579952302098
9612,40791.074989702283
9613,40791.074989702305
9614,40792.237590963727
9615,40792.242450255457
9616,40793.576024503061
9617,40794.748144377503
9618,40822.54910737188
9619,40823.29475392279
9620,40840.423011707768
9621,40840.423011707782
9622,40851.378813905168
9623,40851.650636797749
9624,40861.963412640456
9625,40864.803733025641
9626,40870.031824911021
9627,40870.031824911028
9628,40870.031824911042
9629,40870.031824911071
9630,40871.35293844081
9631,40872.570653273193
9632,40883.008980203806
9633,40891.105032596621
9634,40909.510242515396
9635,40909.510242515404
9636,40909.510242515411
9637,40909.510242515418
9638,40910.037503537322
9639,40913.400912395155
9640,40931.601909247503
9641,40933.019194990724
9642,40939.119055718649
9643,40939.119055718678
9644,40939.119055718686
9645,40939.119055718729
9646,40941.601949674325
9647,40941.8925889319
9648,40948.98866011978
9649,40948.988660119794
9650,40949.616249180981
9651,40949.675768112436
9652,40964.612944818342
9653,40965.465790889364
9654,40966.695683861813
9655,40966.982630146449
9656,40969.550379973683
9657,40974.188149379435
9658,40985.770568499007
9659,40988.467077724126
9660,40988.467077724148
9661,40990.952389744081
9662,41002.250202762116
9663,41002.585934311159
9664,41008.35353038289
9665,41009.757760488326
9666,41017.5155550938
9667,41017.663092186354
9668,41027.945495328488
9669,41027.945495328502
9670,41043.363918017822
9671,41046.40073639516
9672,41057.554308531726
9673,41057.55430853174
9674,41057.554308531769
9675,41057.554308531777
9676,41069.769173005865
9677,41069.779311623373
9678,41077.293517333899
9679,41077.293517333928
9680,41077.987069382543
9681,41083.707199385324
9682,41086.091065754466
9683,41086.416960084665
9684,41098.626126177551
9685,41098.668203617737
9686,41106.902330537167
9687,41106.902330537167
9688,41106.902330537196
9689,41106.902330537247
9690,41110.490035410628
9691,41111.486304392085
9692,41134.277239568495
9693,41134.452473981422
9694,41136.511143740448
9695,41136.511143740478
9696,41138.325744774716
9697,41141.642564892805
9698,41151.361774751073
9699,41151.511035258402
9700,41169.341293201083
9701,41180.534149901621
9702,41185.439469499826
9703,41195.989674987075
9704,41202.443483111594
9705,41202.993718597834
9706,41204.581165269105
9707,41215.467978949186
9708,41215.467978949193
9709,41216.679739972817
9710,41217.091211726627
9711,41220.153874559663
9712,41220.774205747686
9713,41224.199773790562
9714,41225.098031228365
9715,41225.337583350258
9716,41225.337583350265
9717,41229.871136869304
9718,41229.933203803223
9719,41235.207187751359
9720,41235.207187751366
9721,41236.135009497659
9722,41250.874986170711
9723,41251.316404743549
9724,41260.017965290397
9725,41261.648509101535
9726,41264.816000954605
9727,41264.816000954612
9728,41264.816000954626
9729,41264.816000954641
9730,41269.637590423539
9731,41269.730267270279
9732,41271.487815507935
9733,41287.631603423659
9734,41289.490561031882
9735,41298.604606117602
9736,41299.490203223431
9737,41311.845549773148
9738,41321.698156040344
9739,41323.229866690395
9740,41324.354679246404
9741,41325.669417741417
9742,41344.755035120303
9743,41344.816166712801
9744,41358.342386644661
9745,41364.443757765352
9746,41366.148126804743
9747,41368.13067658693
9748,41382.805267638454
9749,41393.120858168724
9750,41393.120858168753
9751,41408.813715255943
9752,41411.288716812451
9753,41412.071485928071
9754,41412.860066970934
9755,41412.860066970985
9756,41414.693450211831
9757,41418.856814252998
9758,41420.691376367111
9759,41426.755179513304
9760,41448.372136128011
9761,41448.451097610654
9762,41455.756477711358
9763,41459.889149865761
9764,41459.900580915382
9765,41462.208088976426
9766,41462.208088976426
9767,41469.778825734109
9768,41473.265315292992
9769,41480.133280063899
9770,41500.595932793178
9771,41501.686506580714
9772,41501.686506580751
9773,41501.686506580794
9774,41501.686506580809
9775,41501.686506580823
9776,41501.686506580838
9777,41506.511908458771
9778,41512.51347106188
9779,41512.568030999239
9780,41513.6761428225
9781,41513.840684174895
9782,41521.633697459089
9783,41527.646593127763
9784,41547.823419560009
9785,41548.403112594293
9786,41548.409459055532
9787,41551.034528586184
9788,41551.034528586184
9789,41551.03452858622
9790,41551.034528586228
9791,41554.69021646183
9792,41555.277505947648
9793,41559.39022947129
9794,41570.773737388372
9795,41570.773737388423
9796,41584.980878840826
9797,41588.475540095576
9798,41600.366652376229
9799,41604.654977193459
9800,41607.649423349489
9801,41609.794191811532
9802,41610.275791226435
9803,41619.978202564998
9804,41620.121759393805
9805,41620.121759393856
9806,41628.468641515195
9807,41628.519863891102
9808,41638.531399794541
9809,41643.416579960001
9810,41665.623512263111
9811,41666.561320222572
9812,41677.366527941937
9813,41677.618712356554
9814,41691.439748701465
9815,41692.010111769021
9816,41699.078594602499
9817,41699.078594602528
9818,41699.078594602564
9819,41699.078594602572
9820,41699.078594602594
9821,41699.078594602594
9822,41699.078594602623
9823,41699.078594602623
9824,41705.938767329673
9825,41706.604311052623
9826,41708.948199003615
9827,41708.948199003637
9828,41710.087920104772
9829,41710.79215364132
9830,41731.002944835345
9831,41731.110879898188
9832,41734.551528565527
9833,41735.120433439719
9834,41738.557012206918
9835,41738.557012206926
9836,41753.670943950034
9837,41753.949386459986
9838,41756.277233750632
9839,41759.353348017285
9840,41768.165825410164
9841,41768.647109379352
9842,41768.923513424947
9843,41776.084681155611
9844,41777.914056160676
9845,41778.803645005079
9846,41781.069675654755
9847,41786.97294321403
9848,41787.905034212381
9849,41787.905034212381
9850,41787.905034212388
9851,41787.905034212403
9852,41793.725519337859
9853,41803.553439332674
9854,41805.931101825743
9855,41815.625565956849
9856,41817.041110116646
9857,41824.15103109795
9858,41824.817533642403
9859,41836.155201846937
9860,41836.536267124538
9861,41847.122660618865
9862,41847.122660618894
9863,41847.122660618901
9864,41847.122660618952
9865,41855.875075630895
9866,41856.221605094957
9867,41856.992265019973
9868,41856.992265020024
9869,41865.869378126357
9870,41866.118851905281
9871,41871.348865030814
9872,41872.101028778947
9873,41875.13219546662
9874,41880.268479500191
9875,41886.601078223212
9876,41886.601078223255
9877,41912.491388678194
9878,41913.020843914346
9879,41930.506049040559
9880,41932.536883099892
9881,41945.818704629717
9882,41945.818704629768
9883,41945.818704629775
9884,41945.818704629783
9885,41945.818704629819
9886,41945.818704629826
9887,41945.818704629863
9888,41945.818704629943
9889,41949.854583979846
9890,41951.88793328996
9891,41955.317459111604
9892,41957.269807058969
9893,41975.427517833021
9894,41975.427517833064
9895,41975.583420167779
9896,41980.762983191926
9897,41993.956390597159
9898,41994.248817264997
9899,42016.464572249897
9900,42016.844626509745
9901,42024.775539838469
9902,42024.775539838498
9903,42026.862808162055
9904,42027.847324592571
9905,42039.273541410068
9906,42039.551543603557
9907,42051.991204711558
9908,42052.152804813981
9909,42054.384353041736
9910,42054.384353041802
9911,42073.286835153303
9912,42077.061050013275
9913,42079.386029502661
9914,42080.187975677363
9915,42083.934773439716
9916,42083.993166245004
9917,42083.993166245047
9918,42083.993166245069
9919,42083.993166245084
9920,42085.605275487258
9921,42086.154168551555
9922,42093.862770646105
9923,42093.862770646134
9924,42093.862770646148
9925,42093.862770646156
9926,42095.499050348786
9927,42109.684004337207
9928,42117.661327350514
9929,42119.105265144542
9930,42120.352632550334
9931,42122.114316050829
9932,42122.62849720876
9933,42124.145430587894
9934,42130.990985955032
9935,42131.700519095291
9936,42142.066477740416
9937,42159.148523283278
9938,42160.564935517075
9939,42172.819605854835
9940,42172.819605854849
9941,42176.589865797119
9942,42182.689210255921
9943,42182.689210255929
9944,42189.320614356657
9945,42190.471211631266
9946,42202.42841905808
9947,42202.428419058102
9948,42203.505740756045
9949,42203.566327884015
9950,42208.297552094344
9951,42211.310302780374
9952,42214.526253030672
9953,42219.657396063209
9954,42227.782683446829
9955,42238.973489696029
9956,42242.952153436869
9957,42250.179786755551
9958,42251.430511614824
9959,42261.646045464644
9960,42261.646045464659
9961,42281.645868154046
9962,42282.625702965073
9963,42284.528908195556
9964,42291.254858667904
9965,42291.254858667904
9966,42291.254858667919
9967,42291.254858667962
9968,42295.353883775359
9969,42296.277270592611
9970,42308.597734067371
9971,42310.180636086479
9972,42330.733276272185
9973,42330.733276272251
9974,42330.755515490411
9975,42331.420679878953
9976,42332.852849033145
9977,42352.344635640635
9978,42352.797159144066
9979,42352.879708729539
9980,42360.34208947554
9981,42360.342089475569
9982,42360.342089475584
9983,42360.342089475605
9984,42367.422217509724
9985,42370.211693876641
9986,42370.211693876663
9987,42376.191485755568
9988,42376.255086371799
9989,42380.793449098259
9990,42381.416069899948
9991,42381.490611720481
9992,42388.177053865795
9993,42391.57535628121
9994,42391.752149291897
9995,42406.589887822309
9996,42407.97531871689
9997,42409.600903183993
9998,42409.690111480995
9999,42409.690111481032
10000,42416.035731689393
10001,42431.793025633895
10002,42431.869358127187
10003,42441.687170442339
10004,42442.261845059438
10005,42455.288096585544
10006,42455.471624680315
10007,42459.828947469163
10008,42461.484371362698
10009,42463.565169067821
10010,42464.874717112252
10011,42470.680730222746
10012,42473.450691336955
10013,42478.777342288602
10014,42478.777342288631
10015,42491.743006022785
10016,42493.254842531191
10017,42498.516551090783
10018,42498.516551090819
10019,42499.053919207399
10020,42499.287039814648
10021,42500.418184243084
10022,42505.268102289556
10023,42513.658658591019
10024,42513.978363413509
10025,42516.483340020139
10026,42522.347158510645
10027,42531.289975127751
10028,42533.355917870278
10029,42563.384135873312
10030,42564.619316747347
10031,42577.603433140837
10032,42577.650905859358
10033,42579.686109947921
10034,42579.902435175623
10035,42595.019048907685
10036,42600.165892099278
10037,42603.381959463957
10038,42605.180135104907
10039,42641.430861484172
10040,42646.215279028518
10041,42646.560617107054
10042,42646.560617107054
10043,42646.560617107105
10044,42646.560617107272
10045,42655.950044412923
10046,42655.992804275535
10047,42656.430221508206
10048,42656.430221508221
10049,42659.581355411225
10050,42662.545658374584
10051,42663.610666997221
10052,42663.86548273448
10053,42679.91658891541
10054,42681.175584591998
10055,42686.039034711415
10056,42686.039034711444
10057,42686.039034711474
10058,42686.039034711481
10059,42686.039034711524
10060,42686.039034711546
10061,42687.184010718265
10062,42692.448556548567
10063,42694.756540041788
10064,42694.784168649385
10065,42696.93239889601
10066,42703.528081452168
10067,42713.290110423906
10068,42713.46305892244
10069,42715.647847914763
10070,42715.647847914792
10071,42725.517452315813
10072,42725.517452315849
10073,42725.517452315849
10074,42725.517452315908
10075,42735.387056716914
10076,42735.387056716943
10077,42735.387056716987
10078,42735.387056717009
10079,42750.079712760569
10080,42751.322350787006
10081,42774.869469789017
10082,42778.400946484013
10083,42785.059206745093
10084,42785.952766442962
10085,42796.908919603426
10086,42798.402402065156
10087,42804.474287524514
10088,42804.474287524514
10089,42809.970379130486
10090,42810.309097608239
10091,42814.34389192563
10092,42814.343891925702
10093,42828.438937660074
10094,42829.512321634124
10095,42833.084904002404
10096,42833.137684208865
10097,42853.468676279939
10098,42854.18287284299
10099,42880.395772762422
10100,42887.154512436471
10101,42893.300727134367
10102,42893.300727134367
10103,42893.30072713441
10104,42893.300727134447
10105,42898.55811936684
10106,42900.377841436835
10107,42907.702135107655
10108,42909.239922258501
10109,42922.909540337612
10110,42922.90954033767
10111,42940.44303082439
10112,42944.453057744722
10113,42952.51835354088
10114,42952.518353540938
10115,42954.051145990743
10116,42954.156836101873
10117,42957.131834461688
10118,42957.355185285967
10119,42975.213625444034
10120,42975.568670692344
10121,42985.401802465582
10122,42989.78819605121
10123,42991.974469043867
10124,42992.950438475527
10125,42996.806080991286
10126,43000.159749590675
10127,43000.169644766393
10128,43001.458556354788
10129,43001.866375546335
10130,43001.866375546393
10131,43002.418783812711
10132,43007.238923484765
10133,43009.87880376666
10134,43012.742077314018
10135,43020.683241623352
10136,43020.688683476175
10137,43023.388329136877
10138,43024.012236658928
10139,43028.716298533749
10140,43031.475188749551
10141,43031.47518874961
10142,43031.475188749653
10143,43031.475188749682
10144,43034.964911931536
10145,43035.610688473032
10146,43036.698261380014
10147,43036.719796954407
10148,43041.344793150696
10149,43041.344793150769
10150,43057.703689190435
10151,43064.632131991697
10152,43065.285131435267
10153,43080.823210755028
10154,43080.823210755036
10155,43080.823210755072
10156,43080.82321075513
10157,43092.461971410827
10158,43109.023130925947
10159,43109.699021776047
10160,43113.251578371724
10161,43120.301628359382
10162,43120.301628359419
10163,43120.301628359433
10164,43120.301628359448
10165,43120.77293897888
10166,43122.857324918907
10167,43122.949095844517
10168,43132.559772094413
10169,43136.551266611888
10170,43142.12844421099
10171,43144.561690086426
10172,43144.598855175173
10173,43148.907294948905
10174,43149.910441562693
10175,43149.91044156273
10176,43155.882632419423
10177,43159.780045963729
10178,43159.780045963795
10179,43198.75152226205
10180,43200.84114783421
10181,43201.778299167177
10182,43205.127705939463
10183,43208.47925574713
10184,43225.722878178945
10185,43225.936097131154
10186,43238.736881172459
10187,43238.736881172481
10188,43238.736881172503
10189,43238.736881172525
10190,43242.172721438197
10191,43245.231009599251
10192,43245.708529313459
10193,43259.260114324446
10194,43260.218199342067
10195,43262.23454997121
10196,43265.851877743124
10197,43268.345694375785
10198,43268.345694375792
10199,43271.289303556972
10200,43277.348483785536
10201,43278.21529877682
10202,43278.21529877685
10203,43278.215298776857
10204,43278.215298776871
10205,43279.367674902511
10206,43285.562916600247
10207,43300.242459094785
10208,43302.557283746981
10209,43302.979562492423
10210,43306.287893573892
10211,43307.824111980124
10212,43307.824111980175
10213,43309.492263625347
10214,43309.7975521384
10215,43323.280113821413
10216,43324.382012055466
10217,43332.215938208894
10218,43335.174727903141
10219,43336.283145664624
10220,43336.302475754426
10221,43347.302529584544
10222,43347.302529584558
10223,43354.810669569008
10224,43362.195191958243
10225,43367.041738386586
10226,43367.041738386652
10227,43367.041738386695
10228,43367.041738386739
10229,43376.190428635222
10230,43384.378257803888
10231,43386.070951173569
10232,43387.998849391399
10233,43396.650551589853
10234,43396.650551589926
10235,43402.004024847236
10236,43402.8696681562
10237,43407.867413963992
10238,43408.049137774186
10239,43419.071184321299
10240,43419.176342484032
10241,43423.096709017918
10242,43424.722108837632
10243,43437.299283205277
10244,43449.425110690237
10245,43459.675572200373
10246,43460.109647830563
10247,43475.607386798605
10248,43475.607386798634
10249,43475.607386798663
10250,43475.607386798714
10251,43484.038722503734
10252,43484.341783753924
10253,43496.732116985608
10254,43497.183894035654
10255,43515.08580440301
10256,43515.085804403025
10257,43517.013434264532
10258,43519.05101354872
10259,43524.955408804039
10260,43524.955408804111
10261,43532.194661294983
10262,43533.24675073252
10263,43538.952412929328
10264,43539.608817457789
10265,43554.746802913083
10266,43557.130453894475
10267,43567.508658795719
10268,43568.933100679293
10269,43569.994959732234
10270,43570.355544074104
10271,43583.314917899937
10272,43585.546541644275
10273,43595.469086147743
10274,43596.702566595945
10275,43603.175305409444
10276,43603.912244012805
10277,43610.968378613718
10278,43623.651452814869
10279,43623.651452814891
10280,43623.651452814927
10281,43623.651452814935
10282,43623.651452814956
10283,43623.651452814971
10284,43623.651452815007
10285,43623.651452815131
10286,43633.521057216043
10287,43633.521057216079
10288,43638.024406614881
10289,43640.104860104271
10290,43655.51603608513
10291,43655.529129802846
10292,43659.113507403825
10293,43660.110107295943
10294,43679.851463476749
10295,43679.891477615034
10296,43682.869079221455
10297,43682.869079221506
10298,43683.722237845686
10299,43683.739323737784
10300,43692.35439722825
10301,43696.577698424051
10302,43700.010308304758
10303,43700.330813060456
10304,43720.241028106248
10305,43721.743924262635
10306,43732.506861490401
10307,43733.896337347906
10308,43741.637233102505
10309,43742.08670562796
10310,43742.08670562804
10311,43743.358708131316
10312,43753.13865790487
10313,43753.664983420145
10314,43781.565123232431
10315,43781.565123232467
10316,43782.87628976431
10317,43783.100624170838
10318,43789.869984952296
10319,43791.339755891793
10320,43791.434727633445
10321,43791.43472763351
10322,43791.43472763351
10323,43791.434727633554
10324,43797.754412631497
10325,43800.251557714
10326,43802.940368829542
10327,43807.830527263141
10328,43810.484583965088
10329,43810.901403722302
10330,43825.895829932713
10331,43826.566552782868
10332,43830.913145237872
10333,43830.913145237901
10334,43832.606484551157
10335,43832.798534452675
10336,43840.782749638936
10337,43840.782749638951
10338,43857.233948239933
10339,43858.654989392686
10340,43874.890947245382
10341,43875.431535750198
10342,43880.44248572713
10343,43880.91124580722
10344,43891.872922046321
10345,43896.102334577758
10346,43901.62977147496
10347,43901.706450540194
10348,43905.626824404746
10349,43912.806056900445
10350,43918.222513771325
10351,43919.739584847579
10352,43919.739584847652
10353,43919.739584847681
10354,43919.739584847695
10355,43919.73958484771
10356,43919.739584847732
10357,43922.660311402782
10358,43922.870085346796
10359,43928.666966120749
10360,43932.326398152007
10361,43934.076928563205
10362,43949.348398050897
10363,43949.348398050926
10364,43949.348398050934
10365,43949.348398050992
10366,43952.964402692676
10367,43978.957211254143
10368,43978.957211254201
10369,43983.284530380588
10370,43988.826815655259
10371,43988.826815655317
10372,43991.007279747573
10373,43992.995495382274
10374,43997.893172316501
10375,43997.953277228771
10376,44001.054029605795
10377,44001.873817621818
10378,44015.923869783881
10379,44023.942043124072
10380,44024.978762074395
10381,44046.389067287579
10382,44055.098612805377
10383,44068.016005847137
10384,44073.412738335282
10385,44073.489195745387
10386,44088.173030128426
10387,44088.703568289835
10388,44097.068036085584
10389,44097.39246406727
10390,44097.39246406727
10391,44098.682021647088
10392,44107.262068468306
10393,44107.26206846835
10394,44107.262068468372
10395,44107.262068468386
10396,44110.86477625624
10397,44111.181004289319
10398,44122.379403870989
10399,44123.864195504917
10400,44124.144910531417
10401,44128.630124948228
10402,44129.749672947219
10403,44143.688806469268
10404,44144.408930283964
10405,44153.696223182938
10406,44156.397667150712
10407,44156.610090473754
10408,44156.610090473841
10409,44168.068150883235
10410,44176.182224050928
10411,44179.442751714756
10412,44182.37510072696
10413,44186.218903677021
10414,44186.218903677094
10415,44205.604922878745
10416,44216.261308165158
10417,44216.614804967816
10418,44225.697321281426
10419,44225.697321281499
10420,44229.542870732075
10421,44233.8948708233
10422,44248.000062974977
10423,44249.071632644416
10424,44251.907309877497
10425,44252.860925476125
10426,44252.889722078748
10427,44259.341158348368
10428,44259.35165348406
10429,44260.121676129304
10430,44265.812128562706
10431,44266.422529255564
10432,44274.290457636838
10433,44278.889094614526
10434,44303.996359289544
10435,44305.833471692655
10436,44308.485836914959
10437,44312.83461691218
10438,44312.935958722352
10439,44314.523760891199
10440,44314.523760891236
10441,44314.523760891258
10442,44314.523760891338
10443,44317.650381530686
10444,44323.56756421199
10445,44324.04498956829
10446,44335.95580969016
10447,44337.522465788403
10448,44339.500839189626
10449,44339.610138118827
10450,44344.13257409443
10451,44344.132574094583
10452,44358.68509938637
10453,44360.160524382394
10454,44364.57586666011
10455,44373.74138729769
10456,44373.741387297763
10457,44374.847722014551
10458,44374.972873531107
10459,44377.119107464903
10460,44393.480596099871
10461,44393.480596099907
10462,44393.480596099915
10463,44393.480596099951
10464,44395.117699530747
10465,44395.387164488842
10466,44413.219804902095
10467,44413.219804902103
10468,44413.219804902139
10469,44413.219804902168
10470,44418.683856429365
10471,44420.35725039355
10472,44424.706369519445
10473,44425.006697533929
10474,44432.647746749331
10475,44439.903320986596
10476,44446.391532051101
10477,44447.481222262963
10478,44451.804661474067
10479,44451.912950963524
10480,44462.567826907471
10481,44462.567826907514
10482,44462.567826907551
10483,44462.567826907565
10484,44462.567826907631
10485,44462.567826907645
10486,44462.567826907689
10487,44462.567826907703
10488,44482.754806063771
10489,44485.401134621949
10490,44488.955856264867
10491,44489.864022647336
10492,44508.289843878607
10493,44509.307427494728
10494,44512.719889239917
10495,44512.736754462057
10496,44518.647335808841
10497,44518.737525850214
10498,44521.202651801606
10499,44522.611941309529
10500,44528.761806957067
10501,44532.385043053626
10502,44541.524662116288
10503,44541.524662116302
10504,44548.191283682383
10505,44548.382869597146
10506,44551.394266517294
10507,44551.39426651736
10508,44551.394266517374
10509,44551.394266517455
10510,44567.35133063711
10511,44570.64772582805
10512,44571.13347531949
10513,44571.133475319511
10514,44575.699377261466
10515,44575.722595802901
10516,44581.003079720605
10517,44581.003079720642
10518,44606.454006290507
10519,44607.634211904362
10520,44610.611892923844
10521,44610.611892923873
10522,44610.611892923895
10523,44610.611892923902
10524,44620.09879386278
10525,44620.91902648707
10526,44631.70118592192
10527,44632.490768225813
10528,44642.025112738556
10529,44642.375915363664
10530,44653.07084614045
10531,44653.945794112064
10532,44658.250931956311
10533,44659.959914929233
10534,44659.95991492927
10535,44659.959914929328
10536,44659.959914929372
10537,44659.959914929379
10538,44659.959914929452
10539,44662.176242210408
10540,44697.607922536095
10541,44700.66065659884
10542,44721.362008269942
10543,44721.861121179376
10544,44722.977213084079
10545,44726.377483131684
10546,44727.882851945207
10547,44728.24871842307
10548,44731.070475892899
10549,44733.793682946962
10550,44737.284359700294
10551,44739.705451656038
10552,44755.092521526974
10553,44755.317719790415
10554,44778.395167742361
10555,44778.39516774239
10556,44778.395167742419
10557,44778.395167742463
10558,44779.202649721716
10559,44779.464004933645
10560,44788.264772143499
10561,44788.264772143535
10562,44791.498661852682
10563,44791.902994079304
10564,44825.361793078991
10565,44827.767017004691
10566,44832.132180740577
10567,44835.519843358139
10568,44853.819009095147
10569,44854.085646955296
10570,44854.908840922071
10571,44857.352002951069
10572,44857.352002951076
10573,44857.352002951149
10574,44857.352002951222
10575,44867.221607352178
10576,44867.22160735225
10577,44867.668829313843
10578,44868.948905145888
10579,44870.947678996126
10580,44875.772064822289
10581,44876.152802928264
10582,44885.45590226465
10583,44885.883184689228
10584,44889.069017934227
10585,44896.830420555503
10586,44896.83042055554
10587,44918.059412931289
10588,44926.439233758822
10589,44926.439233758829
10590,44932.163631828866
10591,44932.370641173664
10592,44935.473110474006
10593,44936.308838159785
10594,44936.308838159872
10595,44936.308838159923
10596,44936.308838159974
10597,44937.748332972078
10598,44951.907823526592
10599,44960.227781911512
10600,44977.969165917137
10601,44978.006013712875
10602,44980.410095415129
10603,44983.434462142264
10604,44984.103606886849
10605,45001.40594439808
10606,45004.482750040574
10607,45004.71037451864
10608,45011.386519227548
10609,45011.446002590877
10610,45011.625578255436
10611,45012.98271140267
10612,45015.265673368558
10613,45015.265673368573
10614,45025.135277769688
10615,45025.135277769754
10616,45026.955176396019
10617,45029.330603400442
10618,45036.681779340768
10619,45038.787737519233
10620,45049.076418300901
10621,45049.224057026833
10622,45052.197110934547
10623,45052.376150188691
10624,45058.596783734552
10625,45058.611511159448
10626,45059.744650958688
10627,45071.862398040103
10628,45078.317615841734
10629,45082.359696042164
10630,45082.712775933069
10631,45099.453149999492
10632,45102.36972329631
10633,45104.092112978396
10634,45104.09211297844
10635,45104.092112978462
10636,45104.092112978477
10637,45106.567462033287
10638,45112.104666521511
10639,45117.707488646272
10640,45118.163176096037
10641,45124.893891424595
10642,45124.917112697462
10643,45132.478768574743
10644,45133.700926181642
10645,45133.700926181642
10646,45133.700926181671
10647,45133.700926181715
10648,45168.70982941259
10649,45170.445790725214
10650,45170.882794260484
10651,45175.160232096161
10652,45187.612646557478
10653,45187.805997880125
10654,45191.266885221157
10655,45201.535066972654
10656,45202.78815698922
10657,45202.788156989249
10658,45202.7881569893
10659,45202.788156989373
10660,45204.211398259205
10661,45205.277907206873
10662,45212.657761390292
10663,45212.657761390343
10664,45219.446199994498
10665,45219.823769823648
10666,45224.144146323706
10667,45224.325409870587
10668,45231.217211203526
10669,45235.445817455438
10670,45242.961498724515
10671,45249.923402461798
10672,45262.005783395864
10673,45262.005783395929
10674,45264.6852467403
10675,45267.086069644902
10676,45291.614596598985
10677,45291.614596599051
10678,45291.614596599131
10679,45291.614596599182
10680,45296.367134679022
10681,45297.050494133247
10682,45300.706665650694
10683,45312.586696203936
10684,45316.893493047479
10685,45317.12100817087
10686,45317.877478024195
10687,45317.901200812499
10688,45330.396860536879
10689,45331.175577246962
10690,45340.962618604513
10691,45340.962618604623
10692,45352.67508619772
10693,45352.745747852343
10694,45370.571431807766
10695,45370.571431807817
10696,45373.656371331366
10697,45376.171505606406
10698,45380.89323754808
10699,45385.289722201313
10700,45395.029627792966
10701,45395.138750548227
10702,45397.801223408926
10703,45398.688464966937
10704,45404.03059133354
10705,45405.06857622823
10706,45409.544731907037
10707,45411.098312479655
10708,45412.650971466421
10709,45413.736899478507
10710,45442.72638678112
10711,45447.79333573507
10712,45457.181397936954
10713,45460.608229587648
10714,45470.85804840592
10715,45474.164200462554
10716,45479.137080219887
10717,45479.361304329956
10718,45479.834096329498
10719,45498.876289021944
10720,45498.876289021951
10721,45498.87628902198
10722,45498.876289021995
10723,45501.805439548538
10724,45501.871027898844
10725,45518.615497824183
10726,45518.615497824219
10727,45550.013019287398
10728,45550.053816071711
10729,45557.11890133861
10730,45557.337325978275
10731,45558.093915428435
10732,45558.093915428464
10733,45558.815572084386
10734,45559.683374602842
10735,45573.81204202045
10736,45577.833124230645
10737,45577.833124230681
10738,45578.553641728278
10739,45579.688282343071
10740,45585.240832245516
10741,45594.404933189697
10742,45595.124620284863
10743,45607.441937433912
10744,45607.441937433978
10745,45611.999039093374
10746,45612.864873755367
10747,45631.077254822776
10748,45631.724366769595
10749,45636.182806194694
10750,45636.511300635764
10751,45637.050750637187
10752,45637.050750637209
10753,45643.619730462131
10754,45643.813250164276
10755,45645.440917475033
10756,45645.489941456224
10757,45646.920355038223
10758,45646.920355038244
10759,45646.920355038281
10760,45646.920355038324
10761,45646.920355038346
10762,45646.920355038375
10763,45646.92035503839
10764,45646.920355038608
10765,45656.789959439375
10766,45656.789959439382
10767,45667.050848485553
10768,45668.765308535927
10769,45668.835666104293
10770,45671.342432518497
10771,45676.529168241497
10772,45676.529168241534
10773,45676.529168241548
10774,45676.529168241606
10775,45687.293177486819
10776,45688.278807143142
10777,45700.117548012007
10778,45701.529338302207
10779,45706.450862762526
10780,45706.820144326281
10781,45725.877190247011
10782,45725.877190247025
10783,45725.877190247062
10784,45725.877190247083
10785,45743.270800025995
10786,45745.111303093312
10787,45750.301761775081
10788,45750.610335799633
10789,45755.398048947856
10790,45762.950154505081
10791,45765.355607851365
10792,45765.355607851408
10793,45778.198708540163
10794,45778.283519170698
10795,45781.448297056733
10796,45781.981323610547
10797,45789.235270406592
10798,45790.649025620696
10799,45794.964421054639
10800,45794.964421054654
10801,45794.964421054661
10802,45794.964421054698
10803,45799.90725889436
10804,45813.078664254041
10805,45813.634994012726
10806,45815.263096076989
10807,45833.533441299907
10808,45839.160625347933
10809,45841.392242819733
10810,45844.312443059971
10811,45844.31244306
10812,45844.312443060066
10813,45844.312443060073
10814,45846.600929769964
10815,45847.462598999402
10816,45854.659918598467
10817,45856.143648734644
10818,45865.554570603919
10819,45879.016060609632
10820,45879.052516563454
10821,45883.790860664492
10822,45883.790860664521
10823,45890.213620711409
10824,45891.097212282955
10825,45895.115273963042
10826,45907.19195348255
10827,45914.592011235552
10828,45914.796445252767
10829,45922.385325977222
10830,45927.038166830673
10831,45927.565761969257
10832,45933.937729251076
10833,45934.093627543494
10834,45946.315666752402
10835,45950.020816777018
10836,45950.36407196505
10837,45957.384406074234
10838,45959.205852856576
10839,45962.747695873186
10840,45962.747695873237
10841,45965.084955748403
10842,45967.573765351277
10843,45969.744501141933
10844,45969.833231517121
10845,45972.617300274229
10846,45972.617300274265
10847,45972.617300274294
10848,45972.617300274309
10849,45987.575063155287
10850,45988.378205687972
10851,45992.356509076344
10852,45992.356509076344
10853,45992.356509076475
10854,45992.356509076519
10855,46004.416320534561
10856,46025.234853427515
10857,46025.458223182555
10858,46041.08792930514
10859,46041.999088434619
10860,46051.574135482973
10861,46051.574135482988
10862,46060.790660222861
10863,46062.009852385512
10864,46071.423930890196
10865,46085.860754396374
10866,46088.254005668554
10867,46093.308619466072
10868,46095.290324467198
10869,46106.813469768167
10870,46108.54508828243
10871,46110.791761889413
10872,46110.79176188945
10873,46117.783092825157
10874,46118.416427209602
10875,46120.661366290573
10876,46120.661366290638
10877,46137.563963677465
10878,46151.669999552993
10879,46152.926823037451
10880,46153.582866006596
10881,46156.674179020527
10882,46157.22926688235
10883,46184.303990001135
10884,46184.731284012196
10885,46189.7485970981
10886,46189.74859709818
10887,46189.748597098238
10888,46189.748597098253
10889,46190.212215559412
10890,46191.412133794111
10891,46202.377618764076
10892,46203.943735666282
10893,46206.532045974331
10894,46206.695361686019
10895,46209.487805900397
10896,46209.487805900542
10897,46211.111039527153
10898,46211.224476627787
10899,46217.131001612594
10900,46217.813736533622
10901,46235.302104118338
10902,46237.67945075543
10903,46239.096619103606
10904,46239.096619103737
10905,46239.096619103766
10906,46239.096619103781
10907,46248.765523870425
10908,46251.970952258736
10909,46257.348787125404
10910,46263.454108440303
10911,46268.70543230691
10912,46268.705432307012
10913,46278.575036707916
10914,46278.575036708062
10915,46282.727147990365
10916,46285.284145831087
10917,46317.914058627961
10918,46318.053454312365
10919,46318.053454312423
10920,46320.124497260651
10921,46320.198069407023
10922,46321.432565999567
10923,46326.49398457021
10924,46331.814686583704
10925,46332.084573498658
10926,46333.485470113017
10927,46338.991888153592
10928,46339.061077652696
10929,46348.62386363421
10930,46349.612604853872
10931,46349.630208073911
10932,46350.636165601012
10933,46364.085512427439
10934,46365.149511950221
10935,46365.98247969908
10936,46365.985018257154
10937,46367.40147631782
10938,46367.401476317857
10939,46376.471995267428
10940,46380.593399812446
10941,46389.607394583276
10942,46389.909514483159
10943,46400.869035522825
10944,46400.928433426001
10945,46416.063635774823
10946,46416.90671952031
10947,46418.219467587085
10948,46422.346740880865
10949,46436.488707125434
10950,46436.488707125449
10951,46436.488707125463
10952,46436.488707125471
10953,46446.358311526434
10954,46446.358311526463
10955,46446.35831152655
10956,46446.358311526747
10957,46464.638825591894
10958,46465.732377530287
10959,46469.000452022134
10960,46470.343244503645
10961,46475.967124729745
10962,46475.967124729803
10963,46475.967124729803
10964,46475.967124729832
10965,46499.805838383894
10966,46502.90661084016
10967,46503.952634937261
10968,46504.11805681025
10969,46517.303325152199
10970,46520.017738444745
10971,46524.945575749902
10972,46525.315146735178
10973,46525.315146735207
10974,46527.983323325978
10975,46529.290922040054
10976,46531.369762214636
10977,46536.217364597258
10978,46538.524647647355
10979,46554.923959938322
10980,46554.923959938475
10981,46554.923959938526
10982,46554.923959938562
10983,46558.896601751316
10984,46559.136388252118
10985,46561.176807307478
10986,46561.186204714482
10987,46594.402377542843
10988,46594.40237754285
10989,46612.773546371638
10990,46614.626026568621
10991,46614.649534636337
10992,46617.666961345509
10993,46618.1560156142
10994,46622.823200039486
10995,46624.01119074614
10996,46624.01119074614
10997,46631.155144624703
10998,46633.013212588376
10999,46640.536744500663
11000,46640.608070163813
11001,46658.469195642116
11002,46658.522924312383
11003,46673.359212751573
11004,46673.359212751595
11005,46678.981569988944
11006,46680.217008786603
11007,46691.15932369043
11008,46691.261804941947
11009,46697.106252938043
11010,46701.91375323823
11011,46712.837630355883
11012,46712.83763035592
11013,46730.813126913396
11014,46730.990153786915
11015,46734.062324144674
11016,46737.197888017974
11017,46742.446443559158
11018,46742.446443559202
11019,46753.264889936218
11020,46753.794049605378
11021,46755.717139668042
11022,46768.32674293132
11023,46773.680818471919
11024,46775.302763835025
11025,46780.215253394919
11026,46780.254815336928
11027,46790.915082650688
11028,46793.397274009651
11029,46794.109153878948
11030,46813.818271094504
11031,46821.403278767903
11032,46821.403278767903
11033,46821.461611174163
11034,46823.365241875181
11035,46831.272883168938
11036,46831.27288316896
11037,46831.272883169026
11038,46831.272883169047
11039,46831.272883169077
11040,46831.272883169084
11041,46831.272883169127
11042,46831.272883169157
11043,46837.671514826616
11044,46840.94522944963
11045,46848.182911952012
11046,46849.173110925607
11047,46852.231984499194
11048,46853.305022171829
11049,46864.706913804555
11050,46869.270818798221
11051,46875.172019255078
11052,46883.332583483905
11053,46883.381626212191
11054,46887.539334824643
11055,46888.217064658711
11056,46893.327261351056
11057,46896.045551917159
11058,46908.954887677384
11059,46910.229718377697
11060,46910.229718377734
11061,46918.233586317881
11062,46918.302111135417
11063,46920.099322778835
11064,46920.099322778893
11065,46939.838531580906
11066,46939.838531580986
11067,46939.838531581008
11068,46939.838531581008
11069,46959.928001934764
11070,46968.233291977798
11071,46968.405824028268
11072,46985.954481595632
11073,46986.813590129932
11074,46991.268099838308
11075,46992.698958872024
11076,46997.167036992985
11077,46997.168863658
11078,46999.056157987528
11079,46999.056157987536
11080,47002.909804475908
11081,47003.134461956899
11082,47008.293287775385
11083,47019.189652005785
11084,47020.920229111252
11085,47027.406994786608
11086,47028.664971190788
11087,47028.664971190832
11088,47028.664971190854
11089,47028.66497119097
11090,47039.381375406971
11091,47055.286540781846
11092,47055.51746469213
11093,47058.273784394085
11094,47058.273784394129
11095,47064.918852195187
11096,47065.167526494908
11097,47074.406033736857
11098,47076.710698462819
11099,47078.012993196135
11100,47078.012993196215
11101,47078.012993196287
11102,47078.012993196331
11103,47090.550757763303
11104,47090.955628105869
11105,47092.992386797101
11106,47094.105883936696
11107,47097.752201998403
11108,47097.752201998439
11109,47098.821514619071
11110,47109.606851738048
11111,47113.663295730308
11112,47113.714738525843
11113,47123.379113117109
11114,47123.430367434252
11115,47127.621634339259
11116,47127.708508867407
11117,47135.861800370352
11118,47145.172674786671
11119,47147.100224003734
11120,47147.100224003894
11121,47147.100224003938
11122,47147.100224004018
11123,47147.144653770898
11124,47148.549123578712
11125,47154.1445883817
11126,47156.969828404835
11127,47156.969828404974
11128,47160.559179566138
11129,47161.376924660901
11130,47161.653820535343
11131,47173.064736783272
11132,47173.569168928043
11133,47194.743827628365
11134,47194.888206124408
11135,47196.578487944156
11136,47199.335016537196
11137,47208.070076964454
11138,47212.150899436318
11139,47212.415526080345
11140,47221.361187208597
11141,47230.633327432733
11142,47231.370253025023
11143,47235.92666361366
11144,47235.926663613689
11145,47248.776800956643
11146,47249.361516042605
11147,47258.118250313164
11148,47261.808129694669
11149,47265.535476816956
11150,47265.535476816971
11151,47278.010941073648
11152,47278.513092487599
11153,47283.718242143586
11154,47290.056761837877
11155,47294.740085183053
11156,47295.341626915368
11157,47305.013894421245
11158,47305.013894421303
11159,47313.40947750333
11160,47313.829532024669
11161,47315.900537526701
11162,47321.138350233661
11163,47338.188199376702
11164,47338.294479836397
11165,47344.49231202565
11166,47344.492312025657
11167,47344.492312025708
11168,47344.492312025723
11169,47359.671929637952
11170,47359.911462107237
11171,47374.048527475359
11172,47376.170965758625
11173,47383.970729629953
11174,47383.970729630011
11175,47393.840334031062
11176,47410.961661083973
11177,47411.322653795862
11178,47413.579542833235
11179,47413.579542833329
11180,47420.408917405548
11181,47420.728431065756
11182,47423.449147234387
11183,47423.449147234409
11184,47434.88750196313
11185,47435.094397483903
11186,47442.384897981552
11187,47445.929018298688
11188,47453.057960437611
11189,47453.05796043764
11190,47458.17175869934
11191,47459.421831636166
11192,47472.79716923958
11193,47472.797169239711
11194,47472.797169239762
11195,47472.79716923977
11196,47472.797169239835
11197,47472.79716923985
11198,47472.797169239871
11199,47472.797169240053
11200,47473.679356124339
11201,47480.65911477714
11202,47487.060420583162
11203,47488.047449742953
11204,47489.859389566816
11205,47496.06519294301
11206,47501.78946268696
11207,47501.826409170535
11208,47502.40598244311
11209,47502.40598244311
11210,47515.036862569264
11211,47515.053029330717
11212,47528.732782121522
11213,47529.309066619433
11214,47541.226552660344
11215,47541.867685235826
11216,47541.884400047413
11217,47541.884400047435
11218,47554.218322291337
11219,47554.814283853571
11220,47563.767069990616
11221,47565.662214970456
11222,47571.493213250564
11223,47571.493213250666
11224,47571.493213250695
11225,47571.493213250789
11226,47573.252014313854
11227,47578.54768686396
11228,47616.091458991104
11229,47617.811740952842
11230,47620.841235256106
11231,47620.841235256135
11232,47620.84123525615
11233,47620.841235256165
11234,47620.841235256194
11235,47620.841235256223
11236,47643.664918176692
11237,47643.719089868042
11238,47644.802277124858
11239,47647.518815767071
11240,47680.572114334318
11241,47680.99159235019
11242,47682.509057533083
11243,47682.753842600308
11244,47687.700844483894
11245,47689.497276482442
11246,47689.555398656608
11247,47693.515566707516
11248,47706.747329142512
11249,47707.403650112617
11250,47709.667674865974
11251,47709.667674865988
11252,47712.395612447734
11253,47714.437571046597
11254,47716.407737371061
11255,47716.791814669217
11256,47721.253595714297
11257,47733.580575018721
11258,47734.902891101519
11259,47739.511694158828
11260,47740.390067856883
11261,47741.957916095656
11262,47755.406672491983
11263,47757.091670595895
11264,47757.678728755272
11265,47761.733019236344
11266,47761.801748975762
11267,47768.88530127245
11268,47768.885301272472
11269,47773.342645090554
11270,47773.443745032841
11271,47784.527654649632
11272,47788.624510074631
11273,47788.624510074653
11274,47801.365691402119
11275,47804.92498558855
11276,47813.016998401108
11277,47818.3766697256
11278,47826.232341421462
11279,47827.707565890574
11280,47827.727281075779
11281,47828.22886687141
11282,47833.017150007545
11283,47843.086455766163
11284,47844.17415841153
11285,47857.711740882187
11286,47857.711740882252
11287,47857.711740882296
11288,47857.711740882332
11289,47867.581345283201
11290,47867.581345283383
11291,47867.581345283405
11292,47867.581345283426
11293,47867.581345283448
11294,47867.581345283514
11295,47872.604280772939
11296,47879.293756161671
11297,47879.419591411453
11298,47887.320554085571
11299,47887.320554085614
11300,47889.356945778673
11301,47890.176997544564
11302,47916.34119470571
11303,47918.796429692491
11304,47921.854891074654
11305,47930.575102620482
11306,47930.881346146656
11307,47945.971776133105
11308,47946.006264531046
11309,47952.971388751917
11310,47954.437392256419
11311,47957.670838705853
11312,47958.861238015263
11313,47976.146993695351
11314,47976.146993695373
11315,47983.673209828499
11316,47986.92273422896
11317,48000.435898281896
11318,48016.39734112654
11319,48016.46162338194
11320,48023.134033010385
11321,48023.525441510108
11322,48029.558316574003
11323,48035.318128019389
11324,48040.345735173629
11325,48040.76630236541
11326,48045.234224502936
11327,48045.234224502979
11328,48045.564213689264
11329,48047.085845966962
11330,48053.251413953993
11331,48053.284900918421
11332,48055.103828904081
11333,48055.103828904124
11334,48064.595633142279
11335,48077.688301965703
11336,48078.175551943939
11337,48078.322665812178
11338,48081.250108143984
11339,48081.286308849609
11340,48084.710105154314
11341,48084.91140327241
11342,48093.46897137737
11343,48095.42292009214
11344,48104.451850909478
11345,48104.451850909631
11346,48112.211927780423
11347,48112.601492175221
11348,48121.125381568178
11349,48126.760791193679
11350,48134.060664112774
11351,48134.060664112803
11352,48137.189202140224
11353,48137.36945177515
11354,48152.927074351828
11355,48153.075973900952
11356,48163.669477315882
11357,48163.669477316056
11358,48163.669477316085
11359,48163.669477316158
11360,48173.46987485834
11361,48173.633402763073
11362,48175.453931765551
11363,48183.408686118244
11364,48183.408686118259
11365,48183.508310461999
11366,48200.083383974816
11367,48202.040547238561
11368,48213.017499321468
11369,48213.01749932149
11370,48213.017499321606
11371,48213.017499321642
11372,48224.492170701393
11373,48225.655731328043
11374,48241.507339597702
11375,48242.306129931931
11376,48249.353457275698
11377,48252.495916925793
11378,48252.495916925887
11379,48257.110999047749
11380,48257.569757794605
11381,48259.87028122785
11382,48270.708633384551
11383,48271.528368525745
11384,48276.878206000409
11385,48277.004278621309
11386,48321.58314773356
11387,48321.58314773356
11388,48322.12614708177
11389,48322.811559306036
11390,48333.526980037001
11391,48334.068415436173
11392,48341.110469049039
11393,48341.385800097662
11394,48356.386988870996
11395,48356.444471858224
11396,48361.061565337863
11397,48361.061565337906
11398,48363.45441667681
11399,48365.07302253016
11400,48369.152394052835
11401,48369.195884146859
11402,48370.931169738833
11403,48370.931169738898
11404,48370.931169738913
11405,48370.931169738964
11406,48370.931169739008
11407,48370.931169739015
11408,48372.566020403086
11409,48373.372107052761
11410,48391.150891369267
11411,48391.393855548995
11412,48400.539982942129
11413,48400.539982942268
11414,48410.409587343027
11415,48410.409587343238
11416,48410.409587343311
11417,48410.409587343354
11418,48412.836290636857
11419,48413.137839638075
11420,48416.54640048361
11421,48419.640570410396
11422,48424.885225152742
11423,48425.2038327185
11424,48433.38113946969
11425,48433.416792997501
11426,48436.338704862806
11427,48440.267858914551
11428,48442.377076810662
11429,48447.639412712881
11430,48449.888004947563
11431,48449.888004947708
11432,48459.243837120506
11433,48459.723834893623
11434,48477.070646697604
11435,48478.888034464639
11436,48489.366422551924
11437,48489.366422552011
11438,48489.366422552092
11439,48489.366422552172
11440,48497.329362800505
11441,48498.832812836714
11442,48499.759461810288
11443,48499.990929173859
11444,48508.971973184576
11445,48509.123749406557
11446,48518.975235755192
11447,48518.975235755279
11448,48526.445363556122
11449,48526.824321944667
11450,48537.127546986085
11451,48541.072535013998
11452,48544.215509660229
11453,48546.317471117909
11454,48560.682907245333
11455,48560.728078658285
11456,48578.967234947289
11457,48579.02445655319
11458,48598.301308391303
11459,48602.921657202649
11460,48607.80167536495
11461,48607.801675365059
11462,48607.801675365095
11463,48607.801675365103
11464,48607.801675365125
11465,48607.801675365146
11466,48628.393941222814
11467,48628.76181535604
11468,48641.285085284835
11469,48641.69141646989
11470,48651.46893867114
11471,48655.859001997022
11472,48657.149697370362
11473,48657.149697370478
11474,48657.149697370543
11475,48657.149697370587
11476,48657.149697370609
11477,48657.149697370645
11478,48657.14969737066
11479,48657.149697370762
11480,48663.067487103486
11481,48663.918992135921
11482,48671.142267210234
11483,48671.282488226185
11484,48675.42924280576
11485,48675.705588614612
11486,48676.888906172637
11487,48676.888906172673
11488,48683.260606863842
11489,48683.311802210446
11490,48686.758510573825
11491,48686.758510573854
11492,48691.984182269072
11493,48692.97545892201
11494,48696.705701799336
11495,48709.430258632798
11496,48716.367323777034
11497,48716.367323777064
11498,48726.23692817815
11499,48726.236928178158
11500,48731.013409659725
11501,48741.804786891807
11502,48748.25708519957
11503,48760.388661055447
11504,48765.715345782424
11505,48765.715345782482
11506,48770.348023584229
11507,48770.560678140762
11508,48774.27478978577
11509,48777.333585818153
11510,48780.614458763273
11511,48781.137496230091
11512,48793.315553651853
11513,48793.959680273001
11514,48801.240431725892
11515,48804.858336014491
11516,48806.725107899685
11517,48806.887830319385
11518,48809.336963434129
11519,48815.06336778796
11520,48815.063367787974
11521,48834.802576590184
11522,48834.802576590213
11523,48840.13969561267
11524,48843.416847399989
11525,48844.672180991292
11526,48844.672180991314
11527,48846.600853738251
11528,48857.452657439855
11529,48857.578399124679
11530,48871.491593186998
11531,48872.183731772275
11532,48894.020202996653
11533,48894.02020299674
11534,48894.663326661372
11535,48897.874423217552
11536,48907.464327824891
11537,48918.076139977173
11538,48918.229207309734
11539,48920.416717189335
11540,48921.771818342764
11541,48923.62901619995
11542,48923.629016199964
11543,48933.096095102206
11544,48935.310868774664
11545,48949.443731527295
11546,48950.082075074868
11547,48963.10743380426
11548,48963.107433804398
11549,48970.231102606871
11550,48972.3317575978
11551,48972.433359080562
11552,48992.716247007513
11553,48992.716247007636
11554,48992.716247007644
11555,48992.716247007673
11556,48993.764338564608
11557,48995.525655564386
11558,49005.635939170417
11559,49006.570425618396
11560,49015.619276684054
11561,49018.270152332596
11562,49023.701053921832
11563,49024.044309097502
11564,49024.249353161795
11565,49026.686044809285
11566,49040.235795276501
11567,49040.536005261558
11568,49042.064269012953
11569,49042.064269013004
11570,49042.693550349417
11571,49043.55809500318
11572,49044.846354650719
11573,49053.908886577963
11574,49063.468949315604
11575,49063.49215909456
11576,49066.060233837736
11577,49071.527957318103
11578,49074.545770188139
11579,49080.770822848222
11580,49081.54268661738
11581,49081.542686617431
11582,49094.550291343403
11583,49094.653579175632
11584,49097.789318643314
11585,49101.478005058547
11586,49117.329850600698
11587,49117.423576625661
11588,49142.363502758191
11589,49142.594235847086
11590,49143.30482884185
11591,49144.795464654853
11592,49151.091523421732
11593,49158.80304207914
11594,49160.499521826066
11595,49160.49952182611
11596,49160.49952182619
11597,49160.499521826263
11598,49163.254334088888
11599,49169.537721795001
11600,49175.013676098672
11601,49176.306871813998
11602,49199.977939430406
11603,49199.977939430442
11604,49199.977939430493
11605,49199.97793943053
11606,49202.749763208813
11607,49204.212062934137
11608,49208.979720916097
11609,49208.985180301039
11610,49209.847543831514
11611,49209.847543831638
11612,49230.458239719439
11613,49230.934904281581
11614,49232.910565698978
11615,49239.12608355948
11616,49244.076502107637
11617,49244.084240715376
11618,49249.90189313962
11619,49250.302040862516
11620,49278.934774639194
11621,49278.934774639216
11622,49282.550277352391
11623,49285.7205464484
11624,49289.470893943559
11625,49290.493034591251
11626,49297.727454317974
11627,49298.631950649287
11628,49300.547123778655
11629,49305.425341062
11630,49308.543587842403
11631,49308.543587842585
11632,49319.539995036132
11633,49320.349512500819
11634,49325.213856933988
11635,49325.297988371378
11636,49346.294143308733
11637,49346.393789198257
11638,49348.022005446765
11639,49348.022005446794
11640,49348.022005446794
11641,49348.022005446815
11642,49348.022005446917
11643,49365.269591584576
11644,49367.188565639997
11645,49367.761214248836
11646,49367.761214248952
11647,49367.761214248967
11648,49367.761214249003
11649,49381.606038916354
11650,49381.849989745118
11651,49384.967011579349
11652,49385.233429469998
11653,49392.105767134519
11654,49392.414685272823
11655,49400.910966926924
11656,49401.072610118135
11657,49409.759005596337
11658,49409.899785330563
11659,49414.153889903733
11660,49425.671881396695
11661,49426.978840655458
11662,49426.978840655553
11663,49430.686162080456
11664,49430.745015709203
11665,49436.848445056588
11666,49436.848445056603
11667,49447.527398153958
11668,49449.45138691683
11669,49456.604102279001
11670,49456.659155279827
11671,49476.32686266087
11672,49476.326862660957
11673,49512.071810436588
11674,49513.234476477832
11675,49515.805280265289
11676,49515.805280265326
11677,49515.805280265333
11678,49515.805280265391
11679,49516.635040771114
11680,49519.981103520469
11681,49525.67488466639
11682,49525.674884666398
11683,49525.674884666427
11684,49525.674884666463
11685,49532.13701414776
11686,49532.563512492678
11687,49540.029359375796
11688,49540.317216404983
11689,49555.2836978696
11690,49555.283697869731
11691,49572.582700300103
11692,49572.778696401598
11693,49584.892511072954
11694,49584.8925110731
11695,49587.542021074485
11696,49588.205313273938
11697,49597.932758716634
11698,49598.45604987337
11699,49611.338028179576
11700,49611.477136378882
11701,49627.391335320019
11702,49632.985908808798
11703,49638.90228377311
11704,49640.469105266973
11705,49652.689077829811
11706,49653.030538900079
11707,49663.849346281553
11708,49663.849346281648
11709,49663.849346281684
11710,49663.84934628172
11711,49676.697455708701
11712,49678.097829500955
11713,49681.920078246068
11714,49690.373045158893
11715,49691.119331941663
11716,49692.872989678865
11717,49693.149524654393
11718,49696.096562824889
11719,49700.788073093085
11720,49700.872485615553
11721,49714.525312459533
11722,49714.988765504349
11723,49715.980193033996
11724,49737.460742561641
11725,49738.448627477082
11726,49739.798836819602
11727,49751.188102585926
11728,49752.355222208316
11729,49759.931002372308
11730,49760.032253585581
11731,49762.545390292529
11732,49762.545390292587
11733,49769.935143997027
11734,49776.557104180749
11735,49780.71973265367
11736,49780.834865246186
11737,49782.284599094695
11738,49782.284599094783
11739,49782.284599094812
11740,49782.284599094892
11741,49789.447581634682
11742,49792.154203495833
11743,49792.154203495891
11744,49792.154203495906
11745,49792.154203495978
11746,49802.320534473496
11747,49803.364078394225
11748,49819.564794244048
11749,49819.970349460251
11750,49831.523182088
11751,49835.905996037247
11752,49835.950314150788
11753,49841.50222550123
11754,49841.502225501281
11755,49841.502225501303
11756,49841.502225501325
11757,49841.502225501332
11758,49841.502225501376
11759,49843.362906992479
11760,49843.449408382476
11761,49854.018662573624
11762,49856.811248736849
11763,49865.483920712009
11764,49867.725341602636
11765,49872.537549058579
11766,49881.223686630015
11767,49887.062585993939
11768,49893.209066142175
11769,49893.341523740361
11770,49897.846300790152
11771,49899.489828646045
11772,49910.257811901225
11773,49910.589456308917
11774,49910.589456308953
11775,49910.589456309019
11776,49910.589456309099
11777,49911.547982377007
11778,49920.459060709967
11779,49920.459060709996
11780,49920.983202138203
11781,49923.020437596642
11782,49933.266021154312
11783,49933.668241842337
11784,49950.639435361329
11785,49953.962294121309
11786,49957.62185388017
11787,49962.571522976075
11788,49962.80994928741
11789,49964.869374730115
11790,49966.425804979306
11791,49973.963447641305
11792,49978.434843777453
11793,49989.546291517596
11794,49989.546291517603
11795,49989.546291517625
11796,49989.546291517676
11797,49999.415895918581
11798,49999.415895918639
11799,49999.415895918726
11800,49999.415895918748
11801,50005.054162907436
11802,50012.745088904645
11803,50017.212854286969
11804,50017.298455835284
11805,50029.024709121841
11806,50029.024709121964
11807,50029.024709122066
11808,50029.024709122124
11809,50029.71604135901
11810,50031.824700198667
11811,50032.403484750728
11812,50036.900251179839
11813,50049.730446071459
11814,50053.828122553983
11815,50058.633522325254
11816,50058.633522325312
11817,50070.580827081976
11818,50070.785865280108
11819,50079.676128276515
11820,50080.638336627264
11821,50085.325654993096
11822,50089.637485106447
11823,50104.17278878572
11824,50107.981544330614
11825,50107.981544330716
11826,50110.473333442955
11827,50128.500624227614
11828,50129.005387364297
11829,50139.6969333952
11830,50139.762494591014
11831,50140.5509630694
11832,50147.459961935005
11833,50147.459961935085
11834,50153.144366103159
11835,50165.578107701738
11836,50166.406827555533
11837,50170.962554615835
11838,50172.718842028975
11839,50186.938379539381
11840,50186.938379539424
11841,50186.938379539431
11842,50186.938379539439
11843,50187.689732235027
11844,50187.840032730732
11845,50203.567733013952
11846,50208.760536716247
11847,50212.933639692419
11848,50213.18600965861
11849,50215.154448305329
11850,50220.668389615297
11851,50221.140302203268
11852,50226.498484337768
11853,50236.28640154477
11854,50236.286401544829
11855,50236.286401544887
11856,50236.28640154493
11857,50239.97252392018
11858,50241.796855421111
11859,50251.418630221917
11860,50251.528105964462
11861,50256.997237286436
11862,50258.472542846321
11863,50281.935418722685
11864,50282.162350010833
11865,50289.344582993588
11866,50294.629768984749
11867,50295.504027951327
11868,50295.504027951407
11869,50306.854616156656
11870,50309.364733586561
11871,50315.243236753551
11872,50315.243236753566
11873,50320.798853591172
11874,50320.799435981586
11875,50335.752778931521
11876,50336.63817084644
11877,50344.852049956738
11878,50344.852049956877
11879,50351.513016616722
11880,50353.310846767228
11881,50366.065371269164
11882,50366.3765844632
11883,50377.147802918196
11884,50377.38731298333
11885,50384.330467561049
11886,50384.330467561143
11887,50384.330467561253
11888,50384.33046756126
11889,50390.324933570388
11890,50395.526669741274
11891,50413.825435170191
11892,50413.939280764454
11893,50413.939280764527
11894,50416.988278664205
11895,50419.496548736199
11896,50419.559650550509
11897,50453.809144511513
11898,50454.772665761448
11899,50457.339297076483
11900,50458.345105894878
11901,50463.287302769837
11902,50463.287302769888
11903,50466.030942398342
11904,50466.072685366817
11905,50473.156907171004
11906,50473.156907171033
11907,50494.189514290098
11908,50494.452194248574
11909,50501.095116171651
11910,50501.825329828142
11911,50501.832639018146
11912,50505.591179847652
11913,50531.675181827537
11914,50532.374533577437
11915,50532.374533577531
11916,50534.164523008367
11917,50536.806837019023
11918,50542.24413797845
11919,50542.244137978596
11920,50543.618517885952
11921,50544.201787230981
11922,50544.278390285908
11923,50544.88959176527
11924,50549.267367264467
11925,50552.113742379683
11926,50552.11374237977
11927,50552.113742379785
11928,50552.113742379835
11929,50557.284852605546
11930,50557.685342872785
11931,50577.050161889158
11932,50577.254533907457
11933,50581.722555582746
11934,50581.722555582855
11935,50581.722555582892
11936,50581.722555582943
11937,50581.72255558295
11938,50581.722555583059
11939,50581.722555583125
11940,50581.722555583154
11941,50591.976185736356
11942,50592.322410663168
11943,50609.550751393108
11944,50609.571985977345
11945,50611.331368786225
11946,50611.331368786261
11947,50619.513863224609
11948,50619.798072249818
11949,50623.808921751071
11950,50626.3616698681
11951,50635.531233176342
11952,50636.155964292964
11953,50643.351539297968
11954,50643.793847673696
11955,50659.385099028783
11956,50659.410032838576
11957,50677.096236511155
11958,50688.577410608552
11959,50690.515758168818
11960,50690.553180435432
11961,50703.118335548439
11962,50703.725134297187
11963,50709.377729824279
11964,50709.405945536208
11965,50710.958020125006
11966,50720.226246173188
11967,50729.766621599265
11968,50729.766621599272
11969,50729.766621599389
11970,50729.766621599483
11971,50733.895075715642
11972,50737.884815981197
11973,50737.895611317421
11974,50739.636226000279
11975,50739.636226000475
11976,50739.636226000483
11977,50739.636226000555
11978,50742.523646513931
11979,50743.755444146409
11980,50745.528000385464
11981,50755.700491958989
11982,50757.95261301718
11983,50771.835632488292
11984,50771.985398910852
11985,50785.691244500747
11986,50803.060659175106
11987,50803.310139584682
11988,50817.783478864301
11989,50819.544601270463
11990,50827.004740466742
11991,50837.970192389701
11992,50840.229772557432
11993,50849.532191410937
11994,50850.507212275043
11995,50857.612730068322
11996,50858.071478813501
11997,50858.071478813523
11998,50858.187340788878
11999,50876.581518167106
12000,50879.894135809896
12001,50881.576351547243
12002,50887.477512771729
12003,50887.68029201671
12004,50887.680292016856
12005,50889.202841834311
12006,50891.23239850044
12007,50891.591295740545
12008,50926.633074451078
12009,50930.968757030481
12010,50934.4764881109
12011,50934.58467715852
12012,50937.02831402218
12013,50937.028314022187
12014,50937.028314022245
12015,50937.02831402226
12016,50939.466434737886
12017,50941.124751963092
12018,50946.337159097056
12019,50946.897918423259
12020,50946.897918423318
12021,50946.897918423434
12022,50946.897918423485
12023,50969.773466407809
12024,50969.987894076236
12025,50976.506731626454
12026,50976.506731626505
12027,50976.506731626563
12028,50976.506731626636
12029,51000.069493617317
12030,51006.129581937188
12031,51006.60090294711
12032,51011.058372339838
12033,51019.925702954635
12034,51023.025512979628
12035,51024.551370994566
12036,51026.861252564413
12037,51041.267450154854
12038,51044.08502198277
12039,51045.843929509872
12040,51046.079949408515
12041,51061.005898609241
12042,51063.739777717135
12043,51068.779452852927
12044,51071.146080225233
12045,51081.93838672038
12046,51082.19672179663
12047,51083.256163036516
12048,51086.289872545021
12049,51092.564390692845
12050,51094.036005835522
12051,51135.316358482021
12052,51139.282383811311
12053,51141.003574899893
12054,51147.896522600742
12055,51148.289702482944
12056,51154.446731807715
12057,51168.112685683947
12058,51168.348801279557
12059,51172.245358040964
12060,51172.338918336201
12061,51173.599433858864
12062,51173.898819648275
12063,51173.898819648282
12064,51173.898819648304
12065,51173.898819648348
12066,51173.898819648384
12067,51173.898819648406
12068,51173.898819648421
12069,51173.898819648457
12070,51174.180406009917
12071,51183.768424049369
12072,51183.768424049493
12073,51192.146736170107
12074,51193.140576332939
12075,51193.284745702083
12076,51195.317716127451
12077,51203.507632851499
12078,51203.507632851608
12079,51209.682281278197
12080,51210.256014645915
12081,51212.563313654457
12082,51213.377237252447
12083,51213.377237252687
12084,51214.873485813645
12085,51221.082407503985
12086,51223.958387697181
12087,51226.988494657147
12088,51227.742282636762
12089,51243.243593157116
12090,51243.315171862829
12091,51245.913551637655
12092,51245.972110593808
12093,51252.855654856896
12094,51252.855654857027
12095,51254.176062824175
12096,51255.361757935505
12097,51262.46026711828
12098,51262.725259258033
12099,51262.725259258121
12100,51262.844156653962
12101,51292.334072461417
12102,51292.334072461475
12103,51298.625275115701
12104,51300.949047360431
12105,51301.024894007875
12106,51303.652359661202
12107,51320.922505018585
12108,51321.169042345689
12109,51321.942885664466
12110,51321.942885664597
12111,51321.942885664641
12112,51321.942885664823
12113,51321.94288566483
12114,51321.942885664866
12115,51323.506522905584
12116,51326.393362894742
12117,51341.682094466858
12118,51341.682094466887
12119,51341.682094466902
12120,51351.34682698518
12121,51352.414934567809
12122,51361.42130326898
12123,51361.421303269002
12124,51368.089625679371
12125,51368.843555588726
12126,51372.156962061374
12127,51374.769342371299
12128,51385.897159748332
12129,51386.818301344145
12130,51396.985644468768
12131,51398.829610545421
12132,51401.024740432294
12133,51410.665040733882
12134,51410.769325274458
12135,51410.769325274465
12136,51420.638929675428
12137,51420.63892967545
12138,51420.638929675508
12139,51420.638929675602
12140,51432.76925112254
12141,51432.772957319758
12142,51450.24774287879
12143,51450.247742878819
12144,51450.247742878906
12145,51450.24774287895
12146,51470.400632920981
12147,51471.06809876021
12148,51480.774398880494
12149,51480.931157019717
12150,51495.034184862299
12151,51495.077067579397
12152,51497.942061180031
12153,51498.679112382822
12154,51499.595764884216
12155,51499.595764884441
12156,51503.187831399278
12157,51506.933505814675
12158,51516.705427732886
12159,51516.85852572033
12160,51519.334973686389
12161,51519.334973686491
12162,51519.334973686498
12163,51519.334973686542
12164,51534.683102408249
12165,51537.420493876823
12166,51539.363594014045
12167,51540.097653829893
12168,51558.813391290707
12169,51558.813391290736
12170,51562.927172132549
12171,51564.047239543732
12172,51571.283129242867
12173,51573.432740510732
12174,51579.75081946711
12175,51580.047234605896
12176,51591.338946917094
12177,51591.916535616198
12178,51608.224228025894
12179,51612.621008327471
12180,51618.276212637807
12181,51621.9529204258
12182,51627.902754618699
12183,51632.729037697994
12184,51640.456433486965
12185,51640.996174976121
12186,51647.639830900574
12187,51647.639830900618
12188,51651.363298683638
12189,51651.508313960614
12190,51657.509435301705
12191,51657.509435301858
12192,51662.628379624526
12193,51662.726597686087
12194,51682.098563837055
12195,51687.118248504994
12196,51687.118248505001
12197,51694.945001767439
12198,51713.058624121186
12199,51714.35585501157
12200,51717.191299443046
12201,51729.883753273134
12202,51730.375186034958
12203,51736.466270510318
12204,51736.466270510384
12205,51745.622211869195
12206,51747.379052703182
12207,51749.661914010736
12208,51751.51253782917
12209,51751.970294379571
12210,51766.075083713637
12211,51766.075083713673
12212,51766.075083713687
12213,51766.075083713702
12214,51766.831929864158
12215,51769.669226132501
12216,51787.402415769619
12217,51795.683896916882
12218,51795.683896916991
12219,51799.171263922493
12220,51800.538847134216
12221,51805.553501317874
12222,51805.553501317911
12223,51805.553501318085
12224,51805.553501318129
12225,51810.716670982925
12226,51811.193719791263
12227,51816.826868056349
12228,51817.794523470664
12229,51832.028194644103
12230,51835.162314521185
12231,51835.162314521331
12232,51835.16231452136
12233,51835.162314521491
12234,51837.152608226883
12235,51840.199154637456
12236,51855.390385022969
12237,51857.714974431139
12238,51864.143678229164
12239,51874.640732125619
12240,51874.64073212575
12241,51884.149082630756
12242,51886.804935054584
12243,51886.825662602547
12244,51891.457134430115
12245,51897.738652265289
12246,51900.166638941657
12247,51904.838094424478
12248,51904.951578395383
12249,51914.017825617455
12250,51914.041883852515
12251,51917.523900671957
12252,51917.63425414644
12253,51923.988754131082
12254,51923.988754131176
12255,51925.91569215159
12256,51926.47200435157
12257,51929.362068121423
12258,51929.992456420281
12259,51945.008952641183
12260,51945.42476182447
12261,51954.737620664804
12262,51963.467171735385
12263,51963.467171735472
12264,51963.467171735487
12265,51963.467171735552
12266,51964.852827227434
12267,51965.144719152828
12268,51972.384699192815
12269,51973.336776136603
12270,51973.336776136683
12271,51977.941222651789
12272,52002.525101800806
12273,52018.911482323521
12274,52022.572600889354
12275,52029.149931140935
12276,52029.179648621728
12277,52029.371498056033
12278,52036.999791598631
12279,52042.424006944035
12280,52042.424006944137
12281,52042.793596306685
12282,52047.01737466552
12283,52051.573185781097
12284,52052.29361134534
12285,52052.293611345362
12286,52053.107046777644
12287,52053.232985474002
12288,52057.544041130437
12289,52060.93904707089
12290,52077.182109101399
12291,52077.831435825952
12292,52089.773476901966
12293,52090.739231718821
12294,52098.214622980442
12295,52099.952612316665
12296,52116.253957572539
12297,52119.26193154716
12298,52121.380842152881
12299,52121.380842152998
12300,52126.568223066541
12301,52127.126669627745
12302,52130.655348753666
12303,52130.810074043584
12304,52134.586197956232
12305,52135.268276509421
12306,52144.543847938825
12307,52150.989655356163
12308,52150.989655356214
12309,52151.038607906121
12310,52153.857486299719
12311,52155.755665790253
12312,52162.380193164849
12313,52162.799898990772
12314,52175.12458850797
12315,52175.843169022461
12316,52186.016150217554
12317,52190.468072960452
12318,52190.468072960561
12319,52192.731968627551
12320,52200.724459225203
12321,52201.090712334051
12322,52210.207281762683
12323,52210.207281762807
12324,52217.659039345628
12325,52222.633464277424
12326,52222.712500568203
12327,52230.415294015664
12328,52251.807771984742
12329,52252.168762112116
12330,52268.816075377021
12331,52268.981539538268
12332,52279.294512570341
12333,52279.29451257045
12334,52296.117870256421
12335,52300.483549315817
12336,52308.90332577363
12337,52308.903325773637
12338,52308.90332577371
12339,52308.903325773739
12340,52308.903325773746
12341,52308.90332577379
12342,52311.611425212715
12343,52312.708704048557
12344,52321.011268581649
12345,52322.179675061961
12346,52345.741479312805
12347,52345.979899385973
12348,52353.263015517732
12349,52353.621017857091
12350,52358.251347778969
12351,52358.251347779005
12352,52358.251347779093
12353,52358.251347779194
12354,52363.027050588564
12355,52370.172079399199
12356,52371.127970255038
12357,52373.108444968238
12358,52378.833427663718
12359,52379.223958048562
12360,52397.72976538341
12361,52397.72976538341
12362,52405.227760204696
12363,52407.479147221318
12364,52423.487408715941
12365,52425.513641838406
12366,52447.077787388836
12367,52447.077787388895
12368,52450.294852283529
12369,52450.432785381308
12370,52453.363064411627
12371,52454.14723233624
12372,52468.958595634518
12373,52468.992556930818
12374,52470.888547425508
12375,52473.700613801469
12376,52476.686600591951
12377,52476.686600592104
12378,52476.686600592198
12379,52476.686600592293
12380,52493.932681927661
12381,52494.221689320155
12382,52503.914231712617
12383,52505.436366727627
12384,52507.983870554839
12385,52509.462781037677
12386,52516.165018196451
12387,52516.16501819648
12388,52516.165018196523
12389,52516.165018196654
12390,52527.682302706795
12391,52533.746845016612
12392,52534.003361393552
12393,52536.511679906245
12394,52536.751881047945
12395,52540.236135731997
12396,52549.868610907528
12397,52553.392568359603
12398,52585.252249004152
12399,52585.252249004174
12400,52586.694317527195
12401,52587.362667143054
12402,52595.121853405093
12403,52595.1218534051
12404,52602.051466345059
12405,52602.206419456073
12406,52604.991457805983
12407,52604.991457806136
12408,52604.991457806216
12409,52604.991457806223
12410,52604.991457806282
12411,52604.991457806282
12412,52604.991457806369
12413,52604.991457806624
12414,52609.374573623645
12415,52610.913859917055
12416,52620.919476653165
12417,52621.016887255864
12418,52624.378587977822
12419,52626.345844406525
12420,52627.070135026006
12421,52630.557139606855
12422,52634.600271009534
12423,52634.600271009607
12424,52648.815921194102
12425,52648.888223608716
12426,52651.505555711658
12427,52651.652332313366
12428,52674.078688613852
12429,52674.078688613939
12430,52679.802782505045
12431,52680.108116133997
12432,52683.948293014982
12433,52683.94829301499
12434,52683.948293015026
12435,52683.94829301507
12436,52697.022162007837
12437,52702.854295740792
12438,52703.339579550149
12439,52706.482836595933
12440,52713.557106218279
12441,52713.557106218344
12442,52715.603918846035
12443,52719.930214851876
12444,52728.202264109437
12445,52728.238843010615
12446,52730.952869976747
12447,52734.829694189713
12448,52736.237029927688
12449,52751.883035735431
12450,52753.035523822517
12451,52753.035523822575
12452,52753.035523822589
12453,52753.035523822691
12454,52757.585344622152
12455,52763.22610098555
12456,52774.023684760898
12457,52775.584602156137
12458,52783.178231117272
12459,52783.997649191406
12460,52787.317546396473
12461,52788.432290256125
12462,52800.229455741799
12463,52800.380344187135
12464,52801.546516820497
12465,52805.092271308466
12466,52809.062657098613
12467,52831.992359031232
12468,52831.992359031254
12469,52831.992359031377
12470,52831.992359031414
12471,52834.017365211745
12472,52835.264612475155
12473,52841.861963432311
12474,52841.861963432384
12475,52844.419381440151
12476,52854.562415969573
12477,52854.874872967725
12478,52862.697342848092
12479,52865.582407746908
12480,52880.745132464996
12481,52882.510021685419
12482,52883.428260147652
12483,52891.30588809216
12484,52895.330706641282
12485,52895.931693060331
12486,52905.857672517188
12487,52908.366163273226
12488,52908.601295140135
12489,52921.415815432287
12490,52929.081264457112
12491,52938.68292834457
12492,52938.955638870757
12493,52940.558007443309
12494,52940.558007443309
12495,52950.42761184425
12496,52950.427611844287
12497,52950.427611844418
12498,52950.427611844447
12499,52950.427611844469
12500,52950.427611844527
12501,52950.427611844621
12502,52950.42761184468
12503,52958.386052013688
12504,52963.10115353216
12505,52966.876238774588
12506,52992.14796115589
12507,52992.482534897215
12508,52997.965093868828
12509,52998.179137165956
12510,53015.30425767586
12511,53015.595341070017
12512,53016.941736575784
12513,53025.219420949834
12514,53028.437062358025
12515,53030.287543102022
12516,53032.998569975171
12517,53037.051359084639
12518,53039.034806477699
12519,53051.329495567312
12520,53066.642210108344
12521,53070.573293416703
12522,53073.800705402522
12523,53073.880062606026
12524,53078.732469058508
12525,53078.732469058683
12526,53093.93912985723
12527,53095.068328311652
12528,53098.471677860696
12529,53098.471677860864
12530,53098.471677860907
12531,53098.471677860944
12532,53102.497656930645
12533,53103.314689438965
12534,53107.62091670763
12535,53108.341282261754
12536,53108.341282261827
12537,53108.478878208363
12538,53130.81163179213
12539,53131.741060462344
12540,53137.950095465079
12541,53137.950095465167
12542,53140.041264253377
12543,53140.220921540473
12544,53141.544200931872
12545,53141.962696862705
12546,53157.689304267238
12547,53157.689304267471
12548,53157.767774216882
12549,53158.548593846725
12550,53161.238382138035
12551,53163.55852529237
12552,53164.024719254274
12553,53174.58153494967
12554,53187.298117470564
12555,53187.298117470673
12556,53187.298117470695
12557,53187.298117470738
12558,53197.984227845904
12559,53201.712403389698
12560,53216.906930673722
12561,53216.906930673955
12562,53221.885087935705
12563,53222.114977662197
12564,53226.776535074925
12565,53226.776535074947
12566,53235.270840554949
12567,53244.541078620619
12568,53263.618872558785
12569,53266.903599114667
12570,53278.148529509286
12571,53278.59352396107
12572,53286.062708934522
12573,53291.034008543349
12574,53293.005616886083
12575,53295.272684103205
12576,53315.602974684632
12577,53315.602974684756
12578,53315.602974684785
12579,53315.602974684938
12580,53320.979215931016
12581,53323.488324343845
12582,53325.692795868919
12583,53327.106933550858
12584,53327.162303349665
12585,53328.113519216393
12586,53332.100209569006
12587,53332.55261744609
12588,53342.004165153645
12589,53342.282229322351
12590,53349.853972177028
12591,53351.383938844396
12592,53357.950976832908
12593,53357.962603391585
12594,53367.313878873349
12595,53368.485735227536
12596,53374.820601091073
12597,53374.820601091262
12598,53374.820601091371
12599,53384.690205492392
12600,53384.690205492501
12601,53394.559809893202
12602,53394.559809893421
12603,53394.559809893464
12604,53394.559809893595
12605,53405.778073459078
12606,53405.779667827766
12607,53406.892331999843
12608,53407.741426636356
12609,53420.06858661455
12610,53421.547382248289
12611,53424.168623096637
12612,53424.168623096666
12613,53425.553476904905
12614,53428.942460838931
12615,53442.049191863349
12616,53442.83080108869
12617,53452.497230686997
12618,53453.15741962591
12619,53453.777436299926
12620,53453.777436300028
12621,53463.647040701057
12622,53463.647040701071
12623,53467.981511504244
12624,53468.015056016186
12625,53478.905732786814
12626,53479.115267498564
12627,53485.830053688529
12628,53487.268050626539
12629,53511.768896164882
12630,53511.829786558184
12631,53516.956433728854
12632,53518.153763682429
12633,53518.809091343835
12634,53519.530031849667
12635,53525.942996220707
12636,53526.71401261985
12637,53541.989172105008
12638,53543.688559492301
12639,53545.503198583574
12640,53550.502742630524
12641,53552.473480310866
12642,53552.473480310902
12643,53564.277317029075
12644,53564.317355811967
12645,53572.054414405946
12646,53572.351752156923
12647,53582.082293514031
12648,53582.082293514104
12649,53582.082293514148
12650,53582.082293514271
12651,53596.774676633315
12652,53603.700350473911
12653,53638.345770706903
12654,53645.843422446073
12655,53651.597467466832
12656,53651.955249078317
12657,53658.235654665623
12658,53658.495726106208
12659,53661.039128722907
12660,53661.039128723001
12661,53665.152820071671
12662,53665.768885685829
12663,53690.647941926203
12664,53690.647941926225
12665,53690.647941926269
12666,53690.64794192632
12667,53695.273691149167
12668,53695.340259709992
12669,53700.517546327254
12670,53700.517546327428
12671,53717.213695447404
12672,53718.789815302014
12673,53721.749519367288
12674,53730.12635953047
12675,53730.126359530506
12676,53736.260829092898
12677,53739.995963931338
12678,53739.995963931746
12679,53748.447016366561
12680,53748.955078904473
12681,53751.414780832929
12682,53751.583277205573
12683,53754.197843277965
12684,53757.885248493389
12685,53759.141763476953
12686,53773.448491623029
12687,53776.068842316665
12688,53779.474381535947
12689,53779.474381536056
12690,53785.203973721538
12691,53785.40029228566
12692,53787.345147450527
12693,53789.343985936735
12694,53789.343985936983
12695,53789.343985937005
12696,53789.343985937106
12697,53789.343985937165
12698,53789.343985937259
12699,53789.901601819147
12700,53794.761574658754
12701,53797.792157114622
12702,53797.96504864395
12703,53802.939381376345
12704,53803.658889610451
12705,53823.861119107671
12706,53840.969385666707
12707,53841.263430092498
12708,53858.13973594542
12709,53858.702272515075
12710,53860.695266039053
12711,53860.823128384633
12712,53868.300821145785
12713,53868.300821145815
12714,53869.267369975387
12715,53884.668556036755
12716,53889.159954330484
12717,53893.062943351812
12718,53902.23797563518
12719,53902.261544029701
12720,53910.382893988644
12721,53917.154958316423
12722,53918.338542164136
12723,53926.906368933727
12724,53933.805313986304
12725,53937.081103506534
12726,53937.388051953232
12727,53937.388051953356
12728,53937.38805195337
12729,53937.388051953552
12730,53940.179130908269
12731,53941.902278829919
12732,53952.58434600335
12733,53952.740748220211
12734,53991.737335025551
12735,54016.344887161955
12736,54016.344887162122
12737,54016.344887162195
12738,54016.344887162275
12739,54020.321917511828
12740,54021.477193850158
12741,54026.503368356789
12742,54030.139389379336
12743,54038.616777045791
12744,54041.557480935204
12745,54044.952167355361
12746,54045.953700365309
12747,54045.95370036544
12748,54052.226022566851
12749,54053.233518157067
12750,54055.823304766309
12751,54055.823304766418
12752,54062.454801274922
12753,54066.102627680666
12754,54070.029999440594
12755,54070.057243162642
12756,54072.832857872672
12757,54077.00948480791
12758,54077.093941449391
12759,54077.437771798672
12760,54077.460983889374
12761,54085.432117969707
12762,54085.432117969838
12763,54085.432117969918
12764,54085.432117970013
12765,54086.824750301705
12766,54093.846166044685
12767,54093.880725292991
12768,54097.695744731478
12769,54105.171326771815
12770,54105.17132677183
12771,54107.269081338469
12772,54107.83259396824
12773,54126.401113304775
12774,54127.063889036748
12775,54128.531968252239
12776,54134.249663837021
12777,54134.780139975133
12778,54134.780139975199
12779,54134.780139975242
12780,54134.780139975279
12781,54138.514765272063
12782,54142.365229307507
12783,54146.170888199289
12784,54149.260921806046
12785,54161.240104841469
12786,54161.260849456288
12787,54180.303464875884
12788,54180.393419210559
12789,54184.12816198053
12790,54184.128161980567
12791,54184.12816198061
12792,54184.128161980698
12793,54187.320663895989
12794,54188.81773264362
12795,54194.045773119135
12796,54194.949289398566
12797,54203.867370782638
12798,54203.867370782711
12799,54211.18380028876
12800,54212.202711101483
12801,54215.907603124229
12802,54220.019883052461
12803,54227.52630089478
12804,54227.61905312715
12805,54250.214924264605
12806,54250.329509118026
12807,54258.110080907405
12808,54261.66223068715
12809,54263.084997189093
12810,54263.084997189275
12811,54264.166134275882
12812,54271.672007096728
12813,54288.096603961196
12814,54289.678800628782
12815,54292.693810392375
12816,54292.693810392499
12817,54299.514218044365
12818,54300.112616264174
12819,54329.82152660939
12820,54330.927714531172
12821,54342.041832397932
12822,54342.041832397997
12823,54348.892157680973
12824,54350.728283727745
12825,54356.396828771816
12826,54356.55335417929
12827,54360.264416623068
12828,54361.781041200215
12829,54361.781041200513
12830,54362.67662070354
12831,54367.878584974278
12832,54367.946664466217
12833,54373.170487210722
12834,54373.612841237351
12835,54382.407182126553
12836,54383.917764153841
12837,54397.489842852163
12838,54399.82399371951
12839,54401.259458804452
12840,54401.259458804525
12841,54401.259458804539
12842,54401.259458804583
12843,54409.497942546499
12844,54409.604035938035
12845,54411.129063205473
12846,54411.129063205612
12847,54411.129063205612
12848,54411.12906320575
12849,54430.766760586033
12850,54433.939872497773
12851,54434.440271441956
12852,54437.362694002019
12853,54439.852470353275
12854,54443.022631111737
12855,54450.607480809806
12856,54450.607480810038
12857,54451.60891523827
12858,54458.466878805069
12859,54469.696751872718
12860,54469.946260413708
12861,54480.855995567726
12862,54481.94635281997
12863,54490.085898414342
12864,54490.085898414392
12865,54515.620477556215
12866,54516.023078582009
12867,54519.694711617667
12868,54519.694711617798
12869,54529.564316018375
12870,54529.564316018492
12871,54529.564316018565
12872,54529.564316018572
12873,54529.564316018623
12874,54529.564316018652
12875,54529.564316018703
12876,54529.564316018732
12877,54529.564316018739
12878,54529.564316018819
12879,54529.564316018827
12880,54529.564316018957
12881,54537.412903114819
12882,54537.639511404079
12883,54546.993292961262
12884,54549.532907560897
12885,54553.008543669363
12886,54553.213030029692
12887,54556.918578625548
12888,54567.730719143801
12889,54595.464272371013
12890,54597.725870643633
12891,54608.407036479832
12892,54609.333683394951
12893,54617.921597404289
12894,54619.197305716414
12895,54638.129964430686
12896,54638.129964430736
12897,54647.999568831612
12898,54647.99956883175
12899,54652.464639364785
12900,54652.680462164222
12901,54666.433390038823
12902,54670.916675468987
12903,54676.247531176356
12904,54676.310898287571
12905,54677.608382034843
12906,54677.608382034894
12907,54677.608382035083
12908,54677.608382035192
12909,54706.965241313999
12910,54707.922195239073
12911,54726.956404040473
12912,54726.956404040626
12913,54726.956404040655
12914,54726.956404040837
12915,54731.220133466202
12916,54732.2274371522
12917,54733.504800052811
12918,54734.239161046353
12919,54737.56047335179
12920,54737.91838991754
12921,54748.347945331465
12922,54749.023759963231
12923,54749.239665385285
12924,54751.806687818796
12925,54756.634031826448
12926,54769.373048530106
12927,54776.297178829525
12928,54776.384034444578
12929,54784.745179805024
12930,54787.292942774962
12931,54788.619666827355
12932,54788.626824253537
12933,54790.256145768129
12934,54790.286734394074
12935,54800.684092607713
12936,54805.486732585399
12937,54805.58846601261
12938,54805.913239249181
12939,54805.913239249523
12940,54815.78284365026
12941,54815.782843650421
12942,54818.260272707419
12943,54818.264813880756
12944,54820.808425106123
12945,54823.953423712257
12946,54826.091865530419
12947,54834.128178820451
12948,54834.176902183637
12949,54845.391656853448
12950,54845.39165685355
12951,54855.139906710188
12952,54861.545330253473
12953,54866.510333003542
12954,54866.923850069514
12955,54871.724684565277
12956,54885.651477385145
12957,54886.482635532018
12958,54901.769770346174
12959,54916.332502748082
12960,54919.299672991096
12961,54920.161197299567
12962,54925.825189718838
12963,54927.166775474499
12964,54928.99814986562
12965,54935.073503933563
12966,54935.202798338338
12967,54951.648674678574
12968,54952.782821737652
12969,54956.383518074894
12970,54957.126620166804
12971,54963.826909666663
12972,54963.826909666757
12973,54968.35132386889
12974,54973.696514067597
12975,54973.696514067662
12976,54973.696514067728
12977,54973.696514067829
12978,55000.249891436688
12979,55003.305327271024
12980,55003.305327271148
12981,55004.783975652274
12982,55007.520221032792
12983,55008.949252873506
12984,55020.480366685704
12985,55024.027539347364
12986,55024.937217224302
12987,55032.914140474139
12988,55032.914140474182
12989,55032.914140474233
12990,55032.91414047427
12991,55037.297572913347
12992,55037.426749047016
12993,55052.653349276428
12994,55052.653349276501
12995,55061.890583370179
12996,55061.943938803954
12997,55069.629626536153
12998,55069.963840120843
12999,55082.110751644243
13000,55082.262162479616
13001,55082.262162479725
13002,55082.468357589605
13003,55086.401075489783
13004,55086.81412774288
13005,55103.794900418354
13006,55107.058370253399
13007,55111.870975682956
13008,55111.870975683029
13009,55118.288703089478
13010,55118.415444237231
13011,55121.740580084013
13012,55121.740580084064
13013,55121.740580084152
13014,55121.740580084283
13015,55123.590103093993
13016,55133.594612818233
13017,55141.503230152222
13018,55142.092595950402
13019,55144.016853426838
13020,55144.189499144988
13021,55147.161301145818
13022,55147.226751652131
13023,55152.974464206563
13024,55154.818931604525
13025,55169.325819825492
13026,55173.51162878576
13027,55187.796431525225
13028,55187.861548023764
13029,55190.717720538909
13030,55194.034883442037
13031,55210.567019693859
13032,55210.567019693903
13033,55222.667646686459
13034,55222.990698384565
13035,55226.539259349956
13036,55234.269992965899
13037,55240.175832897075
13038,55240.175832897119
13039,55240.175832897243
13040,55240.175832897265
13041,55246.477430551735
13042,55247.331365593469
13043,55255.774790533163
13044,55255.832636698928
13045,55268.2276891043
13046,55268.896471116132
13047,55289.523854902618
13048,55289.523854902691
13049,55290.726246701292
13050,55292.683575359843
13051,55295.164307500621
13052,55295.994875674391
13053,55304.409825592375
13054,55308.299150631028
13055,55308.78093404838
13056,55313.091655867654
13057,55335.402418263213
13058,55338.095588143471
13059,55348.741481309095
13060,55348.741481309182
13061,55353.547030295806
13062,55354.002266128162
13063,55370.137595537191
13064,55370.802551499371
13065,55382.674963368278
13066,55385.380229658331
13067,55386.155793889913
13068,55392.526289062
13069,55401.184709200017
13070,55403.309140488491
13071,55406.613062657336
13072,55408.061278216155
13073,55412.823996916493
13074,55413.134626887499
13075,55429.80879497432
13076,55430.721232092335
13077,55437.567920918867
13078,55437.567920918904
13079,55437.567920919064
13080,55437.5679209191
13081,55447.437525320005
13082,55447.43752532002
13083,55447.437525320398
13084,55448.433891903907
13085,55448.490420833063
13086,55453.296828921928
13087,55455.706198902313
13088,55467.17673412204
13089,55467.176734122098
13090,55467.17673412228
13091,55467.176734122302
13092,55484.871250861834
13093,55491.989121961058
13094,55513.774845807122
13095,55514.159022479995
13096,55516.524756127554
13097,55516.52475612767
13098,55516.524756127837
13099,55516.524756127903
13100,55523.94038278173
13101,55523.959480397272
13102,55526.394360528531
13103,55526.394360528779
13104,55526.394360528866
13105,55526.394360528968
13106,55538.377048071394
13107,55538.462024072956
13108,55552.602036515054
13109,55554.028285442233
13110,55556.003173731908
13111,55556.003173731937
13112,55556.003173732133
13113,55556.003173732279
13114,55558.566879145888
13115,55558.678701346682
13116,55570.926184810487
13117,55573.875624822082
13118,55576.454389833081
13119,55576.761546644913
13120,55587.913776109366
13121,55589.76084787053
13122,55593.914862906589
13123,55594.678188368365
13124,55605.351195737312
13125,55605.351195737458
13126,55605.999446878392
13127,55606.632801683954
13128,55613.34357677291
13129,55614.083403519704
13130,55621.858966336098
13131,55623.775319455613
13132,55625.090404539602
13133,55625.090404539631
13134,55630.649897103227
13135,55630.903296464043
13136,55649.256092444492
13137,55649.498760154413
13138,55662.098717434827
13139,55662.5685251701
13140,55674.438426545035
13141,55674.438426545159
13142,55700.767121348195
13143,55707.881183947247
13144,55713.780790928933
13145,55713.916844149331
13146,55713.916844149397
13147,55713.916844149448
13148,55713.916844149535
13149,55714.610408447974
13150,55716.934818619113
13151,55718.457774752162
13152,55729.915087535788
13153,55730.030561731306
13154,55738.240089571584
13155,55743.525657352657
13156,55743.525657352737
13157,55747.092820238227
13158,55761.092459779749
13159,55761.103491705297
13160,55762.105538033626
13161,55762.876961274582
13162,55763.264866154655
13163,55763.264866154794
13164,55763.264866154845
13165,55763.264866154866
13166,55763.264866154866
13167,55763.264866154939
13168,55768.401976480614
13169,55768.930866684896
13170,55783.004074956887
13171,55783.004074957025
13172,55788.561761490892
13173,55791.650317632622
13174,55792.873679358112
13175,55792.873679358177
13176,55800.94100444005
13177,55808.616634519145
13178,55810.116802107397
13179,55813.851403760898
13180,55814.697595360522
13181,55815.728830588778
13182,55829.436505130798
13183,55829.547757843276
13184,55830.622387197334
13185,55832.352096962488
13186,55832.352096962655
13187,55834.963879498449
13188,55835.040006646494
13189,55835.991578021793
13190,55842.3154932537
13191,55843.914792897333
13192,55844.502719984564
13193,55867.619535755803
13194,55871.830514566769
13195,55871.830514566842
13196,55871.830514566951
13197,55871.83051456714
13198,55871.985580440203
13199,55872.172458939996
13200,55879.375144102974
13201,55881.806012707304
13202,55904.63165533678
13203,55921.178536572348
13204,55921.178536572428
13205,55933.663545755546
13206,55933.701064561239
13207,55940.917745374361
13208,55940.917745374441
13209,55940.917745374543
13210,55940.917745374623
13211,55944.756530778322
13212,55946.483148004467
13213,55950.787349775521
13214,55950.787349775776
13215,55959.733140582073
13216,55966.703655753154
13217,55971.580649774311
13218,55974.763351116773
13219,55980.396162978854
13220,55980.396162978883
13221,55980.659452012675
13222,55985.140146306083
13223,55985.44352809227
13224,55989.358710921719
13225,55990.004039795611
13226,56000.135371781078
13227,56000.135371781136
13228,56007.134790070959
13229,56045.905937320924
13230,56047.808569727538
13231,56059.390232814265
13232,56059.604978320363
13233,56064.3435742414
13234,56070.449303927759
13235,56075.858242125083
13236,56079.248859733991
13237,56082.232492047835
13238,56082.246100628246
13239,56082.618302263152
13240,56098.831415791952
13241,56098.83141579212
13242,56100.681167024093
13243,56100.790764115518
13244,56109.216371005154
13245,56109.374559795157
13246,56128.082892507999
13247,56128.083354043512
13248,56132.507691466657
13249,56148.179437797342
13250,56148.179437797378
13251,56151.523956036966
13252,56151.941663585276
13253,56152.45065346019
13254,56158.049042198276
13255,56158.049042198385
13256,56158.049042198472
13257,56158.049042198676
13258,56161.526350877502
13259,56163.40780018385
13260,56169.068105764622
13261,56177.136889943649
13262,56177.435740763998
13263,56178.504357533398
13264,56179.836082330483
13265,56184.746316633849
13266,56187.657855401667
13267,56187.657855401776
13268,56198.57153954557
13269,56199.83176472273
13270,56213.181088659672
13271,56213.508805942351
13272,56217.266668604832
13273,56217.266668605072
13274,56217.447452075299
13275,56220.587157114933
13276,56243.081986180783
13277,56243.163424901584
13278,56250.476435879391
13279,56252.378835016534
13280,56260.905879916165
13281,56266.614690610433
13282,56266.61469061047
13283,56267.597599173467
13284,56269.190443132269
13285,56269.193842202942
13286,56270.977910653273
13287,56271.035024818397
13288,56285.196648649689
13289,56289.901582680737
13290,56298.537238741228
13291,56298.553905153931
13292,56310.435114445288
13293,56313.382662893746
13294,56315.962712615939
13295,56315.962712615947
13296,56341.126100373942
13297,56346.274158232052
13298,56346.278886165317
13299,56352.929958822882
13300,56354.726515176058
13301,56359.62983414776
13302,56377.274258446181
13303,56378.197304371999
13304,56385.049943423437
13305,56385.049943423532
13306,56385.049943423706
13307,56385.04994342375
13308,56386.424137685339
13309,56386.571271783039
13310,56387.914776919024
13311,56387.947842721864
13312,56394.919547824589
13313,56394.919547824735
13314,56397.642044932327
13315,56398.885157670753
13316,56403.526347394378
13317,56403.707953451856
13318,56414.658756626784
13319,56414.658756626894
13320,56421.291598236741
13321,56421.576648535352
13322,56424.528361027857
13323,56424.528361027988
13324,56425.065328458259
13325,56426.572048808972
13326,56435.235316767838
13327,56438.327743244772
13328,56441.538583620611
13329,56441.862601753055
13330,56451.265991695582
13331,56455.902924206152
13332,56467.77760889403
13333,56468.172679468364
13334,56473.876383033283
13335,56473.876383033414
13336,56503.437238546372
13337,56503.485196236506
13338,56503.485196236579
13339,56503.485196236594
13340,56503.485196236659
13341,56503.485196236681
13342,56503.485196236754
13343,56503.780434843364
13344,56521.154780252575
13345,56523.063637169987
13346,56528.85443050733
13347,56530.945276521248
13348,56542.963613840868
13349,56542.963613840875
13350,56542.963613840941
13351,56542.963613841013
13352,56546.546385949441
13353,56547.105704933485
13354,56557.784987374209
13355,56558.006438865144
13356,56572.572427044208
13357,56572.572427044412
13358,56572.603734856697
13359,56576.408150002433
13360,56582.442031445273
13361,56582.442031445316
13362,56591.764534513997
13363,56592.116177113327
13364,56596.179196974408
13365,56599.374292952576
13366,56610.902109760733
13367,56610.975650663284
13368,56621.920449049598
13369,56621.920449049852
13370,56623.022482055276
13371,56623.419493357927
13372,56629.215702468486
13373,56631.109484059794
13374,56648.586177580459
13375,56656.39173602347
13376,56661.398866653864
13377,56661.398866653974
13378,56668.917742125275
13379,56669.023621491782
13380,56693.435132765648
13381,56694.981008706898
13382,56705.679335441208
13383,56706.375398109209
13384,56710.746888659392
13385,56710.746888659509
13386,56710.746888659611
13387,56710.746888659662
13388,56710.746888659691
13389,56710.746888659807
13390,56719.340143083849
13391,56719.799138479815
13392,56734.434125605505
13393,56734.633437204429
13394,56737.117047797612
13395,56737.930884216046
13396,56740.355701862623
13397,56740.35570186274
13398,56747.238383027645
13399,56748.530819855092
13400,56749.023765185717
13401,56752.615183240654
13402,56770.43022599852
13403,56771.143312656342
13404,56774.739107944602
13405,56775.870968120849
13406,56806.395546649328
13407,56807.410650258273
13408,56814.48680313435
13409,56815.973592662325
13410,56824.730091589634
13411,56824.817699954729
13412,56832.859118546214
13413,56834.491592854734
13414,56848.921350274715
13415,56848.921350274766
13416,56855.3331472555
13417,56866.876160426233
13418,56873.291637005357
13419,56879.502715358765
13420,56883.479062670733
13421,56883.642984628801
13422,56889.860472792883
13423,56890.185189981181
13424,56892.710821089786
13425,56892.751576782081
13426,56898.269372279974
13427,56898.269372280134
13428,56898.269372280229
13429,56898.269372280258
13430,56898.565931509947
13431,56920.62792281976
13432,56937.747789884415
13433,56937.747789884532
13434,56947.617394285451
13435,56947.617394285524
13436,56947.617394285633
13437,56947.61739428564
13438,56949.613173419522
13439,56950.448731365737
13440,56959.552820234407
13441,56975.135268180216
13442,56977.138981053417
13443,56990.11008635597
13444,56991.540445595543
13445,56999.594526454268
13446,57011.526347586914
13447,57011.70215469625
13448,57016.704625093014
13449,57016.704625093167
13450,57016.704625093284
13451,57016.704625093342
13452,57021.814378877898
13453,57021.839434823945
13454,57023.920607484935
13455,57024.092352150081
13456,57026.545360742646
13457,57029.739216407186
13458,57042.949398912053
13459,57043.119180984533
13460,57046.313438296238
13461,57046.313438296515
13462,57046.313438296609
13463,57046.313438296675
13464,57046.313438296696
13465,57046.313438296915
13466,57052.350393893379
13467,57055.594276933283
13468,57057.577741507164
13469,57057.579933523761
13470,57064.729956469135
13471,57071.407373126647
13472,57073.501164040012
13473,57084.403721447561
13474,57084.876769359951
13475,57085.933393226762
13476,57086.34474510057
13477,57087.832508276297
13478,57088.107064506235
13479,57093.052840021031
13480,57093.600572982366
13481,57095.661460301752
13482,57095.661460301853
13483,57095.661460301919
13484,57095.661460302013
13485,57095.661460302021
13486,57095.661460302115
13487,57095.661460302152
13488,57095.661460302239
13489,57113.67437568686
13490,57134.473837174228
13491,57135.17618539001
13492,57138.952079289083
13493,57139.769513552797
13494,57151.830045529023
13495,57151.839937446566
13496,57158.279512706926
13497,57160.057205110774
13498,57164.748691109577
13499,57164.748691109657
13500,57183.003337013295
13501,57183.519510626102
13502,57183.811758529984
13503,57184.140607222929
13504,57184.487899911735
13505,57184.487899911765
13506,57202.741594502622
13507,57208.655758851084
13508,57209.174153293403
13509,57209.386566297821
13510,57218.08337423121
13511,57219.176407187122
13512,57227.125209379621
13513,57234.686615532926
13514,57234.709846859601
13515,57239.065318274064
13516,57243.705526318226
13517,57243.705526318328
13518,57243.705526318394
13519,57243.705526318452
13520,57243.705526318467
13521,57243.705526318721
13522,57243.800035807508
13523,57244.005748385927
13524,57253.575130719444
13525,57253.575130719517
13526,57268.035216356577
13527,57274.155633123963
13528,57274.585455844564
13529,57277.435663617776
13530,57277.631143739054
13531,57277.670354549584
13532,57310.623835019913
13533,57317.103281540833
13534,57318.412442183355
13535,57318.448329106883
13536,57330.248245104296
13537,57332.428646289933
13538,57332.531965927985
13539,57332.531965928152
13540,57332.531965928218
13541,57332.531965928254
13542,57339.362381455343
13543,57346.233242831593
13544,57346.697744050485
13545,57346.838555894217
13546,57358.327648428713
13547,57362.140779131376
13548,57362.140779131376
13549,57365.282128107101
13550,57372.010383532506
13551,57372.010383532674
13552,57391.076215446999
13553,57391.191291869727
13554,57401.595413493873
13555,57412.7486828127
13556,57418.309054657839
13557,57418.344368773891
13558,57421.358405537954
13559,57421.358405538042
13560,57422.438332662336
13561,57422.797148116806
13562,57433.843979102683
13563,57433.887124630652
13564,57434.426324196422
13565,57434.715596144772
13566,57450.967218741265
13567,57450.967218741287
13568,57459.921594094405
13569,57461.570572074212
13570,57464.454199261381
13571,57464.50414874305
13572,57478.132540049475
13573,57490.445636345452
13574,57490.445636345474
13575,57490.445636345525
13576,57490.445636345576
13577,57490.445636345597
13578,57490.445636345772
13579,57491.929895740235
13580,57492.743525024889
13581,57495.878788171038
13582,57498.794626222843
13583,57499.116271230872
13584,57538.973139366324
13585,57539.471682598611
13586,57546.024216620521
13587,57546.592137948166
13588,57559.532867153117
13589,57566.493295111264
13590,57567.051144998688
13591,57571.743687254042
13592,57571.838145444424
13593,57579.272075955276
13594,57579.272075955465
13595,57585.626827312502
13596,57586.599966971407
13597,57600.785921717135
13598,57606.410463287255
13599,57608.880889158449
13600,57608.880889158609
13601,57608.88088915863
13602,57608.880889158667
13603,57627.134780783686
13604,57628.280902986713
13605,57638.489702361687
13606,57638.489702361803
13607,57638.489702361883
13608,57638.489702362094
13609,57640.768472533644
13610,57641.956091353983
13611,57654.769329836294
13612,57654.802528449436
13613,57664.047964339239
13614,57667.09270202092
13615,57667.58887089933
13616,57674.785553884889
13617,57680.707335425184
13618,57680.812564071661
13619,57693.35845471319
13620,57693.744788912918
13621,57698.025509913095
13622,57704.514660142049
13623,57725.346152487306
13624,57726.237582390713
13625,57727.316141971751
13626,57727.31614197178
13627,57735.235017097475
13628,57735.436309124343
13629,57737.18574637275
13630,57737.185746372772
13631,57737.185746372794
13632,57737.185746372837
13633,57737.185746372954
13634,57737.185746372961
13635,57759.854102101344
13636,57762.824743920086
13637,57763.015844308095
13638,57764.266823455
13639,57769.292739261051
13640,57769.297196997919
13641,57798.150014617655
13642,57798.458050260575
13643,57800.664772197233
13644,57801.489900507317
13645,57803.409460636329
13646,57806.272977180306
13647,57806.272977180488
13648,57807.92704199643
13649,57808.762501250851
13650,57812.517845986389
13651,57816.14258158116
13652,57816.142581581356
13653,57816.142581581524
13654,57816.142581581546
13655,57835.88179038329
13656,57835.881790383617
13657,57835.881790383675
13658,57835.881790383886
13659,57845.387331556958
13660,57845.751394784747
13661,57845.751394785031
13662,57846.48615748973
13663,57846.83639057554
13664,57852.973657578303
13665,57863.60649009097
13666,57864.116443612293
13667,57864.396487360267
13668,57866.216949588263
13669,57875.360207987964
13670,57875.360207987993
13671,57888.618542989636
13672,57888.876302609402
13673,57913.009813503595
13674,57914.279697681144
13675,57919.266565374324
13676,57919.678946386412
13677,57921.244734195199
13678,57924.70822999347
13679,57924.708229993521
13680,57932.812203209258
13681,57935.0421820314
13682,57935.595826037104
13683,57940.614132689421
13684,57944.070738705479
13685,57947.687994956912
13686,57948.636580222752
13687,57956.891793785369
13688,57974.757537594276
13689,57974.810904295373
13690,57984.980932887709
13691,57986.213988811869
13692,57988.70450636412
13693,57993.795460801055
13694,57993.79546080107
13695,57993.795460801135
13696,57993.795460801171
13697,58003.605008838837
13698,58003.665065202142
13699,58003.665065202222
13700,58003.729730599145
13701,58016.40813933406
13702,58024.756534999535
13703,58025.205448307817
13704,58042.718272609192
13705,58043.143482806568
13706,58043.14348280659
13707,58045.871418366376
13708,58053.013087207531
13709,58053.013087207677
13710,58053.013087207801
13711,58053.013087207873
13712,58064.296599735615
13713,58068.073234639734
13714,58068.115632941051
13715,58074.691406959231
13716,58076.23396234445
13717,58076.309161123907
13718,58084.674509343669
13719,58085.856221635819
13720,58091.375160549629
13721,58101.747583910132
13722,58101.833740462673
13723,58116.329534895776
13724,58117.277325687661
13725,58118.954885901279
13726,58124.375097464959
13727,58129.995076622297
13728,58133.548616743494
13729,58133.568537817206
13730,58152.903757503722
13731,58153.605673310114
13732,58169.694989653428
13733,58169.98677545305
13734,58177.256060003681
13735,58186.874243021775
13736,58201.010222423029
13737,58201.057153223956
13738,58201.057153224137
13739,58201.814260499719
13740,58204.898038065119
13741,58212.443032862735
13742,58212.580956914913
13743,58217.650279158064
13744,58218.663356083045
13745,58229.081996928835
13746,58229.734057078051
13747,58242.640530711848
13748,58242.719877739895
13749,58251.188832302658
13750,58265.821161163876
13751,58266.441735241351
13752,58270.144384031555
13753,58270.144384031715
13754,58276.688758756412
13755,58280.013988432685
13756,58280.013988432744
13757,58280.013988432816
13758,58280.013988432998
13759,58289.883592833714
13760,58289.883592833823
13761,58293.339675899872
13762,58306.043179785607
13763,58313.794981203013
13764,58313.929752774129
13765,58335.258516214228
13766,58336.889390450124
13767,58337.487317406645
13768,58343.0360134699
13769,58349.826734355054
13770,58353.113642308679
13771,58358.970823641372
13772,58358.97082364143
13773,58364.150832831452
13774,58367.62720305867
13775,58368.840428042415
13776,58368.840428042509
13777,58373.130230624163
13778,58385.289001779354
13779,58387.325931439875
13780,58388.6551555529
13781,58398.449241245609
13782,58398.449241245718
13783,58398.44924124574
13784,58398.449241245798
13785,58403.757816377482
13786,58408.698588418345
13787,58408.767083430066
13788,58409.54187196603
13789,58428.058054449022
13790,58428.058054449029
13791,58428.058054449051
13792,58428.058054449131
13793,58430.310558165656
13794,58430.982723722875
13795,58452.468494864013
13796,58452.639394164769
13797,58459.918592669688
13798,58460.497980607804
13799,58462.833039889454
13800,58467.536472053267
13801,58467.536472053493
13802,58480.021838924287
13803,58481.760058932399
13804,58481.874891095351
13805,58489.000021077205
13806,58489.305414515969
13807,58499.906164814165
13808,58501.594251255527
13809,58515.640064603627
13810,58516.023740226985
13811,58526.754098459838
13812,58526.754098459911
13813,58526.754098460049
13814,58526.754098460486
13815,58527.638221873654
13816,58527.65856478233
13817,58530.526965591853
13818,58531.448717462845
13819,58544.325657044661
13820,58548.214817171975
13821,58551.315341400936
13822,58551.779607493663
13823,58556.077245404587
13824,58556.106838139684
13825,58556.362911663149
13826,58556.362911663215
13827,58556.36291166336
13828,58556.362911663477
13829,58557.672919155557
13830,58562.005548199479
13831,58575.627902476648
13832,58575.689980303156
13833,58587.626293203903
13834,58589.730829484943
13835,58593.762819088377
13836,58593.797479410023
13837,58605.710933668561
13838,58605.710933668634
13839,58626.688434229465
13840,58626.74494702425
13841,58630.512361018882
13842,58635.319746871617
13843,58635.319746871835
13844,58635.319746871952
13845,58635.319746872097
13846,58642.534037606136
13847,58645.8159074504
13848,58645.824225481083
13849,58651.614249961822
13850,58652.982089126832
13851,58657.530099730473
13852,58661.041230618292
13853,58674.798164475877
13854,58674.798164476073
13855,58674.79816447616
13856,58674.798164476182
13857,58674.798164476386
13858,58674.7981644764
13859,58674.798164476415
13860,58674.79816447659
13861,58704.033053291525
13862,58704.872944880139
13863,58711.29364122291
13864,58712.333717762267
13865,58714.276582080463
13866,58714.276582080602
13867,58720.770616784066
13868,58720.807926855414
13869,58731.030363530634
13870,58731.160814528615
13871,58740.827450919685
13872,58741.246571727374
13873,58746.175217542223
13874,58746.209696405931
13875,58753.754999684767
13876,58753.754999684897
13877,58754.747750438182
13878,58755.829223110115
13879,58758.747573198663
13880,58763.624604085802
13881,58763.624604085933
13882,58763.624604085977
13883,58763.624604086013
13884,58766.22881686654
13885,58767.087618789046
13886,58771.807056954203
13887,58783.363812888274
13888,58783.363812888318
13889,58785.069906128956
13890,58786.984839083067
13891,58806.572605948168
13892,58807.55302866178
13893,58822.842230492541
13894,58822.842230492592
13895,58822.842230492723
13896,58822.842230492912
13897,58823.995731460665
13898,58824.022182872584
13899,58836.407021594219
13900,58836.672181027199
13901,58869.308010575718
13902,58870.665552791783
13903,58872.19025249793
13904,58872.190252498083
13905,58872.190252498091
13906,58872.190252498236
13907,58900.268763655338
13908,58901.061490916734
13909,58901.27940654815
13910,58901.799065701241
13911,58901.799065701329
13912,58904.764909085839
13913,58910.557308930045
13914,58910.708873001095
13915,58922.894368280839
13916,58923.03192182316
13917,58929.05167842759
13918,58929.44423582717
13919,58941.277483305545
13920,58941.277483305821
13921,58942.242861385646
13922,58943.02950036712
13923,58959.384477446307
13924,58966.114201375618
13925,58966.608478250128
13926,58970.199555908905
13927,58988.876576130999
13928,58989.023980976868
13929,58993.55450418844
13930,58997.558599305696
13931,59000.495109712101
13932,59000.495109712203
13933,59004.454881404621
13934,59007.572995193907
13935,59030.103922915609
13936,59030.103922915667
13937,59030.352672977118
13938,59043.269895132224
13939,59046.987053665121
13940,59058.412354536398
13941,59070.272975812935
13942,59070.326624200185
13943,59075.608199608396
13944,59076.833490959478
13945,59079.451944920875
13946,59079.451944920926
13947,59079.451944921086
13948,59079.451944921289
13949,59082.30571409376
13950,59082.620600972681
13951,59089.394713046415
13952,59091.140696325885
13953,59096.902832901425
13954,59098.537247288135
13955,59108.028076397677
13956,59109.060758124084
13957,59109.060758124113
13958,59109.060758124171
13959,59109.060758124331
13960,59113.533384327362
13961,59113.660387464108
13962,59122.10170895898
13963,59122.568415789967
13964,59132.384744890347
13965,59139.540442826859
13966,59143.225815742291
13967,59148.5391757283
13968,59148.539175728467
13969,59148.539175728627
13970,59148.539175728765
13971,59153.715801701219
13972,59157.086162461004
13973,59158.408780129706
13974,59158.408780129706
13975,59160.580687184898
13976,59161.221771920536
13977,59170.669169968525
13978,59170.798653017366
13979,59179.349153573559
13980,59179.399498718041
13981,59199.619458811503
13982,59201.55034978615
13983,59204.655755484731
13984,59227.49601093711
13985,59227.496010937306
13986,59227.496010937342
13987,59227.496010937393
13988,59229.284160870498
13989,59236.142682291436
13990,59237.365615338356
13991,59237.365615338465
13992,59243.118326251293
13993,59244.289822493942
13994,59256.676170141807
13995,59266.974428541507
13996,59266.974428541551
13997,59266.974428541595
13998,59266.974428541791
13999,59278.362169049862
14000,59278.479087755106
14001,59281.634502959067
14002,59283.688644155372
14003,59289.211076586173
14004,59289.213290749773
14005,59316.322450546977
14006,59316.322450547072
14007,59316.322450547115
14008,59316.322450547166
14009,59316.539001859826
14010,59318.353260013806
14011,59318.553058689133
14012,59321.157563115834
14013,59333.079758932261
14014,59334.795295070508
14015,59344.791734110229
14016,59354.028201451038
14017,59356.946873436376
14018,59357.80836225918
14019,59366.228123616798
14020,59366.242335801915
14021,59370.92847092764
14022,59380.316070230256
14023,59393.827452720769
14024,59393.930223024603
14025,59406.567216488496
14026,59412.692061742957
14027,59414.842414218016
14028,59419.296599761939
14029,59419.775013649014
14030,59420.611117539629
14031,59429.525544731012
14032,59429.955628842981
14033,59432.199549828954
14034,59432.267180462826
14035,59439.402901673107
14036,59443.723478696258
14037,59452.216156815026
14038,59452.784129583102
14039,59456.082204098268
14040,59456.899966031611
14041,59464.366516562739
14042,59464.366516563328
14043,59464.366516563343
14044,59464.366516563459
14045,59464.366516563612
14046,59464.366516563641
14047,59465.31253722465
14048,59466.800052970684
14049,59476.716800786351
14050,59479.008938956373
14051,59479.099607388438
14052,59485.741457148222
14053,59503.844934167726
14054,59503.844934167821
14055,59514.375777433423
14056,59522.227170240316
14057,59523.377219420283
14058,59523.461636490189
14059,59528.090281145538
14060,59528.691936521871
14061,59533.453747371037
14062,59533.453747371161
14063,59533.453747371277
14064,59533.453747371415
14065,59535.686068244133
14066,59536.388975784059
14067,59546.512666216557
14068,59554.228038699279
14069,59564.036654449978
14070,59566.187281949744
14071,59582.801769376427
14072,59582.801769376449
14073,59583.387972614873
14074,59583.390619512626
14075,59598.490623229394
14076,59598.518161279193
14077,59604.44553568968
14078,59615.345437146338
14079,59627.896132933718
14080,59630.857367659475
14081,59631.774367183913
14082,59635.932810675979
14083,59636.175690565717
14084,59638.568197718399
14085,59665.970691263195
14086,59666.16205772086
14087,59671.694928641133
14088,59672.312657992989
14089,59682.835786854266
14090,59683.100591625647
14091,59711.106626590554
14092,59711.106626590597
14093,59711.106626590743
14094,59724.75913358781
14095,59725.188934721577
14096,59730.845835392676
14097,59730.845835392793
14098,59730.84583539288
14099,59730.845835393186
14100,59730.894904728346
14101,59734.97121309975
14102,59740.715439793821
14103,59740.715439793865
14104,59750.432507363927
14105,59751.608365117769
14106,59755.711193068193
14107,59756.51922916295
14108,59763.712909495742
14109,59765.573855652547
14110,59770.32425299711
14111,59770.324252997118
14112,59770.706612474474
14113,59770.974185797204
14114,59780.19385739827
14115,59780.193857398321
14116,59787.340943714589
14117,59790.063461799225
14118,59790.063461799255
14119,59790.063461799618
14120,59790.063461799909
14121,59790.178169970299
14122,59807.430076445838
14123,59810.120860325442
14124,59818.784255139064
14125,59819.275851304206
14126,59825.366479387711
14127,59829.786971581823
14128,59835.814353931368
14129,59835.902602440001
14130,59843.842890691878
14131,59848.889197221106
14132,59859.150692606861
14133,59859.150692606898
14134,59859.150692606992
14135,59859.150692607305
14136,59869.020297008101
14137,59869.020297008152
14138,59888.759505810063
14139,59888.759505810165
14140,59888.759505810231
14141,59888.759505810514
14142,59902.433091731378
14143,59902.5954442488
14144,59906.289366194607
14145,59906.969978556175
14146,59933.970677682373
14147,59937.304164383924
14148,59938.107527815417
14149,59938.107527815533
14150,59944.081488569776
14151,59944.531412958982
14152,59947.011456587592
14153,59947.977132216569
14154,59947.977132216693
14155,59950.9091759843
14156,59951.167979657781
14157,59955.66534595644
14158,59955.962987159386
14159,59964.927047977028
14160,59972.850522225344
14161,59977.2312697663
14162,60017.891108833057
14163,60020.896672280127
14164,60026.933967425364
14165,60026.933967425444
14166,60029.159734832778
14167,60029.622579391988
14168,60033.902099167804
14169,60033.940563574586
14170,60046.673176227647
14171,60046.673176227785
14172,60048.613343214492
14173,60048.845064762165
14174,60056.542780628697
14175,60056.542780628712
14176,60056.542780628733
14177,60056.542780629294
14178,60057.387799380565
14179,60057.470149632267
14180,60073.992451916631
14181,60075.294844928976
14182,60076.764366474497
14183,60077.004061821084
14184,60079.023025932722
14185,60079.244784728086
14186,60080.597732758717
14187,60086.151593832001
14188,60086.151593832103
14189,60088.270028085899
14190,60088.74336381899
14191,60091.504608266347
14192,60096.021198232986
14193,60096.021198233073
14194,60103.01958403871
14195,60103.761088394887
14196,60111.646713644048
14197,60114.5531943436
14198,60115.321944239273
14199,60122.445252781945
14200,60122.446865837926
14201,60135.499615837456
14202,60135.499615837674
14203,60137.171715980614
14204,60138.967221653693
14205,60143.685635900016
14206,60159.327777766906
14207,60160.513862471933
14208,60162.995554618326
14209,60175.107686896517
14210,60177.780909077679
14211,60178.506071157572
14212,60184.847637842839
14213,60184.847637842911
14214,60185.241388892617
14215,60202.894900711297
14216,60204.586846645012
14217,60204.586846645114
14218,60204.586846645128
14219,60204.586846645157
14220,60204.586846645179
14221,60204.586846645208
14222,60205.24280854212
14223,60209.957335576801
14224,60210.850946127342
14225,60214.456451046106
14226,60214.456451046346
14227,60216.641404613743
14228,60216.697498200854
14229,60224.285675291212
14230,60227.902957862723
14231,60237.788621107517
14232,60237.841927156725
14233,60239.525956370111
14234,60256.405595195924
14235,60256.908839785508
14236,60273.015874433106
14237,60279.003897344883
14238,60279.976258532341
14239,60283.57175941021
14240,60285.394629978204
14241,60293.413286254654
14242,60293.413286254661
14243,60293.413286254981
14244,60293.41328625504
14245,60332.891703859255
14246,60332.89170385935
14247,60334.856815404026
14248,60336.814064907092
14249,60339.986156594889
14250,60344.971854999269
14251,60345.070394515918
14252,60355.579636753122
14253,60357.919720332109
14254,60358.07352430687
14255,60360.532824456619
14256,60380.692011079896
14257,60387.827318458752
14258,60388.458449362995
14259,60392.202034828668
14260,60398.41304271698
14261,60398.576134398114
14262,60401.978934666862
14263,60401.978934667015
14264,60401.978934667051
14265,60401.978934667131
14266,60410.001681291011
14267,60411.848539067891
14268,60411.84853906808
14269,60421.718143469057
14270,60421.718143469247
14271,60441.274784902678
14272,60443.250296908351
14273,60443.802093471437
14274,60449.800904325464
14275,60450.192975864564
14276,60451.326956672048
14277,60451.32695667215
14278,60451.326956672325
14279,60451.326956672361
14280,60457.59144588386
14281,60460.422830242635
14282,60460.808050364532
14283,60464.768148860472
14284,60465.717550145106
14285,60471.535857182243
14286,60487.982055691886
14287,60488.859593229325
14288,60491.765886744892
14289,60491.937439498201
14290,60494.532474019339
14291,60500.674978677402
14292,60500.674978677671
14293,60500.674978677802
14294,60500.674978677904
14295,60500.841457570416
14296,60512.068413639863
14297,60513.085804203787
14298,60514.978994147001
14299,60530.283791880996
14300,60530.283791881076
14301,60533.545019629804
14302,60547.607882584343
14303,60548.350774568942
14304,60558.987695643547
14305,60559.217688196448
14306,60563.114437088807
14307,60566.458564901783
14308,60569.76220948546
14309,60569.762209485481
14310,60570.254561048285
14311,60571.655406154445
14312,60584.579151670194
14313,60585.651396999187
14314,60602.756521697316
14315,60603.224997824611
14316,60603.693452413849
14317,60604.290998377081
14318,60616.713552498688
14319,60617.038420727127
14320,60627.977937255666
14321,60628.437463715789
14322,60628.783579276096
14323,60642.095932469281
14324,60647.116206442457
14325,60648.719044694131
14326,60648.719044694168
14327,60648.719044694291
14328,60648.719044694473
14329,60648.731786777767
14330,60678.327857897355
14331,60678.327857897428
14332,60678.327857897479
14333,60678.327857897602
14334,60684.988670071441
14335,60689.412324101111
14336,60698.750648143672
14337,60698.964629285241
14338,60716.840037163442
14339,60717.806275501651
14340,60717.806275501673
14341,60722.728324205877
14342,60737.545484303628
14343,60737.545484303802
14344,60737.54548430389
14345,60737.545484304188
14346,60738.415419060046
14347,60738.886918000302
14348,60755.137961002365
14349,60761.484523254534
14350,60770.311965930334
14351,60771.196859111165
14352,60771.267918952704
14353,60776.1411710951
14354,60805.291527063084
14355,60805.958955945396
14356,60806.632715111482
14357,60806.632715111482
14358,60806.632715111569
14359,60806.632715111758
14360,60814.508890806508
14361,60816.627652849966
14362,60828.353039330861
14363,60828.680857454819
14364,60828.827679876471
14365,60829.065507169034
14366,60836.556732840872
14367,60837.077223141161
14368,60846.111132715836
14369,60846.111132715909
14370,60846.111132715982
14371,60846.111132716069
14372,60857.71670793349
14373,60857.779624867246
14374,60859.956932083704
14375,60863.338108930591
14376,60866.607515614887
14377,60866.737981753271
14378,60872.805562747235
14379,60874.087186293982
14380,60884.19843421298
14381,60884.402447064873
14382,60895.459154721189
14383,60895.459154721299
14384,60895.459154721371
14385,60895.459154721699
14386,60904.479956419571
14387,60904.484847802196
14388,60912.622506515603
14389,60913.136315102936
14390,60919.650361381842
14391,60925.067967924573
14392,60925.067967924653
14393,60928.972537781723
14394,60934.715037158232
14395,60936.658220269521
14396,60950.61653497049
14397,60951.397160636443
14398,60954.676781127935
14399,60954.676781128022
14400,60969.355120016
14401,60969.52928632914
14402,60974.415989930079
14403,60974.415989930123
14404,60974.482769173424
14405,60974.484186454058
14406,60980.6546240471
14407,60980.666041269695
14408,61001.556177599836
14409,61004.631368304777
14410,61018.854564252426
14411,61020.653146118675
14412,61030.190184453706
14413,61032.152872906176
14414,61033.63361633668
14415,61033.633616336709
14416,61043.503220737774
14417,61043.503220737817
14418,61043.503220737868
14419,61043.503220738407
14420,61047.627832258855
14421,61049.741554718275
14422,61055.942890960119
14423,61056.342356968918
14424,61062.546457206554
14425,61062.622421050895
14426,61075.611076440211
14427,61075.95080224963
14428,61084.018155796904
14429,61090.660959752313
14430,61127.606038237289
14431,61127.616756215677
14432,61144.559372802687
14433,61148.258856919325
14434,61152.068869149676
14435,61152.068869150069
14436,61156.773720252022
14437,61158.739266760706
14438,61158.772315587703
14439,61161.938473550719
14440,61161.938473550807
14441,61165.299683764402
14442,61168.798691095013
14443,61168.844458177409
14444,61172.378676008382
14445,61177.733941692371
14446,61180.247158199134
14447,61184.836798502503
14448,61186.717885415281
14449,61187.083520922788
14450,61188.838446323018
14451,61191.060367892096
14452,61201.416891154993
14453,61201.416891155211
14454,61201.416891155299
14455,61201.416891155393
14456,61206.981289622687
14457,61217.434140500358
14458,61223.203987264358
14459,61236.255333498593
14460,61240.594752748817
14461,61240.696832251175
14462,61240.895308759245
14463,61240.895308759333
14464,61240.895308759391
14465,61240.895308759435
14466,61240.895308759507
14467,61240.895308759646
14468,61240.895308759696
14469,61240.895308759966
14470,61242.744447308454
14471,61244.806871248627
14472,61270.504121962796
14473,61270.504121962935
14474,61274.968787404832
14475,61278.727301008541
14476,61285.313071619006
14477,61294.107881193973
14478,61294.232481510204
14479,61300.830284923948
14480,61305.9149467444
14481,61309.982539567114
14482,61309.982539567143
14483,61322.885812874767
14484,61325.788801736897
14485,61326.83605521611
14486,61338.009055747054
14487,61340.322162648496
14488,61356.960544384659
14489,61357.042330758981
14490,61359.330561572562
14491,61359.330561572569
14492,61363.298901973023
14493,61365.604443146207
14494,61369.200165973598
14495,61369.200165973969
14496,61376.813948512186
14497,61377.078436256132
14498,61380.414499022016
14499,61398.808979176945
14500,61398.808979177018
14501,61411.489209559972
14502,61419.640614146192
14503,61419.913329900439
14504,61428.417792380191
14505,61428.417792380336
14506,61442.61555022523
14507,61442.780650996508
14508,61444.167939164814
14509,61450.609840856385
14510,61465.630040376098
14511,61467.896209984479
14512,61467.896209984523
14513,61468.820031509073
14514,61473.419204920363
14515,61473.730523891907
14516,61477.765814385442
14517,61477.765814385726
14518,61497.568279888736
14519,61497.576611585304
14520,61504.060430475372
14521,61504.098734546089
14522,61509.105106444607
14523,61515.329358881398
14524,61519.4058948526
14525,61536.229014760334
14526,61537.469775589314
14527,61538.385392775352
14528,61546.490032255722
14529,61547.881932412325
14530,61548.621060134523
14531,61551.627045294626
14532,61555.091317999148
14533,61563.086740740771
14534,61572.447644422558
14535,61573.93229664948
14536,61585.797064641352
14537,61586.009974939159
14538,61587.642832471072
14539,61591.480123363748
14540,61592.942597638081
14541,61594.915802970092
14542,61604.441254270081
14543,61604.523262285518
14544,61606.070671599766
14545,61606.070671599788
14546,61606.590798811012
14547,61608.5119895303
14548,61620.393019412266
14549,61621.233183283861
14550,61632.092363003656
14551,61633.306147488191
14552,61634.49073428641
14553,61635.679484802771
14554,61635.679484802997
14555,61635.679484803077
14556,61635.679484803419
14557,61636.363149389894
14558,61642.314399787778
14559,61642.46452981545
14560,61658.242600990685
14561,61664.972069303716
14562,61670.631097487814
14563,61670.636529044517
14564,61675.590857410461
14565,61681.36237895555
14566,61685.027506808306
14567,61685.027506808372
14568,61685.027506808416
14569,61685.027506808503
14570,61685.027506808518
14571,61685.027506808736
14572,61714.144319974846
14573,61714.636320011581
14574,61714.636320011661
14575,61714.636320011719
14576,61714.636320011756
14577,61714.636320011945
14578,61714.636320011981
14579,61714.789703495298
14580,61724.233461112162
14581,61726.797507814546
14582,61726.798827572238
14583,61731.438639211454
14584,61754.114737616241
14585,61754.114737616357
14586,61765.667251638319
14587,61771.252512045539
14588,61773.563482275909
14589,61776.860758868657
14590,61780.131617651816
14591,61780.134363460718
14592,61782.146164610655
14593,61783.314030635498
14594,61783.72355081937
14595,61783.723550819399
14596,61783.723550819574
14597,61783.723550819632
14598,61806.42920750437
14599,61808.347501575568
14600,61809.429896943562
14601,61821.513174627165
14602,61821.538348223723
14603,61822.86521368783
14604,61842.941177225766
14605,61842.941177225875
14606,61842.941177226108
14607,61842.941177226123
14608,61852.003469010946
14609,61852.343826505683
14610,61863.919143197883
14611,61863.946766910856
14612,61865.327302706326
14613,61865.661650441332
14614,61872.549990429012
14615,61872.549990429216
14616,61875.469645405319
14617,61876.812474152313
14618,61900.412378058179
14619,61900.746938986435
14620,61902.158803632461
14621,61904.151938037183
14622,61904.476110148673
14623,61906.251848778818
14624,61906.25937415981
14625,61912.02840803357
14626,61912.028408033606
14627,61912.028408033744
14628,61912.028408033781
14629,61913.049241077359
14630,61916.047819682484
14631,61921.898012434591
14632,61921.898012434642
14633,61922.656807448744
14634,61924.077496184364
14635,61932.253517761441
14636,61933.744372416018
14637,61949.782192309547
14638,61949.834292172309
14639,61951.506825637945
14640,61951.50682563796
14641,61970.329676503228
14642,61970.573641297706
14643,61981.11563884122
14644,61981.115638841293
14645,61981.115638841336
14646,61981.115638841562
14647,61985.198041737691
14648,61991.881383239655
14649,62000.854847643372
14650,62000.854847643488
14651,62003.321340080307
14652,62008.175518745142
14653,62018.285858357507
14654,62022.703567417768
14655,62031.323258833632
14656,62031.381283362243
14657,62037.029116003272
14658,62037.291634193629
14659,62077.113288017623
14660,62079.811682851469
14661,62079.811682851956
14662,62079.811682852
14663,62079.811682852058
14664,62079.811682852152
14665,62079.811682852262
14666,62079.811682852276
14667,62079.811682852625
14668,62080.761511330566
14669,62082.547552257573
14670,62085.310694621701
14671,62095.448102236085
14672,62095.479821382476
14673,62099.550891654086
14674,62099.550891654479
14675,62118.506951565607
14676,62118.664769445684
14677,62122.872293508408
14678,62122.937410414728
14679,62130.632602586949
14680,62134.304593585599
14681,62144.035126714945
14682,62147.160994544196
14683,62157.659038784906
14684,62163.894612038726
14685,62171.247366654155
14686,62171.644610621661
14687,62188.377331264091
14688,62188.377331264179
14689,62188.975845705361
14690,62190.787249889734
14691,62204.025585873809
14692,62204.767235036546
14693,62217.986144467381
14694,62217.986144467526
14695,62227.85574886814
14696,62227.855748868351
14697,62227.85574886838
14698,62227.855748868416
14699,62227.855748868453
14700,62227.855748868751
14701,62227.855748868787
14702,62227.855748869079
14703,62237.326626704496
14704,62237.860025769973
14705,62239.042231862215
14706,62239.076796413094
14707,62255.626524581297
14708,62258.880681766786
14709,62258.917265481898
14710,62260.487184857971
14711,62267.334166472807
14712,62267.334166472865
14713,62275.545487336392
14714,62279.781251861314
14715,62279.822773379885
14716,62289.060610553475
14717,62307.606829330209
14718,62318.606141073789
14719,62318.682457410774
14720,62329.641117152831
14721,62331.423717215883
14722,62340.965053077307
14723,62346.291001681238
14724,62346.291001681413
14725,62352.821576941322
14726,62352.982236104486
14727,62358.962402333367
14728,62360.886301345228
14729,62372.462953799106
14730,62384.339124502651
14731,62385.987779279872
14732,62388.13163233114
14733,62388.133056811144
14734,62393.69314215763
14735,62395.63902368689
14736,62395.639023686927
14737,62395.639023687123
14738,62395.639023687349
14739,62395.933768769639
14740,62396.679719943138
14741,62397.863410040693
14742,62406.456784805348
14743,62406.649424917967
14744,62413.504545606636
14745,62415.683184238769
14746,62417.972487020772
14747,62417.979197593741
14748,62438.243658042855
14749,62457.456576666715
14750,62458.009828960545
14751,62464.726254494577
14752,62464.726254494824
14753,62467.107721490349
14754,62468.876416628002
14755,62477.764700183303
14756,62487.555198672439
14757,62488.034712126297
14758,62496.106443730961
14759,62497.518458990176
14760,62512.82795035313
14761,62513.81636706768
14762,62515.41750179074
14763,62520.648700369733
14764,62534.256189172978
14765,62534.61384479799
14766,62537.886967232684
14767,62537.962990860076
14768,62543.683089702994
14769,62543.683089703416
14770,62550.159493928033
14771,62550.557622763867
14772,62552.921290208033
14773,62553.552694104335
14774,62553.552694104539
14775,62555.738227122645
14776,62560.161691529211
14777,62561.07222553157
14778,62561.297616989556
14779,62570.379953276512
14780,62573.291902906341
14781,62573.291902906618
14782,62573.291902906931
14783,62573.291902906974
14784,62576.431372895495
14785,62583.161507307595
14786,62583.161507307661
14787,62583.161507307697
14788,62583.161507307828
14789,62602.360834188526
14790,62612.770320510899
14791,62612.770320511059
14792,62612.770320511103
14793,62612.770320511496
14794,62614.244819357249
14795,62616.437073747118
14796,62621.022376767716
14797,62621.116911810794
14798,62627.123110089487
14799,62628.506733241287
14800,62645.383226418235
14801,62655.188487658699
14802,62655.643987358199
14803,62661.344022032783
14804,62669.349343298934
14805,62670.962699804615
14806,62671.334250664899
14807,62679.000191947511
14808,62679.032104195598
14809,62681.514808108215
14810,62688.760750000518
14811,62691.727155719702
14812,62691.727155720066
14813,62700.986745575756
14814,62701.596760120752
14815,62701.596760120781
14816,62704.792197650844
14817,62709.392005656846
14818,62709.719840876918
14819,62711.466364521875
14820,62711.466364522305
14821,62715.029069447912
14822,62722.330835832399
14823,62737.748125609309
14824,62737.762912149497
14825,62760.397666089564
14826,62762.279580594237
14827,62765.596212523342
14828,62770.024707141136
14829,62776.162793429474
14830,62776.990824919034
14831,62780.553595329315
14832,62780.553595329489
14833,62790.423199730394
14834,62790.423199730802
14835,62798.645412165068
14836,62802.15457091594
14837,62827.99255287386
14838,62839.61607136728
14839,62844.245407406859
14840,62846.709176790857
14841,62852.104230344747
14842,62852.236536441393
14843,62859.853592697043
14844,62860.919544054552
14845,62866.064139182148
14846,62866.641315520828
14847,62869.380034939029
14848,62869.380034939095
14849,62869.380034939299
14850,62869.380034939328
14851,62883.442353955492
14852,62885.837315107732
14853,62898.988848142428
14854,62898.988848142544
14855,62903.657923388062
14856,62904.381358292281
14857,62906.140838301573
14858,62906.768008290725
14859,62910.307489991937
14860,62911.319743829379
14861,62921.430884990717
14862,62924.27030601116
14863,62927.874289760868
14864,62928.160310365027
14865,62928.597661345812
14866,62928.597661345942
14867,62972.874652543782
14868,62977.24513521367
14869,62977.945683351179
14870,62977.945683351449
14871,62986.509180345427
14872,62988.860616754748
14873,62996.064404598459
14874,62998.976950779906
14875,62998.998335480574
14876,62999.001097897191
14877,63011.975563009029
14878,63013.01761286064
14879,63013.023697403391
14880,63017.424100955468
14881,63017.424100955512
14882,63017.424100955657
14883,63017.424100955679
14884,63018.338662705995
14885,63024.456885967513
14886,63024.504629333205
14887,63032.705239410003
14888,63033.727363143553
14889,63043.759563616572
14890,63047.032914158859
14891,63047.032914159237
14892,63047.05324748702
14893,63056.902518559997
14894,63056.9025185602
14895,63075.086548955529
14896,63075.147812886447
14897,63095.152216407434
14898,63095.525470966022
14899,63103.534218853842
14900,63103.965175045501
14901,63120.98128377353
14902,63128.74353616967
14903,63132.651933723995
14904,63132.947583250003
14905,63135.859353768603
14906,63135.859353768647
14907,63155.118020477494
14908,63158.459137706246
14909,63165.46816697195
14910,63165.468166972169
14911,63171.261646944266
14912,63171.352872609983
14913,63175.337771372673
14914,63175.33777137303
14915,63175.337771373073
14916,63175.337771373117
14917,63180.023818210226
14918,63180.088013851091
14919,63200.31165134273
14920,63200.313862172814
14921,63204.946584576261
14922,63204.946584576333
14923,63214.533714826524
14924,63219.165773778062
14925,63220.506447962223
14926,63222.54926181984
14927,63226.793881560632
14928,63228.773359599778
14929,63236.777812834189
14930,63237.426804788753
14931,63242.288525540935
14932,63242.305898109589
14933,63244.425002180629
14934,63244.425002180862
14935,63252.494998221577
14936,63253.311809370272
14937,63254.294606581163
14938,63254.294606581396
14939,63254.294606581643
14940,63254.294606581745
14941,63254.294606581861
14942,63254.294606582014
14943,63254.294606582043
14944,63254.294606582378
14945,63258.113841422943
14946,63260.384473230588
14947,63264.164210982846
14948,63264.164210982904
14949,63264.164210982941
14950,63264.164210983494
14951,63291.161275167804
14952,63292.452847460452
14953,63293.773024185874
14954,63293.773024186099
14955,63294.171572770407
14956,63294.361103554613
14957,63312.635503723541
14958,63318.458428855629
14959,63321.559260692753
14960,63322.997600639872
14961,63323.381837389265
14962,63323.381837389315
14963,63342.070718452705
14964,63342.756130992653
14965,63343.121046191445
14966,63343.121046191496
14967,63358.109067255624
14968,63358.570120462507
14969,63358.983113018177
14970,63366.054156316437
14971,63372.729859394763
14972,63372.729859394793
14973,63383.692358068016
14974,63383.777269901024
14975,63389.145185971473
14976,63394.775035893341
14977,63401.090994169244
14978,63402.60485205389
14979,63412.20827699839
14980,63412.208276998928
14981,63412.208276999045
14982,63412.208276999052
14983,63412.208276999081
14984,63412.208276999445
14985,63413.98691193929
14986,63416.104845477421
14987,63418.774730002209
14988,63418.866915955645
14989,63423.098871418137
14990,63423.661709394764
14991,63430.787378209316
14992,63435.944417209546
14993,63436.725369329783
14994,63439.869131821069
14995,63440.412516855882
14996,63452.981223356226
14997,63473.147728114076
14998,63473.154546500802
14999,63477.567856629612
15000,63480.593558220695
15001,63498.5840161546
15002,63500.872777690754
15003,63500.952706248521
15004,63501.034716608912
15005,63501.034716609392
15006,63504.522436767285
15007,63504.675470771763
15008,63520.773925411093
15009,63520.7739254111
15010,63530.643529811881
15011,63530.643529812231
15012,63530.643529812252
15013,63530.643529812274
15014,63532.138607339519
15015,63533.516702575682
15016,63539.879278781591
15017,63553.993066039387
15018,63554.297136976958
15019,63558.91432307045
15020,63558.935792085475
15021,63579.991551817628
15022,63579.991551817751
15023,63594.873716137488
15024,63600.585661367972
15025,63600.603838133851
15026,63603.945532031226
15027,63604.196575006041
15028,63609.600365020597
15029,63609.600365020844
15030,63609.600365020968
15031,63609.60036502107
15032,63612.527406129208
15033,63621.020342845026
15034,63626.214460948911
15035,63639.388280791267
15036,63640.257751760808
15037,63640.263997987546
15038,63641.959706149064
15039,63643.747786776403
15040,63649.078782625314
15041,63649.078782625584
15042,63654.879208904254
15043,63656.639015938585
15044,63657.152822928423
15045,63659.81907043964
15046,63662.892047232614
15047,63678.687595828495
15048,63678.687595828618
15049,63693.33385977571
15050,63693.679525211279
15051,63700.787063461794
15052,63701.217297180476
15053,63708.739757583135
15054,63709.21680375815
15055,63727.1569359653
15056,63728.517382038925
15057,63730.929058056128
15058,63737.90522223508
15059,63737.905222235109
15060,63761.100260795152
15061,63764.729423097458
15062,63773.598742775604
15063,63778.377483246761
15064,63781.647954789543
15065,63793.932390137932
15066,63793.94767993944
15067,63797.122848641513
15068,63797.122848641549
15069,63803.168612444642
15070,63803.301704626778
15071,63812.838189237562
15072,63812.887688763731
15073,63816.862057443759
15074,63816.862057443956
15075,63816.862057444006
15076,63816.862057444159
15077,63822.261677479677
15078,63830.237097185287
15079,63835.449131225992
15080,63836.025322462207
15081,63846.470870647077
15082,63846.470870647223
15083,63856.869051196612
15084,63859.544843310876
15085,63862.052646618475
15086,63862.193733065949
15087,63876.079683850316
15088,63876.07968385041
15089,63880.382929678446
15090,63885.893887984908
15091,63885.949288251446
15092,63885.949288251562
15093,63886.0553788131
15094,63888.854785509473
15095,63907.933452155718
15096,63908.23451970821
15097,63936.620196588534
15098,63941.808841085782
15099,63944.289795458004
15100,63945.897448871125
15101,63955.036519058798
15102,63955.036519059213
15103,63957.525002208116
15104,63958.521031008022
15105,63964.906123460132
15106,63964.906123460387
15107,63967.094488883682
15108,63967.11941470996
15109,63967.44279088905
15110,63967.477926579893
15111,63974.952983964773
15112,63975.778176334039
15113,63978.171843072327
15114,63989.122606114928
15115,63994.514936663509
15116,63994.514936663531
15117,63996.496490412734
15118,63996.497357924374
15119,63997.617586893866
15120,63998.002419657132
15121,64004.384541064181
15122,64004.38454106453
15123,64004.384541064697
15124,64004.384541064792
15125,64016.570309283168
15126,64016.73936912365
15127,64025.429166325906
15128,64025.735565087991
15129,64028.798276024689
15130,64038.317553991285
15131,64038.354457417576
15132,64042.932505604942
15133,64049.604601763866
15134,64049.621923670231
15135,64057.991920532389
15136,64058.865835666147
15137,64073.10190807312
15138,64073.353289857841
15139,64083.269104571686
15140,64084.60416907227
15141,64084.901865011925
15142,64085.748047475361
15143,64086.885773962778
15144,64089.271247286983
15145,64116.159371543188
15146,64116.170182548711
15147,64122.819793877381
15148,64122.819793877585
15149,64122.819793877788
15150,64122.819793877934
15151,64124.689533785699
15152,64125.210265229209
15153,64132.689398278722
15154,64134.413564338851
15155,64135.684304113631
15156,64151.309516553432
15157,64152.14679185686
15158,64152.428607080525
15159,64152.428607080677
15160,64152.428607080787
15161,64152.428607080801
15162,64152.428607080881
15163,64152.428607081172
15164,64152.428607081223
15165,64152.428607081318
15166,64197.509941944518
15167,64198.267454064648
15168,64201.77662908614
15169,64201.776629086286
15170,64201.776629086329
15171,64201.776629086417
15172,64203.498196888439
15173,64203.610055209399
15174,64211.64623348727
15175,64211.646233487481
15176,64227.581320074867
15177,64234.312816934376
15178,64241.866158500954
15179,64242.184189332424
15180,64244.438625683681
15181,64245.917130200287
15182,64260.078855071995
15183,64260.380294478207
15184,64265.648749435604
15185,64271.605705907772
15186,64290.603068695898
15187,64290.603068696153
15188,64310.34227749829
15189,64310.342277498312
15190,64313.615794170248
15191,64313.931428237578
15192,64317.027881814902
15193,64317.465901464777
15194,64321.87726281635
15195,64322.321281341749
15196,64330.256834818945
15197,64330.424507254385
15198,64334.446740664447
15199,64335.667347481634
15200,64348.483123482125
15201,64348.507530135903
15202,64354.363867254004
15203,64359.69029950376
15204,64359.690299504051
15205,64362.544795823698
15206,64363.251300667675
15207,64369.988573841219
15208,64381.189423502263
15209,64385.835654063863
15210,64392.347842152849
15211,64392.402970495794
15212,64399.168717107277
15213,64399.168717107787
15214,64399.168717107954
15215,64399.16871710807
15216,64399.168717108361
15217,64399.16871710882
15218,64415.146798164955
15219,64415.457541076074
15220,64430.567302602845
15221,64430.60944619048
15222,64438.647134712519
15223,64438.647134712613
15224,64448.516739113358
15225,64448.516739113373
15226,64448.516739113758
15227,64448.516739113824
15228,64458.755219489271
15229,64459.172124714969
15230,64475.051254632155
15231,64476.601668434902
15232,64477.265199823152
15233,64478.228647475975
15234,64497.619459626068
15235,64499.072208022117
15236,64512.203660260828
15237,64519.339582898021
15238,64521.217528011271
15239,64525.986227898051
15240,64529.680078221318
15241,64529.971856925345
15242,64533.61439059757
15243,64535.346914860071
15244,64546.761277890604
15245,64565.755681985072
15246,64569.24781514339
15247,64575.984794148062
15248,64577.420529511866
15249,64578.5476587335
15250,64579.545574705051
15251,64586.477623129285
15252,64586.559528561345
15253,64586.691200728797
15254,64586.691200728819
15255,64594.605593791639
15256,64610.188361216446
15257,64613.122049459664
15258,64613.712953817194
15259,64620.514417231629
15260,64621.588229756482
15261,64626.169618333086
15262,64626.169618333188
15263,64646.851161651917
15264,64647.003185242495
15265,64665.610942059939
15266,64668.756043990717
15267,64675.517640338614
15268,64675.517640338709
15269,64675.523682287407
15270,64685.387244739635
15271,64685.387244739839
15272,64685.387244739934
15273,64685.387244740006
15274,64692.284271104079
15275,64696.249205653228
15276,64702.698936545385
15277,64704.117374331297
15278,64706.4766667773
15279,64709.61410587679
15280,64715.972595118379
15281,64727.180665965127
15282,64728.241914711129
15283,64744.60487114625
15284,64744.60487114633
15285,64744.60487114641
15286,64744.604871146534
15287,64747.470011032863
15288,64748.130860889294
15289,64753.731500771064
15290,64753.810201388056
15291,64764.344079948009
15292,64764.344079948198
15293,64764.344079948343
15294,64764.344079948685
15295,64764.414763337372
15296,64764.42744546249
15297,64770.955718287616
15298,64773.403162921721
15299,64776.746128958599
15300,64777.26124732614
15301,64786.934352718672
15302,64787.946302204109
15303,64788.157941463985
15304,64793.952893151392
15305,64793.952893151465
15306,64793.95289315156
15307,64793.952893151662
15308,64793.952893151691
15309,64793.952893151843
15310,64793.95289315188
15311,64793.952893152142
15312,64796.890500692527
15313,64804.915957052108
15314,64823.561706354914
15315,64823.561706354973
15316,64827.070842390931
15317,64827.070981295721
15318,64833.431310756023
15319,64833.431310756059
15320,64838.870734204451
15321,64843.300915156949
15322,64843.300915157044
15323,64843.300915157117
15324,64843.300915157175
15325,64856.575338252922
15326,64858.757675825378
15327,64864.420060452532
15328,64864.987511235704
15329,64879.177292856788
15330,64879.184991058763
15331,64886.216230369442
15332,64886.217237891622
15333,64887.981484097356
15334,64888.702376292764
15335,64890.168182859023
15336,64904.650372902215
15337,64905.203493320587
15338,64907.874711893157
15339,64912.388145964716
15340,64912.388145964767
15341,64913.372038704561
15342,64913.93918979702
15343,64921.970181256736
15344,64922.505650024083
15345,64925.897339749696
15346,64951.866563568903
15347,64951.866563569107
15348,64953.65800231263
15349,64956.324332086959
15350,64966.085853047851
15351,64966.620540940821
15352,64969.465041244548
15353,64970.42307613045
15354,64984.790959077109
15355,64984.814895467614
15356,64990.702305165709
15357,64990.858161910328
15358,64997.297605628744
15359,64997.383648985386
15360,65001.214585574387
15361,65001.214585574548
15362,65001.214585574584
15363,65001.214585574598
15364,65006.562398914073
15365,65008.196718808395
15366,65031.835369949797
15367,65031.971996166474
15368,65038.252517419183
15369,65038.256038343978
15370,65046.875943899417
15371,65047.299495366897
15372,65059.64149847674
15373,65060.118420260638
15374,65065.356072880189
15375,65065.422487553522
15376,65067.382181500885
15377,65070.640732067986
15378,65072.475740130954
15379,65085.213173300879
15380,65098.927776187724
15381,65099.91062958508
15382,65099.9106295854
15383,65099.910629585429
15384,65099.91062958556
15385,65100.572789962825
15386,65109.780233986421
15387,65109.780233986661
15388,65115.070644005005
15389,65115.680689518449
15390,65138.866474845679
15391,65139.566131168074
15392,65146.382352012748
15393,65149.388129261089
15394,65159.128255991862
15395,65159.128255991964
15396,65165.008979586513
15397,65168.502294679405
15398,65171.622226509164
15399,65172.399725528929
15400,65179.920497972154
15401,65179.977915385047
15402,65186.303954214898
15403,65186.490739405148
15404,65188.737069194991
15405,65188.737069195107
15406,65188.737069195122
15407,65188.737069195398
15408,65190.850175593449
15409,65192.692566282269
15410,65206.375167198101
15411,65206.649979697948
15412,65238.085091200519
15413,65238.085091200541
15414,65238.085091200868
15415,65238.085091201036
15416,65243.862192998145
15417,65259.394231433515
15418,65264.129384056767
15419,65264.259459524947
15420,65266.640691595239
15421,65267.693904403859
15422,65267.693904403903
15423,65267.693904404041
15424,65267.693904404296
15425,65268.005787286202
15426,65307.172322007726
15427,65307.172322008104
15428,65307.172322008191
15429,65307.172322008402
15430,65307.415059491075
15431,65307.41809275157
15432,65312.986114167878
15433,65312.994917071424
15434,65335.10899927617
15435,65335.21034957964
15436,65352.645021596676
15437,65352.751162317261
15438,65363.065493665454
15439,65372.243223252262
15440,65372.988984853961
15441,65375.152061611683
15442,65384.875564720081
15443,65384.885926666298
15444,65386.12915721679
15445,65386.129157216914
15446,65386.129157216958
15447,65386.129157217016
15448,65386.129157217132
15449,65386.129157217278
15450,65386.12915721735
15451,65386.129157217365
15452,65394.854815995132
15453,65394.966211811676
15454,65395.998761617797
15455,65395.998761618095
15456,65413.434930408024
15457,65415.737970420407
15458,65415.73797042056
15459,65417.3276644418
15460,65424.691460766669
15461,65427.485360031656
15462,65429.779676817998
15463,65429.900162376689
15464,65447.712439123738
15465,65452.922412173531
15466,65455.216388024637
15467,65455.216388024768
15468,65471.524611129789
15469,65471.96542130928
15470,65471.967213713811
15471,65472.538493510307
15472,65479.668819671468
15473,65482.180325734691
15474,65495.449121088917
15475,65496.345800100113
15476,65504.564410029838
15477,65504.564410030136
15478,65513.500737590322
15479,65514.014984697555
15480,65527.209061189307
15481,65534.855141047243
15482,65542.891844655795
15483,65544.042827633966
15484,65544.042827634461
15485,65544.042827634621
15486,65544.042827634737
15487,65544.21494732071
15488,65553.912432035271
15489,65553.912432035562
15490,65566.223370679014
15491,65566.225419618349
15492,65579.451003610229
15493,65579.937035863448
15494,65595.0235898643
15495,65595.024161657027
15496,65597.556398952336
15497,65604.377503364522
15498,65609.800527969157
15499,65611.988475092614
15500,65612.19940531312
15501,65615.741922890607
15502,65618.583155912245
15503,65622.999662841903
15504,65622.999662842863
15505,65622.999662843096
15506,65622.999662843329
15507,65624.379431125431
15508,65624.401166785829
15509,65624.945125458515
15510,65643.576088956877
15511,65643.967296207658
15512,65645.527698389691
15513,65646.849173761526
15514,65648.646833003833
15515,65659.046659253654
15516,65662.478080447792
15517,65662.478080447821
15518,65662.64251198979
15519,65662.972146026077
15520,65680.865231444724
15521,65689.351100124157
15522,65690.000340406492
15523,65692.08689365082
15524,65692.086893651067
15525,65709.154134409226
15526,65711.826102452964
15527,65711.826102452993
15528,65715.180742946395
15529,65715.215158471561
15530,65731.092944493415
15531,65731.161271256584
15532,65731.565311254861
15533,65731.565311254992
15534,65731.56531125521
15535,65731.565311255385
15536,65741.434915656064
15537,65741.434915656311
15538,65744.281149096772
15539,65746.17668284144
15540,65749.944420638567
15541,65750.043489077187
15542,65754.117871666822
15543,65754.942923558207
15544,65756.257440181129
15545,65771.04372885944
15546,65771.043728859673
15547,65790.606743981683
15548,65791.657777007073
15549,65793.21013104383
15550,65797.510099618448
15551,65797.518087763252
15552,65808.512476766526
15553,65810.266034316999
15554,65823.432300357003
15555,65823.4632130627
15556,65841.289114379106
15557,65841.293226962152
15558,65847.284097694195
15559,65847.498531756166
15560,65859.870168469191
15561,65859.870168469279
15562,65860.608628823655
15563,65879.8181362662
15564,65883.005224831548
15565,65884.782683928628
15566,65889.478981672743
15567,65889.478981672772
15568,65895.084584768279
15569,65898.950823589897
15570,65903.10292106861
15571,65907.135428564201
15572,65907.223282264837
15573,65915.126548303524
15574,65915.141043623487
15575,65916.328528879501
15576,65930.593198301314
15577,65930.968216601992
15578,65937.134002975406
15579,65937.235187457729
15580,65948.696608079001
15581,65948.696608079132
15582,65948.696608079175
15583,65948.696608079219
15584,65952.265961839032
15585,65955.633874336752
15586,65961.698696522741
15587,65961.72773767155
15588,65993.631683262312
15589,66011.705201621109
15590,66015.949552380902
15591,66017.783838886666
15592,66017.783838886826
15593,66024.947408379478
15594,66026.583091752967
15595,66027.578702712723
15596,66035.444025993449
15597,66037.232627890611
15598,66041.438018438974
15599,66047.313876773071
15600,66062.285980914676
15601,66062.332742934173
15602,66069.165851994199
15603,66069.215366229953
15604,66071.560970799459
15605,66078.841517234017
15606,66079.616771515211
15607,66085.352472111059
15608,66086.924074653914
15609,66092.31544569676
15610,66096.740674095257
15611,66096.740674095345
15612,66096.740674095417
15613,66096.740674095883
15614,66106.610278496606
15615,66106.610278496606
15616,66106.610278496606
15617,66106.610278496722
15618,66113.282920672529
15619,66114.128817524819
15620,66129.908776178621
15621,66132.773739926051
15622,66136.219091699721
15623,66136.219091699779
15624,66142.262367335978
15625,66142.736608012099
15626,66143.095290291574
15627,66149.155131068925
15628,66162.865943865618
15629,66162.876893479479
15630,66166.350637740761
15631,66171.140528701231
15632,66175.697509304242
15633,66175.697509304373
15634,66175.697509304446
15635,66175.697509304882
15636,66182.550957366766
15637,66184.690827343235
15638,66185.702179818996
15639,66186.412582432997
15640,66196.882435479682
15641,66200.689555508114
15642,66212.86886091948
15643,66213.031987881943
15644,66215.175926908443
15645,66215.175926908545
15646,66221.726183344392
15647,66222.145517881843
15648,66230.056989496137
15649,66231.536080729507
15650,66254.654344512746
15651,66254.654344512761
15652,66263.99715737025
15653,66264.476145943656
15654,66264.523948914051
15655,66264.523948914051
15656,66287.966581605346
15657,66292.220619426618
15658,66292.220816023226
15659,66302.741516922761
15660,66308.628208548602
15661,66309.264862904951
15662,66332.150097674123
15663,66333.981371949834
15664,66343.480784122468
15665,66343.48078412257
15666,66356.553023095068
15667,66359.228044361153
15668,66363.219992924845
15669,66363.219992924991
15670,66364.208787434007
15671,66364.216603966401
15672,66373.089597325787
15673,66373.089597325787
15674,66373.089597325859
15675,66373.089597326427
15676,66388.781518823555
15677,66391.836274792353
15678,66396.118764493382
15679,66396.138397007206
15680,66396.468522672149
15681,66396.953603458285
15682,66402.698410529294
15683,66422.437619330711
15684,66422.437619331555
15685,66422.437619331671
15686,66422.437619331686
15687,66432.267048450463
15688,66432.733506289849
15689,66444.358509083497
15690,66454.112767409752
15691,66457.702809689741
15692,66461.089464641016
15693,66477.50385892723
15694,66479.45812047059
15695,66481.655245738017
15696,66481.655245738089
15697,66491.524850138987
15698,66491.524850139016
15699,66493.808560254183
15700,66495.152550580329
15701,66499.822339087157
15702,66502.120635193249
15703,66509.173256268186
15704,66509.222635825005
15705,66521.13366334232
15706,66521.133663342625
15707,66529.468234037588
15708,66531.218832373546
15709,66541.451502721131
15710,66541.895602450648
15711,66555.536689408531
15712,66557.289344149147
15713,66564.737990544687
15714,66564.76924432622
15715,66568.043295283511
15716,66569.426607393179
15717,66574.123035105004
15718,66574.716621322179
15719,66580.351289748374
15720,66580.351289748724
15721,66580.418385782192
15722,66580.420783035093
15723,66591.624912707077
15724,66592.152580380018
15725,66609.9601029521
15726,66609.960102952158
15727,66610.615678300441
15728,66616.375751874017
15729,66617.863965748591
15730,66629.185509631148
15731,66658.300512409973
15732,66659.769469629566
15733,66688.916938160924
15734,66688.916938161055
15735,66688.916938161201
15736,66688.916938161346
15737,66718.525751363544
15738,66718.525751363588
15739,66718.525751363981
15740,66718.525751364286
15741,66723.790571723759
15742,66723.862487081147
15743,66728.395355764893
15744,66728.395355765242
15745,66733.846619565535
15746,66734.444062332899
15747,66737.640831765457
15748,66737.815270898413
15749,66745.026005000691
15750,66745.164350810432
15751,66770.608809120517
15752,66771.229253970698
15753,66784.439707376441
15754,66784.484516764176
15755,66787.29984687618
15756,66793.775299243207
15757,66801.253619299037
15758,66803.818644435974
15759,66808.173165089742
15760,66812.624675242099
15761,66817.221795373902
15762,66817.221795374993
15763,66817.221795375124
15764,66817.221795375444
15765,66825.247975370716
15766,66835.937646371895
15767,66836.961004177065
15768,66836.961004177327
15769,66837.066261589323
15770,66846.830608578472
15771,66846.83060857853
15772,66847.695844785427
15773,66848.119446314071
15774,66853.42976088899
15775,66865.640840847977
15776,66874.739486797509
15777,66874.817618896413
15778,66882.643673991173
15779,66891.17239927029
15780,66896.178630583119
15781,66896.17863058376
15782,66898.740315940449
15783,66898.953918824889
15784,66905.678958041331
15785,66906.810958496397
15786,66925.107824878534
15787,66925.144393984156
15788,66925.78744378667
15789,66925.787443787049
15790,66941.20990478099
15791,66954.397308847241
15792,66955.396256990178
15793,66955.396256990236
15794,66962.776782419285
15795,66971.903258520717
15796,66975.135465792046
15797,66975.135465792424
15798,66975.135465792584
15799,66975.135465792599
15800,66975.771059116189
15801,66979.339377596829
15802,66979.611257432873
15803,66989.088252002141
15804,66999.458845516405
15805,66999.80387191003
15806,67008.459303579351
15807,67008.554880230251
15808,67023.012862174379
15809,67024.693204987503
15810,67038.356791697006
15811,67039.151452957289
15812,67044.222696600016
15813,67044.222696600089
15814,67067.748371464288
15815,67076.473095968235
15816,67076.537192368283
15817,67078.012813558409
15818,67079.870670554621
15819,67105.632191372322
15820,67105.638123851997
15821,67113.30992740755
15822,67113.309927407623
15823,67113.309927407667
15824,67113.30992740771
15825,67113.309927407754
15826,67113.30992740822
15827,67115.562330190733
15828,67125.385844396602
15829,67127.131489084364
15830,67153.883731651353
15831,67153.935546476729
15832,67162.657949413173
15833,67162.657949413304
15834,67169.067523783655
15835,67170.317781601785
15836,67172.260986566049
15837,67174.972080055784
15838,67176.875065133398
15839,67187.514444371714
15840,67196.31521622467
15841,67200.640450746039
15842,67201.854181253148
15843,67209.739819416631
15844,67210.462691326669
15845,67223.207204958599
15846,67223.873835673279
15847,67233.137540168464
15848,67233.373393066358
15849,67234.076455927338
15850,67237.826329862146
15851,67239.670814683122
15852,67240.642159573064
15853,67241.61478462191
15854,67241.614784621939
15855,67278.24989353666
15856,67281.093202226111
15857,67281.09320222614
15858,67281.093202226228
15859,67281.093202226359
15860,67284.210503155933
15861,67287.369905265194
15862,67287.886751585858
15863,67293.48930213858
15864,67295.221057307208
15865,67321.012344774237
15866,67321.080870405509
15867,67333.654453209703
15868,67338.333460999405
15869,67353.845481190205
15870,67369.919641836066
15871,67369.919641836139
15872,67372.993103249057
15873,67373.396178144656
15874,67374.236976396176
15875,67399.528455039253
15876,67399.528455039544
15877,67413.75691130606
15878,67413.903935741982
15879,67415.610458115625
15880,67416.205054176389
15881,67424.951164033133
15882,67426.238712280479
15883,67434.895686552889
15884,67435.824376745892
15885,67439.006872643338
15886,67439.006872643717
15887,67443.810655207868
15888,67448.214084863313
15889,67463.171826761216
15890,67463.313390608164
15891,67468.615685846686
15892,67468.615685847079
15893,67501.524227672402
15894,67511.251169528434
15895,67515.461127547067
15896,67517.963707852381
15897,67517.963707852497
15898,67527.471049251762
15899,67532.748957083648
15900,67533.879443043726
15901,67536.459832658089
15902,67540.967009989996
15903,67544.230601302756
15904,67547.512001092677
15905,67554.649197009232
15906,67555.882015094598
15907,67557.442125456422
15908,67557.44212545664
15909,67557.442125456699
15910,67557.442125456888
15911,67569.520393555373
15912,67569.687783849746
15913,67592.523246441138
15914,67593.195820736757
15915,67596.920543060958
15916,67596.920543061249
15917,67601.686650381176
15918,67602.015089590583
15919,67606.79014746139
15920,67606.790147462118
15921,67606.790147462147
15922,67606.790147462249
15923,67606.790147462278
15924,67606.790147462278
15925,67626.143671427664
15926,67626.165646873633
15927,67643.471905787825
15928,67649.85178123966
15929,67659.569969864591
15930,67659.824668131856
15931,67666.007773868434
15932,67666.007773868725
15933,67666.103550250526
15934,67672.763334777905
15935,67675.877378269564
15936,67675.877378269783
15937,67681.839294150501
15938,67685.110740045478
15939,67710.274982827905
15940,67710.494285934241
15941,67714.917777035138
15942,67720.287378773559
15943,67729.214992851645
15944,67730.454333005327
15945,67739.434576152082
15946,67739.458465259042
15947,67754.834213478112
15948,67754.834213478331
15949,67754.834213478607
15950,67754.834213478636
15951,67760.266295831956
15952,67764.703817879359
15953,67764.703817879563
15954,67766.508865194424
15955,67784.443026681649
15956,67784.443026681824
15957,67794.312631082765
15958,67794.312631082954
15959,67818.299160608978
15960,67818.976544939011
15961,67840.510367100695
15962,67842.638012462456
15963,67854.353201796461
15964,67863.905580663079
15965,67873.269466291458
15966,67873.26946629156
15967,67877.56466436261
15968,67885.793997799847
15969,67901.831293565338
15970,67904.424101640718
15971,67906.154640708948
15972,67909.802199164886
15973,67927.176521397152
15974,67928.334579588685
15975,67932.34501753861
15976,67932.577012221067
15977,67940.949195377922
15978,67941.00336613816
15979,67942.356697098759
15980,67942.356697099181
15981,67942.85174989239
15982,67952.226301499366
15983,67952.226301500326
15984,67952.226301500326
15985,67952.226301500472
15986,67955.215745199617
15987,67961.422611820148
15988,67961.730715101279
15989,67978.528173133818
15990,67983.655510789889
15991,67986.312782864974
15992,67999.486000028875
15993,67999.76521560835
15994,68001.574323505643
15995,68001.574323505673
15996,68001.574323505731
15997,68001.574323506051
15998,68001.574323506225
15999,68001.574323506502
16000,68004.331720747898
16001,68021.116037955246
16002,68025.864097068188
16003,68046.863334685331
16004,68046.925077147389
16005,68049.73109797397
16006,68061.944359722867
16007,68063.521139163335
16008,68081.653367496197
16009,68098.219555449657
16010,68098.859153099285
16011,68108.905928624139
16012,68108.965354679836
16013,68114.847609186094
16014,68116.386348497675
16015,68131.596972063911
16016,68132.079815425852
16017,68143.942149673414
16018,68147.014198742661
16019,68149.618389521813
16020,68149.618389522075
16021,68150.963268592837
16022,68160.602336702053
16023,68178.490376398535
16024,68178.592567236716
16025,68179.915796915608
16026,68179.930552767124
16027,68183.175540375916
16028,68189.310095173976
16029,68199.111520081569
16030,68214.457983466025
16031,68268.053642335115
16032,68268.053642335246
16033,68275.618436154487
16034,68284.215354018335
16035,68296.117948347717
16036,68297.662455538433
16037,68297.662455538652
16038,68306.438415718745
16039,68307.532059939185
16040,68307.53205993952
16041,68308.205575769025
16042,68309.667133910945
16043,68313.606046661298
16044,68317.401664340636
16045,68317.401664340723
16046,68322.124216355252
16047,68324.40422439437
16048,68326.618757403499
16049,68330.879529035388
16050,68336.086490516609
16051,68341.396226843601
16052,68343.61248335737
16053,68347.010477543343
16054,68347.010477543503
16055,68347.010477543532
16056,68347.010477544012
16057,68350.627333273704
16058,68353.91285536431
16059,68364.06333810011
16060,68367.88907851174
16061,68376.619290747083
16062,68376.619290747258
16063,68380.432461262433
16064,68386.488895147791
16065,68386.488895148024
16066,68386.488895148141
16067,68386.488895148301
16068,68386.488895148577
16069,68386.488895148752
16070,68392.401427870369
16071,68392.640281292377
16072,68394.040781441465
16073,68411.169849725091
16074,68412.361461472567
16075,68416.097708351066
16076,68416.097708351313
16077,68443.711600961542
16078,68445.844981867354
16079,68457.041723983595
16080,68457.057529645535
16081,68468.529128574257
16082,68474.511823348817
16083,68481.208238332722
16084,68494.808023379708
16085,68507.61089941331
16086,68507.643231628594
16087,68510.135759846031
16088,68511.059990114911
16089,68520.807571031764
16090,68523.499470302864
16091,68525.562029679029
16092,68527.112834323096
16093,68566.305945091779
16094,68567.55615868092
16095,68574.011378768831
16096,68574.011378769137
16097,68580.102269806957
16098,68582.786529309509
16099,68591.52631444337
16100,68604.524301763668
16101,68623.359400774294
16102,68623.359400774571
16103,68635.19155317577
16104,68635.813658056679
16105,68649.110552953978
16106,68649.825501725194
16107,68662.837818378714
16108,68662.837818378743
16109,68665.301569280346
16110,68667.242569455906
16111,68669.097388176117
16112,68669.105894347827
16113,68678.073438578678
16114,68679.485716788447
16115,68692.76919515655
16116,68694.881315941107
16117,68702.316235983104
16118,68702.316235983191
16119,68704.113994243773
16120,68709.508584501033
16121,68712.185840384147
16122,68731.925049186248
16123,68731.925049186422
16124,68734.620503850456
16125,68737.491819549745
16126,68737.922451650942
16127,68739.352887189103
16128,68761.272422323193
16129,68766.523141818092
16130,68777.160368116689
16131,68782.91678841153
16132,68791.142675592142
16133,68791.142675592753
16134,68791.14267559287
16135,68791.142675592957
16136,68791.14267559303
16137,68791.142675593292
16138,68799.122197361314
16139,68799.659032314958
16140,68800.703783005069
16141,68800.880888912841
16142,68804.678182090662
16143,68805.081137554618
16144,68850.36030199939
16145,68850.360301999477
16146,68852.28004235636
16147,68856.327736356092
16148,68860.229906400462
16149,68860.229906400928
16150,68889.838719603635
16151,68889.83871960378
16152,68909.810144576928
16153,68909.833396849324
16154,68911.195251166791
16155,68924.148099110185
16156,68929.317137207967
16157,68929.317137208171
16158,68937.73782869328
16159,68937.81540532122
16160,68963.475251800017
16161,68968.064172713799
16162,68978.66515921375
16163,68978.665159213982
16164,68979.786514020467
16165,68979.852996272486
16166,69024.246594274548
16167,69027.808238410333
16168,69028.013181219038
16169,69028.013181219081
16170,69028.013181219081
16171,69028.013181219096
16172,69030.722062207962
16173,69031.446609146937
16174,69036.606216190194
16175,69036.978754365686
16176,69043.063677536673
16177,69043.57210757905
16178,69057.621994422007
16179,69057.621994422268
16180,69058.672012578783
16181,69059.14891342599
16182,69073.093156312447
16183,69075.766436889971
16184,69088.058530703507
16185,69094.31238929645
16186,69097.100412026513
16187,69097.100412026688
16188,69105.273676236495
16189,69106.970016427716
16190,69106.970016427993
16191,69114.524349053099
16192,69117.89551546755
16193,69122.998175079279
16194,69123.190648934367
16195,69123.602033754127
16196,69139.950361882118
16197,69147.82161021886
16198,69148.953512329797
16199,69161.908909480859
16200,69165.535106301963
16201,69172.134135549961
16202,69174.070758495465
16203,69185.92685163641
16204,69185.926851636614
16205,69186.799019375132
16206,69205.666060438525
16207,69205.66606043854
16208,69206.295612720947
16209,69206.590811138551
16210,69210.53730483992
16211,69240.158491256792
16212,69241.143832251415
16213,69245.144478042959
16214,69245.144478042988
16215,69248.488943395583
16216,69249.978750435257
16217,69264.88368684522
16218,69264.883686845293
16219,69266.365195410704
16220,69266.377384739433
16221,69271.060535163764
16222,69302.859164053269
16223,69316.035058714158
16224,69319.24096736194
16225,69323.507696308632
16226,69327.213525457162
16227,69331.235770309417
16228,69333.970917652347
16229,69333.970917652725
16230,69333.970917652769
16231,69333.970917652827
16232,69333.970917653307
16233,69333.970917653467
16234,69336.11653112463
16235,69372.794531855616
16236,69373.15451881093
16237,69385.276271965209
16238,69404.285726400136
16239,69404.523735839844
16240,69412.927752861389
16241,69412.927752861491
16242,69422.797357262592
16243,69422.797357262651
16244,69424.590110650533
16245,69441.964769897313
16246,69442.265224862538
16247,69455.275565481978
16248,69457.865046228748
16249,69472.063640729742
16250,69474.71323878906
16251,69491.48315207244
16252,69494.245035382424
16253,69495.575634934954
16254,69496.178484672608
16255,69496.500036257217
16256,69507.137906157441
16257,69507.6101159518
16258,69510.116560069349
16259,69520.310945426681
16260,69531.363005674444
16261,69531.363005674677
16262,69531.363005674692
16263,69531.363005674706
16264,69546.00705251313
16265,69546.01085200347
16266,69547.046338921544
16267,69552.289050077568
16268,69553.269739974814
16269,69558.689484085116
16270,69584.687097898626
16271,69584.957071484372
16272,69590.82859371051
16273,69606.551936248274
16274,69608.106983817837
16275,69608.990199131033
16276,69645.459571678904
16277,69646.726945192553
16278,69652.931239211583
16279,69654.166479056716
16280,69676.725376106828
16281,69676.940667757459
16282,69678.647242452775
16283,69679.407071690948
16284,69679.407071690948
16285,69690.72266862668
16286,69707.271817663204
16287,69713.014343768577
16288,69717.117616508971
16289,69717.45571419473
16290,69728.755093696091
16291,69728.755093696251
16292,69738.624698097265
16293,69738.624698097425
16294,69754.452264431835
16295,69754.5479165617
16296,69756.816255130645
16297,69761.38395026786
16298,69768.233511300612
16299,69768.233511300874
16300,69774.717490854004
16301,69775.651114787586
16302,69787.686226012069
16303,69794.153073076915
16304,69797.84232450393
16305,69797.842324503959
16306,69814.103883432355
16307,69820.084588475176
16308,69822.686899165463
16309,69832.622911543251
16310,69837.320742108248
16311,69837.320742108262
16312,69837.320742108292
16313,69837.320742108976
16314,69842.681828519431
16315,69842.83917438041
16316,69854.252553775252
16317,69861.44073135384
16318,69868.63411783347
16319,69869.392493609324
16320,69886.668764113769
16321,69886.668764113783
16322,69896.538368514914
16323,69896.538368515045
16324,69918.35500726082
16325,69918.423376162027
16326,69925.942624724004
16327,69926.147181717839
16328,69926.147181718115
16329,69926.147181718232
16330,69926.147181718334
16331,69927.646866886949
16332,69948.412245529922
16333,69949.76535576742
16334,69963.615352000867
16335,69969.631638505132
16336,69975.495203723127
16337,69975.495203723593
16338,69975.495203723811
16339,69975.495203723956
16340,70005.10401692694
16341,70005.104016926998
16342,70005.104016927115
16343,70005.10401692726
16344,70008.215079347341
16345,70008.887031440201
16346,70017.561990995659
16347,70023.32033306043
16348,70029.168584762971
16349,70032.212082243204
16350,70065.15611042823
16351,70069.542504222351
16352,70077.498029562921
16353,70079.247517311756
16354,70111.327090964463
16355,70115.298196989723
16356,70123.53926973998
16357,70123.539269740213
16358,70148.861354929046
16359,70149.83533609283
16360,70153.148082943197
16361,70153.148082943313
16362,70156.127500399059
16363,70156.141115175807
16364,70163.017687344094
16365,70163.017687344225
16366,70163.994303203537
16367,70164.760400316867
16368,70190.599726936664
16369,70191.049125392732
16370,70194.868038050554
16371,70194.965672080725
16372,70201.728156202487
16373,70208.68100305296
16374,70210.596807580368
16375,70217.896714688002
16376,70222.831398393042
16377,70228.462724119076
16378,70238.999696957224
16379,70240.311766081111
16380,70266.14944173368
16381,70266.398532261519
16382,70271.583335756281
16383,70271.583335756441
16384,70278.458016630015
16385,70281.452940157367
16386,70281.452940157687
16387,70290.813955065692
16388,70311.0617533607
16389,70311.061753360933
16390,70314.231909481125
16391,70319.862617155028
16392,70321.853534087379
16393,70336.534037875215
16394,70338.703020411747
16395,70346.53858627296
16396,70355.973930013992
16397,70356.038145453611
16398,70360.409775366003
16399,70360.409775366119
16400,70384.597637856015
16401,70391.807813589519
16402,70392.490938812873
16403,70408.866047797346
16404,70417.139606091368
16405,70425.067108128482
16406,70439.366610574478
16407,70439.366610574929
16408,70456.268312075626
16409,70464.103525187937
16410,70474.758900530767
16411,70475.452757534847
16412,70478.845028179087
16413,70478.845028179174
16414,70478.845028179421
16415,70478.845028179509
16416,70482.207359919863
16417,70488.329593170231
16418,70507.900787786071
16419,70516.770971336955
16420,70518.323445783491
16421,70518.323445783666
16422,70518.733524851006
16423,70528.19305018452
16424,70528.193050184651
16425,70541.913930578157
16426,70550.289735925297
16427,70550.318739033901
16428,70555.32351228148
16429,70555.534941568229
16430,70572.877199008042
16431,70577.135266498895
16432,70605.433761817811
16433,70607.149885393461
16434,70607.149885393621
16435,70608.356695402807
16436,70616.006737315838
16437,70624.342984662289
16438,70636.758698596561
16439,70636.758698596575
16440,70636.758698596692
16441,70636.75869859675
16442,70637.20566293603
16443,70653.253497936021
16444,70655.517761534982
16445,70656.833247206567
16446,70662.303750847466
16447,70668.89987501064
16448,70673.265617385085
16449,70685.323765585606
16450,70686.034279471598
16451,70686.106720602038
16452,70686.106720602096
16453,70686.33117057255
16454,70690.695034276665
16455,70693.347029951954
16456,70715.715533805298
16457,70715.715533805327
16458,70718.194677865555
16459,70725.913205999648
16460,70725.995373003185
16461,70735.350447652032
16462,70756.566949496482
16463,70756.835496065687
16464,70781.494496302766
16465,70783.864627805611
16466,70794.672369013919
16467,70794.672369014297
16468,70794.70722539819
16469,70796.066621602891
16470,70800.554677504057
16471,70811.43200207522
16472,70811.486356093897
16473,70820.188171828995
16474,70844.020391019425
16475,70844.020391019571
16476,70855.330244833807
16477,70861.533746015324
16478,70867.187092196327
16479,70869.986541873048
16480,70887.772223278967
16481,70888.594191980505
16482,70903.238017425552
16483,70903.238017425945
16484,70908.581896860182
16485,70910.338583822682
16486,70922.977226228162
16487,70922.977226228206
16488,70923.913680358237
16489,70924.789849283727
16490,70928.454911759152
16491,70944.023020054359
16492,70965.423848689315
16493,70968.840544710343
16494,70976.002572619109
16495,70976.183608929801
16496,70992.064457035711
16497,70992.064457036206
16498,70993.846986906166
16499,70997.610852733458
16500,71029.721457302061
16501,71033.968030525532
16502,71050.655554872254
16503,71061.151687843289
16504,71061.326838300854
16505,71079.465539630954
16506,71080.388189886595
16507,71080.890896645506
16508,71080.890896645607
16509,71080.890896645797
16510,71080.890896646437
16511,71099.774706259617
16512,71100.630105447708
16513,71100.630105447912
16514,71102.675522258054
16515,71117.097199268857
16516,71117.099664182912
16517,71126.094537770347
16518,71126.773107112502
16519,71130.954786735369
16520,71137.976721314975
16521,71140.108523052098
16522,71140.108523052128
16523,71149.978127453185
16524,71149.978127453243
16525,71171.451953869386
16526,71177.153363371399
16527,71211.74117627494
16528,71215.68962360725
16529,71238.804567062849
16530,71238.804567063053
16531,71241.08555330112
16532,71241.574959856938
16533,71251.271507347468
16534,71258.543775865139
16535,71258.543775865255
16536,71267.91571820472
16537,71270.276764506198
16538,71270.367070394073
16539,71270.807551763821
16540,71272.177626685007
16541,71292.15022381462
16542,71292.960563512373
16543,71296.931442661473
16544,71297.196545162282
16545,71307.89179786999
16546,71307.891797870368
16547,71307.891797870587
16548,71307.891797870645
16549,71307.891797870718
16550,71307.891797870805
16551,71343.615368518629
16552,71348.438708188303
16553,71357.762138309321
16554,71359.380219239174
16555,71362.15979434918
16556,71365.954468486161
16557,71376.979028678223
16558,71376.979028678339
16559,71379.227787396143
16560,71380.050816207658
16561,71401.873273571357
16562,71402.751112171187
16563,71413.42390121358
16564,71414.97781856652
16565,71426.327050683554
16566,71426.327050683773
16567,71455.935863886873
16568,71455.935863886974
16569,71455.935863887353
16570,71455.935863887396
16571,71460.849143811429
16572,71465.805468288032
16573,71465.805468288338
16574,71474.027238561088
16575,71492.980373205894
16576,71509.236348395076
16577,71514.122920199341
16578,71528.436646664079
16579,71534.545383328965
16580,71542.118601484675
16581,71548.345198722396
16582,71554.631907897841
16583,71554.631907897885
16584,71554.631907897929
16585,71554.631907898089
16586,71560.861328938554
16587,71566.698463707988
16588,71577.746639205885
16589,71577.983518919806
16590,71612.123182228766
16591,71612.289173414858
16592,71612.404967804207
16593,71618.426079671452
16594,71625.469088163416
16595,71638.616868914251
16596,71640.094508194423
16597,71647.131905840666
16598,71648.236770890682
16599,71655.172771440441
16600,71663.197556309868
16601,71663.19755631013
16602,71666.353498624696
16603,71675.448806157539
16604,71678.105486946457
16605,71681.216843227288
16606,71702.675973914142
16607,71702.6759739142
16608,71702.675973914287
16609,71702.675973914345
16610,71708.026613188049
16611,71708.181918125396
16612,71735.99139624284
16613,71760.910698769978
16614,71764.424881603525
16615,71768.818872899821
16616,71771.763204721472
16617,71771.763204721952
16618,71788.262354533988
16619,71788.279488312532
16620,71797.662335880625
16621,71805.541406308112
16622,71811.122755089484
16623,71814.105448699076
16624,71825.572260132903
16625,71826.872583412245
16626,71838.138225108822
16627,71840.095309434997
16628,71856.632443836148
16629,71871.853590768282
16630,71872.886845499161
16631,71875.887300909206
16632,71879.769244362382
16633,71891.460277453953
16634,71898.100524242618
16635,71914.015932187132
16636,71920.409427863531
16637,71949.416083941484
16638,71949.416083941571
16639,71960.119709562467
16640,71968.006255489716
16641,71978.165884392263
16642,71979.952832229668
16643,72013.319237128031
16644,72015.444712890385
16645,72018.503314749105
16646,72018.503314749192
16647,72025.439567799374
16648,72026.172783665446
16649,72028.372919150264
16650,72028.372919150308
16651,72028.372919150701
16652,72028.372919150745
16653,72030.707487513791
16654,72033.72257930979
16655,72037.23003751933
16656,72048.112127951972
16657,72048.112127952176
16658,72048.11212795235
16659,72048.112127952365
16660,72051.297185991716
16661,72055.02266462952
16662,72055.582436226337
16663,72057.981732353437
16664,72057.981732353772
16665,72077.124097629625
16666,72083.835378394157
16667,72107.329754358827
16668,72107.329754358856
16669,72114.717164303918
16670,72120.430335111407
16671,72124.317111125725
16672,72124.590016806716
16673,72136.938567562145
16674,72136.938567562189
16675,72138.793750001263
16676,72138.877721494806
16677,72157.265192621984
16678,72172.850423952084
16679,72194.247111107063
16680,72195.407397969349
16681,72206.793408938931
16682,72216.315824292848
16683,72217.424758214926
16684,72221.538987022665
16685,72230.641529700908
16686,72232.415647210451
16687,72255.373820375215
16688,72255.373820375302
16689,72269.709498897748
16690,72271.575709825236
16691,72294.852237979299
16692,72294.852237979358
16693,72294.852237979649
16694,72294.852237979998
16695,72312.269721210658
16696,72312.279561827949
16697,72323.121752648658
16698,72324.46105118285
16699,72324.461051183127
16700,72327.833749437108
16701,72344.200259984849
16702,72344.200259985024
16703,72350.997362150534
16704,72351.89808047298
16705,72363.957072209552
16706,72365.98901209938
16707,72373.809073188386
16708,72373.80907318859
16709,72395.829403724376
16710,72399.072708363427
16711,72399.464481090195
16712,72400.224225680984
16713,72420.146575103325
16714,72427.185751733574
16715,72441.599022462833
16716,72445.940769908586
16717,72465.14582682286
16718,72466.483502903124
16719,72492.244326001033
16720,72492.244326001382
16721,72492.244326001397
16722,72492.244326001455
16723,72492.244326001732
16724,72492.244326001761
16725,72497.987365686364
16726,72502.481183501222
16727,72517.75717393386
16728,72518.041666649995
16729,72529.435949674807
16730,72529.526378674622
16731,72541.518140381377
16732,72541.96072463844
16733,72561.076016277584
16734,72581.070765611265
16735,72581.070765611381
16736,72581.128253488016
16737,72650.157996418784
16738,72650.157996418842
16739,72650.157996418886
16740,72650.15799641893
16741,72653.591144913778
16742,72660.027600819842
16743,72660.027600819856
16744,72662.348657460665
16745,72662.398827295823
16746,72665.833188174467
16747,72680.652946588059
16748,72681.537545451429
16749,72689.036283612921
16750,72695.544943979359
16751,72695.724908378019
16752,72698.160675036313
16753,72698.633020109846
16754,72714.841895240257
16755,72750.885652039899
16756,72751.263961825403
16757,72758.799227929689
16758,72765.972201866476
16759,72768.593249231912
16760,72768.593249232159
16761,72776.860575493105
16762,72777.561907009222
16763,72788.546185420026
16764,72789.771153945578
16765,72795.988108039455
16766,72798.116718667516
16767,72798.202062434808
16768,72798.202062435215
16769,72803.991129451431
16770,72812.109897702074
16771,72837.680480039431
16772,72837.680480039708
16773,72841.6249562476
16774,72843.310509328716
16775,72847.550084440518
16776,72847.550084440911
16777,72858.487367925147
16778,72859.249310625921
16779,72864.475956280468
16780,72864.514441485531
16781,72876.28123565008
16782,72897.383649954354
16783,72909.8259466116
16784,72924.368322962095
16785,72926.506919649328
16786,72926.506919649444
16787,72956.87847693525
16788,72959.952137244109
16789,72965.9853372535
16790,72965.985337254184
16791,72980.638245943876
16792,72980.745738925238
16793,72992.89338408719
16794,72993.737932476346
16795,73005.463754858036
16796,73005.463754858109
16797,73009.238736487838
16798,73014.235773397813
16799,73019.029921907277
16800,73035.072568061252
16801,73035.072568061296
16802,73050.491163526764
16803,73054.811776863542
16804,73054.811776863979
16805,73057.446178192913
16806,73058.900701519276
16807,73064.466336185171
16808,73067.609323825629
16809,73084.420590066686
16810,73084.42059006686
16811,73097.489073690493
16812,73112.234973928673
16813,73113.078503300188
16814,73117.209549838575
16815,73152.0756789765
16816,73152.623944214662
16817,73153.507820874365
16818,73153.507820874729
16819,73154.608363283027
16820,73155.712975904025
16821,73167.90060917339
16822,73182.167383688517
16823,73192.204687297926
16824,73195.677819400822
16825,73205.6485600468
16826,73206.044030500212
16827,73213.057814723128
16828,73213.879230500213
16829,73233.132250696654
16830,73235.704924972437
16831,73237.916495194877
16832,73241.932982842583
16833,73271.943073687449
16834,73271.943073687798
16835,73287.382511344564
16836,73289.299112777677
16837,73306.378767220333
16838,73317.512227974585
16839,73331.036468032646
16840,73331.696235804397
16841,73332.21191924905
16842,73340.459610795777
16843,73360.769513297302
16844,73360.769513297302
16845,73367.763579464721
16846,73370.662552333873
16847,73390.607688113931
16848,73391.07619985062
16849,73410.221322695535
16850,73414.749466476991
16851,73438.012386126124
16852,73444.118603006296
16853,73449.595952906922
16854,73449.595952906966
16855,73449.595952907097
16856,73452.765032556272
16857,73453.173355783059
16858,73469.335161709037
16859,73469.335161709198
16860,73479.204766110241
16861,73479.204766110473
16862,73498.623279889594
16863,73516.517603103013
16864,73528.552788115398
16865,73528.552788115776
16866,73528.55278811582
16867,73528.552788115863
16868,73532.856787078999
16869,73534.501496774668
16870,73535.497318155132
16871,73537.369840504369
16872,73545.389379400192
16873,73548.53685598154
16874,73558.161601318847
16875,73558.161601319109
16876,73578.787336261928
16877,73579.068138137329
16878,73596.706155908396
16879,73596.798423827859
16880,73597.64001892331
16881,73597.640018923848
16882,73624.890474124273
16883,73625.264956527113
16884,73627.248832126614
16885,73627.248832126803
16886,73630.66947469108
16887,73637.118436527526
16888,73637.118436527628
16889,73644.456778654087
16890,73676.596854132164
16891,73676.596854132251
16892,73679.542528986378
16893,73685.45108434913
16894,73686.46645853309
16895,73686.466458533221
16896,73690.073862100675
16897,73691.068747481928
16898,73727.412942960116
16899,73731.191517474464
16900,73757.88028436157
16901,73760.554253567854
16902,73765.423293741798
16903,73765.423293741813
16904,73765.423293742249
16905,73765.423293742337
16906,73781.893153266545
16907,73786.280225983719
16908,73804.281897730907
16909,73805.492659162832
16910,73854.523519748589
16911,73859.08354714913
16912,73866.960942797727
16913,73871.739138187055
16914,73884.83518356354
16915,73894.370264236117
16916,73895.134617846983
16917,73903.597755357026
16918,73903.597755357143
16919,73913.467359758084
16920,73913.467359758186
16921,73917.459157481571
16922,73917.873356369062
16923,73923.121523872571
16924,73929.486290650748
16925,73930.260600842448
16926,73931.317279787225
16927,73938.085426888007
16928,73943.076172961315
16929,73943.076172961519
16930,73951.117871022812
16931,73953.711017426365
16932,73959.544478366923
16933,73968.628094950269
16934,73969.832837520022
16935,74006.023635464109
16936,74007.046512181652
16937,74017.120787809239
16938,74028.841041939202
16939,74028.99290621432
16940,74031.9026125706
16941,74031.90261257095
16942,74031.90261257127
16943,74031.902612571401
16944,74040.840149843934
16945,74043.394037500999
16946,74061.646071802024
16947,74084.105795239986
16948,74084.25435662223
16949,74128.95148914204
16950,74141.965860910685
16951,74150.561393515192
16952,74160.207469785411
16953,74160.207469785819
16954,74163.846804489687
16955,74166.958359221942
16956,74175.951062514781
16957,74207.892211687606
16958,74208.84974758813
16959,74229.256481957302
16960,74231.929012807261
16961,74239.164304994149
16962,74239.164304994338
16963,74247.797797965541
16964,74247.963735470941
16965,74258.016271736822
16966,74273.177830240558
16967,74274.944657829154
16968,74295.436426971501
16969,74297.785125163078
16970,74298.381931400712
16971,74298.381931400843
16972,74306.161959412493
16973,74308.25153580177
16974,74308.251535801886
16975,74316.973611261317
16976,74329.905092551198
16977,74334.435628680192
16978,74342.091090853384
16979,74345.141947372511
16980,74353.190588226149
16981,74368.110459765245
16982,74375.001808498841
16983,74378.386222473433
16984,74387.208371010551
16985,74387.20837101058
16986,74397.077975411608
16987,74397.077975412016
16988,74397.907065701002
16989,74398.306937494606
16990,74400.206101786927
16991,74401.566897294644
16992,74416.81718421368
16993,74416.817184213753
16994,74416.81718421384
16995,74416.817184213884
16996,74426.686788614956
16997,74426.686788615058
16998,74435.47331167759
16999,74445.675517709504
17000,74450.555740440628
17001,74460.637881167859
17002,74463.468870414086
17003,74463.883973760006
17004,74508.11359864891
17005,74509.56937739467
17006,74536.565673265941
17007,74536.900156971489
17008,74550.006772441237
17009,74557.43167628473
17010,74574.730854630849
17011,74574.730854631154
17012,74575.206526300652
17013,74575.898921314423
17014,74606.236546893284
17015,74619.529484010287
17016,74624.078876636311
17017,74624.078876636588
17018,74629.794203087164
17019,74630.905685967897
17020,74663.557294241022
17021,74663.557294241124
17022,74669.71329544668
17023,74670.808953889209
17024,74690.826440325691
17025,74691.334026624216
17026,74703.03571184515
17027,74703.035711845427
17028,74711.351415496407
17029,74711.388964287835
17030,74712.90531624596
17031,74712.905316246441
17032,74720.142912774885
17033,74720.505007896805
17034,74730.132831061477
17035,74732.157534150843
17036,74753.796025084361
17037,74763.404817091621
17038,74765.935503109373
17039,74765.94097413258
17040,74781.992547053655
17041,74781.992547054062
17042,74825.931122080336
17043,74833.004740453136
17044,74846.32518403657
17045,74846.932282632552
17046,74860.949382262494
17047,74860.949382262843
17048,74860.949382262901
17049,74860.949382263192
17050,74872.238969458049
17051,74872.497765203021
17052,74900.427799866928
17053,74900.427799867233
17054,74910.859015428548
17055,74911.008058060601
17056,74919.110650384668
17057,74922.662637559406
17058,74930.036613070464
17059,74930.036613070566
17060,74957.399710291764
17061,74975.790765421072
17062,75008.161372105649
17063,75012.93911497471
17064,75031.417652445467
17065,75033.418055383328
17066,75048.471865883403
17067,75048.471865883621
17068,75058.341470284417
17069,75058.34147028462
17070,75058.341470284679
17071,75058.341470285057
17072,75068.326884604889
17073,75069.992990479092
17074,75070.088246985382
17075,75079.904014052809
17076,75085.168505984868
17077,75087.540900339183
17078,75096.180990619279
17079,75098.273190493928
17080,75105.358283075446
17081,75107.689492289268
17082,75107.689492290127
17083,75107.689492290156
17084,75107.689492290214
17085,75121.959787215805
17086,75122.612185880163
17087,75125.600007614266
17088,75150.834317219327
17089,75151.073534895433
17090,75158.698346509453
17091,75162.513208520744
17092,75173.870355267805
17093,75177.879168850544
17094,75196.026629695203
17095,75210.394364919965
17096,75210.617534499906
17097,75221.632388026483
17098,75243.864749858665
17099,75246.415069062437
17100,75255.733558305874
17101,75255.733558305918
17102,75255.733558305961
17103,75255.733558306252
17104,75255.733558306514
17105,75255.733558306645
17106,75284.732406550378
17107,75317.482109984354
17108,75334.00478117395
17109,75334.690393515019
17110,75334.690393515164
17111,75338.136424357712
17112,75344.687349635788
17113,75345.408773872667
17114,75356.710211322483
17115,75356.794174251962
17116,75409.527854150729
17117,75412.579454779698
17118,75416.39886108278
17119,75417.260619357534
17120,75422.875798477515
17121,75423.516833124813
17122,75423.516833125133
17123,75451.273122755883
17124,75451.604426770486
17125,75467.825625316444
17126,75477.999840180113
17127,75484.153754758139
17128,75484.51530141852
17129,75488.621244564711
17130,75492.604063932537
17131,75492.604063932595
17132,75502.473668333521
17133,75502.473668333681
17134,75502.473668333725
17135,75502.473668333754
17136,75515.845329900942
17137,75515.949454433532
17138,75517.75397367953
17139,75535.642975526702
17140,75552.31764948598
17141,75558.999501573751
17142,75583.096350095497
17143,75584.581477535539
17144,75586.886095054084
17145,75589.357944023723
17146,75594.164073057793
17147,75601.403303370273
17148,75638.119468790275
17149,75638.240241187596
17150,75648.666586133768
17151,75650.204010600501
17152,75663.391791040209
17153,75665.082456780277
17154,75694.944297370123
17155,75699.912244765219
17156,75722.49318313846
17157,75738.772436711675
17158,75756.542657150916
17159,75756.602212919985
17160,75768.952987163066
17161,75768.952987163226
17162,75807.985238498703
17163,75812.631551193699
17164,75833.823329483566
17165,75834.791777639257
17166,75837.267575763806
17167,75838.040217970527
17168,75838.040217970585
17169,75838.040217970891
17170,75838.040217971095
17171,75838.585881989202
17172,75847.909822371541
17173,75847.909822371672
17174,75847.909822371788
17175,75847.909822372123
17176,75849.405141047289
17177,75850.357443116169
17178,75870.680116239222
17179,75875.22518883647
17180,75877.518635574976
17181,75889.921579509901
17182,75897.257844377295
17183,75897.257844377455
17184,75898.864831438375
17185,75916.714503327341
17186,75926.866657580555
17187,75926.866657580642
17188,75927.966915576792
17189,75935.720208174404
17190,75937.961045806878
17191,75943.313422465319
17192,75944.03927881812
17193,75956.475470783669
17194,75956.475470783786
17195,75956.475470783829
17196,75956.475470784309
17197,76019.185249595612
17198,76019.467703907751
17199,76043.39013023916
17200,76046.843975843061
17201,76050.147691895108
17202,76055.171514794507
17203,76055.171514794725
17204,76061.122163827298
17205,76067.160823166734
17206,76073.827647919665
17207,76084.780327997898
17208,76084.780327997927
17209,76114.389141201129
17210,76114.389141201173
17211,76129.179124074057
17212,76132.618276389359
17213,76163.737163206461
17214,76163.737163206548
17215,76175.998703624777
17216,76179.950001248144
17217,76193.34597640975
17218,76193.345976409764
17219,76215.612905287475
17220,76215.641119457869
17221,76227.001530624562
17222,76227.768033015382
17223,76240.619132394044
17224,76251.416874297007
17225,76267.010728977097
17226,76268.009841011444
17227,76290.125531185578
17228,76292.042020420791
17229,76292.042020420806
17230,76302.566146262398
17231,76302.811517351874
17232,76310.359330720545
17233,76317.396263867529
17234,76319.328092239521
17235,76323.078812540378
17236,76328.813841472846
17237,76333.664831902206
17238,76345.877876162849
17239,76347.341318053208
17240,76357.045415254528
17241,76357.588848761909
17242,76366.063663770547
17243,76370.998855629528
17244,76370.998855629819
17245,76393.265003125111
17246,76400.607668832861
17247,76400.607668833007
17248,76440.086086437106
17249,76440.08608643731
17250,76447.278147768651
17251,76460.065737223675
17252,76460.900470248089
17253,76489.258952744683
17254,76511.431494207762
17255,76512.008057866886
17256,76526.636620702877
17257,76527.637304871692
17258,76553.179571807021
17259,76554.375574873455
17260,76562.424181893628
17261,76576.336640266964
17262,76588.130152453479
17263,76588.130152453494
17264,76607.869361254969
17265,76607.86936125558
17266,76612.55403440549
17267,76616.697239420013
17268,76617.00411190631
17269,76620.027769007022
17270,76627.807689214373
17271,76633.752902336564
17272,76637.478174458927
17273,76637.478174458971
17274,76640.247603073411
17275,76642.564360822289
17276,76676.956592063099
17277,76676.956592063289
17278,76693.350304239633
17279,76693.852497342712
17280,76700.036678432807
17281,76712.613364186123
17282,76713.965997626423
17283,76732.737010049575
17284,76739.942659454115
17285,76752.224565303244
17286,76759.073483852859
17287,76765.783031672734
17288,76765.783031673083
17289,76769.195278943167
17290,76770.702875219533
17291,76785.522240475097
17292,76785.522240475228
17293,76789.932184677775
17294,76802.541775638907
17295,76811.712799242843
17296,76812.556581613637
17297,76830.568776769505
17298,76832.773336226383
17299,76834.870262480326
17300,76834.870262480719
17301,76844.739866881369
17302,76844.739866881486
17303,76844.739866881835
17304,76844.739866881893
17305,76874.296871482511
17306,76886.925457438221
17307,76893.859257319084
17308,76894.192548344145
17309,76923.52610448304
17310,76931.816154472952
17311,76944.136792056306
17312,76944.693375276212
17313,76977.125166321071
17314,76980.838903632233
17315,76992.783932898208
17316,76992.783932898223
17317,77003.186967303496
17318,77003.226223329388
17319,77024.782779631525
17320,77026.885888331948
17321,77041.88942599055
17322,77044.41583340276
17323,77049.250841872694
17324,77059.667747485713
17325,77066.614260602582
17326,77066.706438489069
17327,77111.21918571119
17328,77111.219185711365
17329,77124.225612871072
17330,77125.50146018801
17331,77140.827998914261
17332,77140.827998914392
17333,77147.916864212777
17334,77150.275944220892
17335,77150.697603315595
17336,77150.697603315799
17337,77162.876096958265
17338,77164.159340920611
17339,77192.207606001481
17340,77204.368642209869
17341,77212.881420574544
17342,77215.322643978318
17343,77229.654438524303
17344,77229.654438524303
17345,77263.475026231943
17346,77268.622435388534
17347,77269.132856128126
17348,77269.132856128723
17349,77275.29091791292
17350,77275.789752169323
17351,77318.480878134127
17352,77318.480878134418
17353,77336.03562886476
17354,77342.563686104753
17355,77348.089691336892
17356,77348.089691337256
17357,77385.573731261466
17358,77387.568108941632
17359,77387.568108941719
17360,77389.580141359082
17361,77396.031458717116
17362,77399.357993774407
17363,77399.52393928176
17364,77417.158585162862
17365,77417.176922145081
17366,77417.176922145183
17367,77436.371685613354
17368,77436.550960525259
17369,77456.655339749152
17370,77456.655339749472
17371,77469.007150657431
17372,77471.221999687361
17373,77476.394548550932
17374,77476.394548551485
17375,77506.003361754745
17376,77506.00336175476
17377,77516.104839388237
17378,77520.521287388881
17379,77523.77866485581
17380,77531.409224406525
17381,77531.783585259836
17382,77534.481584082125
17383,77544.229205599942
17384,77544.744220775799
17385,77545.481779359165
17386,77545.481779359208
17387,77558.941878917467
17388,77563.23317303654
17389,77573.587661309153
17390,77590.91851966684
17391,77615.452029507229
17392,77620.001139821659
17393,77624.438614567815
17394,77624.438614567844
17395,77632.218218773065
17396,77664.480998246916
17397,77685.875690783592
17398,77686.688475433984
17399,77703.395449776523
17400,77703.395449776581
17401,77714.427447731214
17402,77717.498550639983
17403,77742.873867380709
17404,77742.873867380928
17405,77746.231395942188
17406,77764.467024663871
17407,77767.89884768
17408,77786.145571000685
17409,77786.718023160822
17410,77788.864073247925
17411,77804.812121547729
17412,77807.284370177556
17413,77808.332239883603
17414,77808.3842841757
17415,77845.878006927232
17416,77850.118687337308
17417,77851.439515792896
17418,77851.439515792954
17419,77871.03252586053
17420,77874.389948090698
17421,77880.174153305299
17422,77890.917933397286
17423,77890.917933397301
17424,77916.212483524476
17425,77917.397036633847
17426,77920.413462644428
17427,77937.05046752347
17428,77940.265955402196
17429,77940.265955402778
17430,77949.164832593931
17431,77976.027100918334
17432,77988.401783125504
17433,77989.437557658603
17434,77995.18791573096
17435,78015.146102005951
17436,78016.313792571615
17437,78026.397499552841
17438,78026.911722831443
17439,78046.937180527835
17440,78050.835603172512
17441,78078.841157134681
17442,78094.45048458621
17443,78111.64777053392
17444,78116.741059060398
17445,78167.370479013596
17446,78168.025700925529
17447,78176.635861967341
17448,78177.136461028829
17449,78177.136461028829
17450,78181.232920194903
17451,78187.006065429625
17452,78187.006065429989
17453,78190.343926853791
17454,78208.576030493321
17455,78211.166427182223
17456,78211.212693049063
17457,78216.614878633118
17458,78216.614878633147
17459,78228.54263316952
17460,78236.602686042854
17461,78249.148307772091
17462,78249.563448540284
17463,78256.093296237465
17464,78256.093296237697
17465,78265.962900638624
17466,78265.962900638842
17467,78265.962900639017
17468,78265.962900639061
17469,78287.100453063031
17470,78291.960866413559
17471,78295.571713841593
17472,78295.571713841826
17473,78316.285625693476
17474,78322.717329339401
17475,78332.934334946185
17476,78333.027957092097
17477,78344.919735847376
17478,78354.056696798041
17479,78364.658944649491
17480,78364.658944649549
17481,78375.872792517024
17482,78393.70870257575
17483,78395.982418107757
17484,78418.352519236927
17485,78418.689761180052
17486,78423.876571056098
17487,78423.876571056331
17488,78486.379351640833
17489,78488.784601949039
17490,78502.833406264777
17491,78502.833406264836
17492,78508.069968507887
17493,78518.973507596078
17494,78522.572615066878
17495,78522.572615066922
17496,78532.442219468125
17497,78532.442219468168
17498,78568.331577751756
17499,78568.930294893027
17500,78570.242295153395
17501,78570.275579836365
17502,78593.158052230428
17503,78593.219883949365
17504,78617.483557474261
17505,78625.261161425355
17506,78644.036504483665
17507,78644.546225628379
17508,78649.083275122364
17509,78650.47555334089
17510,78660.747076682223
17511,78660.747076682252
17512,78716.30551078025
17513,78719.964703088845
17514,78719.96470308899
17515,78722.143398746484
17516,78743.764921503185
17517,78744.164454187397
17518,78759.464244342787
17519,78762.157479876303
17520,78764.486337306036
17521,78770.324033782337
17522,78775.477679632473
17523,78791.410080826608
17524,78800.127701591526
17525,78808.791142698567
17526,78808.79114269909
17527,78835.363166641939
17528,78838.399955901856
17529,78838.399955901958
17530,78865.803174212022
17531,78887.747977907027
17532,78887.747977907333
17533,78904.520618215145
17534,78907.177408622767
17535,78920.220402860301
17536,78920.508642654357
17537,78925.314467959819
17538,78955.539591533874
17539,78956.83520871475
17540,78956.835208714983
17541,78967.812744148105
17542,78967.850205137045
17543,78985.206604610095
17544,78985.549564622168
17545,78995.105817007614
17546,78995.810333175861
17547,79006.183230719966
17548,79006.183230720315
17549,79006.183230720329
17550,79006.183230720635
17551,79016.581872465991
17552,79022.699791899096
17553,79041.244685332029
17554,79049.235093300507
17555,79055.131888171134
17556,79055.531252725268
17557,79055.531252725836
17558,79063.602772938335
17559,79085.96443294645
17560,79086.56931726406
17561,79095.266910164224
17562,79112.244437330679
17563,79154.227296736499
17564,79154.227296736819
17565,79175.634165833311
17566,79184.082750776375
17567,79193.464209579703
17568,79199.88946798777
17569,79212.376478443679
17570,79213.444923143135
17571,79213.444923143266
17572,79226.522799774641
17573,79232.665176583367
17574,79238.15948575575
17575,79238.363759574757
17576,79253.98938561567
17577,79260.947359077822
17578,79282.532153950757
17579,79282.532153950815
17580,79284.583534962425
17581,79290.959618397741
17582,79307.717969042831
17583,79308.999138626838
17584,79312.140967154104
17585,79312.140967154381
17586,79353.566971344029
17587,79358.06827735524
17588,79358.222099918232
17589,79363.702725918396
17590,79390.897046215599
17591,79391.062649668849
17592,79397.202526716428
17593,79400.967406763972
17594,79400.967406764001
17595,79410.82838903727
17596,79422.03156123402
17597,79422.720927123286
17598,79449.503933935383
17599,79451.463885107747
17600,79468.049050966205
17601,79468.248893008713
17602,79521.047827066461
17603,79537.415657818317
17604,79542.500760909388
17605,79542.629290989964
17606,79581.813232850982
17607,79584.795209888936
17608,79598.359494785735
17609,79598.359494785822
17610,79608.229099186865
17611,79608.229099186981
17612,79621.183554113188
17613,79624.762817403811
17614,79637.837912390227
17615,79637.837912390445
17616,79640.522216903584
17617,79643.585282659187
17618,79698.082178919693
17619,79707.700449263823
17620,79716.794747598789
17621,79716.794747598833
17622,79716.794747599037
17623,79716.794747599357
17624,79738.671797023111
17625,79746.403560801933
17626,79746.403560802093
17627,79749.3813757506
17628,79756.273165202889
17629,79756.27316520318
17630,79756.561549599661
17631,79757.452396283668
17632,79766.142769604194
17633,79766.142769604223
17634,79787.446702691537
17635,79791.213192344367
17636,79793.691508959571
17637,79800.639363338894
17638,79802.629390595743
17639,79802.765401368422
17640,79835.230000411888
17641,79835.230000411946
17642,79845.099604812669
17643,79845.099604813018
17644,79849.146174796682
17645,79849.530969193322
17646,79874.167885703995
17647,79892.504632736498
17648,79943.795648823681
17649,79943.795648823914
17650,79944.851445678127
17651,79950.126610228879
17652,79964.023550236991
17653,79967.131668294125
17654,79993.143670829377
17655,79993.14367082942
17656,79997.991528910512
17657,80000.040338389226
17658,80016.468562001974
17659,80025.17288713
17660,80032.622088433724
17661,80032.62208843384
17662,80032.727820990942
17663,80035.632940725234
17664,80052.744048891836
17665,80080.846356101072
17666,80120.317630404446
17667,80129.843126919703
17668,80145.644455736096
17669,80152.709049597586
17670,80156.875902665066
17671,80156.89318514672
17672,80164.140249491204
17673,80167.971891937967
17674,80174.145124642469
17675,80175.196487049761
17676,80190.535758850732
17677,80190.535758851081
17678,80190.535758851081
17679,80190.535758851358
17680,80215.482806504748
17681,80217.652936520477
17682,80227.96175126353
17683,80234.498698066862
17684,80249.515131326785
17685,80272.37647363577
17686,80274.672316424694
17687,80281.408315508626
17688,80318.840616064903
17689,80318.84061606499
17690,80318.840616065267
17691,80318.840616065456
17692,80321.950710447607
17693,80327.481930091148
17694,80367.511644594197
17695,80405.973365912883
17696,80427.406264476813
17697,80427.406264477351
17698,80436.263154805347
17699,80437.669834127068
17700,80440.291688917685
17701,80449.340705355964
17702,80459.293296457661
17703,80459.601788331711
17704,80477.070559093598
17705,80483.856496725537
17706,80484.95660460915
17707,80500.9120844274
17708,80521.897274135918
17709,80525.314872458272
17710,80545.841517289999
17711,80545.841517290362
17712,80545.852610393224
17713,80549.168574961659
17714,80554.574994999391
17715,80555.032246708404
17716,80568.164399560643
17717,80575.410987054231
17718,80575.450330493666
17719,80575.450330493695
17720,80608.137993167475
17721,80608.808094340333
17722,80628.422637607757
17723,80631.753450258548
17724,80663.692413447134
17725,80666.722459632685
17726,80688.627597987637
17727,80701.917187419444
17728,80702.14627888918
17729,80703.755187706876
17730,80703.755187707444
17731,80703.755187707662
17732,80703.755187707779
17733,80703.755187707866
17734,80703.755187708346
17735,80705.949456013055
17736,80733.364000910646
17737,80733.364000911184
17738,80754.577204951449
17739,80757.930430070439
17740,80784.168649987449
17741,80788.712167824095
17742,80825.077885304898
17743,80837.493499586781
17744,80850.284411703193
17745,80851.799253724006
17746,80858.631315224819
17747,80871.538462526121
17748,80871.538462526354
17749,80887.484401381094
17750,80893.596273693824
17751,80930.756088932176
17752,80930.75608893286
17753,80930.756088932874
17754,80930.756088932918
17755,80943.970036287676
17756,80944.034375268981
17757,80947.551885031833
17758,80948.541842528371
17759,80990.094786781468
17760,80990.128530800284
17761,81005.820494164829
17762,81014.513021583625
17763,81019.582528542553
17764,81019.582528542785
17765,81029.452132943785
17766,81029.452132943872
17767,81043.331305583211
17768,81043.75360369483
17769,81067.425465881723
17770,81076.289512211326
17771,81121.111031662862
17772,81126.204599308054
17773,81149.785790356123
17774,81151.739109959963
17775,81167.626594558737
17776,81167.626594559115
17777,81187.365803360866
17778,81187.365803361041
17779,81196.8818508033
17780,81197.481027246744
17781,81242.007121990973
17782,81244.361971634848
17783,81256.453034168764
17784,81256.453034168953
17785,81258.281666597759
17786,81278.11458146626
17787,81279.086987220697
17788,81294.384855276163
17789,81312.551584112429
17790,81333.054561657365
17791,81335.951237204135
17792,81345.279473778457
17793,81345.279473778544
17794,81345.279473778792
17795,81345.27947377917
17796,81349.874515674761
17797,81354.92152478623
17798,81355.646031200318
17799,81374.888286981601
17800,81374.888286981775
17801,81378.531237515344
17802,81398.488089228485
17803,81399.27816369971
17804,81410.950769733157
17805,81414.366704586253
17806,81414.366704586399
17807,81414.837703812707
17808,81436.217225803499
17809,81456.625288170253
17810,81458.346041727185
17811,81461.462153297616
17812,81491.644135643452
17813,81495.112588905497
17814,81510.388604648877
17815,81513.547437861052
17816,81551.131753349429
17817,81562.410770602364
17818,81562.410770602466
17819,81565.968876058963
17820,81582.14997940477
17821,81582.1499794048
17822,81588.951145533982
17823,81618.109928474383
17824,81661.630404018491
17825,81663.65732595502
17826,81680.846023415012
17827,81680.846023415623
17828,81696.826805774443
17829,81698.396083058557
17830,81700.19269780723
17831,81714.177328190126
17832,81715.445166857273
17833,81742.278594171556
17834,81742.919878799919
17835,81744.68677552836
17836,81749.019052648931
17837,81755.819040151357
17838,81760.528710490398
17839,81762.178854794227
17840,81762.228132223172
17841,81769.672463025214
17842,81769.67246302549
17843,81795.951131010021
17844,81809.80867569166
17845,81819.02048503072
17846,81819.020485030749
17847,81838.434824731012
17848,81838.994838479775
17849,81848.629298234009
17850,81848.629298234111
17851,81871.859216638317
17852,81877.709884673386
17853,81893.313295739586
17854,81915.532064548868
17855,81946.389960176632
17856,81947.377107148364
17857,81959.829007003835
17858,81965.634355498099
17859,81989.61609490808
17860,81989.77190608345
17861,82029.751980383313
17862,82044.617054888033
17863,82044.803267199852
17864,82058.159365675951
17865,82106.921855966793
17866,82109.058835821939
17867,82115.108617063554
17868,82115.108617063583
17869,82124.978221464567
17870,82124.978221464669
17871,82150.107627461242
17872,82150.118689273266
17873,82159.296116644909
17874,82163.031993306693
17875,82164.456639068259
17876,82164.456639068696
17877,82164.456639068987
17878,82164.456639069002
17879,82179.300534911177
17880,82188.662881789685
17881,82203.935056673319
17882,82203.935056673479
17883,82213.80466107442
17884,82213.804661074522
17885,82215.604498602581
17886,82223.902340001994
17887,82243.413474277622
17888,82243.413474277681
17889,82261.722395954625
17890,82268.157771451006
17891,82273.022287480911
17892,82273.022287480926
17893,82292.507259334117
17894,82292.618152900875
17895,82297.835596111618
17896,82303.429054508189
17897,82361.848727090735
17898,82361.848727090794
17899,82387.498015644946
17900,82394.744543268986
17901,82396.624061523806
17902,82408.729540126922
17903,82442.382820074665
17904,82446.810450111632
17905,82450.675166700486
17906,82450.675166700574
17907,82480.283979903747
17908,82480.283979903834
17909,82501.051530812401
17910,82505.236332177927
17911,82519.76239750805
17912,82519.762397508312
17913,82535.527587101082
17914,82539.246633996765
17915,82549.578083945482
17916,82562.139421779983
17917,82577.159392567177
17918,82577.160914176362
17919,82585.182190924446
17920,82598.6939176296
17921,82617.747879466129
17922,82619.397112305989
17923,82653.958853321819
17924,82666.542709061177
17925,82677.676067925553
17926,82677.676067926281
17927,82681.311796188296
17928,82691.323201114632
17929,82699.028685591591
17930,82703.140216549727
17931,82711.603349231737
17932,82713.609096119617
17933,82717.154485530031
17934,82717.154485530453
17935,82727.131697679928
17936,82727.167449721572
17937,82773.3593918431
17938,82786.241716337463
17939,82786.241716337623
17940,82811.085029070615
17941,82825.720133941897
17942,82825.72013394197
17943,82836.091573054
17944,82842.666814935728
17945,82895.342130515113
17946,82898.715472302632
17947,82903.694046612436
17948,82928.33367657513
17949,82951.125851805933
17950,82954.024991156082
17951,82954.024991156228
17952,82955.093470644264
17953,82975.897645768331
17954,82988.066704022596
17955,82988.271305222486
17956,82988.796151190618
17957,82996.887600708083
17958,83002.318881741608
17959,83003.373013161021
17960,83003.373013161603
17961,83012.385884655188
17962,83012.810378339171
17963,83017.793278813333
17964,83036.096065996375
17965,83073.817806712643
17966,83076.35611485345
17967,83085.45625003599
17968,83095.3771344704
17969,83145.012196522235
17970,83145.863950011888
17971,83151.417079177641
17972,83151.417079177772
17973,83161.571306248647
17974,83163.067669386903
17975,83190.89549678177
17976,83190.895496782367
17977,83202.421263004944
17978,83206.505168102376
17979,83220.691103332181
17980,83230.373914386539
17981,83230.373914386582
17982,83231.296934056969
17983,83231.750065258952
17984,83240.243518787611
17985,83240.243518787625
17986,83243.642988435618
17987,83302.663606292423
17988,83304.491706206274
17989,83318.140778055924
17990,83323.681463009212
17991,83358.980842427409
17992,83377.009853990807
17993,83398.157189205071
17994,83398.157189205143
17995,83398.157189205143
17996,83417.896398006953
17997,83417.896398007259
17998,83419.696289732194
17999,83424.763595150565
18000,83424.892805941869
18001,83430.649475956394
18002,83447.250325259869
18003,83447.552198813108
18004,83477.114024413793
18005,83477.114024413808
18006,83536.821272642061
18007,83537.437301969549
18008,83543.909464851968
18009,83546.201255221269
18010,83546.201255221386
18011,83553.256637488681
18012,83564.671110308322
18013,83565.040568589131
18014,83575.810068424718
18015,83575.810068424791
18016,83596.485052662087
18017,83612.868310006772
18018,83667.825681114191
18019,83669.194381578141
18020,83692.668002761668
18021,83694.117537396858
18022,83694.245321237744
18023,83694.24532123789
18024,83713.984530040005
18025,83713.984530040034
18026,83743.593343243454
18027,83743.593343243527
18028,83757.530452114675
18029,83763.699323660432
18030,83793.593104732194
18031,83806.487677469006
18032,83806.525437280172
18033,83817.841908882459
18034,83830.883853043284
18035,83845.92206315849
18036,83854.898007254
18037,83855.062794536178
18038,83862.028596056378
18039,83862.028596056887
18040,83865.403040998761
18041,83891.637409259318
18042,83891.637409259565
18043,83899.972402714237
18044,83901.507013660783
18045,83901.507013661161
18046,83929.260779684933
18047,83941.069039505746
18048,83941.721223634086
18049,83962.732708469921
18050,83963.285041471536
18051,83969.911235961568
18052,83970.333908601999
18053,83987.900256003239
18054,83994.17521448317
18055,84015.737698898607
18056,84042.481273063328
18057,84049.55107967669
18058,84049.551079677054
18059,84095.146855913685
18060,84099.41866163649
18061,84108.768706083531
18062,84108.768706083589
18063,84127.990120828719
18064,84145.888698005772
18065,84168.032693378613
18066,84177.31761006132
18067,84187.725541292195
18068,84187.72554129237
18069,84207.67742400436
18070,84208.280779291905
18071,84245.182609533658
18072,84248.404666439907
18073,84258.644698998964
18074,84269.086159534927
18075,84273.232533182541
18076,84283.659404541744
18077,84284.237982526887
18078,84294.661602020424
18079,84296.291189704178
18080,84296.291189704221
18081,84296.589440049385
18082,84303.029585124212
18083,84312.4378468512
18084,84335.76960730867
18085,84335.769607309077
18086,84349.881342417269
18087,84365.378420511901
18088,84365.378420512308
18089,84368.139725708199
18090,84427.419351173026
18091,84427.486432227161
18092,84430.337811315621
18093,84451.239780015167
18094,84466.815644444316
18095,84471.927811687347
18096,84474.43937522269
18097,84475.245876314249
18098,84511.759154906307
18099,84515.783852684996
18100,84538.308404009265
18101,84546.205757866686
18102,84593.994446878773
18103,84610.961186875167
18104,84637.312306644046
18105,84637.428344119078
18106,84661.466552544662
18107,84661.466552544807
18108,84679.201523586744
18109,84685.726914181709
18110,84691.075365747703
18111,84691.075365748198
18112,84704.611460708489
18113,84705.26172315923
18114,84716.698530747133
18115,84720.684178951022
18116,84720.684178951109
18117,84721.1297568929
18118,84730.553783351585
18119,84730.553783351905
18120,84730.553783352094
18121,84730.553783352181
18122,84740.423387753224
18123,84740.423387753443
18124,84778.363763435438
18125,84784.623128903026
18126,84805.25170322413
18127,84809.510618560409
18128,84809.510618560947
18129,84821.869205993862
18130,84840.660759846243
18131,84841.68035507921
18132,84883.025905888906
18133,84883.692884604592
18134,84927.945871373871
18135,84927.945871374002
18136,84947.995737369682
18137,84960.951786712409
18138,84962.193425776844
18139,84967.424288978538
18140,84967.42428897864
18141,84969.373203407464
18142,84997.033102181522
18143,84997.033102182191
18144,85040.991257136004
18145,85043.700145131748
18146,85080.666919022362
18147,85081.628742949222
18148,85085.859541791477
18149,85085.859541791549
18150,85115.168344301346
18151,85121.782174991386
18152,85124.758387253969
18153,85135.957665642956
18154,85158.249150132382
18155,85174.83861313833
18156,85182.209459320351
18157,85187.859706682415
18158,85204.294794604328
18159,85204.294794604401
18160,85222.577068205632
18161,85222.758620081993
18162,85226.03812254504
18163,85227.768521179591
18164,85239.050794583454
18165,85249.682244576994
18166,85267.132882795297
18167,85276.530755431755
18168,85283.251629813167
18169,85283.251629813254
18170,85293.121234214166
18171,85293.121234214341
18172,85342.98325038483
18173,85372.0780694227
18174,85372.07806942302
18175,85380.523691288297
18176,85389.651090916828
18177,85394.961943951319
18178,85403.865583664505
18179,85404.987563855306
18180,85470.550900336224
18181,85481.339782661715
18182,85483.008166432483
18183,85490.82834928314
18184,85520.122135439218
18185,85520.122135439771
18186,85528.891592138214
18187,85539.786114306844
18188,85555.360299084117
18189,85565.247503398554
18190,85566.389180143684
18191,85568.320070669244
18192,85575.944145957314
18193,85577.377713186012
18194,85595.777710016191
18195,85613.558497400561
18196,85638.557388252317
18197,85638.557388252448
18198,85655.139981898392
18199,85661.19228247994
18200,85691.791200563326
18201,85702.36612731067
18202,85716.594976053835
18203,85717.514223460923
18204,85717.51422346101
18205,85722.586051396647
18206,85738.875314868317
18207,85739.095653487981
18208,85760.06155515452
18209,85762.250986176819
18210,85786.601454268472
18211,85786.601454268835
18212,85796.471058669471
18213,85796.471058669791
18214,85800.797357550953
18215,85818.505166248782
18216,85818.843014085258
18217,85819.277886924232
18218,85887.706032591988
18219,85888.332089950942
18220,85905.036707081788
18221,85905.036707081788
18222,85923.05191006152
18223,85938.201342429616
18224,85979.515109967033
18225,85982.997111420787
18226,85983.993542290511
18227,85999.295960124102
18228,86003.732751092684
18229,86003.732751092772
18230,86008.378559316523
18231,86057.966283651665
18232,86059.256491864449
18233,86062.950377499204
18234,86062.950377499481
18235,86089.163879641186
18236,86090.07971053035
18237,86112.298399504667
18238,86112.298399504725
18239,86120.847285197757
18240,86129.585521203815
18241,86132.048931142053
18242,86140.59431020559
18243,86161.646421510159
18244,86161.646421510493
18245,86222.142841009787
18246,86228.174509535544
18247,86240.603256718736
18248,86240.603256718838
18249,86244.991463146347
18250,86245.809896760809
18251,86270.212069921865
18252,86270.212069922141
18253,86299.820883125329
18254,86299.820883125823
18255,86315.345495572328
18256,86322.282792336395
18257,86345.61483893577
18258,86347.191981515469
18259,86372.469756188832
18260,86394.183091306768
18261,86423.18981028616
18262,86437.73217783116
18263,86456.904013883017
18264,86467.604157943919
18265,86467.604157944123
18266,86477.473762345107
18267,86477.473762345631
18268,86479.737993224655
18269,86481.64759356335
18270,86490.708357405514
18271,86495.103031371749
18272,86501.904341113244
18273,86520.525837284891
18274,86520.83019306566
18275,86523.002783574091
18276,86556.43059755367
18277,86556.430597553757
18278,86561.961638982815
18279,86564.318723420685
18280,86582.940708433773
18281,86622.086727993898
18282,86671.38113449447
18283,86677.374839769385
18284,86687.195597611048
18285,86687.818200404246
18286,86694.605059168825
18287,86694.605059169044
18288,86726.392992756097
18289,86734.083476773187
18290,86734.083476773318
18291,86757.46461052839
18292,86763.946307939361
18293,86767.188068087518
18294,86786.721161614449
18295,86787.169509039624
18296,86853.430697092947
18297,86859.492921566823
18298,86860.202491800985
18299,86862.388333986863
18300,86862.388333987532
18301,86862.388333987605
18302,86862.388333987677
18303,86863.582236536837
18304,86871.758927772229
18305,86900.207742886705
18306,86904.140772909537
18307,86944.106866949718
18308,86951.214773597181
18309,86951.214773597269
18310,86966.018536694319
18311,86995.350379102121
18312,86996.207513669709
18313,87003.645120086076
18314,87007.150230687868
18315,87023.266282403172
18316,87024.604525827934
18317,87031.117426789264
18318,87054.013174508946
18319,87071.790779663555
18320,87079.158033644606
18321,87112.345062826847
18322,87118.568034318028
18323,87187.499395589766
18324,87198.55752149949
18325,87211.867843166954
18326,87219.886114883644
18327,87247.302905630073
18328,87247.302905630087
18329,87257.457216200972
18330,87261.840249427565
18331,87267.042114432043
18332,87267.042114432581
18333,87296.650927635375
18334,87296.650927635594
18335,87296.650927635637
18336,87296.650927635681
18337,87302.437998476511
18338,87303.184836075277
18339,87314.791187595503
18340,87321.282179262533
18341,87336.129345239897
18342,87336.129345239926
18343,87382.743002260118
18344,87407.665513305416
18345,87415.086180448561
18346,87415.08618044859
18347,87420.286961569291
18348,87420.372588113591
18349,87427.69231757411
18350,87428.52991537207
18351,87494.043015657051
18352,87494.043015657095
18353,87520.031567685393
18354,87522.984209436399
18355,87533.521433261267
18356,87533.521433261718
18357,87545.859923336509
18358,87561.054469620663
18359,87582.869455266729
18360,87582.869455266991
18361,87615.831571301213
18362,87615.998689330736
18363,87643.668286590735
18364,87659.33831097075
18365,87691.435103678872
18366,87691.435103679076
18367,87699.233620030267
18368,87700.213033957742
18369,87734.418297197335
18370,87747.109782270942
18371,87770.233068942325
18372,87770.391938887638
18373,87770.391938887711
18374,87779.961145737427
18375,87780.407057136836
18376,87794.326893739999
18377,87821.132659399882
18378,87821.705156759694
18379,87825.628861399353
18380,87830.463582588869
18381,87839.47916969542
18382,87839.479169696133
18383,87862.106382722428
18384,87886.395046113365
18385,87888.827191700344
18386,87888.827191700781
18387,87945.468070443269
18388,87946.438985748013
18389,87955.209029810183
18390,87957.91442250846
18391,87957.914422508926
18392,87985.153009760776
18393,87986.022649260325
18394,87997.040003218019
18395,88050.732239227815
18396,88050.804058705748
18397,88075.299368133536
18398,88076.098704798074
18399,88104.224220479693
18400,88125.697697326861
18401,88125.697697327691
18402,88134.402629882694
18403,88164.925619206493
18404,88166.611407258082
18405,88175.043935746406
18406,88186.325421280853
18407,88213.745685166927
18408,88226.368975134756
18409,88248.764181534032
18410,88254.230434957164
18411,88281.120668112548
18412,88283.611367744248
18413,88283.611367744641
18414,88288.452157835898
18415,88301.05779595027
18416,88301.163348340429
18417,88326.887861589508
18418,88337.573607107144
18419,88353.112147284774
18420,88357.214939085199
18421,88372.437807354116
18422,88372.437807354348
18423,88375.699277967462
18424,88375.719321479526
18425,88402.046620557463
18426,88402.046620557536
18427,88417.093637246377
18428,88435.005649559345
18429,88451.394642562809
18430,88451.394642562824
18431,88487.641189999369
18432,88495.387313829284
18433,88533.2352650799
18434,88541.6949102402
18435,88560.527805478603
18436,88560.841737453418
18437,88607.740721680428
18438,88609.308312980313
18439,88624.581628104759
18440,88629.047521782544
18441,88629.047521782704
18442,88639.732427299721
18443,88643.858979502722
18444,88688.265148188992
18445,88688.26514818937
18446,88717.873961392164
18447,88717.873961392397
18448,88723.602439505528
18449,88726.690492298774
18450,88738.695370914997
18451,88745.61333248239
18452,88786.961192199975
18453,88786.961192199989
18454,88800.483843237933
18455,88806.784971726753
18456,88826.439609804365
18457,88826.439609804671
18458,88836.309214205379
18459,88836.30921420551
18460,88854.819908052697
18461,88858.331610090783
18462,88912.599861636249
18463,88914.140200242895
18464,88914.455760927158
18465,88920.159948593588
18466,88925.135653815058
18467,88925.13565381529
18468,88988.867148356658
18469,89009.917374034412
18470,89054.980060777278
18471,89068.885053784266
18472,89073.179719831474
18473,89073.179719831547
18474,89074.278322753933
18475,89079.692392598823
18476,89089.630951333995
18477,89102.788533034633
18478,89102.788533034734
18479,89121.37432985683
18480,89126.727307709152
18481,89132.070418103365
18482,89148.5899243147
18483,89158.92263558635
18484,89166.984461590735
18485,89211.157227770324
18486,89231.70927711371
18487,89268.546659456813
18488,89272.022187937051
18489,89296.322691724708
18490,89299.400776634327
18491,89319.919829858263
18492,89319.919829858656
18493,89319.919829858758
18494,89319.919829858816
18495,89342.173743068604
18496,89350.351471203743
18497,89357.86659877596
18498,89365.715532707982
18499,89373.864153691102
18500,89394.717828420835
18501,89428.485478270508
18502,89428.485478270872
18503,89467.963895875131
18504,89467.963895875917
18505,89471.91304913364
18506,89475.252319443054
18507,89489.036452363362
18508,89499.91118224214
18509,89509.358201967159
18510,89534.895790642244
18511,89537.644954669071
18512,89576.529544287099
18513,89576.529544287288
18514,89577.917415251039
18515,89602.904756180506
18516,89604.57062933303
18517,89604.776965936486
18518,89630.25421446556
18519,89638.11380379906
18520,89661.685339908654
18521,89663.60937709421
18522,89666.898596995277
18523,89687.255634892776
18524,89745.656495664982
18525,89751.621552036901
18526,89814.09448068148
18527,89814.397537293073
18528,89828.561622266832
18529,89851.514441075895
18530,89852.878467517454
18531,89852.878467517628
18532,89864.743369697884
18533,89865.614991786264
18534,89872.6176763197
18535,89872.617676319889
18536,89900.467396887092
18537,89901.937051977293
18538,89902.226489522654
18539,89902.226489523047
18540,89941.704907127292
18541,89941.704907127438
18542,89945.268883127763
18543,89946.763587916372
18544,89981.183324731683
18545,89981.183324731945
18546,90004.778824375506
18547,90030.962482292947
18548,90058.25698585072
18549,90060.140159940187
18550,90060.140159940536
18551,90060.506584432209
18552,90118.79444966797
18553,90120.365715939814
18554,90178.575412753489
18555,90178.575412753737
18556,90181.796786128529
18557,90194.009635061302
18558,90208.184225956735
18559,90208.184225956807
18560,90221.384905206054
18561,90223.746904452142
18562,90254.165653310003
18563,90273.976007882491
18564,90326.915877411157
18565,90329.301316756406
18566,90336.489083170862
18567,90336.489083171022
18568,90375.96750077531
18569,90375.967500775703
18570,90376.156471937662
18571,90376.728194287454
18572,90386.020019201096
18573,90398.078866559154
18574,90421.301038595178
18575,90425.315522780278
18576,90425.315522780671
18577,90434.828140120706
18578,90441.536606487891
18579,90443.987514720458
18580,90463.219720315057
18581,90471.100216918494
18582,90506.102046091735
18583,90533.881171192625
18584,90533.881171192974
18585,90536.479038543432
18586,90583.229193198145
18587,90583.229193198466
18588,90602.857610919746
18589,90619.532992557739
18590,90620.356405249768
18591,90639.132901111792
18592,90655.016431352269
18593,90656.127763534532
18594,90702.55476194153
18595,90706.368200516168
18596,90742.9752147775
18597,90770.751676818618
18598,90770.751676818836
18599,90772.050036196029
18600,90803.253254797761
18601,90812.359949466336
18602,90832.713246420826
18603,90844.246593210701
18604,90871.395125104507
18605,90877.769877067447
18606,90886.149423053925
18607,90889.186929632051
18608,90889.186929632109
18609,90899.559060945816
18610,90913.113796051635
18611,90913.229802113041
18612,90935.262756492564
18613,90936.664665016579
18614,90971.499664292351
18615,90979.234318180272
18616,90997.752578044063
18617,90997.75257804447
18618,90998.459671032586
18619,90999.206196114363
18620,91047.100600049569
18621,91047.100600049816
18622,91072.65532742381
18623,91089.797760226458
18624,91123.812352629349
18625,91139.274332198707
18626,91176.746451042374
18627,91177.497074468061
18628,91186.185971746876
18629,91188.414742497655
18630,91248.311835755347
18631,91265.508135015582
18632,91272.004603384252
18633,91274.101501274636
18634,91280.697971575442
18635,91293.840710076533
18636,91293.8407100771
18637,91353.058336482936
18638,91353.058336483009
18639,91362.182049900643
18640,91362.927940883936
18641,91362.927940884125
18642,91364.098724146359
18643,91393.90199112393
18644,91398.633338483371
18645,91417.521973681694
18646,91425.446345147851
18647,91441.884776092906
18648,91441.884776093313
18649,91451.754380493468
18650,91451.75438049373
18651,91451.754380494007
18652,91451.754380495418
18653,91503.668589115521
18654,91511.887431242008
18655,91551.654708473245
18656,91556.989115887482
18657,91589.928842109424
18658,91589.928842109468
18659,91644.718377120778
18660,91665.52557250933
18661,91696.558054148976
18662,91701.197328230963
18663,91718.233699323479
18664,91718.233699323668
18665,91726.395207278241
18666,91740.766548924264
18667,91759.251388480639
18668,91767.581721328897
18669,91767.581721328927
18670,91770.360407259315
18671,91773.053927043671
18672,91797.436741980884
18673,91808.747787065731
18674,91812.123347966248
18675,91832.079465002113
18676,91883.275859404821
18677,91909.532674685834
18678,91933.209555769645
18679,91935.137295337277
18680,91945.234600548516
18681,91945.234600548647
18682,91955.477240409338
18683,91957.950946774843
18684,91984.713018152645
18685,91984.713018152863
18686,91985.151901427904
18687,91985.544672556818
18688,92028.834248157349
18689,92063.548087938427
18690,92113.017875367048
18691,92113.017875367339
18692,92125.107307105165
18693,92128.709415758349
18694,92161.105235691473
18695,92176.981229765399
18696,92185.511930647684
18697,92203.900935402475
18698,92214.696171653617
18699,92237.723773053891
18700,92237.772994782325
18701,92241.32273258068
18702,92241.322732581248
18703,92254.480102782836
18704,92279.930213695494
18705,92287.639178795958
18706,92297.270667373217
18707,92312.69670446041
18708,92312.710939296332
18709,92342.17640653842
18710,92361.27861303906
18711,92420.296045725569
18712,92424.940991140873
18713,92463.03754547557
18714,92463.279928157979
18715,92478.193238207154
18716,92478.193238207328
18717,92493.778960698386
18718,92511.858011749559
18719,92519.828970779345
18720,92527.042605887778
18721,92537.410864613616
18722,92537.410864613877
18723,92547.28046901479
18724,92547.28046901495
18725,92616.523186704406
18726,92619.445290480362
18727,92626.237304223541
18728,92626.237304223832
18729,92663.421721669787
18730,92665.715721828063
18731,92665.715721828281
18732,92689.732286231636
18733,92728.481680566241
18734,92734.700862140497
18735,92744.672557036625
18736,92744.672557036814
18737,92763.747548060463
18738,92764.846093042914
18739,92857.58395060632
18740,92863.107809849826
18741,92863.107809849884
18742,92872.872935198451
18743,92872.977414250214
18744,92872.977414251072
18745,92894.687314043127
18746,92896.01179253812
18747,92963.738394108354
18748,92973.937417392779
18749,93002.670177914333
18750,93004.084981337684
18751,93021.021480266267
18752,93021.021480267227
18753,93021.021480267271
18754,93021.021480268129
18755,93077.01455247651
18756,93085.082899451038
18757,93092.875725256497
18758,93095.951165221137
18759,93112.605909325925
18760,93122.485925488421
18761,93148.127717621101
18762,93149.897285771498
18763,93193.638898767516
18764,93218.413568288583
18765,93218.413568289077
18766,93226.009146597789
18767,93248.022381492177
18768,93248.022381492221
18769,93284.293424265605
18770,93289.87594295817
18771,93300.697740146948
18772,93308.805983573082
18773,93310.050754203912
18774,93327.053923150248
18775,93380.73833691483
18776,93382.377623497043
18777,93431.052803197425
18778,93449.663739581039
18779,93455.284073914561
18780,93455.284073915143
18781,93483.072389763111
18782,93500.053345923807
18783,93530.208641290053
18784,93534.240909123633
18785,93534.240909123822
18786,93541.421349015669
18787,93552.604334886593
18788,93553.459664375478
18789,93568.735209878185
18790,93587.745576170913
18791,93626.191745172531
18792,93631.635990120965
18793,93650.18743755568
18794,93652.762543375298
18795,93662.545766337949
18796,93662.545766338066
18797,93685.985285246934
18798,93694.326208693543
18799,93731.632997145673
18800,93731.632997145891
18801,93768.358035585057
18802,93782.911419210199
18803,93798.967371183782
18804,93820.773185345912
18805,93848.634205880153
18806,93848.903509059557
18807,93879.495719472456
18808,93879.662296960771
18809,93957.82274011051
18810,93975.789578462529
18811,93978.373107172942
18812,93998.112315975173
18813,93998.112315975348
18814,94011.725761656213
18815,94011.987732166817
18816,94047.460337980534
18817,94047.460337980796
18818,94057.329942381621
18819,94057.329942382101
18820,94060.835426343328
18821,94064.771422384918
18822,94090.270871173387
18823,94100.216952574599
18824,94116.547568788097
18825,94116.547568788446
18826,94156.025986392488
18827,94156.025986393186
18828,94186.708169541031
18829,94202.904186526459
18830,94232.606757764734
18831,94234.827548027082
18832,94294.20044800773
18833,94294.200448007876
18834,94340.565869462356
18835,94359.882827013134
18836,94378.774699043497
18837,94384.960026689514
18838,94402.766096419626
18839,94402.766096419757
18840,94437.071980735083
18841,94450.309675442884
18842,94452.030103034733
18843,94461.452999199741
18844,94471.422589183014
18845,94471.853327226767
18846,94471.853327227247
18847,94506.973338791388
18848,94507.967230518174
18849,94512.477608221234
18850,94541.312303042228
18851,94594.481368726105
18852,94610.027788842664
18853,94610.027788843101
18854,94619.526368110688
18855,94650.952323617559
18856,94652.816213665603
18857,94663.67995431117
18858,94667.222486591403
18859,94688.984624051067
18860,94688.984624051474
18861,94735.053109475673
18862,94772.499458756545
18863,94797.550272463326
18864,94797.550272463501
18865,94819.340786923567
18866,94822.70391973792
18867,94872.68398899927
18868,94893.959514389804
18869,94897.880557134617
18870,94911.981321991581
18871,94930.718170398075
18872,94942.135587614102
18873,94945.061374341254
18874,94945.594338479757
18875,94945.594338479874
18876,94974.218993121016
18877,94994.233572024226
18878,94995.14894627023
18879,95002.213214986696
18880,95058.262434623539
18881,95069.789441021276
18882,95109.78596712889
18883,95117.946375080763
18884,95136.20389332372
18885,95139.199341529224
18886,95195.048408949748
18887,95202.007884073013
18888,95224.448557036667
18889,95231.812866111199
18890,95231.812866111286
18891,95241.682470511761
18892,95241.682470512402
18893,95241.995970709584
18894,95326.06703311493
18895,95328.264789129113
18896,95350.248118924224
18897,95350.248118924254
18898,95364.591343332198
18899,95389.420645121878
18900,95389.726536528338
18901,95389.726536528629
18902,95438.548527482213
18903,95449.040848464007
18904,95468.683371737294
18905,95468.683371737337
18906,95472.234975813175
18907,95473.552829975408
18908,95573.682745509563
18909,95577.249020149364
18910,95577.249020149509
18911,95587.11862455048
18912,95587.118624550683
18913,95588.191093249654
18914,95600.964397107949
18915,95610.485541547532
18916,95705.553877363476
18917,95705.553877363694
18918,95706.571766113921
18919,95706.819912595252
18920,95745.032294967314
18921,95745.032294967939
18922,95784.251109438846
18923,95791.308342838718
18924,95807.749524917162
18925,95818.844533510914
18926,95840.588579145595
18927,95841.431006948478
18928,95867.97131117167
18929,95875.766949183104
18930,95922.788364164793
18931,95942.424382989542
18932,95942.424382989615
18933,95952.293987390643
18934,95952.293987391007
18935,95955.621376887269
18936,96002.078949917559
18937,96004.12906909638
18938,96028.188546853766
18939,96044.497891727384
18940,96060.707859719783
18941,96078.568688955187
18942,96151.951008352378
18943,96160.170774328348
18944,96179.294888615783
18945,96179.294888615812
18946,96199.845903406778
18947,96214.057217095396
18948,96234.6112293591
18949,96238.372127293216
18950,96267.268122860522
18951,96279.113186273433
18952,96305.428650811926
18953,96321.811971053467
18954,96358.70010311839
18955,96362.640653303912
18956,96366.487181676959
18957,96366.817372236459
18958,96366.81737223691
18959,96369.173119638974
18960,96415.458463714211
18961,96429.724251890031
18962,96455.643811846152
18963,96455.643811846356
18964,96503.868763305669
18965,96513.016470896851
18966,96518.717888863481
18967,96547.889372464226
18968,96577.619180852547
18969,96578.700900644821
18970,96614.46131967142
18971,96614.874946380456
18972,96690.600273639124
18973,96711.458304332336
18974,96722.123130675696
18975,96741.862339477855
18976,96741.862339478175
18977,96760.692867442194
18978,96761.859227993104
18979,96771.471152681159
18980,96771.471152681363
18981,96801.079965884506
18982,96801.079965884739
18983,96820.81917468668
18984,96820.819174687
18985,96824.781625854186
18986,96831.184271226302
18987,96899.776009895068
18988,96899.776009895388
18989,96909.678817975786
18990,96930.174763095551
18991,96956.137466883607
18992,96956.829256602039
18993,97037.950471510412
18994,97037.950471510572
18995,97076.181605040038
18996,97097.316948625856
18997,97126.776911120527
18998,97126.776911120673
18999,97171.704960268631
19000,97177.149261271974
19001,97187.589687079628
19002,97202.272587288113
19003,97215.603350730205
19004,97215.603350730264
19005,97220.51175238147
19006,97228.837466616125
19007,97231.189837410857
19008,97257.268190443152
19009,97284.785745622226
19010,97339.788198241615
19011,97343.611053140165
19012,97360.959313538449
19013,97366.857997888204
19014,97397.767075727737
19015,97404.367861938154
19016,97432.734647554025
19017,97432.734647554331
19018,97483.631510755527
19019,97520.787296081646
19020,97521.561087163864
19021,97521.561087164009
19022,97552.156471832277
19023,97555.060783434747
19024,97623.112025616778
19025,97647.242451079001
19026,97650.603606897697
19027,97667.002314929472
19028,97687.51499363473
19029,97689.344361982294
19030,97689.344361982483
19031,97706.43697830617
19032,97707.817844655568
19033,97725.858199360009
19034,97734.539925623845
19035,97737.163734600283
19036,97754.753560951984
19037,97814.267178484748
19038,97829.248138122959
19039,97888.135878835354
19040,97888.433360613431
19041,97931.23773237344
19042,97932.968301348723
19043,97955.823680811649
19044,97955.823680811896
19045,97975.428988970234
19046,97985.432494015171
19047,97985.432494015389
19048,97997.009193227146
19049,98074.948534544135
19050,98074.983391707792
19051,98110.664004752078
19052,98113.73735122924
19053,98113.737351229487
19054,98129.85692599247
19055,98153.215768833499
19056,98153.215768833848
19057,98193.051237946391
19058,98203.830547725433
19059,98232.172604042076
19060,98232.172604042498
19061,98320.999043652206
19062,98320.999043652366
19063,98328.432216134766
19064,98334.617548325361
19065,98334.621291350355
19066,98346.13265917325
19067,98350.607856855349
19068,98350.607856855568
19069,98444.610820665737
19070,98452.517907260975
19071,98508.521527272896
19072,98508.521527272896
19073,98509.254373852033
19074,98516.00020711364
19075,98577.679117217398
19076,98585.683575432427
19077,98599.102812525613
19078,98607.894477840906
19079,98627.421575410772
19080,98644.142317304621
19081,98691.926307584654
19082,98696.044010893529
19083,98696.044010893558
19084,98705.913615294659
19085,98705.913615294994
19086,98724.279214230119
19087,98755.472774133465
19088,98756.344935699773
19089,98796.9564041743
19090,98817.830853306208
19091,98853.427626477351
19092,98860.317601510847
19093,98917.205392028045
19094,98919.339316773578
19095,98942.784120920245
19096,98942.784120920624
19097,98971.016986992981
19098,98997.832731826595
19099,99043.817551032334
19100,99055.491801957818
19101,99081.674488531848
19102,99096.603452693846
19103,99110.567395739316
19104,99110.567395739577
19105,99120.242511503093
19106,99120.710022007857
19107,99133.787582529039
19108,99141.679630375642
19109,99188.131993504256
19110,99204.978713062446
19111,99219.133044151342
19112,99219.133044151429
19113,99279.231007507798
19114,99280.323249479174
19115,99280.502701251477
19116,99314.33798143726
19117,99382.939609642577
19118,99385.459539206451
19119,99462.528142778829
19120,99486.03300302694
19121,99505.351571783045
19122,99510.344451840836
19123,99510.58974822989
19124,99525.090780585087
19125,99525.090780585393
19126,99534.960384986261
19127,99534.960384986291
19128,99584.308406991491
19129,99584.308406991637
19130,99598.123512756851
19131,99600.815185347688
19132,99653.323573873451
19133,99680.957758394172
19134,99683.004451002416
19135,99683.004451002475
19136,99722.886744625706
19137,99723.070368086628
19138,99821.178912617805
19139,99821.178912618067
19140,99851.478022137337
19141,99872.582650483761
19142,99890.266143425353
19143,99890.266143425528
19144,99960.200390330501
19145,99968.518440831191
19146,99977.351509640794
19147,99992.498934715055
19148,99998.83179183738
19149,99998.831791837554
19150,100008.99849956803
19151,100029.00086237035
19152,100031.29351407925
19153,100048.99618522121
19154,100077.4424508831
19155,100130.99720824212
19156,100137.69903477217
19157,100174.94654836851
19158,100189.64402467335
19159,100215.9630886614
19160,100215.96308866146
19161,100273.32735223089
19162,100285.05031946901
19163,100285.05031946939
19164,100308.66124914758
19165,100330.90733728562
19166,100334.61123266275
19167,100416.6925265147
19168,100443.19991804365
19169,100446.9047698653
19170,100464.13408285897
19171,100472.57280308963
19172,100472.57280308969
19173,100483.67720055583
19174,100505.98011428407
19175,100511.00357747324
19176,100527.81498616157
19177,100550.11180439606
19178,100609.54161827549
19179,100621.95437952354
19180,100678.00022388568
19181,100680.90149917715
19182,100700.63235644541
19183,100701.6845459765
19184,100766.7011960659
19185,100768.6609351221
19186,100768.66093512246
19187,100791.75129195566
19188,100843.53458692606
19189,100850.45668688469
19190,100898.81051891288
19191,100912.20380523171
19192,100916.70500113867
19193,100916.70500113917
19194,100956.18341874254
19195,100956.18341874304
19196,100983.95316938973
19197,100997.39500087996
19198,101035.14025395157
19199,101035.14025395189
19200,101104.22748475935
19201,101104.22748475938
19202,101124.43692319642
19203,101134.16381726656
19204,101153.57550676486
19205,101153.57550676497
19206,101162.86511651007
19207,101184.68891242245
19208,101262.28326907719
19209,101263.07682343641
19210,101311.4891771823
19211,101311.48917718268
19212,101386.22000493437
19213,101387.05913784071
19214,101403.04687104213
19215,101409.37539724747
19216,101430.91050961666
19217,101452.54726342551
19218,101479.27245200097
19219,101479.27245200118
19220,101501.82041452258
19221,101508.88126520392
19222,101508.88126520412
19223,101533.42431957205
19224,101559.88997439612
19225,101561.3729749081
19226,101608.25995221606
19227,101640.53499901519
19228,101712.68839414303
19229,101715.29977305089
19230,101745.7517708301
19231,101745.75177083035
19232,101775.76836483247
19233,101804.37312730456
19234,101859.87514836273
19235,101871.481418266
19236,101897.38149686813
19237,101907.56911892939
19238,101908.45737116737
19239,101911.45786183733
19240,101945.30841907421
19241,101952.5727397037
19242,101995.94797721007
19243,102019.48893390894
19244,102022.10069406002
19245,102022.10069406098
19246,102069.11810428987
19247,102074.12022878476
19248,102094.15444891514
19249,102124.24733392266
19250,102195.11920478269
19251,102197.81735488219
19252,102275.74776699014
19253,102301.39234806459
19254,102328.05843049474
19255,102337.92803489567
19256,102337.92803489607
19257,102347.79763929671
19258,102347.79763929723
19259,102371.51403502849
19260,102374.94306411564
19261,102407.01526570339
19262,102407.01526570361
19263,102419.51596968058
19264,102439.08756907249
19265,102505.71130971382
19266,102505.71130971401
19267,102526.25174362911
19268,102531.57022624511
19269,102643.8857713293
19270,102643.88577132943
19271,102666.57401900258
19272,102688.9033136162
19273,102693.23379333448
19274,102693.23379333486
19275,102806.48927602316
19276,102809.05859076108
19277,102809.23317935056
19278,102821.37894689986
19279,102821.53865054902
19280,102821.53865054945
19281,102839.1374707809
19282,102876.18667720238
19283,102900.35269332876
19284,102953.07740601241
19285,102954.70001323021
19286,102995.58823806061
19287,103015.76912155039
19288,103038.66994737271
19289,103038.669947373
19290,103102.23205363
19291,103133.94677866728
19292,103136.032542149
19293,103139.63784938683
19294,103244.15156427103
19295,103262.3538370743
19296,103282.52828582669
19297,103295.27966180134
19298,103295.27966180172
19299,103297.09331638073
19300,103317.94989029791
19301,103326.186844978
19302,103328.29208354863
19303,103361.20844730211
19304,103385.41008772743
19305,103444.49815540819
19306,103456.29983753701
19307,103509.47302848312
19308,103514.47602152843
19309,103590.85900685989
19310,103591.36779383395
19311,103591.36779383401
19312,103606.6674821902
19313,103609.84557491455
19314,103629.38566420763
19315,103727.47456724691
19316,103732.71898692583
19317,103759.15106865233
19318,103759.15106865281
19319,103798.62948625679
19320,103798.62948625696
19321,103814.51738584669
19322,103830.35397232215
19323,103877.58632146523
19324,103877.58632146563
19325,103926.93434347081
19326,103926.93434347116
19327,103960.26313141656
19328,103978.01404188713
19329,103996.02157427846
19330,103996.02157427865
19331,104076.82074637769
19332,104081.48188641694
19333,104153.935244696
19334,104153.93524469608
19335,104222.19639243357
19336,104235.59112965943
19337,104248.15668872725
19338,104250.48063516605
19339,104277.78903369642
19340,104300.43930275913
19341,104350.36172861634
19342,104351.32733271753
19343,104351.3273327179
19344,104380.62024830135
19345,104383.45471527938
19346,104383.46899305144
19347,104456.77092097033
19348,104483.0979240936
19349,104548.07346392966
19350,104551.28050982147
19351,104588.19783834385
19352,104588.1978383441
19353,104623.428643748
19354,104651.87931084271
19355,104715.43182231687
19356,104727.09749842758
19357,104752.7961055129
19358,104765.44670595376
19359,104795.85317403729
19360,104798.54227836661
19361,104833.28600322569
19362,104857.30100534488
19363,104864.54676157427
19364,104864.5467615744
19365,104870.95592744347
19366,104875.02412826008
19367,104948.64029781165
19368,104974.92237562948
19369,105047.06446084079
19370,105049.67030305887
19371,105129.83555233512
19372,105155.12531214536
19373,105180.37410240862
19374,105180.3741024093
19375,105190.24370681033
19376,105209.9829156122
19377,105209.98291561267
19378,105269.200542019
19379,105269.20054201903
19380,105271.26674666382
19381,105281.34841788831
19382,105365.55340654241
19383,105367.89658602992
19384,105367.89658603001
19385,105378.13037050418
19386,105506.0710476453
19387,105506.07104764567
19388,105522.84755742439
19389,105545.84962680303
19390,105649.05774217026
19391,105651.01613624819
19392,105675.18656484254
19393,105683.72392686465
19394,105683.72392686487
19395,105689.99760495397
19396,105707.117364538
19397,105744.64474759485
19398,105765.00736794407
19399,105810.2477480997
19400,105815.62630307247
19401,105858.73313851104
19402,105882.32010399518
19403,105900.85522368884
19404,105900.85522368908
19405,105973.00164342952
19406,106003.34893668637
19407,106092.68704593564
19408,106092.88761567084
19409,106151.63566060398
19410,106157.46493811693
19411,106157.46493811726
19412,106159.10918336027
19413,106166.45427852734
19414,106184.17401781456
19415,106194.50876894554
19416,106234.90364697695
19417,106260.16257751928
19418,106319.07206559357
19419,106331.61730057948
19420,106385.19699110201
19421,106388.9982997067
19422,106453.55307014972
19423,106453.55307014973
19424,106473.59141457673
19425,106502.73228521561
19426,106597.36343849306
19427,106598.93686001506
19428,106641.07555377057
19429,106641.07555377067
19430,106678.39550608167
19431,106680.55397137489
19432,106680.553971375
19433,106700.54722566069
19434,106759.51080658349
19435,106759.51080658397
19436,106837.26663827496
19437,106855.2173018857
19438,106877.9460593968
19439,106877.94605939703
19440,106935.14976592087
19441,106942.67265179148
19442,107035.8597298143
19443,107035.85972981437
19444,107098.78530862178
19445,107121.66402357144
19446,107128.83228796419
19447,107138.35615072965
19448,107166.04595163772
19449,107188.29664740237
19450,107233.25181783596
19451,107233.25181783618
19452,107240.19981446261
19453,107268.0677416324
19454,107343.28551317207
19455,107356.1083242904
19456,107393.6396445642
19457,107404.0853619863
19458,107470.12232346179
19459,107470.12232346208
19460,107506.11638531579
19461,107536.42590572375
19462,107610.474151469
19463,107622.24019546135
19464,107647.68953912042
19465,107663.53048596594
19466,107695.44806711205
19467,107701.08712125689
19468,107745.03469630006
19469,107746.47124669256
19470,107746.47124669277
19471,107767.68961071857
19472,107843.07479973638
19473,107868.84672387489
19474,107934.33781315472
19475,107935.94735303066
19476,108018.63192316915
19477,108047.83747465286
19478,108091.90740073062
19479,108111.6466095325
19480,108111.64660953285
19481,108167.4600721053
19482,108170.86423593946
19483,108170.8642359396
19484,108177.03595829594
19485,108243.94740716793
19486,108260.48105401969
19487,108269.56027994928
19488,108269.5602799504
19489,108407.73474156516
19490,108407.73474156549
19491,108422.97628867337
19492,108450.1434849474
19493,108583.36976492494
19494,108585.38762078449
19495,108585.3876207852
19496,108598.27119261071
19497,108614.66711058548
19498,108651.64757304586
19499,108660.34485251963
19500,108686.8538964639
19501,108693.15208264439
19502,108755.22781463727
19503,108784.4221437653
19504,108802.51891760906
19505,108802.51891760953
19506,108883.60481750328
19507,108913.47023415862
19508,109045.17537125605
19509,109059.12863203722
19510,109059.12863203777
19511,109068.78040318494
19512,109072.75935696106
19513,109091.41085872053
19514,109108.681969413
19515,109148.51358260489
19516,109174.90456197932
19517,109233.03300152092
19518,109243.51052063591
19519,109289.36698233361
19520,109298.77117485077
19521,109386.21423548006
19522,109417.65175393609
19523,109509.84424734939
19524,109511.16398428501
19525,109562.47845649275
19526,109562.47845649309
19527,109579.85903072402
19528,109601.95687409745
19529,109601.9568740981
19530,109605.91764576291
19531,109680.9137093059
19532,109680.91370930593
19533,109763.02954094255
19534,109790.54803248505
19535,109799.34896211931
19536,109799.34896211946
19537,109957.26263253645
19538,109957.26263253654
19539,109992.45549012542
19540,110007.64070394859
19541,110053.26272256766
19542,110065.00023486138
19543,110092.18462715831
19544,110114.13040376935
19545,110154.65472055855
19546,110154.65472055858
19547,110168.35772454833
19548,110195.28210210449
19549,110281.04713903987
19550,110308.96492234139
19551,110391.52522618405
19552,110391.52522618447
19553,110429.1273616182
19554,110454.66017696167
19555,110545.00819360178
19556,110556.87730532482
19557,110582.10591071188
19558,110597.53226007757
19559,110625.54367127792
19560,110628.9057460914
19561,110673.88171576905
19562,110700.6036759433
19563,110777.81789809559
19564,110806.04892261238
19565,110862.37293750096
19566,110862.60976283289
19567,110945.45894385848
19568,110976.92822078289
19569,111033.04951225521
19570,111052.78872105732
19571,111052.78872105794
19572,111112.00634746325
19573,111112.00634746425
19574,111122.39764231164
19575,111150.288546874
19576,111210.70239147483
19577,111210.70239147487
19578,111337.09557221805
19579,111348.87685309009
19580,111348.87685309043
19581,111352.2163156771
19582,111526.52973230989
19583,111526.52973231058
19584,111531.05227506709
19585,111546.27351544853
19586,111562.86919956167
19587,111603.47556976997
19588,111626.7589188256
19589,111697.94688026288
19590,111723.34883901679
19591,111743.66102913326
19592,111743.66102913361
19593,111828.98558862114
19594,111853.04983695032
19595,111994.53469088562
19596,112012.74915738111
19597,112026.87679356108
19598,112043.87731888016
19599,112062.44636041939
19600,112102.05281549423
19601,112129.64288610856
19602,112188.08742395628
19603,112199.57485707763
19604,112232.06413730915
19605,112246.0883641049
19606,112337.67090102551
19607,112370.96026655204
19608,112501.59839291395
19609,112523.3597768201
19610,112523.35977682038
19611,112529.90552272106
19612,112562.83819442423
19613,112562.83819442448
19614,112641.79502963298
19615,112641.79502963305
19616,112699.71342744386
19617,112715.07505737203
19618,112760.23028244573
19619,112760.23028244583
19620,112918.14395286328
19621,112918.14395286354
19622,113020.50981462061
19623,113031.10977390964
19624,113058.5515463568
19625,113077.72686770112
19626,113115.53604088498
19627,113115.5360408858
19628,113134.25291450086
19629,113156.76197401766
19630,113247.15969958782
19631,113269.2310049621
19632,113396.93065330412
19633,113415.23910104112
19634,113519.04362516104
19635,113531.17498562817
19636,113556.45438210122
19637,113574.17778966397
19638,113595.48706757826
19639,113595.91816150711
19640,113642.27196436725
19641,113671.75599599822
19642,113753.02596953935
19643,113786.46987340276
19644,113900.7760619683
19645,113929.56305197364
19646,114013.67004138445
19647,114033.40925018635
19648,114033.40925018658
19649,114081.59622849744
19650,114092.62687659287
19651,114092.62687659349
19652,114097.42600094578
19653,114191.32292060394
19654,114191.32292060406
19655,114329.49738221895
19656,114329.49738221912
19657,114507.15026143882
19658,114507.15026143886
19659,114517.96083159171
19660,114533.23761892425
19661,114547.83691335162
19662,114589.98085912754
19663,114609.26263655254
19664,114684.25311158395
19665,114704.00011367074
19666,114816.03959710106
19667,114832.94085264944
19668,114985.91348148117
19669,114995.69391105106
19670,115020.47230368176
19671,115036.45322823079
19672,115055.47406361214
19673,115094.92597406493
19674,115123.54620246089
19675,115189.84820526025
19676,115222.58695174754
19677,115319.96877364206
19678,115349.31359410765
19679,115483.06437221039
19680,115499.60485561195
19681,115523.71951475079
19682,115523.71951475083
19683,115563.1979323554
19684,115563.19793235544
19685,115642.15476756435
19686,115642.15476756447
19687,115760.59002037684
19688,115760.59002037699
19689,115918.50369079399
19690,115918.50369079455
19691,116027.40463639708
19692,116036.81305400988
19693,116065.1479565128
19694,116080.86556398758
19695,116140.5330732177
19696,116157.65134007548
19697,116253.65394946173
19698,116268.78587285604
19699,116405.50824208155
19700,116414.87278286135
19701,116532.5677484756
19702,116544.93914398611
19703,116571.30684794679
19704,116595.9973368939
19705,116647.38487245685
19706,116678.69808869627
19707,116759.1715534239
19708,116789.14009154357
19709,116904.25465422403
19710,116921.82507459371
19711,117033.76898811787
19712,117053.50819691955
19713,117053.50819692026
19714,117112.7258233264
19715,117112.72582332691
19716,117211.42186733663
19717,117211.42186733766
19718,117349.59632895215
19719,117349.59632895311
19720,117544.21467700574
19721,117559.75510290969
19722,117571.54596686336
19723,117616.14454438056
19724,117630.32063233972
19725,117710.27841216307
19726,117723.3407300218
19727,117843.01360506284
19728,117851.39598046587
19729,118053.54398304569
19730,118068.38506047733
19731,118087.67361463394
19732,118125.22907283209
19733,118154.22149383165
19734,118218.3523462216
19735,118248.92581555051
19736,118345.24094868999
19737,118364.30362822449
19738,118563.55767028645
19739,118563.55767028665
19740,118603.03608789062
19741,118603.03608789062
19742,118681.99292309985
19743,118681.99292310006
19744,118800.42817591193
19745,118800.42817591275
19746,119073.77289590707
19747,119081.20673995088
19748,119111.17108064538
19749,119122.07898467089
19750,119186.15666833842
19751,119196.81658543368
19752,119299.45462673156
19753,119306.63050743936
19754,119585.41027142033
19755,119597.89651589385
19756,119623.09218365887
19757,119648.51905324009
19758,119697.4505593737
19759,119728.35940970707
19760,119806.0676897997
19761,119827.32045433315
19762,120093.34635245553
19763,120113.08556125761
19764,120113.08556125793
19765,120172.30318766403
19766,120172.30318766407
19767,120270.99923167475
19768,120270.99923167519
19769,120609.50730536086
19770,120625.65137577694
19771,120632.97482001573
19772,120681.4374819865
19773,120689.29707087271
19774,120775.13866007669
19775,120780.87080828582
19776,121126.35900061553
19777,121140.71156254587
19778,121160.94925902829
19779,121196.36459302227
19780,121226.78273726141
19781,121286.75904333018
19782,121311.24670348718
19783,121642.87424342583
19784,121642.87424342641
19785,121682.35266103083
19786,121682.35266103092
19787,121761.30949623932
19788,121761.30949624021
19789,122159.56462660307
19790,122163.07422815461
19791,122196.22744557419
19792,122200.8006021886
19793,122270.22616313008
19794,122274.21522879356
19795,122677.82051505453
19796,122691.0712798664
19797,122714.92928643279
19798,122743.11077624846
19799,122787.31409844605
19800,122816.45824685147
19801,123192.40213439694
19802,123212.14134319921
19803,123212.14134319987
19804,123271.35896960591
19805,123271.35896960624
19806,123712.68069040873
19807,123730.60797337582
19808,123731.29205762074
19809,123784.83432273228
19810,123786.69453319268
19811,124238.90063740015
19812,124252.88916598495
19813,124276.16121339636
19814,124307.68149042469
19815,124342.9385964219
19816,124761.66923417049
19817,124761.6692341709
19818,124801.14765177548
19819,124801.14765177562
19820,125279.8689240058
19821,125284.60213865039
19822,125318.36058512022
19823,125319.09160152487
19824,125809.91227697505
19825,125825.45947578432
19826,125847.68528049477
19827,125889.65067351378
19828,126330.9363339438
19829,126350.67554274593
19830,126350.67554274625
19831,126849.71932682171
19832,126869.66483469428
19833,126873.22123139733
19834,127391.6600416708
19835,127406.83068843154
19836,127454.49043848722
19837,127919.9426425195
19838,127919.94264251963
19839,128431.68420540431
19840,128447.75577979496
19841,128983.88223912385
19842,129034.94702811613
19843,129508.94895109345
19844,130024.78948207737
19845,130627.43677854925
