# Domain: L_shaped (FEM, convergence sweep, dense eig full spectrum)
# Resolution Hmax = 0.03, dofs = 14955
# Computation time: 348.6968 s
# Eigenvalues stored: 14955 of 14955
n,lambda_n
1,9.6425771637377693
2,15.197268035864354
3,19.739213670513777
4,29.521502976300244
5,31.919616898402865
6,41.479792735789609
7,44.948619352967881
8,49.348097771139876
9,49.348099108817557
10,56.715565013203722
11,65.376800587683647
12,71.064863063732389
13,71.572913799641853
14,78.957139661033949
15,89.322872698201792
16,92.307464059091814
17,97.381421183733011
18,98.696642968918212
19,98.696651605011468
20,101.61570795266665
21,112.37205320779655
22,115.52148066757337
23,128.30616159106503
24,128.30619581663109
25,130.1204120360442
26,130.26341461399835
27,142.46741084150915
28,151.12258265647847
29,154.50395401667629
30,162.19976812506195
31,164.71889385562994
32,164.85597219055478
33,167.78623471344685
34,167.78625730690791
35,177.65637775429579
36,179.71728546534646
37,184.06512169037171
38,197.39686776155489
39,197.39690545663822
40,201.49000722758521
41,207.38975413238595
42,208.77966372533558
43,209.45832783391566
44,223.22646383153347
45,223.6412116705711
46,236.15042930668733
47,238.42570709832862
48,246.7493056893322
49,246.74967513348287
50,250.80957029606398
51,252.88604071372401
52,256.62024589425204
53,256.62031493920892
54,265.73466781600325
55,269.44969491220655
56,270.23870712496739
57,281.36802974542894
58,286.23312166575249
59,286.23317661185251
60,289.07429962265388
61,293.6231452490444
62,306.79885888819587
63,306.95592641754104
64,310.36789984903828
65,313.81300641772333
66,315.84698797012072
67,335.5240882030281
68,335.58976165259327
69,335.59019548818719
70,335.84549978550831
71,346.15682515280423
72,351.36415667593189
73,359.78425199914324
74,360.53691913261383
75,365.20564542601016
76,365.2058698586784
77,369.58004671163502
78,372.27205383864867
79,376.16124993240919
80,382.94127259555034
81,389.90211203017856
82,390.52821433451913
83,394.82229181531028
84,394.82248113284282
85,404.69399977969897
86,404.69566177528424
87,415.71598081626161
88,419.68679726102795
89,426.75165202168807
90,427.12907206621321
91,432.95970894180186
92,443.87049955071893
93,444.18609453109508
94,444.18634927626056
95,454.06398966728102
96,454.18499995029282
97,454.20208909658419
98,464.51767746813016
99,478.91864703322295
100,479.74391370422296
101,485.8435482881153
102,490.23638055794731
103,493.55415676246758
104,493.55424332399969
105,493.55475550377673
106,499.36709963224911
107,502.38038930010714
108,512.69490354371317
109,513.30232074474839
110,513.30335542840544
111,513.65691298206241
112,523.17689470840958
113,523.17738240770166
114,530.50888971392226
115,536.73482091190476
116,545.21242207885621
117,546.33793518614755
118,559.40639561069429
119,563.93045108629281
120,565.13300716795106
121,565.59128278313335
122,572.55186164075224
123,572.55237677992091
124,575.84266304229175
125,578.31194875819074
126,591.77173252252908
127,592.10226944017404
128,602.17744421411498
129,602.18244762065069
130,605.63612847290881
131,609.72191290487899
132,630.50105625069409
133,634.35003205505461
134,637.10235452757399
135,641.68554387906511
136,641.68610521394169
137,641.68637640367126
138,641.68746496590359
139,642.04719281519715
140,642.74262969463314
141,649.1599413245475
142,654.23959682676571
143,660.87687112162553
144,663.81284264271301
145,671.31795858292583
146,671.31852623633699
147,674.61922629138223
148,685.91493509835925
149,687.00457690871849
150,692.09097825778065
151,699.18992237501618
152,710.83077551733163
153,715.10665935967108
154,715.729192634117
155,720.70874181615022
156,720.70951613444424
157,722.84323480065643
158,722.8835506442889
159,730.58729071127868
160,730.59094930807464
161,747.3927289321233
162,748.06917306395076
163,753.64610839659053
164,753.78525448461141
165,759.47410526751116
166,764.37714757550862
167,781.26731626772596
168,789.86705228580001
169,789.86882189519338
170,790.15353127945548
171,795.60522568100032
172,797.6691533825624
173,801.55399705213472
174,807.13758415142354
175,808.04784761183998
176,808.26417389057576
177,809.6302895188046
178,809.63248257237626
179,825.17621051253116
180,827.0472904840085
181,833.79886880455695
182,837.63672998438165
183,839.26901185303029
184,839.27544643434771
185,839.27667582246977
186,839.28249405436327
187,856.1531428836995
188,861.00755897212184
189,875.47608965368897
190,875.63208145876843
191,878.80517917646227
192,878.80692231577711
193,881.28929606755935
194,888.68729370987342
195,888.68941309942568
196,892.5571898633001
197,900.53730513246524
198,900.55785301953949
199,903.70210906446437
200,919.5029650575957
201,920.09653378643975
202,923.78195631831909
203,929.56573373587878
204,929.70248945909486
205,937.78239695769503
206,938.90584267443262
207,957.88138208781447
208,957.88335635730368
209,960.43479399047328
210,962.52050284834991
211,967.76880329825485
212,973.63412649202382
213,974.57242734597901
214,987.53842065275012
215,987.54624172289368
216,992.98590428518446
217,994.447163235061
218,997.42805134660659
219,997.43223060474634
220,1000.0215029937888
221,1004.4036173797465
222,1010.6563686991045
223,1014.2302065119688
224,1019.2514830109068
225,1027.0889769029859
226,1027.0930488970268
227,1027.8829725615242
228,1038.8801567553091
229,1039.84904174139
230,1046.8670068624783
231,1046.8701718187469
232,1051.0235813692207
233,1055.7469865827625
234,1059.769494271422
235,1063.1683176539318
236,1071.1615163634083
237,1076.5306458150121
238,1076.5341422067936
239,1077.033393372642
240,1098.0014716918861
241,1098.0797498678821
242,1101.0485846056163
243,1101.2875876754526
244,1106.6414856613314
245,1112.5682590319959
246,1116.0848808723251
247,1116.1161699360443
248,1127.3165117486656
249,1128.6517069219246
250,1139.5424894131693
251,1140.2577981284671
252,1145.7711270494844
253,1145.7788490902374
254,1155.6665633319601
255,1155.6714436404061
256,1164.22693187299
257,1171.039450212056
258,1171.4520889773821
259,1175.3136964344164
260,1181.5438796486421
261,1193.6027603501377
262,1194.8584711625151
263,1200.7472824549793
264,1201.5031621985515
265,1205.1402852276087
266,1205.1449109548969
267,1211.8252504040624
268,1216.6319179343309
269,1218.5174515389592
270,1226.6088452732936
271,1226.9288192132824
272,1234.8205264926939
273,1234.8260120100733
274,1234.8267333036658
275,1234.832031106029
276,1242.2444896439565
277,1243.1791524263424
278,1246.6582239352094
279,1250.887873665783
280,1264.4716904648863
281,1264.5171947930019
282,1265.6338306174546
283,1284.2994825423423
284,1284.3015566519664
285,1284.3060075997469
286,1284.3227345014816
287,1287.8428843948836
288,1291.5505565564329
289,1310.4447297653769
290,1313.6661725859174
291,1316.5950337763368
292,1317.5416592895319
293,1322.5646282254529
294,1331.0381655171905
295,1337.272410031301
296,1339.7186188670344
297,1343.7028619761616
298,1343.7142375559049
299,1345.5350252641892
300,1345.6732938850944
301,1352.4744394677832
302,1353.605482589965
303,1353.6134803524135
304,1365.8525452689894
305,1378.5730882744249
306,1385.0459785376265
307,1387.8858502450769
308,1387.9185509194845
309,1397.9578409104352
310,1400.0415347027883
311,1411.0573143422305
312,1413.5017948267255
313,1426.5033502508538
314,1429.764031131564
315,1432.7989752055382
316,1432.8366005867263
317,1432.8473491592922
318,1432.8678990104406
319,1440.6748987207011
320,1442.7326537994438
321,1442.7478608038111
322,1445.1763817553156
323,1449.3135416607927
324,1449.3801228268635
325,1462.5492550194476
326,1462.5562057664981
327,1462.6096844309864
328,1463.1083173489103
329,1472.454991670498
330,1472.4616367085484
331,1485.1599849842207
332,1489.5608098923738
333,1491.300381430078
334,1494.9999620415715
335,1495.833407159314
336,1504.5941293402057
337,1512.0740673871453
338,1512.0851378274403
339,1516.1674139853274
340,1533.8298543128196
341,1535.8579270816397
342,1545.12188855878
343,1550.9358271513422
344,1551.7234757992148
345,1551.7348901085531
346,1553.5855069004087
347,1554.3576786063218
348,1554.7792816630945
349,1559.9879886243168
350,1560.132739758493
351,1575.2529177155629
352,1579.6336801295779
353,1581.4578215564932
354,1581.4701471523624
355,1582.7582725128207
356,1583.0414659871165
357,1601.2868879504208
358,1615.3986685544389
359,1615.8511421045444
360,1618.8288686274536
361,1621.053833927032
362,1621.0985839888174
363,1621.1290963430042
364,1631.7923658190457
365,1637.5330052115901
366,1661.963390955505
367,1662.8997775861039
368,1665.8946530238397
369,1670.6908497689535
370,1670.7025128472078
371,1672.5130240827227
372,1676.7605014676165
373,1677.1981110755364
374,1680.598634954225
375,1680.6115527920429
376,1680.6255891056965
377,1680.6362533615022
378,1688.7455849464222
379,1689.1759031056897
380,1696.5682063221579
381,1702.4506643317261
382,1705.1568784292886
383,1710.3621288740319
384,1710.3820899065888
385,1710.7835414976316
386,1726.1825468499594
387,1728.1658992585087
388,1729.099265711355
389,1734.4619468787764
390,1736.2093245421254
391,1739.6737974102232
392,1758.2305730089304
393,1758.9288717214101
394,1759.950813082593
395,1759.9683014687998
396,1779.8048276642178
397,1779.8221431335833
398,1780.1008782740512
399,1784.2495851675501
400,1789.6844767445293
401,1789.8058883125052
402,1791.3827719506721
403,1793.7881868205657
404,1804.0216838304261
405,1804.8171448515775
406,1812.1031874220753
407,1812.2883612762048
408,1829.4249268639721
409,1829.4420824494837
410,1829.4530270995745
411,1829.462250144258
412,1839.8064466052972
413,1839.8832328034719
414,1841.9322956600597
415,1846.1504754611835
416,1851.9518866016422
417,1862.3902973914239
418,1865.0563886673262
419,1871.3485367794474
420,1880.2528380340418
421,1888.0942728667039
422,1888.3266995513291
423,1901.8380950826863
424,1904.6664197297796
425,1908.8606416905802
426,1908.8783339151294
427,1909.8644347546076
428,1918.4634149928081
429,1918.7881267202049
430,1918.8053490144721
431,1921.3235875260782
432,1938.247491129089
433,1942.6838419171875
434,1942.8966951692871
435,1948.3704016098998
436,1948.6052654071405
437,1948.6381429633739
438,1951.9227868519422
439,1952.3208323144449
440,1967.1911344231432
441,1969.8991103982155
442,1974.3038979719304
443,1974.7116269205128
444,1978.39653191564
445,1978.4110213385406
446,1978.4313637468877
447,1984.9209323285122
448,1989.2505347014724
449,1998.2450823642082
450,1998.2984656769877
451,2001.707758552109
452,2007.4159693675915
453,2028.0493161703625
454,2028.0679409273887
455,2028.0814302399001
456,2028.097330275225
457,2031.0248809912114
458,2031.8048469382072
459,2042.6579395531896
460,2042.9517926222495
461,2049.2972664300464
462,2057.653941954974
463,2057.8983436400827
464,2057.9195241080233
465,2068.1468687260899
466,2069.4216497887023
467,2078.9478057199453
468,2086.8012909811832
469,2089.8445932631612
470,2089.9373341234464
471,2096.9569660518196
472,2097.6613793479896
473,2097.6920112082612
474,2103.586030687567
475,2118.0120760244099
476,2118.1029246104035
477,2118.4665168819615
478,2122.8142240121674
479,2132.3741378864133
480,2135.3202323662754
481,2147.4196554001173
482,2148.4966840960451
483,2157.3257391035381
484,2157.3538620477962
485,2161.7059335827103
486,2161.8369471526025
487,2169.0693955833235
488,2170.8453715322985
489,2180.5910909351342
490,2183.6756966566518
491,2187.0841110049937
492,2187.1649322604253
493,2187.2027627431989
494,2187.2951520039128
495,2223.3154961290466
496,2223.3949109633813
497,2226.9642938890411
498,2227.0074359478599
499,2230.1824749551556
500,2231.367612420845
501,2233.0368520807697
502,2236.1253078143382
503,2236.9532228261323
504,2237.0005793826822
505,2240.9114653696483
506,2249.639442821398
507,2255.8364811813972
508,2256.7534089144901
509,2257.2300296629046
510,2266.800461495754
511,2266.8207692285273
512,2269.1222196570129
513,2283.1549085204392
514,2285.5134961957697
515,2286.0188026514088
516,2296.484250889132
517,2296.640858060674
518,2296.6875810452784
519,2296.8615117395511
520,2306.6131724026277
521,2306.6296623413496
522,2313.5789074828049
523,2316.5238811536328
524,2316.5445160930262
525,2323.3758730075833
526,2323.4104802412262
527,2328.5938874610133
528,2328.6807106962251
529,2346.8112953958566
530,2357.0204518690207
531,2357.0779404110699
532,2358.4840777244058
533,2362.8609861771138
534,2364.4708272013581
535,2386.2900408965702
536,2386.3303817719734
537,2388.2950118503827
538,2388.3816576084091
539,2393.3667668548014
540,2393.8955673370815
541,2396.2672225090882
542,2414.940714212843
543,2415.5596671550616
544,2416.1326163916515
545,2416.2508102299944
546,2420.1722587533905
547,2425.2357023767763
548,2426.164202858944
549,2426.200066424381
550,2437.7475481216252
551,2438.7192617922533
552,2446.3231547295945
553,2447.9824842215253
554,2466.3308164161131
555,2466.9557211080514
556,2473.7786139413724
557,2475.9640203819563
558,2475.9932332516655
559,2476.001315535666
560,2476.0347395744516
561,2482.9398248102884
562,2497.7915322555127
563,2499.1224882206329
564,2507.0313529895247
565,2518.2644246633199
566,2520.4253537340469
567,2523.4954496150435
568,2534.361776055981
569,2537.2243476984936
570,2544.6417969410304
571,2544.8048036253604
572,2545.8350689901363
573,2545.922719673104
574,2549.4205259781788
575,2554.5479153508172
576,2561.6222249096718
577,2563.924906604575
578,2570.9860945790733
579,2572.5609301948293
580,2575.6763199471247
581,2575.72374234064
582,2575.7683703149728
583,2575.7999308884382
584,2576.1205658981812
585,2577.8920634545411
586,2585.6956453695529
587,2585.7274083412171
588,2597.1384650434757
589,2601.9486907759988
590,2608.4921606284161
591,2613.2004264851948
592,2623.9420351259087
593,2624.6948219595351
594,2625.4556869699932
595,2625.5342318699409
596,2625.5912311044704
597,2625.8322387696262
598,2648.5590587990255
599,2650.8484112280398
600,2660.3482224604531
601,2662.6031458532266
602,2662.6571816944224
603,2665.5522409264349
604,2665.595129478007
605,2669.7465117817942
606,2695.4970322390732
607,2695.5579910812698
608,2701.3262996028589
609,2707.4808616497685
610,2707.5592965473797
611,2711.1658065859306
612,2715.5018996456215
613,2715.5390541441602
614,2716.7671715833658
615,2719.0326684075699
616,2724.3394982875425
617,2726.0831180965492
618,2730.067814664972
619,2735.7044215660576
620,2736.1427897693288
621,2745.4551110076522
622,2745.4993718717565
623,2751.6075584728324
624,2751.9138618121106
625,2759.354824504434
626,2775.1962131068644
627,2780.3676010576401
628,2784.5492611556365
629,2784.8313562322169
630,2785.423426104493
631,2785.4783822107224
632,2792.2451224277161
633,2794.8338759078451
634,2802.1269359728572
635,2808.791145504772
636,2829.4842090578477
637,2831.1607168665887
638,2839.9277243936399
639,2842.4693791202685
640,2850.5980403004032
641,2855.388899196586
642,2859.2445235700648
643,2865.3981018879026
644,2865.439664878616
645,2871.4268760184468
646,2871.5269660440663
647,2873.5491034936863
648,2874.0463499877724
649,2875.312496485149
650,2875.4328695944423
651,2875.4930858711346
652,2875.5540115152671
653,2885.9846965995807
654,2889.8719201214035
655,2895.3936405705485
656,2895.4637560317456
657,2895.5967856252305
658,2895.780366870893
659,2905.4791566161239
660,2905.4968389952824
661,2924.8628371073128
662,2926.4563591765022
663,2935.428301273234
664,2935.4639453238578
665,2939.5264560916835
666,2940.962445019431
667,2945.9107241375109
668,2947.323601060551
669,2950.4326648185584
670,2953.11593007186
671,2955.398914263093
672,2955.4287933171117
673,2960.8041774560897
674,2963.2328458892889
675,2976.7782180522204
676,2988.2707082645015
677,2994.1514158246277
678,2996.5424344125381
679,3015.5164867819462
680,3020.1242893694061
681,3022.8109755117202
682,3025.5195122698237
683,3025.5606224467888
684,3025.5927221183756
685,3025.6506707623294
686,3028.0660428769588
687,3035.4885103792699
688,3035.5733455605755
689,3042.5786711425476
690,3045.9371056306622
691,3047.2560121649244
692,3047.4940928708543
693,3049.146404000418
694,3049.5231113909717
695,3069.9968444002102
696,3072.5578178624651
697,3076.9583344006933
698,3082.9040546607853
699,3084.0617530206396
700,3085.2473963625634
701,3101.2898003081259
702,3103.0391195249576
703,3105.3339624914511
704,3105.9698699230935
705,3115.6905811718984
706,3115.7455917853085
707,3124.6929099818221
708,3125.018410742347
709,3131.4176068382694
710,3133.6232816814618
711,3145.7429515079657
712,3145.8117970552548
713,3157.991878693676
714,3163.671666277206
715,3175.8220417693515
716,3175.9388005644287
717,3185.9518103821165
718,3185.9665532156432
719,3187.2084925579079
720,3187.4603171770136
721,3188.1746038320621
722,3201.3097806900687
723,3201.5641840341
724,3202.6884167803205
725,3216.4243797434447
726,3223.6744656578471
727,3223.7951859004415
728,3225.9553918583038
729,3226.0145321972536
730,3226.0761113908657
731,3226.1051249466636
732,3226.1445672048326
733,3226.2392951365464
734,3241.7788983598916
735,3242.442074187888
736,3247.1491276697725
737,3254.3043127287137
738,3256.1806638170715
739,3256.2660978806584
740,3263.3649550187947
741,3270.2324119558357
742,3271.7853920036032
743,3272.2693098867385
744,3274.2637348455787
745,3285.2115254705218
746,3290.32885217905
747,3293.9517879042291
748,3298.0098189574978
749,3299.2421655162652
750,3304.8413933078259
751,3306.2614992399708
752,3306.3351961427993
753,3330.0293869646221
754,3332.9622772721223
755,3339.5366999335761
756,3343.5270894727996
757,3346.3421435889318
758,3346.4643789754309
759,3347.0642039629879
760,3348.3502163432281
761,3356.5683931186854
762,3356.6023213152894
763,3356.6471469221806
764,3376.4343963792121
765,3376.5804062765515
766,3376.7143599947044
767,3376.8991173861236
768,3378.8995523477524
769,3382.2156436974542
770,3390.4583803604896
771,3390.6126155049797
772,3408.4788861261691
773,3408.5744010620415
774,3422.1548626735239
775,3425.710116050434
776,3432.465704382158
777,3432.503926994953
778,3436.8571019666583
779,3437.1656906932867
780,3439.365254433812
781,3439.4276385912094
782,3439.8434034601373
783,3445.8850102159199
784,3450.2410996932181
785,3460.386516786155
786,3467.0643401007383
787,3467.1612541500017
788,3479.5458663476866
789,3486.2070161495217
790,3486.7257771605905
791,3500.4300197857419
792,3504.8239689715792
793,3505.5302247047402
794,3507.2540266109781
795,3507.3732831318844
796,3514.4858484143165
797,3514.9955741690533
798,3534.2340282147347
799,3536.844011823634
800,3537.3677025643642
801,3537.5648288180155
802,3537.7095160830477
803,3539.7768005460616
804,3555.2678887416519
805,3555.3926531124348
806,3559.7777676395913
807,3561.2628895395515
808,3577.7624844932175
809,3577.9142687765607
810,3584.7458280657688
811,3593.4979856173013
812,3594.2804414546499
813,3596.7182784733895
814,3597.9276605963978
815,3598.2426598804705
816,3598.8567554165534
817,3599.4513342119303
818,3612.7074088726258
819,3615.4520137895374
820,3627.5603502343356
821,3628.1632688206032
822,3628.2566721641524
823,3628.520898764285
824,3629.9365407955784
825,3631.1935065669168
826,3638.856440156952
827,3640.1147309136682
828,3647.6134883797813
829,3659.1350729218725
830,3664.3699120484757
831,3664.5642042496729
832,3668.332964186352
833,3668.4459725887596
834,3678.3817134666074
835,3678.5079777230117
836,3678.5744450776142
837,3678.682343198001
838,3684.5997862430895
839,3685.0932803548553
840,3700.5265060400234
841,3701.3342158975661
842,3708.6965221702708
843,3708.8210799725107
844,3714.2461657581898
845,3716.8436152042
846,3718.1620432922559
847,3731.1334393090688
848,3745.8409688157863
849,3749.0288035477174
850,3749.1005942817824
851,3749.1423348965404
852,3749.3050177789769
853,3753.1276619289692
854,3754.3983262377997
855,3771.5378643449144
856,3771.6316709256753
857,3775.4532135746485
858,3779.0503523786806
859,3790.4853348214515
860,3790.9408124100933
861,3795.6695702402053
862,3797.8796906592797
863,3800.436986687635
864,3808.0794463732805
865,3810.5556430325446
866,3821.5883873520265
867,3821.9810833407041
868,3828.3170280951763
869,3834.8610017288743
870,3839.854745655427
871,3840.0765162321063
872,3852.6799920207877
873,3853.111725203657
874,3860.0658843125943
875,3860.2321578574101
876,3867.5251609395318
877,3868.1078392727081
878,3868.9754014903374
879,3869.9678037159956
880,3870.1956297238621
881,3870.9799201886499
882,3877.8450876995421
883,3880.8522163886951
884,3900.4435556276767
885,3902.8422038189697
886,3906.3079757289397
887,3915.1307051513172
888,3918.1610187273313
889,3920.4874157868908
890,3920.985165114193
891,3938.5771636874842
892,3939.094569347928
893,3946.1636498101257
894,3949.1672431385196
895,3950.8868406760134
896,3951.075924323854
897,3974.8215970065808
898,3977.134862942356
899,3981.2328396472903
900,3981.3882211067416
901,3986.5838425463562
902,3988.9118956771649
903,3991.4200938704475
904,3991.683829024636
905,3998.7251171722769
906,4001.5037459192131
907,4003.2725069438734
908,4003.4869402711274
909,4011.4533414875959
910,4011.8607569736205
911,4021.6220799025191
912,4021.7808056134791
913,4026.7012102657172
914,4028.4424221491622
915,4031.843692808206
916,4031.9749159808689
917,4036.4981987404726
918,4043.6342881552191
919,4044.9749219143996
920,4050.9260204805246
921,4051.1668449579852
922,4052.2739904980594
923,4058.4414089753591
924,4062.0565480235277
925,4072.0846233227044
926,4072.2227933847062
927,4082.2577459799309
928,4082.5408535560441
929,4082.7238520978003
930,4082.83497635596
931,4090.9558023402078
932,4095.0715856636111
933,4104.0495246436258
934,4108.3471774554
935,4112.5861936258125
936,4112.8834806627983
937,4129.4316952443742
938,4131.1204955387784
939,4137.3563301631757
940,4137.7367223203155
941,4143.1142261197956
942,4143.4275787609959
943,4148.8009054356307
944,4155.3778478705481
945,4159.6005000767154
946,4165.2897695119555
947,4188.7343255485712
948,4189.7358978539423
949,4193.3288452968072
950,4194.7549653771648
951,4195.6714553954016
952,4195.9889491848498
953,4202.1505246802399
954,4203.6313647365268
955,4220.8302432506152
956,4221.0242015754784
957,4224.2127896951706
958,4224.3763764281748
959,4225.9800719876885
960,4226.3450286228081
961,4234.1645427848825
962,4234.3746071957812
963,4234.4413532910703
964,4234.5586075698238
965,4234.6046782942294
966,4234.7258003953702
967,4256.337063211382
968,4258.5962093707203
969,4263.6555271089164
970,4264.2132716065507
971,4272.8279173030442
972,4273.1680371536659
973,4290.3612070894724
974,4297.9631829359041
975,4300.1663545757974
976,4304.2032462389152
977,4315.5736447684976
978,4315.6977564272393
979,4317.1067554250276
980,4320.2920279359587
981,4320.4472527700573
982,4332.9763733619366
983,4333.3109914312063
984,4343.2993629683679
985,4343.6252744792728
986,4345.9382242887896
987,4346.1972202356746
988,4355.7294692487567
989,4378.2296360701794
990,4390.5009196498813
991,4394.6110123761209
992,4397.0705673758384
993,4401.4280862053756
994,4401.7099586971217
995,4406.5644254871295
996,4406.673958378793
997,4406.8297236767094
998,4406.9428288558729
999,4407.4202940615342
1000,4409.5282081748728
1001,4412.5599148970332
1002,4417.2540949723934
1003,4417.3482919705193
1004,4422.9185637084511
1005,4435.6871346373136
1006,4436.2557134210101
1007,4437.3985992876842
1008,4437.5276131867922
1009,4437.7047617189273
1010,4437.9121074760251
1011,4444.2770408713795
1012,4444.5828867809032
1013,4448.162937020702
1014,4450.2145127441827
1015,4468.2663772869864
1016,4471.4368568008022
1017,4478.1226380593662
1018,4478.3185017215646
1019,4487.3877414148537
1020,4487.7400902917379
1021,4488.0790334430076
1022,4488.5690800417378
1023,4496.2307734344922
1024,4506.1064594775526
1025,4506.3440282723541
1026,4508.2262548052622
1027,4509.2127494176975
1028,4519.0614294214165
1029,4521.6919058135218
1030,4538.535229483432
1031,4540.9604420434698
1032,4552.986744747086
1033,4553.1784760189657
1034,4559.1975566214187
1035,4559.5980907617459
1036,4561.5252362722003
1037,4569.084559472446
1038,4569.4874299321118
1039,4569.8549179626962
1040,4594.092220910924
1041,4600.006102221063
1042,4600.157836416497
1043,4600.5098449125926
1044,4602.0428541482788
1045,4605.5495644958619
1046,4610.123766844461
1047,4611.104319316416
1048,4620.4491809611818
1049,4621.8907289745821
1050,4623.188637510576
1051,4626.7380900269773
1052,4630.5088053209183
1053,4630.7298663920928
1054,4632.5832531783362
1055,4650.6308301644522
1056,4651.0281190848782
1057,4651.2902049201084
1058,4652.5345372811598
1059,4652.7760978084216
1060,4671.3033373952258
1061,4671.3649293916305
1062,4671.7877699820792
1063,4672.3437529906359
1064,4687.3520323329785
1065,4695.3221614681242
1066,4697.3766943763503
1067,4697.7839385729412
1068,4702.2632381996027
1069,4705.6636420839295
1070,4707.9105390604227
1071,4713.7168245348184
1072,4719.2133713426329
1073,4720.1731463687902
1074,4726.5812740693509
1075,4727.8453605931454
1076,4749.1123684347913
1077,4756.3600958293728
1078,4763.1115050435601
1079,4763.470453523978
1080,4770.3962519185461
1081,4771.8226517483263
1082,4789.8775600612071
1083,4792.8219909689578
1084,4803.1280860464904
1085,4803.8232898038714
1086,4804.0951421706804
1087,4805.1357819496943
1088,4806.3457213842021
1089,4807.4638544323934
1090,4813.4713719462234
1091,4814.3594988200166
1092,4814.8144709161752
1093,4817.4530400454732
1094,4835.3264429797209
1095,4836.314551522195
1096,4843.8359848534319
1097,4844.1612530751245
1098,4844.7891895194252
1099,4845.1011432140967
1100,4845.8676908214265
1101,4847.2805495931616
1102,4852.5772764017956
1103,4859.7324918225959
1104,4864.610748797284
1105,4864.942068794443
1106,4872.3497133393003
1107,4872.7015874967119
1108,4875.9034463248445
1109,4876.073740986043
1110,4895.6829046704361
1111,4896.0199215868888
1112,4899.368683963824
1113,4902.5700425756022
1114,4905.329337608664
1115,4907.8736250133452
1116,4908.3200503770067
1117,4921.4401500225385
1118,4926.1551874754323
1119,4926.284176496185
1120,4926.4477434286891
1121,4926.6292158423521
1122,4926.8189656020859
1123,4933.7981287906032
1124,4943.4152713253425
1125,4952.9439473416305
1126,4953.2778258639019
1127,4958.5957412478729
1128,4961.1255047391651
1129,4979.1830195985985
1130,4988.8203160581043
1131,4990.2039869270284
1132,4997.8804509263546
1133,4998.1488642598479
1134,4998.3403399811032
1135,4998.4500909361213
1136,5000.2166586252979
1137,5009.7029414895715
1138,5010.3700859230521
1139,5014.7403874139936
1140,5017.0757090863344
1141,5018.8527330077977
1142,5032.373120289396
1143,5040.8395709123497
1144,5045.7194276375303
1145,5048.5438096010239
1146,5049.1658664477682
1147,5049.4215383230103
1148,5049.5701571137615
1149,5049.7790527271081
1150,5067.7113198662128
1151,5070.674339219765
1152,5071.1051830831893
1153,5072.1220249208945
1154,5090.2708881654562
1155,5090.5277216115082
1156,5097.2952408624196
1157,5098.708854058782
1158,5101.4560145083979
1159,5101.7025510203521
1160,5105.1815785779145
1161,5108.9157787805352
1162,5116.8843291645062
1163,5121.1984306877339
1164,5121.7857464089238
1165,5133.8770383034253
1166,5138.5902038705372
1167,5141.0814378093992
1168,5142.569367979233
1169,5146.69458616876
1170,5147.1112220288887
1171,5157.2321255466859
1172,5158.5217310176095
1173,5178.395711662135
1174,5180.3725278217516
1175,5202.8354412063072
1176,5202.9997777260824
1177,5203.3513846086444
1178,5203.4426364216251
1179,5208.8965055998669
1180,5209.2358042368041
1181,5213.1520346622201
1182,5213.5524531807196
1183,5220.1250367454413
1184,5220.7953351985852
1185,5223.3877650278118
1186,5223.6180912100936
1187,5233.8959469858974
1188,5242.5746385187804
1189,5245.1916632788316
1190,5246.8546483433001
1191,5249.0204230533363
1192,5249.6001510787091
1193,5271.1558780704745
1194,5278.5784620007244
1195,5278.8705962772083
1196,5289.8162045928984
1197,5302.9816644044358
1198,5303.8622193264537
1199,5305.1774423973238
1200,5305.5866771760438
1201,5306.319923437487
1202,5306.707325007028
1203,5311.6115419412754
1204,5312.3619271473954
1205,5318.6044482706166
1206,5319.6738948213751
1207,5327.2581603484086
1208,5328.3841881707094
1209,5330.6408810636485
1210,5331.093012105538
1211,5336.572983142677
1212,5336.8488029375085
1213,5337.4772070840991
1214,5337.775291373141
1215,5344.0992728236743
1216,5345.4599990293964
1217,5361.610843310209
1218,5361.8162326487
1219,5369.2366549650442
1220,5370.1351580876171
1221,5387.8213739054991
1222,5388.2764608893167
1223,5393.7443835435861
1224,5396.9193222547665
1225,5397.3320666994323
1226,5402.6448226398234
1227,5410.8252646457304
1228,5417.6733034564177
1229,5418.4908823823525
1230,5418.9460778457469
1231,5425.6008256565901
1232,5426.1895316526079
1233,5442.3491983460244
1234,5442.8551961415378
1235,5449.4916014084774
1236,5449.6692184490448
1237,5451.1542835976506
1238,5451.2790581514655
1239,5452.3044784709909
1240,5452.6501404181836
1241,5458.8349880295054
1242,5459.9623768282117
1243,5460.5583790183136
1244,5461.26247724519
1245,5490.9054344078131
1246,5491.2648422135735
1247,5497.9709513708858
1248,5501.0939776336872
1249,5501.8051873469112
1250,5507.0551247612475
1251,5507.8679381754719
1252,5508.2762383071931
1253,5527.8780741696282
1254,5529.879530743392
1255,5542.4506891595756
1256,5543.4332564656725
1257,5552.0801827121004
1258,5552.8357588493536
1259,5552.9622842527497
1260,5553.265552377412
1261,5570.8194507255685
1262,5571.8646460355767
1263,5572.6271931875335
1264,5573.4937948305123
1265,5574.3963879078665
1266,5579.5876076024579
1267,5583.1210946093715
1268,5583.5065608879113
1269,5584.0810909591901
1270,5593.3022662372441
1271,5607.2162151564735
1272,5609.8882226213664
1273,5610.5814554998797
1274,5625.1781351781719
1275,5625.826618030399
1276,5634.5012755219223
1277,5635.0849893194909
1278,5636.4320026013265
1279,5641.9219658442507
1280,5642.4990274159118
1281,5660.0034733257125
1282,5660.7715574234562
1283,5665.7858813971689
1284,5666.0838917930823
1285,5666.3390149352963
1286,5666.5719466970731
1287,5667.0368702348678
1288,5686.3587475782406
1289,5692.4677497887233
1290,5693.0479571893857
1291,5701.9284155855339
1292,5702.0576364416911
1293,5703.819144113545
1294,5707.2042307302554
1295,5707.7387633115022
1296,5709.910286801176
1297,5733.6299760828861
1298,5735.3779502417219
1299,5742.8443729500468
1300,5744.258549250856
1301,5753.0201819075555
1302,5753.2982764288245
1303,5765.3543113142086
1304,5770.1660126303923
1305,5777.0347743474676
1306,5785.5127458651987
1307,5787.2449011170511
1308,5788.1238199373283
1309,5788.5917037085137
1310,5791.542359892791
1311,5793.2840029099134
1312,5793.6828553469695
1313,5800.1302416487324
1314,5800.8495860822586
1315,5801.3599694117383
1316,5812.0879400817166
1317,5813.3207148440551
1318,5820.2070765926965
1319,5820.8695246120733
1320,5821.4072087721534
1321,5821.6494972798728
1322,5839.0959942489235
1323,5841.2762581891966
1324,5850.3795661562554
1325,5853.1490463248247
1326,5857.8256929550689
1327,5861.8484685358026
1328,5862.2484399037039
1329,5863.1151872733499
1330,5866.154118377367
1331,5867.8982055921242
1332,5871.9467462803441
1333,5872.2561427130213
1334,5872.5298485092808
1335,5873.3349327404949
1336,5883.1979206488732
1337,5883.8214302379629
1338,5889.6981887889569
1339,5890.1833364249578
1340,5905.1709995905776
1341,5911.0470048590741
1342,5917.7746739773547
1343,5919.0426264397447
1344,5921.9955552175516
1345,5924.4269954097963
1346,5925.6397551816681
1347,5934.3083278949516
1348,5944.6425785392294
1349,5945.3098740943597
1350,5956.0232706610759
1351,5956.567128518398
1352,5957.7238589862563
1353,5967.0099271759454
1354,5972.524477781998
1355,5978.9635036454301
1356,5986.2516362736469
1357,5986.6348821419479
1358,5989.4144859185681
1359,5990.6102876238701
1360,6002.5055729080623
1361,6004.2548207951959
1362,6019.0736431902287
1363,6023.3021562536069
1364,6028.6920871800594
1365,6037.8144200717752
1366,6038.0373659634333
1367,6038.7144276612944
1368,6039.1332581616898
1369,6039.7685079419853
1370,6047.2678356291553
1371,6055.3954012048089
1372,6056.97047955792
1373,6058.7470348553315
1374,6070.4515743507709
1375,6070.678692294915
1376,6079.7906161105529
1377,6080.2687461399582
1378,6086.2838488812386
1379,6087.4497506611015
1380,6091.5437159355906
1381,6092.3866145697721
1382,6093.580542090971
1383,6100.6203864258005
1384,6107.2163020870366
1385,6107.6653779552362
1386,6122.5561981883411
1387,6123.7275971505278
1388,6131.5717051704969
1389,6131.9929696311674
1390,6132.7406797539998
1391,6132.9730223056767
1392,6141.3730722996706
1393,6144.1361724382878
1394,6152.2079618917032
1395,6152.4921424902095
1396,6161.2007398868745
1397,6165.3072136653354
1398,6179.2554299705844
1399,6180.2493374388587
1400,6186.6341033644821
1401,6188.5692470896438
1402,6190.2884484226006
1403,6198.7158282875753
1404,6204.071030375394
1405,6204.5963080592019
1406,6205.5643617935011
1407,6205.8449305117092
1408,6223.445742436762
1409,6228.1717221178833
1410,6235.8636481133744
1411,6236.7859349360024
1412,6269.4901335933846
1413,6269.9339743425835
1414,6278.7437551299417
1415,6282.7190106980852
1416,6285.3491965939684
1417,6287.5011704438739
1418,6287.7854233686039
1419,6287.9312536571906
1420,6288.4363146335318
1421,6295.3824909815166
1422,6295.9555392993725
1423,6297.462967487837
1424,6301.5729805321171
1425,6302.4819018291282
1426,6311.6587647358983
1427,6312.8594735380384
1428,6316.9773506956317
1429,6318.4401640883871
1430,6318.7893543812943
1431,6323.1935102702309
1432,6323.4176141858716
1433,6329.2446598434663
1434,6329.4492176156591
1435,6330.2871330240469
1436,6330.809526212076
1437,6339.5247051260294
1438,6342.9322497579387
1439,6350.7881311126821
1440,6352.7403710516746
1441,6357.5801249506558
1442,6358.0105621571101
1443,6361.2276260982944
1444,6375.6102291593652
1445,6380.4853286355456
1446,6380.8326161563873
1447,6385.1912856094068
1448,6387.8310311784762
1449,6404.1386209327102
1450,6404.6001284118393
1451,6406.1786123849906
1452,6412.7583955253367
1453,6413.1795443916817
1454,6421.2502751957336
1455,6422.9565706519434
1456,6428.4405417996204
1457,6431.3112747630039
1458,6436.730051065103
1459,6437.8946174236644
1460,6443.1096626169601
1461,6443.9758592576027
1462,6444.4139485382921
1463,6449.823009110778
1464,6455.2280827581035
1465,6455.4801773173576
1466,6461.9176209263724
1467,6466.1603813313468
1468,6496.2958342013271
1469,6500.4878701944681
1470,6502.2252399744802
1471,6509.0538389240737
1472,6514.7211084862483
1473,6519.826745160899
1474,6527.8196253418064
1475,6544.5841213453214
1476,6545.6741380075073
1477,6546.7796368960453
1478,6547.7383352484048
1479,6548.2951085286486
1480,6548.7257510284771
1481,6549.0374052168863
1482,6551.1286044530389
1483,6553.6401299384379
1484,6554.784886365187
1485,6558.1238952944141
1486,6559.5086618204105
1487,6570.9685543114801
1488,6572.5099949614596
1489,6579.1346528679205
1490,6580.2407853369141
1491,6580.4372839993348
1492,6581.2131653190772
1493,6589.6355138840709
1494,6590.576684371943
1495,6607.747346485874
1496,6610.4869850627292
1497,6611.6016197043937
1498,6612.8607672930448
1499,6621.6777572305946
1500,6621.8625293336208
1501,6632.8944315417411
1502,6636.416302917406
1503,6641.2025514333009
1504,6642.1128901696475
1505,6656.8015563326844
1506,6663.9632678324369
1507,6664.1448733974466
1508,6666.5869734029666
1509,6669.6475508715284
1510,6670.6968115164127
1511,6683.127550859238
1512,6684.3077990423117
1513,6693.6002745974911
1514,6707.4615962312482
1515,6708.4524082214148
1516,6711.303690783503
1517,6713.3402996915438
1518,6714.8627190257748
1519,6715.422240896758
1520,6718.1664496723542
1521,6731.5602780472527
1522,6734.4497359837433
1523,6741.6196521237125
1524,6741.9633982295009
1525,6760.7118341160367
1526,6782.4213963160864
1527,6788.1010965800015
1528,6788.9113007095702
1529,6794.0965002147441
1530,6794.7319673487609
1531,6795.2169075985985
1532,6799.0993225076336
1533,6800.7517874412824
1534,6801.7276712877783
1535,6803.9750925853323
1536,6805.6444469869448
1537,6812.9181445899521
1538,6814.1229269802316
1539,6819.7003413685452
1540,6820.538160250755
1541,6827.2106580888885
1542,6828.1027860101794
1543,6830.7946684894196
1544,6833.2662996212784
1545,6834.3075709062559
1546,6842.2819673120375
1547,6848.9448127578862
1548,6853.1843737307217
1549,6855.7276309106892
1550,6856.0452989183768
1551,6862.1417489570067
1552,6862.6252613194574
1553,6862.8358387499138
1554,6863.099666511418
1555,6880.0954690215794
1556,6882.7448786057594
1557,6883.0367746599513
1558,6883.9112835440246
1559,6899.2062516128817
1560,6903.5271228347037
1561,6913.0786815316214
1562,6913.937387036538
1563,6914.6846261471073
1564,6914.7857979215314
1565,6917.1281515616574
1566,6917.7165708541806
1567,6925.0736341106085
1568,6926.2319451062258
1569,6927.9958803025329
1570,6942.0022780621312
1571,6946.36974442677
1572,6947.0884621422792
1573,6956.6362645766567
1574,6957.2543978858139
1575,6957.730184820196
1576,6958.4769797700592
1577,6961.1183152723479
1578,6963.1991799608695
1579,6988.4007852163568
1580,6989.2943749241613
1581,7008.6191235746446
1582,7012.0338766703189
1583,7026.4856309710549
1584,7027.124561423253
1585,7027.5516731056505
1586,7038.2213617681109
1587,7038.9331613362456
1588,7039.6928151603661
1589,7041.3971028931601
1590,7042.446696133049
1591,7042.9225252243641
1592,7044.6241020227608
1593,7045.1001015401243
1594,7050.9635236223703
1595,7052.6385215005821
1596,7057.8362784415194
1597,7068.6911384254063
1598,7069.7513523388825
1599,7079.6225929071697
1600,7083.2469532932373
1601,7083.9257429494901
1602,7085.9921699789293
1603,7087.2861837122318
1604,7094.3548477896747
1605,7100.2696444835483
1606,7102.0845076411733
1607,7103.2997746748788
1608,7115.3637076443483
1609,7132.9637218482694
1610,7134.228505299342
1611,7136.1547595084339
1612,7136.7876107733673
1613,7138.589040647109
1614,7145.9979051711425
1615,7146.7331088184146
1616,7161.2915006219519
1617,7162.1797615383603
1618,7167.4225443129408
1619,7168.3286971852458
1620,7173.0995377681647
1621,7185.5166329535441
1622,7187.1270932176094
1623,7187.6882239728893
1624,7188.747953269828
1625,7191.4379211109972
1626,7196.9796906556339
1627,7198.8509677136817
1628,7199.7268980456793
1629,7205.7150700287339
1630,7206.3271384612799
1631,7221.8562016560763
1632,7225.2829147671246
1633,7239.2369899342766
1634,7244.7267578529791
1635,7256.7335334505296
1636,7257.613329935878
1637,7267.6926992280032
1638,7272.8864891113799
1639,7275.4479954749213
1640,7280.7567840209549
1641,7282.5742752988026
1642,7283.1444308020127
1643,7296.037598413538
1644,7297.1781659796998
1645,7304.4339755843321
1646,7304.5823610262341
1647,7307.3702440982042
1648,7324.9703159502342
1649,7328.918474271105
1650,7335.8116631414514
1651,7336.7939586992215
1652,7336.9618851502719
1653,7337.3862328303658
1654,7337.5512213085476
1655,7338.1313353071282
1656,7338.994243646991
1657,7339.3938399687322
1658,7349.5261244916355
1659,7351.923590214119
1660,7380.3780952486331
1661,7381.5050477084087
1662,7383.8709946805811
1663,7384.8810610330156
1664,7388.9970861093925
1665,7390.5917828676565
1666,7391.6100360976325
1667,7394.6793245001027
1668,7396.2127842468281
1669,7403.9473163575385
1670,7409.8648847110908
1671,7410.8658233570395
1672,7418.8799615605903
1673,7419.486573356633
1674,7420.5117226944367
1675,7421.0126880744492
1676,7426.3168134619709
1677,7427.8784296374197
1678,7442.3260092341434
1679,7445.4939033310884
1680,7450.8106316751173
1681,7452.3749983410125
1682,7453.9118283275193
1683,7454.060180916752
1684,7470.4961875546869
1685,7472.3948000947721
1686,7476.8757068961695
1687,7477.3973016682676
1688,7479.3509087943703
1689,7485.4388908575529
1690,7494.3304667108023
1691,7494.6123167454898
1692,7495.7974176399757
1693,7497.0860748955456
1694,7497.793882930071
1695,7509.341362035223
1696,7517.884918596922
1697,7520.9703852053035
1698,7538.6083314461721
1699,7542.7685545636414
1700,7546.0826503376211
1701,7547.5757980299986
1702,7548.7444841023307
1703,7549.4670050953819
1704,7551.4628068705661
1705,7558.5777344114194
1706,7559.1450353125856
1707,7563.5090057987591
1708,7569.6143832388734
1709,7574.6427463830114
1710,7580.4354930883874
1711,7583.0761728383122
1712,7585.5433636153766
1713,7587.662067946525
1714,7588.0108403787781
1715,7594.12710660418
1716,7618.918650226251
1717,7619.6223596482932
1718,7624.8403762849421
1719,7627.3699289705846
1720,7628.1643388550428
1721,7634.4165905518748
1722,7643.0383070163689
1723,7643.7791438860258
1724,7644.9459148935912
1725,7645.6292092307112
1726,7670.6842670898313
1727,7671.4626011006576
1728,7672.7429751868231
1729,7673.6626043600945
1730,7674.6343575346482
1731,7675.735828399751
1732,7678.1606083853285
1733,7678.5992184419301
1734,7694.6600118459392
1735,7697.3598659381596
1736,7698.282068157946
1737,7702.634399140089
1738,7711.5984855673214
1739,7713.8038354316013
1740,7715.1682175003561
1741,7720.37181330559
1742,7735.9196086027096
1743,7740.1466535664713
1744,7752.8465523441737
1745,7753.7608483270706
1746,7758.7572682544187
1747,7759.8989178021193
1748,7760.2400143553905
1749,7760.3847862254206
1750,7761.0219639962588
1751,7762.7006213221903
1752,7777.9109881266049
1753,7779.9504144536613
1754,7800.5758322465408
1755,7801.3854270568945
1756,7804.606832274615
1757,7805.3498640391963
1758,7816.3503779784696
1759,7820.3495604449845
1760,7823.0026237556667
1761,7824.327940623316
1762,7832.632970630254
1763,7833.8410260958572
1764,7835.300462632149
1765,7836.2390855613367
1766,7845.0909455960173
1767,7845.5971395637589
1768,7846.1596728487748
1769,7848.9748660734995
1770,7851.7662746404285
1771,7869.6224654257958
1772,7877.1814061226687
1773,7878.7071003568199
1774,7887.1706589858513
1775,7889.5902382059639
1776,7890.3533825712884
1777,7898.9368385570842
1778,7900.0774403088735
1779,7921.2419801151673
1780,7923.4438927840383
1781,7925.9343019702392
1782,7931.1720080226687
1783,7932.6901343361787
1784,7939.4298426717069
1785,7942.8786558607781
1786,7950.3269243314317
1787,7968.8782699965341
1788,7969.5593512368714
1789,7972.2350190598418
1790,7973.101922805713
1791,7976.9808373433234
1792,7977.235268340356
1793,7978.2054105194456
1794,7978.9348842862773
1795,7987.228860622813
1796,7987.8468046919452
1797,7990.9920459255409
1798,7994.1719768487956
1799,7998.5298233396879
1800,8000.4445497386832
1801,8001.3429126919564
1802,8006.9842414495934
1803,8007.0931005770708
1804,8008.06797351973
1805,8012.5547247110371
1806,8029.9426424364519
1807,8038.9280070789227
1808,8044.5794319894412
1809,8046.2521108070423
1810,8053.6416042779256
1811,8054.9154813494097
1812,8058.9851274590101
1813,8059.6475489266704
1814,8060.6201865589219
1815,8061.3909295784688
1816,8069.3151097302261
1817,8070.1691254536381
1818,8074.8097816853078
1819,8078.2868059726507
1820,8085.6435958164811
1821,8086.9761716157927
1822,8092.6121508287933
1823,8103.3963663695022
1824,8104.3591688441538
1825,8105.6617848884825
1826,8106.078790471639
1827,8108.1509441429589
1828,8127.9766260743681
1829,8129.7009418845137
1830,8132.8713896889931
1831,8133.7002228965948
1832,8136.141278182874
1833,8141.7083736391851
1834,8144.3513891255197
1835,8153.1844895432332
1836,8153.5807574483015
1837,8154.8643452639171
1838,8158.9511484339864
1839,8161.3378569658144
1840,8162.2862270864134
1841,8181.7443278387163
1842,8189.90390809368
1843,8203.3763201228667
1844,8204.3809404359235
1845,8205.13883065767
1846,8212.1857568840333
1847,8217.3120235974038
1848,8218.5027678899733
1849,8220.7112866629959
1850,8226.5346139157373
1851,8231.0728393014015
1852,8231.9668761167013
1853,8234.621122671726
1854,8235.3356912907293
1855,8240.3204797552826
1856,8240.9571094315834
1857,8269.5286017169419
1858,8272.1011305909524
1859,8278.7402010228525
1860,8285.3235432295933
1861,8287.3030643146558
1862,8291.2136314223117
1863,8305.6459043350824
1864,8306.9962383479997
1865,8307.8293303065475
1866,8308.9140714266432
1867,8315.5388033399195
1868,8318.9979056766406
1869,8324.4736293700826
1870,8328.414709265604
1871,8328.5167296305171
1872,8342.3090615877918
1873,8344.5195381060621
1874,8347.0837225938794
1875,8348.0214533295566
1876,8349.6435783947763
1877,8350.6727027009747
1878,8350.9274439076526
1879,8355.1302773767511
1880,8356.2555221784096
1881,8356.8266031970707
1882,8358.1824216271234
1883,8361.0438140854912
1884,8361.2670594847023
1885,8381.8417605302093
1886,8390.0389495511845
1887,8392.8966681823204
1888,8402.9371733091466
1889,8412.3142577772487
1890,8417.3672237574337
1891,8418.5905050314686
1892,8421.8267722660694
1893,8429.7223579798956
1894,8437.633338988202
1895,8439.9262965576145
1896,8441.9852253291356
1897,8444.2407197844987
1898,8445.1060371387903
1899,8470.5838589680479
1900,8474.0992533989756
1901,8474.9624412484045
1902,8477.7867546350099
1903,8479.0821251996513
1904,8482.5271414825875
1905,8490.042380814426
1906,8491.0181765844645
1907,8504.66207926883
1908,8512.2832802471239
1909,8513.8203764065729
1910,8516.051268172223
1911,8521.3309205587539
1912,8522.5715582184639
1913,8525.3409583805969
1914,8529.2426963027901
1915,8553.1194008671628
1916,8565.8872992524466
1917,8570.2698743320379
1918,8575.8019578852836
1919,8577.105329903552
1920,8577.7380772651177
1921,8578.8279155702603
1922,8581.1992635916649
1923,8582.1124863366731
1924,8582.9856403958438
1925,8589.8760682481025
1926,8590.8773086363781
1927,8604.7160509343357
1928,8609.6163779032886
1929,8612.7030650334036
1930,8615.0610964095213
1931,8616.3062152073362
1932,8617.6574831389808
1933,8619.4189355920498
1934,8620.8412968137654
1935,8627.3884238247356
1936,8628.7437825456564
1937,8634.075342176704
1938,8634.7116460595389
1939,8643.7871023992211
1940,8645.6029555384539
1941,8650.425001600559
1942,8651.9179992461577
1943,8659.6286198929865
1944,8661.2307649598424
1945,8662.1162975806401
1946,8663.7816500217086
1947,8667.4773776496877
1948,8668.7366902635804
1949,8671.5773286720814
1950,8672.8555915220513
1951,8674.1471079006678
1952,8674.3992886795113
1953,8703.7121880600716
1954,8704.813272229334
1955,8709.7879001386136
1956,8713.6561663520988
1957,8716.7059246610861
1958,8717.8207892570899
1959,8718.7125257100543
1960,8725.9944235400399
1961,8727.2525132811006
1962,8739.6856396416842
1963,8745.8148700499569
1964,8748.7050573495744
1965,8755.4812098713992
1966,8756.3916631964039
1967,8758.8129834471238
1968,8760.6544133277857
1969,8761.3655315380292
1970,8782.5728350001391
1971,8785.3233915192923
1972,8789.9989183877351
1973,8795.5102227390453
1974,8804.7017674142062
1975,8813.2396341660206
1976,8814.7656839640495
1977,8817.2149848477729
1978,8831.28548501554
1979,8832.1902623917904
1980,8834.6053767859448
1981,8836.1281188708781
1982,8837.8620477732547
1983,8841.0601514084647
1984,8843.7800458445054
1985,8847.0768986994262
1986,8863.2891465787452
1987,8870.9276072957691
1988,8881.5552193936346
1989,8887.6961470899314
1990,8889.0159383148275
1991,8892.0619522739507
1992,8900.8308114590272
1993,8902.9510868133966
1994,8904.2509894781142
1995,8905.1218439914519
1996,8906.1350281216164
1997,8907.7524511516076
1998,8914.1604982424542
1999,8919.340867322695
2000,8921.0058990378475
2001,8923.3526661441902
2002,8923.5280631442092
2003,8928.283570923124
2004,8930.6828310708079
2005,8942.2199807389734
2006,8947.7956853182532
2007,8956.2337366617558
2008,8958.2161452612472
2009,8959.95122024581
2010,8963.8059300752884
2011,8966.415630583906
2012,8970.3191606230193
2013,8978.4371686518625
2014,8980.0858893171353
2015,8981.9922301411589
2016,8983.6151863708928
2017,9004.7961193509709
2018,9007.2590409243767
2019,9017.0139695266298
2020,9023.484772990394
2021,9026.1617139726004
2022,9033.4448497874346
2023,9035.0105635947257
2024,9035.9121554254725
2025,9039.5356867341561
2026,9041.5542859721354
2027,9047.2654412775246
2028,9050.0178369570804
2029,9051.9013065173749
2030,9057.8007099824299
2031,9060.2750034119399
2032,9062.6768796623946
2033,9075.024944525825
2034,9096.9492215183418
2035,9099.9601666984345
2036,9102.1212655945346
2037,9104.7663581806319
2038,9107.6453067475977
2039,9111.485181564125
2040,9121.0136943517773
2041,9122.9614173729151
2042,9141.5935159926685
2043,9145.6084161792314
2044,9150.9476398973638
2045,9154.5381098073576
2046,9170.8310465341383
2047,9176.3823723030127
2048,9181.3023467819748
2049,9183.723704697677
2050,9187.6515018734062
2051,9190.9593266482152
2052,9193.2548946241041
2053,9195.5117821267067
2054,9202.5951555935771
2055,9203.6643859937049
2056,9210.2358205314467
2057,9212.4014043083898
2058,9213.0147498378774
2059,9214.0960847917086
2060,9217.4277160515321
2061,9218.4716875266495
2062,9219.6017934492647
2063,9222.9726945180792
2064,9225.1113651873438
2065,9229.0098218978655
2066,9230.0462408767708
2067,9240.8526649313881
2068,9246.5344444350521
2069,9249.2471768944542
2070,9253.9114701404742
2071,9256.5736534679108
2072,9266.9549386959261
2073,9267.7307862055677
2074,9268.1750753085671
2075,9268.5842881317276
2076,9271.1397547991073
2077,9271.9543251912928
2078,9274.0782860059735
2079,9275.3646003906706
2080,9290.4557127937842
2081,9293.6424832610828
2082,9296.3770497627993
2083,9307.5782439985614
2084,9309.0159028749076
2085,9314.1340819369743
2086,9320.716015953858
2087,9322.6510546893369
2088,9326.7980663845901
2089,9335.6071745858026
2090,9336.8291693889787
2091,9340.7396324471956
2092,9350.4953395187367
2093,9352.1494693948789
2094,9360.0950003686703
2095,9361.800084568702
2096,9367.9003223298078
2097,9370.0386225961665
2098,9372.3760246911752
2099,9376.9227955784281
2100,9385.6307359119983
2101,9386.478132651062
2102,9386.9482504318512
2103,9390.1395651346957
2104,9393.232115678964
2105,9402.0856993942507
2106,9411.2494206883657
2107,9413.1668662903321
2108,9430.109010170434
2109,9431.5913694854135
2110,9446.0524964262222
2111,9449.0770196055182
2112,9453.3080872576047
2113,9455.1709340025664
2114,9475.6843294737228
2115,9476.4735801530242
2116,9480.7595664988494
2117,9481.8100770641504
2118,9482.1309627978226
2119,9483.481215671216
2120,9486.196013292365
2121,9489.5592008363219
2122,9492.123258793943
2123,9494.9259969516952
2124,9508.8565563876036
2125,9511.8368427454134
2126,9516.8577400897375
2127,9518.2457511880275
2128,9523.4580196171592
2129,9531.4156908220193
2130,9532.5868148414283
2131,9534.6929169640953
2132,9536.1337260893288
2133,9537.9404792402183
2134,9540.7704855798402
2135,9543.7505705580024
2136,9556.746596756604
2137,9561.8648419553283
2138,9563.3127648320078
2139,9566.1434263888641
2140,9576.508085731808
2141,9577.5266876657606
2142,9579.3570805422369
2143,9582.4253133098955
2144,9596.305890536265
2145,9599.3350983958262
2146,9602.2379267546676
2147,9605.5705849874084
2148,9615.0955164259558
2149,9619.1602962759298
2150,9627.6839642078721
2151,9631.1584904629726
2152,9633.6639813179081
2153,9635.5037958563971
2154,9637.2586595578177
2155,9639.1586191835431
2156,9641.3585396327417
2157,9656.2913391154707
2158,9659.1037300684784
2159,9660.9434587941305
2160,9666.2193296543592
2161,9668.0196741707241
2162,9672.8385414186378
2163,9675.3919029007793
2164,9680.9681756820519
2165,9704.1093443640621
2166,9709.2732840256358
2167,9713.7082373451376
2168,9731.4512671307439
2169,9735.3255091655137
2170,9741.5493917781059
2171,9743.384764127517
2172,9745.1677765939512
2173,9747.4463866881342
2174,9750.4678970892783
2175,9752.918241559355
2176,9756.6295163641626
2177,9771.7777309235116
2178,9772.8719030632674
2179,9786.0870764195897
2180,9789.1442242739522
2181,9791.2644718147621
2182,9793.4563091574037
2183,9794.5796645267565
2184,9797.0969783258606
2185,9800.6191496265074
2186,9800.9885389270767
2187,9804.2153232990477
2188,9806.5490057886
2189,9812.3207323052284
2190,9829.9782440667714
2191,9831.2724544911598
2192,9836.6902842765012
2193,9839.4834002872285
2194,9843.6535412449575
2195,9848.0289500508734
2196,9849.1438181392241
2197,9851.0444570797226
2198,9878.1564110949494
2199,9881.9433644035689
2200,9888.0720873496575
2201,9889.2941930555044
2202,9891.1331607362463
2203,9893.5711924816951
2204,9896.3146679145921
2205,9902.2123092830243
2206,9904.2613991979924
2207,9908.7323790462597
2208,9915.2999497275869
2209,9917.2189348850698
2210,9920.2027014968698
2211,9921.0679707668496
2212,9922.1013502392325
2213,9925.2019570431748
2214,9926.8795656290404
2215,9930.8419675193254
2216,9936.7195537146163
2217,9937.968337645736
2218,9946.6495426074071
2219,9953.8495117397706
2220,9954.976726797302
2221,9956.5476922030684
2222,9958.2108040334097
2223,9959.4566182233557
2224,9963.254799563867
2225,9968.2136474327654
2226,9969.3899173493592
2227,9970.375721415634
2228,9972.4705976327277
2229,9976.0134962328266
2230,9986.2230434008688
2231,9997.8509779807591
2232,10009.120727923868
2233,10016.2016467391
2234,10024.261502892723
2235,10027.984740045678
2236,10029.424145799552
2237,10032.824024401032
2238,10034.054976164769
2239,10040.952055079704
2240,10048.717422082605
2241,10051.557625291307
2242,10055.915827114028
2243,10069.474110361592
2244,10074.006663273876
2245,10083.544909225871
2246,10085.528085176767
2247,10090.490702319094
2248,10093.336503736011
2249,10098.561617718997
2250,10099.560567435799
2251,10105.742162905568
2252,10111.807707807322
2253,10115.975574614302
2254,10116.819240421239
2255,10119.662327855372
2256,10124.962707749186
2257,10127.790257710731
2258,10133.798944346159
2259,10139.503136820171
2260,10143.093009246848
2261,10143.32408363061
2262,10145.175194494985
2263,10148.428920813016
2264,10153.530372838703
2265,10156.642906671144
2266,10157.859908800503
2267,10161.788932091797
2268,10172.5008582464
2269,10174.016665492712
2270,10183.28943979123
2271,10196.486789864271
2272,10199.665506650168
2273,10201.507631482209
2274,10205.222440709305
2275,10222.093566289048
2276,10224.748913732181
2277,10230.309813525988
2278,10234.591950654956
2279,10239.65662382321
2280,10241.208547474615
2281,10244.160888071116
2282,10252.736428324346
2283,10257.996549996491
2284,10260.62148321231
2285,10263.337213213475
2286,10266.461974905909
2287,10272.273844264004
2288,10276.43877691034
2289,10282.028819223753
2290,10283.267748753195
2291,10286.583721382058
2292,10293.545603206254
2293,10304.657507614951
2294,10307.480635109107
2295,10308.241175927162
2296,10309.249118779413
2297,10310.159493705751
2298,10311.039295926723
2299,10321.99668585037
2300,10322.308984676924
2301,10329.157276599362
2302,10332.217799061567
2303,10347.068505961712
2304,10352.877265437324
2305,10369.931203768014
2306,10377.192346405845
2307,10386.736700940903
2308,10388.302053165175
2309,10393.918296421934
2310,10397.258713732837
2311,10400.113751436558
2312,10400.901733228224
2313,10408.113336713817
2314,10410.852670066703
2315,10416.310156886342
2316,10420.279738012503
2317,10421.020830641643
2318,10423.649441109412
2319,10430.923358721813
2320,10432.597664965626
2321,10435.411233380524
2322,10437.091084474376
2323,10442.377663777117
2324,10446.117689642524
2325,10447.20197148692
2326,10463.577279746358
2327,10475.558572776621
2328,10479.91601825241
2329,10482.98242068426
2330,10484.8906003386
2331,10486.234625607232
2332,10498.407506852129
2333,10503.307557898894
2334,10504.96857501376
2335,10508.740233230152
2336,10513.309275451111
2337,10516.671176985272
2338,10517.09317498537
2339,10542.345330233511
2340,10542.929513254503
2341,10559.157252855468
2342,10560.50739906016
2343,10570.175512447215
2344,10570.773391836126
2345,10573.744141651499
2346,10574.661857830228
2347,10577.528900393956
2348,10579.739690981831
2349,10581.256036061286
2350,10581.56009671955
2351,10584.03356801245
2352,10592.958190102874
2353,10593.495714850804
2354,10595.413694329778
2355,10602.940704793236
2356,10606.083933918757
2357,10610.777012953202
2358,10612.518145769738
2359,10613.378716706926
2360,10614.931532632841
2361,10616.016809762299
2362,10620.249719670453
2363,10621.077862380165
2364,10624.226984316436
2365,10648.058818707008
2366,10652.006493403562
2367,10652.976423900609
2368,10661.249615531469
2369,10666.847799943962
2370,10667.481561625691
2371,10669.238209574312
2372,10684.728655871082
2373,10685.078666930824
2374,10685.863396660856
2375,10700.164200875786
2376,10702.810809194179
2377,10709.178602603643
2378,10711.783418770954
2379,10718.248675468914
2380,10720.626536929762
2381,10721.558300240325
2382,10723.043847965284
2383,10727.542080383793
2384,10731.350521217204
2385,10734.226882507615
2386,10741.21384662034
2387,10744.795770505978
2388,10747.031073735812
2389,10749.37717821232
2390,10751.460738783244
2391,10753.417348378045
2392,10757.637097343759
2393,10762.039661607192
2394,10767.389289946505
2395,10776.666357364014
2396,10777.966902717119
2397,10781.641755252227
2398,10789.32330949143
2399,10793.919769728671
2400,10798.955068571649
2401,10800.508638574693
2402,10808.612868816486
2403,10811.706113865012
2404,10813.292658545024
2405,10827.094270742555
2406,10828.892837143008
2407,10843.42561477902
2408,10846.840987793556
2409,10852.514560800437
2410,10853.856639642008
2411,10874.403310869735
2412,10875.917648718203
2413,10877.535198082142
2414,10878.670650106662
2415,10885.476962944056
2416,10886.951252784869
2417,10888.081644555627
2418,10898.06328819933
2419,10906.922174067138
2420,10914.372927121067
2421,10917.277610357378
2422,10920.786458082173
2423,10927.009705274262
2424,10928.621600161621
2425,10933.768796869454
2426,10940.073789893844
2427,10945.273051663025
2428,10948.432655863884
2429,10955.156057796556
2430,10957.28352414182
2431,10962.036383140927
2432,10970.889948229238
2433,10974.568160660101
2434,10976.690764870813
2435,10979.908918367435
2436,10983.812254855622
2437,10988.072223113923
2438,10991.909013288529
2439,10992.663228173455
2440,11006.237786108642
2441,11007.840112214242
2442,11021.593851725189
2443,11022.342241857197
2444,11024.604970526831
2445,11029.090232425391
2446,11031.810472737749
2447,11035.027683931563
2448,11039.241364702926
2449,11043.893102888964
2450,11048.070954760859
2451,11052.60246458847
2452,11059.041455797051
2453,11064.588514798015
2454,11072.87059780697
2455,11077.128655778159
2456,11084.65542227402
2457,11088.259469581028
2458,11093.622988867914
2459,11102.484973730205
2460,11103.986638191949
2461,11106.021341059653
2462,11107.46735835686
2463,11111.969893673264
2464,11114.230589180723
2465,11117.671282599364
2466,11120.287199028349
2467,11124.58571664076
2468,11126.139773517396
2469,11140.90330991313
2470,11141.876511690409
2471,11150.780742776431
2472,11151.133805647258
2473,11159.544044392407
2474,11167.852716814945
2475,11188.184283077671
2476,11190.764971951858
2477,11194.375916171664
2478,11197.886252423592
2479,11200.175164649338
2480,11202.07691802527
2481,11210.947959410376
2482,11216.721464417435
2483,11219.999051181945
2484,11221.448174866351
2485,11227.006706100401
2486,11228.456892214179
2487,11228.685841401173
2488,11248.189820294454
2489,11278.543121537672
2490,11282.598355952625
2491,11286.358548247868
2492,11289.822852922171
2493,11294.345162183614
2494,11296.071872918606
2495,11298.486894006175
2496,11299.152558327543
2497,11300.944436928132
2498,11302.703732412871
2499,11305.143098461014
2500,11308.779926832103
2501,11311.295578926009
2502,11315.952422776827
2503,11321.12690775484
2504,11325.713178548989
2505,11328.207707308642
2506,11330.615041952122
2507,11331.641640594024
2508,11333.135286215422
2509,11336.938865390617
2510,11341.493071584502
2511,11346.141363407338
2512,11354.929057094978
2513,11357.056337816735
2514,11368.625726923705
2515,11370.203339316622
2516,11372.581564805094
2517,11374.732869452486
2518,11378.414684493164
2519,11380.958706651916
2520,11381.481737821852
2521,11382.809233028935
2522,11386.488054100768
2523,11392.228756978837
2524,11392.781073574683
2525,11397.492891570246
2526,11398.287764985893
2527,11403.418631060624
2528,11416.641441730588
2529,11418.712648762375
2530,11427.696957900876
2531,11437.193622077162
2532,11445.120433738488
2533,11448.836092723848
2534,11460.854003195198
2535,11462.853704076844
2536,11463.551705821088
2537,11466.536308709514
2538,11468.231058268189
2539,11472.619520692126
2540,11475.256755672763
2541,11480.449018103867
2542,11483.193872073552
2543,11486.592926116755
2544,11487.73636591084
2545,11491.498500839676
2546,11495.267380110383
2547,11509.001440855405
2548,11510.724237089509
2549,11515.924152145226
2550,11521.359153432999
2551,11529.761960663142
2552,11532.565955096379
2553,11536.500417338306
2554,11539.300877771147
2555,11543.0981687234
2556,11547.050370032137
2557,11549.275727407745
2558,11571.863712073462
2559,11574.032497877164
2560,11575.278131620558
2561,11578.57968874096
2562,11590.434749643602
2563,11593.339772537664
2564,11607.714391686141
2565,11614.613645013536
2566,11617.316689864399
2567,11619.162349178394
2568,11626.064224453596
2569,11629.12758135745
2570,11636.255371258432
2571,11638.066961822964
2572,11651.661737373932
2573,11652.712891109022
2574,11655.994428801434
2575,11663.82535591815
2576,11664.476745548203
2577,11668.766160043615
2578,11682.515015640827
2579,11685.913052454765
2580,11686.572688619315
2581,11689.539406724392
2582,11692.21005603433
2583,11697.504152749101
2584,11699.174139809043
2585,11703.076540236019
2586,11704.121521608566
2587,11709.85108639837
2588,11710.925376705482
2589,11713.513127728242
2590,11717.185885885538
2591,11725.263850579273
2592,11730.061947881373
2593,11734.182810971217
2594,11745.164175230813
2595,11746.886641213856
2596,11748.958175555626
2597,11755.649480575355
2598,11757.825641843508
2599,11761.228016366278
2600,11765.106800221507
2601,11769.603291923435
2602,11770.621851666592
2603,11772.907584149336
2604,11781.775839682277
2605,11785.58686000719
2606,11789.517282417246
2607,11800.651426454999
2608,11818.609151575438
2609,11821.328777471592
2610,11823.197400002047
2611,11825.7169025728
2612,11830.688935729386
2613,11842.261802885118
2614,11843.545098746468
2615,11849.042131524648
2616,11850.386326250878
2617,11850.94643288294
2618,11853.814383578234
2619,11854.397116646584
2620,11864.945892975427
2621,11874.166704281592
2622,11878.412591179454
2623,11886.463064097899
2624,11904.355631138518
2625,11907.336640623673
2626,11914.420406930549
2627,11915.726536568329
2628,11917.307205114947
2629,11922.288728186657
2630,11923.850258929764
2631,11925.989787213803
2632,11933.13967397439
2633,11940.501094595487
2634,11951.622440034464
2635,11952.664052857863
2636,11958.473090479891
2637,11964.596119512216
2638,11980.645730574941
2639,12001.527056208708
2640,12002.862481540964
2641,12006.576367595699
2642,12010.188389348095
2643,12011.571817880271
2644,12012.975791802068
2645,12013.013045287511
2646,12023.462206171758
2647,12024.177874464594
2648,12025.052019281997
2649,12032.662956277605
2650,12036.765092120153
2651,12042.239999908936
2652,12043.733582043498
2653,12044.742831643043
2654,12046.925781447682
2655,12048.890418140758
2656,12052.44702735063
2657,12054.292618603355
2658,12057.260151474899
2659,12065.281963335246
2660,12066.45151517428
2661,12071.195410105929
2662,12075.858316725387
2663,12076.871611194509
2664,12081.084676654256
2665,12083.067807892441
2666,12087.437231961558
2667,12091.929563584932
2668,12097.856374444083
2669,12100.79440509529
2670,12107.939700089126
2671,12111.451544324467
2672,12116.974934692078
2673,12121.162203916781
2674,12122.325906616274
2675,12133.561922140954
2676,12134.992506616041
2677,12137.856707030131
2678,12145.46390126589
2679,12151.960952492462
2680,12154.87109974775
2681,12158.170778407102
2682,12161.355547809384
2683,12178.477549959325
2684,12181.970706488511
2685,12183.163569053329
2686,12194.004352845097
2687,12195.424054339053
2688,12197.989228459246
2689,12201.407401324013
2690,12203.940040108198
2691,12208.833596785227
2692,12210.331924591637
2693,12214.899886486952
2694,12215.483651668303
2695,12215.754210214262
2696,12223.594095136867
2697,12225.010488127944
2698,12230.844885812325
2699,12234.247111478559
2700,12241.22431968417
2701,12242.375834131813
2702,12247.399285183057
2703,12253.436930745896
2704,12263.780099474161
2705,12265.207591632861
2706,12267.655137736783
2707,12276.035238532413
2708,12280.525884315992
2709,12301.975334007257
2710,12307.514287537173
2711,12310.881421511487
2712,12314.047969011564
2713,12323.511388699102
2714,12339.361754376081
2715,12340.707581531995
2716,12348.134237094409
2717,12349.886082613195
2718,12353.287660194008
2719,12358.362986950269
2720,12366.906941148951
2721,12367.50857675041
2722,12371.99925205551
2723,12375.203861452399
2724,12379.28977775718
2725,12384.724616693964
2726,12387.271150375966
2727,12390.434173569758
2728,12395.703442786031
2729,12397.383648813007
2730,12398.683686977991
2731,12407.444109676979
2732,12414.954979974202
2733,12416.713334574159
2734,12420.063312715496
2735,12420.570613977306
2736,12421.349106055624
2737,12423.495824849986
2738,12430.855931254649
2739,12433.301057756811
2740,12433.936634949807
2741,12453.767126586812
2742,12458.722198716829
2743,12461.578645967227
2744,12465.758987742673
2745,12471.920459899598
2746,12474.713572171253
2747,12478.875297723915
2748,12481.035213111181
2749,12484.2564671254
2750,12489.015679916483
2751,12508.218502246054
2752,12511.889491267826
2753,12517.544157564927
2754,12524.921779262862
2755,12528.592917922666
2756,12529.904971100608
2757,12538.624614704469
2758,12539.854273988127
2759,12542.552255315752
2760,12548.704646498374
2761,12553.209054623407
2762,12554.065809304147
2763,12561.397575470919
2764,12575.34554493842
2765,12576.336972147932
2766,12585.912024210162
2767,12587.636494127359
2768,12589.702666351564
2769,12590.121442210573
2770,12592.909815947873
2771,12595.279728066829
2772,12600.889928286864
2773,12603.362896629505
2774,12606.350630092298
2775,12607.931906896223
2776,12615.093337789482
2777,12618.382489356247
2778,12629.597272750691
2779,12645.354569888401
2780,12649.897245591856
2781,12660.231833888489
2782,12665.335510428951
2783,12683.240318036636
2784,12686.903318272542
2785,12687.794383297356
2786,12690.078380079467
2787,12691.749912397332
2788,12698.978100219631
2789,12701.922399850801
2790,12718.329867758459
2791,12719.454758043654
2792,12725.937919397657
2793,12735.227540514288
2794,12736.915154643739
2795,12742.630837461296
2796,12746.085753595738
2797,12748.400300390618
2798,12751.096218276187
2799,12755.578510255045
2800,12759.776514815941
2801,12765.356398290218
2802,12771.494962131752
2803,12773.468836442486
2804,12780.213393294773
2805,12781.43608290382
2806,12782.049529493754
2807,12787.701594701228
2808,12801.26529261549
2809,12804.440428090806
2810,12811.404990135539
2811,12815.296151479522
2812,12819.04635760963
2813,12823.334861539226
2814,12826.37500137723
2815,12827.52677396951
2816,12830.626055843937
2817,12833.471446584774
2818,12836.069707222579
2819,12839.710367153199
2820,12840.728744749129
2821,12848.432405458801
2822,12850.93918285562
2823,12858.281771745615
2824,12862.856844787728
2825,12864.591865688506
2826,12874.798993877652
2827,12876.589948550705
2828,12878.151476277724
2829,12884.295057689329
2830,12885.455529423421
2831,12890.458235393618
2832,12898.049952794365
2833,12906.010614979223
2834,12910.986371923191
2835,12914.887748274352
2836,12920.41054789816
2837,12922.673584364942
2838,12925.183910382135
2839,12926.413582201616
2840,12935.380601869076
2841,12938.805776886216
2842,12943.218608931025
2843,12952.219850869329
2844,12956.579074686142
2845,12959.103409397538
2846,12964.373003988123
2847,12965.189154922124
2848,12969.519590649314
2849,12972.291259385676
2850,12984.096858220892
2851,12987.526609104476
2852,12990.141023933769
2853,12992.126643218369
2854,12997.291990291873
2855,12998.562854371883
2856,13001.744425984303
2857,13009.459167881443
2858,13014.788561693307
2859,13016.578625590691
2860,13022.806040992409
2861,13031.613312987536
2862,13033.865802976497
2863,13045.539559346957
2864,13051.181186846057
2865,13057.314241003975
2866,13060.058470821337
2867,13065.274691481227
2868,13071.690639694143
2869,13074.353223334148
2870,13081.981919846254
2871,13086.420741814674
2872,13094.493037718095
2873,13096.195785083379
2874,13097.326312264104
2875,13103.913408213693
2876,13107.473679761355
2877,13109.188813195809
2878,13113.05804424981
2879,13123.374281886436
2880,13124.327487439439
2881,13129.723948282111
2882,13133.213217695655
2883,13139.362933305272
2884,13142.499737648553
2885,13150.485858994529
2886,13154.250126360683
2887,13154.638371024153
2888,13165.016991403221
2889,13175.424662568916
2890,13180.587332339644
2891,13186.002281096293
2892,13192.894685393223
2893,13197.033909796886
2894,13199.14345465692
2895,13200.829207129811
2896,13210.08512386847
2897,13218.303520663074
2898,13225.225616756912
2899,13226.942837680754
2900,13230.340391100008
2901,13234.015491272685
2902,13239.304976428757
2903,13240.653974456523
2904,13248.133367415145
2905,13252.608261175719
2906,13254.097044316717
2907,13256.14019456658
2908,13265.686434001678
2909,13272.353433031054
2910,13280.6190643788
2911,13284.885247340128
2912,13285.748114445892
2913,13292.675064805111
2914,13295.874253395341
2915,13298.961654727649
2916,13307.859682423248
2917,13313.909777439198
2918,13317.890120586586
2919,13324.757717107985
2920,13332.994574101425
2921,13336.290433729786
2922,13341.654599098756
2923,13343.64915155535
2924,13356.076702553461
2925,13357.662371459501
2926,13362.399051770404
2927,13372.411967464115
2928,13379.875269758884
2929,13381.284874802428
2930,13389.016485262722
2931,13391.771698533799
2932,13395.603914442008
2933,13399.693780288248
2934,13404.875712484776
2935,13412.031049122634
2936,13418.372418051269
2937,13419.816226746412
2938,13420.817232682075
2939,13425.654612219263
2940,13430.483003789166
2941,13431.394753194538
2942,13438.840639082367
2943,13449.481610952736
2944,13449.76724159128
2945,13452.223647212024
2946,13459.784970137594
2947,13461.664974224963
2948,13463.137779178232
2949,13466.310160014244
2950,13473.471392975514
2951,13474.101739849153
2952,13478.24070559344
2953,13486.198089906282
2954,13491.092877649222
2955,13491.640811689322
2956,13494.69951605363
2957,13504.046240067093
2958,13513.001363266072
2959,13517.510996656692
2960,13522.765771273993
2961,13525.925847941113
2962,13538.431521013403
2963,13538.992259341419
2964,13544.559217512975
2965,13551.056242420886
2966,13553.825124417168
2967,13554.628846169671
2968,13558.916143119197
2969,13563.794133287025
2970,13565.31436808199
2971,13567.189422743122
2972,13568.222933004936
2973,13571.445675573192
2974,13576.530409655443
2975,13590.75611524498
2976,13603.560000425468
2977,13607.094654593879
2978,13614.83426207191
2979,13618.550456592893
2980,13621.811390173241
2981,13623.856035812389
2982,13628.892105139672
2983,13632.084395391732
2984,13633.668171295461
2985,13639.373731209644
2986,13640.434695357382
2987,13642.950975582398
2988,13648.326524050644
2989,13652.905276111684
2990,13662.193478815274
2991,13663.471198187657
2992,13668.128927093203
2993,13669.464124791994
2994,13673.433120661044
2995,13677.432134821207
2996,13679.832990090787
2997,13686.888936549421
2998,13690.179965394593
2999,13692.288009299571
3000,13699.200172043475
3001,13703.268964249899
3002,13705.039659835415
3003,13711.309371584144
3004,13713.886905484767
3005,13715.674319367099
3006,13723.449530120037
3007,13731.792973409321
3008,13735.420079415244
3009,13746.998720657521
3010,13750.555941178302
3011,13753.100256167287
3012,13760.933786215957
3013,13763.486649370778
3014,13769.642952471391
3015,13771.65317521127
3016,13775.189486487025
3017,13778.722106293202
3018,13787.081428785146
3019,13791.157448484275
3020,13794.904139936431
3021,13799.260913132677
3022,13806.584007470816
3023,13809.578877242486
3024,13812.851175764328
3025,13822.61401231319
3026,13826.776772194178
3027,13827.905475895908
3028,13833.957800757631
3029,13835.990833373964
3030,13841.23941344251
3031,13848.7050482466
3032,13853.661151301681
3033,13856.170146132234
3034,13864.738697577672
3035,13873.355409774109
3036,13877.985214660472
3037,13883.809617206687
3038,13886.465564983424
3039,13894.207031158201
3040,13895.804916511712
3041,13896.198676621243
3042,13901.417332950015
3043,13905.137376111425
3044,13915.446236351179
3045,13922.570239212244
3046,13928.101689836376
3047,13930.907340074862
3048,13940.344602240593
3049,13940.89907958412
3050,13943.923711262209
3051,13946.5418120538
3052,13963.04499037194
3053,13968.336067557315
3054,13971.325650276358
3055,13980.590304085812
3056,13983.446343019394
3057,13985.600602807448
3058,13987.288263694199
3059,13992.025457433019
3060,13995.167055454885
3061,14000.41310671083
3062,14006.431602053832
3063,14008.768973773136
3064,14011.899993183515
3065,14015.702888392188
3066,14019.886834493987
3067,14022.050837416931
3068,14023.150682482405
3069,14031.549702971039
3070,14035.707582110485
3071,14045.257513839431
3072,14045.703694750862
3073,14053.513352661754
3074,14059.910543013046
3075,14065.641047983932
3076,14072.390113109062
3077,14076.505228083672
3078,14078.321136773122
3079,14085.622042559244
3080,14087.426527779038
3081,14090.686524629586
3082,14093.359906899574
3083,14100.513964566222
3084,14106.574032291224
3085,14110.050788261298
3086,14111.366380289868
3087,14113.315776698879
3088,14123.896369000809
3089,14126.790860781633
3090,14130.733054668308
3091,14134.981004433979
3092,14139.170514755824
3093,14142.550946634316
3094,14146.873795071631
3095,14155.277244047204
3096,14155.923349121837
3097,14160.23911690583
3098,14162.42337223506
3099,14167.086268406572
3100,14171.486652851003
3101,14180.680054886856
3102,14183.665326495742
3103,14186.945568212772
3104,14188.042463034697
3105,14194.099555512352
3106,14199.604724700583
3107,14207.570478009686
3108,14218.085741868344
3109,14219.74656908141
3110,14228.903586472778
3111,14236.304780139384
3112,14238.775221063679
3113,14240.930256684762
3114,14247.47777775597
3115,14251.766199680344
3116,14256.366210373904
3117,14263.754656425839
3118,14265.564976559506
3119,14272.779488341592
3120,14274.058366217854
3121,14275.693050864844
3122,14281.980420132288
3123,14288.02088813481
3124,14291.01909511821
3125,14292.853553849638
3126,14299.403970367097
3127,14302.671365398544
3128,14312.301989081256
3129,14318.296788256892
3130,14320.107786365405
3131,14324.679223884239
3132,14329.351975331781
3133,14330.662347803689
3134,14335.557838374936
3135,14336.050414145659
3136,14338.047123642706
3137,14340.529918920894
3138,14345.169608596101
3139,14350.125621501746
3140,14353.795446032045
3141,14358.212340090718
3142,14359.231077323922
3143,14361.167972815078
3144,14370.451448802489
3145,14373.840428961563
3146,14380.840793381833
3147,14381.922947354067
3148,14384.092728791302
3149,14387.412251648717
3150,14392.542395820712
3151,14397.549166745721
3152,14398.934729778273
3153,14408.429004791575
3154,14417.759698860858
3155,14424.750240566675
3156,14431.836627741546
3157,14432.208816661718
3158,14434.871067170639
3159,14440.185339539274
3160,14445.019168865185
3161,14447.572147051171
3162,14451.039611471941
3163,14456.886875998667
3164,14459.352483876464
3165,14462.446229575673
3166,14465.564130924631
3167,14467.142110837058
3168,14470.736858554941
3169,14474.430909561284
3170,14478.371756035333
3171,14484.982644260992
3172,14486.419859245007
3173,14501.251651512797
3174,14504.900282413104
3175,14512.913988313903
3176,14513.424628292467
3177,14520.799337827502
3178,14524.18174453875
3179,14530.034841786219
3180,14534.744686968117
3181,14538.822101745423
3182,14540.820764619557
3183,14549.657063893103
3184,14551.233136774465
3185,14552.653433572785
3186,14555.944358133913
3187,14558.310519360482
3188,14563.895095220729
3189,14565.22825503364
3190,14569.7647001404
3191,14576.809637251083
3192,14584.89791058952
3193,14589.101696223579
3194,14592.375171912488
3195,14598.144579994196
3196,14600.499299144542
3197,14607.010144931193
3198,14617.391127978111
3199,14621.375307753089
3200,14623.375542922533
3201,14626.379201823969
3202,14630.491771937282
3203,14644.092375009348
3204,14650.949702168746
3205,14653.93707784049
3206,14656.272172262947
3207,14657.002292328905
3208,14660.23846885632
3209,14664.011090139078
3210,14665.301217423757
3211,14668.62128296029
3212,14674.105501417924
3213,14680.508163901868
3214,14682.287518881411
3215,14687.009904021656
3216,14691.033115646829
3217,14696.355408762383
3218,14700.751615990503
3219,14702.969797704347
3220,14704.363822786507
3221,14707.613743227414
3222,14713.71632315372
3223,14714.021043397763
3224,14720.212095020772
3225,14724.489512392793
3226,14726.847897288613
3227,14733.551323213613
3228,14735.771013535868
3229,14737.436516033529
3230,14741.800802643611
3231,14748.426159219664
3232,14748.670070072681
3233,14752.731853590347
3234,14761.881597200869
3235,14765.676602010768
3236,14769.454917487221
3237,14774.286456136007
3238,14776.885193144035
3239,14781.689152746467
3240,14783.245863816725
3241,14802.818368045277
3242,14805.670348468933
3243,14806.862403001256
3244,14810.314630028439
3245,14820.145613698056
3246,14821.842808287542
3247,14826.683733027861
3248,14832.914752174342
3249,14836.649678792499
3250,14837.875333513357
3251,14841.067051017893
3252,14850.153666964121
3253,14854.738012227172
3254,14859.711024598353
3255,14862.310665890202
3256,14865.565553275486
3257,14867.588748910854
3258,14871.672338974491
3259,14872.121150358633
3260,14877.23465922063
3261,14878.757677360101
3262,14881.670359179469
3263,14882.987373803895
3264,14890.365599426414
3265,14892.301178460895
3266,14895.762109146781
3267,14911.485773154051
3268,14915.529707569525
3269,14927.09463036884
3270,14930.10206529543
3271,14933.81060977179
3272,14935.552405507615
3273,14936.855583174998
3274,14942.662710701079
3275,14952.403569686041
3276,14955.127072657249
3277,14957.905056611344
3278,14960.609968513763
3279,14967.121762888011
3280,14973.351929070481
3281,14976.895382131204
3282,14978.407747658926
3283,14989.701176921064
3284,14993.272116597549
3285,14995.697973704684
3286,14999.872078334934
3287,15001.989209741087
3288,15018.42520863864
3289,15020.555484486582
3290,15024.073633748872
3291,15027.347044464032
3292,15031.033068070756
3293,15032.517134507865
3294,15042.435911899873
3295,15043.936360082236
3296,15045.497944812591
3297,15049.573293031173
3298,15051.07087026451
3299,15062.000978326041
3300,15066.358904883329
3301,15072.813852937072
3302,15074.386573929958
3303,15079.270645646822
3304,15090.189794362554
3305,15092.867142500656
3306,15099.51938896536
3307,15104.089135170796
3308,15105.485793886197
3309,15106.280586464765
3310,15115.877371648443
3311,15121.422495416957
3312,15128.96579536478
3313,15134.004607489318
3314,15135.641673868491
3315,15139.694119794645
3316,15148.99872254665
3317,15152.484052643387
3318,15159.606178802784
3319,15166.396857159669
3320,15170.74178522695
3321,15177.34960586838
3322,15185.13917347224
3323,15189.231325215835
3324,15195.963588339091
3325,15199.657401766908
3326,15207.720445026996
3327,15209.671490506909
3328,15211.275501748138
3329,15217.965337309068
3330,15224.405371169394
3331,15231.533562877337
3332,15237.808373500284
3333,15242.066241544997
3334,15245.011922667367
3335,15248.984330114872
3336,15251.451059669862
3337,15253.144491591202
3338,15259.753961683205
3339,15270.629348227401
3340,15276.515099988692
3341,15281.145089649497
3342,15284.772330880623
3343,15298.352365058532
3344,15300.794419777114
3345,15305.528974546765
3346,15312.997498024291
3347,15320.481802117405
3348,15322.296079354635
3349,15331.209313365429
3350,15331.467668817806
3351,15333.919159878958
3352,15339.312265720937
3353,15350.067229397719
3354,15356.205761718691
3355,15358.661393054677
3356,15362.242831231199
3357,15367.245176288956
3358,15372.502026078984
3359,15376.65946274242
3360,15386.453597360049
3361,15388.832340570905
3362,15401.147157276329
3363,15406.143150481492
3364,15408.244468860192
3365,15413.634767529127
3366,15419.054347299423
3367,15419.592428489839
3368,15426.905571421938
3369,15431.293949211264
3370,15433.960467197387
3371,15440.398355852471
3372,15446.330275191945
3373,15458.687018752713
3374,15460.966235013319
3375,15467.979861332054
3376,15472.749322572172
3377,15474.706520383834
3378,15480.58099161564
3379,15487.29773322015
3380,15493.210744463446
3381,15498.970891189594
3382,15507.395210542387
3383,15511.832212357038
3384,15518.059604029941
3385,15524.657651575837
3386,15531.940483095113
3387,15539.380714084638
3388,15548.036543371029
3389,15561.606902328505
3390,15565.580220264837
3391,15568.38759098694
3392,15578.111839623869
3393,15584.169547065625
3394,15585.497579565703
3395,15589.147708110846
3396,15593.264129911673
3397,15599.066200184876
3398,15606.756700515039
3399,15615.812289730413
3400,15618.065198575277
3401,15627.363620568216
3402,15635.257182244552
3403,15640.587395874703
3404,15644.229093653446
3405,15656.233698425376
3406,15662.605025678258
3407,15668.80350264954
3408,15675.4863711937
3409,15679.758821916004
3410,15684.759783366168
3411,15700.871660272369
3412,15707.621028351139
3413,15709.706791144728
3414,15715.846305593392
3415,15722.472144090032
3416,15737.551423603523
3417,15746.270429088027
3418,15753.215465487026
3419,15759.965498777305
3420,15767.8478476415
3421,15772.751618559942
3422,15777.057446389552
3423,15782.907954417253
3424,15786.912933575108
3425,15793.596369909508
3426,15799.917467454108
3427,15802.04968127103
3428,15805.453415703843
3429,15811.307818546624
3430,15817.31886117756
3431,15819.209252724004
3432,15824.575722633985
3433,15831.270343754246
3434,15839.686531207544
3435,15842.786601633574
3436,15852.099911956167
3437,15859.412669656778
3438,15870.450122597669
3439,15876.638105605452
3440,15882.534244656183
3441,15886.403264155306
3442,15892.33193554601
3443,15901.80187876912
3444,15905.745833237428
3445,15913.091344136403
3446,15918.108585403406
3447,15919.549135877065
3448,15931.580576440554
3449,15932.195952229242
3450,15956.983585946067
3451,15964.522713839069
3452,15968.913058236301
3453,15978.045280953314
3454,15984.738696915427
3455,15990.771269269646
3456,15997.944542895844
3457,16011.2633572876
3458,16012.53536866371
3459,16018.560355232903
3460,16030.062596182623
3461,16045.250164147616
3462,16051.612252936111
3463,16058.185537573818
3464,16074.09443777277
3465,16074.822882480306
3466,16084.982627382418
3467,16094.893591697031
3468,16102.959550532752
3469,16106.141596346937
3470,16109.716317874305
3471,16116.772305258542
3472,16120.481933460707
3473,16127.932491831412
3474,16135.622651097858
3475,16141.722351252096
3476,16144.115903844237
3477,16155.944395266521
3478,16172.464265224691
3479,16177.784078896098
3480,16187.689779278324
3481,16200.217438840991
3482,16205.033436174965
3483,16212.771420989797
3484,16224.310584376657
3485,16225.863345961365
3486,16239.597418112229
3487,16255.551149033421
3488,16263.425484520687
3489,16268.561580099715
3490,16275.807864362416
3491,16278.462716828159
3492,16284.959824217181
3493,16290.504089262273
3494,16301.244282715608
3495,16301.979572188413
3496,16315.990214554562
3497,16320.053794330697
3498,16327.156018730751
3499,16333.443870616262
3500,16338.917804592951
3501,16342.545560580611
3502,16347.249372793269
3503,16349.493837178705
3504,16360.57355312427
3505,16366.924336089454
3506,16382.010384159614
3507,16388.66263437807
3508,16392.721032966539
3509,16393.343572040412
3510,16403.007299325294
3511,16406.501466383517
3512,16410.174620401503
3513,16419.959271846052
3514,16427.839016713253
3515,16433.869155069893
3516,16443.838678877277
3517,16451.72963874886
3518,16457.209667555231
3519,16466.765595900204
3520,16471.363776268045
3521,16479.623258499232
3522,16481.146152867081
3523,16493.019480067829
3524,16504.770326485279
3525,16512.691291164465
3526,16519.697784342527
3527,16520.897467664468
3528,16534.588157928127
3529,16540.132083668097
3530,16547.496632212242
3531,16557.428403892962
3532,16560.356177405061
3533,16564.731758762206
3534,16579.874729954958
3535,16584.957986575413
3536,16587.897639328818
3537,16592.645059129205
3538,16600.183937550217
3539,16603.717633826527
3540,16607.55090109248
3541,16615.020621195628
3542,16621.113640202107
3543,16628.926705660648
3544,16634.098858137331
3545,16636.020433980175
3546,16637.006987090575
3547,16657.038547229626
3548,16669.53232765038
3549,16674.082800450327
3550,16687.612798532773
3551,16696.735203632648
3552,16701.544735914755
3553,16713.325052884571
3554,16721.166532830746
3555,16730.505548976438
3556,16739.427912956089
3557,16746.594498268274
3558,16756.862705090662
3559,16758.979663793114
3560,16774.190713594347
3561,16775.083064739814
3562,16775.530808783016
3563,16788.697528907061
3564,16794.420160016009
3565,16809.703150898626
3566,16812.794410500472
3567,16819.43621553194
3568,16821.844983844076
3569,16841.698651257917
3570,16848.364019493994
3571,16852.872029214286
3572,16858.536918741316
3573,16866.305781787589
3574,16874.813404391123
3575,16875.688969779891
3576,16896.374271102697
3577,16903.099460647078
3578,16909.037145709168
3579,16909.685444342107
3580,16919.848479181157
3581,16935.995955194576
3582,16937.951739845783
3583,16951.777391241165
3584,16956.177489431389
3585,16972.56664272229
3586,16981.314532205124
3587,16997.135623014525
3588,17002.623545199225
3589,17008.898553809584
3590,17013.362159182714
3591,17021.697420898687
3592,17025.557570179044
3593,17026.956667662649
3594,17041.820653420404
3595,17048.198625813362
3596,17063.979785491061
3597,17070.210715292065
3598,17089.259496772542
3599,17095.632048612784
3600,17099.251953948638
3601,17102.529639131197
3602,17106.680284132515
3603,17114.847475020921
3604,17118.584890591788
3605,17121.888729493199
3606,17129.345741368365
3607,17138.581506940816
3608,17139.383994864467
3609,17146.847853258809
3610,17165.181921730131
3611,17176.209253771478
3612,17182.575373728563
3613,17185.523810222174
3614,17196.538619225186
3615,17201.246326700562
3616,17209.079041222773
3617,17212.979077393087
3618,17231.384069720978
3619,17236.03579329879
3620,17247.337112706413
3621,17258.297647719821
3622,17267.84834669251
3623,17276.514108762298
3624,17282.418317891181
3625,17286.657307187874
3626,17290.510276770947
3627,17298.135806477359
3628,17312.013140133447
3629,17314.859493045598
3630,17320.139004199213
3631,17326.550640540885
3632,17332.040951586525
3633,17341.377648739559
3634,17350.693223440034
3635,17356.443456977897
3636,17360.384887976346
3637,17366.526587278007
3638,17374.301274204983
3639,17378.113540962557
3640,17385.124880560143
3641,17388.042297268024
3642,17390.925154928693
3643,17397.555433145637
3644,17402.412102300754
3645,17409.015094354003
3646,17420.123935567561
3647,17431.175939118722
3648,17438.242077672974
3649,17445.485689516918
3650,17448.726485994153
3651,17450.502858252141
3652,17461.742533602071
3653,17466.062159103858
3654,17478.166973849417
3655,17484.680293038218
3656,17504.709946936073
3657,17512.261286349498
3658,17521.337053890991
3659,17524.857445164445
3660,17528.408696901344
3661,17537.484879923421
3662,17547.139889863931
3663,17561.181687957218
3664,17565.976074141527
3665,17579.428140143769
3666,17580.407000172108
3667,17594.339405599178
3668,17606.026586913147
3669,17623.516163315478
3670,17627.868909002507
3671,17632.285116471874
3672,17640.0983324644
3673,17643.534796624226
3674,17647.167594239898
3675,17654.300946076575
3676,17661.736061339423
3677,17662.649585056199
3678,17672.833722771953
3679,17676.414274726074
3680,17693.173325751857
3681,17708.534355622123
3682,17715.140519531982
3683,17722.610685799293
3684,17725.812906590283
3685,17737.622975951334
3686,17745.220793228789
3687,17750.08960198953
3688,17757.769345279419
3689,17768.242478019616
3690,17774.8269938302
3691,17776.784523751197
3692,17780.041701671656
3693,17785.792382750107
3694,17801.285013784869
3695,17804.0361706363
3696,17816.938536403286
3697,17821.025866888573
3698,17830.607296861675
3699,17834.515931108479
3700,17843.361546397136
3701,17854.197097912154
3702,17854.780129329556
3703,17867.657362193659
3704,17871.047511384644
3705,17879.68576451936
3706,17884.340032253582
3707,17891.122788125664
3708,17897.139732365333
3709,17898.089440667187
3710,17906.391783552823
3711,17911.984927967758
3712,17912.74158501979
3713,17918.78001646046
3714,17919.125847631927
3715,17926.440462450275
3716,17930.346497868613
3717,17936.833707151691
3718,17941.080700917526
3719,17953.120106430237
3720,17958.061105858415
3721,17959.273154633032
3722,17966.477979861549
3723,17976.737476404251
3724,17979.113105477165
3725,17984.072368106608
3726,17986.801559512947
3727,17993.400864005715
3728,18002.035129125015
3729,18006.164930884297
3730,18014.577027129326
3731,18016.045342514837
3732,18027.39598286631
3733,18029.042894529088
3734,18032.120560814481
3735,18037.008452188489
3736,18040.66049484165
3737,18051.278654789363
3738,18061.221404475171
3739,18064.765595680386
3740,18073.912089496218
3741,18075.73133962194
3742,18083.740115779354
3743,18087.778442112009
3744,18088.769549135483
3745,18099.04919070844
3746,18101.576434335722
3747,18112.500158876508
3748,18126.887813677982
3749,18135.421327332591
3750,18139.119277527392
3751,18141.615019557255
3752,18154.158454646844
3753,18162.528139769842
3754,18165.051126504968
3755,18172.558038437666
3756,18174.504129983947
3757,18182.445877928916
3758,18192.678106451076
3759,18196.035128098174
3760,18201.26069518365
3761,18209.204981934006
3762,18211.043605438565
3763,18224.496567390212
3764,18226.328152089118
3765,18227.415200860873
3766,18236.652457751206
3767,18240.693194926778
3768,18248.358172569653
3769,18250.295117243564
3770,18253.073958192879
3771,18267.228702621695
3772,18274.395426861873
3773,18275.00688053175
3774,18288.198504266511
3775,18289.386089876294
3776,18291.335510624471
3777,18293.212965323728
3778,18306.658343258776
3779,18308.965673200979
3780,18318.07447401914
3781,18327.647566092583
3782,18333.747553951831
3783,18338.611946099834
3784,18344.829923543366
3785,18348.338483414773
3786,18350.619808078682
3787,18356.334875235967
3788,18366.133943688605
3789,18371.19422369554
3790,18372.229994284415
3791,18373.069939030385
3792,18376.617518786963
3793,18383.241585162905
3794,18391.496713818542
3795,18394.853120661966
3796,18399.287646055058
3797,18400.978069306988
3798,18406.887498932778
3799,18417.083400644769
3800,18419.782962100486
3801,18423.158863894707
3802,18434.867288034253
3803,18439.432992835573
3804,18441.129624238798
3805,18443.676802759783
3806,18454.216610275023
3807,18455.677638164201
3808,18458.361556949971
3809,18466.028744101332
3810,18470.023029437412
3811,18477.630203393721
3812,18479.825020906468
3813,18483.677263904938
3814,18489.327654618864
3815,18494.674180435039
3816,18497.512211569901
3817,18498.902727065986
3818,18507.886029626905
3819,18511.373284419373
3820,18513.299561436139
3821,18517.04061018068
3822,18522.361645848338
3823,18527.313005448192
3824,18527.776134418509
3825,18536.558559988047
3826,18550.567900546281
3827,18551.929545912502
3828,18567.815575472981
3829,18571.199409550849
3830,18574.478310353217
3831,18578.361215991998
3832,18579.963695360824
3833,18586.444350913618
3834,18589.47584184325
3835,18600.048466804274
3836,18606.388407716495
3837,18608.03788813467
3838,18612.64291006971
3839,18625.304410711611
3840,18626.937411038718
3841,18630.732659261441
3842,18639.210085145485
3843,18652.124345877215
3844,18659.6031891083
3845,18664.111494572211
3846,18674.319198799039
3847,18675.650485536982
3848,18681.008460952853
3849,18682.177128978132
3850,18692.774446516207
3851,18693.311515878009
3852,18696.721276152512
3853,18701.329585343763
3854,18706.497092196059
3855,18715.974378103678
3856,18717.290858414664
3857,18719.302651101185
3858,18726.609716544885
3859,18735.75848494214
3860,18738.65572461392
3861,18741.781622951108
3862,18747.182735464641
3863,18750.274567574012
3864,18754.243189974957
3865,18767.896433971786
3866,18770.350093824585
3867,18774.464504048959
3868,18786.172890333222
3869,18790.177309167113
3870,18797.066013548505
3871,18800.294596513319
3872,18801.664371631352
3873,18808.475886305696
3874,18818.215116610085
3875,18821.55270498039
3876,18829.159143118304
3877,18834.413320699914
3878,18842.912615935857
3879,18850.1057086814
3880,18853.855375775918
3881,18859.777860162612
3882,18867.543239531606
3883,18873.215923899523
3884,18875.709360875211
3885,18878.136596023909
3886,18882.749360754227
3887,18890.609257212473
3888,18893.143092719976
3889,18898.148297377429
3890,18900.710881080733
3891,18910.886088325718
3892,18916.293869816331
3893,18918.97258461512
3894,18924.440270934523
3895,18927.679735140166
3896,18929.23048354335
3897,18939.321952990911
3898,18946.145336447913
3899,18949.01755632909
3900,18952.300392939873
3901,18961.196502707422
3902,18965.338481963485
3903,18971.291549840676
3904,18978.979715373374
3905,18981.790745378716
3906,18996.517379421206
3907,19002.112818857029
3908,19007.410114072791
3909,19012.092687323562
3910,19013.662800178114
3911,19025.33237918447
3912,19026.553704938022
3913,19035.007272411425
3914,19036.601972411856
3915,19043.360582131238
3916,19047.455483605703
3917,19048.838212728988
3918,19059.018963506198
3919,19064.563808652762
3920,19072.558492794058
3921,19077.627113119444
3922,19079.420895074411
3923,19083.073832708546
3924,19084.568381309222
3925,19092.601169115955
3926,19094.908760793314
3927,19097.724187491127
3928,19102.504548574645
3929,19109.039282586655
3930,19115.090578426447
3931,19121.465863141755
3932,19125.520164062975
3933,19133.879209249215
3934,19139.732185630608
3935,19143.827371290972
3936,19145.82970999023
3937,19155.217891019969
3938,19161.962204784784
3939,19165.347952560584
3940,19171.413120417688
3941,19173.109915659552
3942,19177.903734208958
3943,19180.596392260526
3944,19184.511870581246
3945,19187.10191942277
3946,19192.075513426153
3947,19194.887733687705
3948,19199.650648358314
3949,19209.901822111446
3950,19220.396052558295
3951,19224.658148296316
3952,19226.33613351189
3953,19233.822013233701
3954,19235.200569733177
3955,19239.855464679622
3956,19241.272927713235
3957,19251.435146881431
3958,19251.980579062045
3959,19262.920147665376
3960,19268.168561460461
3961,19271.678346223507
3962,19283.804140505195
3963,19285.664420008718
3964,19293.514674958544
3965,19295.176129620322
3966,19303.748490197515
3967,19318.665003531314
3968,19324.813925429211
3969,19331.793770566452
3970,19340.418682350715
3971,19343.251775009459
3972,19346.56825938186
3973,19353.043378694772
3974,19358.013574095836
3975,19365.50839965979
3976,19368.39506816135
3977,19373.029329394667
3978,19378.873585804115
3979,19381.818594202316
3980,19387.148661835403
3981,19389.991477193791
3982,19393.134600546753
3983,19400.999185198514
3984,19402.851878102811
3985,19408.550661334779
3986,19412.939021079914
3987,19419.395068454764
3988,19434.681411680307
3989,19439.503953791911
3990,19442.111112255436
3991,19447.397590986402
3992,19456.332212738558
3993,19461.338201356597
3994,19462.431589512307
3995,19467.699948199432
3996,19469.981488892288
3997,19478.492627182946
3998,19478.965706529216
3999,19485.005323870595
4000,19485.596219551197
4001,19491.618052591904
4002,19497.016241786474
4003,19500.758623570873
4004,19508.352053729312
4005,19516.551899176586
4006,19528.736819943922
4007,19530.205526808688
4008,19532.647118543951
4009,19536.054796013643
4010,19548.475412291722
4011,19553.035015004883
4012,19558.447964221465
4013,19572.184143982842
4014,19578.321849073389
4015,19579.712377845794
4016,19588.394730274304
4017,19596.363907814732
4018,19598.713037845111
4019,19601.688963375895
4020,19608.035751889252
4021,19611.043940039483
4022,19615.579754364488
4023,19625.597524589135
4024,19628.16000825946
4025,19634.89879089301
4026,19639.382564491712
4027,19651.620276622321
4028,19656.271789934875
4029,19665.283889123803
4030,19670.282450049624
4031,19673.656653464441
4032,19677.98859010985
4033,19679.211704836442
4034,19684.181707546675
4035,19684.32347387046
4036,19690.567256364619
4037,19696.993795164661
4038,19699.971529051625
4039,19708.541417086541
4040,19710.677709616331
4041,19716.953964833407
4042,19723.88675263671
4043,19727.545919080738
4044,19733.13713059072
4045,19736.999068105233
4046,19738.191604572283
4047,19744.411070531743
4048,19745.576018190222
4049,19752.499259407272
4050,19758.049895386346
4051,19764.592974339805
4052,19774.285794910476
4053,19779.068087698379
4054,19799.674555701829
4055,19802.762784674742
4056,19815.234126384454
4057,19821.426308121798
4058,19824.496530644796
4059,19834.549773817373
4060,19837.775304316743
4061,19847.621373146521
4062,19855.282042232186
4063,19857.371540492029
4064,19864.602456604167
4065,19865.920806693655
4066,19871.41641227575
4067,19875.639911439906
4068,19877.428931160313
4069,19886.273482797944
4070,19895.183368142676
4071,19901.275810210311
4072,19901.587327263915
4073,19909.459339706973
4074,19910.77097235512
4075,19916.3000801977
4076,19923.09873297067
4077,19928.054612842432
4078,19932.782569655505
4079,19935.099548175942
4080,19941.933077083573
4081,19946.177317336369
4082,19947.849469288292
4083,19952.382342869798
4084,19964.217110424419
4085,19968.287033199533
4086,19970.987267742574
4087,19982.694892885487
4088,19991.439950244385
4089,19996.583710435578
4090,19999.624814300423
4091,20005.041296533356
4092,20008.205609066459
4093,20011.392974069295
4094,20018.430215332013
4095,20023.522040894244
4096,20032.585511939469
4097,20034.89174830796
4098,20047.794917500527
4099,20051.09961368806
4100,20056.659713727884
4101,20058.190412990989
4102,20065.372247203752
4103,20074.025787793686
4104,20078.787638695288
4105,20083.403743928931
4106,20092.904039969402
4107,20096.373182701944
4108,20104.076212804834
4109,20106.629328592564
4110,20120.930282911297
4111,20126.77395731445
4112,20132.154518513198
4113,20134.623330246381
4114,20140.398486984202
4115,20143.968725825238
4116,20147.933486063102
4117,20149.37118947829
4118,20151.544957342136
4119,20157.072579535823
4120,20161.782640923964
4121,20167.012900513633
4122,20173.057966154851
4123,20179.983013589008
4124,20183.839957451175
4125,20189.787275235238
4126,20199.495476649627
4127,20203.839645643449
4128,20206.087865580106
4129,20218.603490851005
4130,20226.962707544604
4131,20231.579205296206
4132,20235.218666751436
4133,20247.846866141004
4134,20251.276973178497
4135,20256.591323817978
4136,20264.14847361538
4137,20266.123887999576
4138,20278.508968646423
4139,20280.865771436667
4140,20283.146199505703
4141,20286.743187820721
4142,20299.030308529971
4143,20303.218788413116
4144,20305.509610118857
4145,20314.870504524439
4146,20317.182393726973
4147,20319.127357627767
4148,20333.52456836322
4149,20335.68580727962
4150,20347.791576698244
4151,20350.876508904668
4152,20352.690801580415
4153,20357.459661678382
4154,20359.895279913053
4155,20365.303570268799
4156,20371.971017618278
4157,20374.309281217265
4158,20378.737028933163
4159,20380.716400533245
4160,20385.914325591039
4161,20394.958060644185
4162,20399.468651986372
4163,20401.503928538437
4164,20408.418636782444
4165,20415.714130005861
4166,20422.596088299677
4167,20425.297745096228
4168,20428.23901413758
4169,20432.858893730096
4170,20441.138512030841
4171,20442.156453405711
4172,20445.267066954424
4173,20447.692675916569
4174,20453.732371626964
4175,20465.642682263962
4176,20476.217770304775
4177,20476.993910901405
4178,20484.969013582726
4179,20490.432148388609
4180,20494.084098628915
4181,20495.337803915776
4182,20501.470042756315
4183,20502.747015458368
4184,20512.189705070698
4185,20518.095296551433
4186,20525.531929551027
4187,20538.485447577994
4188,20541.012700957235
4189,20545.805725307142
4190,20549.155435289143
4191,20550.897524241351
4192,20557.403423607488
4193,20565.91251956952
4194,20571.728829800006
4195,20572.139514935159
4196,20582.102735900076
4197,20586.07113618742
4198,20596.688938612795
4199,20604.56715066353
4200,20613.210089258864
4201,20620.152775553637
4202,20626.369821632499
4203,20633.429305961181
4204,20642.728744422457
4205,20643.120970744469
4206,20647.804027708491
4207,20653.7557552049
4208,20662.258613231952
4209,20666.248939654211
4210,20673.483060131777
4211,20677.199515221324
4212,20682.984719510518
4213,20686.361501776606
4214,20688.489673585897
4215,20691.385747412594
4216,20698.214373200386
4217,20703.103263878835
4218,20706.923963823901
4219,20708.936987787652
4220,20713.270636186844
4221,20722.705328625259
4222,20729.108877803556
4223,20730.389087736905
4224,20734.105714129477
4225,20747.293929316267
4226,20750.970462258949
4227,20761.888299533708
4228,20762.59380963591
4229,20773.767420870125
4230,20775.007601201614
4231,20782.992564270487
4232,20786.964034692162
4233,20797.80140454834
4234,20802.501772955642
4235,20814.078223376098
4236,20818.430291845856
4237,20821.456965203961
4238,20822.580274404248
4239,20825.351049566023
4240,20828.567149059534
4241,20833.517846622628
4242,20849.086085666982
4243,20854.509987667992
4244,20860.9694361232
4245,20864.000610490079
4246,20871.605838692263
4247,20878.712100841753
4248,20894.442590871942
4249,20902.444369543267
4250,20904.867944245452
4251,20910.166883346465
4252,20915.100743201096
4253,20921.154061815385
4254,20925.006330292621
4255,20932.894146492625
4256,20940.105687426232
4257,20949.1846999841
4258,20959.233676116812
4259,20959.710044911331
4260,20968.128325334626
4261,20972.508797279857
4262,20981.221237625035
4263,20983.815929067277
4264,20987.894965740354
4265,20989.946164778386
4266,20997.259139895657
4267,21004.769831155489
4268,21010.760049074841
4269,21017.764162875683
4270,21019.128935035362
4271,21025.985438821252
4272,21031.50456673975
4273,21038.482384765586
4274,21045.923193487801
4275,21048.209151695955
4276,21056.831637542495
4277,21057.394219793325
4278,21062.987056613696
4279,21070.271414332223
4280,21074.893700767265
4281,21076.506321491215
4282,21079.525121459541
4283,21086.388240135853
4284,21095.130251005969
4285,21098.684155948929
4286,21102.930685311963
4287,21104.123752029751
4288,21119.031109514981
4289,21123.715252618698
4290,21132.646994629165
4291,21135.787809276429
4292,21149.537196337482
4293,21153.778226149487
4294,21157.14369708471
4295,21159.803395163817
4296,21164.696763847049
4297,21174.511308843717
4298,21184.029447579793
4299,21191.090370931179
4300,21200.293239694842
4301,21201.132218043851
4302,21209.627805126074
4303,21214.747602591025
4304,21220.890557813633
4305,21223.897016888197
4306,21228.108972684586
4307,21240.373174764605
4308,21243.197551748861
4309,21252.626849216129
4310,21256.42874717732
4311,21259.461523083122
4312,21264.791263075087
4313,21268.505771334709
4314,21272.916180046013
4315,21275.083790220309
4316,21281.551457514834
4317,21285.143616383251
4318,21289.529266433161
4319,21293.993250532767
4320,21299.874813760911
4321,21303.429188983941
4322,21308.463461601925
4323,21316.451038798317
4324,21322.440491174093
4325,21323.918558347366
4326,21328.127738945215
4327,21331.532165292985
4328,21339.852107963994
4329,21345.410878600454
4330,21349.224744403924
4331,21352.316085909937
4332,21365.230320598916
4333,21368.553842008179
4334,21376.274139301971
4335,21387.270752166587
4336,21390.869767327054
4337,21395.257263807987
4338,21402.077073640736
4339,21407.801410722514
4340,21413.992566558736
4341,21422.80020570862
4342,21425.810258181791
4343,21436.221058577892
4344,21439.609752342902
4345,21445.73134981799
4346,21450.142966383261
4347,21457.468635397923
4348,21461.196863238783
4349,21468.559112624022
4350,21474.110982358987
4351,21482.073730761254
4352,21483.05874390083
4353,21485.687161111193
4354,21492.001785914679
4355,21505.811331651814
4356,21511.613686260982
4357,21516.933871225701
4358,21521.305760557465
4359,21522.215863146412
4360,21523.561957977199
4361,21534.296762039408
4362,21537.353553765133
4363,21539.210612933352
4364,21542.938587532142
4365,21551.509841079129
4366,21553.065437545079
4367,21555.706930997163
4368,21561.48710079135
4369,21576.135844225872
4370,21577.735032775661
4371,21581.023623997266
4372,21588.460162979591
4373,21594.293263006264
4374,21597.58642735723
4375,21601.999244880182
4376,21609.007838851987
4377,21615.364769603191
4378,21623.991624354348
4379,21633.279161917922
4380,21639.799589839589
4381,21643.716246029948
4382,21649.262173807634
4383,21655.362536546629
4384,21657.853465411183
4385,21660.154063856218
4386,21663.288819065594
4387,21677.888424543966
4388,21680.386995371482
4389,21685.172800472057
4390,21692.88859758354
4391,21698.576144723873
4392,21702.329627470433
4393,21704.79080283087
4394,21713.264286014553
4395,21716.833566921712
4396,21719.495790889079
4397,21721.39318909953
4398,21727.550402088164
4399,21737.530864154462
4400,21741.096993773121
4401,21744.457406961454
4402,21748.433036443945
4403,21754.91251624595
4404,21758.19734496727
4405,21766.076124653293
4406,21767.789447277657
4407,21780.587681239951
4408,21786.884583252264
4409,21799.102736538669
4410,21804.473120955168
4411,21810.461050655897
4412,21819.523794979461
4413,21824.846273575444
4414,21837.424087401934
4415,21839.689134886907
4416,21842.822008140683
4417,21847.102867100748
4418,21856.589647636207
4419,21858.30706118574
4420,21861.275595678719
4421,21871.605107407882
4422,21883.686932289027
4423,21885.367898563887
4424,21894.242066596384
4425,21906.309768144009
4426,21914.605485863529
4427,21916.741771200777
4428,21926.063096634072
4429,21929.027878801306
4430,21933.938458777338
4431,21938.981599093499
4432,21944.13740014498
4433,21950.302794671145
4434,21955.762718875638
4435,21956.888661412049
4436,21959.253445457744
4437,21975.079953873726
4438,21983.113186019458
4439,21989.427147635055
4440,21992.308809439575
4441,22003.284273352318
4442,22006.033683007161
4443,22010.494677895644
4444,22017.724905930849
4445,22021.055065779507
4446,22025.209848765029
4447,22035.853926480042
4448,22053.265298807913
4449,22055.334364726914
4450,22062.127660773043
4451,22064.050192967665
4452,22071.272304671216
4453,22073.159150210933
4454,22078.948941849274
4455,22092.518238478235
4456,22099.404387474082
4457,22103.559428988832
4458,22105.381740342436
4459,22108.503059839255
4460,22119.226549702409
4461,22130.186575052041
4462,22135.271997918055
4463,22140.077632842938
4464,22140.460647305026
4465,22143.978367071759
4466,22150.424249856456
4467,22150.533145384463
4468,22161.649831266299
4469,22165.178405722916
4470,22168.324887299263
4471,22180.870829881773
4472,22196.0491031983
4473,22199.203702716
4474,22202.845702626404
4475,22208.051197500419
4476,22211.569647172055
4477,22219.939630356865
4478,22223.25255100126
4479,22224.61727651862
4480,22234.440004565189
4481,22241.38340170919
4482,22248.841133148355
4483,22253.19168428253
4484,22261.783063525523
4485,22264.076054816735
4486,22271.485391945072
4487,22278.505620640943
4488,22283.483004049711
4489,22288.14922979143
4490,22290.826138648998
4491,22294.199680006212
4492,22296.572781306564
4493,22299.248148705294
4494,22311.411485237171
4495,22316.568626503555
4496,22319.685924106903
4497,22325.797774747316
4498,22329.616401366085
4499,22335.100030186106
4500,22351.325894432426
4501,22357.33089626002
4502,22362.371025371864
4503,22371.395051989737
4504,22371.858366134958
4505,22388.984146119197
4506,22389.595767872979
4507,22398.101096957373
4508,22400.126594834976
4509,22409.167597855514
4510,22411.281964968082
4511,22415.466266331146
4512,22419.236037197847
4513,22422.986618305953
4514,22429.408393235215
4515,22438.33230488309
4516,22441.640793081908
4517,22446.240052514098
4518,22455.84766601817
4519,22460.901036849318
4520,22465.50197034036
4521,22468.202460991361
4522,22475.470114729662
4523,22485.071936527504
4524,22489.614807090384
4525,22501.135686423029
4526,22505.905184425657
4527,22515.466420722336
4528,22526.196665271815
4529,22530.147236186203
4530,22532.947712293539
4531,22539.312589509398
4532,22543.169376313537
4533,22546.657602030013
4534,22550.831776616033
4535,22557.092835638141
4536,22558.043775384856
4537,22565.607548067783
4538,22571.999080568883
4539,22584.279867282814
4540,22596.64314969354
4541,22604.504157050204
4542,22613.347485898525
4543,22615.791188384639
4544,22619.763723383901
4545,22623.725097560284
4546,22626.931656058252
4547,22631.784804976232
4548,22632.755786993894
4549,22641.603107828105
4550,22646.108040162329
4551,22646.773323953497
4552,22655.508077615032
4553,22666.557556145137
4554,22671.571891968786
4555,22676.652810737516
4556,22681.511731676732
4557,22685.43881365806
4558,22687.213454603832
4559,22691.087219766669
4560,22698.627087945439
4561,22703.579248906564
4562,22710.433890822645
4563,22715.155042842984
4564,22716.231709955664
4565,22722.041134204603
4566,22724.144047195172
4567,22732.210313103769
4568,22736.438194398754
4569,22739.342872053443
4570,22739.94807736218
4571,22746.171788939431
4572,22759.386310807644
4573,22760.359691550257
4574,22768.612605581431
4575,22776.335626482323
4576,22786.044858674217
4577,22788.490661476641
4578,22789.779374269125
4579,22790.962663395047
4580,22797.203660603165
4581,22808.199200815627
4582,22813.79829953337
4583,22817.529792860481
4584,22822.048213840219
4585,22832.588726434322
4586,22836.238733394803
4587,22847.683611530967
4588,22851.283075726809
4589,22858.269907708986
4590,22864.96119560827
4591,22869.658857951748
4592,22870.507204844445
4593,22880.66635097058
4594,22892.028625276263
4595,22892.243878431091
4596,22899.282120584594
4597,22901.80512162585
4598,22908.181073750802
4599,22917.095612374538
4600,22922.5621136144
4601,22925.533565915255
4602,22932.019833052222
4603,22944.24814541352
4604,22953.626492660187
4605,22961.595068878978
4606,22963.711394314363
4607,22969.207257905789
4608,22973.022668858197
4609,22981.044735461208
4610,22993.202511436193
4611,23001.007816044137
4612,23003.284860736607
4613,23016.680172286
4614,23020.191917419164
4615,23023.455238160346
4616,23037.985817542329
4617,23047.205491522334
4618,23047.497722523192
4619,23054.290171271648
4620,23062.691729408078
4621,23064.208979342588
4622,23066.988033709054
4623,23071.587095245188
4624,23080.270209238934
4625,23089.065285370605
4626,23091.747902467112
4627,23097.732943495659
4628,23104.737583837406
4629,23106.082081984674
4630,23111.402892996532
4631,23116.985712295605
4632,23127.864112864474
4633,23132.739962793414
4634,23135.382012779566
4635,23142.58290920523
4636,23142.907840903263
4637,23152.309969905506
4638,23157.285887095204
4639,23167.280638332195
4640,23173.153501802659
4641,23177.838265454397
4642,23182.918968254253
4643,23189.556811720784
4644,23198.937900186316
4645,23204.14302656367
4646,23215.544652126991
4647,23218.5568523275
4648,23223.5485170102
4649,23232.102640587702
4650,23233.83834544104
4651,23244.787865306276
4652,23247.725631890069
4653,23255.178456478319
4654,23260.930226617398
4655,23267.966522329814
4656,23276.448014514102
4657,23279.916204481517
4658,23285.900519240371
4659,23294.360087588546
4660,23301.340072807478
4661,23305.577872332517
4662,23313.131760900593
4663,23322.233349381728
4664,23327.934113533163
4665,23336.872357181135
4666,23337.514654237086
4667,23344.340475230347
4668,23348.53302411631
4669,23350.77524737818
4670,23359.657822994905
4671,23364.756723235882
4672,23375.558624777186
4673,23384.747825074683
4674,23387.986239247995
4675,23393.710051992377
4676,23398.910078370474
4677,23404.086885650879
4678,23411.36574587506
4679,23422.906529479871
4680,23428.317048544566
4681,23432.979137893493
4682,23437.098108262955
4683,23438.925907292225
4684,23445.106095118117
4685,23450.361012118516
4686,23455.619457967055
4687,23461.83581643565
4688,23465.237605080703
4689,23468.766074132604
4690,23476.324613387318
4691,23481.400456173164
4692,23491.151874255309
4693,23494.320554093942
4694,23502.433297806441
4695,23507.16115723785
4696,23511.781204979103
4697,23514.605713885183
4698,23523.500621152878
4699,23528.574939121161
4700,23540.138174376054
4701,23544.506093008382
4702,23553.296205775951
4703,23559.794084918725
4704,23566.825569930705
4705,23579.730003322868
4706,23585.373737311293
4707,23591.731450115745
4708,23599.749976631563
4709,23604.248261528352
4710,23606.751158138399
4711,23611.629897435618
4712,23628.917158504933
4713,23639.832168364261
4714,23641.977490339865
4715,23648.818327370704
4716,23654.44900135888
4717,23663.63198368235
4718,23669.023636651702
4719,23675.167713257077
4720,23682.118054645631
4721,23684.649376277433
4722,23689.115816044807
4723,23691.735423322207
4724,23697.758408927984
4725,23702.591384694333
4726,23711.848869568774
4727,23722.497645959727
4728,23725.369358734588
4729,23726.788861296707
4730,23736.153847517489
4731,23746.867429933147
4732,23750.092000092369
4733,23752.316839850406
4734,23755.187470264053
4735,23757.488343763307
4736,23761.460560090316
4737,23773.538439118172
4738,23781.537863773701
4739,23785.593006023497
4740,23786.538491960637
4741,23799.408450269071
4742,23800.781031303588
4743,23812.232753615681
4744,23820.194334624757
4745,23823.584745787135
4746,23831.788266459098
4747,23836.46365672613
4748,23839.499260177221
4749,23841.276848433019
4750,23848.234972920502
4751,23855.297352313308
4752,23855.693126783503
4753,23875.202762499615
4754,23876.949874494552
4755,23880.884133121108
4756,23886.623557651506
4757,23890.548818258118
4758,23893.820519824851
4759,23904.675455991641
4760,23910.077406854081
4761,23918.109245183656
4762,23925.141137937349
4763,23925.882087580059
4764,23937.035356336601
4765,23944.469419379115
4766,23951.842447255975
4767,23955.810979745096
4768,23961.651825720299
4769,23964.998935313306
4770,23967.551491079612
4771,23968.756764563856
4772,23975.636538050963
4773,23977.322727697738
4774,23987.569891025614
4775,23990.851683060097
4776,23995.28608088661
4777,24001.231695702016
4778,24009.670029016488
4779,24012.943046408916
4780,24015.70513382327
4781,24021.026308963326
4782,24025.718204400953
4783,24036.043961080224
4784,24039.607968358916
4785,24049.342668390142
4786,24055.882482918452
4787,24062.296163353807
4788,24070.792182388283
4789,24072.160105587933
4790,24082.76298280339
4791,24084.62338816388
4792,24092.232399022814
4793,24098.170818519655
4794,24107.797660622982
4795,24115.282475801097
4796,24116.517327524045
4797,24123.19442811732
4798,24125.259461073361
4799,24139.462220477595
4800,24143.257910247874
4801,24152.452897942734
4802,24158.189109763869
4803,24163.913293729227
4804,24170.856943261868
4805,24178.576381605671
4806,24180.144176934689
4807,24193.164123897779
4808,24197.453204329129
4809,24205.59629208636
4810,24207.626093932238
4811,24212.218572430738
4812,24216.166031412613
4813,24223.502419293702
4814,24230.729373413022
4815,24235.266169485392
4816,24240.681980441681
4817,24244.04445949092
4818,24250.521935410383
4819,24261.810017842345
4820,24267.906490211979
4821,24270.43512010116
4822,24282.862760209562
4823,24287.875385670533
4824,24294.009806948845
4825,24305.051588292932
4826,24309.647063686611
4827,24310.767734878504
4828,24314.401146808188
4829,24324.87262827899
4830,24328.045413957072
4831,24337.167689171874
4832,24338.885114847752
4833,24347.683447348525
4834,24352.267690763732
4835,24361.862287378917
4836,24364.369255328682
4837,24373.15546686911
4838,24386.298575629648
4839,24395.500917240868
4840,24396.944851950746
4841,24402.219229419759
4842,24405.047381302324
4843,24414.440542192573
4844,24419.90029487681
4845,24421.2980074117
4846,24429.289813275482
4847,24439.418017506861
4848,24455.693687207473
4849,24459.01183332959
4850,24466.526364089299
4851,24470.524576637152
4852,24472.571689657503
4853,24476.381299651359
4854,24481.270763956793
4855,24496.97432316597
4856,24502.414646047248
4857,24503.945177367685
4858,24506.37935783315
4859,24510.058340642692
4860,24518.268328992788
4861,24521.315782211404
4862,24527.210505778148
4863,24533.276198888823
4864,24543.059433524231
4865,24549.913719491411
4866,24554.193593023796
4867,24559.970417845303
4868,24563.399679828835
4869,24568.856135866357
4870,24570.350973995945
4871,24584.761228150066
4872,24590.596504076071
4873,24592.570978670927
4874,24604.005075989706
4875,24606.57316530051
4876,24612.994280461633
4877,24627.169331196954
4878,24632.655271429714
4879,24639.230175768844
4880,24640.790784935583
4881,24648.746349100908
4882,24663.246527452811
4883,24668.638504938299
4884,24674.650105501474
4885,24681.305577343857
4886,24685.242401858472
4887,24689.588605984914
4888,24698.84808255696
4889,24704.250090388105
4890,24714.846511548425
4891,24721.135444007949
4892,24725.034758982285
4893,24735.802222303584
4894,24739.823259625318
4895,24744.68881822623
4896,24748.751502410189
4897,24760.764843320703
4898,24765.368977612728
4899,24772.083064720682
4900,24773.311817892361
4901,24782.381943516782
4902,24790.174853119384
4903,24796.726328898385
4904,24805.38008817198
4905,24811.036811576756
4906,24811.726820492197
4907,24817.775259058337
4908,24821.884850394617
4909,24833.733212021209
4910,24839.460256253718
4911,24843.817121708151
4912,24850.940534752586
4913,24860.398335652135
4914,24865.615998211822
4915,24870.964106290114
4916,24878.980752416675
4917,24894.33188246391
4918,24899.501250012781
4919,24901.36347665617
4920,24907.783993560261
4921,24915.963221656482
4922,24924.579154581275
4923,24929.126281435918
4924,24930.512628358811
4925,24939.048908096542
4926,24947.087068188808
4927,24956.807330724387
4928,24959.538874356815
4929,24969.871135137586
4930,24973.294466686319
4931,24978.867977927537
4932,24986.47758120978
4933,25001.011087351679
4934,25006.256956029458
4935,25014.324881035755
4936,25021.393111985464
4937,25026.753016958297
4938,25028.634964725825
4939,25033.362610160413
4940,25035.558163424641
4941,25041.408167612637
4942,25045.330554949825
4943,25048.282843053639
4944,25056.806771911011
4945,25062.192475541407
4946,25069.548924163304
4947,25073.497027851507
4948,25079.347121800758
4949,25088.189709991828
4950,25089.449063116739
4951,25097.655138195201
4952,25105.271866013514
4953,25113.570323238855
4954,25117.176812192356
4955,25126.155666317693
4956,25130.981315971705
4957,25136.377309590294
4958,25138.903890854268
4959,25142.933172583118
4960,25148.432473337922
4961,25156.167933704779
4962,25162.586456856814
4963,25164.233575398077
4964,25179.950743777357
4965,25182.506884194969
4966,25191.615286534336
4967,25191.886125254772
4968,25199.890792399543
4969,25202.577144425704
4970,25207.336625940265
4971,25212.406848631726
4972,25219.862571322676
4973,25228.500100574198
4974,25232.456446915345
4975,25236.118382064673
4976,25245.80823796774
4977,25254.556571091758
4978,25261.519838986202
4979,25268.256235946625
4980,25269.51034430505
4981,25275.778191388144
4982,25277.467617391732
4983,25283.212492492305
4984,25290.227957002793
4985,25293.998421921548
4986,25302.255956875233
4987,25312.086060009126
4988,25315.36642940142
4989,25322.141390227524
4990,25327.55493180433
4991,25336.831368433417
4992,25343.814774891314
4993,25348.381037167339
4994,25356.950429518431
4995,25360.19919704639
4996,25365.336766730168
4997,25372.546918920747
4998,25377.249939298716
4999,25382.523868650816
5000,25386.568266370126
5001,25394.348648910152
5002,25401.404871992563
5003,25407.222506980452
5004,25408.965295523816
5005,25411.910614194854
5006,25426.257245436133
5007,25436.602731504921
5008,25439.701872435118
5009,25450.126766807512
5010,25461.159297079714
5011,25462.65131245723
5012,25472.34335084058
5013,25475.326821688504
5014,25483.085691801542
5015,25487.572160295902
5016,25495.099908654509
5017,25505.505986672997
5018,25516.558999608693
5019,25522.13963861312
5020,25527.035383889805
5021,25535.529566472298
5022,25548.203929798528
5023,25552.978868426202
5024,25559.046870479571
5025,25564.283164094195
5026,25570.07791011564
5027,25573.785940727448
5028,25576.337033407341
5029,25581.032850271975
5030,25588.679716124756
5031,25591.064643111709
5032,25598.101089072748
5033,25609.947576132279
5034,25615.261358926986
5035,25626.704148117558
5036,25629.810864902382
5037,25639.533266718634
5038,25647.577954747601
5039,25650.305910871841
5040,25656.871228910546
5041,25665.29032485959
5042,25668.887127802031
5043,25674.005143293867
5044,25683.276005132666
5045,25692.059986215332
5046,25697.742321136793
5047,25701.059708347293
5048,25702.664479046147
5049,25708.929640843995
5050,25711.669836959867
5051,25717.498365527099
5052,25726.165904631511
5053,25731.098711169441
5054,25737.271865179777
5055,25749.103403473513
5056,25752.299061335078
5057,25757.871197047265
5058,25759.013965277263
5059,25765.39577970868
5060,25773.028414232645
5061,25778.869177051343
5062,25785.921641749825
5063,25794.869584777742
5064,25801.323077351826
5065,25810.382067408933
5066,25813.346659556075
5067,25821.355149626466
5068,25829.071690845343
5069,25835.537936664805
5070,25844.493937314408
5071,25846.341262723206
5072,25852.348312157432
5073,25862.279391534397
5074,25864.634401030311
5075,25871.831861466453
5076,25876.364198323961
5077,25883.067205492436
5078,25892.378978005981
5079,25898.638858146776
5080,25904.618108088627
5081,25911.855267046605
5082,25914.405018115132
5083,25917.454416696393
5084,25920.481167794896
5085,25925.199946084063
5086,25928.384185908602
5087,25943.615281735172
5088,25946.949781465944
5089,25958.752590845503
5090,25964.525527547135
5091,25971.431909848037
5092,25975.320500780625
5093,25993.447315384747
5094,25995.095730340912
5095,26003.197253523751
5096,26005.207528708052
5097,26007.312928000356
5098,26016.383623180081
5099,26028.650989770784
5100,26034.606708940119
5101,26040.029672379991
5102,26047.052210707458
5103,26056.387713410761
5104,26061.479250987119
5105,26065.366252342777
5106,26075.96442921217
5107,26087.979510033874
5108,26092.249312726304
5109,26097.018992193203
5110,26101.592058652339
5111,26104.11367465878
5112,26114.339397307038
5113,26122.792533496715
5114,26126.537704885886
5115,26145.931755567075
5116,26147.978907591678
5117,26156.503307398831
5118,26163.387103373341
5119,26167.057578460932
5120,26176.034564326092
5121,26182.535338558293
5122,26192.679401476078
5123,26194.428509557452
5124,26204.115804917645
5125,26212.025359022202
5126,26215.620380899258
5127,26224.364130903934
5128,26225.197163038996
5129,26230.354463290823
5130,26235.751444959478
5131,26240.427228579341
5132,26247.485420596975
5133,26251.7473429579
5134,26256.406498328295
5135,26267.810045862367
5136,26268.932522580581
5137,26270.355202474206
5138,26279.80742432634
5139,26282.575646537411
5140,26299.008063421039
5141,26303.655813130492
5142,26312.271953013824
5143,26316.864039889992
5144,26322.70153520954
5145,26336.988632950808
5146,26341.199634084951
5147,26348.662425042014
5148,26355.371284697347
5149,26361.491373940527
5150,26372.979485867385
5151,26374.216446511491
5152,26376.594887734525
5153,26381.921612766269
5154,26385.207453518437
5155,26389.679075046075
5156,26398.236780265197
5157,26409.352810867058
5158,26414.80156304903
5159,26418.699854785289
5160,26426.531346669453
5161,26436.834484157531
5162,26444.067888788955
5163,26450.105364664574
5164,26461.121219532819
5165,26468.700514290984
5166,26476.407410957057
5167,26485.780721500432
5168,26490.58782094617
5169,26496.840541838726
5170,26502.991905720548
5171,26505.288417085256
5172,26507.976912932842
5173,26514.667433100665
5174,26520.45420853595
5175,26524.607220110247
5176,26529.72734314009
5177,26536.230885089586
5178,26543.412180582138
5179,26552.188225506874
5180,26555.946722181692
5181,26567.981523809427
5182,26571.916859669924
5183,26578.071454851266
5184,26586.489722580223
5185,26592.405780413967
5186,26599.513153133954
5187,26609.921694592358
5188,26615.169235200738
5189,26618.745108812818
5190,26633.273747095573
5191,26635.98162594761
5192,26637.682304820202
5193,26642.197670513066
5194,26645.033619991598
5195,26656.754262850947
5196,26664.84534046963
5197,26672.004973948831
5198,26676.272096810084
5199,26678.805313058227
5200,26694.54088756159
5201,26702.104909213853
5202,26715.493775980278
5203,26718.418923651119
5204,26723.595315057515
5205,26728.621272270033
5206,26734.220089352159
5207,26735.295890286568
5208,26739.226525750801
5209,26755.661422910358
5210,26757.026082826684
5211,26760.604635520085
5212,26768.132198717551
5213,26778.703670106293
5214,26780.258898058833
5215,26782.43756837703
5216,26788.768382306775
5217,26795.624768285943
5218,26802.790134955441
5219,26809.882177267082
5220,26815.474293189258
5221,26817.341554120194
5222,26825.24241982583
5223,26828.39971442028
5224,26832.107810424568
5225,26845.581005213367
5226,26849.088426050825
5227,26857.633236431127
5228,26859.834906028602
5229,26864.31527941264
5230,26877.11844284047
5231,26885.132658547162
5232,26893.805984456143
5233,26895.657084658025
5234,26902.429523711704
5235,26909.173165882246
5236,26914.814925207495
5237,26918.340440787291
5238,26921.131990503738
5239,26925.952035134458
5240,26934.387019801699
5241,26935.822436427228
5242,26940.179463679335
5243,26945.006535499164
5244,26946.877487028694
5245,26955.659483615775
5246,26967.239109376958
5247,26973.799438615435
5248,26983.955960862582
5249,26992.225409260169
5250,26994.876793726398
5251,26999.818898850328
5252,27014.988654884404
5253,27024.490830362131
5254,27036.335105526432
5255,27042.561279727743
5256,27049.008376741385
5257,27050.616906050112
5258,27058.844653970042
5259,27060.161204725653
5260,27071.427382843071
5261,27074.23086377298
5262,27081.670100455616
5263,27082.249127414696
5264,27088.995574198008
5265,27099.027900027671
5266,27100.19672728578
5267,27105.779784221126
5268,27113.46315889051
5269,27129.162515154159
5270,27133.887140478997
5271,27138.900504190504
5272,27145.433574736919
5273,27154.94172276164
5274,27164.240806343973
5275,27168.723698495181
5276,27172.691473814572
5277,27175.878784575005
5278,27182.006005829251
5279,27188.092525924403
5280,27189.141263279307
5281,27199.083383856083
5282,27200.228761470884
5283,27203.157142172036
5284,27209.182635985511
5285,27213.914296537605
5286,27221.823090906593
5287,27226.446231693062
5288,27228.760414971581
5289,27238.206429854836
5290,27243.134053155311
5291,27252.691822740213
5292,27259.217515617132
5293,27264.413047074435
5294,27280.822809892106
5295,27284.214944730949
5296,27288.677709347365
5297,27298.736356027832
5298,27311.678502051942
5299,27322.287035513611
5300,27327.031950265402
5301,27339.334567402238
5302,27341.480878704377
5303,27345.462647421999
5304,27349.277912548212
5305,27367.458824348243
5306,27377.713992287747
5307,27390.205021173777
5308,27394.014135684669
5309,27402.293390696719
5310,27402.833802499863
5311,27410.769837681721
5312,27424.936573309082
5313,27428.570490909304
5314,27433.440311070819
5315,27439.930635051966
5316,27449.870340839367
5317,27459.148140328431
5318,27463.341373871437
5319,27465.327372021369
5320,27474.350323196431
5321,27480.342091634575
5322,27485.527095871799
5323,27488.878115155952
5324,27490.48170851262
5325,27507.117039574678
5326,27516.839198113725
5327,27524.648015252322
5328,27532.859431989469
5329,27538.289746786249
5330,27542.502229560429
5331,27548.876913794673
5332,27555.54059223783
5333,27559.686624138059
5334,27564.215674406019
5335,27569.0800427832
5336,27576.306456965034
5337,27580.178873604847
5338,27592.772383906969
5339,27601.040423413393
5340,27608.278379702351
5341,27612.128346904647
5342,27618.372978922009
5343,27635.760206737054
5344,27643.952679358747
5345,27646.124661237416
5346,27648.249641700946
5347,27658.159567263214
5348,27661.656679269974
5349,27669.115717798926
5350,27676.760856428136
5351,27688.843276231139
5352,27701.382534037595
5353,27705.920948544026
5354,27712.08837283645
5355,27716.786541709349
5356,27720.684712533344
5357,27730.92111279587
5358,27734.266359569454
5359,27737.112536207478
5360,27744.501128598768
5361,27755.314156197914
5362,27764.895988184333
5363,27768.661681162394
5364,27773.257586648666
5365,27777.321395832118
5366,27782.398046919425
5367,27798.727150691393
5368,27799.030992656495
5369,27813.706497579336
5370,27814.805654228956
5371,27822.680623646975
5372,27835.86003634287
5373,27841.39677009311
5374,27843.939108760416
5375,27852.519296092501
5376,27860.256811850631
5377,27864.704880517569
5378,27871.070369318961
5379,27873.900318142681
5380,27881.774742912043
5381,27892.726169774091
5382,27898.231942888342
5383,27906.222644882426
5384,27908.264293802589
5385,27914.255989356767
5386,27917.845576206219
5387,27927.245668092313
5388,27934.265835129747
5389,27937.260537205748
5390,27943.610381098657
5391,27945.776870598555
5392,27949.102428196744
5393,27956.356841761193
5394,27961.953744006631
5395,27971.502599613366
5396,27976.018595277928
5397,27978.062439168287
5398,27992.768045023167
5399,27998.522390947699
5400,28001.760516734001
5401,28004.843109064928
5402,28010.884201473295
5403,28016.793393375006
5404,28027.926137563332
5405,28036.952339153351
5406,28045.996149615603
5407,28050.726453108975
5408,28056.658256115894
5409,28067.617362044148
5410,28071.934761352059
5411,28077.41368741676
5412,28082.269014678794
5413,28091.878807136607
5414,28100.385540629082
5415,28105.034914662712
5416,28112.460932106711
5417,28116.02088327851
5418,28123.325756483715
5419,28129.4651878349
5420,28134.82978253705
5421,28138.746133030185
5422,28144.269662634106
5423,28158.541098665864
5424,28165.463761349998
5425,28167.14586126247
5426,28180.499897449226
5427,28189.660930586597
5428,28195.89091471014
5429,28200.723157343509
5430,28203.13848289222
5431,28205.95315905505
5432,28214.636185566047
5433,28217.363896389325
5434,28234.778952442553
5435,28237.087500112451
5436,28243.608948813187
5437,28250.44805921588
5438,28259.232109753386
5439,28261.828815221885
5440,28270.170396823116
5441,28271.235979785957
5442,28279.849839540104
5443,28286.429818821987
5444,28293.080919122254
5445,28298.914105191172
5446,28306.591124680599
5447,28310.879854870454
5448,28317.178156080816
5449,28334.325068774251
5450,28337.704138483801
5451,28342.057031051165
5452,28349.886680666386
5453,28351.662333721812
5454,28356.232498500114
5455,28360.20496229699
5456,28368.742027864653
5457,28379.686859846654
5458,28381.700175726859
5459,28384.835468146102
5460,28392.540187755058
5461,28404.746575745034
5462,28408.22044246694
5463,28417.659468017802
5464,28419.206182550504
5465,28426.046709598282
5466,28431.090429012715
5467,28436.203935344125
5468,28449.563301003611
5469,28450.355186117522
5470,28457.061911799803
5471,28465.679788108864
5472,28468.719639920659
5473,28480.586944464223
5474,28483.736439308352
5475,28498.585276097285
5476,28505.916207678034
5477,28507.369770431374
5478,28510.914304934679
5479,28520.657440816463
5480,28529.285103376293
5481,28533.731213792806
5482,28545.400483585716
5483,28546.971546216424
5484,28554.153707197391
5485,28557.939723256652
5486,28562.406229104919
5487,28564.497701046479
5488,28570.71562596205
5489,28582.403769435372
5490,28594.05781300251
5491,28599.246608663754
5492,28607.16594190937
5493,28611.93665329069
5494,28619.331763070659
5495,28633.871954697508
5496,28640.497392718938
5497,28644.019220244794
5498,28651.751971201818
5499,28664.389641448393
5500,28676.23229469348
5501,28680.370888779871
5502,28688.710508931716
5503,28690.783776966353
5504,28693.700148925687
5505,28696.620298035003
5506,28707.660546267278
5507,28711.394571243127
5508,28730.459091560799
5509,28734.46306800883
5510,28737.568812883048
5511,28743.016796071068
5512,28751.068351858925
5513,28759.683636861289
5514,28760.797604472995
5515,28765.828904510108
5516,28784.997309666891
5517,28788.278317694942
5518,28796.969261645227
5519,28804.906683356654
5520,28805.839828341046
5521,28811.794275904995
5522,28816.910441863973
5523,28821.27303043424
5524,28832.962001056279
5525,28845.543266920482
5526,28850.091115529831
5527,28859.636039061486
5528,28867.710707861563
5529,28873.952531112427
5530,28877.821639917005
5531,28881.345821747531
5532,28893.172795734372
5533,28897.052208745594
5534,28905.11346884687
5535,28907.415647718655
5536,28916.411446446305
5537,28916.950618324081
5538,28931.595320322151
5539,28937.774052202611
5540,28944.13474330401
5541,28953.069898926777
5542,28962.134408823869
5543,28966.980898739024
5544,28970.698062029849
5545,28979.174845244223
5546,28988.435408972091
5547,28997.871748273395
5548,29002.759609855239
5549,29009.994130659303
5550,29015.63886784952
5551,29021.518482240674
5552,29028.276140091504
5553,29039.520126326479
5554,29044.965418299707
5555,29055.963929209636
5556,29057.164890709588
5557,29064.680083709289
5558,29069.552778357978
5559,29072.252604863505
5560,29074.335495248528
5561,29095.379654294717
5562,29095.808573743521
5563,29103.271871011471
5564,29109.100252291373
5565,29123.441686830669
5566,29127.533811428024
5567,29131.351894595649
5568,29137.012736980549
5569,29140.76658048587
5570,29152.896955446384
5571,29153.783608095862
5572,29167.929141721812
5573,29174.944208123838
5574,29187.883988056998
5575,29191.98700129626
5576,29196.790576880281
5577,29201.314645856455
5578,29213.507786988299
5579,29222.949172447654
5580,29230.533821219757
5581,29233.576337933562
5582,29240.15056299149
5583,29245.220834857693
5584,29251.108863005804
5585,29255.008686691763
5586,29259.636330824818
5587,29263.333692057367
5588,29266.848876554344
5589,29275.56279790456
5590,29284.351149512026
5591,29291.564469605288
5592,29300.16195185684
5593,29308.358383498031
5594,29325.417297793272
5595,29329.772836711465
5596,29334.827089116476
5597,29341.835645136256
5598,29353.317572143929
5599,29355.374673445876
5600,29359.410241197656
5601,29363.294656318652
5602,29366.871915621447
5603,29375.151954418438
5604,29382.857503842759
5605,29393.859514164636
5606,29397.245206249336
5607,29408.277666891023
5608,29412.16014664598
5609,29416.317468155332
5610,29421.409567994324
5611,29430.11500721415
5612,29439.38523019417
5613,29444.278647707422
5614,29451.343412561273
5615,29461.49168816677
5616,29472.811161167458
5617,29482.17783618487
5618,29484.095750721048
5619,29497.723051466772
5620,29505.077525839173
5621,29512.059967164263
5622,29532.171890107616
5623,29536.886153829546
5624,29549.917759602995
5625,29552.883255577526
5626,29561.210813899001
5627,29566.767215165535
5628,29572.416282210394
5629,29578.159800173089
5630,29585.223728879435
5631,29589.446936049804
5632,29594.434734457442
5633,29598.421153209085
5634,29611.189248376519
5635,29625.13642616315
5636,29629.944465892913
5637,29636.862757398132
5638,29639.039313246794
5639,29643.951865847466
5640,29649.18538972352
5641,29655.925217585042
5642,29660.064809289226
5643,29661.584015987621
5644,29667.198727362884
5645,29676.171268008915
5646,29678.152833731998
5647,29681.288677250712
5648,29686.642847153689
5649,29696.154852299394
5650,29697.285575390826
5651,29704.926848225161
5652,29709.254267510831
5653,29712.681268860892
5654,29716.78314936821
5655,29727.735613727575
5656,29733.830794465139
5657,29739.102189304282
5658,29743.606149473042
5659,29747.226841158808
5660,29752.45954667365
5661,29758.536505144555
5662,29769.49173687417
5663,29772.128142333233
5664,29788.793416184166
5665,29791.590800987804
5666,29802.464033123426
5667,29812.685272238468
5668,29820.248576910988
5669,29840.596712660161
5670,29843.753308842359
5671,29845.595833867897
5672,29860.255622324206
5673,29861.547582473933
5674,29865.326987012548
5675,29880.590459159437
5676,29886.869924249218
5677,29893.567719851217
5678,29896.836770744983
5679,29912.324966238353
5680,29913.542643267781
5681,29923.145472750137
5682,29924.029729256046
5683,29932.707980171697
5684,29938.29902188191
5685,29951.581547183927
5686,29956.17292040907
5687,29957.92445935067
5688,29963.501922788484
5689,29968.277623867147
5690,29973.223073177283
5691,29977.168841651157
5692,29981.389934804072
5693,30000.045666780945
5694,30004.796358275671
5695,30008.153407494858
5696,30024.719856682383
5697,30027.829923952584
5698,30036.937947496925
5699,30041.312496001818
5700,30050.017994560447
5701,30056.940309651847
5702,30062.355372285005
5703,30068.526722607308
5704,30078.099664290196
5705,30080.37739315243
5706,30087.339944041363
5707,30095.007164952382
5708,30101.634983018383
5709,30109.56068470524
5710,30113.486098592984
5711,30124.409204824675
5712,30128.157980790558
5713,30142.645981767997
5714,30150.998831376059
5715,30157.956819908508
5716,30158.195487632605
5717,30170.195625314405
5718,30172.233424873226
5719,30184.256521727519
5720,30192.122461352599
5721,30195.704147011191
5722,30196.638275850433
5723,30200.619617043078
5724,30205.586297923332
5725,30211.926864525769
5726,30221.129054738216
5727,30224.886997010413
5728,30230.504689044348
5729,30236.10004029316
5730,30247.22128080457
5731,30255.895991359801
5732,30258.91721802804
5733,30263.015752468884
5734,30267.790625031466
5735,30277.651323439215
5736,30286.596060796761
5737,30293.14364426479
5738,30305.038059864684
5739,30320.012933553939
5740,30331.685477815634
5741,30336.172326891399
5742,30341.177532208145
5743,30347.17491523183
5744,30351.367619830504
5745,30352.929583261201
5746,30357.743704125143
5747,30364.22775309184
5748,30372.141507904496
5749,30382.327425948853
5750,30387.476868029247
5751,30393.666318781037
5752,30402.428702496327
5753,30409.365712779749
5754,30414.254154063463
5755,30421.311042604884
5756,30430.466129318891
5757,30442.175625200216
5758,30442.266873741602
5759,30446.566288628415
5760,30459.365716184904
5761,30465.276544166758
5762,30476.708421374522
5763,30480.786231171558
5764,30492.214110484496
5765,30496.285744785768
5766,30510.88718818238
5767,30515.753559552821
5768,30520.780804506925
5769,30524.203248436188
5770,30528.4093976494
5771,30535.153464447329
5772,30538.1508785732
5773,30542.102428561535
5774,30546.766805873503
5775,30549.048224107486
5776,30568.841400397709
5777,30585.29634024408
5778,30589.883323436967
5779,30597.627835528023
5780,30600.706850373408
5781,30612.819724838224
5782,30624.148624454974
5783,30627.616021205409
5784,30634.456311587997
5785,30638.114002623559
5786,30640.859149463253
5787,30656.250217751458
5788,30662.589731474585
5789,30667.452153547249
5790,30670.984773635158
5791,30679.797084145492
5792,30683.281815799859
5793,30686.312355000242
5794,30695.834093066849
5795,30715.221524758133
5796,30722.900006712938
5797,30726.30306847184
5798,30734.320621783991
5799,30744.188286295663
5800,30753.639455866185
5801,30759.460777765969
5802,30764.800021452789
5803,30772.799207693723
5804,30776.163556034935
5805,30778.779663682628
5806,30784.48168457481
5807,30786.374909590377
5808,30788.601501755213
5809,30796.218664884596
5810,30805.365539030157
5811,30807.482256809035
5812,30826.070510361664
5813,30837.194072625658
5814,30839.767264549006
5815,30849.973010236303
5816,30855.241204474089
5817,30860.781372357091
5818,30866.083951119759
5819,30879.73215730716
5820,30896.142429065028
5821,30903.117618324839
5822,30904.487783050346
5823,30910.484101050381
5824,30930.917795279602
5825,30941.55412856628
5826,30944.392219738693
5827,30958.873085222873
5828,30961.803051498533
5829,30970.406373397251
5830,30975.86237173661
5831,30980.393198312529
5832,30990.323402904756
5833,30994.753699927005
5834,31005.141947541342
5835,31013.30021478872
5836,31015.532122325243
5837,31021.956774912207
5838,31025.054207797642
5839,31028.877108120811
5840,31031.176933962546
5841,31040.619857361748
5842,31050.819480580161
5843,31052.250211965063
5844,31057.697782566127
5845,31074.880816025125
5846,31077.233126324976
5847,31084.795773961654
5848,31093.084817565683
5849,31094.429749841871
5850,31105.691755832926
5851,31113.394601556996
5852,31116.817407230195
5853,31117.881058046885
5854,31125.386128941467
5855,31133.280266233574
5856,31144.900672557607
5857,31149.618779808789
5858,31154.599809021136
5859,31160.093847301978
5860,31170.076940034971
5861,31179.366089512627
5862,31194.841722263751
5863,31199.657029317856
5864,31201.431605189049
5865,31218.966384887011
5866,31224.104762320982
5867,31240.04129949283
5868,31249.339474112741
5869,31256.14825189695
5870,31261.851962269404
5871,31267.914835651187
5872,31278.310091966207
5873,31283.396321240511
5874,31287.466392261616
5875,31292.774977331494
5876,31297.018256918014
5877,31302.626041491523
5878,31311.282316265861
5879,31318.355121005909
5880,31325.038425849529
5881,31329.651997301055
5882,31333.930177367743
5883,31337.333363275193
5884,31344.463185927394
5885,31349.431824903648
5886,31353.61641904827
5887,31360.124730772211
5888,31366.167238858063
5889,31382.646260680362
5890,31389.980067881843
5891,31391.895436498293
5892,31397.867335614737
5893,31403.439282421616
5894,31408.054728079314
5895,31412.849396003832
5896,31431.225341104921
5897,31435.690544104891
5898,31438.824721820143
5899,31446.467348469363
5900,31453.08227778507
5901,31454.244335322317
5902,31466.889685527854
5903,31477.233287833642
5904,31479.927244175436
5905,31484.826033867688
5906,31490.463816928575
5907,31498.747314235236
5908,31502.629919915904
5909,31515.950618498653
5910,31517.305863189595
5911,31531.882337182546
5912,31539.807603638819
5913,31545.433492600692
5914,31553.767995007445
5915,31560.363232125856
5916,31561.919476054569
5917,31568.775928071424
5918,31574.615560536702
5919,31585.77118469917
5920,31591.805238670509
5921,31594.804269817225
5922,31601.745726767709
5923,31616.842439692562
5924,31618.711773014817
5925,31624.365550568604
5926,31632.185997514691
5927,31636.369144832068
5928,31643.520062896132
5929,31651.730077454067
5930,31658.930040206091
5931,31663.85450019758
5932,31672.68933510211
5933,31682.123769814058
5934,31690.12348482087
5935,31703.641147139162
5936,31717.575830273123
5937,31728.424902972198
5938,31731.527886734013
5939,31738.556197671587
5940,31746.327945625209
5941,31753.306815137174
5942,31760.224945732003
5943,31764.145921086048
5944,31771.083815872473
5945,31772.379980443176
5946,31784.835104936294
5947,31791.007518884846
5948,31795.008327592263
5949,31795.590817856159
5950,31804.642918924405
5951,31810.205021452657
5952,31822.689936367002
5953,31827.674853979071
5954,31832.295223270001
5955,31833.195305543035
5956,31841.029581519706
5957,31850.158096745952
5958,31855.385671465447
5959,31861.89123979133
5960,31872.222402908643
5961,31875.801232575352
5962,31878.769195356297
5963,31882.865430944836
5964,31890.426034926677
5965,31899.456581950904
5966,31907.70491420116
5967,31911.593825745054
5968,31920.64854952805
5969,31928.022605455997
5970,31928.749064784399
5971,31931.169837468817
5972,31941.034724478704
5973,31961.323294117396
5974,31967.840949216425
5975,31979.722283805364
5976,31986.42404318172
5977,31995.390734260862
5978,32002.186488152543
5979,32004.480938936878
5980,32009.983222342456
5981,32017.623442632863
5982,32022.121233544032
5983,32027.99638227114
5984,32036.571105506075
5985,32040.213083592847
5986,32052.811167537187
5987,32056.833254328703
5988,32066.784630641265
5989,32073.163895161535
5990,32074.37189728894
5991,32080.956089737334
5992,32087.793161765723
5993,32092.396101663508
5994,32112.403924348357
5995,32115.487462002024
5996,32134.450166698036
5997,32138.230919873797
5998,32143.426671970756
5999,32156.273232036347
6000,32161.750084861811
6001,32167.725771465135
6002,32175.334982131979
6003,32183.077593155427
6004,32185.311369546816
6005,32194.378692955663
6006,32203.342664185242
6007,32206.036168736013
6008,32220.808269500088
6009,32230.55060328939
6010,32239.791297722895
6011,32244.411656269836
6012,32254.160121172405
6013,32260.211309400049
6014,32266.902943229947
6015,32287.585535690163
6016,32300.94196625887
6017,32310.336571806365
6018,32317.343962170431
6019,32319.45732479875
6020,32321.593171437904
6021,32324.508092539469
6022,32332.929941459588
6023,32342.301163501736
6024,32347.340391217323
6025,32354.3157890236
6026,32361.051377882719
6027,32371.621562220862
6028,32384.229721965545
6029,32388.761842194439
6030,32392.944923251471
6031,32399.122022218733
6032,32404.650446738033
6033,32411.713150531221
6034,32419.976306683719
6035,32425.080406944224
6036,32435.791773975074
6037,32438.385495547325
6038,32447.169998829188
6039,32449.379132855418
6040,32458.182614721965
6041,32475.068286248672
6042,32479.79232069647
6043,32485.6113809446
6044,32488.672020555194
6045,32499.217855898292
6046,32505.231013419187
6047,32511.380146358668
6048,32518.22663534114
6049,32524.759580981194
6050,32539.942452128093
6051,32544.319209870577
6052,32547.585328193119
6053,32549.345055338657
6054,32570.335535248822
6055,32581.65140601977
6056,32584.532115429723
6057,32599.196786776236
6058,32603.161317446244
6059,32605.951033971582
6060,32616.632825730958
6061,32624.822299712701
6062,32630.513270618274
6063,32635.941683704215
6064,32642.410410105749
6065,32653.995658228559
6066,32664.259110459174
6067,32671.795292719264
6068,32674.924460580449
6069,32680.454430164435
6070,32681.616978051043
6071,32691.339299427596
6072,32707.527573744108
6073,32711.006781589236
6074,32719.294431761195
6075,32724.855961224621
6076,32733.576771398104
6077,32736.841713434089
6078,32743.976901606129
6079,32750.985145072867
6080,32757.705594337418
6081,32761.357804976284
6082,32762.299250826414
6083,32777.654696125574
6084,32782.828658395651
6085,32793.180503888216
6086,32799.363463602996
6087,32812.032594899087
6088,32815.024028866304
6089,32825.637047047465
6090,32831.376461823711
6091,32833.807871280267
6092,32844.660265141545
6093,32846.715822840575
6094,32855.106692915011
6095,32865.134708151127
6096,32871.824028449882
6097,32876.48911232251
6098,32881.700299271848
6099,32891.069555627757
6100,32897.680070710681
6101,32911.291399473157
6102,32912.739482690529
6103,32917.471078711671
6104,32929.985002591136
6105,32943.001265942155
6106,32945.524365325793
6107,32949.434789125939
6108,32955.792447671702
6109,32965.496469671889
6110,32973.660932351595
6111,32982.8346504277
6112,32992.537350463652
6113,32996.100807277202
6114,33002.715577333838
6115,33010.587269860138
6116,33016.938547254998
6117,33020.477142070595
6118,33025.811057676052
6119,33039.474496050374
6120,33041.355020206909
6121,33047.143283569778
6122,33062.988805025765
6123,33066.054560596924
6124,33070.498785986521
6125,33078.218274334766
6126,33085.340453431229
6127,33090.475824294277
6128,33094.776667749298
6129,33108.875153806999
6130,33112.456774394523
6131,33126.350940947414
6132,33128.40734649216
6133,33133.840860251352
6134,33137.526667817991
6135,33147.668222688422
6136,33155.82053826542
6137,33169.729493550542
6138,33175.689800312692
6139,33185.88382454338
6140,33189.718984289764
6141,33196.743548354199
6142,33203.053511162187
6143,33208.31185183888
6144,33214.411605104178
6145,33221.573623592609
6146,33232.194237186493
6147,33236.07682325213
6148,33241.412527976332
6149,33243.01257009172
6150,33256.118131965071
6151,33265.238355351845
6152,33268.251373756786
6153,33275.730008034836
6154,33289.996915746138
6155,33295.358445853395
6156,33307.785473454511
6157,33315.887288398444
6158,33328.583779021639
6159,33331.61102444202
6160,33334.05654356286
6161,33340.190974681747
6162,33345.658316273548
6163,33354.210808362783
6164,33362.030423147211
6165,33368.74198660766
6166,33380.101688673742
6167,33388.477401626093
6168,33389.007144497577
6169,33390.597015134423
6170,33395.728781703838
6171,33405.189577093377
6172,33413.135472111673
6173,33418.417610115983
6174,33420.958348041917
6175,33424.671390122676
6176,33431.362857605076
6177,33437.103814426257
6178,33444.778534948564
6179,33461.861226563342
6180,33472.090692208491
6181,33476.28596148621
6182,33479.429695549137
6183,33484.544834656946
6184,33490.453403213491
6185,33495.638674816873
6186,33511.913577042098
6187,33513.288312303521
6188,33517.492148328172
6189,33523.808346505575
6190,33533.001031330132
6191,33534.013932254842
6192,33540.215837243828
6193,33546.65386845926
6194,33564.671583297568
6195,33570.423319864334
6196,33582.89214983274
6197,33592.344768722694
6198,33593.993785729625
6199,33598.908260511736
6200,33609.477554736062
6201,33621.444179650389
6202,33637.289467425035
6203,33639.941050898487
6204,33644.57982247875
6205,33654.479856545673
6206,33656.827637478513
6207,33672.151586221727
6208,33676.814607069238
6209,33682.609016255105
6210,33687.012896273089
6211,33699.294297132423
6212,33707.023825701326
6213,33715.842322580647
6214,33725.393473087686
6215,33734.67390820531
6216,33739.096728776618
6217,33746.35990459496
6218,33761.807333296427
6219,33768.139779188677
6220,33769.030340387966
6221,33774.650106311994
6222,33777.532852185999
6223,33782.515054506825
6224,33794.946325061494
6225,33802.832297692265
6226,33806.553457652997
6227,33812.08217261589
6228,33813.36652799655
6229,33826.267735844092
6230,33832.404431326227
6231,33838.085934719507
6232,33854.247740210631
6233,33855.390074615127
6234,33870.594814331962
6235,33877.715056624307
6236,33884.347166540836
6237,33888.640127413048
6238,33894.128402540184
6239,33898.979496177752
6240,33909.104682526195
6241,33920.814283103355
6242,33925.997524497048
6243,33932.613896652358
6244,33936.702987620556
6245,33945.53838540885
6246,33953.753877436764
6247,33956.100114238914
6248,33968.120067494725
6249,33977.325639927425
6250,33979.894760863106
6251,33990.998944165425
6252,34000.443049827452
6253,34018.927031403284
6254,34022.431771970441
6255,34032.255873579932
6256,34043.670457507847
6257,34061.583360509838
6258,34066.601618752989
6259,34070.406215822069
6260,34081.740730653219
6261,34088.123703242542
6262,34096.641202497172
6263,34102.431848585344
6264,34109.402167186956
6265,34117.004184262354
6266,34119.683083068718
6267,34126.496491662823
6268,34136.501082520255
6269,34143.03559449267
6270,34153.280053320341
6271,34160.866730637063
6272,34162.386097738141
6273,34167.392197590998
6274,34176.029405577821
6275,34185.507130943151
6276,34189.468792715947
6277,34193.18658483449
6278,34206.241558492329
6279,34216.469016793679
6280,34222.683249716487
6281,34230.849635747647
6282,34234.879918783859
6283,34244.794644000503
6284,34255.097328499804
6285,34264.047944725724
6286,34269.62315286565
6287,34280.227043755629
6288,34282.105228468026
6289,34296.638071202709
6290,34300.764298526265
6291,34307.511019464437
6292,34315.298852302367
6293,34318.98202378898
6294,34324.769626669171
6295,34338.784777530898
6296,34345.728226487496
6297,34352.005916329246
6298,34360.887398132843
6299,34373.611806760324
6300,34378.010888638302
6301,34382.892213193496
6302,34389.563265550278
6303,34392.751427873714
6304,34405.609894783644
6305,34411.045850682392
6306,34425.080577499597
6307,34429.812617342192
6308,34434.097945023008
6309,34442.196190825998
6310,34454.591051709751
6311,34460.237813213076
6312,34467.809891447469
6313,34471.048746960339
6314,34475.213262804129
6315,34485.461061064867
6316,34490.680643789754
6317,34492.916987823672
6318,34501.462875399418
6319,34508.413924213331
6320,34512.156253418892
6321,34519.033512537426
6322,34527.671777142998
6323,34535.488687874713
6324,34541.27387555685
6325,34545.389558493909
6326,34552.305435041562
6327,34556.039329514111
6328,34560.183578497417
6329,34564.238996910608
6330,34576.679700846653
6331,34585.427519880883
6332,34595.450434975188
6333,34604.934034579077
6334,34607.216442805846
6335,34631.109824655294
6336,34637.382351662418
6337,34640.182290059871
6338,34651.102579247396
6339,34653.491920578614
6340,34667.624687168071
6341,34688.514248008607
6342,34696.573205737557
6343,34703.500052744013
6344,34707.493070428201
6345,34712.005937403388
6346,34714.096178338179
6347,34720.531828629726
6348,34725.860395199445
6349,34739.531543607533
6350,34745.552133788369
6351,34750.662996045154
6352,34755.884596913937
6353,34768.054176434387
6354,34774.167984101194
6355,34784.898197126895
6356,34792.060345555452
6357,34795.985812143605
6358,34810.730830100511
6359,34812.529708900467
6360,34822.522079592374
6361,34839.864562691429
6362,34845.699318943291
6363,34847.610769715488
6364,34852.329105186298
6365,34860.385660911918
6366,34867.177992270728
6367,34873.970927139053
6368,34885.702512332304
6369,34894.982481671293
6370,34903.305612119206
6371,34906.866246678946
6372,34911.72258076047
6373,34919.258984903878
6374,34924.280315541233
6375,34935.113520641753
6376,34941.585026567009
6377,34949.355922507668
6378,34956.487325491798
6379,34958.248920659207
6380,34967.665436510193
6381,34976.427022203017
6382,34980.20030169715
6383,34988.343834582673
6384,35004.408002458571
6385,35013.199244655829
6386,35017.242892159265
6387,35021.467008520944
6388,35027.873582415632
6389,35035.442366584561
6390,35043.649079836083
6391,35050.323290077627
6392,35056.168417401866
6393,35066.79942242954
6394,35077.605974808474
6395,35083.411484736018
6396,35086.945087538508
6397,35092.336065500123
6398,35107.118732833515
6399,35121.939904067789
6400,35128.474248309663
6401,35138.67493538891
6402,35140.056399203233
6403,35150.262414257166
6404,35158.807010576194
6405,35163.958224324466
6406,35182.234345464007
6407,35184.537245638247
6408,35190.692522037745
6409,35192.164658482958
6410,35196.963489686408
6411,35205.990054826347
6412,35212.005473319005
6413,35219.95042895084
6414,35224.745337581546
6415,35226.947107696353
6416,35245.26946926317
6417,35249.442537681825
6418,35257.378576602066
6419,35259.146717059732
6420,35267.800824573453
6421,35268.817734278025
6422,35275.640150907595
6423,35282.098350833454
6424,35291.520989507655
6425,35305.750047818809
6426,35310.520149206466
6427,35313.874909964223
6428,35316.741375062804
6429,35323.451341424174
6430,35326.844017032279
6431,35334.356851590586
6432,35346.806012370012
6433,35351.343659423612
6434,35354.970486377788
6435,35363.268369615464
6436,35371.860880423163
6437,35380.30220994573
6438,35390.503169352494
6439,35403.335740628616
6440,35409.027484398255
6441,35421.76741882223
6442,35428.612851491722
6443,35439.87734210366
6444,35450.376215970202
6445,35455.60056487476
6446,35468.674833338438
6447,35475.854417007853
6448,35477.737762593977
6449,35491.3809171623
6450,35499.893350384242
6451,35511.098119223068
6452,35516.846487464194
6453,35524.45801198727
6454,35528.444772195799
6455,35533.681150067387
6456,35543.134289916314
6457,35549.788884228925
6458,35557.925821902943
6459,35566.767659092613
6460,35575.547117849397
6461,35580.501977357511
6462,35586.557508769976
6463,35589.500043583757
6464,35596.57359874947
6465,35608.535436296486
6466,35610.83726689146
6467,35618.783016384841
6468,35625.467866260493
6469,35633.530944900762
6470,35644.189418358503
6471,35650.349812061315
6472,35667.791594932809
6473,35674.11047922662
6474,35682.179407101787
6475,35692.280617231343
6476,35695.587246162373
6477,35700.420143498741
6478,35708.021499467708
6479,35708.714407332343
6480,35718.583247163304
6481,35729.279745865962
6482,35735.115121418945
6483,35739.890905407607
6484,35748.791422766932
6485,35756.856183248878
6486,35764.739170925364
6487,35769.42779798666
6488,35772.784512950813
6489,35777.224842629825
6490,35796.20788424091
6491,35800.998805574796
6492,35808.977210217403
6493,35812.049793985556
6494,35825.016721139982
6495,35828.26436967199
6496,35837.832288170663
6497,35855.716476085618
6498,35864.405012380208
6499,35869.712568630166
6500,35878.076098824087
6501,35892.772365935038
6502,35899.001465404261
6503,35906.988787287017
6504,35912.164704621551
6505,35915.19619752642
6506,35923.590540788384
6507,35937.394965172571
6508,35941.525114246928
6509,35944.448327840582
6510,35953.946044407079
6511,35960.371493744904
6512,35969.541860632264
6513,35970.987869036471
6514,35978.006882738046
6515,35985.450931424311
6516,35993.341056841586
6517,35996.447626300855
6518,36007.552269113541
6519,36021.202437203858
6520,36033.992100227304
6521,36036.84285450157
6522,36044.344370383507
6523,36052.522931268599
6524,36058.225146707337
6525,36062.906876049703
6526,36068.281419532403
6527,36072.071415349135
6528,36080.196008664403
6529,36087.878751843476
6530,36090.619564278073
6531,36102.780483504968
6532,36109.92568061917
6533,36114.391334069383
6534,36121.819025965757
6535,36138.436515075504
6536,36148.132379416056
6537,36153.203213355067
6538,36156.635671365948
6539,36165.865459645131
6540,36168.548201607067
6541,36179.948881900622
6542,36184.866593990664
6543,36191.54371688739
6544,36196.785926541022
6545,36202.150216123096
6546,36215.185301452235
6547,36221.613037713752
6548,36226.477188817917
6549,36239.10224396878
6550,36244.111828335961
6551,36256.543992917977
6552,36260.798818583244
6553,36271.951898316504
6554,36283.572186000958
6555,36284.744609259746
6556,36294.345175273425
6557,36301.522429955185
6558,36311.588926852775
6559,36322.090248902263
6560,36328.085243850939
6561,36335.672856077435
6562,36340.609963536386
6563,36347.981822049427
6564,36351.564470879894
6565,36360.756539244881
6566,36366.979344071799
6567,36377.660311613181
6568,36382.356792648774
6569,36392.967206469548
6570,36410.649659238297
6571,36418.353119001964
6572,36421.815971354998
6573,36426.973468466036
6574,36430.59697513756
6575,36444.295888225774
6576,36455.826738052092
6577,36458.696417442079
6578,36469.150879792876
6579,36476.487467757768
6580,36478.610958836121
6581,36483.617931059795
6582,36494.50595248321
6583,36504.537771450181
6584,36510.893390195124
6585,36525.876276058872
6586,36526.680668317022
6587,36532.789126206437
6588,36539.187861039376
6589,36554.648188309315
6590,36556.604805031231
6591,36560.676310925985
6592,36569.120214573624
6593,36593.985997841068
6594,36596.698971171536
6595,36602.776807433467
6596,36606.268078166635
6597,36619.066298208585
6598,36628.684780341187
6599,36634.632696324268
6600,36636.367033638424
6601,36644.016267234256
6602,36656.555957903583
6603,36672.688814183704
6604,36676.110631278127
6605,36688.889072126272
6606,36701.290288303193
6607,36705.640261281122
6608,36712.044528002465
6609,36717.624128318363
6610,36724.849036764434
6611,36729.853091121033
6612,36738.082860381684
6613,36751.27227607082
6614,36761.845907638024
6615,36767.287614524277
6616,36775.322383588056
6617,36779.920778531145
6618,36785.143791216586
6619,36793.890044722713
6620,36796.261875958713
6621,36797.946645211327
6622,36802.850780052169
6623,36808.00377059247
6624,36817.85967265279
6625,36829.96085570311
6626,36830.851948971169
6627,36843.979504139876
6628,36846.610535594169
6629,36855.841163964353
6630,36866.078176827679
6631,36872.602022527011
6632,36882.940305135271
6633,36888.830618601802
6634,36894.71174641393
6635,36903.116028887569
6636,36922.766191333736
6637,36935.752833882427
6638,36938.463982709924
6639,36942.579093582186
6640,36953.259407986843
6641,36962.797265828725
6642,36970.309777344315
6643,36986.829464509843
6644,36991.093103324856
6645,36993.341986907835
6646,36997.245338229943
6647,37009.612531411636
6648,37014.90473251661
6649,37018.134902183432
6650,37024.333633981587
6651,37033.228634020415
6652,37038.274593579503
6653,37044.068179035829
6654,37048.393481666622
6655,37059.20055328367
6656,37067.198071121144
6657,37070.855350712329
6658,37078.861078397786
6659,37088.88171320589
6660,37098.749160389365
6661,37099.758970717172
6662,37107.632943125376
6663,37113.256486178747
6664,37120.389736949503
6665,37124.455970949966
6666,37136.5261295491
6667,37149.744595923927
6668,37155.819085791583
6669,37158.345251046616
6670,37170.699653993754
6671,37184.753657643756
6672,37188.046472312664
6673,37196.830928067779
6674,37210.672437390618
6675,37214.569164752524
6676,37229.317465778964
6677,37232.713494163967
6678,37242.048160712853
6679,37245.559364982662
6680,37253.858464747304
6681,37260.395774834615
6682,37265.538216511173
6683,37269.992018289355
6684,37289.47369198627
6685,37294.030942092671
6686,37296.161273306665
6687,37305.155077162795
6688,37312.882287147258
6689,37320.216928392103
6690,37324.502713664253
6691,37332.764024124568
6692,37339.198445869937
6693,37350.415712353897
6694,37357.391075092703
6695,37374.30215182744
6696,37383.166900349679
6697,37389.293024006853
6698,37395.813626066323
6699,37397.539974573956
6700,37402.028877283898
6701,37408.646830775986
6702,37417.800754958553
6703,37422.105484452506
6704,37437.322558899279
6705,37441.175713371071
6706,37454.236783950473
6707,37462.269944658656
6708,37469.069384361486
6709,37475.915971312672
6710,37479.807348377202
6711,37491.931332626453
6712,37502.769282564608
6713,37516.311252791791
6714,37526.911897889149
6715,37536.327187216215
6716,37539.370167040579
6717,37549.170690829247
6718,37554.401478217747
6719,37560.441388986765
6720,37563.255983246476
6721,37568.03381257064
6722,37574.408015582878
6723,37580.292553085914
6724,37589.138675179398
6725,37594.205767218598
6726,37603.141472844101
6727,37608.489149898269
6728,37620.054532134243
6729,37623.963494261523
6730,37635.700282303282
6731,37640.308325578037
6732,37652.341112541078
6733,37661.029038797329
6734,37682.637053285514
6735,37685.402720786275
6736,37689.151465172909
6737,37703.31075037238
6738,37711.25267881636
6739,37714.869402358752
6740,37721.212485999196
6741,37722.981520093446
6742,37728.455526450576
6743,37748.560892694077
6744,37754.452954737098
6745,37761.161057309095
6746,37767.646485055317
6747,37781.804709240685
6748,37782.100989613515
6749,37788.324243169489
6750,37800.189859738493
6751,37804.60695779122
6752,37813.10371867042
6753,37821.602733685249
6754,37824.572605718873
6755,37832.240446507865
6756,37835.970740364952
6757,37839.362046770533
6758,37854.522927325546
6759,37855.971845832559
6760,37875.365371113119
6761,37886.770015018883
6762,37889.28763990906
6763,37899.472684143722
6764,37905.931037988274
6765,37913.391989385098
6766,37915.222439055731
6767,37923.68614645733
6768,37932.908340778558
6769,37933.552286313672
6770,37941.676985672697
6771,37954.669751132307
6772,37955.829966918594
6773,37960.622962812842
6774,37970.693085061022
6775,37976.593750706394
6776,37984.451698574558
6777,37988.975467790551
6778,37998.810937965143
6779,37999.16727950154
6780,38012.237234714732
6781,38017.450497979014
6782,38032.864137012672
6783,38039.514799799785
6784,38047.98156799694
6785,38058.603568229752
6786,38071.783445686007
6787,38079.858338876904
6788,38087.8000588914
6789,38088.753847394597
6790,38097.259466856594
6791,38101.028016612247
6792,38112.566826921087
6793,38125.211030073544
6794,38138.274396783803
6795,38145.611234723146
6796,38152.790259154419
6797,38158.337317034282
6798,38163.692221616657
6799,38176.412540285564
6800,38183.538104033098
6801,38187.747572525324
6802,38196.851181034064
6803,38203.446742980334
6804,38213.512571264742
6805,38225.678670477537
6806,38231.612028610631
6807,38253.76589502459
6808,38255.680713023605
6809,38262.846366072881
6810,38268.979928745037
6811,38272.462910518494
6812,38278.036707958578
6813,38295.39493407205
6814,38299.685458024302
6815,38301.85242722604
6816,38315.076543977113
6817,38330.19559447893
6818,38335.596114650813
6819,38351.730368581382
6820,38364.90489584289
6821,38368.968480423246
6822,38377.898231785352
6823,38382.024039342512
6824,38388.492558779042
6825,38397.188812331937
6826,38411.474279391317
6827,38415.268763122658
6828,38418.907228628916
6829,38426.448326403864
6830,38434.931068740916
6831,38436.299111435481
6832,38442.368153315925
6833,38454.951966611836
6834,38462.459523724538
6835,38470.85537554555
6836,38475.78268985427
6837,38479.466091893511
6838,38483.34577683
6839,38492.115307708911
6840,38508.148209080762
6841,38518.051787127246
6842,38524.780802459907
6843,38534.467034182337
6844,38541.79781707831
6845,38548.687210304517
6846,38557.556575983763
6847,38563.350128235281
6848,38570.778727457953
6849,38581.801127117797
6850,38589.214952697657
6851,38604.643155971986
6852,38611.138010223571
6853,38620.507504598274
6854,38627.808103381045
6855,38634.555725083505
6856,38640.755472050056
6857,38650.614106635454
6858,38655.981456170935
6859,38667.49776313045
6860,38672.859241356884
6861,38684.528963252997
6862,38689.370889055637
6863,38695.014964717397
6864,38704.784056876473
6865,38715.80678751308
6866,38727.380694798128
6867,38740.921647624928
6868,38742.728603169198
6869,38749.508805952188
6870,38752.05198434848
6871,38764.933428382108
6872,38771.157339789126
6873,38782.312072840832
6874,38789.749559888915
6875,38801.748010679978
6876,38805.217482951193
6877,38814.664298108197
6878,38818.878742872388
6879,38824.490084351215
6880,38838.310022868267
6881,38846.921981250176
6882,38853.418909212029
6883,38865.463803046914
6884,38867.217295099224
6885,38878.362814025124
6886,38884.700509207549
6887,38894.587648231434
6888,38906.255618517556
6889,38912.259685156198
6890,38921.663498283539
6891,38924.557720295583
6892,38935.254622681001
6893,38938.488117307745
6894,38947.866178652708
6895,38952.669966178335
6896,38968.315684938178
6897,38971.740186824572
6898,38979.382263557047
6899,38994.434347157279
6900,39001.251125070252
6901,39003.633366639508
6902,39014.358611065145
6903,39023.958295932644
6904,39037.12546866839
6905,39039.613553421957
6906,39054.010650813478
6907,39056.684132259674
6908,39066.99069756706
6909,39068.805143682483
6910,39076.435779887499
6911,39079.919088552298
6912,39087.695335929326
6913,39093.931103211515
6914,39100.201720163896
6915,39106.50069917876
6916,39110.510944265545
6917,39120.636739314585
6918,39130.169229601277
6919,39132.545623005499
6920,39139.68503374789
6921,39145.185248605936
6922,39154.723778442523
6923,39159.626156414997
6924,39165.975608999863
6925,39175.410032504558
6926,39179.007751350997
6927,39183.494207148477
6928,39197.302317399139
6929,39221.703547642996
6930,39229.327354562862
6931,39236.460812809251
6932,39251.889061471127
6933,39258.062900451238
6934,39263.687799290594
6935,39269.125288547228
6936,39274.84442757674
6937,39279.067639911314
6938,39285.678685884923
6939,39293.054306892518
6940,39301.636486858471
6941,39312.036820394234
6942,39320.036533520943
6943,39324.048866085584
6944,39330.472248901708
6945,39338.336321782801
6946,39346.749580251882
6947,39352.144090517722
6948,39367.367167722485
6949,39378.436725028565
6950,39381.056057155889
6951,39386.174015570497
6952,39388.926624950931
6953,39396.650660196094
6954,39403.301503555587
6955,39410.494192997241
6956,39418.482780694743
6957,39434.101164133244
6958,39440.500973784525
6959,39444.424618003039
6960,39447.532769160891
6961,39462.158409895572
6962,39465.612178127929
6963,39473.640830288568
6964,39480.5632823946
6965,39496.3067594694
6966,39502.812176724408
6967,39511.026559984937
6968,39514.024406912518
6969,39519.585246882663
6970,39541.418232590746
6971,39552.620856943475
6972,39563.388751666665
6973,39572.020525124732
6974,39576.924962023753
6975,39584.036726322302
6976,39586.967621738477
6977,39602.933075488087
6978,39603.914270015237
6979,39610.19345302388
6980,39614.120196924057
6981,39622.572535116029
6982,39628.860776280169
6983,39631.66365979812
6984,39640.5709278262
6985,39653.4553555803
6986,39656.998061254402
6987,39661.818947554944
6988,39675.238557383032
6989,39678.122012834436
6990,39690.164009272026
6991,39700.782182064773
6992,39709.068988164705
6993,39710.811899506931
6994,39719.060381231669
6995,39721.00485173428
6996,39733.505105471966
6997,39736.353227655789
6998,39745.769828729288
6999,39756.397422547147
7000,39756.717658623304
7001,39765.702112610204
7002,39772.473048011372
7003,39783.734963944225
7004,39788.781821313329
7005,39797.125309949028
7006,39804.020910577114
7007,39807.676572390665
7008,39813.045972145643
7009,39833.338199473488
7010,39842.325398589826
7011,39847.530435153829
7012,39858.796824474484
7013,39861.780998410031
7014,39872.577392348598
7015,39878.479103035752
7016,39882.338729285439
7017,39888.156463852742
7018,39899.624324316486
7019,39908.021409030232
7020,39908.964267789037
7021,39914.705694241064
7022,39921.684452465073
7023,39930.39180642151
7024,39948.956822234963
7025,39958.488289142973
7026,39959.69018940346
7027,39974.675693187994
7028,39987.187080755917
7029,39993.155932562273
7030,40008.087342529951
7031,40013.921751899259
7032,40019.120853107954
7033,40023.355487757683
7034,40034.028535315345
7035,40035.032976105897
7036,40048.013501942944
7037,40054.95707724298
7038,40060.413728306252
7039,40065.450607693048
7040,40076.80712518037
7041,40087.295356889612
7042,40098.42371517892
7043,40103.695471663719
7044,40111.996675181777
7045,40120.351550266409
7046,40127.934104964756
7047,40138.528325374711
7048,40142.728546316335
7049,40148.445832162055
7050,40157.960300644816
7051,40164.542054392085
7052,40180.035911452251
7053,40184.436989164227
7054,40188.885032495396
7055,40195.516438921215
7056,40216.10610505251
7057,40225.885320876376
7058,40237.292839673813
7059,40242.315972306009
7060,40253.511398918628
7061,40256.449285283386
7062,40265.7778928517
7063,40272.607344194133
7064,40278.506869873498
7065,40288.339668169276
7066,40298.45916704055
7067,40306.478088142088
7068,40310.211957902175
7069,40317.650946891968
7070,40324.627179995172
7071,40336.701849984973
7072,40341.94161831362
7073,40355.477190964084
7074,40360.538092328883
7075,40368.784128522915
7076,40373.970297708707
7077,40377.614502162171
7078,40390.904046777941
7079,40396.266644438198
7080,40408.738767042552
7081,40423.170200734901
7082,40425.83575462611
7083,40429.286661400802
7084,40443.685118272129
7085,40453.515341717444
7086,40456.484673096696
7087,40463.712274755373
7088,40469.504090313123
7089,40485.071478791942
7090,40505.973770881275
7091,40515.724447799534
7092,40516.859622086995
7093,40533.341253702027
7094,40540.097989783855
7095,40545.360180928852
7096,40551.671623226714
7097,40565.343424104678
7098,40577.239382293665
7099,40580.891131404911
7100,40584.583357412987
7101,40592.13385338951
7102,40614.971514639932
7103,40626.163974434945
7104,40632.444041515664
7105,40636.116678994236
7106,40645.373992731023
7107,40654.229022243853
7108,40666.613762127192
7109,40668.126432245255
7110,40677.578675322147
7111,40682.79941709221
7112,40689.492901319354
7113,40702.228943780559
7114,40713.03519608092
7115,40716.728556588314
7116,40725.2931711294
7117,40731.077413199557
7118,40733.853900322712
7119,40742.09784913178
7120,40752.205485072082
7121,40760.493657934661
7122,40773.991746024032
7123,40775.45999455046
7124,40792.213227719454
7125,40796.346901618032
7126,40799.997698679043
7127,40806.82939171444
7128,40814.086272882596
7129,40815.924671984634
7130,40826.890628729489
7131,40832.611635316527
7132,40836.720300373352
7133,40843.5536167725
7134,40851.295795706814
7135,40853.17466457047
7136,40863.054302541415
7137,40877.573449436779
7138,40881.237869688302
7139,40895.730481296509
7140,40901.072948154026
7141,40911.286495301953
7142,40918.008940710941
7143,40923.659176479458
7144,40926.543673993081
7145,40932.248707459672
7146,40947.377379576406
7147,40958.605886301295
7148,40960.632034172821
7149,40972.54977646601
7150,40979.025257072608
7151,40983.961535028429
7152,40991.141200090176
7153,40999.814828828719
7154,41010.765823686314
7155,41027.96523454626
7156,41038.13443965801
7157,41048.770751780175
7158,41057.407822257905
7159,41062.026326267041
7160,41075.25128496356
7161,41089.681113974264
7162,41106.368242681914
7163,41113.654209442677
7164,41117.83737523629
7165,41121.822008934403
7166,41124.961875769302
7167,41136.315138846556
7168,41140.201717541509
7169,41142.678082806211
7170,41153.895859789096
7171,41156.204166205003
7172,41173.751332457316
7173,41175.777744152787
7174,41184.906093898229
7175,41201.754569994715
7176,41203.658492137809
7177,41213.255366985199
7178,41214.071705480026
7179,41217.983639830891
7180,41220.872132246237
7181,41235.427765437147
7182,41240.123283628069
7183,41253.315043511364
7184,41261.312476587394
7185,41267.275957104917
7186,41276.851155902805
7187,41283.523080590356
7188,41290.43056381886
7189,41296.022658375921
7190,41305.217707886841
7191,41311.69403123892
7192,41314.95097479401
7193,41322.021733431575
7194,41327.693078326534
7195,41335.283408365045
7196,41337.587287043061
7197,41341.789474691162
7198,41354.363064107914
7199,41368.641790677939
7200,41372.682070612405
7201,41377.935683149924
7202,41383.123286311398
7203,41389.326126205444
7204,41397.282272977041
7205,41416.262827987368
7206,41420.272113098203
7207,41423.855909164187
7208,41427.211008660583
7209,41444.044937393919
7210,41453.350462842092
7211,41461.303053610332
7212,41465.739081579952
7213,41476.380111029132
7214,41487.752405076237
7215,41493.229707162733
7216,41500.414877833879
7217,41503.717765655187
7218,41515.763347454893
7219,41526.87572475605
7220,41532.438680199812
7221,41537.856518073881
7222,41548.729053400573
7223,41557.625940909013
7224,41563.938645611779
7225,41574.510136010525
7226,41584.589209856662
7227,41595.630447287513
7228,41597.695373109869
7229,41602.425035614178
7230,41612.825754018661
7231,41620.138839637606
7232,41628.106328287329
7233,41629.312137661058
7234,41638.577029195105
7235,41641.732108484452
7236,41657.221905042104
7237,41666.293005596468
7238,41674.522872327092
7239,41684.219679792121
7240,41690.692649841818
7241,41693.285068615747
7242,41702.302082671813
7243,41711.666251088005
7244,41718.298490658854
7245,41723.892854546706
7246,41729.289299915945
7247,41739.072264967777
7248,41747.900639037522
7249,41751.94228417358
7250,41757.583767805554
7251,41762.170610672751
7252,41774.407467726247
7253,41783.622236627743
7254,41792.868041092559
7255,41800.013362315614
7256,41816.435865749932
7257,41820.281654486113
7258,41829.305596178499
7259,41837.817014632368
7260,41841.760889479709
7261,41850.027758455202
7262,41853.111531456874
7263,41861.019875640675
7264,41867.734759506653
7265,41874.747997788589
7266,41887.466570383476
7267,41891.238839387108
7268,41896.00890947842
7269,41907.70323420631
7270,41911.291613854708
7271,41929.488047189145
7272,41931.266078288245
7273,41938.557042492808
7274,41946.460313382959
7275,41957.460071470021
7276,41966.455589252175
7277,41977.747088397016
7278,41982.561436272052
7279,41996.26918382752
7280,42010.988921817094
7281,42022.428028201291
7282,42026.350599384044
7283,42034.841906213493
7284,42045.687338363263
7285,42052.736231437142
7286,42062.363960749833
7287,42070.247835063892
7288,42075.368807835577
7289,42088.648934107347
7290,42101.689549987292
7291,42105.630980515314
7292,42108.400544647018
7293,42122.192886078112
7294,42130.69302241908
7295,42147.221332098547
7296,42156.254061792104
7297,42158.291579235251
7298,42164.703955260302
7299,42166.384136670393
7300,42183.133165148887
7301,42190.616112174415
7302,42199.484212143449
7303,42213.730889515406
7304,42214.703082568609
7305,42222.638653355294
7306,42234.248389496199
7307,42235.515099826356
7308,42261.11246381652
7309,42267.076083815482
7310,42268.640865582565
7311,42281.4321521366
7312,42290.232824654806
7313,42297.171481859208
7314,42308.457986359776
7315,42317.810511504838
7316,42318.454581624828
7317,42322.720396953962
7318,42331.472788509433
7319,42339.045488470554
7320,42345.401876018783
7321,42350.362543687013
7322,42354.675201276317
7323,42361.817253249916
7324,42376.126524990024
7325,42385.571169769697
7326,42400.133399932587
7327,42407.595802932316
7328,42414.004614399724
7329,42433.203378679667
7330,42436.670852084622
7331,42446.221798089289
7332,42462.54011871088
7333,42464.644073377291
7334,42469.439665296035
7335,42484.585619891848
7336,42492.305239637288
7337,42505.825247918387
7338,42514.144093492112
7339,42531.886775361338
7340,42541.568515670653
7341,42552.292611995144
7342,42560.197374347845
7343,42563.92336623538
7344,42568.702467873802
7345,42577.013682818389
7346,42582.601699732775
7347,42595.142784185889
7348,42604.400678023376
7349,42612.679404311646
7350,42618.03079788688
7351,42629.154375715123
7352,42633.588571503686
7353,42640.958690468186
7354,42652.007165854135
7355,42659.263911882612
7356,42663.533871582214
7357,42673.741129359143
7358,42693.636473547034
7359,42700.171864207106
7360,42709.490913982336
7361,42713.93951509559
7362,42722.262741379367
7363,42730.080112364012
7364,42738.857384546194
7365,42742.030401901975
7366,42752.439740126036
7367,42763.39947224503
7368,42764.91887081504
7369,42766.808519814884
7370,42773.404912600854
7371,42790.66977773184
7372,42803.485905090783
7373,42813.493524005011
7374,42818.459481454018
7375,42823.744485812946
7376,42827.609397740285
7377,42834.865237882492
7378,42841.55049034502
7379,42854.234155387909
7380,42860.468148795604
7381,42870.958917569355
7382,42875.531649641904
7383,42886.799768945988
7384,42895.062719503847
7385,42901.104315268152
7386,42907.53549241586
7387,42923.640838581538
7388,42934.140486920369
7389,42940.964532059501
7390,42945.617271420117
7391,42947.560199876192
7392,42955.625619995903
7393,42960.432690915055
7394,42975.988667792219
7395,42989.317569665065
7396,42993.951657282378
7397,43003.86097397565
7398,43014.582647014548
7399,43016.313914578379
7400,43019.236491274634
7401,43028.005244327163
7402,43046.937950736552
7403,43051.899726526935
7404,43065.736856645664
7405,43067.344558107863
7406,43077.959306643912
7407,43085.242256437588
7408,43090.864523632241
7409,43103.271376686949
7410,43111.700397888308
7411,43115.154051530073
7412,43121.528908032589
7413,43127.938328401513
7414,43141.057479938056
7415,43145.296443941443
7416,43151.175370484671
7417,43157.648401651859
7418,43164.147436333311
7419,43183.660351619292
7420,43187.648003612827
7421,43195.518827637621
7422,43208.788892550692
7423,43228.548955672908
7424,43232.965717858875
7425,43235.51268053626
7426,43249.323423686161
7427,43255.84223658032
7428,43262.441611625873
7429,43270.763103370453
7430,43286.648754179638
7431,43292.764789989706
7432,43303.320090033412
7433,43313.014938150991
7434,43318.607852804271
7435,43323.60228919013
7436,43325.02196837779
7437,43332.403615064548
7438,43339.382440093374
7439,43342.416067136772
7440,43365.060983369345
7441,43367.787750069248
7442,43374.8296288356
7443,43382.825522419116
7444,43394.892552245001
7445,43398.281990273099
7446,43411.645818698904
7447,43413.020207287191
7448,43427.347170347835
7449,43431.70652175651
7450,43439.366316276959
7451,43444.398433739007
7452,43454.69621922676
7453,43468.324989557041
7454,43471.485305385031
7455,43483.667702485764
7456,43489.475012853356
7457,43497.503405929994
7458,43506.220339377338
7459,43515.712932423907
7460,43518.868757662
7461,43527.150662104206
7462,43535.074092377334
7463,43543.064380631171
7464,43547.138110593485
7465,43551.244160099472
7466,43560.869191392027
7467,43565.65936736374
7468,43577.453909242206
7469,43582.448238126555
7470,43591.325151253615
7471,43612.000655385214
7472,43613.184498754257
7473,43620.636804630514
7474,43626.690715353674
7475,43631.292016332074
7476,43632.030431300176
7477,43646.97893974551
7478,43653.008532255204
7479,43662.795313909279
7480,43670.500423328835
7481,43677.104912954732
7482,43684.007526008667
7483,43696.447501572373
7484,43699.236338961957
7485,43707.248778641471
7486,43717.477149591672
7487,43723.188165473191
7488,43729.874325774894
7489,43742.984651229235
7490,43748.090337540867
7491,43750.205054456776
7492,43752.783957793406
7493,43759.408057354391
7494,43763.834012324063
7495,43779.183692070699
7496,43784.848436120483
7497,43790.537413209269
7498,43803.957511819797
7499,43812.424135954803
7500,43816.666689884172
7501,43821.168634529029
7502,43827.54075074711
7503,43832.08760018005
7504,43834.184140665224
7505,43842.367833585413
7506,43849.813685667228
7507,43854.101276966248
7508,43863.685930183914
7509,43865.371082550439
7510,43879.043712793755
7511,43894.712277891726
7512,43897.340927059311
7513,43906.759311728296
7514,43920.579773235171
7515,43927.694995347927
7516,43938.040494258013
7517,43948.1539951581
7518,43957.624890031897
7519,43961.085092350491
7520,43966.063225475358
7521,43975.328414797717
7522,43989.42441024103
7523,43995.075295296578
7524,43997.138308829504
7525,44011.334057979358
7526,44014.955559730886
7527,44039.00783907016
7528,44050.867887507498
7529,44055.824386851171
7530,44063.309246211087
7531,44069.929333342756
7532,44077.317784248749
7533,44084.618653556725
7534,44101.216540019304
7535,44106.096134376457
7536,44108.748504006544
7537,44121.813952572018
7538,44131.052864140715
7539,44136.993191327543
7540,44145.608117143791
7541,44154.411157218688
7542,44158.301331672141
7543,44176.100352296504
7544,44183.281793478542
7545,44184.021143222235
7546,44192.570525943192
7547,44198.774926873964
7548,44205.805880033287
7549,44224.308073546556
7550,44226.035647509394
7551,44232.901243223794
7552,44253.2312173225
7553,44257.322765563578
7554,44268.269662471139
7555,44284.041798931576
7556,44294.301039546859
7557,44299.009315636176
7558,44303.544122321895
7559,44309.467418306645
7560,44321.534303410139
7561,44336.348309870009
7562,44341.479361638361
7563,44344.021301726018
7564,44349.410082882976
7565,44361.086263570709
7566,44365.466726808096
7567,44381.012820899705
7568,44392.248995787748
7569,44399.268492209601
7570,44408.926145797188
7571,44416.246723482342
7572,44438.833198984983
7573,44442.91061070779
7574,44447.067117806175
7575,44455.855056578694
7576,44466.257342683144
7577,44478.007789553099
7578,44486.332084625523
7579,44491.982466435504
7580,44505.049465029981
7581,44506.871709008468
7582,44510.869023910462
7583,44519.286782802403
7584,44537.966116197385
7585,44540.755326639344
7586,44548.372979897584
7587,44553.698054572174
7588,44571.128484716188
7589,44578.208079647957
7590,44587.302182435225
7591,44589.428984621183
7592,44597.642832860496
7593,44603.622570579762
7594,44616.12072175389
7595,44621.914414775092
7596,44634.218331166056
7597,44639.913272416132
7598,44648.314388929619
7599,44662.24477548046
7600,44664.44188292788
7601,44675.128129086843
7602,44688.984142181842
7603,44693.408950031793
7604,44703.073186466667
7605,44713.658723262553
7606,44718.120189743589
7607,44725.430338970131
7608,44734.052146724171
7609,44740.041283684594
7610,44750.918826800276
7611,44758.478805478044
7612,44767.395900099233
7613,44771.166344049736
7614,44780.28128356357
7615,44793.238473441881
7616,44794.638169562022
7617,44803.590273971065
7618,44812.700648601021
7619,44818.585331472503
7620,44828.503542060542
7621,44839.568214030194
7622,44849.783212567687
7623,44859.405234401398
7624,44866.30959405881
7625,44875.222400323233
7626,44879.02996029416
7627,44884.189300057405
7628,44891.167777353781
7629,44907.173018832131
7630,44922.584655752187
7631,44936.53070515061
7632,44941.228525153892
7633,44947.196833752911
7634,44959.644856166044
7635,44975.62903298797
7636,44979.056233238385
7637,44980.674030834802
7638,44994.164594762602
7639,44996.096171378107
7640,45004.240954886991
7641,45005.594207742397
7642,45017.906941065135
7643,45020.22605515024
7644,45030.636029445261
7645,45043.438589023302
7646,45050.566279333718
7647,45057.072626095658
7648,45062.590357861263
7649,45075.616451116992
7650,45089.876809344612
7651,45095.748084777872
7652,45100.774601080666
7653,45110.597362273213
7654,45121.73838433429
7655,45125.002551783284
7656,45136.876218847567
7657,45142.469472194425
7658,45148.778967599537
7659,45157.45884758098
7660,45164.955320724112
7661,45172.698763647888
7662,45180.765647154694
7663,45183.883719390331
7664,45192.661582961315
7665,45203.162419822293
7666,45225.020094568208
7667,45237.128839607169
7668,45240.598908865606
7669,45249.108069253103
7670,45261.682542771588
7671,45270.09344239605
7672,45273.770884023652
7673,45281.646448091655
7674,45289.718308312004
7675,45298.276543251734
7676,45306.438850388877
7677,45310.182704107407
7678,45313.223236164209
7679,45325.81371489817
7680,45339.997164102409
7681,45341.126802519022
7682,45350.506758307572
7683,45359.221569642708
7684,45381.371465380813
7685,45390.692657973952
7686,45401.196073707411
7687,45412.221199347383
7688,45416.921382987908
7689,45421.853228527267
7690,45431.961267531849
7691,45440.841268964446
7692,45452.520576854149
7693,45458.22645825152
7694,45463.006494562716
7695,45469.092058921357
7696,45477.892325308079
7697,45484.759410615392
7698,45494.839433414862
7699,45506.580750166817
7700,45520.090543711573
7701,45525.10515848326
7702,45529.836753935051
7703,45533.902016492189
7704,45539.95491178886
7705,45555.295615036397
7706,45559.92229291601
7707,45576.692839110896
7708,45584.675764169653
7709,45592.060103193675
7710,45602.276045307095
7711,45603.737213982262
7712,45612.207783840371
7713,45625.336380173794
7714,45630.722483258338
7715,45645.311198031632
7716,45650.554054826272
7717,45652.876561963218
7718,45657.544556952671
7719,45665.219662212592
7720,45669.564839258179
7721,45676.293230009956
7722,45696.703820030096
7723,45699.711089771467
7724,45707.975524589747
7725,45719.148006178046
7726,45723.945442568584
7727,45730.999181028259
7728,45736.277148133435
7729,45745.47905844709
7730,45756.46353829361
7731,45764.286252022663
7732,45774.786818589586
7733,45780.846032027286
7734,45783.670978133166
7735,45791.206935821276
7736,45796.354520372173
7737,45815.781969095588
7738,45821.693232541722
7739,45829.057336928934
7740,45838.80863709101
7741,45840.864409824389
7742,45851.167605276431
7743,45862.073348868929
7744,45871.832415079502
7745,45874.70854832953
7746,45887.928466085752
7747,45890.84762485393
7748,45901.721594074232
7749,45909.251771610943
7750,45914.37594438286
7751,45922.584234237984
7752,45924.881255149194
7753,45929.294874236119
7754,45934.521699509707
7755,45946.29702485232
7756,45947.914866051178
7757,45954.318087544714
7758,45955.465978620414
7759,45966.304871173757
7760,45973.288734886861
7761,45983.032475128814
7762,45989.439550622039
7763,45995.935890122084
7764,46004.359785327208
7765,46017.439966413811
7766,46023.655776825901
7767,46028.35056381001
7768,46042.359993999446
7769,46043.496988823994
7770,46048.291096674147
7771,46056.367045998239
7772,46059.11649702429
7773,46072.073100210684
7774,46075.393223282881
7775,46079.333125277313
7776,46091.383272422594
7777,46105.479703847348
7778,46112.912338430084
7779,46120.052279453579
7780,46123.63299265191
7781,46138.698683845687
7782,46148.640232607679
7783,46157.563340707988
7784,46162.172957880539
7785,46173.790077811507
7786,46187.264745392989
7787,46195.868716067336
7788,46200.549900429898
7789,46221.273603022106
7790,46228.289014399663
7791,46234.63865881024
7792,46243.160372375547
7793,46243.816756073044
7794,46252.130817678131
7795,46265.359708679149
7796,46268.297929280161
7797,46281.338603891883
7798,46285.553492134517
7799,46294.548844297053
7800,46305.996905090477
7801,46318.684467375635
7802,46325.020821375307
7803,46339.941394430505
7804,46342.62312885977
7805,46348.225090052256
7806,46360.007862562714
7807,46363.552766310771
7808,46376.308331865883
7809,46394.040570312238
7810,46397.025274397187
7811,46403.93015826631
7812,46405.465120016415
7813,46421.165869228025
7814,46428.009212856094
7815,46432.0081899496
7816,46453.103129310628
7817,46460.814128590144
7818,46464.215703598165
7819,46472.01562832739
7820,46480.2197806494
7821,46488.775346392424
7822,46501.085360727237
7823,46515.693140401316
7824,46523.90691980625
7825,46531.336470618706
7826,46545.608604734589
7827,46548.583178358975
7828,46557.931648409511
7829,46568.911188299295
7830,46579.006122848768
7831,46584.252687858178
7832,46600.127035873265
7833,46607.53173817374
7834,46616.818312551528
7835,46620.78000183226
7836,46623.023542001909
7837,46631.65571569404
7838,46640.743071237324
7839,46644.906111988763
7840,46654.66711778532
7841,46664.475426691148
7842,46678.013482111317
7843,46685.195477730471
7844,46694.07333148046
7845,46699.767636572833
7846,46716.041796091253
7847,46725.5468884441
7848,46728.234670203878
7849,46737.102577345293
7850,46756.921009001831
7851,46763.762018170659
7852,46770.691968881663
7853,46776.587637199387
7854,46792.09838248395
7855,46797.675295626235
7856,46804.598780216111
7857,46811.579942436998
7858,46827.150485080412
7859,46833.563191208967
7860,46836.821760485691
7861,46840.010999674967
7862,46853.794739341844
7863,46858.664246162298
7864,46871.4690279633
7865,46882.063188578744
7866,46884.660872155815
7867,46895.877018907726
7868,46908.03100023661
7869,46911.577737645202
7870,46925.004964763713
7871,46937.301167099104
7872,46944.918083379591
7873,46949.875653864976
7874,46953.988149189441
7875,46961.477156526234
7876,46971.293008248991
7877,46972.735906550712
7878,46976.408701428998
7879,46982.871936753632
7880,46996.960892822448
7881,47005.635565725242
7882,47012.86328185552
7883,47021.697523139475
7884,47034.894612411474
7885,47042.563528528517
7886,47057.038684720632
7887,47071.301687168059
7888,47075.1451956483
7889,47085.157511296733
7890,47097.79070239421
7891,47115.440933309743
7892,47121.014085656439
7893,47132.143119732056
7894,47135.95433185008
7895,47140.052560427655
7896,47145.603368425618
7897,47153.580690228235
7898,47155.221241564221
7899,47171.333636788659
7900,47176.425768622583
7901,47183.0573856712
7902,47192.09033468493
7903,47207.061965272973
7904,47216.949975333227
7905,47227.483997284355
7906,47237.969744906404
7907,47244.235821784627
7908,47246.230117989195
7909,47256.510581743991
7910,47271.490134140899
7911,47276.637280848881
7912,47284.39790461681
7913,47286.697761395168
7914,47308.605725652465
7915,47310.594216292942
7916,47315.144191189676
7917,47330.061376225756
7918,47332.298458526748
7919,47339.778278884725
7920,47356.366673875564
7921,47358.52213582892
7922,47362.507867517867
7923,47372.14527340942
7924,47379.574435608061
7925,47398.028552289579
7926,47405.522321887023
7927,47407.62969747217
7928,47425.986913125387
7929,47429.806482677966
7930,47433.259804822388
7931,47443.649995331041
7932,47451.142609633134
7933,47457.075992623249
7934,47475.40498475475
7935,47480.781264252109
7936,47485.667863642928
7937,47494.475882549479
7938,47506.932330044903
7939,47512.847328874261
7940,47519.873113903916
7941,47526.326911630189
7942,47534.858588657073
7943,47541.464391126632
7944,47547.341476164678
7945,47556.20760630344
7946,47565.874926143202
7947,47574.196519613062
7948,47583.048939919783
7949,47589.098993383202
7950,47597.333231028613
7951,47606.973795152888
7952,47615.045652843561
7953,47622.10686575561
7954,47632.268707047995
7955,47637.091117819204
7956,47641.544076302598
7957,47651.456932002591
7958,47655.517523873226
7959,47663.42712348514
7960,47672.618027770586
7961,47681.225101111711
7962,47688.827523372885
7963,47698.180445312028
7964,47706.904642451009
7965,47717.792869860525
7966,47719.991776369003
7967,47732.968785131845
7968,47742.27233317637
7969,47748.356089800378
7970,47765.82430758782
7971,47773.223488293057
7972,47774.525759105891
7973,47784.056937471862
7974,47804.778699533643
7975,47810.383980557439
7976,47817.006258261536
7977,47823.66044475641
7978,47830.269410443041
7979,47834.237005141506
7980,47841.033225869083
7981,47849.620081795903
7982,47854.195354866191
7983,47859.387984167224
7984,47874.844697356806
7985,47886.944789830573
7986,47894.156230600973
7987,47905.635587245961
7988,47910.377820400223
7989,47914.077924820995
7990,47919.085501267327
7991,47931.010887679535
7992,47942.194521643731
7993,47949.058456402687
7994,47952.715699108012
7995,47961.839964854546
7996,47967.364813222084
7997,47970.375376062402
7998,47982.475631885405
7999,47996.161856727973
8000,47998.899193303223
8001,48009.307810807448
8002,48015.034061680177
8003,48030.04486512766
8004,48035.948411265832
8005,48048.019785658144
8006,48052.314689092833
8007,48055.814326457345
8008,48065.013472531966
8009,48066.420937215007
8010,48079.600264034678
8011,48084.763647977656
8012,48095.185118110392
8013,48109.336001250711
8014,48117.873699137104
8015,48119.282638142802
8016,48124.514254941314
8017,48133.004763056822
8018,48138.374014966335
8019,48151.433558684999
8020,48152.646698564378
8021,48157.356622859486
8022,48165.570585148154
8023,48183.496562887027
8024,48186.180649194124
8025,48190.096987807774
8026,48195.640016893311
8027,48206.576327906245
8028,48218.900249949547
8029,48225.296024694246
8030,48232.509685052319
8031,48238.596298600285
8032,48241.902398413309
8033,48258.574738707714
8034,48270.914342280586
8035,48275.901241946776
8036,48284.753066253659
8037,48290.198141759683
8038,48306.614955513294
8039,48313.061966065994
8040,48317.169834054665
8041,48322.21261604422
8042,48336.435724492003
8043,48339.917619004336
8044,48353.416962609415
8045,48357.380349799249
8046,48369.223653660658
8047,48377.645293529007
8048,48386.119261668275
8049,48388.366021692913
8050,48395.161311945441
8051,48399.654769646935
8052,48406.907650769739
8053,48415.488228492388
8054,48417.862924983681
8055,48424.702690026017
8056,48432.673870780593
8057,48440.442647145035
8058,48442.936156834578
8059,48452.748107628533
8060,48456.757880517609
8061,48459.329300948761
8062,48477.712424529818
8063,48493.857385027848
8064,48495.430270187062
8065,48500.113746560339
8066,48515.712691226247
8067,48518.940986087924
8068,48537.381045902788
8069,48548.741272724728
8070,48550.934163206832
8071,48553.718206389618
8072,48563.356112312707
8073,48573.665657376798
8074,48578.792387457353
8075,48595.542810724073
8076,48602.843005288269
8077,48606.832119743034
8078,48620.112963774111
8079,48627.187855230273
8080,48632.217167725423
8081,48645.223345253915
8082,48647.16357411971
8083,48654.676001888678
8084,48660.64538937754
8085,48674.858533882827
8086,48677.643529917106
8087,48691.242210201548
8088,48699.998136224342
8089,48715.805147686675
8090,48724.840509780908
8091,48727.348543861641
8092,48738.008963836844
8093,48747.295252671058
8094,48759.271418806769
8095,48767.058526721572
8096,48778.819322285504
8097,48791.116434202137
8098,48792.921646263771
8099,48802.653092263463
8100,48814.785405677641
8101,48823.370105805734
8102,48826.359159671185
8103,48834.825580118952
8104,48837.658195401484
8105,48852.799852012773
8106,48860.826447317522
8107,48875.178798478053
8108,48881.449103272374
8109,48887.620593924927
8110,48894.828736684642
8111,48901.861967502715
8112,48907.958633100243
8113,48922.407335888813
8114,48936.450226277593
8115,48941.426419655276
8116,48957.335073783543
8117,48965.147493694232
8118,48971.986389190824
8119,48983.884188497825
8120,48988.606591538162
8121,48995.955594082719
8122,49004.484387286175
8123,49011.365647970066
8124,49031.861346602826
8125,49038.626922217678
8126,49044.282292752854
8127,49054.596519913517
8128,49065.71155065651
8129,49074.067907104931
8130,49086.282871364783
8131,49093.867157359149
8132,49100.437527730253
8133,49104.713199309583
8134,49111.314991471038
8135,49128.925806271487
8136,49137.079511367141
8137,49148.948269395172
8138,49150.343488395294
8139,49158.854206638309
8140,49163.388547681352
8141,49181.075330319305
8142,49187.906900092057
8143,49200.302049881073
8144,49207.03373338189
8145,49210.633714485826
8146,49223.965794994314
8147,49237.916181350804
8148,49240.204732047452
8149,49244.123982425881
8150,49256.546954999263
8151,49261.501167672002
8152,49274.544845414603
8153,49284.924581186533
8154,49289.358042616142
8155,49299.907609419432
8156,49314.646296955776
8157,49323.610933747463
8158,49327.835454257809
8159,49334.687207970062
8160,49341.724720833568
8161,49348.934207442173
8162,49366.207170266331
8163,49368.294446764136
8164,49371.178164845027
8165,49377.287119805929
8166,49396.102821283959
8167,49408.000319161649
8168,49410.571769597955
8169,49422.72153811028
8170,49425.150334151287
8171,49444.885011775077
8172,49453.337042130945
8173,49460.724302904797
8174,49468.51995447489
8175,49477.546251124659
8176,49491.012951389501
8177,49496.085030111462
8178,49503.236641042713
8179,49510.242575313292
8180,49518.910995448387
8181,49531.462400434917
8182,49536.550751349168
8183,49550.72599636823
8184,49558.678295589554
8185,49562.66391160187
8186,49567.279091063996
8187,49584.098414102977
8188,49590.937388517006
8189,49597.29489628828
8190,49607.166923610239
8191,49610.61460799339
8192,49622.944398421474
8193,49633.029030654376
8194,49646.813344340189
8195,49654.147424758368
8196,49655.189609896719
8197,49667.639356138752
8198,49677.976351382124
8199,49685.473871850438
8200,49691.76821853275
8201,49699.550285847537
8202,49715.45490819629
8203,49720.54238897554
8204,49725.383819165829
8205,49732.525016226813
8206,49741.190026110482
8207,49746.613374422916
8208,49760.16317188034
8209,49769.268746794594
8210,49780.703834694199
8211,49784.199171415617
8212,49789.228116430728
8213,49801.542705206681
8214,49806.290919190826
8215,49819.495861477313
8216,49826.026690543775
8217,49837.920511757686
8218,49846.957824234873
8219,49853.667626732458
8220,49859.219139363086
8221,49864.884622854253
8222,49867.499108547796
8223,49881.04004923068
8224,49890.190528149753
8225,49903.203650552619
8226,49908.946043465905
8227,49920.376024725621
8228,49920.748975869399
8229,49927.951502914628
8230,49938.223136717847
8231,49939.783057324763
8232,49947.1570659309
8233,49954.433046051752
8234,49964.41370677232
8235,49968.10057724471
8236,49973.980651870967
8237,49977.809554588828
8238,49987.906834788591
8239,49998.544274400185
8240,50014.624515976488
8241,50031.358620845895
8242,50033.934459918637
8243,50040.134347568768
8244,50046.374117975414
8245,50054.906190380942
8246,50058.362604732181
8247,50075.838247673149
8248,50081.358723902915
8249,50095.03227277338
8250,50100.353249601802
8251,50105.233949507645
8252,50113.429282497746
8253,50119.232539773388
8254,50125.794041996691
8255,50144.787558584918
8256,50147.473063584548
8257,50155.591077074452
8258,50160.95011622367
8259,50166.945785113712
8260,50176.265951759051
8261,50180.997914188643
8262,50186.543980148985
8263,50196.278123696706
8264,50205.498591947558
8265,50216.668039671145
8266,50228.433623249679
8267,50237.035698049163
8268,50247.425033230749
8269,50249.764691994547
8270,50260.993862262832
8271,50264.307120097343
8272,50268.501866104052
8273,50277.491168721892
8274,50289.254160649158
8275,50298.256092870412
8276,50299.130470940392
8277,50307.593434907452
8278,50310.80974391575
8279,50316.190515024049
8280,50326.7497658797
8281,50332.413913655284
8282,50336.252410797322
8283,50340.740307532484
8284,50363.076666219516
8285,50365.776495247868
8286,50376.909579702085
8287,50387.733174691071
8288,50390.312993355437
8289,50402.188640012559
8290,50414.47731931867
8291,50428.294418022269
8292,50440.285001529002
8293,50444.654346900548
8294,50449.329645679187
8295,50458.795011443086
8296,50470.412918688809
8297,50471.977436900939
8298,50482.699923364598
8299,50487.806325196703
8300,50504.572005611597
8301,50509.429500539693
8302,50516.675575224566
8303,50519.457806566221
8304,50528.508901150024
8305,50537.558006989166
8306,50545.250999316544
8307,50550.609994510727
8308,50555.06227424289
8309,50562.245009978171
8310,50570.858006643713
8311,50575.638864574474
8312,50578.159308587936
8313,50587.506083311637
8314,50605.425799183482
8315,50614.29963984518
8316,50626.022264488362
8317,50638.424138941438
8318,50647.988032978552
8319,50652.976479893856
8320,50656.568632690156
8321,50665.167166498577
8322,50679.349565443248
8323,50689.636098693489
8324,50702.891512752867
8325,50713.341097291734
8326,50715.976644482995
8327,50719.235341445601
8328,50728.762425941823
8329,50734.256001424226
8330,50750.816526547867
8331,50758.96673127031
8332,50766.040161775214
8333,50769.08020546021
8334,50782.482223126237
8335,50785.243915343643
8336,50794.208589843045
8337,50799.433007706393
8338,50803.471554599673
8339,50811.434865376388
8340,50820.541410327351
8341,50824.257884772887
8342,50827.140279050611
8343,50837.484665261953
8344,50848.881007487791
8345,50867.45169944605
8346,50874.390449372127
8347,50876.79149242898
8348,50882.693971085559
8349,50885.976551626569
8350,50894.874264805534
8351,50907.682646441703
8352,50916.555874627848
8353,50917.256931258686
8354,50937.298559269999
8355,50943.255104467651
8356,50946.597514121713
8357,50962.249482227446
8358,50964.171016775173
8359,50969.592874989823
8360,50988.132313852948
8361,50989.682099942969
8362,50994.905003395805
8363,51006.006968177338
8364,51014.535504507621
8365,51028.549407718841
8366,51031.097231435611
8367,51037.356904326705
8368,51043.033320150527
8369,51053.454490573029
8370,51065.580060022956
8371,51076.934782412456
8372,51093.01714703472
8373,51096.824965112246
8374,51098.484945235294
8375,51106.461212798749
8376,51118.613702918621
8377,51136.434962542357
8378,51142.230830010158
8379,51149.458567897622
8380,51158.542851556558
8381,51172.486243194377
8382,51176.528903521983
8383,51181.541243206295
8384,51195.797457467204
8385,51207.476213503054
8386,51212.055499608869
8387,51224.082420455896
8388,51234.911902687512
8389,51249.060416322194
8390,51256.158755110831
8391,51268.189685890524
8392,51269.603503384591
8393,51281.009622509257
8394,51284.974991235678
8395,51290.321687957876
8396,51293.396309823955
8397,51311.253314472633
8398,51319.938629726617
8399,51328.94657746984
8400,51338.103543993515
8401,51354.902947802657
8402,51369.585000084662
8403,51372.484515407967
8404,51376.025439030622
8405,51377.970937122205
8406,51384.496783196417
8407,51403.32483366011
8408,51411.754268040706
8409,51419.110730235072
8410,51436.20929915522
8411,51444.959565704477
8412,51449.510573365718
8413,51453.264840257696
8414,51461.853078443164
8415,51469.086168788039
8416,51484.936035288745
8417,51487.067432776326
8418,51509.195424784222
8419,51526.333317945289
8420,51528.444505603991
8421,51532.665970024231
8422,51541.127181421318
8423,51545.388605807922
8424,51548.949841807545
8425,51570.16674169209
8426,51581.476441183993
8427,51592.238792644144
8428,51594.345998366087
8429,51604.58394700662
8430,51606.868337014777
8431,51614.944146859467
8432,51616.024805327543
8433,51627.568953150723
8434,51640.649136769971
8435,51643.112570846468
8436,51653.906779466255
8437,51671.43316995295
8438,51680.999398730433
8439,51688.63434210221
8440,51694.529593545376
8441,51700.758884141367
8442,51703.141514432406
8443,51712.626618243194
8444,51720.87976149156
8445,51732.634644010337
8446,51738.251892815599
8447,51743.555522804891
8448,51756.72339754687
8449,51759.540080593135
8450,51766.865073712281
8451,51775.698094882675
8452,51780.199041778746
8453,51794.147721460016
8454,51798.372338593006
8455,51814.510166289911
8456,51817.584214702438
8457,51822.984594450012
8458,51825.7828897988
8459,51834.60465049083
8460,51845.022063610297
8461,51857.014426911213
8462,51866.783509532477
8463,51878.003608140862
8464,51883.382077835136
8465,51890.976288215854
8466,51893.509480333545
8467,51911.915308700038
8468,51916.963277277755
8469,51918.759322749174
8470,51929.720666192203
8471,51938.241026567113
8472,51945.623466446559
8473,51958.858609385825
8474,51962.437830156538
8475,51972.560800544394
8476,51978.741079549167
8477,51994.919029937722
8478,52005.615968109152
8479,52013.974015046755
8480,52015.363614766662
8481,52023.635041482637
8482,52039.102117461305
8483,52044.946731896649
8484,52055.255981863636
8485,52062.325273434202
8486,52066.667368454982
8487,52070.291846820292
8488,52076.346268752066
8489,52086.034254605511
8490,52095.334762586717
8491,52098.699654516749
8492,52101.440497067379
8493,52123.529740090067
8494,52134.558483073444
8495,52139.113547262932
8496,52145.302772528936
8497,52155.801172384919
8498,52157.479836117018
8499,52168.99587655811
8500,52177.737556086235
8501,52192.777483180696
8502,52196.071271344801
8503,52200.225712204694
8504,52208.367770263445
8505,52219.605195320306
8506,52221.173496253599
8507,52227.63374224439
8508,52245.482508755595
8509,52250.018513804782
8510,52265.70971613373
8511,52269.569613947737
8512,52271.028102277254
8513,52279.747670811747
8514,52293.866817314651
8515,52303.332018171313
8516,52313.409126198479
8517,52327.06788835326
8518,52333.571757178011
8519,52337.509038322387
8520,52345.13831850767
8521,52353.432690476315
8522,52358.409895931945
8523,52368.965332161242
8524,52374.568495002677
8525,52381.359532571601
8526,52391.41759938727
8527,52395.817573699576
8528,52405.252027876333
8529,52425.6908027108
8530,52428.20490272902
8531,52429.867168020071
8532,52440.568216420586
8533,52455.942190287402
8534,52462.16181071489
8535,52471.959140607891
8536,52475.237465750659
8537,52486.232933453713
8538,52500.040511610234
8539,52501.496673651804
8540,52518.590907021731
8541,52527.171563103228
8542,52532.788600275198
8543,52547.689271755313
8544,52555.840446805058
8545,52567.775472870191
8546,52573.745131702955
8547,52576.787276596246
8548,52583.644469242587
8549,52592.676589833223
8550,52606.623846733091
8551,52612.558228277143
8552,52617.803441557786
8553,52623.717906962149
8554,52638.112769515195
8555,52647.083088261003
8556,52657.189149700833
8557,52664.98298459786
8558,52679.487719151861
8559,52682.731783410229
8560,52690.197533255305
8561,52697.584971312943
8562,52704.51682326138
8563,52719.044927900031
8564,52721.909045604734
8565,52728.986705911775
8566,52735.561699163496
8567,52740.186873830993
8568,52744.183507046626
8569,52758.293976188215
8570,52763.037863583297
8571,52778.164606171216
8572,52788.020216481375
8573,52797.816978110182
8574,52805.355097373948
8575,52813.926429176317
8576,52828.778647807914
8577,52830.938483803046
8578,52833.603273277608
8579,52855.824303582311
8580,52866.030842613305
8581,52866.591735131107
8582,52875.066347754357
8583,52882.021774255423
8584,52889.276165011579
8585,52894.935570561029
8586,52899.725276997749
8587,52906.246288423812
8588,52917.622642648792
8589,52925.336062425915
8590,52932.65795534839
8591,52935.526029777277
8592,52938.81822294648
8593,52949.926920066253
8594,52959.827978498048
8595,52968.58274457966
8596,52970.076622632798
8597,52985.293773998827
8598,52991.508962893546
8599,52994.185879248049
8600,53003.172113447719
8601,53012.732640657632
8602,53014.297264028632
8603,53017.613398208661
8604,53027.317673284786
8605,53043.161857836247
8606,53048.761137682843
8607,53056.404744259766
8608,53061.078583535163
8609,53066.915015410697
8610,53083.043373827779
8611,53088.458998162074
8612,53106.517778091402
8613,53111.334589040183
8614,53117.574315898441
8615,53128.255525519387
8616,53135.809367906739
8617,53141.072337243437
8618,53151.819567465689
8619,53154.490148499302
8620,53158.076613556805
8621,53166.73934887159
8622,53183.003387271208
8623,53190.891311720865
8624,53212.654552455773
8625,53217.387855999106
8626,53224.35075901603
8627,53233.942700523279
8628,53240.910937502675
8629,53248.442234186761
8630,53255.616495755829
8631,53271.988752214398
8632,53278.241496400085
8633,53289.070618318859
8634,53299.849278731992
8635,53300.453874264327
8636,53313.088783332918
8637,53317.947159649164
8638,53327.271066063171
8639,53333.522908256426
8640,53349.13092720307
8641,53361.364767715248
8642,53369.305066671201
8643,53371.507850098198
8644,53381.376787324065
8645,53387.241434318021
8646,53396.984374255771
8647,53401.19066215535
8648,53412.581340423094
8649,53418.587551132907
8650,53421.538226032331
8651,53432.95473481845
8652,53436.254360357263
8653,53449.506997088072
8654,53452.228466383924
8655,53458.472558729401
8656,53467.197402507474
8657,53481.922781587535
8658,53490.489980087237
8659,53495.418343157951
8660,53500.099506010003
8661,53509.836557786875
8662,53519.256672099851
8663,53526.773073860808
8664,53528.560260641483
8665,53543.608612306016
8666,53547.288360647544
8667,53555.69294617277
8668,53565.009522157503
8669,53568.881767629005
8670,53579.480167410729
8671,53589.427847250787
8672,53599.367545300454
8673,53601.28093942027
8674,53606.187490956858
8675,53613.107017664886
8676,53623.026137635425
8677,53633.070889773524
8678,53641.253201000014
8679,53650.862637556122
8680,53658.579867924571
8681,53663.734571473557
8682,53679.839985785162
8683,53684.193419757677
8684,53688.498091037713
8685,53696.286907911875
8686,53701.738680681534
8687,53712.289396166765
8688,53717.667225489873
8689,53726.137050975318
8690,53727.700357812304
8691,53741.735308957832
8692,53752.763924253966
8693,53759.728100833156
8694,53763.052286360398
8695,53775.116245571684
8696,53785.076420780257
8697,53791.504789715284
8698,53802.132198808889
8699,53812.420621983241
8700,53825.950037486284
8701,53833.426063479317
8702,53844.215110038465
8703,53847.166522034553
8704,53852.406059192101
8705,53867.386801683504
8706,53873.126082349932
8707,53876.979513830534
8708,53885.097547472702
8709,53888.19174642954
8710,53898.804228251531
8711,53904.410893470296
8712,53909.8979928396
8713,53925.513418179355
8714,53927.200562243292
8715,53939.174106534425
8716,53943.347025399467
8717,53949.606411698376
8718,53954.020325037534
8719,53959.030850254283
8720,53970.459914605482
8721,53975.061721349404
8722,53988.596570168113
8723,53998.523035624843
8724,54000.403384044199
8725,54012.842849620843
8726,54021.323429716213
8727,54027.440513111324
8728,54031.010751959024
8729,54038.647453033183
8730,54051.818788944271
8731,54060.323180995751
8732,54063.07643424494
8733,54071.159209381796
8734,54079.191165485558
8735,54086.893274463822
8736,54091.800057036169
8737,54096.8501532464
8738,54109.175343538038
8739,54118.549420041221
8740,54120.929528627945
8741,54133.118475888965
8742,54138.473813483703
8743,54145.685754113889
8744,54149.012432853589
8745,54170.595225848389
8746,54175.407996936279
8747,54186.571766354682
8748,54189.970983052917
8749,54197.945186467026
8750,54207.45776736999
8751,54209.34181930474
8752,54211.81057547516
8753,54225.437346299826
8754,54229.876412927588
8755,54254.905952833309
8756,54256.321929867649
8757,54264.150843410425
8758,54268.588256492942
8759,54275.432468549669
8760,54279.955549926643
8761,54287.930939910817
8762,54298.36664331823
8763,54303.922532076089
8764,54305.507872305345
8765,54314.616566972843
8766,54320.794785031489
8767,54332.493463744133
8768,54339.464900474122
8769,54343.834355677463
8770,54357.036760652933
8771,54372.270092036946
8772,54376.472019125802
8773,54377.80455921001
8774,54393.644008690273
8775,54400.932210971376
8776,54412.281860391297
8777,54417.809221574804
8778,54433.602279966261
8779,54450.781311364379
8780,54461.984580243152
8781,54465.90940947982
8782,54472.790158724005
8783,54484.848384799116
8784,54494.130473443845
8785,54499.826836661858
8786,54516.218758492192
8787,54520.419740062353
8788,54530.906038840214
8789,54533.68108022755
8790,54540.986548747569
8791,54549.029647383817
8792,54559.617724061922
8793,54562.579799991414
8794,54576.889448792521
8795,54585.549556810118
8796,54593.272431028789
8797,54598.93404337496
8798,54614.181681886366
8799,54618.247340343951
8800,54625.203480109514
8801,54636.199206183155
8802,54637.916706079384
8803,54658.009555264463
8804,54661.219488092465
8805,54666.104519900611
8806,54672.268958601984
8807,54687.520770169067
8808,54695.450747156974
8809,54699.863382298303
8810,54706.432944174994
8811,54709.467325383543
8812,54722.246815542363
8813,54731.76769796203
8814,54742.317465886619
8815,54746.39193755704
8816,54760.69266540376
8817,54769.932997578151
8818,54776.307365972629
8819,54779.473963495802
8820,54785.346106583107
8821,54795.770493479038
8822,54798.031562819022
8823,54803.582665544287
8824,54813.391135433274
8825,54818.693497357657
8826,54832.395729717886
8827,54848.848733818129
8828,54853.217193700977
8829,54860.539328854211
8830,54864.140281012238
8831,54878.85295603174
8832,54881.837353296811
8833,54894.918173815982
8834,54900.363555729171
8835,54906.798147633861
8836,54917.171082266468
8837,54921.205335098282
8838,54926.364167325555
8839,54933.266119476881
8840,54934.283023418211
8841,54938.416872415015
8842,54944.682486473706
8843,54954.481905373541
8844,54963.943885373788
8845,54966.411324297449
8846,54976.731064804531
8847,54988.037905221339
8848,54992.208547039801
8849,54993.737438144555
8850,54999.985576847816
8851,55007.889233827889
8852,55013.519814046573
8853,55021.138116433627
8854,55026.166760337204
8855,55041.181084528711
8856,55046.741699981423
8857,55055.874677182554
8858,55065.301332245035
8859,55079.607940932146
8860,55084.554429784665
8861,55086.388757304572
8862,55092.604306462308
8863,55101.818272712517
8864,55110.713594778761
8865,55118.539039827076
8866,55125.636458551649
8867,55135.282865312773
8868,55140.488060362404
8869,55143.530237889361
8870,55150.275271870356
8871,55160.661820814137
8872,55164.20585748204
8873,55180.252418750744
8874,55188.110274637183
8875,55192.337825696181
8876,55197.691558639177
8877,55200.804824878564
8878,55214.517029631126
8879,55219.756783885277
8880,55226.620170133327
8881,55236.795478308086
8882,55254.391415864673
8883,55258.127496786045
8884,55271.090790767179
8885,55271.387503068814
8886,55284.882984321812
8887,55287.906707804272
8888,55293.681865309911
8889,55308.755907464169
8890,55317.392774296502
8891,55330.136352248221
8892,55335.515263220972
8893,55338.700813325704
8894,55341.93877847425
8895,55342.280090237065
8896,55359.015583542765
8897,55370.27645121501
8898,55377.83628346106
8899,55386.287411652826
8900,55389.642842928195
8901,55395.456752410864
8902,55396.945124511432
8903,55408.153350656234
8904,55413.954717914392
8905,55430.673075034138
8906,55436.2682132474
8907,55441.89197721098
8908,55451.178754813947
8909,55466.4137717915
8910,55468.991712040166
8911,55469.878825665772
8912,55491.46522824002
8913,55495.147132017075
8914,55500.138297752441
8915,55503.498584757195
8916,55513.747166087865
8917,55521.982636261979
8918,55529.391376263338
8919,55535.241330813595
8920,55538.117042622755
8921,55545.422774059778
8922,55558.420541106854
8923,55564.985038175444
8924,55581.808426035917
8925,55584.809369124698
8926,55590.481232407838
8927,55600.576259306188
8928,55610.70802605644
8929,55618.741375321923
8930,55628.30767583842
8931,55638.978850152656
8932,55641.894773873428
8933,55659.491531020569
8934,55665.573582792218
8935,55670.174391806206
8936,55674.632538181831
8937,55685.664909104416
8938,55704.865254676646
8939,55708.908981441491
8940,55711.078266095719
8941,55716.858316413345
8942,55727.175329916776
8943,55731.774355978487
8944,55739.477683667421
8945,55747.523420525737
8946,55756.724003910393
8947,55759.385302416558
8948,55765.317354736435
8949,55777.544933929319
8950,55782.141196342724
8951,55783.832198657052
8952,55793.226709334369
8953,55799.760585872864
8954,55804.761160824681
8955,55816.890809697259
8956,55823.524799428851
8957,55833.769972989285
8958,55835.034846257309
8959,55847.448747240633
8960,55859.823529775073
8961,55864.26554736308
8962,55867.506520071896
8963,55885.701272345679
8964,55891.707573645617
8965,55895.629276244457
8966,55899.868345491261
8967,55909.81558692512
8968,55924.263422854165
8969,55927.233446737984
8970,55932.128930573519
8971,55939.885220410048
8972,55947.594630014544
8973,55954.298780025565
8974,55965.188993849697
8975,55968.422304400483
8976,55974.508176804375
8977,55978.157515318053
8978,55992.925488890993
8979,55998.728819417032
8980,56001.970328152522
8981,56009.125205542674
8982,56017.821926230223
8983,56021.183840374462
8984,56026.749815012488
8985,56036.3412565115
8986,56044.668282322942
8987,56053.983146059429
8988,56058.624701542423
8989,56061.882486675539
8990,56069.161837626089
8991,56086.287817126482
8992,56091.489980048987
8993,56098.009895818985
8994,56099.603582938587
8995,56108.826899247841
8996,56123.62799716516
8997,56127.666011113986
8998,56131.700209933471
8999,56145.106350719579
9000,56151.499160205967
9001,56157.40255964001
9002,56169.166797927603
9003,56182.501472554577
9004,56185.250351184128
9005,56192.738938515016
9006,56199.171859025737
9007,56203.684362954307
9008,56215.866444894615
9009,56219.675649804398
9010,56223.137202375634
9011,56230.633118868041
9012,56232.129754850699
9013,56245.388896808086
9014,56251.863283284925
9015,56263.183352582942
9016,56264.522716006664
9017,56277.337085868552
9018,56280.837746672805
9019,56289.626230517053
9020,56298.655781064008
9021,56305.428023997738
9022,56314.231633450036
9023,56326.138424474644
9024,56328.264919736313
9025,56331.19510962355
9026,56337.367165282099
9027,56341.076491307373
9028,56343.242804264606
9029,56351.418619177639
9030,56359.862298189342
9031,56366.16217587448
9032,56371.458844568348
9033,56376.460949348817
9034,56387.769979141667
9035,56392.426278207262
9036,56398.138230192279
9037,56401.932165625571
9038,56410.140211119942
9039,56420.111671971739
9040,56431.961493128707
9041,56434.456783019603
9042,56436.369716439724
9043,56441.893984875205
9044,56461.049234556558
9045,56464.433623393212
9046,56469.737591783276
9047,56481.342741007349
9048,56482.683174242884
9049,56487.424933676644
9050,56494.107739319596
9051,56501.237395188764
9052,56508.500464331984
9053,56518.317905279866
9054,56525.088534275012
9055,56531.154460972801
9056,56541.367997763518
9057,56546.776595626317
9058,56550.492416471017
9059,56559.237714844799
9060,56569.113033729154
9061,56579.219397237495
9062,56583.168518704122
9063,56592.032772986975
9064,56599.684453105583
9065,56609.520712744437
9066,56611.327143539194
9067,56620.459743429732
9068,56625.815856049179
9069,56641.402381140862
9070,56645.365887985361
9071,56650.800832966692
9072,56657.460026942688
9073,56670.620912200422
9074,56675.716641715429
9075,56679.61043678155
9076,56691.633316073247
9077,56699.149931696062
9078,56700.882512032076
9079,56712.649335313225
9080,56720.495549343774
9081,56727.713604263779
9082,56742.8686547221
9083,56752.673804532678
9084,56755.917184363796
9085,56757.544196326009
9086,56768.309556815722
9087,56777.43360789396
9088,56785.966815945962
9089,56787.73054123998
9090,56789.264628100922
9091,56800.392629693524
9092,56812.853899384572
9093,56823.335227832846
9094,56824.839322582244
9095,56833.034533535181
9096,56837.71820256699
9097,56848.621252830402
9098,56854.83031833596
9099,56861.140221315123
9100,56875.244596462195
9101,56884.594300025426
9102,56886.485702616403
9103,56897.173340506059
9104,56903.884409370236
9105,56913.322280918706
9106,56916.836115580249
9107,56924.722301558599
9108,56928.405301029794
9109,56938.017026175752
9110,56944.207696916186
9111,56946.195655936113
9112,56955.105630371145
9113,56957.552924234886
9114,56962.805502743511
9115,56964.529820334516
9116,56979.849498971984
9117,56990.992316394542
9118,56994.899229654184
9119,56998.136216879124
9120,57006.602969972366
9121,57012.57588903921
9122,57016.159722231809
9123,57025.881312923659
9124,57033.984950576632
9125,57043.964266419651
9126,57051.764029461985
9127,57059.721641276148
9128,57071.35104394568
9129,57081.889914629901
9130,57083.215479442937
9131,57086.935617915384
9132,57096.591338966697
9133,57105.709889422957
9134,57113.580879300927
9135,57120.200272937829
9136,57128.119726244848
9137,57129.823692068967
9138,57133.654838225259
9139,57141.574151367007
9140,57159.1086833519
9141,57175.901520546613
9142,57181.331375143382
9143,57189.704611229441
9144,57197.076477019793
9145,57203.472355716898
9146,57208.647910040847
9147,57213.634822587694
9148,57228.620121382024
9149,57229.522480256004
9150,57234.019240157439
9151,57242.592791009549
9152,57250.9516991493
9153,57254.827444395778
9154,57256.767992154339
9155,57265.826644428606
9156,57267.741360735323
9157,57271.31746057811
9158,57281.474430791161
9159,57286.526060271637
9160,57296.133540136216
9161,57301.126536259246
9162,57313.793445343646
9163,57321.530426815865
9164,57330.245492251837
9165,57333.922340314261
9166,57345.752427966319
9167,57348.86054066271
9168,57354.453717836477
9169,57360.747275291149
9170,57370.711490937472
9171,57377.034160906944
9172,57384.019554213904
9173,57398.25529120124
9174,57398.821579398245
9175,57413.700146522548
9176,57419.227372226167
9177,57425.279254277033
9178,57427.493215874907
9179,57434.835761279144
9180,57441.167773510744
9181,57443.575106626973
9182,57453.275433587325
9183,57461.013286575377
9184,57465.919359775791
9185,57481.816719686773
9186,57483.525121897655
9187,57494.118576945366
9188,57505.268274668524
9189,57516.439010892267
9190,57523.293377609691
9191,57529.34452931313
9192,57539.789707260177
9193,57547.292303542417
9194,57549.250128965752
9195,57556.168351076754
9196,57566.160680981848
9197,57577.26693686012
9198,57583.424263321023
9199,57587.049059437508
9200,57594.094617053481
9201,57605.402645807801
9202,57612.555955965094
9203,57617.765845700153
9204,57630.880684126176
9205,57634.933244723492
9206,57642.830774878319
9207,57652.6638113136
9208,57664.32027238921
9209,57665.135133770498
9210,57670.140777752422
9211,57675.220030678909
9212,57684.407774908999
9213,57692.288704842111
9214,57697.526740361318
9215,57710.566941411176
9216,57721.294815394336
9217,57724.206740017369
9218,57732.336380153152
9219,57735.195532874633
9220,57741.491589250254
9221,57756.192142706284
9222,57758.677440371881
9223,57765.580583176248
9224,57770.551386454448
9225,57781.6139162373
9226,57793.5435411652
9227,57797.789269016772
9228,57805.099094937817
9229,57816.169495275848
9230,57830.52545114595
9231,57837.052583794059
9232,57843.828192647234
9233,57845.625074721262
9234,57851.436313151265
9235,57856.474090080745
9236,57860.656645959432
9237,57866.467071700157
9238,57877.239760339093
9239,57884.241699254999
9240,57886.473715116532
9241,57889.410274758426
9242,57896.065553089247
9243,57902.644461987511
9244,57908.463178164973
9245,57911.106307913535
9246,57924.902786545295
9247,57932.066148544094
9248,57939.135438003483
9249,57945.496848377756
9250,57952.867818833111
9251,57955.800618354588
9252,57977.24222743501
9253,57978.66039746692
9254,57982.011891311457
9255,57995.206821178588
9256,58001.805501219555
9257,58005.76820874081
9258,58017.658187178618
9259,58030.93856805707
9260,58034.051955448369
9261,58037.153071474459
9262,58050.465536308511
9263,58057.634756022242
9264,58061.910149169729
9265,58076.215295383467
9266,58080.733422742618
9267,58093.58920702021
9268,58097.511729818412
9269,58101.702934864195
9270,58112.939016591219
9271,58119.729426536942
9272,58123.650077414684
9273,58136.410896429712
9274,58141.644563508678
9275,58147.245160448008
9276,58152.373229793782
9277,58158.381162233425
9278,58166.387672182922
9279,58169.860074057775
9280,58177.602901628554
9281,58179.061930530821
9282,58185.65192779951
9283,58202.45657255991
9284,58207.403400772411
9285,58212.191222656904
9286,58218.334241769677
9287,58221.555384242165
9288,58229.392176734495
9289,58243.952693399253
9290,58247.307247544377
9291,58253.539673743537
9292,58264.846703177682
9293,58272.473119360009
9294,58276.765671441564
9295,58281.505456188606
9296,58293.103034539832
9297,58303.720975359342
9298,58307.088719358027
9299,58311.018983302471
9300,58314.066642823091
9301,58322.667977431338
9302,58326.548951961522
9303,58336.616043034519
9304,58341.357509470945
9305,58352.693011789386
9306,58357.25402432074
9307,58371.77692085303
9308,58376.866960003215
9309,58381.798508118736
9310,58391.264599190639
9311,58395.956353187517
9312,58405.438576392029
9313,58412.674946757572
9314,58422.901723040624
9315,58430.576176646187
9316,58437.396443077007
9317,58439.887307361969
9318,58453.312123020973
9319,58457.259085763908
9320,58459.40588457002
9321,58465.041775816993
9322,58480.920233283803
9323,58488.784433625195
9324,58491.300782738159
9325,58497.492575100943
9326,58507.111777036342
9327,58514.016305087003
9328,58524.579492414618
9329,58529.038169834042
9330,58539.184344042478
9331,58546.233394752693
9332,58558.470015212173
9333,58562.080638940468
9334,58570.828572050617
9335,58571.756900774897
9336,58583.794897174419
9337,58595.44801859415
9338,58605.856065428998
9339,58608.550545786275
9340,58622.33965201128
9341,58627.253277531578
9342,58631.174867528789
9343,58639.456664004094
9344,58649.101134979035
9345,58659.855458251666
9346,58665.980862735363
9347,58677.880184102585
9348,58685.010661403248
9349,58689.757933427762
9350,58694.25686342371
9351,58698.452036312017
9352,58711.866970685856
9353,58720.137676660284
9354,58728.930272387006
9355,58729.432644367575
9356,58738.684389450042
9357,58743.711131091128
9358,58751.900066096699
9359,58759.758628637152
9360,58763.98908946052
9361,58769.262639555564
9362,58777.360629196242
9363,58789.48277189894
9364,58801.45070669266
9365,58802.508965640736
9366,58804.67582085725
9367,58813.587699387004
9368,58822.528922174635
9369,58834.66335424516
9370,58838.783995321624
9371,58850.886477907581
9372,58857.31192330327
9373,58862.531983336528
9374,58873.500906992143
9375,58878.193409813146
9376,58883.840110225472
9377,58899.493714276934
9378,58905.185173668353
9379,58908.499239781107
9380,58918.303777080204
9381,58924.4096652878
9382,58942.904179223791
9383,58946.508532993357
9384,58950.057577514832
9385,58959.285717963263
9386,58977.987565051924
9387,58985.36872502615
9388,58986.770886556864
9389,58997.165725570325
9390,59002.67577873468
9391,59007.602165381191
9392,59016.755253891999
9393,59020.553730120926
9394,59030.680437471055
9395,59046.397337269424
9396,59055.089749460356
9397,59058.827680911338
9398,59074.0345593436
9399,59081.065123333268
9400,59090.513418921495
9401,59096.267413599468
9402,59113.96105606432
9403,59118.48331197993
9404,59120.306255114818
9405,59137.996311971321
9406,59140.183594163609
9407,59150.228783413993
9408,59157.518455653611
9409,59174.170881466918
9410,59176.324627639071
9411,59182.709236724033
9412,59196.327728478143
9413,59203.645642007126
9414,59209.526949757885
9415,59225.97370773225
9416,59234.18794507959
9417,59238.912502784653
9418,59244.96369180995
9419,59253.477255657184
9420,59269.129760257048
9421,59274.77803508591
9422,59279.566789204764
9423,59296.365158080378
9424,59303.260969873874
9425,59309.735138818483
9426,59322.698481777232
9427,59328.555791916631
9428,59331.568207002761
9429,59341.301230776895
9430,59350.624948435492
9431,59361.353095755294
9432,59370.383782731922
9433,59387.048962813387
9434,59389.054169242227
9435,59400.931738791733
9436,59403.385903779097
9437,59416.368522302022
9438,59418.34450978574
9439,59430.230394228485
9440,59445.053639210812
9441,59455.121881756422
9442,59466.539827935805
9443,59473.353212482943
9444,59477.064174481806
9445,59479.15114574365
9446,59502.009473725389
9447,59506.653078728552
9448,59516.522391804916
9449,59533.700668105499
9450,59544.898176336639
9451,59551.318486991593
9452,59555.701534834574
9453,59562.250622413143
9454,59576.509406404184
9455,59584.873809022727
9456,59595.163990963927
9457,59602.586821519646
9458,59605.727344784355
9459,59619.77376747159
9460,59622.963315755413
9461,59632.602488441888
9462,59634.937033100701
9463,59641.93711131189
9464,59655.338952397389
9465,59657.173783536993
9466,59677.129161420598
9467,59685.099414072385
9468,59690.528618385222
9469,59694.498112995971
9470,59705.965890723215
9471,59710.479495307409
9472,59718.950311984037
9473,59729.596663184202
9474,59736.642808251388
9475,59746.136611437585
9476,59762.372076017062
9477,59775.437145183496
9478,59780.57527595709
9479,59785.046914882638
9480,59792.396667658337
9481,59797.591357318335
9482,59813.189426215315
9483,59814.649764708389
9484,59824.247981005763
9485,59828.363427375676
9486,59851.875022367793
9487,59860.049516170046
9488,59867.867754169711
9489,59883.930640153827
9490,59894.500189987324
9491,59898.55205433142
9492,59909.459037590175
9493,59924.009580781101
9494,59932.423149760441
9495,59941.90420179072
9496,59946.191351864283
9497,59952.258071242948
9498,59959.449815298314
9499,59969.827952392006
9500,59975.090476499638
9501,59990.747801784717
9502,59995.316616139724
9503,60007.682000265449
9504,60017.444330953513
9505,60031.895097760324
9506,60033.199481718875
9507,60042.92209003977
9508,60046.66926616351
9509,60055.520550365589
9510,60059.757093518878
9511,60074.58744057663
9512,60080.028317359429
9513,60100.24082266169
9514,60104.552583883575
9515,60111.794200513803
9516,60116.354552923258
9517,60135.317961452616
9518,60140.15743374038
9519,60146.079596522351
9520,60157.10652553555
9521,60167.850294639378
9522,60174.452983031428
9523,60183.469022369187
9524,60191.058172050645
9525,60202.493269474791
9526,60217.507212219563
9527,60219.393853411151
9528,60232.753344465258
9529,60249.619196447478
9530,60253.315150629162
9531,60265.061735447387
9532,60278.824115687246
9533,60286.044545609344
9534,60293.70219061969
9535,60300.286340502687
9536,60311.586254115202
9537,60313.737955422315
9538,60323.068841496395
9539,60335.768139248336
9540,60343.804453098404
9541,60345.168853415082
9542,60350.510357860032
9543,60371.597781005577
9544,60379.101554121597
9545,60383.181972398699
9546,60392.825127077493
9547,60404.108248534998
9548,60412.603211160938
9549,60427.032533744816
9550,60437.058869050881
9551,60451.843130164125
9552,60458.963985379713
9553,60465.332319347282
9554,60473.445566225899
9555,60486.369119412258
9556,60493.555761886913
9557,60497.183310519809
9558,60502.977898384044
9559,60514.90455298491
9560,60523.621667610605
9561,60531.065077143488
9562,60537.509568516572
9563,60545.982267864616
9564,60556.374311524625
9565,60572.746629621157
9566,60591.527098126156
9567,60595.628308464096
9568,60604.527541140393
9569,60628.858948733498
9570,60635.372716644983
9571,60644.978967363277
9572,60651.226522684381
9573,60667.966775968525
9574,60682.15676675232
9575,60688.879420638616
9576,60692.764672058431
9577,60707.089644227861
9578,60722.062408423335
9579,60723.519811657359
9580,60731.030255074795
9581,60743.463550805136
9582,60750.425913925588
9583,60760.303598511273
9584,60771.872556391747
9585,60782.216911254465
9586,60791.865392835876
9587,60797.495914361898
9588,60813.148449918139
9589,60817.797771686615
9590,60826.521621891974
9591,60835.12965663521
9592,60851.511076987103
9593,60854.513216308595
9594,60866.247249952634
9595,60876.730970004181
9596,60885.238284056963
9597,60893.306625716825
9598,60898.116526949838
9599,60919.688028438883
9600,60925.429681295624
9601,60940.295287750072
9602,60950.100615158131
9603,60967.872748127229
9604,60974.407244026108
9605,60989.83915237608
9606,60995.64130921504
9607,61013.445125053564
9608,61018.105840764307
9609,61034.569938480905
9610,61046.765008660172
9611,61054.689298524194
9612,61056.851707061745
9613,61069.754086489876
9614,61076.505985906188
9615,61081.979570397372
9616,61092.87953982225
9617,61105.44617958436
9618,61107.794732748691
9619,61117.629518522452
9620,61138.652393474847
9621,61139.434314884973
9622,61150.443790263525
9623,61163.756775573078
9624,61178.345474014895
9625,61183.984624115852
9626,61187.51895720671
9627,61204.868743316998
9628,61213.979176885834
9629,61216.344443990201
9630,61225.599791197405
9631,61249.599806161234
9632,61258.222345654416
9633,61265.926879323859
9634,61272.099973520679
9635,61279.385067624942
9636,61286.913423834871
9637,61300.726324261501
9638,61316.24347966224
9639,61331.718567711716
9640,61343.500830326426
9641,61348.394968462395
9642,61355.549335907068
9643,61361.023874074926
9644,61379.912220351216
9645,61383.748919106605
9646,61392.199690366368
9647,61397.543445158837
9648,61414.600332036738
9649,61417.581104749093
9650,61425.990078423529
9651,61444.649415853921
9652,61446.56842273318
9653,61461.431567232263
9654,61468.564534005942
9655,61473.092448097974
9656,61479.31113112087
9657,61499.047091600311
9658,61517.433882348574
9659,61521.157162862575
9660,61524.68613048087
9661,61544.763724363627
9662,61547.16585216517
9663,61557.666676161214
9664,61566.12074971087
9665,61581.698210274539
9666,61583.302969431505
9667,61594.137718319944
9668,61619.863535921562
9669,61631.018273239941
9670,61639.504471229739
9671,61642.267690204724
9672,61659.585364949518
9673,61667.630241799976
9674,61673.430436459414
9675,61687.946172467513
9676,61699.314044629245
9677,61705.292420515398
9678,61709.800912024504
9679,61728.280275707504
9680,61731.522498546321
9681,61745.601647119838
9682,61750.245620345617
9683,61751.23829052475
9684,61771.86101438808
9685,61784.771589372904
9686,61791.223512720513
9687,61799.624042029827
9688,61810.532774515588
9689,61814.507893014576
9690,61835.228645547395
9691,61846.294803294768
9692,61857.140651786511
9693,61870.026776877537
9694,61878.069787967244
9695,61893.112445385639
9696,61899.585157211448
9697,61910.749199977028
9698,61928.669348290125
9699,61936.87715462804
9700,61938.352305655768
9701,61950.264902710165
9702,61956.121945025152
9703,61971.117093025241
9704,61980.960350976544
9705,61984.356283874658
9706,61991.606960209072
9707,62005.799646801162
9708,62009.5219652749
9709,62017.779743177256
9710,62022.98707987948
9711,62045.942060218695
9712,62051.812518116276
9713,62058.318668870314
9714,62061.786643587897
9715,62071.258534278881
9716,62094.079525818677
9717,62098.65731485188
9718,62106.932117151344
9719,62121.04228991401
9720,62131.015638707133
9721,62132.607688334407
9722,62141.696739668645
9723,62152.960226820993
9724,62170.470289898236
9725,62180.494391587614
9726,62188.249037875918
9727,62201.29075886061
9728,62218.67155594466
9729,62231.252707616797
9730,62238.545851827985
9731,62248.884096587004
9732,62254.389169973205
9733,62266.801962874131
9734,62278.65654433996
9735,62285.22018902858
9736,62292.712474311702
9737,62318.478559503317
9738,62321.899426221848
9739,62335.087318868667
9740,62342.137085138187
9741,62356.770955219858
9742,62372.163166054852
9743,62375.385312765109
9744,62384.281401108667
9745,62388.881806183206
9746,62401.927294028821
9747,62412.474282403258
9748,62414.658132344033
9749,62437.978982607652
9750,62441.879778368122
9751,62465.171378484541
9752,62471.984017825831
9753,62488.456984652119
9754,62496.88812514038
9755,62512.405835089696
9756,62525.797692700296
9757,62533.516020354051
9758,62549.808714635488
9759,62560.575887869127
9760,62568.86566253304
9761,62572.562820057537
9762,62585.079041065263
9763,62603.941827327471
9764,62616.879716074836
9765,62621.265136282214
9766,62632.140863383676
9767,62642.970913051708
9768,62658.090439068976
9769,62681.487407156463
9770,62688.242333475049
9771,62694.40666131115
9772,62698.067940192508
9773,62709.882672682761
9774,62735.770221954284
9775,62748.411553338206
9776,62759.695308167262
9777,62775.029650781762
9778,62800.533226170824
9779,62805.013552922544
9780,62819.374678567947
9781,62825.17477767948
9782,62834.293723729104
9783,62844.709216967633
9784,62865.902653143974
9785,62878.558303095109
9786,62881.77798942988
9787,62894.804560308738
9788,62906.186152453403
9789,62908.886389465486
9790,62911.082973260571
9791,62931.557437441559
9792,62949.645148615942
9793,62958.759863952342
9794,62973.254404350766
9795,62988.131299784414
9796,62997.25882896212
9797,63015.367539619758
9798,63024.794037049593
9799,63031.238317915871
9800,63037.840198081882
9801,63046.530510446166
9802,63062.495017136069
9803,63074.663371500385
9804,63088.172704900389
9805,63110.654367365496
9806,63117.826268794808
9807,63130.9699976181
9808,63145.161157285816
9809,63148.551306906142
9810,63150.480182346269
9811,63174.869030816895
9812,63186.483064107379
9813,63190.375293592151
9814,63199.740357721144
9815,63211.692206988177
9816,63221.942673261277
9817,63234.906656696447
9818,63249.796278094531
9819,63255.165162876277
9820,63278.113995069456
9821,63299.938252952372
9822,63303.472937076447
9823,63315.702114098836
9824,63317.303070260823
9825,63328.122102681838
9826,63357.03480146599
9827,63358.984070165301
9828,63371.856298688908
9829,63382.510051832542
9830,63397.655281784828
9831,63410.66342739464
9832,63415.274583122533
9833,63442.369712237909
9834,63454.840660141832
9835,63466.320057042525
9836,63483.153306597087
9837,63485.1367337427
9838,63494.622631378734
9839,63503.756268460093
9840,63510.143037702961
9841,63518.616627715237
9842,63530.062395731024
9843,63537.414737896492
9844,63547.323470761301
9845,63557.78624032731
9846,63576.233014056648
9847,63591.597925537666
9848,63599.703419473313
9849,63608.996616917582
9850,63621.687774535087
9851,63628.242084204176
9852,63636.595565082556
9853,63650.806171901073
9854,63656.580036707557
9855,63669.324564083501
9856,63674.495063050897
9857,63683.647180976106
9858,63700.360322334192
9859,63710.99376459622
9860,63715.173615366599
9861,63728.539086756369
9862,63729.268310966458
9863,63749.951955389719
9864,63765.904955371894
9865,63772.0498910776
9866,63778.259481220208
9867,63796.725426230158
9868,63806.835180965732
9869,63817.687886357358
9870,63831.373872948046
9871,63835.88966721062
9872,63849.574081232924
9873,63861.119745754462
9874,63880.125507199322
9875,63896.423158153368
9876,63900.503665150522
9877,63905.51015853908
9878,63912.997892717387
9879,63924.846776991006
9880,63945.596183480418
9881,63948.039291543144
9882,63956.571985907569
9883,63957.674445618119
9884,63969.965484017055
9885,63988.763451019942
9886,64012.438605817028
9887,64015.859018477786
9888,64021.199463754769
9889,64045.541702058857
9890,64059.115004077044
9891,64068.563582274321
9892,64070.141245086372
9893,64088.901423369047
9894,64090.786749522391
9895,64110.548498895012
9896,64114.339260633315
9897,64129.958084704158
9898,64145.053784425705
9899,64150.04050852295
9900,64165.256790158135
9901,64178.868468280627
9902,64187.075264168139
9903,64196.090897087648
9904,64203.179721618326
9905,64215.252330131174
9906,64226.438968483577
9907,64236.894544567534
9908,64240.416072806103
9909,64249.987662797015
9910,64259.603822014469
9911,64272.194054679283
9912,64280.116438642137
9913,64290.668082008735
9914,64298.8802523337
9915,64313.101654360333
9916,64327.691158379421
9917,64334.508409852293
9918,64347.207920268855
9919,64362.27240850019
9920,64380.516902196294
9921,64386.710809075368
9922,64398.162076843393
9923,64409.428131556902
9924,64411.845007816759
9925,64424.16596559048
9926,64432.471949963729
9927,64452.040001854082
9928,64460.444211943133
9929,64480.350630668945
9930,64485.164668923695
9931,64492.2101078333
9932,64504.604312781412
9933,64517.91186934767
9934,64520.871965741077
9935,64541.191057786069
9936,64555.232550271561
9937,64569.631826172168
9938,64581.623894625016
9939,64583.041235269513
9940,64602.777032449332
9941,64603.983291003969
9942,64621.22564404882
9943,64626.059011622187
9944,64635.483593502948
9945,64652.812526577698
9946,64665.358302513101
9947,64672.26475277279
9948,64681.802767044421
9949,64705.153627378793
9950,64708.029975505226
9951,64714.639547338025
9952,64728.743946777409
9953,64756.660100770314
9954,64766.779175586606
9955,64778.731100329904
9956,64788.096311299043
9957,64793.724518018178
9958,64801.07050416647
9959,64821.972505559337
9960,64832.041569213121
9961,64842.166986149452
9962,64849.768599987001
9963,64865.739817634647
9964,64870.265206967728
9965,64886.178771065359
9966,64917.338429066935
9967,64933.454988913472
9968,64946.265269326577
9969,64961.876004096433
9970,64966.637130642812
9971,64986.12584801099
9972,64990.403231884178
9973,65005.702772320663
9974,65027.894743135177
9975,65033.364403768595
9976,65047.362040541375
9977,65065.687301014099
9978,65077.474129654773
9979,65102.11404025423
9980,65106.912542243022
9981,65116.662590537337
9982,65133.803849045966
9983,65137.61168873922
9984,65149.921963191962
9985,65160.229065814339
9986,65171.884840975297
9987,65181.395735335158
9988,65190.063655471269
9989,65217.352737778252
9990,65226.838191537689
9991,65232.546296927256
9992,65238.612503097931
9993,65245.641902917618
9994,65258.665103422762
9995,65278.067590480627
9996,65296.482147963921
9997,65314.581298828154
9998,65319.561476672978
9999,65344.785466889145
10000,65349.829013195886
10001,65362.157736583787
10002,65373.583468771911
10003,65382.195019606355
10004,65408.221176465915
10005,65420.347184159829
10006,65436.796620644542
10007,65441.908208475128
10008,65445.898404122294
10009,65451.336593182248
10010,65467.620193833529
10011,65485.311014244136
10012,65494.964814800296
10013,65504.711703496134
10014,65519.365479214757
10015,65526.885922847156
10016,65531.459956903716
10017,65541.833046631713
10018,65572.889961704568
10019,65580.923030274513
10020,65606.015782820468
10021,65621.826956654477
10022,65633.525639083615
10023,65643.045564315355
10024,65664.238512847864
10025,65676.051682773628
10026,65694.155901861974
10027,65697.905311362148
10028,65722.825405833486
10029,65739.067013605745
10030,65750.567704855101
10031,65762.335433878688
10032,65773.520837775999
10033,65782.413921800573
10034,65799.920357330731
10035,65812.564611850321
10036,65820.205871642363
10037,65841.076283014088
10038,65843.347015231731
10039,65850.930681409111
10040,65860.468800114031
10041,65878.989799962452
10042,65889.178600523272
10043,65905.472700916347
10044,65910.031064716168
10045,65919.132076333568
10046,65931.768666343123
10047,65945.532003712404
10048,65964.820494303509
10049,65977.736972591811
10050,65993.338011135143
10051,66001.808126126605
10052,66013.664587013263
10053,66031.316567989968
10054,66040.336285592217
10055,66048.018167317234
10056,66071.044224972778
10057,66071.625678955752
10058,66090.250343143547
10059,66109.054345397002
10060,66114.613139714929
10061,66137.177964362461
10062,66148.867695631285
10063,66163.416309337466
10064,66182.694640657632
10065,66190.246876138932
10066,66207.264656294632
10067,66216.610087723078
10068,66238.156649886703
10069,66244.641430245101
10070,66266.222322591871
10071,66277.813211418135
10072,66290.516657111279
10073,66295.545592132257
10074,66310.198909661194
10075,66323.9797072621
10076,66326.56429932054
10077,66360.151364634745
10078,66376.326034449696
10079,66388.435539149548
10080,66391.543438008623
10081,66408.762445771557
10082,66423.006605279952
10083,66430.047932809539
10084,66433.526672101347
10085,66448.545359885611
10086,66457.003448249539
10087,66477.598503150803
10088,66493.720558569243
10089,66508.258347319454
10090,66525.97250808886
10091,66528.99326497881
10092,66552.909837608502
10093,66561.855793463357
10094,66578.748929640351
10095,66583.978718765386
10096,66590.056891205153
10097,66600.550392789926
10098,66616.327469776734
10099,66624.906204386498
10100,66635.30725246825
10101,66655.372735948418
10102,66661.757039897158
10103,66669.610109225425
10104,66690.4021468633
10105,66697.353667703879
10106,66712.701329346368
10107,66723.649350055086
10108,66725.749890646344
10109,66745.423624305229
10110,66755.6596215959
10111,66765.949761675802
10112,66771.676935487238
10113,66784.107837469579
10114,66788.157042484512
10115,66794.823752292446
10116,66808.058683866868
10117,66813.040551503247
10118,66835.583588487672
10119,66838.104025516368
10120,66847.753512466777
10121,66861.893800378006
10122,66877.304295987677
10123,66885.498312231255
10124,66890.909736841306
10125,66919.621473556064
10126,66932.280575345401
10127,66945.16756497699
10128,66949.886170945319
10129,66963.969297119125
10130,66975.620837816459
10131,66998.152669608899
10132,67005.831461989219
10133,67025.066725452431
10134,67036.198140294451
10135,67045.002849191311
10136,67047.392603379863
10137,67071.95984136418
10138,67077.382817001024
10139,67099.501578029769
10140,67100.651992349376
10141,67120.656617632194
10142,67145.956601997255
10143,67154.115956332273
10144,67165.642962172627
10145,67170.915315970793
10146,67184.745041863862
10147,67196.8792592557
10148,67203.346716961532
10149,67224.830969934454
10150,67225.791161599409
10151,67231.922962618046
10152,67254.516962167763
10153,67265.785137047642
10154,67276.926583076944
10155,67296.466774989938
10156,67317.168422860457
10157,67321.538455053655
10158,67335.80630219735
10159,67370.654114238001
10160,67376.578069299707
10161,67391.428294778394
10162,67402.526083679928
10163,67413.177303441407
10164,67423.045479560795
10165,67431.449383810439
10166,67435.662867758656
10167,67462.052754166332
10168,67475.057528075748
10169,67496.755740832072
10170,67503.891547491949
10171,67521.499160934341
10172,67531.061433187686
10173,67547.307741252938
10174,67549.449353320029
10175,67566.871774835439
10176,67578.767346184773
10177,67592.413651790819
10178,67617.439237177896
10179,67627.826390677772
10180,67656.341992911417
10181,67662.414905466299
10182,67673.315452382376
10183,67683.42281252367
10184,67695.638524014459
10185,67705.5753443258
10186,67723.57709046315
10187,67731.649165965253
10188,67742.886028309353
10189,67759.159655869138
10190,67785.170642195342
10191,67794.019170807034
10192,67795.920333740141
10193,67834.355730756652
10194,67843.462662105783
10195,67861.735659577476
10196,67870.062647714745
10197,67889.87478786704
10198,67903.15105853547
10199,67921.130794193494
10200,67946.470902416026
10201,67949.425461683815
10202,67959.511531310811
10203,67963.881235426787
10204,67994.494324914936
10205,68000.763232103636
10206,68003.753126715339
10207,68010.636730294282
10208,68028.299955195136
10209,68043.793152606493
10210,68068.741244627701
10211,68071.317843131401
10212,68086.058524325432
10213,68088.250291991499
10214,68104.828835265755
10215,68112.947194691224
10216,68125.863274564996
10217,68150.686458309181
10218,68161.798365312046
10219,68169.590692802027
10220,68188.659289171119
10221,68210.955788485546
10222,68211.644273464437
10223,68233.459658851934
10224,68263.850218508902
10225,68268.376711252189
10226,68278.152279228161
10227,68302.004851813384
10228,68308.31734046874
10229,68318.58945961525
10230,68331.618101246699
10231,68347.797818437451
10232,68373.927483314372
10233,68399.585166359859
10234,68411.905000782019
10235,68422.681299094198
10236,68424.094829646812
10237,68439.313681543572
10238,68453.418883798862
10239,68465.343371258336
10240,68502.516271789573
10241,68512.167002811111
10242,68533.940743071915
10243,68539.120428814276
10244,68540.390145563404
10245,68557.828272357481
10246,68566.296244566111
10247,68596.74740556968
10248,68600.358575814054
10249,68615.795404192089
10250,68628.700321357974
10251,68645.428792920298
10252,68659.682557285952
10253,68668.311918927051
10254,68691.607918294831
10255,68702.848925628467
10256,68711.221248657312
10257,68721.277772168527
10258,68738.579033623842
10259,68766.181113378872
10260,68776.736892076267
10261,68784.375496952096
10262,68809.485960184844
10263,68823.624664550458
10264,68849.745414302612
10265,68867.099691247393
10266,68874.280021837185
10267,68881.466476692687
10268,68889.08899646705
10269,68900.731601648746
10270,68920.008160325888
10271,68925.888590850955
10272,68934.020515161697
10273,68965.759173813916
10274,68969.696986294002
10275,68987.711717032842
10276,68995.39991870182
10277,69007.172009851463
10278,69017.311786094142
10279,69028.461603849064
10280,69035.303677559408
10281,69053.028853262367
10282,69063.258466354906
10283,69101.710319697522
10284,69113.294110683681
10285,69118.366520651485
10286,69128.057438707518
10287,69150.575061886077
10288,69166.308606690334
10289,69171.996028031237
10290,69200.626080555623
10291,69206.213769530106
10292,69214.257329252112
10293,69229.822022207998
10294,69246.276520400541
10295,69254.697222565504
10296,69266.02303943185
10297,69276.826306961404
10298,69291.098638517811
10299,69305.128255618722
10300,69317.506627237526
10301,69350.033318196452
10302,69361.84746202614
10303,69384.985907570619
10304,69389.968080504579
10305,69397.506955465346
10306,69415.563493781039
10307,69422.333341097125
10308,69446.793194423226
10309,69466.774418874265
10310,69477.457391159129
10311,69499.20820129475
10312,69513.365832803378
10313,69529.640804266179
10314,69531.793587129388
10315,69549.136732169296
10316,69567.977879637896
10317,69584.693676060298
10318,69591.205883998235
10319,69600.812098924463
10320,69605.232231261005
10321,69629.600137488567
10322,69647.234074279055
10323,69662.446563913327
10324,69678.034095247742
10325,69697.657978776508
10326,69723.127616288213
10327,69727.513454956686
10328,69758.594689564241
10329,69765.142766737335
10330,69791.095405990432
10331,69808.904784242215
10332,69812.570484570664
10333,69824.656475542783
10334,69832.138713728331
10335,69842.810530784089
10336,69870.07812046766
10337,69885.21829632252
10338,69890.923692205659
10339,69902.185632948429
10340,69918.515990840358
10341,69935.000040073399
10342,69952.621735354231
10343,69963.19595041206
10344,69986.866866832192
10345,70000.250414073016
10346,70011.781621424248
10347,70019.348330742549
10348,70022.57222431626
10349,70040.076599676453
10350,70056.147973459461
10351,70060.815003663913
10352,70082.575897308285
10353,70116.151284547916
10354,70132.142768178092
10355,70147.842019277494
10356,70165.468567730699
10357,70180.157253664875
10358,70204.617586291977
10359,70209.290170648703
10360,70222.508049733093
10361,70244.67592132857
10362,70253.169294494059
10363,70272.021492131273
10364,70279.254050523043
10365,70295.935205514223
10366,70326.791383085481
10367,70333.416095114764
10368,70340.025955196426
10369,70362.227871413881
10370,70369.46850597809
10371,70383.726010048485
10372,70398.7911913305
10373,70416.512915829429
10374,70422.809413526033
10375,70450.625377576565
10376,70463.779323370574
10377,70488.17003037376
10378,70501.495627728727
10379,70509.628739783089
10380,70527.685708506528
10381,70531.845299517663
10382,70558.003488727467
10383,70570.237233710388
10384,70599.633179626355
10385,70607.299543734276
10386,70624.842810727016
10387,70641.155171364429
10388,70652.824955515433
10389,70667.28534662188
10390,70677.150365197333
10391,70697.442443294727
10392,70704.642333891927
10393,70721.344698110421
10394,70729.510692848242
10395,70757.866836468747
10396,70781.994172978637
10397,70791.103421225998
10398,70805.930699805816
10399,70816.246660375196
10400,70842.184200720425
10401,70856.280466316486
10402,70867.367110013933
10403,70889.980063489187
10404,70899.214352123265
10405,70913.4685883231
10406,70938.625840016044
10407,70947.293640555916
10408,70960.393009284351
10409,70965.759301508137
10410,70999.600003171654
10411,71012.809505666606
10412,71026.974117752659
10413,71037.689821578402
10414,71058.665549409445
10415,71071.277280195485
10416,71103.90123785453
10417,71115.665293943239
10418,71148.0423547174
10419,71169.835327949302
10420,71180.627656825527
10421,71201.96605657044
10422,71207.991801809287
10423,71220.20393515467
10424,71243.106207313642
10425,71255.325250418697
10426,71277.761478045664
10427,71297.297329601832
10428,71306.28554565653
10429,71318.698349149927
10430,71336.207833180175
10431,71356.370592973559
10432,71371.644505394899
10433,71392.972492910631
10434,71410.750332756637
10435,71438.555827309174
10436,71447.096629725071
10437,71467.604107131934
10438,71483.899413457941
10439,71494.244220316003
10440,71504.328885734241
10441,71522.756981491548
10442,71552.452147078584
10443,71561.304981503417
10444,71571.419681301937
10445,71577.410434873484
10446,71580.690870984603
10447,71599.372768050263
10448,71633.172086912542
10449,71646.32698314829
10450,71652.0788999137
10451,71668.160512922463
10452,71681.589215588072
10453,71689.968243992393
10454,71711.217355475557
10455,71717.513005898873
10456,71739.556387037155
10457,71739.993199491728
10458,71768.848514802463
10459,71780.211404214104
10460,71789.111564243198
10461,71810.47012014607
10462,71821.363120531154
10463,71824.291646774873
10464,71849.480764596214
10465,71858.906644198345
10466,71863.349181371683
10467,71898.597059249703
10468,71928.591445417944
10469,71932.999996086219
10470,71954.595383642518
10471,71969.527434391857
10472,71973.101140196188
10473,71981.182132601927
10474,72002.177227630164
10475,72017.144435322625
10476,72022.912652675543
10477,72054.911924270447
10478,72106.917690371294
10479,72109.895694001912
10480,72117.857339799957
10481,72131.215875176233
10482,72141.116804852922
10483,72172.88150600098
10484,72180.592807179826
10485,72198.184549322119
10486,72209.769262521295
10487,72233.039809900147
10488,72245.008123184569
10489,72263.523456774914
10490,72269.453569458361
10491,72284.562606213294
10492,72327.706732360355
10493,72335.53979765439
10494,72358.145344082863
10495,72374.066322247527
10496,72381.449806798191
10497,72393.98643829138
10498,72415.20692434645
10499,72421.225348087581
10500,72435.891358207271
10501,72439.755231604111
10502,72453.604375693467
10503,72459.816906734661
10504,72491.318416740542
10505,72498.298418719438
10506,72499.247091196768
10507,72522.0173882417
10508,72545.673757254306
10509,72569.301461768686
10510,72586.632464911352
10511,72588.607135743179
10512,72608.17297237915
10513,72628.764658163156
10514,72631.609002687925
10515,72657.511852537966
10516,72667.456889167821
10517,72674.893393957027
10518,72692.437784518348
10519,72709.632266318469
10520,72742.537268337182
10521,72749.065121987544
10522,72771.497930730227
10523,72783.725621758145
10524,72813.571462288746
10525,72817.806378491267
10526,72829.771636760124
10527,72852.630895750466
10528,72873.776509373478
10529,72876.579982230993
10530,72899.03205794972
10531,72906.211224842889
10532,72925.923179349411
10533,72950.634385095575
10534,72967.87663285165
10535,72995.843404257786
10536,73002.271282460468
10537,73017.013996378693
10538,73033.801967065927
10539,73045.147918067334
10540,73068.24973696188
10541,73090.329659764844
10542,73100.656868966355
10543,73110.417061011365
10544,73140.669821928561
10545,73145.313159986035
10546,73168.339784825759
10547,73173.85746804926
10548,73180.539958995738
10549,73205.080524419303
10550,73228.714759717594
10551,73236.65671389646
10552,73264.596567225468
10553,73277.123819387052
10554,73296.110713658243
10555,73311.187620319455
10556,73328.63273253353
10557,73349.403378280433
10558,73379.679676780012
10559,73388.51330243994
10560,73402.982803810111
10561,73422.579873519906
10562,73434.897888042266
10563,73443.466789518585
10564,73465.345066245398
10565,73497.531046998978
10566,73521.096065456659
10567,73537.689301844192
10568,73545.163217080859
10569,73551.826523966651
10570,73561.496694871719
10571,73584.964070882503
10572,73593.816207088166
10573,73611.894435787966
10574,73626.810684525597
10575,73643.022209132221
10576,73651.264098290208
10577,73656.263107070175
10578,73673.1154830921
10579,73708.739815478024
10580,73714.08029023149
10581,73724.481345029286
10582,73754.355322132804
10583,73763.342256345859
10584,73774.945880870233
10585,73799.871931856425
10586,73807.328697182034
10587,73822.490026090731
10588,73843.141420041284
10589,73856.702856701959
10590,73882.217291011111
10591,73892.117249304836
10592,73912.988310650908
10593,73921.868258597387
10594,73953.257546973517
10595,73970.833702647331
10596,73989.303393492053
10597,74006.622691034398
10598,74012.088002369666
10599,74044.623614530268
10600,74054.255064428697
10601,74071.327488580602
10602,74079.206894764211
10603,74105.473496329534
10604,74119.22850450041
10605,74126.829222151151
10606,74147.265436628601
10607,74159.545989027654
10608,74179.560460202818
10609,74195.331066162646
10610,74223.335772669612
10611,74235.072839669883
10612,74264.455730346686
10613,74271.851057418622
10614,74285.768911290274
10615,74291.931589074564
10616,74312.685325507482
10617,74336.790938863836
10618,74353.403258693303
10619,74374.735200524316
10620,74385.332638381806
10621,74389.911024332119
10622,74410.510511983521
10623,74432.081069688604
10624,74438.309322580346
10625,74460.187324133047
10626,74467.387889834848
10627,74471.22320891195
10628,74494.568100617747
10629,74520.552765600587
10630,74523.42146371046
10631,74553.93736841988
10632,74566.270071250765
10633,74575.561452018126
10634,74592.577554689211
10635,74610.752348190348
10636,74622.822260452202
10637,74633.148076886835
10638,74646.672070117755
10639,74660.22807619306
10640,74686.959349210912
10641,74695.111475800746
10642,74717.423304758951
10643,74726.379606667644
10644,74752.902484195263
10645,74758.570275568927
10646,74787.66568541406
10647,74793.8695212436
10648,74822.521714020535
10649,74828.686891521851
10650,74844.341460798081
10651,74853.701123109582
10652,74885.553688082975
10653,74894.532941110083
10654,74919.364878355918
10655,74940.787207831047
10656,74951.825751384124
10657,74960.249642215946
10658,74965.252736677343
10659,74987.102811507313
10660,75018.28647673261
10661,75053.057087180292
10662,75063.042704436084
10663,75076.229718138144
10664,75108.095685068867
10665,75119.544700389539
10666,75135.096486057708
10667,75141.96713071251
10668,75161.896680096601
10669,75178.322119614037
10670,75201.531359297471
10671,75223.396453240217
10672,75236.35610483354
10673,75255.305463165205
10674,75260.42416290722
10675,75274.605920103699
10676,75311.560445482799
10677,75323.636950752174
10678,75327.107829233762
10679,75342.325681423434
10680,75376.368445268308
10681,75390.522281257377
10682,75400.234892394976
10683,75426.457870547223
10684,75435.291827069843
10685,75445.810362844408
10686,75454.850894151547
10687,75470.322797296089
10688,75479.371435053035
10689,75502.762087363153
10690,75542.838497640172
10691,75564.774549901515
10692,75579.796784083563
10693,75596.572529489655
10694,75608.321228295026
10695,75611.936463501814
10696,75624.31486985994
10697,75656.364554223401
10698,75670.786760276373
10699,75676.221686439894
10700,75687.242194857288
10701,75703.679653241386
10702,75717.879030073207
10703,75728.360387431356
10704,75748.266982682908
10705,75753.38607928787
10706,75772.735006817078
10707,75777.253721645058
10708,75799.39028419432
10709,75815.270663662654
10710,75832.223556829762
10711,75873.260589253667
10712,75882.988873723545
10713,75892.050634569328
10714,75912.325828958652
10715,75929.309297249813
10716,75955.569595639419
10717,75966.431567760461
10718,75975.17205476934
10719,75998.35658085547
10720,76000.016899055088
10721,76053.806615998066
10722,76060.33743522747
10723,76078.688176507945
10724,76103.491473135553
10725,76106.862520986644
10726,76126.475120905234
10727,76135.672305301065
10728,76155.912409440149
10729,76172.192114083504
10730,76180.716274985461
10731,76186.236579304648
10732,76218.93359067518
10733,76224.585042864652
10734,76228.740499731866
10735,76257.464047975402
10736,76267.486025018981
10737,76287.746770014899
10738,76303.45183471989
10739,76327.937321898658
10740,76330.798881582072
10741,76356.092216010264
10742,76372.827190677548
10743,76389.965976903506
10744,76409.002053451564
10745,76414.740280695798
10746,76433.256013400562
10747,76454.887719323786
10748,76468.449888158968
10749,76509.185803042026
10750,76529.458374167691
10751,76536.5410823399
10752,76541.846812113334
10753,76552.691545164664
10754,76590.407960533077
10755,76615.765330399503
10756,76628.102746517456
10757,76635.639553560584
10758,76657.274862476013
10759,76670.471863639788
10760,76681.373127755811
10761,76696.177419291678
10762,76720.016008616192
10763,76736.050170377319
10764,76750.547680415984
10765,76755.456051626534
10766,76769.535792368784
10767,76792.835409822175
10768,76823.035784621941
10769,76832.842230946131
10770,76840.566089489585
10771,76854.833105223181
10772,76866.896067386377
10773,76895.640567611146
10774,76913.842412227546
10775,76931.819116227489
10776,76941.322850481563
10777,76966.342575637362
10778,76984.164523283616
10779,77001.499589906991
10780,77013.830753474438
10781,77028.50871028773
10782,77046.913392002622
10783,77072.858219164744
10784,77085.176061536127
10785,77094.545295284392
10786,77104.279435668563
10787,77129.374054905304
10788,77165.455377276623
10789,77168.383411511793
10790,77202.061770980727
10791,77208.722776845942
10792,77224.780210695462
10793,77243.63983009856
10794,77258.137052411083
10795,77264.12649796062
10796,77295.758018603738
10797,77314.743627367498
10798,77326.640935080242
10799,77333.150306488242
10800,77337.436447844346
10801,77355.649828340669
10802,77374.294525810998
10803,77391.070534795421
10804,77394.284712522349
10805,77421.998408483807
10806,77444.221353501474
10807,77458.596217727551
10808,77473.796343359034
10809,77492.273459448741
10810,77494.84249723384
10811,77524.989195376926
10812,77543.854036966819
10813,77567.746525092909
10814,77574.806280993391
10815,77581.132740588975
10816,77603.74722359686
10817,77619.932204119541
10818,77631.85890171869
10819,77652.664829539135
10820,77678.716276085048
10821,77713.523421190926
10822,77729.757979086105
10823,77745.888256144914
10824,77782.071079840913
10825,77802.760671830649
10826,77811.305913201708
10827,77825.58292671424
10828,77875.673683925706
10829,77881.682331765769
10830,77886.591986490981
10831,77902.494192286409
10832,77924.449352950411
10833,77934.660046756224
10834,77952.238094449989
10835,77964.503924528195
10836,77971.64403153419
10837,77984.182132474161
10838,78010.482081264796
10839,78014.409776398825
10840,78044.502723099184
10841,78067.343777655304
10842,78073.952776766862
10843,78102.213176346384
10844,78115.951830145452
10845,78139.278474658568
10846,78145.269490875275
10847,78177.62127917161
10848,78207.988736576764
10849,78228.31925027442
10850,78237.612393446994
10851,78252.861819762984
10852,78273.671161942213
10853,78294.671978092534
10854,78307.955489948348
10855,78311.495748310321
10856,78327.661691777248
10857,78332.5418780201
10858,78349.3832971706
10859,78389.886603574007
10860,78409.535913503147
10861,78417.345927533504
10862,78427.485260862624
10863,78438.995639525878
10864,78446.724591162128
10865,78460.126225186017
10866,78480.470784742414
10867,78505.436667839022
10868,78513.713711966586
10869,78539.181834977731
10870,78572.671255196037
10871,78578.607498234851
10872,78595.284106199717
10873,78609.491154963427
10874,78637.316612380848
10875,78640.210941409474
10876,78646.268032062653
10877,78663.032410996384
10878,78705.736342442746
10879,78719.227858654325
10880,78728.712437737166
10881,78740.762167463574
10882,78747.776968174207
10883,78762.673466970198
10884,78805.664955897111
10885,78816.189364197606
10886,78830.733665809152
10887,78837.706471409707
10888,78865.806237877492
10889,78889.399494468846
10890,78895.747119457883
10891,78911.143530398796
10892,78944.240460023197
10893,78982.46293948064
10894,79001.838924257027
10895,79011.875069115602
10896,79032.57192734722
10897,79056.70233595933
10898,79077.178011209689
10899,79089.454755629646
10900,79110.524616105598
10901,79132.067547522005
10902,79155.02505776941
10903,79179.898874600083
10904,79187.16945700506
10905,79197.766210843809
10906,79208.793884985338
10907,79229.806890444146
10908,79254.228417845254
10909,79273.364055385973
10910,79282.625694889022
10911,79306.413213887208
10912,79325.644472598942
10913,79343.332134422439
10914,79382.617748868928
10915,79398.960140210358
10916,79422.583330638925
10917,79427.095810100582
10918,79452.688207555271
10919,79461.008632719706
10920,79490.698661934774
10921,79516.86822561195
10922,79547.729205433876
10923,79574.620728886264
10924,79581.582917401553
10925,79603.441599024736
10926,79623.622530305394
10927,79644.893599157658
10928,79673.444284151774
10929,79673.862936078032
10930,79683.655858134327
10931,79693.052664104805
10932,79714.276173383259
10933,79720.517341349259
10934,79748.467015486356
10935,79756.37851145961
10936,79786.657526609473
10937,79791.878146910094
10938,79811.008302010596
10939,79849.513267476068
10940,79856.092665954129
10941,79899.057137022013
10942,79901.905519545238
10943,79923.17553947946
10944,79938.366054917802
10945,79956.933908515959
10946,79976.27578794393
10947,79987.894604871122
10948,80014.1455194148
10949,80017.088091931626
10950,80036.18353587552
10951,80077.48260716912
10952,80083.872109119591
10953,80099.648773800262
10954,80107.18413842922
10955,80135.816634646646
10956,80159.025113309806
10957,80176.398879234883
10958,80193.729312953059
10959,80194.315575490269
10960,80208.321225143198
10961,80215.919085013709
10962,80232.935889950269
10963,80282.676605297544
10964,80289.281638758242
10965,80317.770876244627
10966,80323.702843661915
10967,80339.423344600145
10968,80361.816706811573
10969,80383.70819430369
10970,80406.676824739581
10971,80434.963868118619
10972,80442.745686318973
10973,80460.25455044616
10974,80491.796540012161
10975,80515.655774130704
10976,80523.657761931943
10977,80531.971068746236
10978,80545.006101200139
10979,80556.44456776022
10980,80591.417335516919
10981,80625.162747764
10982,80635.103876230074
10983,80657.870405191992
10984,80685.948463053661
10985,80693.379481678116
10986,80707.12072378493
10987,80734.769375603675
10988,80765.976794563321
10989,80788.703033832149
10990,80793.755455599836
10991,80810.449192020169
10992,80818.113644114215
10993,80832.226820905271
10994,80857.253122836511
10995,80890.305197724607
10996,80907.432916728285
10997,80913.320078402801
10998,80952.659431968423
10999,80963.34455062561
11000,80974.214263607559
11001,81015.764804086008
11002,81038.906782296675
11003,81053.733634575197
11004,81069.392285192138
11005,81080.091238610286
11006,81093.747707746341
11007,81115.279649959062
11008,81136.233139608783
11009,81146.277340653935
11010,81166.054199038263
11011,81192.829542602587
11012,81223.692122202381
11013,81241.42089265876
11014,81250.582665117545
11015,81253.333097167502
11016,81282.933254936637
11017,81301.276663974524
11018,81328.02466830911
11019,81355.762229023094
11020,81379.348936511495
11021,81401.898102831416
11022,81410.555642138992
11023,81426.999778194615
11024,81457.870239854688
11025,81488.99449210905
11026,81499.096355177942
11027,81514.967971964797
11028,81535.140483511001
11029,81546.976483217426
11030,81550.67523656867
11031,81571.606605220702
11032,81598.015851530334
11033,81617.174551916833
11034,81633.424447164696
11035,81659.762672306912
11036,81676.023324499256
11037,81685.080336527535
11038,81721.360941586274
11039,81736.686486291044
11040,81746.3069335974
11041,81772.198872591529
11042,81780.66747256009
11043,81831.525275887834
11044,81847.074771175772
11045,81862.772563876584
11046,81879.670140122471
11047,81892.104673919806
11048,81901.333795889674
11049,81916.4419755337
11050,81949.273138850098
11051,81966.971551750321
11052,81986.033668763906
11053,82014.181727503703
11054,82025.669797796902
11055,82029.21497445702
11056,82042.481121790595
11057,82056.154373046491
11058,82071.236869109809
11059,82096.184069393072
11060,82120.302359169567
11061,82137.961159580169
11062,82159.179808854475
11063,82166.299750162638
11064,82188.500610466406
11065,82204.455975802935
11066,82219.459822100805
11067,82235.25750243153
11068,82246.685446644027
11069,82262.174511382254
11070,82275.884437105487
11071,82282.764857513699
11072,82295.697328089678
11073,82306.316062400932
11074,82325.91215607198
11075,82327.487401104925
11076,82358.088811847367
11077,82376.495833049121
11078,82382.161577370804
11079,82401.016076672939
11080,82427.682571579237
11081,82433.977632859343
11082,82441.511944566228
11083,82460.541357168026
11084,82490.808439502973
11085,82512.99076506526
11086,82525.060183312919
11087,82536.791163480142
11088,82560.491665541238
11089,82584.282593916927
11090,82604.773418133438
11091,82623.972732804745
11092,82638.720931389005
11093,82648.546700931242
11094,82657.980326897625
11095,82672.555601009604
11096,82689.167055646059
11097,82717.757451455866
11098,82741.701486636128
11099,82774.341434173824
11100,82785.465964954943
11101,82800.471085475059
11102,82817.44066721038
11103,82838.687758364045
11104,82858.547112967935
11105,82864.290721320052
11106,82895.349423385705
11107,82906.706468132223
11108,82917.045785664188
11109,82934.794069878422
11110,82943.756672231044
11111,82946.956861380502
11112,82976.170153647661
11113,82998.3746055589
11114,83012.20188335338
11115,83017.375909922805
11116,83030.260853835018
11117,83065.195230454541
11118,83067.911364515414
11119,83115.709083110167
11120,83123.198210899704
11121,83157.048840979565
11122,83182.54729788487
11123,83197.8753815565
11124,83213.904469676447
11125,83240.691089201006
11126,83262.622920705806
11127,83289.692424192268
11128,83304.592241556937
11129,83311.074307461997
11130,83344.724052573802
11131,83349.607359830276
11132,83374.446187467795
11133,83394.330999054626
11134,83408.228686190239
11135,83429.982369071557
11136,83465.940279038274
11137,83487.094705994037
11138,83491.487477436807
11139,83539.57323311377
11140,83558.843222960291
11141,83565.290569246121
11142,83583.874292152861
11143,83592.657518207197
11144,83597.218831132748
11145,83627.2427890814
11146,83631.806365065102
11147,83638.551851529221
11148,83660.650391395655
11149,83672.861013803631
11150,83685.11959598001
11151,83698.33551005648
11152,83700.69330606873
11153,83728.020373726147
11154,83746.571274673726
11155,83765.788088538058
11156,83788.445394728027
11157,83803.18435753409
11158,83819.287018936448
11159,83845.995358390632
11160,83859.825595255519
11161,83867.406877446629
11162,83889.059561355534
11163,83915.029514035879
11164,83917.236499692182
11165,83939.587014232005
11166,83947.669163271275
11167,83967.148729783425
11168,83987.359846721709
11169,83997.446658931236
11170,84005.543368043684
11171,84035.656873323169
11172,84064.122975693099
11173,84086.814562320666
11174,84092.559455608105
11175,84111.728906978708
11176,84123.935792316464
11177,84142.312059681964
11178,84157.299881512707
11179,84190.679072237166
11180,84195.935031580695
11181,84209.468979484664
11182,84225.51608501286
11183,84235.747432813543
11184,84258.917081408523
11185,84262.376059020375
11186,84284.927524279745
11187,84297.641090047575
11188,84300.566384413527
11189,84343.103994117293
11190,84352.09005124346
11191,84370.974184441453
11192,84380.357717806284
11193,84402.168756979285
11194,84412.907361998325
11195,84421.031363586357
11196,84439.894950762973
11197,84449.513052058202
11198,84465.600252811957
11199,84475.832909642035
11200,84479.508196059585
11201,84485.130945447207
11202,84514.594579940822
11203,84531.569097253101
11204,84535.685213317338
11205,84546.488541459388
11206,84568.361162167479
11207,84575.059946040798
11208,84601.147829423411
11209,84628.801481160059
11210,84632.820676822434
11211,84639.711799686556
11212,84650.450546842476
11213,84674.483125298197
11214,84683.085731064784
11215,84691.625252529295
11216,84713.219966039076
11217,84719.266960092675
11218,84739.081326969972
11219,84753.923131021496
11220,84778.722194213988
11221,84787.393004674697
11222,84801.685063752535
11223,84825.939553377291
11224,84848.613040226235
11225,84854.947076116907
11226,84861.859372922248
11227,84867.347541464827
11228,84891.130981853421
11229,84913.746731089108
11230,84921.158843352954
11231,84956.31230254742
11232,84974.355594971814
11233,84982.917106738169
11234,85007.78955164674
11235,85024.541763569301
11236,85051.693590896932
11237,85056.983723673649
11238,85065.582032033883
11239,85090.955837026719
11240,85101.119712909378
11241,85110.862759854237
11242,85116.924129619307
11243,85131.052323398486
11244,85162.230344813914
11245,85171.952056231457
11246,85192.602352175978
11247,85207.57309710444
11248,85219.808198571074
11249,85237.31584240857
11250,85245.740566393302
11251,85254.344847829561
11252,85262.758449964487
11253,85281.477022363004
11254,85303.245620911199
11255,85318.020673763662
11256,85334.944662689712
11257,85359.342427603871
11258,85374.069338169036
11259,85384.529056773419
11260,85399.683254069969
11261,85420.175544711514
11262,85432.43517340628
11263,85463.373883182881
11264,85469.989300139394
11265,85475.66745392204
11266,85494.524686475037
11267,85505.275737179283
11268,85519.988878153817
11269,85532.839111157999
11270,85538.451968220397
11271,85570.509107890073
11272,85572.545932488458
11273,85588.221938668517
11274,85599.857028271115
11275,85617.100070094064
11276,85637.416513125354
11277,85645.920902467667
11278,85658.588928638739
11279,85676.282099394666
11280,85700.573749863775
11281,85715.902331077377
11282,85727.118875291722
11283,85739.93412550792
11284,85748.888743580566
11285,85757.876567164261
11286,85772.856397137817
11287,85781.144282534617
11288,85784.288842952461
11289,85816.357143151617
11290,85826.376529105153
11291,85844.243758823854
11292,85847.889652230137
11293,85853.537660240676
11294,85883.033124303896
11295,85896.371368171167
11296,85905.590119609129
11297,85925.874073215266
11298,85946.37071219417
11299,85967.864693513053
11300,85974.154154814707
11301,85986.551131209868
11302,86010.569872149397
11303,86018.978288361221
11304,86038.731463212142
11305,86040.271248303805
11306,86061.449058998653
11307,86063.898577557193
11308,86092.091280921319
11309,86102.33538568423
11310,86121.20759430727
11311,86126.722071913537
11312,86144.897413252111
11313,86163.369212035701
11314,86169.318278331819
11315,86185.306153482656
11316,86190.920747700249
11317,86200.118954090314
11318,86221.425273017929
11319,86225.167269175261
11320,86231.493952820529
11321,86250.639490707152
11322,86260.171127890048
11323,86272.609176317492
11324,86290.634499512671
11325,86294.870243413723
11326,86301.467603720288
11327,86323.678475168854
11328,86336.170641384015
11329,86341.23110524776
11330,86358.652162738668
11331,86379.320628150643
11332,86402.308615597227
11333,86410.285919698872
11334,86426.841453737346
11335,86441.795474392609
11336,86475.564906664964
11337,86488.273104831111
11338,86492.637326765442
11339,86498.800130170028
11340,86516.070421881988
11341,86528.527359348387
11342,86536.166985971155
11343,86546.417921779881
11344,86566.200261157603
11345,86577.07667809313
11346,86598.193606094719
11347,86603.81178713101
11348,86620.830981485284
11349,86630.211589310187
11350,86646.653157520515
11351,86656.008465162493
11352,86679.601032468461
11353,86686.041317491457
11354,86691.638669621199
11355,86718.120022553951
11356,86727.160427275958
11357,86733.971431402431
11358,86740.531356661275
11359,86751.959643877606
11360,86759.783063164359
11361,86773.775934077406
11362,86779.615146475509
11363,86787.340631213083
11364,86804.032248206
11365,86818.682140413395
11366,86828.997462314088
11367,86836.91870652209
11368,86843.347805916725
11369,86848.068121542397
11370,86853.800065691641
11371,86867.404306830707
11372,86875.013064642873
11373,86883.371275139842
11374,86894.657445128003
11375,86900.124647302306
11376,86917.544264680822
11377,86924.036323395965
11378,86929.262416163765
11379,86940.658370845063
11380,86948.638518642678
11381,86954.651878054821
11382,86967.220826465738
11383,86977.939059001335
11384,86986.633381960462
11385,86992.647477097838
11386,86994.513552456367
11387,87004.928692263988
11388,87017.949502190575
11389,87025.352248705647
11390,87037.187899030963
11391,87053.976014515079
11392,87061.334941543653
11393,87069.867699032839
11394,87074.340137420731
11395,87084.787062138887
11396,87088.309355213074
11397,87102.929027873659
11398,87110.208311754614
11399,87123.915553561019
11400,87128.705908775373
11401,87143.012572742169
11402,87145.976937870641
11403,87152.043451019825
11404,87165.031270105042
11405,87174.879149609944
11406,87182.426331250303
11407,87195.028186291151
11408,87208.697285222108
11409,87211.638623679988
11410,87217.517451162799
11411,87224.617650644563
11412,87235.434188001076
11413,87243.923260359734
11414,87257.333264736051
11415,87264.020742856228
11416,87272.339116406365
11417,87277.366795858863
11418,87286.347771253189
11419,87295.877366312561
11420,87303.418215795158
11421,87314.554220417689
11422,87324.437820827836
11423,87326.875679451798
11424,87341.096116334229
11425,87352.19934038537
11426,87356.862861883958
11427,87359.029656052124
11428,87366.166016069648
11429,87369.491193212612
11430,87377.98816797683
11431,87390.477377987845
11432,87398.878611736262
11433,87402.379299543798
11434,87415.894472521468
11435,87424.877644330962
11436,87427.848392743588
11437,87438.736596302231
11438,87440.981536054343
11439,87450.566713853681
11440,87463.454030115972
11441,87469.411428850988
11442,87475.853557051611
11443,87480.314847060101
11444,87492.846868272027
11445,87496.090439384701
11446,87506.41904263373
11447,87507.966788504753
11448,87525.231961895741
11449,87526.308437093772
11450,87532.56009687121
11451,87539.137418495811
11452,87548.012261798431
11453,87549.869430315463
11454,87562.174527834009
11455,87568.894825826777
11456,87575.980660437024
11457,87577.74572550728
11458,87583.109273000184
11459,87589.818201102375
11460,87598.853754229262
11461,87608.615276255485
11462,87612.023801396615
11463,87620.111699047644
11464,87625.002275961248
11465,87636.291918896095
11466,87638.622527034007
11467,87643.680792335508
11468,87651.126542512749
11469,87660.809927051261
11470,87665.931573880458
11471,87671.208828974093
11472,87676.720921714979
11473,87682.335630873233
11474,87689.060962439646
11475,87702.974320239417
11476,87703.861771893877
11477,87706.692804784921
11478,87715.086724152527
11479,87720.949015767255
11480,87727.61042442183
11481,87733.093430558918
11482,87734.715059025431
11483,87738.799185134238
11484,87744.774701837843
11485,87751.23441533673
11486,87754.724926844894
11487,87760.49482951402
11488,87770.150847617886
11489,87777.842922588185
11490,87788.145392261053
11491,87791.041792092772
11492,87793.397994282626
11493,87796.803843726811
11494,87800.585775445536
11495,87804.884906376072
11496,87810.154568995902
11497,87815.124479125167
11498,87817.143603002536
11499,87821.899062979035
11500,87825.154889856829
11501,87834.079261502557
11502,87840.25785190695
11503,87845.377442255602
11504,87850.704606064261
11505,87851.785145024565
11506,87855.596359066301
11507,87861.404827870167
11508,87866.115314864204
11509,87871.199675539421
11510,87879.709224051432
11511,87882.30266423861
11512,87888.028561938918
11513,87889.917192995679
11514,87893.487510386811
11515,87895.928708711901
11516,87904.308220950581
11517,87909.330242316777
11518,87917.679987274649
11519,87924.082087805305
11520,87928.465759085986
11521,87939.222911013465
11522,87941.923562037846
11523,87946.699788183658
11524,87959.68603845092
11525,87961.457092858342
11526,87962.424266934599
11527,87966.595380621206
11528,87977.692167737157
11529,87983.940466641347
11530,87986.467860601828
11531,87993.437979676004
11532,87996.040835081949
11533,88003.543935455207
11534,88007.869279711565
11535,88013.246106664592
11536,88021.744642737554
11537,88025.004210014624
11538,88028.758194312089
11539,88033.060972944557
11540,88040.463204943109
11541,88044.109552822323
11542,88048.536238437562
11543,88056.678751358791
11544,88064.206067422972
11545,88067.096543383654
11546,88079.196647538149
11547,88084.351390086944
11548,88099.385084097928
11549,88105.942230263448
11550,88107.581148424317
11551,88113.093541296621
11552,88115.413512243293
11553,88122.265015032768
11554,88124.665489667052
11555,88128.788012210789
11556,88136.673535682043
11557,88137.857613240907
11558,88143.540606772469
11559,88157.550735763449
11560,88160.721595003124
11561,88167.433507671245
11562,88174.319131396056
11563,88186.311414263488
11564,88188.31599271427
11565,88193.832746122789
11566,88194.724862297953
11567,88198.610509962964
11568,88210.038470060332
11569,88212.56801279723
11570,88214.736371253166
11571,88215.301562698107
11572,88222.342788008827
11573,88228.475922986676
11574,88233.434205513215
11575,88235.934168837659
11576,88242.113456169318
11577,88246.139515138624
11578,88255.185588605775
11579,88256.324267064148
11580,88260.063763765313
11581,88267.301612341093
11582,88273.811381111853
11583,88281.423189466557
11584,88289.792674039942
11585,88294.187139731686
11586,88305.73559571513
11587,88308.092168221163
11588,88315.287319039882
11589,88318.195210322359
11590,88322.582018042158
11591,88332.237786358601
11592,88335.889073619081
11593,88344.599575577522
11594,88345.496945275343
11595,88355.630226971552
11596,88364.162561837686
11597,88367.634343855563
11598,88378.129055432641
11599,88385.263587041685
11600,88395.272603626334
11601,88397.935244178574
11602,88402.174609534675
11603,88411.923889341007
11604,88420.38064697884
11605,88424.362064620873
11606,88430.866055098115
11607,88438.696799438316
11608,88450.94796148852
11609,88455.098954997608
11610,88464.048261620192
11611,88465.46622411428
11612,88472.517286273054
11613,88472.931520630416
11614,88485.060143465773
11615,88486.80252425441
11616,88492.011732527113
11617,88502.522462797191
11618,88511.805313317891
11619,88520.353127382579
11620,88521.572779547729
11621,88534.404651549485
11622,88536.546441273531
11623,88543.660361310453
11624,88549.965288505773
11625,88555.565221037788
11626,88561.618688266317
11627,88569.000119371587
11628,88579.513197714186
11629,88584.458551772972
11630,88588.196493770083
11631,88604.285169717827
11632,88607.992929560962
11633,88611.386289141054
11634,88626.375004443849
11635,88627.8950539363
11636,88632.908388384851
11637,88638.644584329013
11638,88653.087254303246
11639,88658.679379234527
11640,88661.587788264573
11641,88667.165391775896
11642,88673.335058544588
11643,88681.48991637888
11644,88688.42198120954
11645,88696.797130023217
11646,88702.140655978772
11647,88711.561726447311
11648,88719.391521513666
11649,88722.710679436103
11650,88727.556282642472
11651,88732.431454556005
11652,88737.417396137462
11653,88742.869710954779
11654,88751.781667017174
11655,88756.719650324434
11656,88758.246567418464
11657,88767.936690934017
11658,88771.847418786594
11659,88773.985499795337
11660,88779.039679385736
11661,88784.802880208721
11662,88789.061805219942
11663,88799.24169260409
11664,88803.338706272989
11665,88813.02050355541
11666,88819.661186165031
11667,88833.675705192509
11668,88839.012444074862
11669,88843.584884030177
11670,88851.425358539491
11671,88858.550131606811
11672,88860.924718604045
11673,88870.20332765604
11674,88873.587343407373
11675,88885.549124395242
11676,88888.702677144232
11677,88899.234578310556
11678,88910.356079741323
11679,88920.914484231005
11680,88923.174396688861
11681,88928.689526061251
11682,88933.950883539888
11683,88938.688593993269
11684,88947.477854668425
11685,88958.103900072369
11686,88962.836841260243
11687,88979.53512892357
11688,88990.759546250702
11689,88993.883104881432
11690,88998.710442262643
11691,89004.232666603246
11692,89004.828498169663
11693,89011.027668199968
11694,89016.222296364052
11695,89019.372688711883
11696,89024.177659828827
11697,89031.182357844125
11698,89034.466952560557
11699,89039.118643366208
11700,89055.744473324186
11701,89057.502288289354
11702,89064.694524350853
11703,89066.279557726317
11704,89074.813304000345
11705,89084.713824046325
11706,89093.916712055448
11707,89098.407338861653
11708,89102.695766803212
11709,89112.985789189275
11710,89127.008591596343
11711,89129.197513817373
11712,89132.960868641021
11713,89151.666167715128
11714,89153.426686426843
11715,89157.883586167474
11716,89160.218785725563
11717,89167.023720351659
11718,89175.727208327618
11719,89180.890755869201
11720,89187.781574721914
11721,89198.740791882796
11722,89200.483879843378
11723,89206.53210937728
11724,89211.704352377841
11725,89216.360614480887
11726,89219.554058838126
11727,89227.380459535038
11728,89234.064392930522
11729,89240.891551712615
11730,89248.985828933728
11731,89259.608765750672
11732,89267.514418320861
11733,89279.351858648239
11734,89282.271875917868
11735,89289.743739953105
11736,89301.958379903779
11737,89304.083291407529
11738,89307.809369384646
11739,89315.74146766559
11740,89320.977588230846
11741,89325.117063274505
11742,89340.750502497001
11743,89341.959187338492
11744,89349.839226706667
11745,89359.704933432353
11746,89362.254630595649
11747,89369.395302652047
11748,89374.664278508571
11749,89386.861406188837
11750,89391.05144641106
11751,89401.165303785048
11752,89404.620584385484
11753,89410.5866445828
11754,89414.730539325115
11755,89416.193737869369
11756,89426.440005965109
11757,89431.015043269668
11758,89437.782774928462
11759,89441.723256034064
11760,89443.582711196548
11761,89453.219500140316
11762,89463.463539217788
11763,89471.011900056459
11764,89473.807116860276
11765,89480.523916947714
11766,89482.703927288589
11767,89485.512819469601
11768,89499.151993302454
11769,89503.101838431714
11770,89509.651467285046
11771,89514.412001034099
11772,89518.827227907241
11773,89523.584060022695
11774,89532.719166386392
11775,89534.116311376521
11776,89541.480848937528
11777,89544.356897960984
11778,89549.335876416211
11779,89562.071682919675
11780,89566.634366474143
11781,89569.987231966632
11782,89579.405024630658
11783,89581.941734463631
11784,89585.337658937467
11785,89590.075733405029
11786,89595.307909245239
11787,89601.930460532603
11788,89607.369314003445
11789,89613.907121736294
11790,89615.777560590621
11791,89617.445146218219
11792,89622.772535745185
11793,89623.554876036957
11794,89625.541775961363
11795,89635.449321475971
11796,89635.703495756083
11797,89641.48526595626
11798,89642.933318384414
11799,89649.066574257668
11800,89650.013299614424
11801,89653.729633836992
11802,89656.713650386562
11803,89663.42076914302
11804,89670.129352374788
11805,89674.359541030586
11806,89676.293917167553
11807,89682.456168131175
11808,89684.518618603557
11809,89686.414111220554
11810,89691.5278507802
11811,89696.683289641544
11812,89699.574668576417
11813,89702.539303197962
11814,89706.588965770658
11815,89709.334739921658
11816,89715.427006592261
11817,89720.513908369539
11818,89722.834526101724
11819,89725.604506160293
11820,89730.318428054234
11821,89731.75749763615
11822,89733.664818246689
11823,89734.688509893167
11824,89740.981116194656
11825,89745.568969489526
11826,89749.110903105364
11827,89749.985275083192
11828,89752.565927518197
11829,89756.079270192276
11830,89758.5866110684
11831,89763.440606221644
11832,89764.634643234996
11833,89766.975990680614
11834,89773.587270445321
11835,89775.271217870424
11836,89777.935613276786
11837,89781.626633674256
11838,89783.31681159063
11839,89785.5308829157
11840,89787.303402035162
11841,89790.437125730736
11842,89794.103066661002
11843,89796.223092823551
11844,89797.803686111278
11845,89801.660930892787
11846,89802.547107304126
11847,89806.279819218151
11848,89807.758911632438
11849,89809.08783710128
11850,89811.02981409413
11851,89812.297634941351
11852,89814.245118329098
11853,89814.896101484657
11854,89820.620648388605
11855,89821.364504675774
11856,89823.373111165696
11857,89826.022885484766
11858,89828.402451688104
11859,89829.167500372394
11860,89833.36425429357
11861,89834.963737690094
11862,89835.425500067475
11863,89836.540842846545
11864,89838.567145038178
11865,89841.98272748079
11866,89844.075564928789
11867,89845.400373872821
11868,89846.753153710641
11869,89850.584611412647
11870,89851.998504791089
11871,89853.194866933685
11872,89854.096286353204
11873,89855.082076570223
11874,89857.202135682397
11875,89860.580576505512
11876,89863.108080913837
11877,89867.505619461939
11878,89869.113430279744
11879,89871.22729110872
11880,89871.880437731656
11881,89874.232223852683
11882,89875.211501603524
11883,89879.63823917204
11884,89881.708279548679
11885,89883.693395547481
11886,89886.688465318017
11887,89888.37526606748
11888,89890.634502532703
11889,89894.456536784011
11890,89896.744052593684
11891,89898.935098408125
11892,89900.188304633615
11893,89902.861701622911
11894,89904.253926694902
11895,89910.02270571464
11896,89912.265925072061
11897,89914.555328335991
11898,89917.729879472157
11899,89920.878949674501
11900,89923.414818376652
11901,89925.199264005976
11902,89926.407118970717
11903,89928.629767890758
11904,89930.851338830456
11905,89935.698764839661
11906,89937.045536191785
11907,89939.960718587172
11908,89945.359242363906
11909,89948.872189926871
11910,89951.904269823572
11911,89956.218875248393
11912,89957.497572491586
11913,89959.676455186767
11914,89966.32134932655
11915,89969.40766640754
11916,89970.851855902496
11917,89971.834971643926
11918,89976.923020624716
11919,89980.460148736631
11920,89983.606599913153
11921,89987.191435454937
11922,89992.945422128294
11923,89999.311267397177
11924,89999.947757222457
11925,90003.280532486388
11926,90005.769749090439
11927,90012.316692334207
11928,90018.643596208232
11929,90022.260736191674
11930,90025.784683561011
11931,90028.860248288503
11932,90033.725723324722
11933,90037.043049245651
11934,90040.627374440592
11935,90044.686953793469
11936,90046.365202874629
11937,90051.233429444444
11938,90053.14438468666
11939,90055.303340859609
11940,90063.316082765916
11941,90066.393538294593
11942,90071.436855128777
11943,90074.031257345719
11944,90076.157608286332
11945,90079.383287123404
11946,90081.901956419664
11947,90085.896592513149
11948,90090.84032882053
11949,90094.386915940195
11950,90102.049148899081
11951,90104.984880602075
11952,90106.226183839943
11953,90111.954036939831
11954,90118.538151620975
11955,90121.382046763742
11956,90126.115639863245
11957,90132.041519556573
11958,90135.936840529466
11959,90140.303107864092
11960,90144.106514571322
11961,90144.866163847168
11962,90155.05666031607
11963,90158.273625862799
11964,90159.317097819832
11965,90163.718589099299
11966,90165.664578083277
11967,90168.971643857978
11968,90175.206446145137
11969,90176.579879504658
11970,90185.789711804391
11971,90186.495679084604
11972,90189.639213938761
11973,90198.045573891955
11974,90203.488084579236
11975,90205.586499909827
11976,90211.40029549216
11977,90212.451200670097
11978,90217.549257127364
11979,90223.885348222233
11980,90228.100065633887
11981,90232.471619543096
11982,90235.576475869864
11983,90239.290696662996
11984,90244.80105890613
11985,90248.50588419463
11986,90250.004030754164
11987,90254.925321651681
11988,90261.51551544806
11989,90265.421009968937
11990,90267.820395692688
11991,90272.459293932028
11992,90279.759730083679
11993,90284.105634005391
11994,90285.124688086376
11995,90289.323157738021
11996,90292.111233577249
11997,90296.939159708796
11998,90298.717493526288
11999,90304.73897773381
12000,90306.469370031729
12001,90309.734050356841
12002,90316.243808552666
12003,90326.807584765746
12004,90328.197766529047
12005,90330.268316494316
12006,90331.788165633363
12007,90337.24225799182
12008,90345.50930734913
12009,90347.228234496768
12010,90350.996856966012
12011,90355.585284346147
12012,90357.136941953242
12013,90361.054434706442
12014,90365.923386920855
12015,90371.420255793229
12016,90372.979555629354
12017,90377.357764161352
12018,90384.752893213212
12019,90388.768005442893
12020,90390.548083030211
12021,90397.28984886696
12022,90400.067148718095
12023,90410.21439747978
12024,90412.940572939158
12025,90415.892540202127
12026,90417.608295424812
12027,90423.965444412126
12028,90426.366642453664
12029,90431.290253317202
12030,90432.952124236952
12031,90442.407611960181
12032,90445.240623139238
12033,90448.275176592506
12034,90453.893704359376
12035,90455.526878591554
12036,90461.420943683494
12037,90464.756480334094
12038,90475.98312918852
12039,90476.661446993778
12040,90479.971610131077
12041,90483.781961303917
12042,90485.832727055677
12043,90489.267594215009
12044,90491.872116942643
12045,90494.245298208596
12046,90499.348731491846
12047,90503.425903497962
12048,90505.487570395344
12049,90510.214981124838
12050,90518.472443936174
12051,90522.750060074759
12052,90527.737563592702
12053,90532.952250882721
12054,90533.392818985521
12055,90541.173374311446
12056,90546.905251578297
12057,90553.07543661719
12058,90557.466187649843
12059,90563.533746927642
12060,90565.602655956493
12061,90567.482029868814
12062,90575.228520613528
12063,90575.730310685249
12064,90580.932987952023
12065,90584.688274238855
12066,90592.030702755714
12067,90593.83854695865
12068,90599.006117830446
12069,90601.416034623355
12070,90602.729514955325
12071,90607.967410633501
12072,90609.908098448039
12073,90618.101386305701
12074,90620.474335270716
12075,90621.947390697518
12076,90631.17454079754
12077,90640.122023580057
12078,90644.617799814223
12079,90648.991677891274
12080,90654.624096078522
12081,90657.211009341292
12082,90661.496349838722
12083,90663.877136982162
12084,90672.703930050324
12085,90677.390842380919
12086,90682.738181458539
12087,90687.394680033132
12088,90691.406280671115
12089,90695.156259944357
12090,90699.646334386824
12091,90706.968080392471
12092,90710.265893721371
12093,90713.925595345747
12094,90724.150187880135
12095,90726.690357898609
12096,90733.152866164048
12097,90737.144862378831
12098,90743.956193760285
12099,90746.088453222008
12100,90751.039531213217
12101,90751.171730560513
12102,90756.321454350342
12103,90761.534882660198
12104,90767.155935802468
12105,90771.650465340266
12106,90777.116533762106
12107,90782.54513257365
12108,90788.276467810705
12109,90797.097080213643
12110,90802.480708231073
12111,90806.410036060566
12112,90807.711055890104
12113,90811.885321182563
12114,90818.001912327236
12115,90818.042008984004
12116,90827.102791401732
12117,90835.704933972345
12118,90839.715251101035
12119,90841.244906783817
12120,90849.836467460089
12121,90857.053422114055
12122,90860.284909130132
12123,90860.49754473778
12124,90865.575331117172
12125,90877.100206212592
12126,90885.710665870822
12127,90887.971555557917
12128,90897.571564538928
12129,90900.456785298986
12130,90907.546231565153
12131,90908.896248726713
12132,90918.052940167719
12133,90925.388505391355
12134,90926.399667830177
12135,90929.771960195925
12136,90935.659014273653
12137,90949.743498342039
12138,90951.024615271002
12139,90956.56219527543
12140,90959.518541307596
12141,90963.764593690954
12142,90966.319620003138
12143,90972.23943699048
12144,90975.277141269529
12145,90985.436337738574
12146,90989.165441232515
12147,90991.533808471635
12148,91000.633960554842
12149,91006.076728915796
12150,91008.803740577292
12151,91014.932386467757
12152,91023.834988131232
12153,91028.722734721538
12154,91031.185783003661
12155,91035.501595724665
12156,91043.631442089449
12157,91045.533205248415
12158,91050.08993383887
12159,91059.073052699736
12160,91066.294785991719
12161,91068.251600277625
12162,91069.978968790383
12163,91081.833249325937
12164,91083.143148694042
12165,91087.694515804644
12166,91094.487295597573
12167,91098.769551844845
12168,91106.019045147026
12169,91109.191684336372
12170,91120.731531674013
12171,91125.893432250567
12172,91128.560947493082
12173,91139.492968730672
12174,91140.589492480678
12175,91142.622724324377
12176,91148.094313052003
12177,91152.815220469914
12178,91153.490859630459
12179,91162.412964815114
12180,91170.650768342646
12181,91172.614512824322
12182,91180.949674412404
12183,91188.008683994922
12184,91192.575236684948
12185,91199.184900799766
12186,91206.92458283114
12187,91212.637066825453
12188,91221.209099612242
12189,91223.9847758174
12190,91226.671116449972
12191,91231.891225646323
12192,91238.757639491261
12193,91245.994965494348
12194,91253.29675552038
12195,91254.746948974513
12196,91264.136902670842
12197,91269.03878758596
12198,91274.024965281817
12199,91282.405742636794
12200,91288.016578028735
12201,91292.094738362081
12202,91302.253814857453
12203,91303.276931917455
12204,91309.534401745477
12205,91311.12392230831
12206,91314.180206978897
12207,91320.538136104267
12208,91322.363428964585
12209,91336.74674544952
12210,91343.677109546028
12211,91348.77802325449
12212,91357.038865905575
12213,91360.935591092712
12214,91368.287936735884
12215,91370.742543574845
12216,91376.352420592244
12217,91378.601893191313
12218,91387.447520434202
12219,91391.686544181619
12220,91400.943081590551
12221,91402.487452386253
12222,91410.664658797396
12223,91416.230130843236
12224,91422.588512066417
12225,91426.582293695741
12226,91428.951731833906
12227,91437.53342811871
12228,91444.800612171006
12229,91450.49807472917
12230,91455.925268780411
12231,91465.255817333498
12232,91470.34189166782
12233,91473.689435174776
12234,91480.741411247203
12235,91495.330032219106
12236,91496.751584989732
12237,91497.8353217759
12238,91505.471876041294
12239,91508.646088378504
12240,91511.976942945053
12241,91520.397749947777
12242,91524.984361904935
12243,91541.322700267265
12244,91543.898735376133
12245,91548.657455245993
12246,91554.866148294939
12247,91556.567254964568
12248,91568.419019403125
12249,91574.555037566941
12250,91583.01230333859
12251,91589.998309310569
12252,91596.329446807358
12253,91600.140972519919
12254,91603.749367258002
12255,91610.671457025732
12256,91612.859938729627
12257,91627.745555930334
12258,91631.527503188525
12259,91640.450135135805
12260,91648.439376123453
12261,91653.532789496312
12262,91658.49886992792
12263,91664.41547949778
12264,91671.571420774984
12265,91675.552576054673
12266,91678.449380092949
12267,91680.90890229847
12268,91693.895734583391
12269,91697.913902570042
12270,91708.529058325468
12271,91709.123879940918
12272,91720.293246906556
12273,91723.656294060784
12274,91729.896016967716
12275,91736.603883911695
12276,91741.001290161337
12277,91752.260988601018
12278,91757.788091971175
12279,91760.891536716023
12280,91767.623395251343
12281,91772.902253390188
12282,91777.672469500758
12283,91784.178931190239
12284,91789.025384198088
12285,91796.510647331394
12286,91801.413528163117
12287,91802.041546484339
12288,91813.643387389893
12289,91817.865003461382
12290,91819.620900083901
12291,91825.000836275824
12292,91834.034506060314
12293,91841.191994225403
12294,91845.396680475125
12295,91861.805780458395
12296,91864.474161783437
12297,91869.247312758205
12298,91878.197627993912
12299,91884.115554882519
12300,91886.927134305544
12301,91894.290591210374
12302,91898.730712191013
12303,91905.069581575153
12304,91907.2434281202
12305,91913.811847785939
12306,91916.356120011245
12307,91919.555379176891
12308,91928.944707347691
12309,91932.380399724731
12310,91935.034866501825
12311,91939.582399806808
12312,91943.626427712108
12313,91956.928155659814
12314,91962.030171220336
12315,91971.703808157617
12316,91976.930043220025
12317,91991.859706325078
12318,91993.984374628562
12319,92001.636553845965
12320,92011.184828421057
12321,92013.815432855365
12322,92017.965108632765
12323,92020.974078701503
12324,92023.157189604608
12325,92027.616355616046
12326,92038.618240689684
12327,92045.047821950851
12328,92047.858595265934
12329,92056.257389774502
12330,92064.180940091901
12331,92070.431124349401
12332,92074.706779546046
12333,92083.641371690537
12334,92087.747349057463
12335,92097.425077010703
12336,92100.313174324998
12337,92103.665778377952
12338,92105.701352793985
12339,92107.339001326225
12340,92116.430072446368
12341,92128.810490416698
12342,92132.302209565853
12343,92137.959095430051
12344,92149.810687951627
12345,92152.903934931674
12346,92158.140802733644
12347,92160.604927635461
12348,92164.752672822899
12349,92171.917445520856
12350,92178.645957821223
12351,92186.27630411461
12352,92188.755459489112
12353,92196.073346867328
12354,92198.05205035441
12355,92202.114346190472
12356,92217.222426807435
12357,92225.558660790513
12358,92227.965068495672
12359,92230.944851772394
12360,92240.503405515119
12361,92249.985939210019
12362,92260.435498870545
12363,92262.125338177895
12364,92272.344745320646
12365,92276.902361550048
12366,92279.882190629607
12367,92290.657850794232
12368,92294.070071155438
12369,92295.834241185919
12370,92305.616236880087
12371,92307.563136286757
12372,92319.449181681382
12373,92324.572294307087
12374,92334.566201891445
12375,92337.327449807897
12376,92348.362581576977
12377,92349.746792768798
12378,92359.60005456311
12379,92365.317548418141
12380,92371.307475871246
12381,92384.785526063584
12382,92391.226955110396
12383,92396.050950677542
12384,92402.233788289013
12385,92404.605847609186
12386,92410.285675123669
12387,92430.625142228062
12388,92433.212725657722
12389,92441.070177762405
12390,92447.153972849163
12391,92456.573363861666
12392,92461.770285837527
12393,92462.365339478842
12394,92468.879889036791
12395,92475.207455391341
12396,92480.956882749291
12397,92489.881048878437
12398,92494.044420992577
12399,92497.650812569511
12400,92509.976728407404
12401,92519.478520778124
12402,92524.028147695804
12403,92533.864469664419
12404,92535.575038928728
12405,92546.433869705943
12406,92555.398979521662
12407,92559.052963025024
12408,92560.920644940008
12409,92569.167682280036
12410,92583.200148390533
12411,92589.720132406728
12412,92593.350881276492
12413,92601.399892512723
12414,92606.675635456719
12415,92613.884238658589
12416,92617.969315669601
12417,92630.994530349752
12418,92632.621654437185
12419,92640.524577115517
12420,92648.664463871086
12421,92654.580938222207
12422,92664.575396766581
12423,92667.834110647513
12424,92680.713899563721
12425,92692.418463970083
12426,92695.181754960737
12427,92702.335458141548
12428,92703.351578162634
12429,92710.795906962259
12430,92717.625830821722
12431,92727.809673734504
12432,92737.403908111373
12433,92746.986800162995
12434,92752.536479576607
12435,92754.180498813061
12436,92756.577883714897
12437,92761.206716753266
12438,92770.398487982704
12439,92772.147153291997
12440,92791.936887707285
12441,92796.523330213764
12442,92798.108369060807
12443,92804.266356108361
12444,92811.140034334996
12445,92815.738955491091
12446,92824.898161480873
12447,92831.888315680088
12448,92839.858448039391
12449,92845.466221616865
12450,92851.438443286519
12451,92863.158727985196
12452,92870.784497434637
12453,92881.392264248498
12454,92884.439078217896
12455,92892.886357150055
12456,92899.877642613035
12457,92902.533403882451
12458,92906.106674806957
12459,92913.764321207927
12460,92922.745509083907
12461,92932.761909026362
12462,92936.827968343903
12463,92952.514187062901
12464,92963.606490785241
12465,92971.532708241735
12466,92975.678522930393
12467,92983.428260054367
12468,92985.436352114033
12469,93002.915107397828
12470,93006.759042170524
12471,93013.086197816388
12472,93018.003039804389
12473,93023.837181398296
12474,93025.55473624439
12475,93035.822720573546
12476,93053.323737643499
12477,93058.445961474092
12478,93067.844325220707
12479,93073.487145430758
12480,93081.775966794172
12481,93087.636480487054
12482,93093.890897791935
12483,93102.398654599077
12484,93104.208198299792
12485,93114.302685535338
12486,93119.503209311486
12487,93126.764729051079
12488,93133.148893897102
12489,93146.856580237014
12490,93156.353122747663
12491,93164.377052953554
12492,93169.547843410357
12493,93172.035494029202
12494,93189.000858390908
12495,93191.700983231858
12496,93196.752252147417
12497,93212.404359586595
12498,93217.321262357509
12499,93219.715052035375
12500,93231.262860725517
12501,93234.657919816091
12502,93239.516991452561
12503,93248.631864125229
12504,93255.722063736379
12505,93265.175231563597
12506,93270.058906782477
12507,93275.208604156462
12508,93279.716030030075
12509,93287.385925333176
12510,93291.662899536052
12511,93298.207300956739
12512,93306.274013955393
12513,93314.330743009254
12514,93316.930125279177
12515,93325.734567009131
12516,93332.88115378232
12517,93341.558941360548
12518,93343.864763855294
12519,93351.282748754238
12520,93363.709850353218
12521,93370.703121515646
12522,93374.082120597144
12523,93381.371525610259
12524,93385.215092153638
12525,93394.729371020003
12526,93403.598779818451
12527,93416.631205554935
12528,93423.766188761161
12529,93428.658889126455
12530,93434.911356604818
12531,93436.316128603416
12532,93449.545197318104
12533,93455.139434379016
12534,93458.794958148486
12535,93460.002005896808
12536,93471.928645894222
12537,93485.692418985884
12538,93494.600089236526
12539,93498.074102549639
12540,93503.940981805485
12541,93509.14727537673
12542,93515.834512344387
12543,93517.288122498518
12544,93530.632510622381
12545,93538.068638544602
12546,93542.461091400823
12547,93556.596878076627
12548,93564.035710710872
12549,93569.051156941088
12550,93576.269280281165
12551,93581.792567386452
12552,93595.764759665093
12553,93603.185810880183
12554,93613.596156874672
12555,93623.089375515454
12556,93623.839050440802
12557,93632.675855571564
12558,93646.162002164696
12559,93655.494129923798
12560,93662.953607085219
12561,93668.534189873826
12562,93674.218774654
12563,93692.144976900963
12564,93697.498323259919
12565,93710.655019893529
12566,93714.09713570193
12567,93723.859438114887
12568,93733.452795498102
12569,93737.238909213527
12570,93742.793648256265
12571,93751.627027773837
12572,93754.081837235572
12573,93769.434386926878
12574,93775.626110390207
12575,93783.383334856699
12576,93785.464304281035
12577,93798.961864358018
12578,93805.522576718722
12579,93808.057683731939
12580,93819.650248145917
12581,93822.787996686762
12582,93827.031036185581
12583,93840.200510654307
12584,93847.794703264313
12585,93854.672357157877
12586,93859.349215586073
12587,93862.722003091418
12588,93883.01854361521
12589,93890.492099410374
12590,93902.94635833503
12591,93906.027538582828
12592,93914.531637803826
12593,93919.563885172378
12594,93924.653209637996
12595,93934.236787055357
12596,93946.609210746567
12597,93954.823009346117
12598,93960.901779395368
12599,93970.695980065342
12600,93977.612931986412
12601,93993.62434657749
12602,93997.35532564891
12603,94003.987071354903
12604,94011.929105581119
12605,94017.803184886798
12606,94023.261359111173
12607,94028.304194942903
12608,94040.634530236493
12609,94045.329490486241
12610,94054.956003364568
12611,94059.906488747947
12612,94069.679449135831
12613,94078.24640406415
12614,94086.231602855725
12615,94092.825988102995
12616,94097.426053102405
12617,94106.58889262953
12618,94110.247382232934
12619,94119.550015100263
12620,94129.461644859024
12621,94143.059496851056
12622,94149.388564500186
12623,94150.536382659368
12624,94158.009498407249
12625,94162.698727406358
12626,94167.482199418402
12627,94174.960613149233
12628,94189.111841282574
12629,94200.432094533506
12630,94205.777256527857
12631,94224.414398247711
12632,94227.018656020868
12633,94233.218482698241
12634,94239.276918275325
12635,94246.128443909882
12636,94252.52038107971
12637,94263.253352521846
12638,94265.843924639499
12639,94272.547679801166
12640,94284.721041185447
12641,94288.667892272584
12642,94292.922567077811
12643,94298.707915267209
12644,94304.353857750204
12645,94324.222666275993
12646,94334.431186802613
12647,94344.883627491421
12648,94349.934982550287
12649,94355.359961659546
12650,94359.042069455012
12651,94369.227740832328
12652,94384.933102275318
12653,94390.46705292743
12654,94391.035916847191
12655,94400.85047943778
12656,94403.537223222273
12657,94410.118598071072
12658,94417.073638155533
12659,94437.275070780845
12660,94444.814270573057
12661,94446.191210414778
12662,94454.743561264724
12663,94464.573907774378
12664,94467.438414134012
12665,94478.641917150147
12666,94486.336585750905
12667,94495.240811063093
12668,94499.22585187314
12669,94508.576591773424
12670,94511.93038874038
12671,94521.313494371047
12672,94532.424914097079
12673,94538.497900297021
12674,94548.082683345652
12675,94554.177751826486
12676,94557.768195175246
12677,94572.589785642776
12678,94581.826791144907
12679,94588.771772275693
12680,94600.102736813991
12681,94603.216889002841
12682,94615.6503132691
12683,94623.36215227707
12684,94625.299081539793
12685,94630.291880768287
12686,94643.092333427703
12687,94654.376708204465
12688,94657.095031159333
12689,94668.45801742324
12690,94682.062551280949
12691,94684.590243177197
12692,94692.586091957884
12693,94699.190466285116
12694,94709.204016979071
12695,94710.431505293804
12696,94733.887143801214
12697,94734.814756887223
12698,94748.869876056604
12699,94752.476920115252
12700,94764.080954542078
12701,94765.375536351159
12702,94778.934683237632
12703,94786.105415213591
12704,94792.372141978703
12705,94803.658802673745
12706,94816.669197962692
12707,94823.902990967283
12708,94828.470693538955
12709,94839.112275478416
12710,94840.39700904052
12711,94858.466639543127
12712,94864.179499794627
12713,94881.235334009543
12714,94892.929726488568
12715,94901.4815088053
12716,94906.072977100368
12717,94916.161949871195
12718,94929.914771622571
12719,94938.652465480816
12720,94947.147018227493
12721,94949.013468325633
12722,94957.425257896306
12723,94963.961797384705
12724,94972.805609321687
12725,94973.420631386107
12726,94983.404245434023
12727,94989.340268059153
12728,94998.433982332761
12729,95010.037021938857
12730,95012.603436309888
12731,95021.779497506257
12732,95036.556716600549
12733,95045.729018379076
12734,95055.400024040297
12735,95065.529798856354
12736,95071.711511472968
12737,95076.6728150173
12738,95088.416977901565
12739,95096.46115640823
12740,95109.577518426508
12741,95117.063289129539
12742,95122.098580849837
12743,95127.612393391115
12744,95131.032018053913
12745,95142.150074179444
12746,95150.363745624389
12747,95159.103937857799
12748,95160.615432590421
12749,95171.913381906023
12750,95183.807958530218
12751,95199.919712069008
12752,95207.931045633566
12753,95212.971698034031
12754,95219.597158764722
12755,95230.943957554729
12756,95241.30631003411
12757,95257.834430739851
12758,95265.751729028212
12759,95268.227873977201
12760,95277.357656894048
12761,95289.722902244786
12762,95298.836081323476
12763,95315.160325237681
12764,95318.863161655347
12765,95326.87547946503
12766,95339.671167709908
12767,95346.052637865214
12768,95349.455851596256
12769,95352.882393470398
12770,95366.087827658077
12771,95369.987304886017
12772,95382.839627162437
12773,95385.431369604965
12774,95397.092654913751
12775,95403.646374786156
12776,95409.85472961406
12777,95416.380157385283
12778,95424.889064457762
12779,95441.360988910586
12780,95452.414353063708
12781,95462.824571506848
12782,95469.971033413647
12783,95481.81786612072
12784,95491.972940066495
12785,95510.664812839255
12786,95514.734111046535
12787,95519.33372397389
12788,95529.015199849557
12789,95534.332061311216
12790,95540.582760415098
12791,95550.188314757383
12792,95554.690503847363
12793,95568.8726783374
12794,95575.929030481799
12795,95585.764328465724
12796,95596.631594797975
12797,95612.695224178897
12798,95616.374135880847
12799,95625.9026773933
12800,95633.47695240716
12801,95646.760723876127
12802,95652.291014941307
12803,95664.501288503248
12804,95671.145680466507
12805,95679.007688207537
12806,95685.8996103338
12807,95697.739174639108
12808,95700.537456673759
12809,95708.142603215616
12810,95726.849742834995
12811,95732.320410880988
12812,95744.013269108094
12813,95757.907782513255
12814,95766.400394432902
12815,95769.599916868305
12816,95782.466606942966
12817,95788.161130190419
12818,95799.961203161904
12819,95803.058595459166
12820,95820.303590633208
12821,95824.531143857865
12822,95835.967830635142
12823,95843.306056918897
12824,95853.267126510458
12825,95859.226295796863
12826,95866.797269796269
12827,95870.928476457324
12828,95875.607240044992
12829,95884.360337702703
12830,95897.014263669887
12831,95897.708771577469
12832,95913.360837363522
12833,95922.674343119477
12834,95932.312243561042
12835,95934.612036977836
12836,95945.369965688515
12837,95948.212777884924
12838,95954.344844381092
12839,95960.238172936122
12840,95971.422237274761
12841,95976.315437500278
12842,95983.98306149416
12843,96012.227683037738
12844,96017.5615373654
12845,96022.67106876694
12846,96026.38317488863
12847,96031.31318595777
12848,96043.984457286715
12849,96047.309995053147
12850,96062.91642921025
12851,96075.325602881552
12852,96078.134383082099
12853,96085.328364816989
12854,96094.96958966009
12855,96105.165532315354
12856,96117.645178791237
12857,96127.14686227373
12858,96135.281313690415
12859,96147.104037306635
12860,96160.071136836574
12861,96167.52462612027
12862,96179.305481948526
12863,96183.640916613731
12864,96192.762871777537
12865,96204.630432456048
12866,96215.412874180634
12867,96225.827107791585
12868,96232.990199064108
12869,96240.4431284069
12870,96249.166144104121
12871,96265.260854797831
12872,96271.09194973101
12873,96287.618604640491
12874,96296.055480351788
12875,96304.734358102622
12876,96309.544535655936
12877,96319.233721572935
12878,96323.370040153866
12879,96340.56887304972
12880,96345.7508582093
12881,96350.800155154808
12882,96359.720226867634
12883,96378.68191870772
12884,96386.684518247785
12885,96396.703285414202
12886,96403.8717394876
12887,96407.228105257076
12888,96414.951181389421
12889,96423.528413796084
12890,96431.028958989962
12891,96445.639810757682
12892,96453.93465330555
12893,96460.826771145439
12894,96468.687454459607
12895,96475.048193714712
12896,96476.274679981114
12897,96488.94886850148
12898,96515.153638913587
12899,96517.125173000735
12900,96529.381969630878
12901,96534.833695715846
12902,96546.326934011435
12903,96550.381653792152
12904,96562.059813732965
12905,96574.201794054214
12906,96581.76109197289
12907,96604.444038120375
12908,96608.141054312859
12909,96616.992788222269
12910,96629.247119836844
12911,96633.849291973689
12912,96651.530355636933
12913,96656.009381510099
12914,96664.443033283751
12915,96666.02544771829
12916,96672.991993855234
12917,96680.717683052222
12918,96690.258651426557
12919,96704.893350377592
12920,96718.23480870176
12921,96727.963189339556
12922,96732.807541669114
12923,96739.387805184757
12924,96753.675718709914
12925,96768.105068547942
12926,96776.587161576274
12927,96779.412950315935
12928,96789.452300364632
12929,96799.853629297329
12930,96809.887686100599
12931,96826.881581622743
12932,96844.310163900882
12933,96851.288967230459
12934,96853.082020315196
12935,96863.060900287761
12936,96875.009427313329
12937,96888.699078223348
12938,96892.395965333752
12939,96895.016312976673
12940,96907.702701304341
12941,96916.786987236264
12942,96933.73626824547
12943,96940.347597301079
12944,96956.154710244416
12945,96958.469270091708
12946,96977.83387554434
12947,96981.682918156803
12948,96986.924657853073
12949,97001.289272309165
12950,97009.190423527994
12951,97022.025255726956
12952,97030.370686579001
12953,97039.245082234236
12954,97046.33310923024
12955,97056.722656100654
12956,97060.109541510246
12957,97076.477634999494
12958,97084.287699899927
12959,97086.412104604562
12960,97093.092902816468
12961,97097.99534768844
12962,97115.959358885157
12963,97126.011815492166
12964,97126.246287062095
12965,97140.531238957294
12966,97149.679858432457
12967,97158.734939652466
12968,97172.053520921065
12969,97182.567254937036
12970,97184.212381806443
12971,97200.154460603124
12972,97206.021891944722
12973,97219.637644764531
12974,97226.782118362418
12975,97242.868781832338
12976,97250.609975894797
12977,97261.038002708912
12978,97275.074727571729
12979,97283.08653791534
12980,97298.700352746644
12981,97311.122600696268
12982,97315.971729831886
12983,97328.794959227744
12984,97333.57031924295
12985,97339.308779009138
12986,97353.143115878265
12987,97359.008203922611
12988,97368.853424215748
12989,97377.445001269196
12990,97383.643181971813
12991,97403.16717446773
12992,97404.042997696553
12993,97416.955225009166
12994,97435.149168152304
12995,97442.806647105826
12996,97460.09262960148
12997,97473.807224372373
12998,97476.873418348492
12999,97487.42695216318
13000,97497.879959143902
13001,97506.835615986347
13002,97510.467583954451
13003,97525.72055587676
13004,97527.738264312487
13005,97547.009055771341
13006,97568.288546783282
13007,97571.688880674468
13008,97578.522572639005
13009,97578.64317091128
13010,97585.041370115592
13011,97599.996781228852
13012,97614.525627247363
13013,97619.519547597942
13014,97624.759503149224
13015,97633.64354311749
13016,97641.668714828222
13017,97662.407386474806
13018,97667.147659565337
13019,97676.048861352916
13020,97695.395011214845
13021,97704.886069899789
13022,97709.488071236323
13023,97727.584936099156
13024,97739.610833711646
13025,97751.029463379105
13026,97760.955898329747
13027,97784.712059806334
13028,97786.443599106322
13029,97791.503949724938
13030,97794.952322352212
13031,97807.073289519773
13032,97819.228334244224
13033,97833.457521185337
13034,97846.339581923239
13035,97851.880187336385
13036,97854.977680623226
13037,97865.08583981976
13038,97877.539608841165
13039,97886.626060816576
13040,97888.456283309919
13041,97904.964457740542
13042,97917.067325221884
13043,97925.928705210827
13044,97939.873195600769
13045,97949.974419177175
13046,97961.933388419464
13047,97977.184735960866
13048,97981.161703058999
13049,97993.923921098496
13050,98000.8324931034
13051,98006.0209099317
13052,98018.586668588832
13053,98025.611572359718
13054,98037.908220327954
13055,98049.657665250736
13056,98055.462653432085
13057,98059.767119188356
13058,98060.5061583754
13059,98072.295751671816
13060,98084.451308777177
13061,98115.776959357492
13062,98129.913976584066
13063,98130.331486307041
13064,98138.63772241582
13065,98152.665826818411
13066,98155.707572958898
13067,98170.289681994269
13068,98181.781891675986
13069,98189.193448537757
13070,98198.637162021099
13071,98200.670013762676
13072,98220.438337559375
13073,98224.195937507247
13074,98231.653363567544
13075,98234.385141831153
13076,98248.234828996821
13077,98274.331268277194
13078,98278.548197747979
13079,98295.802747678405
13080,98300.262747046654
13081,98303.747073535153
13082,98308.166818536076
13083,98324.525994860931
13084,98338.830049285098
13085,98350.885890195757
13086,98356.950777965234
13087,98364.406292040818
13088,98371.783494990232
13089,98383.835069664987
13090,98393.308582352634
13091,98404.77259057411
13092,98423.189749659767
13093,98436.009401164949
13094,98441.046948792311
13095,98454.904698704253
13096,98458.299255902268
13097,98481.137951766068
13098,98498.659026844762
13099,98505.634714817279
13100,98519.110100147314
13101,98521.747035612992
13102,98538.386968751933
13103,98541.320522312657
13104,98554.265652171438
13105,98566.104026414265
13106,98576.520428271877
13107,98583.108597532802
13108,98591.349890156009
13109,98600.68320943923
13110,98614.209735914192
13111,98633.587374902301
13112,98640.447601098655
13113,98645.862740339158
13114,98654.173067035823
13115,98664.50999577246
13116,98675.80920549306
13117,98684.82025841609
13118,98693.905072161215
13119,98705.625696345145
13120,98708.432892689059
13121,98723.304439023414
13122,98732.79071997029
13123,98740.543945248777
13124,98749.99973646889
13125,98762.971829999893
13126,98790.994814244739
13127,98794.263475260464
13128,98814.643315530731
13129,98820.879912670935
13130,98832.355608078942
13131,98843.798631437065
13132,98858.99366175101
13133,98861.869936151299
13134,98876.693936816213
13135,98882.943202861134
13136,98899.468510233564
13137,98901.014137108476
13138,98919.863735468098
13139,98929.423146668458
13140,98940.553083193343
13141,98954.080867462762
13142,98962.860377383637
13143,98981.097314633676
13144,98987.066808042102
13145,98988.889895326734
13146,99007.17893949768
13147,99023.537298814175
13148,99036.856524889299
13149,99044.354448832877
13150,99048.545517882754
13151,99053.149664950382
13152,99060.15160776602
13153,99075.898199235118
13154,99095.109516316748
13155,99100.053795362546
13156,99121.333348721339
13157,99132.988640583892
13158,99141.070968452274
13159,99152.537591631815
13160,99162.171722799409
13161,99166.169798028437
13162,99176.305834843966
13163,99187.91019989179
13164,99191.157020170533
13165,99203.235680439902
13166,99209.65432700493
13167,99222.832070514574
13168,99240.906442112901
13169,99248.109257819917
13170,99255.454135188658
13171,99264.557613874509
13172,99279.47535589122
13173,99293.96717113175
13174,99308.322677559612
13175,99315.588880318843
13176,99322.927386352501
13177,99331.840250641137
13178,99334.790994152354
13179,99348.835958287062
13180,99367.920670379841
13181,99377.646677622455
13182,99385.747455884542
13183,99391.217431474521
13184,99395.883212285422
13185,99431.138976363247
13186,99433.565504062703
13187,99440.103056094245
13188,99468.024194909856
13189,99470.079746033676
13190,99490.945939901882
13191,99497.813431155373
13192,99501.086718755309
13193,99516.321810131485
13194,99534.309875847888
13195,99540.422028025234
13196,99547.60819975943
13197,99561.337939366786
13198,99571.417851163627
13199,99574.916377916888
13200,99590.331396793583
13201,99601.018837962445
13202,99609.544342620604
13203,99621.324362843472
13204,99628.04518811754
13205,99638.424769077013
13206,99660.63966217803
13207,99669.006032015954
13208,99678.022442311238
13209,99685.44800598624
13210,99694.729731792366
13211,99699.665660830884
13212,99731.167722533952
13213,99732.790785421166
13214,99738.789073298976
13215,99760.005879930482
13216,99773.366448006505
13217,99783.541378636015
13218,99794.743593088293
13219,99798.907354903495
13220,99812.917478533374
13221,99817.123240488916
13222,99831.895982548129
13223,99834.376817759985
13224,99841.508210244676
13225,99854.024191900884
13226,99856.28631853206
13227,99880.24771730577
13228,99894.846645569633
13229,99896.869259586369
13230,99915.657209389115
13231,99928.539447423958
13232,99949.013899117068
13233,99951.109661644281
13234,99961.104854923818
13235,99974.424875872966
13236,99980.869219808999
13237,99990.479959959048
13238,100008.95118988001
13239,100016.25679787596
13240,100027.23790635858
13241,100034.53741452744
13242,100042.70455655661
13243,100057.16704477448
13244,100068.11577366116
13245,100074.20947199155
13246,100088.20586861452
13247,100094.49277438241
13248,100113.38848118209
13249,100124.20741151291
13250,100130.80017812226
13251,100152.93005643916
13252,100157.57068329345
13253,100165.51859031607
13254,100180.66308129423
13255,100191.99695681701
13256,100198.88413923459
13257,100217.01666226255
13258,100218.65150843479
13259,100230.42563974897
13260,100236.70525662661
13261,100250.12690148184
13262,100251.92597068907
13263,100279.79481608301
13264,100289.03190787928
13265,100298.85858618931
13266,100310.38468991983
13267,100324.11758069132
13268,100331.03970700217
13269,100341.71926965509
13270,100351.54040390681
13271,100366.20656219611
13272,100381.25814810435
13273,100393.66445932137
13274,100402.1111451521
13275,100413.02861167415
13276,100422.66872319026
13277,100429.70843897374
13278,100452.57654249221
13279,100471.30511536732
13280,100474.04057646809
13281,100498.75196768485
13282,100510.24931624798
13283,100511.99320498483
13284,100518.89117060907
13285,100533.46914057869
13286,100535.51753159922
13287,100554.38191327413
13288,100558.33679369466
13289,100562.77094875877
13290,100570.70215781909
13291,100583.61699260153
13292,100607.56281951496
13293,100622.66486815973
13294,100628.11906442241
13295,100640.15115616017
13296,100650.1803676057
13297,100670.13282382197
13298,100695.57842483214
13299,100697.19856412802
13300,100708.58048512311
13301,100712.72423436082
13302,100718.67818161116
13303,100719.49075914157
13304,100734.81020537569
13305,100766.47493797963
13306,100771.25330704659
13307,100776.41407100765
13308,100800.04280773267
13309,100808.93824824107
13310,100825.07582581487
13311,100831.90886172732
13312,100845.62341338814
13313,100856.18044991407
13314,100864.10760053858
13315,100870.7690128987
13316,100877.25973508463
13317,100894.37414292466
13318,100912.83674843596
13319,100917.34849380438
13320,100923.84594974396
13321,100941.65009883617
13322,100960.99631232634
13323,100973.8440552329
13324,101001.44890101772
13325,101005.72405908354
13326,101017.49140381141
13327,101028.27080344337
13328,101046.86308032638
13329,101051.08355983862
13330,101055.48713351006
13331,101063.81868244414
13332,101084.05758916067
13333,101086.58476050239
13334,101103.952510626
13335,101125.5878632767
13336,101141.62915820672
13337,101147.50677865937
13338,101158.49886539365
13339,101170.70128313122
13340,101179.23455769994
13341,101185.22816099216
13342,101202.34602418132
13343,101225.79664011141
13344,101228.76931679253
13345,101247.79653386689
13346,101256.55618099388
13347,101268.97914100823
13348,101281.83541207379
13349,101290.98650705817
13350,101306.69731823854
13351,101323.45707082881
13352,101332.70014998145
13353,101347.55509278625
13354,101351.05276189565
13355,101378.78885185521
13356,101386.99761645097
13357,101391.31042050903
13358,101415.1327867708
13359,101423.68637888606
13360,101441.88166615197
13361,101451.27103468694
13362,101469.80771425426
13363,101476.65338383486
13364,101487.57954904236
13365,101496.90724907196
13366,101508.97730038081
13367,101522.57978265161
13368,101539.39223900721
13369,101550.25838812727
13370,101558.32802806135
13371,101567.00403859695
13372,101579.46918196279
13373,101598.14468096003
13374,101612.77556182853
13375,101616.06243506094
13376,101635.8437297526
13377,101645.08068799796
13378,101659.7416550177
13379,101665.20544437251
13380,101674.19306895096
13381,101689.89839050081
13382,101706.81296047513
13383,101718.75549977719
13384,101729.38441746983
13385,101753.70754411712
13386,101766.80426811011
13387,101773.00219711024
13388,101779.78261377205
13389,101781.19314309246
13390,101788.27184292018
13391,101797.97777943585
13392,101809.50378270602
13393,101840.82046058579
13394,101855.85673491159
13395,101862.86560099488
13396,101867.59011887008
13397,101877.45227033536
13398,101889.75711156699
13399,101908.71736154403
13400,101918.20453478953
13401,101925.22279554562
13402,101938.71978111842
13403,101949.90997945001
13404,101958.59405582576
13405,101980.45425798274
13406,101996.54955888946
13407,102003.45504154579
13408,102012.45001887355
13409,102030.51536044713
13410,102033.75103433948
13411,102046.85879505517
13412,102051.82421017757
13413,102056.23626124898
13414,102081.4444025501
13415,102088.68630202295
13416,102114.0716149628
13417,102118.93976587738
13418,102136.76768170166
13419,102141.7236387076
13420,102154.90266246989
13421,102163.55272012227
13422,102170.50953400673
13423,102189.09505289204
13424,102199.31314988971
13425,102212.09327354115
13426,102220.41946309518
13427,102233.84168228318
13428,102250.52386062009
13429,102254.81821725023
13430,102259.30070785098
13431,102271.24253116564
13432,102288.18027572799
13433,102288.90588482274
13434,102310.24257459762
13435,102321.35811761607
13436,102342.51828497161
13437,102357.8425868364
13438,102361.83798174052
13439,102372.6823023812
13440,102398.07716606301
13441,102399.43673400933
13442,102430.44913674866
13443,102433.47045399669
13444,102439.60648545725
13445,102465.90772484554
13446,102477.58237385046
13447,102492.26747285025
13448,102502.28716502624
13449,102506.45249238906
13450,102526.33698676304
13451,102537.19064651654
13452,102548.10476396962
13453,102568.41654810063
13454,102577.11470998995
13455,102599.32624567843
13456,102610.32881510138
13457,102612.97929517578
13458,102621.64294561041
13459,102642.68474008066
13460,102655.84307284479
13461,102672.80142827751
13462,102684.38480737488
13463,102688.94948523272
13464,102708.64124407404
13465,102730.1082259899
13466,102734.88731526212
13467,102748.7571212631
13468,102765.79277139735
13469,102775.32947828219
13470,102782.62582852342
13471,102797.25574498746
13472,102808.56324603595
13473,102830.44041324314
13474,102847.15404979559
13475,102853.28556933283
13476,102855.43562471688
13477,102861.86674971286
13478,102873.96369743426
13479,102883.01216297476
13480,102904.13980008001
13481,102910.37131340262
13482,102920.60507232886
13483,102949.96495753287
13484,102955.70169683332
13485,102974.74817096799
13486,103004.45396332203
13487,103014.33104192355
13488,103024.49890556055
13489,103043.9627845174
13490,103044.91791965479
13491,103049.94577579986
13492,103065.23192162679
13493,103070.77235243995
13494,103088.41081434621
13495,103103.3854492706
13496,103116.14685031537
13497,103125.50398371906
13498,103137.17581857086
13499,103157.69148785295
13500,103167.65122101981
13501,103181.81464862432
13502,103190.63021503951
13503,103206.59219901559
13504,103222.56434882901
13505,103230.71565920427
13506,103251.55584101245
13507,103254.17387926891
13508,103276.15278245835
13509,103300.88228303165
13510,103302.48236397257
13511,103312.20475922812
13512,103336.26101790951
13513,103364.12252073349
13514,103372.37076193055
13515,103380.37690345035
13516,103388.91926227816
13517,103405.06184248242
13518,103413.81736284922
13519,103439.42487349959
13520,103458.26820616612
13521,103468.91816541606
13522,103478.91181729823
13523,103494.9871451419
13524,103506.56209999004
13525,103516.78602237726
13526,103536.34702433748
13527,103559.52605615828
13528,103570.47545300178
13529,103574.58477216784
13530,103592.76947738671
13531,103600.22466200225
13532,103602.98033535185
13533,103627.4267015333
13534,103632.84938721168
13535,103647.24153821629
13536,103663.27377100385
13537,103674.64158032284
13538,103687.94045079395
13539,103689.4289601846
13540,103708.9801535498
13541,103730.48713999678
13542,103738.70582960632
13543,103756.81927078216
13544,103767.43161482023
13545,103771.54302466071
13546,103783.07120803042
13547,103804.95724800693
13548,103820.60461610736
13549,103834.58594074997
13550,103839.22223247343
13551,103850.36393615973
13552,103856.41542966526
13553,103882.86986226359
13554,103886.86260596506
13555,103898.90560755695
13556,103920.66116317765
13557,103929.3385188739
13558,103946.69077244411
13559,103959.56712672139
13560,103966.85975547382
13561,103975.68709978822
13562,103984.2510254215
13563,103993.96660148338
13564,104001.96588886021
13565,104014.10364204737
13566,104031.86488435863
13567,104039.31792289994
13568,104049.594842281
13569,104062.5388542283
13570,104083.54273332391
13571,104108.85146219294
13572,104124.683241356
13573,104146.49252675881
13574,104153.70475551844
13575,104160.84404388571
13576,104166.95140315071
13577,104189.82136171528
13578,104205.37056236483
13579,104210.38809798895
13580,104219.95752120143
13581,104241.25568740178
13582,104261.67113389002
13583,104271.04423785556
13584,104283.03351711729
13585,104314.02935117521
13586,104324.00802044521
13587,104336.23048581995
13588,104341.73847356313
13589,104363.49669896108
13590,104372.63096562149
13591,104378.50343108759
13592,104382.89510237979
13593,104414.92561511176
13594,104416.8415455553
13595,104438.780979071
13596,104454.50913348317
13597,104468.26218409292
13598,104484.91840926428
13599,104499.65770544605
13600,104506.94038636495
13601,104520.83505178205
13602,104536.18768842098
13603,104538.99239820281
13604,104549.33808367667
13605,104560.39986134801
13606,104572.33314932794
13607,104592.87334103102
13608,104596.45999282681
13609,104603.43057989661
13610,104617.25552696321
13611,104625.01849188551
13612,104645.18878481119
13613,104653.06666900036
13614,104684.00676629183
13615,104688.87875845627
13616,104700.53091410197
13617,104717.8541984771
13618,104728.28450043105
13619,104740.55803333911
13620,104748.65740957927
13621,104770.89223681239
13622,104775.77449385329
13623,104801.18420372797
13624,104808.81455726737
13625,104827.70317066828
13626,104831.3028268851
13627,104856.21451668636
13628,104870.14556908046
13629,104891.72942701999
13630,104901.33738818762
13631,104919.096723544
13632,104931.03821270498
13633,104944.32466999888
13634,104950.10115054139
13635,104967.52370832335
13636,104981.37550338486
13637,104993.98598549656
13638,105001.40464947341
13639,105009.2624938222
13640,105014.7615878436
13641,105046.56179263305
13642,105053.30802981339
13643,105061.1673518787
13644,105074.95104376068
13645,105096.5789679014
13646,105116.07152328947
13647,105125.24890389234
13648,105129.59020801295
13649,105154.7656090918
13650,105159.07363559197
13651,105180.02376827627
13652,105192.61012546909
13653,105206.56543546544
13654,105226.08266652406
13655,105233.62363990652
13656,105254.24749171815
13657,105261.1639127932
13658,105272.14509848932
13659,105292.46867505342
13660,105304.26935868907
13661,105312.56110472983
13662,105327.8253573862
13663,105335.29887740791
13664,105355.93225572672
13665,105365.67415821651
13666,105385.016630944
13667,105403.27824704096
13668,105415.84795995383
13669,105424.37826018661
13670,105436.82767266157
13671,105452.86515377698
13672,105472.12078377453
13673,105485.46869740142
13674,105498.70285142912
13675,105519.68141730495
13676,105526.88988628909
13677,105536.70184996142
13678,105550.73926900068
13679,105562.88641756773
13680,105582.27535496278
13681,105583.18263565378
13682,105597.32419459028
13683,105608.00295791721
13684,105619.38169037523
13685,105634.69333397504
13686,105670.3047339779
13687,105686.37022296064
13688,105699.52486625577
13689,105716.35470523918
13690,105720.79755175581
13691,105728.54940215881
13692,105747.03146139052
13693,105764.29586286029
13694,105787.73375276066
13695,105807.73232219595
13696,105820.06312026121
13697,105822.97849833408
13698,105835.77729970179
13699,105863.93439013587
13700,105873.39989977093
13701,105877.3863168153
13702,105906.53254709378
13703,105921.88613846111
13704,105931.74860843721
13705,105946.4882166692
13706,105960.17836664581
13707,105978.69875532539
13708,105992.64020586559
13709,106008.65201334535
13710,106012.91536597958
13711,106043.77156356486
13712,106053.76254586506
13713,106074.61992777804
13714,106093.98236287177
13715,106102.59301518978
13716,106108.25203609379
13717,106119.0960168844
13718,106133.64076896168
13719,106153.95619079038
13720,106161.97819287924
13721,106175.55809485067
13722,106189.46756683673
13723,106197.96282502353
13724,106208.75499593148
13725,106223.97443622324
13726,106232.67155841536
13727,106265.94256356853
13728,106275.66910445456
13729,106291.2107159149
13730,106311.567329051
13731,106322.18894254338
13732,106332.0534196825
13733,106338.12282614103
13734,106360.58576189625
13735,106363.28276822792
13736,106380.29146380644
13737,106395.59075902648
13738,106403.97405251753
13739,106434.15203981167
13740,106463.59559704928
13741,106471.72745719082
13742,106482.62188846045
13743,106504.48834848175
13744,106508.41909013185
13745,106516.43709216813
13746,106526.58827151006
13747,106537.3052573905
13748,106562.68813302183
13749,106578.59355635542
13750,106591.10617905112
13751,106594.41616780145
13752,106615.07427960592
13753,106636.32695583825
13754,106651.09169927957
13755,106664.62922454679
13756,106672.47959560239
13757,106693.28385773931
13758,106721.2597031113
13759,106724.97748940668
13760,106743.3819306962
13761,106750.62624287863
13762,106774.4436110099
13763,106784.19815650782
13764,106801.32267094839
13765,106824.63610288226
13766,106828.79597287629
13767,106847.87960870031
13768,106875.82507333414
13769,106894.63174686731
13770,106896.97460566249
13771,106922.99359817909
13772,106947.35302852115
13773,106956.73207526702
13774,106972.5227280485
13775,106982.81360410745
13776,106986.76009145363
13777,107002.3621185668
13778,107014.50416661872
13779,107028.47377842866
13780,107056.43932739619
13781,107075.68087842684
13782,107098.67833476754
13783,107119.00766573258
13784,107129.4197726604
13785,107143.43884511804
13786,107148.58363848223
13787,107158.21332305654
13788,107179.16405348787
13789,107194.02069925857
13790,107203.83278146446
13791,107226.49667927809
13792,107246.86457035251
13793,107256.59988403377
13794,107262.63039466219
13795,107283.17519862823
13796,107288.92292699171
13797,107289.87257478503
13798,107334.69439727123
13799,107343.93709218848
13800,107344.24886189189
13801,107371.70106008039
13802,107382.61709422505
13803,107387.32850613235
13804,107398.38293471352
13805,107415.29759943009
13806,107427.75052267927
13807,107458.41002937904
13808,107471.65816076664
13809,107484.49596085474
13810,107501.21616601382
13811,107508.88956419194
13812,107523.9850054415
13813,107545.49109807228
13814,107560.66144348122
13815,107575.61849616913
13816,107581.98459632989
13817,107594.8793873164
13818,107606.30331853023
13819,107617.3977917108
13820,107631.40501839205
13821,107655.47751654268
13822,107662.04480757708
13823,107699.05950324585
13824,107721.53300028674
13825,107731.7100568391
13826,107738.04000050736
13827,107756.86910355302
13828,107766.8043199455
13829,107773.68025727442
13830,107783.36294369341
13831,107814.0500222314
13832,107822.36862731198
13833,107834.84997867717
13834,107855.69741545465
13835,107862.85696256493
13836,107867.96803970162
13837,107892.07761172274
13838,107926.26265797565
13839,107933.00784048057
13840,107943.6429891475
13841,107957.68193247169
13842,107963.24400552867
13843,107982.27516234769
13844,107997.64603572326
13845,108018.48038511153
13846,108029.95098249767
13847,108056.49787673983
13848,108059.58986090122
13849,108090.55620817863
13850,108104.8449987093
13851,108115.54479572685
13852,108120.13524848997
13853,108130.71191056179
13854,108143.73365668468
13855,108161.24228547039
13856,108190.17138321539
13857,108203.01710405818
13858,108214.97182716108
13859,108233.20225359443
13860,108239.74600695829
13861,108258.51000219591
13862,108263.61495897196
13863,108292.84032071776
13864,108305.76496368725
13865,108325.20203578455
13866,108347.4947897651
13867,108352.61002085975
13868,108375.92516564303
13869,108386.34836137442
13870,108393.7390951649
13871,108409.82879267533
13872,108432.26499174751
13873,108450.31807497429
13874,108461.70780533845
13875,108474.39340992844
13876,108480.56468880876
13877,108512.10834315036
13878,108518.97296875727
13879,108549.15535702342
13880,108565.96556769141
13881,108567.1491981721
13882,108584.08704278999
13883,108596.59956563506
13884,108628.99227576164
13885,108650.09102724754
13886,108671.55320423667
13887,108683.77373297655
13888,108715.44153656728
13889,108722.64424688435
13890,108744.11863768836
13891,108767.74628469761
13892,108782.50662464983
13893,108794.95852438442
13894,108806.42415030104
13895,108822.26056033447
13896,108835.72313346536
13897,108854.16726981106
13898,108861.8229365333
13899,108871.89818167896
13900,108881.96987190671
13901,108898.23855710348
13902,108916.54781100611
13903,108927.75403505258
13904,108935.3251995481
13905,108980.21910052087
13906,108988.90295241278
13907,109000.75471792971
13908,109019.05564542953
13909,109040.35159858245
13910,109073.18201904475
13911,109083.39686567642
13912,109094.97004458519
13913,109102.36140251538
13914,109117.20119395299
13915,109133.39953870518
13916,109150.09497113606
13917,109164.88468714373
13918,109183.01186017619
13919,109215.0613443637
13920,109233.13700120283
13921,109245.22701829878
13922,109264.44994025028
13923,109277.81405729972
13924,109282.12135651546
13925,109285.84967114365
13926,109324.26453633884
13927,109330.96570207973
13928,109347.13855208414
13929,109360.77610751981
13930,109380.48105544191
13931,109394.30781519976
13932,109413.91807824071
13933,109421.38145767347
13934,109456.2064857525
13935,109466.1796336957
13936,109474.19970103093
13937,109512.76880549284
13938,109530.15198505833
13939,109536.29147528208
13940,109552.35672300069
13941,109567.16709948522
13942,109591.6412719739
13943,109608.15469423124
13944,109619.27359460718
13945,109629.34254287554
13946,109645.87937666931
13947,109694.98844918597
13948,109707.77952481031
13949,109722.36781983136
13950,109744.97842175691
13951,109753.36909935587
13952,109773.77250944743
13953,109786.41631296772
13954,109796.5120270434
13955,109810.66667034903
13956,109818.78289458765
13957,109849.65294258937
13958,109862.2275564013
13959,109873.9595867989
13960,109878.40736740039
13961,109898.76239607066
13962,109902.42110607645
13963,109931.5231017998
13964,109940.91863950566
13965,109951.13354764457
13966,109960.39980254364
13967,109971.81158323989
13968,110000.03764315542
13969,110027.11348714901
13970,110042.55404499976
13971,110056.20555976276
13972,110065.79737896289
13973,110087.5445610755
13974,110091.572401382
13975,110109.31282942527
13976,110123.44580156167
13977,110150.36795677929
13978,110161.19558006078
13979,110189.25491633815
13980,110194.99133031911
13981,110214.68890619403
13982,110244.84177025256
13983,110257.36039401576
13984,110271.76783786346
13985,110287.62128960468
13986,110294.82482240257
13987,110310.1570036198
13988,110339.79566748954
13989,110356.46081952369
13990,110369.84739436687
13991,110388.16037751459
13992,110421.66221558902
13993,110434.01311749827
13994,110458.21534519369
13995,110474.78402527518
13996,110491.80509058536
13997,110506.83108965971
13998,110524.42813378129
13999,110553.49039192029
14000,110556.88473033685
14001,110580.25011543669
14002,110591.58612986314
14003,110598.0335896521
14004,110606.27464078176
14005,110621.64264296251
14006,110640.21125466056
14007,110677.02415395281
14008,110685.50913048796
14009,110701.14115464974
14010,110702.19483678903
14011,110745.34433751433
14012,110759.46494384354
14013,110772.70565813342
14014,110802.24076529883
14015,110817.38592493079
14016,110820.3377879349
14017,110840.8962062949
14018,110864.47444710277
14019,110867.96293629888
14020,110909.61128462144
14021,110916.36281417728
14022,110926.91266364482
14023,110939.52073297107
14024,110958.44137200335
14025,110970.94812088652
14026,110983.14399266378
14027,110995.32487307129
14028,111017.73911353422
14029,111035.22493768897
14030,111057.69375431845
14031,111069.51825516978
14032,111091.57355460644
14033,111104.64141365817
14034,111135.73991057857
14035,111156.63435203841
14036,111173.01551454976
14037,111181.40977529295
14038,111191.48150790112
14039,111202.81501706313
14040,111206.17430426186
14041,111253.25541077403
14042,111283.0146155648
14043,111299.78817828477
14044,111315.42864853673
14045,111326.01999276091
14046,111345.33702519651
14047,111347.16600575091
14048,111355.78805395903
14049,111383.27558798765
14050,111392.60006106278
14051,111424.64456848464
14052,111450.24931332147
14053,111455.91374172785
14054,111474.55196454261
14055,111499.24741577118
14056,111521.04690790856
14057,111532.31149581441
14058,111542.86416062254
14059,111552.59621850149
14060,111573.50368334283
14061,111598.17624772161
14062,111607.64289523063
14063,111615.45952323425
14064,111632.9082150758
14065,111636.14313620863
14066,111669.45961404104
14067,111678.28800824693
14068,111695.68588062392
14069,111731.16751050275
14070,111741.50547336155
14071,111756.7441572836
14072,111775.97422204784
14073,111802.54863918263
14074,111819.9942421684
14075,111842.47285340194
14076,111867.34711778759
14077,111886.06532587521
14078,111902.26955073922
14079,111920.69745428109
14080,111935.26361138535
14081,111947.39190183452
14082,111964.7979731638
14083,112019.33310192444
14084,112028.99813156166
14085,112034.87529096917
14086,112055.93806589692
14087,112073.88949578079
14088,112085.25894537709
14089,112110.53877297454
14090,112114.3662835604
14091,112120.8101510697
14092,112156.33954579211
14093,112171.32941543376
14094,112191.40480634924
14095,112212.06160591038
14096,112232.98627586562
14097,112257.17482031172
14098,112268.74485549259
14099,112280.9604433881
14100,112299.65499570665
14101,112312.30113911773
14102,112323.7942774156
14103,112343.93236736792
14104,112357.90756147922
14105,112387.17752238632
14106,112422.83390746497
14107,112436.51640021309
14108,112448.95880790726
14109,112467.18248660221
14110,112485.74728321619
14111,112510.1616554808
14112,112514.55635551212
14113,112542.16260985351
14114,112560.71663582504
14115,112580.57333147593
14116,112604.60640111698
14117,112627.34561597872
14118,112650.43607156585
14119,112661.79467945734
14120,112668.78705280868
14121,112696.86216972787
14122,112709.58109585139
14123,112744.09563190858
14124,112758.40401727271
14125,112773.68366617268
14126,112806.18629097544
14127,112824.56115017617
14128,112835.51182948692
14129,112848.64050726984
14130,112867.17738028783
14131,112878.34958936712
14132,112903.36951774295
14133,112908.61364839433
14134,112924.74422559234
14135,112934.3620908973
14136,112965.67741147529
14137,112979.92890787793
14138,112998.22282198667
14139,113009.14184499555
14140,113028.47695056138
14141,113050.47481447431
14142,113054.00562430058
14143,113078.42969773979
14144,113108.66966781407
14145,113137.90047648136
14146,113167.17132117596
14147,113183.84234119553
14148,113195.10191463093
14149,113224.57332319851
14150,113248.38208536364
14151,113258.32115450622
14152,113284.18672923646
14153,113304.06073629321
14154,113316.57799254356
14155,113331.31540965944
14156,113367.59441184669
14157,113381.12367362372
14158,113399.70668933116
14159,113418.08831991885
14160,113446.86699754425
14161,113459.32779213236
14162,113485.83228075557
14163,113488.90258087317
14164,113504.56684013446
14165,113524.94131746047
14166,113557.97012856473
14167,113571.49145599456
14168,113593.77015515229
14169,113603.78856483068
14170,113607.01776797332
14171,113643.95737247345
14172,113651.22614865356
14173,113678.23243314202
14174,113706.04880929734
14175,113725.38153877959
14176,113733.35125623923
14177,113771.44475961788
14178,113787.31320163776
14179,113803.02982014071
14180,113817.716149165
14181,113826.2891081238
14182,113858.7894364001
14183,113863.40076437754
14184,113871.76885841387
14185,113915.21949277614
14186,113938.12444042126
14187,113963.21879430195
14188,113985.19217538837
14189,113989.00800726173
14190,114008.64139490898
14191,114024.09973890164
14192,114049.09266311357
14193,114078.09137479732
14194,114100.54011058834
14195,114112.2355351678
14196,114129.20391880587
14197,114146.07759896394
14198,114158.83094969094
14199,114173.10583183639
14200,114197.26880518801
14201,114217.44870514791
14202,114245.36328540384
14203,114253.61874351556
14204,114267.79094701173
14205,114289.96983420312
14206,114304.42364228608
14207,114316.6059644701
14208,114351.4476189213
14209,114355.95888102939
14210,114368.24741126552
14211,114383.87550105531
14212,114397.49620541703
14213,114427.10495802441
14214,114433.58697871437
14215,114452.02607428883
14216,114490.07732768297
14217,114525.89395213232
14218,114535.57653808413
14219,114567.66233976553
14220,114592.53059741063
14221,114607.15676320756
14222,114612.07873091441
14223,114640.62830071722
14224,114685.39945060313
14225,114691.15569717161
14226,114699.71157497705
14227,114723.28974649651
14228,114749.97956263763
14229,114768.3579279143
14230,114781.85587335138
14231,114791.54402194328
14232,114827.80886213429
14233,114851.76696403066
14234,114868.74927267896
14235,114885.62821386321
14236,114910.69490119329
14237,114925.35985054834
14238,114958.93475305842
14239,114984.35625888901
14240,115005.00603315752
14241,115023.6717895544
14242,115043.9635604236
14243,115061.01765394479
14244,115070.33651599173
14245,115107.05581729607
14246,115113.01118809756
14247,115138.57737164925
14248,115152.8795668832
14249,115169.48336645585
14250,115198.49570793092
14251,115209.06861455747
14252,115216.7328298684
14253,115230.98553440493
14254,115279.21676467694
14255,115290.36256068533
14256,115317.87963284872
14257,115347.71832586403
14258,115362.01605434984
14259,115382.06368348979
14260,115409.18386892873
14261,115423.35522336781
14262,115427.45226342948
14263,115451.57878075924
14264,115462.88390924204
14265,115511.32693672329
14266,115528.95842639121
14267,115552.60527549563
14268,115563.46215362642
14269,115578.38382756746
14270,115589.46052842279
14271,115606.266754507
14272,115641.18305667314
14273,115656.08559326801
14274,115681.99638105255
14275,115684.94095888233
14276,115719.67273125636
14277,115749.29512390697
14278,115753.09189643251
14279,115785.77329594313
14280,115804.05536311535
14281,115833.94138017528
14282,115836.8892907151
14283,115867.64148045664
14284,115882.64251267674
14285,115890.59387314404
14286,115928.14567576566
14287,115940.45039998068
14288,115961.54051908909
14289,115975.20939984033
14290,116003.66362451224
14291,116013.12628962933
14292,116014.53017093745
14293,116054.43256318729
14294,116062.99225973323
14295,116112.74552064987
14296,116124.68171992907
14297,116143.51604299492
14298,116161.4633043728
14299,116176.16042903585
14300,116214.28613822503
14301,116233.049544194
14302,116258.76128629557
14303,116279.58827596506
14304,116300.20866029238
14305,116318.68339223806
14306,116325.20962167982
14307,116388.85179933431
14308,116418.58110673599
14309,116448.99979755952
14310,116462.65629414127
14311,116484.09861811883
14312,116502.41296695861
14313,116512.82457410425
14314,116543.10223638157
14315,116565.78941146881
14316,116584.02394349226
14317,116618.92115991768
14318,116634.12339337225
14319,116659.94945409959
14320,116673.26762900005
14321,116688.45352154173
14322,116721.57536476159
14323,116724.68384664549
14324,116753.55134286672
14325,116762.80346413136
14326,116773.77305071804
14327,116802.37099483596
14328,116808.32161868735
14329,116842.47528268883
14330,116856.20432316491
14331,116866.80605166985
14332,116894.04346610222
14333,116920.00339779859
14334,116931.4824166144
14335,116956.91896893058
14336,116992.78608279754
14337,117039.90675717345
14338,117079.4072347839
14339,117091.97228605677
14340,117108.85871374125
14341,117123.45875075516
14342,117141.42894877246
14343,117153.80565078603
14344,117179.07787668468
14345,117193.31042755491
14346,117214.16580028107
14347,117240.23462035345
14348,117276.22733668009
14349,117295.65851984364
14350,117309.85400912215
14351,117335.71118221204
14352,117351.72710955015
14353,117367.99389598906
14354,117391.86242105454
14355,117398.45055359465
14356,117404.20589566366
14357,117437.47582385865
14358,117442.29389530323
14359,117482.88276726926
14360,117516.06960260382
14361,117524.04881785726
14362,117532.11129085776
14363,117556.77400324866
14364,117589.98852134097
14365,117601.4927661593
14366,117630.24489127516
14367,117644.77916510684
14368,117678.8727923532
14369,117700.0950209664
14370,117719.71935629402
14371,117738.20035804642
14372,117746.62343933032
14373,117777.85300545245
14374,117804.46915454531
14375,117813.44326385001
14376,117837.73615669768
14377,117859.43571163023
14378,117864.49895115822
14379,117881.61603117213
14380,117924.10473652101
14381,117946.91741490684
14382,117958.9436735175
14383,117972.20925889431
14384,117987.63893131584
14385,117997.95973685275
14386,118011.0279155271
14387,118042.44830803618
14388,118076.3707430527
14389,118096.33612277114
14390,118105.09899077941
14391,118127.25514516993
14392,118169.78540067116
14393,118213.75569285735
14394,118238.36843580625
14395,118246.74222781965
14396,118277.43519432411
14397,118298.26806637428
14398,118305.35968158484
14399,118356.10181534545
14400,118385.47010357204
14401,118391.14161834279
14402,118397.64288193184
14403,118403.55328064502
14404,118438.07561743411
14405,118453.41729295731
14406,118480.17311726695
14407,118499.04091263399
14408,118522.37962473569
14409,118549.39388557151
14410,118564.17008409472
14411,118591.72514239966
14412,118597.51450685122
14413,118620.59470526267
14414,118657.60444885772
14415,118683.34790699877
14416,118719.04199305385
14417,118743.68770714184
14418,118756.34793019027
14419,118790.43176780538
14420,118791.69000915103
14421,118810.25399450029
14422,118821.45037160597
14423,118845.53821125918
14424,118872.46977096755
14425,118881.33504710053
14426,118909.07017237222
14427,118915.574505287
14428,118945.12396626649
14429,118992.15282429688
14430,119007.86547778119
14431,119034.82397267596
14432,119065.92470594803
14433,119077.0278739816
14434,119100.95398514136
14435,119126.15227014106
14436,119161.51618746883
14437,119182.49871143956
14438,119210.96852129683
14439,119226.21099177632
14440,119234.50237818269
14441,119241.26861744901
14442,119265.79949599587
14443,119285.15435412801
14444,119296.47877978176
14445,119318.66388535476
14446,119355.35558012355
14447,119372.97235858039
14448,119401.46198626795
14449,119422.23331188518
14450,119424.11624626491
14451,119472.02287530759
14452,119492.71088252364
14453,119516.42143391575
14454,119535.34793147561
14455,119545.46963239534
14456,119574.13415258825
14457,119608.86081052717
14458,119614.496686153
14459,119661.41973892073
14460,119687.47992313981
14461,119695.50954248912
14462,119707.34851897396
14463,119741.62689414609
14464,119745.97281917732
14465,119775.14668730994
14466,119806.95623076294
14467,119828.5171913201
14468,119860.60442203729
14469,119881.06814973317
14470,119914.73059810253
14471,119940.31794495739
14472,119951.48105071817
14473,119976.29545065183
14474,119994.09210903967
14475,120022.1483574537
14476,120043.6521459595
14477,120068.13427963955
14478,120069.89202144586
14479,120098.13527954006
14480,120109.98285351187
14481,120146.46040945729
14482,120164.3107732089
14483,120174.09520108037
14484,120183.71568692976
14485,120237.35124275742
14486,120241.87381137027
14487,120275.771173655
14488,120294.91878648361
14489,120327.11080427741
14490,120342.48336885647
14491,120386.02662206999
14492,120425.41959163306
14493,120435.12835221823
14494,120445.25591397955
14495,120479.1698590695
14496,120491.65574995198
14497,120530.93656122618
14498,120543.06663695001
14499,120592.17083854749
14500,120615.62200985763
14501,120629.3179306502
14502,120676.9473813001
14503,120704.16046008865
14504,120722.96225158591
14505,120731.59301849554
14506,120762.84497625878
14507,120782.49880357084
14508,120802.62754405884
14509,120825.49022787041
14510,120862.56387258576
14511,120893.81840636645
14512,120906.84844053413
14513,120926.20686323142
14514,120947.8345571298
14515,120969.17397161182
14516,120991.73813180839
14517,121009.20366357027
14518,121037.6017503644
14519,121067.44217051283
14520,121123.19092463869
14521,121137.3172965023
14522,121152.20535228209
14523,121188.48064231939
14524,121211.88632839288
14525,121226.86738842388
14526,121236.29549914779
14527,121269.1380464088
14528,121296.34722669309
14529,121326.14712852542
14530,121347.07087630592
14531,121363.13887424489
14532,121387.71611123423
14533,121402.56026594949
14534,121442.66602187952
14535,121472.46329428806
14536,121481.19743213798
14537,121515.908316274
14538,121532.06587405939
14539,121559.44340212039
14540,121575.50054206932
14541,121590.79885012632
14542,121629.19675144773
14543,121644.52308027941
14544,121665.25511669039
14545,121697.16377578257
14546,121721.61954377448
14547,121772.81503096722
14548,121781.37996433486
14549,121804.73706297598
14550,121814.22624102861
14551,121860.37318910373
14552,121901.31178190683
14553,121906.15893555834
14554,121935.68087750106
14555,121984.97780330732
14556,121990.81637635408
14557,122003.6817157769
14558,122015.14545807688
14559,122054.08077919704
14560,122071.10917395505
14561,122085.60283491996
14562,122113.08855955645
14563,122124.57453760441
14564,122151.89097380095
14565,122174.40014398345
14566,122227.01346317385
14567,122239.94835522863
14568,122256.85426667288
14569,122278.14139653304
14570,122298.38757622628
14571,122354.27304193219
14572,122371.3853091765
14573,122445.93100997874
14574,122453.45796811263
14575,122462.22893315519
14576,122488.41659630431
14577,122526.50495576159
14578,122544.62403326597
14579,122563.77493788187
14580,122590.06026696882
14581,122616.00257865018
14582,122619.98395242768
14583,122666.7713292892
14584,122681.14558719567
14585,122708.49722184206
14586,122732.43947282096
14587,122774.98666519875
14588,122799.33110222362
14589,122832.39381574851
14590,122834.2451020984
14591,122842.28258123284
14592,122892.17346262347
14593,122927.75034807793
14594,122943.38198966246
14595,122993.42395238244
14596,123022.58134541211
14597,123048.95615297799
14598,123091.38469798949
14599,123125.49176025743
14600,123145.01374205214
14601,123165.84855464408
14602,123198.03965453168
14603,123224.18679133903
14604,123248.98692897033
14605,123307.35420410834
14606,123333.93731077111
14607,123347.07566341726
14608,123381.09509847684
14609,123415.52753105178
14610,123426.62897261154
14611,123440.74828026994
14612,123481.5762790101
14613,123528.25111780844
14614,123559.71612497892
14615,123574.08464184664
14616,123597.91962689321
14617,123618.11724391053
14618,123651.82512858913
14619,123664.00177341324
14620,123680.52068249996
14621,123726.53288121916
14622,123778.42539150642
14623,123798.90508951792
14624,123813.6002730309
14625,123836.53031372931
14626,123868.17502927092
14627,123897.914694144
14628,123915.14279828785
14629,123935.07444016484
14630,124019.58124958261
14631,124026.98524699335
14632,124062.88714726151
14633,124071.55054187
14634,124106.17643756799
14635,124108.98719717492
14636,124135.18076574555
14637,124167.97483128111
14638,124189.20539723041
14639,124200.75826839139
14640,124229.83881560106
14641,124256.36111921151
14642,124274.52389356858
14643,124298.08305929383
14644,124340.61322018167
14645,124360.48126691284
14646,124387.95688469503
14647,124432.8623010868
14648,124444.7366164444
14649,124495.35535367577
14650,124515.3058992865
14651,124536.32362505296
14652,124562.84486393322
14653,124587.48858195129
14654,124591.41243363006
14655,124620.72501102318
14656,124622.95182600619
14657,124675.65092468073
14658,124700.3865980024
14659,124734.43220982682
14660,124749.6993676484
14661,124779.2753014888
14662,124805.16180583822
14663,124834.04695640129
14664,124897.50956547224
14665,124903.41660791519
14666,124931.47812946602
14667,124981.85708388146
14668,125008.43488179361
14669,125024.97262279692
14670,125060.57519119304
14671,125092.63017362297
14672,125103.78977664297
14673,125120.55889519
14674,125136.70303601612
14675,125168.10743491145
14676,125183.3047862017
14677,125218.22977753176
14678,125235.59333112129
14679,125258.6040827869
14680,125290.2706493115
14681,125306.98451980205
14682,125326.77789251503
14683,125350.66986766893
14684,125371.48932426934
14685,125391.00624916391
14686,125450.35935879992
14687,125459.60332667908
14688,125476.12067221104
14689,125495.2427835938
14690,125521.65550032207
14691,125553.18603589942
14692,125592.16137454021
14693,125600.03239261018
14694,125628.75085529785
14695,125646.20147822458
14696,125672.29815619868
14697,125701.53847572267
14698,125716.3662665126
14699,125823.70501597275
14700,125841.76187590208
14701,125863.69269615853
14702,125892.96643812672
14703,125915.62866940282
14704,125961.79372400827
14705,125997.64953022735
14706,126000.76645091856
14707,126021.06849018736
14708,126062.69923801941
14709,126090.42147296091
14710,126103.90550576807
14711,126126.51499268069
14712,126158.04478819246
14713,126182.76682091407
14714,126197.25431137919
14715,126220.29440299676
14716,126252.47148116345
14717,126293.97616155847
14718,126312.50990469981
14719,126348.52055822981
14720,126377.05507636275
14721,126392.25721304433
14722,126441.78682210749
14723,126496.60776073782
14724,126525.5884575184
14725,126553.00113904024
14726,126572.41634645843
14727,126600.10748940169
14728,126620.99520859715
14729,126645.22827663491
14730,126663.95741549297
14731,126683.13278889896
14732,126709.85508917765
14733,126734.06854230961
14734,126797.33947103286
14735,126808.09319455604
14736,126844.90145351556
14737,126868.28253847064
14738,126874.58637503009
14739,126908.54528939603
14740,126913.59655766198
14741,126954.84697726391
14742,126971.45709727389
14743,127013.90347475743
14744,127058.33699638526
14745,127079.1711485117
14746,127114.34186573795
14747,127126.34113193324
14748,127150.68018239943
14749,127207.75871660437
14750,127219.90389000233
14751,127254.61222964128
14752,127269.36240725336
14753,127285.83508856976
14754,127303.45872882874
14755,127339.1350502745
14756,127379.90448740592
14757,127390.60349045484
14758,127448.01434470732
14759,127511.48563745977
14760,127526.53109185942
14761,127541.08956318886
14762,127565.97890487069
14763,127584.2484673428
14764,127629.79958258601
14765,127638.75823613799
14766,127690.54491150274
14767,127717.54206604858
14768,127750.15139151851
14769,127765.9591405167
14770,127813.93054389041
14771,127818.4841892595
14772,127869.10928998527
14773,127893.87563725487
14774,127916.60849407002
14775,127931.60596952339
14776,127957.64157315253
14777,127981.60002590016
14778,128005.46193557257
14779,128044.78227283771
14780,128085.05766991527
14781,128129.2766914481
14782,128153.14284222755
14783,128190.11916923044
14784,128239.03846453277
14785,128278.68698200097
14786,128315.19417716299
14787,128365.55274168622
14788,128371.23057848273
14789,128390.96502612847
14790,128413.90387212228
14791,128442.85410750385
14792,128476.09689594715
14793,128505.02205902693
14794,128516.30938371721
14795,128538.07651703803
14796,128556.32303211269
14797,128592.704984853
14798,128605.46797079717
14799,128643.16618866229
14800,128668.23825951532
14801,128703.35269444424
14802,128706.62575153784
14803,128719.41290162125
14804,128734.06025522226
14805,128748.45803346913
14806,128791.4964792676
14807,128805.71558192992
14808,128814.06058750494
14809,128937.34283326575
14810,128971.62118554753
14811,129066.88308569937
14812,129109.82093143449
14813,129127.70489073465
14814,129150.94491619722
14815,129180.310845527
14816,129212.2982583462
14817,129256.41655930485
14818,129274.86028206337
14819,129297.86380543
14820,129365.0375941096
14821,129408.59622810634
14822,129451.43293055921
14823,129458.6478598976
14824,129507.58714934236
14825,129548.93339549474
14826,129586.92247068272
14827,129650.08692376236
14828,129674.12733384414
14829,129761.26510536244
14830,129779.64199335677
14831,129812.15647193452
14832,129858.16557665741
14833,129873.54004984342
14834,129915.7011620003
14835,129939.37422569799
14836,129943.28216461245
14837,129984.48396168687
14838,130032.96646799509
14839,130045.09034263292
14840,130058.88238707614
14841,130092.58550051009
14842,130124.39180290906
14843,130151.25762257853
14844,130155.89193637893
14845,130197.08184190872
14846,130214.83850992577
14847,130228.46928325827
14848,130253.97137757005
14849,130295.35956919919
14850,130315.00532799498
14851,130420.54025169052
14852,130438.77479456595
14853,130443.33964159955
14854,130504.84474341122
14855,130548.13199811253
14856,130592.66451624043
14857,130627.7391925476
14858,130630.08206793603
14859,130665.72153724702
14860,130690.85512087322
14861,130717.51863960542
14862,130777.60970602834
14863,130793.03927658465
14864,130812.08191232457
14865,130880.87424284246
14866,130998.37526146082
14867,131032.02251516795
14868,131034.24109638215
14869,131063.10026743055
14870,131133.83289167986
14871,131230.24282420441
14872,131242.71345623632
14873,131242.99198285356
14874,131262.43191236281
14875,131311.56957171971
14876,131353.18761847587
14877,131415.1669166311
14878,131473.05495958152
14879,131546.66578584287
14880,131564.23522925127
14881,131636.15171271443
14882,131675.10038581287
14883,131682.18625305066
14884,131729.34834525007
14885,131766.91039297584
14886,131802.43032570524
14887,131827.50937511984
14888,131881.09475501915
14889,131907.83445179753
14890,131982.12153976419
14891,132007.54935177244
14892,132022.49204866111
14893,132132.49895295611
14894,132171.10658536287
14895,132268.15146382208
14896,132280.12683684917
14897,132337.91037803286
14898,132385.93660424551
14899,132421.03457929785
14900,132473.14677764487
14901,132523.6470025781
14902,132551.56434454437
14903,132678.30166695899
14904,132693.78685592525
14905,132732.32428375026
14906,132788.33786572731
14907,132860.86944494105
14908,132962.85683081381
14909,133053.25195072562
14910,133084.16352435714
14911,133132.46908095025
14912,133180.57220346906
14913,133334.91650138912
14914,133430.03286823328
14915,133466.08117658456
14916,133500.39518499604
14917,133505.39351351548
14918,133540.1240343434
14919,133637.20145071359
14920,133664.08239152876
14921,133735.66800803947
14922,133762.81584545597
14923,133800.22498311027
14924,133854.93718746747
14925,134034.20696251901
14926,134115.75716866369
14927,134277.78129545203
14928,134888.74875651344
14929,135279.59379614532
14930,135392.48497835486
14931,135537.80160884463
14932,135632.1983602301
14933,136426.61836555664
14934,137649.3584651518
14935,137796.31473421832
14936,138098.0395332957
14937,138172.85041507072
14938,138240.73906529773
14939,138301.76163695939
14940,139245.77232751253
14941,139389.95805849478
14942,139738.15018200298
14943,139808.34345453716
14944,139847.87140358312
14945,140093.18584108929
14946,140229.08585962452
14947,140807.06926906397
14948,141062.08588338387
14949,141718.69602749636
14950,142417.83151134744
14951,144484.19345004257
14952,147233.09831595799
14953,153052.59567597308
14954,154228.06193306376
14955,157005.20933481836
