# Domain: L_shaped (DST, convergence sweep, dense eig full spectrum)
# Resolution M = 115, dofs = 9861
# Computation time: 15.3966 s
# Eigenvalues stored: 9861 of 9861
n,lambda_n
1,9.6512896428408137
2,15.197179113852124
3,19.739208802223086
4,29.521451665063406
5,31.940797513570434
6,41.495747224050248
7,44.948113922716161
8,49.348022005416624
9,49.348022005457146
10,56.733256773974368
11,65.376049611677217
12,71.08555819804188
13,71.572666636237116
14,78.956835208742021
15,89.385546990132653
16,92.306612506513872
17,97.380105340191676
18,98.696044010845441
19,98.696044010868377
20,101.64487540479286
21,112.37902183524592
22,115.51840503440359
23,128.30485721411065
24,128.30485721416431
25,130.11902105506607
26,130.27905807412222
27,142.50877262409261
28,151.12005827912736
29,154.61667593704439
30,162.1958754735503
31,164.71444601498595
32,164.85318845513274
33,167.78327481848314
34,167.78327481850849
35,177.65287921960802
36,179.76032542371007
37,184.057760564662
38,197.39208802168005
39,197.39208802178828
40,201.48423356464596
41,207.43356907338077
42,208.77384889343915
43,209.50822125725716
44,223.21978066270108
45,223.63091852166184
46,236.25990922031718
47,238.41658476056983
48,246.7401100271814
49,246.74011002724242
50,250.84171131362476
51,252.87272369777904
52,256.60971442830959
53,256.60971442834466
54,265.84773062628784
55,269.44176799743906
56,270.22469486726959
57,281.34729498579378
58,286.21852763159069
59,286.21852763166561
60,289.13083900015681
61,293.60671975677252
62,306.77968927723839
63,306.93863897632434
64,310.3943787250434
65,313.78839175633561
66,315.82734083484775
67,335.5665496370076
68,335.5665496370388
69,335.60583075430225
70,335.82171694915587
71,346.13096652869541
72,351.56528291973166
73,359.76789099796474
74,360.50446701365121
75,365.17536284025954
76,365.17536284028324
77,369.54573316850536
78,372.29216901147663
79,376.20043974202287
80,382.89040363987459
81,389.86455105679988
82,390.51140483775686
83,394.7841760435245
84,394.78417604357901
85,404.65378044462716
86,404.65378044464455
87,415.75457962887117
88,419.6327591028263
89,426.73793601132468
90,427.08121909142841
91,432.93902883264349
92,443.81065392922682
93,444.13219804900979
94,444.13219804910437
95,454.12708497154256
96,454.13497273567071
97,454.30793695586561
98,464.45482252851866
99,478.85647023960462
100,479.67251615331884
101,485.93201789927917
102,490.15039423485473
103,493.48022005428504
104,493.48022005448036
105,493.4802200544911
106,499.44079976027734
107,502.29777062928116
108,512.6192097883262
109,513.21942885657177
110,513.21942885664635
111,513.56258935479764
112,523.0890332577311
113,523.08903325775043
114,530.41665822855566
115,536.87256208151859
116,545.13833795915968
117,546.23445560955042
118,559.27493382742125
119,563.84527938436634
120,565.03242050347444
121,565.47825722851803
122,572.43705526298106
123,572.43705526317603
124,575.85202399575837
125,578.1919842740092
126,591.64390515850755
127,592.02979221575606
128,602.04586846636028
129,602.04586846642621
130,605.60376518501903
131,609.57324414976893
132,630.71970607269543
133,634.18372546538581
134,636.95781122775395
135,641.52428607076047
136,641.52428607078582
137,641.52428607085346
138,641.52428607106663
139,641.88114406813668
140,642.62397470447604
141,648.98704741391941
142,654.26976622374275
143,660.68085383468974
144,663.68306403935139
145,671.13309927390185
146,671.13309927406738
147,674.42864494056221
148,685.71587905712238
149,686.82726460289359
150,692.03033862100244
151,698.93944192456308
152,710.61151687843403
153,714.88037559963391
154,715.57610489303408
155,720.4811212795139
156,720.48112127957495
157,722.62912654389561
158,722.6555781447903
159,730.35072568055682
160,730.35072568064618
161,747.15902710296552
162,747.81019853571286
163,753.38538695210218
164,753.84916787021518
165,759.20096026926171
166,764.1802506395843
167,780.96155494467246
168,789.56835208710288
169,789.56835208711061
170,790.24988637984973
171,795.38359193656834
172,797.35182906384398
173,801.33727147342131
174,806.79739382104765
175,807.73169612647825
176,807.93902517362858
177,809.30756088929752
178,809.30756088933447
179,824.91643204742684
180,826.68790757728277
181,833.49006566197727
182,837.25002619798397
183,838.91637409251564
184,838.91637409257305
185,838.91637409261978
186,838.91637409263262
187,856.05508552549065
188,860.5973544111107
189,875.05134233367733
190,875.21998752280695
191,878.39479169692629
192,878.39479169696256
193,880.92632131550181
194,888.26439609800877
195,888.26439609804368
196,892.11305541809315
197,900.09891444478205
198,900.12192160244058
199,903.63516791685959
200,919.0523025559296
201,919.62474139811331
202,923.29196156306921
203,929.08534209851405
204,929.36480370480285
205,937.28464744792609
206,938.36651873001983
207,957.35162690564493
208,957.35162690567324
209,960.17969719126518
210,961.97458445909206
211,967.2212313067489
212,973.26459411795815
213,974.01060473202665
214,986.96044010874903
215,986.96044010891569
216,992.49130201416506
217,993.82824608846431
218,996.83004451000681
219,996.83004451009981
220,999.60760772142339
221,1003.782968328502
222,1010.2487346309608
223,1013.5718105772777
224,1018.6057938799033
225,1026.4388577132358
226,1026.4388577132509
227,1027.3324436049013
228,1038.2017375207047
229,1039.4523650066467
230,1046.1780665154338
231,1046.1780665154809
232,1050.2921759160186
233,1055.1028267885522
234,1059.0024640244137
235,1062.4791902766606
236,1070.5651467416135
237,1075.7868797187436
238,1075.786879718848
239,1076.272099404591
240,1097.2144513928145
241,1097.2953888006837
242,1100.2507892617332
243,1100.4930240429139
244,1106.0254435513689
245,1111.6847971365974
246,1115.2652973230508
247,1115.2652973231702
248,1126.6222982732525
249,1127.7891762916238
250,1138.6461265664566
251,1139.4813814086897
252,1144.8741105263248
253,1144.8741105264107
254,1154.7437149274394
255,1154.743714927479
256,1163.3867916545742
257,1170.0809190889911
258,1170.6158605189476
259,1174.3319835120574
260,1181.3184507346766
261,1192.5856383232149
262,1193.8702861519891
263,1199.7232883347144
264,1200.427382295836
265,1204.0917369328895
266,1204.091736932899
267,1210.7489642476303
268,1215.8204185514689
269,1217.4377920510742
270,1225.4934862155292
271,1225.7366873278008
272,1233.7005501360372
273,1233.7005501361132
274,1233.7005501361646
275,1233.7005501362264
276,1241.2717550957889
277,1242.0261217574732
278,1245.7058741177916
279,1249.6987767819378
280,1263.2768021348325
281,1263.3093633394267
282,1264.3708847427661
283,1283.0485721415569
284,1283.0485721415653
285,1283.0485721415725
286,1283.0485721416123
287,1286.6732612014184
288,1290.2412968601079
289,1309.4041748202519
290,1312.2986401684859
291,1315.3657736546447
292,1316.193059009214
293,1321.1950997147458
294,1329.7059599098341
295,1335.8295196313811
296,1338.4437001080771
297,1342.2661985481609
298,1342.2661985482814
299,1344.1422327785017
300,1344.229955885108
301,1350.9612134893962
302,1352.1358029492674
303,1352.1358029493933
304,1364.7560640358613
305,1377.1421133919553
306,1383.4473255232938
307,1386.3154937210459
308,1386.4138529717054
309,1396.6478824782471
310,1398.4349767110875
311,1409.4077808455561
312,1411.7795007879934
313,1425.008364608288
314,1427.9436580699312
315,1431.0926381578877
316,1431.0926381579636
317,1431.0926381579848
318,1431.0926381580634
319,1439.3669411059814
320,1440.9622425590662
321,1440.962242559106
322,1443.3480691385787
323,1447.4958803178988
324,1447.5336359451069
325,1460.7014513612162
326,1460.7014513612235
327,1460.7320614525395
328,1461.2836033167673
329,1470.5710557623049
330,1470.5710557624041
331,1483.6462327881309
332,1487.6609463905841
333,1489.28738787612
334,1493.1295369701108
335,1493.8526777258849
336,1502.5392520259245
337,1510.0494733665787
338,1510.0494733666567
339,1514.322249108179
340,1531.7057893912888
341,1534.076920024436
342,1542.9061786027057
343,1548.6891223351297
344,1549.5278909710353
345,1549.5278909710592
346,1551.4433222345444
347,1552.1792030995
348,1552.5469459375763
349,1557.7094747057079
350,1557.8805312040281
351,1573.2999768671875
352,1577.2893504005458
353,1579.1367041742053
354,1579.1367041743413
355,1580.4873879973152
356,1580.7182600777901
357,1598.8759129764746
358,1612.9573459378221
359,1613.4022331241545
360,1616.4403566189999
361,1618.5205565268748
362,1618.615121778633
363,1618.6151217787681
364,1629.8322355239911
365,1634.9182604624284
366,1659.2501922315168
367,1660.5403608825131
368,1663.2202114842601
369,1667.9631437841274
370,1667.963143784172
371,1670.1753508070578
372,1673.9035468629475
373,1674.4043991871156
374,1677.8327481850297
375,1677.8327481851532
376,1677.832748185172
377,1677.8327481852702
378,1686.1858545825485
379,1686.3147661770956
380,1693.6534102822964
381,1699.6766028239731
382,1702.1814445368645
383,1707.4415613884676
384,1707.4415613885571
385,1708.2739367571992
386,1723.2788086971248
387,1725.1792401658638
388,1726.1355168322423
389,1731.3976321283794
390,1733.2228909569405
391,1736.4690150661424
392,1754.9580286633886
393,1755.7312569446628
394,1756.7895833939206
395,1756.7895833939444
396,1776.5287921960476
397,1776.5287921960673
398,1777.257444691604
399,1780.8803140676898
400,1786.3983965971272
401,1786.3983965971572
402,1788.1740735760277
403,1790.3830158607855
404,1800.5224225976108
405,1801.3697380850735
406,1808.7052329854193
407,1808.8651697949181
408,1825.8768142014744
409,1825.8768142015358
410,1825.8768142015401
411,1825.8768142015758
412,1836.1993396843579
413,1836.2718909038306
414,1838.6136308039561
415,1842.4874231459983
416,1848.3492903732235
417,1858.6422216243357
418,1861.7607559860546
419,1867.4937170311143
420,1876.6004891876987
421,1884.4266063319201
422,1884.6192132130977
423,1897.7872942080751
424,1900.7416198647852
425,1904.8336494102446
426,1904.8336494103382
427,1905.7665477698658
428,1914.4297252582633
429,1914.7032538113626
430,1914.7032538113933
431,1917.4025634554782
432,1934.6680912109714
433,1938.3266005481801
434,1938.6215395831955
435,1944.0116963229361
436,1944.3120670145902
437,1944.3120670145979
438,1947.6725434691457
439,1947.9721682366012
440,1962.9170142944859
441,1965.3483501427309
442,1969.9884154607796
443,1970.328688321752
444,1973.9208802178687
445,1973.9208802179242
446,1973.9208802180815
447,1980.4782926959042
448,1984.5971481290896
449,1993.6600890200418
450,1993.6600890202214
451,1997.3863800064316
452,2002.5143510469661
453,2023.2689022232676
454,2023.2689022232853
455,2023.2689022233496
456,2023.2689022233878
457,2026.1622497697492
458,2027.1371468346365
459,2037.9383735380381
460,2038.0074727088511
461,2044.3980208994878
462,2052.8777154265031
463,2052.8777154266054
464,2052.9821737836101
465,2063.0419028955225
466,2064.1898150305074
467,2073.6731876601689
468,2081.9811640336584
469,2084.6580705864458
470,2084.8069444118223
471,2091.6408978873496
472,2092.3561330309249
473,2092.3561330309749
474,2098.4087803443849
475,2112.5879059982731
476,2112.7146461917073
477,2113.1250661248409
478,2117.2935148307174
479,2127.2643581882107
480,2129.7284950099283
481,2141.5793545773604
482,2142.7438347401348
483,2151.5737594374682
484,2151.5737594374841
485,2156.0105051614037
486,2156.066821756755
487,2163.4288049908109
488,2164.9810766495484
489,2175.0690323592212
490,2177.6679858586836
491,2181.1825726406942
492,2181.1825726407405
493,2181.1825726407465
494,2181.1825726407524
495,2217.0549059058012
496,2217.2076644071603
497,2220.6609902450937
498,2220.6609902452915
499,2224.0314850937179
500,2225.0806471675319
501,2226.9075281303039
502,2229.5792536362201
503,2230.5305946461253
504,2230.5305946461935
505,2235.1399533203194
506,2243.0166430221661
507,2249.3636000433398
508,2250.1985273867767
509,2250.5356798709108
510,2260.1394078494473
511,2260.1394078494932
512,2262.3804230771289
513,2276.881481299361
514,2278.8722301756402
515,2279.1523066701907
516,2289.4340492285546
517,2289.7482210527664
518,2289.7482210527978
519,2289.8481891900183
520,2299.6178254538063
521,2299.6178254538145
522,2306.3746754675626
523,2309.4874298549103
524,2309.487429855003
525,2316.2230430770092
526,2316.2958577677591
527,2321.5983075036143
528,2321.6983151613772
529,2339.9045009571159
530,2349.4955850584697
531,2349.5247906854479
532,2350.9119649423096
533,2355.4987663308057
534,2356.9654014665398
535,2378.5746606625116
536,2378.5746606626249
537,2380.6716938546274
538,2380.790401906097
539,2385.5803142955838
540,2385.9846684753147
541,2388.4442650636302
542,2407.0784948762175
543,2407.6070746463956
544,2408.183473865764
545,2408.1834738657885
546,2412.8338786009408
547,2417.0654778202052
548,2418.053078266847
549,2418.0530782671299
550,2429.5885618132302
551,2430.4508099647123
552,2437.9382910214754
553,2439.7298038678277
554,2458.1278540225262
555,2458.53409074511
556,2465.3168990898475
557,2467.4011002723628
558,2467.4011002724283
559,2467.4011002724428
560,2467.4011002724637
561,2474.7044684409984
562,2489.2510320087836
563,2490.2525902112425
564,2498.091988276808
565,2509.72608813738
566,2511.3934273581253
567,2515.4350047149896
568,2525.2582133230708
569,2527.861707555558
570,2535.2089779690345
571,2535.4029234189006
572,2536.4883310799883
573,2536.4883310800215
574,2540.2188359333286
575,2544.9952697579511
576,2552.3243134817453
577,2554.321310229418
578,2561.2127780368892
579,2562.8926435089584
580,2566.097144283096
581,2566.0971442832188
582,2566.0971442832429
583,2566.0971442834129
584,2566.3792757158653
585,2568.1303158048436
586,2575.9667486843041
587,2575.9667486843136
588,2587.696047931036
589,2591.8054998172856
590,2598.7276239014782
591,2603.0519554022712
592,2613.7383662978064
593,2614.5542419471353
594,2615.4451662885708
595,2615.4451662886959
596,2615.4451662887145
597,2615.4451662887695
598,2638.5924991598622
599,2640.5244753935408
600,2649.9852413360054
601,2651.980334336678
602,2652.0823916459076
603,2654.9235838930281
604,2654.9235838930631
605,2658.6495736718221
606,2684.5323970963232
607,2684.5323970963309
608,2690.4479129177762
609,2696.5310272229781
610,2696.5694014767846
611,2699.8825121828463
612,2704.2716058984324
613,2704.271605898477
614,2706.054884547068
615,2707.7438868964186
616,2713.203185342913
617,2714.6542748647385
618,2718.864320603986
619,2724.3194675736295
620,2724.9502944322385
621,2733.8804191017243
622,2733.8804191017512
623,2739.8710541019291
624,2740.1833797986819
625,2747.4182379691133
626,2763.6836779963396
627,2768.5586454700015
628,2772.6333282116821
629,2773.0392159876965
630,2773.3588367060579
631,2773.3588367061366
632,2780.2728610346294
633,2782.7226086450478
634,2790.1637075747371
635,2796.3369250855317
636,2817.2688657514559
637,2818.5516745712416
638,2827.003091901825
639,2829.7769744748302
640,2838.4965311616502
641,2842.4460675137193
642,2846.028149348127
643,2852.3156719148324
644,2852.3156719148378
645,2858.1100715887515
646,2858.1981334068705
647,2860.1290709692344
648,2860.5417846586502
649,2862.1852763158809
650,2862.1852763159413
651,2862.1852763159768
652,2862.1852763161505
653,2873.2256300209065
654,2876.3718209269891
655,2881.89945296825
656,2881.9244851180129
657,2881.9244851181302
658,2881.9735248311395
659,2891.7940895191632
660,2891.7940895192992
661,2911.2305820069346
662,2912.3885653685757
663,2921.4029027224569
664,2921.4029027224692
665,2925.6457443121262
666,2927.1868136860426
667,2931.5508062710414
668,2933.2431668863433
669,2936.261428354388
670,2938.9450678838239
671,2941.1421115244575
672,2941.142111524598
673,2947.0647956244475
674,2948.791308332376
675,2961.9814340723128
676,2973.9642917090114
677,2978.9753779715084
678,2981.609099140609
679,3000.1072274630933
680,3005.0435948939448
681,3007.7410028939717
682,3010.2293423321889
683,3010.2293423322049
684,3010.2293423322385
685,3010.2293423322822
686,3012.6367100228508
687,3020.0989467332784
688,3020.098946733337
689,3027.0824175140292
690,3030.6009449519638
691,3031.8138214479172
692,3032.1009095264358
693,3033.4779022483181
694,3033.7908909966441
695,3054.2109530935554
696,3056.4561349999617
697,3061.5238494862192
698,3066.6292818368715
699,3067.8546761687981
700,3069.041033242584
701,3085.1723705285531
702,3086.7963755229707
703,3089.1861775409629
704,3089.1861775409775
705,3099.0557819420219
706,3099.0557819421092
707,3108.0526468533708
708,3108.5232462648296
709,3114.5865841083987
710,3116.6299849405837
711,3128.6645951453356
712,3128.6645951453888
713,3141.554811108158
714,3146.1367170513145
715,3158.2734083485443
716,3158.2734083486444
717,3168.0333690926623
718,3168.6987325781829
719,3169.4042290086891
720,3169.9295269067702
721,3170.8701010107525
722,3183.1995231695641
723,3183.484761829176
724,3184.597978454125
725,3198.7555897533489
726,3204.9340864540136
727,3204.9419699335745
728,3207.621430354
729,3207.6214303540646
730,3207.6214303540714
731,3207.6214303541074
732,3207.6214303541442
733,3207.6214303542638
734,3223.1813391443111
735,3223.4666829724529
736,3228.2597827623363
737,3235.7209622105443
738,3237.2302435573001
739,3237.2302435573656
740,3244.3846782759988
741,3251.3846560362222
742,3252.603584780597
743,3253.3861582318973
744,3255.37403502387
745,3265.8482921590803
746,3270.3506502152827
747,3274.6443915027903
748,3278.4105057063366
749,3279.7839013315293
750,3284.7995498079968
751,3286.5782655626817
752,3286.5782655627904
753,3309.7209563897568
754,3313.0084430736265
755,3319.2533408586369
756,3322.8188789797969
757,3326.0566831670194
758,3326.0566831671258
759,3326.3427155994286
760,3327.3863540838638
761,3335.9262875681861
762,3335.9262875681989
763,3335.9262875683357
764,3355.6654963702704
765,3355.6654963702863
766,3355.6654963703545
767,3355.6654963703832
768,3358.2529384957838
769,3361.021190964083
770,3369.1650417913643
771,3369.5446237028655
772,3387.1433187033836
773,3387.1988711348927
774,3400.6499392652026
775,3403.6338040909104
776,3410.8445427341085
777,3410.9150232156358
778,3414.8831227768283
779,3414.8831227768878
780,3417.3673002940927
781,3417.3684186691871
782,3418.1369124484263
783,3423.616098914441
784,3427.9625459005247
785,3438.0535559409373
786,3444.4919359801529
787,3444.4919359802348
788,3456.4368631543512
789,3463.6248216096315
790,3463.9404813389297
791,3478.697265060086
792,3481.474239538557
793,3482.016142799228
794,3483.9703535845524
795,3483.9703535846752
796,3490.9037978275705
797,3491.4580232326939
798,3509.9856866993086
799,3513.0337509063288
800,3513.5791667878093
801,3513.579166787918
802,3513.7840339794961
803,3515.5347769384352
804,3531.136962933786
805,3531.4899663424094
806,3535.2591392079958
807,3536.7550155515692
808,3553.057584392106
809,3553.0575843921833
810,3560.7243547745734
811,3568.2805648878634
812,3568.7675298533436
813,3571.4898936400382
814,3572.7967931943326
815,3572.7967931943699
816,3573.8648370530318
817,3574.3175700997608
818,3587.3276644606431
819,3589.5261122977581
820,3602.4056063975813
821,3602.4056063976077
822,3602.4056063976136
823,3602.4056063976313
824,3604.4051447410934
825,3605.3659180085519
826,3612.7052924649975
827,3614.3961565092682
828,3622.0176484467265
829,3632.1184080481949
830,3637.8161642600039
831,3637.8271022112353
832,3641.8840240019149
833,3641.8840240019508
834,3651.753628402972
835,3651.7536284029898
836,3651.7536284030525
837,3651.753628403088
838,3657.3048031788089
839,3657.7862730846009
840,3673.9494828719671
841,3674.0723896839695
842,3681.3624416063153
843,3681.3624416064004
844,3686.8538272221463
845,3688.9139538466293
846,3690.9601721201334
847,3703.3265406773153
848,3717.8036362982825
849,3720.840859210618
850,3720.8408592106748
851,3720.8408592106975
852,3720.8408592107598
853,3724.5086534069624
854,3726.1271831182535
855,3743.035270226665
856,3743.0358708151239
857,3746.8579548899602
858,3751.1143126602178
859,3761.5965723335671
860,3762.2738095064806
861,3766.3158255573999
862,3768.7237119740576
863,3770.6978082979235
864,3778.3493517959523
865,3781.4405356512284
866,3792.092389624097
867,3792.2965066884744
868,3798.7236440868951
869,3804.4709315447067
870,3809.6672988204268
871,3809.66729882052
872,3822.0169747706086
873,3823.0076106668516
874,3829.4065076226884
875,3829.4065076227371
876,3836.9719960991265
877,3837.7729945179935
878,3838.0980721651567
879,3839.2761120237697
880,3839.276112023927
881,3839.9770631580441
882,3847.0685277505181
883,3849.4386434148582
884,3868.8849252270397
885,3871.3572535888775
886,3874.3259678333479
887,3883.7007798545546
888,3886.2001511224375
889,3888.6241340291567
890,3888.6241340291822
891,3906.3532703630576
892,3906.5390350103489
893,3914.2015404720228
894,3916.8700739338283
895,3918.2329472323941
896,3918.2329472324427
897,3941.6593197660809
898,3943.7605986344051
899,3947.8417604357192
900,3947.8417604358101
901,3952.6891417508959
902,3954.5962473035988
903,3957.7113648367931
904,3957.7113648368359
905,3965.1753443114039
906,3968.9400402942606
907,3969.3098160770751
908,3969.4434990216432
909,3976.6733749126038
910,3977.6609981259162
911,3987.320178040005
912,3987.3201780400914
913,3991.7668084413467
914,3994.3345972366847
915,3997.1897824411776
916,3997.1897824412149
917,4001.3835050167645
918,4008.5079361269886
919,4009.6891596354158
920,4015.6778202700875
921,4015.7539286792289
922,4017.1862766964005
923,4022.3807506640242
924,4026.6263177567489
925,4036.6682000455012
926,4036.6682000455157
927,4046.5378044465788
928,4046.5378044466011
929,4046.5378044466506
930,4046.5378044466784
931,4054.3369064235867
932,4059.1584485511257
933,4068.0823832308133
934,4071.3719628879289
935,4075.7656664149722
936,4076.0785148093669
937,4092.467484410487
938,4094.22866055042
939,4099.9563135021981
940,4100.0902299495347
941,4105.755430853158
942,4105.7554308532235
943,4111.7482990722456
944,4117.5477821744926
945,4122.4999819082377
946,4127.1437739136309
947,4150.1049250395699
948,4150.9059414534595
949,4155.1034528585333
950,4155.1034528586015
951,4157.3754792806731
952,4157.7523749127095
953,4163.0559994342375
954,4164.0643651914979
955,4181.2036404223272
956,4181.2201126591699
957,4184.7122660617897
958,4184.712266061877
959,4186.7317440766728
960,4186.9657590449087
961,4194.5818704629428
962,4194.5818704629664
963,4194.5818704629746
964,4194.5818704629837
965,4194.5818704629992
966,4194.5818704630474
967,4216.5434451971532
968,4217.8661723124687
969,4223.0864423980211
970,4223.3443925500769
971,4232.3148394548225
972,4232.8513530029923
973,4249.52995410314
974,4256.5868597646813
975,4258.3766578219893
976,4262.3406363937074
977,4273.5387056717
978,4273.5387056717136
979,4275.5566927913187
980,4278.8012771279818
981,4278.8134805559421
982,4290.1503858322485
983,4290.6357537882977
984,4300.678423183741
985,4301.204974074104
986,4303.1475188749118
987,4303.1475188749273
988,4312.2302676037716
989,4335.2037456952694
990,4346.7604531707211
991,4350.9714732278371
992,4352.8273231827143
993,4356.5898465102437
994,4356.7202325047756
995,4362.3651452814574
996,4362.3651452815038
997,4362.3651452815129
998,4362.3651452816912
999,4362.7354002132251
1000,4363.9205784897222
1001,4367.7916217691927
1002,4372.0577729057914
1003,4372.4033756337813
1004,4377.2309997262646
1005,4389.8847974329301
1006,4390.6809086753556
1007,4391.9739584845765
1008,4391.9739584847666
1009,4391.9739584847939
1010,4391.9739584848739
1011,4398.5758545101971
1012,4398.5914244370915
1013,4401.7628030760116
1014,4404.122529824439
1015,4421.7384701437986
1016,4424.1177826256835
1017,4431.4523760890779
1018,4431.4523760891225
1019,4441.0743170112528
1020,4441.3219804900982
1021,4441.3219804901855
1022,4441.3219804902446
1023,4448.9260577712967
1024,4459.1931252902832
1025,4459.4301695630811
1026,4461.0611892922825
1027,4461.0611892923662
1028,4471.4732909044242
1029,4473.5074319398273
1030,4490.2320932195307
1031,4492.2071348116242
1032,4503.876047847717
1033,4504.0839047171157
1034,4510.4092112977751
1035,4510.4092112978497
1036,4513.262592776573
1037,4519.7725113578908
1038,4520.2788156988572
1039,4520.2788156989009
1040,4544.4685319835125
1041,4549.8876289021691
1042,4549.8876289022855
1043,4550.3447097488097
1044,4551.2288054819173
1045,4555.3055463840619
1046,4559.3634757292139
1047,4560.02954525941
1048,4569.1898595722359
1049,4571.9984799368203
1050,4572.6664336203912
1051,4575.5050396496063
1052,4579.4964421053874
1053,4579.4964421054619
1054,4580.7873234654244
1055,4599.2356509075607
1056,4599.2356509076399
1057,4599.496784887122
1058,4600.8747885213625
1059,4600.8948866731635
1060,4618.4867671077791
1061,4618.9748597097923
1062,4618.9748597098396
1063,4619.6974031577547
1064,4633.8730090182198
1065,4642.2237779321067
1066,4644.3859149571945
1067,4644.9115365319567
1068,4649.3673803253123
1069,4652.5116251919126
1070,4655.7306667943049
1071,4660.1085298250573
1072,4665.0535926714865
1073,4666.0878785610303
1074,4672.0560738839149
1075,4673.2518868759707
1076,4694.4961163231101
1077,4700.7453694261776
1078,4707.8012993195489
1079,4707.8012993196089
1080,4715.1807422106704
1081,4716.0992205569682
1082,4733.377792511691
1083,4736.7875506411347
1084,4747.2797169239066
1085,4747.2797169239439
1086,4747.2797169239602
1087,4747.2797169240657
1088,4748.8354228091575
1089,4749.9941960971682
1090,4757.1493213250506
1091,4757.149321325076
1092,4757.2757371533307
1093,4760.2725551412286
1094,4777.0672017071038
1095,4777.5474489565686
1096,4786.1548579980936
1097,4786.7581345282588
1098,4786.7581345282824
1099,4786.7581345283224
1100,4786.7581345283415
1101,4787.0005341279821
1102,4794.5194783251218
1103,4800.7081451641989
1104,4805.31922607261
1105,4805.869742197201
1106,4813.2496933901639
1107,4813.3911083868852
1108,4816.3669477315525
1109,4816.366947731578
1110,4836.1061565337386
1111,4836.1061565337532
1112,4840.5384610037345
1113,4843.0864161104691
1114,4844.7446999600998
1115,4846.7413265835776
1116,4848.8174572711077
1117,4860.6399691755014
1118,4865.7149697368823
1119,4865.7149697369541
1120,4865.7149697369687
1121,4865.7149697370296
1122,4865.7571838873209
1123,4872.8365277788744
1124,4881.9832173269861
1125,4891.0797639262473
1126,4891.1219814049027
1127,4897.5357707221601
1128,4898.7016774416934
1129,4914.9597117563117
1130,4925.8359727022789
1131,4926.9538374262775
1132,4934.8022005446601
1133,4934.8022005446774
1134,4934.8022005447356
1135,4934.8022005447383
1136,4936.5454328688456
1137,4945.4639969553864
1138,4946.1363218855404
1139,4950.597930614952
1140,4953.2968727286243
1141,4954.7718572237573
1142,4968.4306880905497
1143,4975.3768762539185
1144,4980.4357175512314
1145,4982.4644268671773
1146,4984.1502225499598
1147,4984.1502225499926
1148,4984.1502225501144
1149,4984.1502225501308
1150,5001.1890612058569
1151,5005.5031982664459
1152,5006.3321635289112
1153,5006.3373128223611
1154,5023.6286401543321
1155,5023.6286401544658
1156,5030.2824223989437
1157,5031.4100602284125
1158,5035.1271199781704
1159,5035.2766665016698
1160,5038.3459281915939
1161,5041.9772899020081
1162,5050.2995065975811
1163,5053.2374533577295
1164,5053.8897683676096
1165,5066.0223431855329
1166,5069.8819971906842
1167,5072.9766621598728
1168,5072.9766621599274
1169,5078.7414488811091
1170,5078.7851149940579
1171,5089.0339648287736
1172,5089.9852000193214
1173,5108.313846199303
1174,5109.852003971615
1175,5132.1942885663302
1176,5132.1942885663875
1177,5132.1942885664557
1178,5132.1942885666085
1179,5137.3286287707706
1180,5137.4971508244416
1181,5142.0638929675151
1182,5142.0638929675861
1183,5149.3329057372475
1184,5149.5981363942738
1185,5151.9334973686127
1186,5151.9334973686618
1187,5162.6071210782002
1188,5172.0335914770967
1189,5172.2246336048338
1190,5174.1217530178874
1191,5176.5076241674315
1192,5176.5683648983359
1193,5196.9666506040776
1194,5204.6857352792795
1195,5204.7554515717775
1196,5216.4160897289912
1197,5226.9371374116408
1198,5227.46327444096
1199,5230.8903325771007
1200,5230.8903325773181
1201,5230.8903325773417
1202,5230.890332577369
1203,5236.3893720532233
1204,5236.8744148110591
1205,5244.7791597915239
1206,5245.0501593043027
1207,5251.3253915425103
1208,5252.5398753591599
1209,5254.2041508199345
1210,5254.8288012876164
1211,5260.499145780469
1212,5260.4991457805863
1213,5260.4991457806236
1214,5260.4991457807109
1215,5266.6694245468534
1216,5269.7894583447187
1217,5284.4437873871329
1218,5285.1450731082823
1219,5291.1135148345729
1220,5291.1715148555732
1221,5309.8471677860207
1222,5309.8471677861453
1223,5316.1494566936844
1224,5318.5203791442664
1225,5318.5242987856564
1226,5323.652852008614
1227,5332.506205195863
1228,5337.5614030975303
1229,5339.4559809892653
1230,5339.4559809893071
1231,5345.4061202929061
1232,5345.842275842062
1233,5361.5780116147698
1234,5362.2393784661062
1235,5369.064794192599
1236,5369.06479419263
1237,5369.3422389452326
1238,5370.0008280521379
1239,5370.9695730330932
1240,5371.1881710736698
1241,5378.9343985935884
1242,5378.9343985937085
1243,5378.934398593723
1244,5378.9343985937458
1245,5408.5432117969658
1246,5408.5432117971122
1247,5416.2420201026462
1248,5418.4128161979943
1249,5418.412816198098
1250,5423.7914768904711
1251,5424.4553289863052
1252,5424.4767943239594
1253,5445.0700399038333
1254,5446.3560329255251
1255,5460.15297577822
1256,5460.1708435544651
1257,5467.7608382034659
1258,5467.7608382035578
1259,5467.7634331364325
1260,5467.8699288611751
1261,5485.6598244756224
1262,5486.7484348998687
1263,5487.8293953691327
1264,5488.5208927752283
1265,5489.1304873592353
1266,5495.0293328514344
1267,5496.9203493293853
1268,5497.3696514066778
1269,5497.3696514067524
1270,5507.2624849075601
1271,5519.2176262584117
1272,5522.828314591563
1273,5523.0184017115289
1274,5538.0454704349404
1275,5539.3072737752727
1276,5546.717673412134
1277,5546.7176734121804
1278,5547.5114136767352
1279,5552.7773655582723
1280,5552.9600671504613
1281,5570.2392622231337
1282,5570.4445496348662
1283,5575.9905591665656
1284,5576.3264866153522
1285,5576.3264866154623
1286,5576.3264866154732
1287,5576.326486615475
1288,5596.794081707777
1289,5602.3487803563748
1290,5602.6205495190179
1291,5609.8127230353393
1292,5611.331033254668
1293,5612.7993188894143
1294,5615.8049042196717
1295,5615.8049042198481
1296,5618.1515785560932
1297,5641.3552907504363
1298,5641.7670847840081
1299,5649.1329410336775
1300,5650.3572919634425
1301,5660.1980730545765
1302,5660.5984380909331
1303,5672.0210116141689
1304,5676.0776704782929
1305,5683.3157373070571
1306,5689.741213153713
1307,5692.7774901236935
1308,5694.7617394284362
1309,5694.7617394285453
1310,5695.3101300457165
1311,5695.6202007966613
1312,5697.1219013987311
1313,5704.6313438295483
1314,5704.6313438295947
1315,5704.6313438296465
1316,5715.2465203440825
1317,5716.2166869062976
1318,5724.3705526317963
1319,5724.3705526318272
1320,5724.370552631829
1321,5724.3705526318936
1322,5741.1114890150002
1323,5743.9795504606791
1324,5752.0583441472518
1325,5754.0308075161429
1326,5758.9823746457878
1327,5763.0228911103677
1328,5763.8489702361021
1329,5763.8489702361703
1330,5766.9015565667596
1331,5768.4482582035571
1332,5773.7185746371715
1333,5773.718574637247
1334,5773.7185746372561
1335,5773.7185746373652
1336,5783.5881790383773
1337,5783.5881790384128
1338,5789.9637176387423
1339,5790.0470184754149
1340,5805.5314686919837
1341,5810.1325512116327
1342,5816.8405260603959
1343,5818.1947272853422
1344,5821.5160806143404
1345,5822.1198055917266
1346,5822.5493557342697
1347,5832.9446256017745
1348,5842.8058054449057
1349,5842.8058054449148
1350,5852.6754098459369
1351,5852.6754098459633
1352,5853.7796156383629
1353,5865.3553544263796
1354,5869.846654774633
1355,5876.0337737210621
1356,5882.2842230492197
1357,5882.2842230492488
1358,5884.6792037479463
1359,5885.4961858269135
1360,5897.9402039654824
1361,5899.0472497733645
1362,5912.4696083022436
1363,5916.4359465315902
1364,5920.0772700311218
1365,5931.6322450546868
1366,5931.6322450547723
1367,5933.396378517823
1368,5933.9779999562752
1369,5933.9883612409467
1370,5940.7531419493343
1371,5947.4600963854764
1372,5949.2236731595031
1373,5950.5228577688613
1374,5962.3798258671104
1375,5962.4135101464299
1376,5971.1106626590426
1377,5971.1106626590999
1378,5977.4040908805437
1379,5977.7898031401701
1380,5982.5983897508149
1381,5982.8201953655198
1382,5982.8911211930399
1383,5989.9935782600014
1384,5996.1964162380727
1385,5996.8524715503299
1386,6013.0618580547416
1387,6013.5577292834469
1388,6020.4586846644779
1389,6020.4586846645279
1390,6020.4586846645816
1391,6020.4586846646098
1392,6028.2324123362305
1393,6031.3227546355065
1394,6040.1978934666622
1395,6040.1978934666922
1396,6050.0674978677725
1397,6050.0674978678062
1398,6065.4598310964002
1399,6065.7445747023849
1400,6073.3849534088586
1401,6074.6496965865372
1402,6077.5995402143071
1403,6084.4618530218368
1404,6089.5459154721075
1405,6089.5459154721511
1406,6091.1480570921394
1407,6091.6498731448864
1408,6107.5851385933711
1409,6111.3535548530344
1410,6119.8643685956868
1411,6120.5226997014461
1412,6151.1806729392529
1413,6151.2442675658049
1414,6159.7692222057658
1415,6165.225405735152
1416,6165.295505264543
1417,6168.5027506807328
1418,6168.5027506808192
1419,6168.5027506808474
1420,6168.5027506808538
1421,6176.8075392813153
1422,6176.9278036227715
1423,6177.5491596823285
1424,6178.3723550818122
1425,6178.3723550819195
1426,6191.1415765676311
1427,6191.8089684668212
1428,6195.6158016716518
1429,6198.111563884092
1430,6198.1115638841147
1431,6199.6353760567254
1432,6199.8216857754496
1433,6207.9811682851887
1434,6207.9811682852023
1435,6207.9811682852678
1436,6207.9811682852824
1437,6216.6903107299513
1438,6221.8934442908603
1439,6227.6491496706622
1440,6230.0684329608912
1441,6233.2907544118989
1442,6233.5285667955504
1443,6236.5878412934499
1444,6250.6887820382535
1445,6257.3291902906312
1446,6257.329190290654
1447,6258.2072139536513
1448,6261.957552462748
1449,6278.7000191197521
1450,6279.3442253191397
1451,6281.2417917984394
1452,6286.9380034938922
1453,6286.9380034939131
1454,6295.5274947640255
1455,6295.5579612118208
1456,6300.4544982368834
1457,6302.4540160612569
1458,6311.0464876042379
1459,6312.3237292002905
1460,6316.0549243358237
1461,6316.5468166971978
1462,6316.5468166973515
1463,6320.9434683490572
1464,6326.416421098239
1465,6326.4164210982408
1466,6333.1648734847349
1467,6336.9846489293859
1468,6365.6963875312922
1469,6368.2791359993662
1470,6371.715028643901
1471,6377.4349156705011
1472,6382.6770554999666
1473,6386.5681612300532
1474,6395.5036519058867
1475,6410.4948888880117
1476,6412.4968262140837
1477,6415.2428607080128
1478,6415.2428607080701
1479,6415.2428607080701
1480,6415.2428607080928
1481,6415.2428607081265
1482,6415.2428607081984
1483,6419.571834631598
1484,6420.1903706933044
1485,6427.3250064381873
1486,6427.3539968934901
1487,6434.9693632511153
1488,6436.4754124712163
1489,6444.0897814741547
1490,6444.4982135394257
1491,6444.8516739113466
1492,6444.8516739113611
1493,6455.0810764514663
1494,6455.1610115514814
1495,6470.7454911860632
1496,6473.3606539472321
1497,6474.4604871145875
1498,6474.4604871145984
1499,6484.3300915157288
1500,6484.3300915157306
1501,6495.659142370977
1502,6497.0448280828023
1503,6505.4838890766423
1504,6505.5353074962813
1505,6518.7946990487399
1506,6523.8085091200765
1507,6523.8085091201474
1508,6526.5896079746099
1509,6530.1673770947809
1510,6532.21135959603
1511,6541.9842283944818
1512,6542.614930746362
1513,6551.0422735980355
1514,6565.0618480721905
1515,6566.3257994870155
1516,6568.3285692564787
1517,6571.7710013830183
1518,6573.1565311253853
1519,6573.1565311255372
1520,6575.0235161170622
1521,6587.8101286592046
1522,6589.8694969315429
1523,6597.4071081492148
1524,6597.7545373684952
1525,6613.4019759159564
1526,6636.6773579710198
1527,6642.2437619330849
1528,6642.2437619331349
1529,6645.866911639484
1530,6645.9178524278459
1531,6647.7144958028712
1532,6652.1133663342152
1533,6652.1133663342289
1534,6652.1576028642148
1535,6655.7502507547642
1536,6657.0561181863886
1537,6663.4890676954474
1538,6664.957035952516
1539,6671.8525751364205
1540,6671.8525751364386
1541,6679.3741910931249
1542,6679.7750225909886
1543,6681.7221795373925
1544,6681.7221795374599
1545,6682.4025546508256
1546,6691.1126964633586
1547,6697.7948719165615
1548,6700.5872557794819
1549,6704.6015175217208
1550,6704.630630622858
1551,6711.3309927406735
1552,6711.3309927407399
1553,6711.3309927408263
1554,6711.3309927409127
1555,6727.369038974759
1556,6729.7248238800103
1557,6729.7370286601627
1558,6730.9305543365681
1559,6744.6445606734778
1560,6747.7692503235976
1561,6760.679014746207
1562,6760.6790147462261
1563,6760.6790147462334
1564,6760.6790147462716
1565,6762.5208689566925
1566,6764.7768839487844
1567,6770.8602900868909
1568,6771.1467107753215
1569,6774.545307561325
1570,6784.7016077398857
1571,6790.6593591938026
1572,6790.8440947756817
1573,6800.1574323504801
1574,6800.1574323505411
1575,6800.1574323505556
1576,6800.1574323505965
1577,6802.2464641585411
1578,6803.6197364116388
1579,6829.766245553812
1580,6829.7662455538284
1581,6848.9680997884579
1582,6851.2141748103322
1583,6864.2319769177493
1584,6864.8898957817828
1585,6866.5292817007257
1586,6873.495233777463
1587,6879.1142675592646
1588,6879.1142675592791
1589,6879.1142675592882
1590,6879.1142675593728
1591,6879.8342978930723
1592,6880.7043637289125
1593,6882.3376803271631
1594,6888.9838719603431
1595,6888.9838719603731
1596,6894.8078443756276
1597,6905.0152554298102
1598,6905.5975695127581
1599,6913.4043517151276
1600,6918.592685163645
1601,6918.5926851636759
1602,6919.8240788566682
1603,6920.7728498912447
1604,6927.7548850575704
1605,6933.8647758665893
1606,6940.5043227396836
1607,6940.5262427922553
1608,6947.5053595213094
1609,6965.1206413035225
1610,6966.6166815498518
1611,6967.9407071690403
1612,6967.9407071690885
1613,6970.1385713632899
1614,6977.0586676272733
1615,6977.0706011253087
1616,6993.525719276
1617,6994.3068564486985
1618,6997.5495203723258
1619,6997.549520372344
1620,7003.7890635188687
1621,7014.3997085042947
1622,7017.3750842453892
1623,7017.4323937750778
1624,7018.0150715440122
1625,7021.1675942108641
1626,7024.8683213594204
1627,7027.1583335756104
1628,7027.1583335756395
1629,7033.678008149891
1630,7033.7911594889156
1631,7047.4947901288779
1632,7051.5696256253404
1633,7064.1562119610062
1634,7068.4351844069051
1635,7081.467339706498
1636,7081.6035831531772
1637,7091.8324372299739
1638,7097.0693059580735
1639,7099.2169042483338
1640,7102.6285589187473
1641,7106.1151687843321
1642,7106.1151687844058
1643,7117.39099369207
1644,7117.6601157779678
1645,7124.0482700250068
1646,7125.8543775864882
1647,7127.1099103997885
1648,7145.593586388708
1649,7145.5935863887553
1650,7154.2773358024069
1651,7155.4535061677425
1652,7155.4631907897719
1653,7155.4631907897829
1654,7155.4631907897838
1655,7155.463190789802
1656,7155.4631907898229
1657,7155.4631907898811
1658,7168.3942157326246
1659,7169.5865547173362
1660,7195.918745338101
1661,7196.2293371191718
1662,7202.6129269896164
1663,7203.0250185007881
1664,7204.8112127952163
1665,7204.81121279524
1666,7204.8112127952427
1667,7204.8112127953909
1668,7209.9920081488644
1669,7217.5808419169844
1670,7222.6548550755297
1671,7222.9825640848258
1672,7233.8056722732499
1673,7234.0518346923764
1674,7234.4200259984527
1675,7234.4200259984864
1676,7237.5481650955317
1677,7238.4100986081176
1678,7255.3550243157306
1679,7256.9124813578455
1680,7262.4835094183727
1681,7263.1404712562553
1682,7263.3482608581071
1683,7267.3059088360751
1684,7283.7680480039471
1685,7283.7680480040217
1686,7285.1461327280458
1687,7286.0357258393979
1688,7288.1456057454579
1689,7293.7402943001762
1690,7302.8403044513771
1691,7303.5072568060496
1692,7303.5072568061196
1693,7303.5072568061596
1694,7303.5072568061723
1695,7317.1613116439785
1696,7323.2658044759246
1697,7324.8670107831849
1698,7342.2397244568365
1699,7347.5762914751049
1700,7352.8552788115712
1701,7352.8552788115749
1702,7352.8552788115867
1703,7352.8552788117731
1704,7353.0441768993769
1705,7362.7248832126261
1706,7362.7248832126743
1707,7368.2335840753049
1708,7372.2450742526034
1709,7378.6226459784921
1710,7384.2110772204569
1711,7385.576304485392
1712,7386.974002546629
1713,7388.163471989651
1714,7388.7771803550922
1715,7395.3430956184257
1716,7416.1146287336105
1717,7416.87487227561
1718,7424.5699661361823
1719,7426.3383682012154
1720,7426.4050873738388
1721,7432.3150638477618
1722,7441.6817184213114
1723,7441.6817184213614
1724,7441.6817184213705
1725,7441.681718421416
1726,7466.328219922807
1727,7468.5143985920085
1728,7471.2905316246452
1729,7471.2905316246761
1730,7473.319106623936
1731,7473.3814835803169
1732,7476.3023810774084
1733,7476.6844074696783
1734,7488.8423769477404
1735,7490.1479640777643
1736,7492.5102530776776
1737,7496.1887330103355
1738,7504.4797116666596
1739,7506.3297952662251
1740,7510.7689492289956
1741,7510.7689492290328
1742,7527.1932624499159
1743,7530.7926133228029
1744,7541.5767296989497
1745,7541.7745479831528
1746,7550.2473668333314
1747,7550.2473668333514
1748,7550.247366833356
1749,7550.2473668333978
1750,7551.5854525305595
1751,7551.9338831245559
1752,7567.8967930177459
1753,7568.288303524555
1754,7589.6987432101751
1755,7589.7257844376991
1756,7589.7257844377837
1757,7590.6783220350653
1758,7600.7646563732469
1759,7603.6743027262764
1760,7608.9076492632412
1761,7608.9335817726169
1762,7615.9453898576821
1763,7616.4838258798873
1764,7619.3345976409837
1765,7619.3345976410337
1766,7629.2042020420549
1767,7629.2042020420749
1768,7629.2586960980107
1769,7631.2016989406948
1770,7638.8480889770099
1771,7650.2153530264368
1772,7658.8130152453177
1773,7658.8130152453505
1774,7669.4058138543687
1775,7669.6149851865785
1776,7670.4062163228136
1777,7678.5522240475166
1778,7678.5522240475202
1779,7698.1390020055933
1780,7700.3625446242804
1781,7702.6264527636931
1782,7708.7571748417859
1783,7708.9154308193101
1784,7716.3982023890367
1785,7720.3057451557243
1786,7728.2609876324295
1787,7744.6657037095683
1788,7744.8596283833558
1789,7747.6394548550525
1790,7747.6394548550925
1791,7747.639454855137
1792,7747.6394548551607
1793,7751.5307220115847
1794,7752.0762446188783
1795,7759.6219315570715
1796,7760.7839273021673
1797,7764.0782084327102
1798,7765.2930755539173
1799,7770.113567514607
1800,7771.9386853601354
1801,7772.3636972109634
1802,7777.2482680583835
1803,7777.2482680584035
1804,7781.2744701594665
1805,7781.6644061449915
1806,7797.2249109882941
1807,7802.9978665808239
1808,7810.7482030873762
1809,7815.6193810968907
1810,7822.0226174827521
1811,7822.1333724373717
1812,7826.5962900638488
1813,7826.5962900638715
1814,7826.5962900639079
1815,7826.5962900639197
1816,7836.46589446489
1817,7836.4658944649664
1818,7840.1280325333992
1819,7841.0286214044045
1820,7851.0574492575934
1821,7852.0490941390253
1822,7858.3877837570481
1823,7866.0747076682092
1824,7866.0747076682119
1825,7867.3074036479147
1826,7868.5331321784024
1827,7868.6990023167273
1828,7889.7712446542109
1829,7890.6147302335994
1830,7895.6835208714447
1831,7895.6835208715065
1832,7895.6835208715584
1833,7905.5531252725732
1834,7905.5531252726287
1835,7912.8850607910936
1836,7915.4227296736299
1837,7915.4227296736526
1838,7915.5675854904584
1839,7918.3560403081137
1840,7918.9238415571581
1841,7940.0259919039145
1842,7944.622727300467
1843,7958.6280251800299
1844,7959.3859204697537
1845,7964.0892007666407
1846,7968.2847632155926
1847,7974.6403560801909
1848,7974.6403560802037
1849,7976.6504541518507
1850,7980.3851462834282
1851,7984.5099604812613
1852,7984.509960481284
1853,7989.5880646572468
1854,7989.7614663526592
1855,7994.3795648823443
1856,7994.3795648824043
1857,8025.76765827073
1858,8025.7993524382509
1859,8031.8445346347835
1860,8034.507177281328
1861,8035.8767254172708
1862,8042.1988809682398
1863,8053.9092190799201
1864,8055.0737639802783
1865,8056.2838275963377
1866,8056.7518170147796
1867,8062.630292513828
1868,8065.9491210282195
1869,8072.6683877314235
1870,8073.3364000910733
1871,8073.3364000910824
1872,8089.9188712703062
1873,8090.2668304454473
1874,8093.0756088932012
1875,8093.0756088932358
1876,8093.0756088932585
1877,8093.0756088933304
1878,8093.3895962882707
1879,8100.6465975410192
1880,8101.0752334057988
1881,8102.945213294367
1882,8102.9452132944471
1883,8103.6332250545474
1884,8103.6586126965149
1885,8123.9720006155521
1886,8130.7929763048523
1887,8131.9497311025152
1888,8144.721770411772
1889,8149.6117676019367
1890,8155.2859129189519
1891,8156.0888753978179
1892,8160.2287113577922
1893,8169.0510248465307
1894,8176.9925118497522
1895,8177.1631627792476
1896,8178.0377422353713
1897,8181.9020485030533
1898,8181.9020485030933
1899,8205.1919159453137
1900,8210.326449934164
1901,8211.5108617063597
1902,8211.5108617063961
1903,8216.0390078717992
1904,8218.0968879112224
1905,8221.3804661074482
1906,8221.38046610745
1907,8239.3608462540706
1908,8240.4342259058412
1909,8245.2899016920546
1910,8246.442980389862
1911,8252.0660858751726
1912,8253.4611381475279
1913,8255.5618829979448
1914,8258.6058028152893
1915,8282.491575275586
1916,8292.0330839678372
1917,8300.3373013161618
1918,8300.3373013161709
1919,8304.4052753570049
1920,8304.4532529198877
1921,8305.8113332711418
1922,8308.5731505542535
1923,8308.7150024489129
1924,8310.2069057172321
1925,8310.2069057172594
1926,8311.2418652317774
1927,8326.1276497924846
1928,8328.4060830160797
1929,8339.8157189204667
1930,8339.8157189204667
1931,8339.8157189205122
1932,8339.815718920514
1933,8339.8157189205376
1934,8339.8157189205431
1935,8348.9773070109441
1936,8350.7269369304231
1937,8351.366541598949
1938,8352.1684576351417
1939,8363.5450624866771
1940,8363.6192702770786
1941,8369.4245321237595
1942,8369.4245321237995
1943,8378.5677102756326
1944,8379.3427672231592
1945,8379.7466097795495
1946,8381.3304820594167
1947,8389.1637409259165
1948,8389.1637409259311
1949,8389.163740925942
1950,8389.1637409259711
1951,8389.1637409259838
1952,8389.1637409260111
1953,8418.7725541292257
1954,8418.7725541292348
1955,8422.2519559009197
1956,8424.2200968676589
1957,8430.1329316709671
1958,8430.3492139416903
1959,8434.8436606192754
1960,8442.5080041515575
1961,8443.4665655350873
1962,8452.8434582980208
1963,8458.2509717335888
1964,8458.2509717336561
1965,8462.7194324141456
1966,8464.4830762299862
1967,8468.6971852278875
1968,8476.6139473125004
1969,8477.2384686699552
1970,8491.8622870724939
1971,8492.2761853942011
1972,8497.9428807219374
1973,8503.1063802190802
1974,8508.5382483553512
1975,8517.5658263695859
1976,8517.8127684567953
1977,8522.9453675573259
1978,8537.2078069422259
1979,8537.2078069423023
1980,8537.2078069423678
1981,8537.2078069424006
1982,8544.6680414989041
1983,8547.0694277890798
1984,8547.0774113433854
1985,8547.077411343389
1986,8564.5058555998021
1987,8574.649278212808
1988,8582.8679477246205
1989,8592.3821522957387
1990,8596.1741870200731
1991,8598.7860347541045
1992,8600.0833521928234
1993,8600.9257163894163
1994,8600.9520833385141
1995,8606.2950377499201
1996,8606.2950377500074
1997,8610.1175493722913
1998,8610.5828192240788
1999,8616.1646421509795
2000,8616.1646421509922
2001,8616.563109794537
2002,8617.724943601941
2003,8628.3823340140698
2004,8628.7233262582286
2005,8636.9641053689775
2006,8638.0943604813328
2007,8647.1732606980931
2008,8648.3631383406646
2009,8654.9683164670842
2010,8655.6430597553735
2011,8655.6430597553863
2012,8665.1052959750887
2013,8671.4878260186906
2014,8672.2669158248573
2015,8676.3379657910082
2016,8676.5540208736911
2017,8695.1214773597076
2018,8695.1214773597112
2019,8704.9910817607761
2020,8710.643049512928
2021,8713.6772378832029
2022,8719.4817692490378
2023,8720.0675340593734
2024,8724.730290562964
2025,8724.7302905629876
2026,8724.7302905630386
2027,8724.7302905630695
2028,8738.7504066560596
2029,8739.4816124281333
2030,8745.0447578671719
2031,8745.1368627434695
2032,8748.0608460111453
2033,8756.5160363241375
2034,8782.3891506833825
2035,8783.0927054850872
2036,8783.9479169695005
2037,8783.9479169695187
2038,8783.9479169695242
2039,8783.947916969526
2040,8796.304449156456
2041,8796.7894333451368
2042,8822.0972284813379
2043,8822.7818700809257
2044,8829.0736215317029
2045,8829.4547956384613
2046,8847.8587073755443
2047,8851.8587569396313
2048,8856.511461104139
2049,8861.9087134679176
2050,8862.9047521781868
2051,8862.9047521782413
2052,8865.7896659135768
2053,8867.226760416168
2054,8871.5636889398993
2055,8871.6768902067197
2056,8880.9972822753862
2057,8882.6439609803801
2058,8882.6439609804165
2059,8886.724561392597
2060,8888.1841613462802
2061,8892.228409613399
2062,8892.5043903205205
2063,8892.5135653814468
2064,8892.5135653815196
2065,8892.513565381545
2066,8892.5135653816033
2067,8905.9712499120196
2068,8911.2695502189417
2069,8911.4818451842821
2070,8922.122378584756
2071,8922.1223785847869
2072,8930.9781530043201
2073,8931.9919829856663
2074,8931.9919829858718
2075,8931.9919829858754
2076,8931.9919829859082
2077,8933.4550815489183
2078,8936.0331427643887
2079,8942.6110942766281
2080,8955.5927188234509
2081,8957.6420874277628
2082,8958.2977683993813
2083,8971.4704005902167
2084,8971.4704005902386
2085,8974.64796917274
2086,8979.8579176700914
2087,8981.0982850701766
2088,8989.6637725061137
2089,8999.3047713664964
2090,9000.2213309489762
2091,9000.707429543143
2092,9007.6636101298336
2093,9008.1975302574101
2094,9020.8184225956848
2095,9020.818422595692
2096,9023.4053054921296
2097,9024.5888457333949
2098,9026.3094217063099
2099,9031.0033363341809
2100,9040.5576313978381
2101,9040.5576313978636
2102,9041.6584345126794
2103,9041.6710405792855
2104,9050.3767236991371
2105,9055.1443792110113
2106,9065.055837155418
2107,9065.5422225936982
2108,9076.9462962795205
2109,9079.5826805651923
2110,9095.56548606262
2111,9096.5941518701238
2112,9099.7752578043619
2113,9099.7752578043965
2114,9124.1989600413708
2115,9127.9518633599564
2116,9129.3840710076402
2117,9129.3840710076456
2118,9129.3840710076456
2119,9129.3840710076947
2120,9129.3840710077457
2121,9129.3840710077911
2122,9134.5903370856595
2123,9135.1107606969963
2124,9151.5932550550369
2125,9151.7271479777628
2126,9158.992884210902
2127,9158.9928842109166
2128,9168.8624886119978
2129,9168.8624886120087
2130,9173.5815438979625
2131,9173.6461633183171
2132,9177.0651269948266
2133,9178.6615433557126
2134,9190.9292108545942
2135,9191.0700257613844
2136,9197.9503039981773
2137,9198.4713018152634
2138,9198.4713018152797
2139,9198.5251149965407
2140,9213.0343699003242
2141,9213.9920598075714
2142,9221.346480970733
2143,9221.6546357371753
2144,9233.3334338305795
2145,9234.5731347567435
2146,9237.9497194196119
2147,9237.9497194196229
2148,9247.8193238207223
2149,9247.8193238207277
2150,9260.0452178685191
2151,9264.2385284398842
2152,9267.4196604902063
2153,9267.5276055194954
2154,9270.4659061193543
2155,9275.437558426649
2156,9276.638444341399
2157,9284.7477434030607
2158,9287.2977414250909
2159,9287.2977414251309
2160,9288.2165400373106
2161,9290.6588553854162
2162,9300.1933878216678
2163,9302.6255812344225
2164,9304.3276583552597
2165,9331.3719641874122
2166,9337.2887107513907
2167,9338.047820037038
2168,9350.3372495216954
2169,9357.4225336808977
2170,9362.9620151105046
2171,9365.7919664540605
2172,9366.2545766337516
2173,9366.2545766337698
2174,9366.2545766338098
2175,9366.2545766338608
2176,9373.8982627335463
2177,9390.2854183161926
2178,9391.8315779682962
2179,9404.9909990700908
2180,9405.4031966519669
2181,9405.7329942381002
2182,9405.7329942381621
2183,9408.1489739222707
2184,9415.6025986391796
2185,9415.6025986392506
2186,9415.6530325899239
2187,9417.4345323490252
2188,9419.8712399733995
2189,9424.5106126975315
2190,9440.3947967606164
2191,9440.5640316676599
2192,9445.8002910959185
2193,9451.0912094144933
2194,9453.3075109683832
2195,9454.6682101872993
2196,9459.9160345469954
2197,9461.8450046140715
2198,9490.5369059179811
2199,9491.36370361646
2200,9494.0560644359175
2201,9494.5594338478986
2202,9494.5594338479495
2203,9494.5594338479732
2204,9494.5594338479823
2205,9502.7279678185241
2206,9508.1066066582989
2207,9510.3070884580247
2208,9514.2986426501102
2209,9514.2986426501229
2210,9524.168247051166
2211,9524.1682470512078
2212,9524.1682470512533
2213,9524.1682470512696
2214,9528.7928259143919
2215,9529.0851230410462
2216,9537.5173109009847
2217,9539.2732603510703
2218,9548.4559763420002
2219,9551.1024717674318
2220,9553.41722323662
2221,9553.5135953367026
2222,9553.7770602545206
2223,9561.5938944191348
2224,9561.8882477102943
2225,9570.5208758205426
2226,9572.6677528660421
2227,9573.5162690565739
2228,9573.5162690565776
2229,9573.5162690566794
2230,9573.5162690566813
2231,9594.7847221047159
2232,9599.7035979806242
2233,9606.7590787182417
2234,9614.2776729751877
2235,9620.5308158524113
2236,9620.7547876644931
2237,9621.7996011847226
2238,9622.405613320434
2239,9632.733895463205
2240,9632.733895463216
2241,9642.6034998643208
2242,9642.6034998643336
2243,9659.290110229882
2244,9659.29215955769
2245,9672.2123130675645
2246,9672.2123130675955
2247,9679.5223186581461
2248,9681.891576641392
2249,9682.0819174686658
2250,9682.0819174686821
2251,9685.021630960744
2252,9686.1651976385092
2253,9695.8287163766327
2254,9698.2877404283536
2255,9702.7568591405452
2256,9703.7064989573955
2257,9707.0233741532011
2258,9716.4244817794352
2259,9721.5603350729671
2260,9721.5603350729889
2261,9721.5603350730344
2262,9721.5603350730707
2263,9731.4299394740592
2264,9731.4299394740683
2265,9731.4299394741065
2266,9731.4299394741338
2267,9735.5422931284029
2268,9751.5496779769983
2269,9752.9183379684182
2270,9762.5704007021995
2271,9772.5691671505174
2272,9772.8407042632316
2273,9776.2495551036609
2274,9776.5590255256793
2275,9799.4014988912531
2276,9800.6050058436358
2277,9804.051469413891
2278,9804.2278103691042
2279,9806.0819304919914
2280,9816.8988491659875
2281,9818.1562275546712
2282,9822.8191300951075
2283,9823.7305824700143
2284,9832.2438690929321
2285,9832.3809823082702
2286,9834.6055044746136
2287,9839.9955878860765
2288,9839.9955878860892
2289,9847.6133709175447
2290,9849.0204316840445
2291,9851.556246629536
2292,9860.5637446207274
2293,9869.6044010892838
2294,9869.6044010893511
2295,9869.6044010893784
2296,9869.6044010893893
2297,9878.3412926544024
2298,9878.6931229244074
2299,9884.4856350562604
2300,9884.8500828648121
2301,9887.0252587751365
2302,9887.5447706299383
2303,9902.4663577070769
2304,9906.145195223784
2305,9928.3955715454413
2306,9935.2176005286692
2307,9944.4614378821061
2308,9944.7259094416331
2309,9949.0741139614838
2310,9950.4201921369913
2311,9958.4308406991349
2312,9958.4308406991659
2313,9959.0616881777514
2314,9959.3502044474135
2315,9968.300445100198
2316,9968.300445100238
2317,9968.3004451002453
2318,9968.3004451002689
2319,9980.8779067701889
2320,9981.3812676884609
2321,9983.8469697349938
2322,9987.1350760677178
2323,9992.5467808749672
2324,9997.909258303469
2325,9997.9092583035344
2326,9998.2773775947644
2327,10019.087927052356
2328,10020.822746588176
2329,10026.908550897511
2330,10027.086316519506
2331,10037.387675907879
2332,10037.387675907898
2333,10047.25728030897
2334,10047.257280309046
2335,10052.706776301073
2336,10053.172734578831
2337,10057.251123489001
2338,10057.638289103545
2339,10076.86609351217
2340,10076.866093512241
2341,10099.750493486083
2342,10101.296481258425
2343,10104.651786296841
2344,10108.267748176413
2345,10110.918220387886
2346,10114.622216118292
2347,10116.344511116553
2348,10116.344511116584
2349,10116.3445111166
2350,10116.3445111166
2351,10116.344511116631
2352,10116.344511116704
2353,10125.582359508819
2354,10127.920272901514
2355,10135.505692189767
2356,10137.32460173919
2357,10145.365041316009
2358,10145.41472473043
2359,10145.802581572827
2360,10145.953324319795
2361,10145.953324319866
2362,10148.31332897147
2363,10148.804316150003
2364,10158.701164860202
2365,10174.279689647914
2366,10178.464305176423
2367,10178.494489859702
2368,10185.435777142047
2369,10185.893265381212
2370,10195.301346325301
2371,10195.301346325308
2372,10207.709213021259
2373,10211.392137531791
2374,10211.455030165467
2375,10214.485223458905
2376,10219.059368547083
2377,10229.413862649079
2378,10234.77976392961
2379,10234.779763929644
2380,10234.779763929666
2381,10234.77976392968
2382,10235.929424902693
2383,10242.580017730623
2384,10243.261307266568
2385,10246.067642744458
2386,10261.226276447869
2387,10263.887326715634
2388,10264.388577132882
2389,10264.38857713289
2390,10264.388577132924
2391,10264.388577132931
2392,10274.058310821214
2393,10274.292766816548
2394,10280.720812510608
2395,10284.127785935103
2396,10284.127785935189
2397,10296.835083787051
2398,10303.492523514336
2399,10303.866994737296
2400,10303.866994737327
2401,10312.076686605249
2402,10316.859874878577
2403,10319.077374563472
2404,10319.74660199525
2405,10329.523577251633
2406,10332.146659229655
2407,10347.920778960592
2408,10348.252109679077
2409,10353.215016742708
2410,10353.215016742741
2411,10371.867087072382
2412,10378.640235909832
2413,10379.136613379271
2414,10380.736202703105
2415,10385.581142184179
2416,10386.387727521684
2417,10392.693434347069
2418,10392.693434347091
2419,10404.540620320471
2420,10408.263557705759
2421,10420.761263792339
2422,10421.719072865089
2423,10426.300765557377
2424,10427.64773403982
2425,10432.73241460178
2426,10434.109316601563
2427,10435.601002251418
2428,10436.560655221556
2429,10442.041456352557
2430,10443.91243009264
2431,10447.068036764304
2432,10461.780665154709
2433,10461.780665154731
2434,10461.780665154756
2435,10461.780665154767
2436,10463.731497167008
2437,10463.891853505109
2438,10471.650269555807
2439,10471.650269555814
2440,10497.108719813743
2441,10500.716482121941
2442,10508.699961237355
2443,10508.777405669325
2444,10520.668833545775
2445,10520.998291561222
2446,10520.998291561278
2447,10520.998291561287
2448,10520.998291561302
2449,10521.177994568854
2450,10528.570554914952
2451,10528.85287482388
2452,10539.550980555548
2453,10541.587616029137
2454,10550.607104764458
2455,10550.607104764535
2456,10556.646026262739
2457,10556.718636675352
2458,10576.642227860255
2459,10577.251223466837
2460,10580.566806143039
2461,10582.922534534902
2462,10590.085522368759
2463,10590.085522368867
2464,10590.085522368878
2465,10590.085522368923
2466,10590.584504203944
2467,10591.019414796192
2468,10598.203932320615
2469,10610.259083233001
2470,10617.112606707282
2471,10618.053652015793
2472,10619.69433557214
2473,10619.694335572189
2474,10629.420179905926
2475,10650.061704780504
2476,10653.716120741019
2477,10657.381683729318
2478,10658.190172083814
2479,10658.672308477066
2480,10674.513081339786
2481,10675.583076839235
2482,10678.911961978663
2483,10678.911961978685
2484,10679.388257050674
2485,10679.563804711339
2486,10689.431868809826
2487,10690.838281434539
2488,10700.374493956027
2489,10728.838312971611
2490,10738.129588385229
2491,10738.12958838524
2492,10746.900624502763
2493,10748.514602650541
2494,10752.146161226041
2495,10757.344630064752
2496,10757.868797187322
2497,10757.868797187379
2498,10757.868797187393
2499,10757.86879718745
2500,10757.976780723709
2501,10757.992995656523
2502,10762.537406034244
2503,10762.567194778665
2504,10766.647690628708
2505,10767.023574108098
2506,10779.921852956601
2507,10780.344348735998
2508,10784.258101617219
2509,10786.717412253956
2510,10787.477610390653
2511,10787.47761039067
2512,10792.188637738644
2513,10803.326466208866
2514,10815.318484863352
2515,10815.421702669018
2516,10817.086423593884
2517,10817.086423593928
2518,10818.989132748673
2519,10819.533587388096
2520,10826.956027995024
2521,10826.956027995029
2522,10828.291266866103
2523,10830.244722076393
2524,10832.646653650752
2525,10835.365317594669
2526,10836.825632396094
2527,10836.8256323961
2528,10852.991869160418
2529,10853.780005733754
2530,10866.350560410163
2531,10866.351995909827
2532,10874.626307877499
2533,10876.738282517557
2534,10886.533398653306
2535,10894.297929592625
2536,10905.912863203661
2537,10905.912863203728
2538,10905.912863203745
2539,10905.912863203757
2540,10905.912863203759
2541,10905.912863203779
2542,10905.91286320381
2543,10905.912863203863
2544,10907.005671183038
2545,10907.179707761137
2546,10935.521676407012
2547,10935.52167640705
2548,10945.391280808102
2549,10945.391280808108
2550,10949.524486176837
2551,10951.680033689971
2552,10952.351799766018
2553,10952.520183997534
2554,10960.338305517629
2555,10961.757271128416
2556,10968.423943619977
2557,10968.991807754514
2558,10986.686105397635
2559,10991.839899227061
2560,10994.73930281355
2561,10994.739302813556
2562,11002.188173973766
2563,11005.000331040432
2564,11024.348116016799
2565,11024.348116016825
2566,11028.800530979977
2567,11031.196357098934
2568,11036.723503971087
2569,11037.61959032001
2570,11041.377840633006
2571,11042.755075181245
2572,11060.227039824951
2573,11070.05191420005
2574,11070.425395043012
2575,11073.416918114499
2576,11086.013403619896
2577,11086.016773947928
2578,11090.379147789308
2579,11093.435346824446
2580,11093.435346824488
2581,11103.304951225458
2582,11103.304951225518
2583,11103.304951225566
2584,11103.304951225598
2585,11104.683165494005
2586,11110.09255039954
2587,11114.677432566476
2588,11114.843878278865
2589,11115.734563973674
2590,11116.102610459304
2591,11119.737636041073
2592,11128.844529501896
2593,11135.427439649116
2594,11142.783368829889
2595,11142.783368829902
2596,11152.65297323091
2597,11152.652973230946
2598,11152.652973230959
2599,11152.652973230979
2600,11155.197148500143
2601,11157.235825937518
2602,11159.367050629429
2603,11168.677387597305
2604,11168.843009149157
2605,11174.482184541806
2606,11175.583889788069
2607,11191.590063528623
2608,11204.077710091033
2609,11209.409560166105
2610,11217.238965469296
2611,11219.48166268971
2612,11223.998483821093
2613,11225.838171770567
2614,11231.609808439687
2615,11231.609808439704
2616,11231.981524168683
2617,11232.050986613729
2618,11239.397478504396
2619,11240.948061089979
2620,11246.409005829697
2621,11252.185418008328
2622,11260.067874833789
2623,11260.917859825558
2624,11286.845475494083
2625,11288.224295330934
2626,11292.338210867745
2627,11299.792693207239
2628,11300.35745743494
2629,11300.554583141397
2630,11300.697039247287
2631,11300.697039247314
2632,11300.697039247329
2633,11300.697039247349
2634,11320.940224546748
2635,11321.60493309603
2636,11325.243504787708
2637,11329.846351874965
2638,11349.176131197193
2639,11356.691496782927
2640,11369.784270054952
2641,11379.653874456008
2642,11379.653874456044
2643,11382.688863742627
2644,11383.050569274137
2645,11389.523478857125
2646,11389.523478857178
2647,11400.263551918568
2648,11400.806444209249
2649,11409.262687659282
2650,11409.262687659297
2651,11410.463086333657
2652,11411.594036816874
2653,11414.153188801663
2654,11418.529695381767
2655,11418.534716360411
2656,11419.132292060318
2657,11419.132292060389
2658,11419.132292060416
2659,11419.132292060445
2660,11419.621307832591
2661,11422.17002015624
2662,11425.097656578253
2663,11440.93836440298
2664,11440.962204440379
2665,11443.7898308372
2666,11444.399060673237
2667,11448.741105263633
2668,11448.741105263647
2669,11448.741105263656
2670,11448.741105263676
2671,11465.24873364521
2672,11465.87400576208
2673,11474.058613726216
2674,11474.54229484871
2675,11483.031570801568
2676,11484.441407710397
2677,11496.383780323706
2678,11497.350829895227
2679,11498.089127269091
2680,11498.089127269097
2681,11498.089127269101
2682,11498.089127269104
2683,11527.697940472377
2684,11527.697940472406
2685,11529.639849113055
2686,11531.003236423037
2687,11532.690431021787
2688,11544.412869274325
2689,11547.437149274529
2690,11547.437149274538
2691,11547.437149274565
2692,11547.437149274587
2693,11555.906608746292
2694,11558.054865986052
2695,11560.754352894355
2696,11562.530708417618
2697,11562.663109872332
2698,11563.10958503137
2699,11567.176358076722
2700,11567.176358076744
2701,11573.583062983162
2702,11587.446477669029
2703,11588.187138910305
2704,11594.915407844066
2705,11597.710340391433
2706,11597.888809339074
2707,11617.07683832853
2708,11617.830824211107
2709,11629.241610866387
2710,11635.303903238848
2711,11642.631639198433
2712,11656.002797686524
2713,11656.002797686531
2714,11659.237323600724
2715,11661.446818708173
2716,11664.033836389939
2717,11679.158718405784
2718,11685.611610889813
2719,11685.61161088985
2720,11686.498162818258
2721,11693.261064408149
2722,11695.530899210951
2723,11696.897618799912
2724,11701.61632652303
2725,11705.350819691952
2726,11705.350819691987
2727,11711.748846731598
2728,11712.352103222531
2729,11723.821600817551
2730,11725.539816072336
2731,11726.112276843523
2732,11727.315920605484
2733,11734.244153480535
2734,11734.645759090792
2735,11734.959632895198
2736,11734.959632895238
2737,11734.95963289525
2738,11734.959632895259
2739,11757.083659790909
2740,11757.099631218334
2741,11764.568446098494
2742,11764.568446098549
2743,11766.517884813504
2744,11770.703874360657
2745,11774.438050499599
2746,11774.438050499653
2747,11785.603389738273
2748,11785.735369292901
2749,11786.404829192292
2750,11787.065471811864
2751,11811.144771785295
2752,11811.59134085094
2753,11819.413398331337
2754,11819.727288727114
2755,11820.561784989583
2756,11830.255261493961
2757,11835.325350059707
2758,11835.704003440849
2759,11853.394885708291
2760,11853.394885708307
2761,11854.662836592313
2762,11855.616236407699
2763,11863.264490109406
2764,11863.264490109501
2765,11863.407193885641
2766,11863.466316263406
2767,11884.879806013656
2768,11885.578343828282
2769,11888.7066725438
2770,11891.247023804463
2771,11892.873303312646
2772,11892.873303312657
2773,11892.873303312665
2774,11892.87330331267
2775,11901.535176094536
2776,11902.22543192647
2777,11903.098928045012
2778,11903.688769895034
2779,11914.854110121258
2780,11922.922569675035
2781,11942.221325318113
2782,11942.221325318184
2783,11961.709241543504
2784,11963.226356633097
2785,11969.551525617549
2786,11970.116814966139
2787,11971.830138521382
2788,11971.830138521391
2789,11992.365998970516
2790,11992.871553196908
2791,12011.308556125743
2792,12011.30855612575
2793,12011.363335076676
2794,12013.067251449802
2795,12014.449481249829
2796,12024.546891904749
2797,12026.746084172315
2798,12028.362084094239
2799,12033.892716944478
2800,12034.886566672432
2801,12040.917369329003
2802,12040.917369329014
2803,12040.917369329063
2804,12040.917369329089
2805,12046.830186509609
2806,12059.170293899997
2807,12060.164591077124
2808,12064.298800349941
2809,12065.9266534941
2810,12077.84868709783
2811,12080.395786933363
2812,12080.395786933384
2813,12082.920884885427
2814,12084.350313006415
2815,12090.265391334449
2816,12090.265391334464
2817,12099.524756209763
2818,12099.7160886773
2819,12100.134995735521
2820,12100.13499573556
2821,12102.703463820224
2822,12104.827529396509
2823,12112.074368208072
2824,12122.757304155566
2825,12123.092359654383
2826,12129.74380893882
2827,12129.743808938825
2828,12132.977502142936
2829,12134.210674788737
2830,12139.674951977828
2831,12147.047996432486
2832,12159.851757630222
2833,12160.175762606785
2834,12166.388663315774
2835,12169.222226543176
2836,12169.222226543199
2837,12175.941216426123
2838,12176.160496973393
2839,12178.365361711523
2840,12179.091830944264
2841,12179.09183094434
2842,12181.619722058744
2843,12189.631270900863
2844,12190.176137730054
2845,12204.704947829885
2846,12208.700644147502
2847,12208.700644147544
2848,12208.828376231973
2849,12209.42651737909
2850,12212.051899737855
2851,12234.792068257917
2852,12234.872168635229
2853,12246.74971027836
2854,12247.905491422218
2855,12248.179061751838
2856,12248.179061751896
2857,12248.179061751904
2858,12248.179061751936
2859,12250.987516354511
2860,12254.600155423634
2861,12260.667175199291
2862,12261.266172963695
2863,12282.736063931809
2864,12291.106632237901
2865,12295.711762763018
2866,12296.250643730908
2867,12310.13953759431
2868,12315.242488874455
2869,12318.097387846878
2870,12318.324312683479
2871,12325.316855530386
2872,12325.828296779906
2873,12327.135896960592
2874,12327.135896960604
2875,12337.005501361669
2876,12337.0055013617
2877,12337.005501361717
2878,12337.005501361737
2879,12337.005501361766
2880,12356.74471016389
2881,12356.744710163895
2882,12359.669805142164
2883,12360.604516282907
2884,12370.006348783938
2885,12370.360530587805
2886,12370.530169383419
2887,12375.022243942527
2888,12385.159340036458
2889,12386.846566266162
2890,12396.223127768226
2891,12396.223127768264
2892,12404.231723514553
2893,12404.449188955776
2894,12415.96233657037
2895,12415.962336570401
2896,12415.962336570485
2897,12415.962336570516
2898,12445.571149773592
2899,12445.571149773661
2900,12445.571149773679
2901,12445.571149773687
2902,12447.864825434117
2903,12447.891386483834
2904,12452.05240234494
2905,12453.632368604345
2906,12465.127923966213
2907,12465.534422256622
2908,12476.174335626154
2909,12476.263688947909
2910,12480.525905801154
2911,12483.578483667616
2912,12495.82918240266
2913,12496.15986400874
2914,12502.377413878507
2915,12505.395005582021
2916,12509.964853134416
2917,12513.591776776158
2918,12514.611299547965
2919,12514.658380581273
2920,12514.658380581292
2921,12519.232554951539
2922,12528.500047634596
2923,12528.911564902346
2924,12536.190675004094
2925,12544.486561206406
2926,12546.809936414102
2927,12552.771408565883
2928,12553.131551212731
2929,12557.836099050832
2930,12559.90879435442
2931,12567.867491589741
2932,12573.87600698785
2933,12573.876006987866
2934,12592.341159857368
2935,12592.78515811199
2936,12603.484820191079
2937,12603.484820191106
2938,12604.935209885338
2939,12624.414418367418
2940,12626.041860657191
2941,12633.093633394388
2942,12633.093633394397
2943,12640.245604759377
2944,12643.25377260098
2945,12644.231825189754
2946,12648.043845169699
2947,12652.832842196545
2948,12652.832842196556
2949,12654.314717469768
2950,12658.61271605501
2951,12659.153232734323
2952,12673.323053673706
2953,12678.393089793683
2954,12680.924048342969
2955,12681.888961262228
2956,12682.441655399811
2957,12682.441655399813
2958,12682.441655399825
2959,12682.441655399898
2960,12694.224174458459
2961,12694.716320223808
2962,12700.416035351473
2963,12706.241927154155
2964,12721.920073004192
2965,12721.920073004207
2966,12726.577952319149
2967,12727.231872568029
2968,12738.918414030713
2969,12743.03966206117
2970,12748.430275639494
2971,12749.648207636919
2972,12761.295210457052
2973,12762.647493963508
2974,12775.961738586713
2975,12776.224392214452
2976,12795.777289027592
2977,12798.969587249756
2978,12799.365040915767
2979,12799.692514083485
2980,12800.876908212882
2981,12800.876908212897
2982,12801.943013962276
2983,12808.1390807067
2984,12815.474936890478
2985,12817.710804619266
2986,12822.142914135498
2987,12822.778277640939
2988,12826.888757042045
2989,12829.182610123757
2990,12830.485721416084
2991,12830.48572141616
2992,12830.485721416169
2993,12830.485721416188
2994,12830.485721416213
2995,12830.485721416295
2996,12840.355325817252
2997,12840.355325817254
2998,12857.809894857503
2999,12857.861369515334
3000,12858.670731559381
3001,12859.8881422547
3002,12874.584991800382
3003,12877.551337941881
3004,12879.833743421563
3005,12879.833743421608
3006,12879.833743421616
3007,12879.833743421654
3008,12889.703347822697
3009,12889.703347822717
3010,12902.524960507228
3011,12903.680379915506
3012,12916.687852511339
3013,12917.087192215417
3014,12927.905341113463
3015,12930.402490713317
3016,12944.291275341351
3017,12944.766828242729
3018,12947.06998825329
3019,12948.92097422921
3020,12948.920974229235
3021,12949.839607821856
3022,12958.790578630309
3023,12958.790578630327
3024,12958.790578630336
3025,12958.790578630351
3026,12962.922309126783
3027,12963.889815454027
3028,12968.660183031381
3029,12968.660183031412
3030,12987.417928281175
3031,12989.103332406015
3032,12990.571232385048
3033,12990.996684204561
3034,12999.776251459636
3035,13000.520458206251
3036,13007.633150764348
3037,13019.672290769893
3038,13020.157462479683
3039,13020.671977727185
3040,13033.02796125792
3041,13037.747413839023
3042,13037.747413839039
3043,13038.590647570583
3044,13045.011941534103
3045,13047.617018240126
3046,13047.617018240138
3047,13062.409582956911
3048,13062.601840204246
3049,13069.668429507057
3050,13077.225831443329
3051,13077.225831443358
3052,13077.225831443384
3053,13077.225831443388
3054,13077.225831443389
3055,13077.225831443428
3056,13097.668636738917
3057,13101.878635475394
3058,13104.719987350943
3059,13115.260865979317
3060,13117.470328922094
3061,13121.159421601253
3062,13121.341515008398
3063,13135.620485169216
3064,13141.696914309743
3065,13146.313062250974
3066,13146.313062251029
3067,13148.985512578969
3068,13149.199597225299
3069,13155.777206111543
3070,13158.464585285717
3071,13158.523858479512
3072,13178.136535106398
3073,13178.163327919028
3074,13181.495285637355
3075,13184.185112967934
3076,13186.579003707155
3077,13186.615455889001
3078,13199.898240793111
3079,13203.795149838834
3080,13204.831656135546
3081,13210.99546129816
3082,13218.851875843669
3083,13219.721826939867
3084,13234.171202375514
3085,13235.139501860829
3086,13235.139501860831
3087,13236.202988287318
3088,13241.854479991016
3089,13242.503769461428
3090,13248.647608143008
3091,13248.795796543727
3092,13250.2191970738
3093,13254.150653628871
3094,13274.617919465154
3095,13274.617919465161
3096,13274.617919465176
3097,13274.61791946521
3098,13281.490560044505
3099,13282.132489259679
3100,13284.487523866219
3101,13284.48752386627
3102,13298.831265616398
3103,13301.26019506221
3104,13302.881357349979
3105,13302.886697486989
3106,13304.226732668423
3107,13304.22673266844
3108,13304.662238805868
3109,13310.541370134979
3110,13343.705150272825
3111,13343.705150272839
3112,13343.705150272845
3113,13344.793470217282
3114,13346.538542099603
3115,13353.65782452948
3116,13354.574306895289
3117,13363.444359074998
3118,13363.444359075005
3119,13368.854046712266
3120,13372.133810933146
3121,13372.966106185142
3122,13378.703955459318
3123,13390.793838878051
3124,13390.914087673169
3125,13411.361282787937
3126,13413.215104464354
3127,13422.661985481524
3128,13422.661985481527
3129,13422.661985481534
3130,13422.66198548156
3131,13432.531589882617
3132,13432.531589882625
3133,13438.884817116677
3134,13439.859126956911
3135,13442.484347873731
3136,13442.736616313588
3137,13450.354759030901
3138,13451.682522742185
3139,13480.66579991081
3140,13480.757990703734
3141,13483.20731236668
3142,13483.254459081791
3143,13491.409231411304
3144,13499.002833822053
3145,13511.488425091267
3146,13511.488425091331
3147,13515.236241583942
3148,13517.459170725779
3149,13519.825863665556
3150,13520.374469281995
3151,13521.163438377676
3152,13521.358029492347
3153,13521.358029492394
3154,13521.358029492396
3155,13521.358029492427
3156,13531.970522693491
3157,13536.436806559601
3158,13539.261123443086
3159,13542.443338621457
3160,13542.456535612715
3161,13550.966842695692
3162,13550.966842695696
3163,13555.140563892443
3164,13576.36156337319
3165,13577.3856874799
3166,13579.620604889977
3167,13590.445260300037
3168,13590.445260300046
3169,13594.844863675306
3170,13596.602001781115
3171,13600.314864701102
3172,13600.314864701126
3173,13600.314864701139
3174,13600.314864701155
3175,13605.269897039665
3176,13608.077031826557
3177,13611.140802155784
3178,13616.287099709212
3179,13619.966457203393
3180,13619.973031147303
3181,13620.593037505316
3182,13629.923677904386
3183,13629.923677904424
3184,13634.662101196982
3185,13639.833866872486
3186,13640.249096790454
3187,13648.557035334248
3188,13652.583384758225
3189,13652.866295545648
3190,13659.532491107657
3191,13659.532491107673
3192,13663.743656809911
3193,13669.402095508727
3194,13669.402095508758
3195,13669.402095508785
3196,13669.402095508811
3197,13687.817147815
3198,13688.382088165377
3199,13692.906598183281
3200,13695.63282233863
3201,13695.652179996405
3202,13695.799628900184
3203,13713.176354650597
3204,13715.843414360752
3205,13721.365500660801
3206,13724.898228826947
3207,13739.281828726949
3208,13745.251676428701
3209,13758.228535118522
3210,13758.228535118567
3211,13758.228535118582
3212,13758.22853511864
3213,13763.059678995895
3214,13763.702733705446
3215,13772.697208288831
3216,13774.017170073526
3217,13774.749486980285
3218,13775.166147174297
3219,13777.967743920741
3220,13777.967743920753
3221,13788.87482473308
3222,13790.46274685278
3223,13816.276725566058
3224,13817.941025764376
3225,13818.212878854936
3226,13825.154969928317
3227,13836.460453461323
3228,13836.79969134257
3229,13837.185370327263
3230,13837.185370327277
3231,13857.718046122889
3232,13857.885305802973
3233,13866.794183530496
3234,13866.794183530541
3235,13866.794183530552
3236,13866.794183530645
3237,13872.162496177134
3238,13874.591150123029
3239,13886.779989774515
3240,13888.798317917162
3241,13889.090997690653
3242,13892.948480426185
3243,13904.520113406898
3244,13906.272601134895
3245,13906.272601134904
3246,13906.971845552347
3247,13915.846782867991
3248,13915.890333631507
3249,13924.092671861046
3250,13926.026613863876
3251,13934.082233292327
3252,13934.548434165148
3253,13935.881414338182
3254,13935.881414338193
3255,13945.751018739233
3256,13945.751018739256
3257,13957.775402063522
3258,13957.839016238691
3259,13961.01738047646
3260,13964.162446959097
3261,13968.377076550743
3262,13968.453759545841
3263,13972.50189914851
3264,13972.848523261295
3265,13985.22943634357
3266,13985.229436343605
3267,13985.229436343634
3268,13985.229436343663
3269,13987.707017382554
3270,13991.524855903113
3271,13995.099040744692
3272,13995.099040744713
3273,14024.707853947961
3274,14024.707853947984
3275,14032.070554377737
3276,14032.276538085825
3277,14040.498199765703
3278,14050.578161490002
3279,14051.500652860124
3280,14053.597167944174
3281,14054.316667151243
3282,14054.316667151268
3283,14064.152463519531
3284,14065.708008316236
3285,14069.040660496788
3286,14069.062251156021
3287,14074.675335732612
3288,14093.536927652807
3289,14095.620595713126
3290,14101.576525215329
3291,14103.664689156689
3292,14103.664689156691
3293,14109.792878450009
3294,14110.235291187979
3295,14120.589873822408
3296,14126.212365429596
3297,14126.312119201513
3298,14128.228006523635
3299,14139.830629898017
3300,14143.143106761037
3301,14143.14310676105
3302,14145.815674001386
3303,14146.06563392558
3304,14151.832806569095
3305,14156.340305597658
3306,14172.221004221781
3307,14173.151933716332
3308,14187.628934324212
3309,14212.095750514281
3310,14212.230337568675
3311,14212.230337568684
3312,14212.242837630518
3313,14217.123087686175
3314,14217.53312686394
3315,14235.521800208264
3316,14235.986419259498
3317,14237.830587166216
3318,14248.272900982125
3319,14254.546778401344
3320,14258.351861768577
3321,14259.736422946027
3322,14260.300908268067
3323,14261.578359574067
3324,14261.578359574103
3325,14261.57835957412
3326,14261.578359574127
3327,14261.578359574134
3328,14261.578359574192
3329,14272.920581805563
3330,14273.218500899338
3331,14279.102762898305
3332,14279.207724295366
3333,14282.890054112067
3334,14284.029479033137
3335,14288.909729392013
3336,14291.187172777338
3337,14291.187172777391
3338,14294.42915666119
3339,14306.522463420724
3340,14306.892876508435
3341,14310.926381579531
3342,14310.926381579538
3343,14310.926381579551
3344,14310.926381579564
3345,14310.926381579569
3346,14310.92638157958
3347,14317.924623938648
3348,14320.719706628941
3349,14338.838894859873
3350,14340.535194782839
3351,14340.535194782851
3352,14342.074172738117
3353,14343.249930883556
3354,14345.989742781025
3355,14351.331897217786
3356,14351.61001618921
3357,14369.139478280906
3358,14371.556466600314
3359,14386.114218670669
3360,14386.320900153336
3361,14389.070916969315
3362,14389.178871330847
3363,14389.883216788267
3364,14405.653406973004
3365,14409.622425590447
3366,14409.622425590456
3367,14409.622425590496
3368,14409.622425590544
3369,14415.017557786401
3370,14415.936825632776
3371,14416.217209458671
3372,14436.965675894202
3373,14437.172405939016
3374,14455.17303826629
3375,14456.634415876775
3376,14458.970447595899
3377,14458.970447595908
3378,14458.970447595937
3379,14458.970447595964
3380,14464.06829038025
3381,14465.770902745313
3382,14468.840051996993
3383,14468.840051997018
3384,14484.105701097718
3385,14486.406785042165
3386,14498.448865200218
3387,14498.44886520026
3388,14498.448865200275
3389,14498.448865200284
3390,14501.940500073388
3391,14502.020508821732
3392,14507.771470637515
3393,14510.308627897557
3394,14542.665848960298
3395,14542.685954253184
3396,14558.05382084204
3397,14560.773468200021
3398,14567.536096007872
3399,14567.536096007874
3400,14570.474164344534
3401,14574.193974211757
3402,14575.204551431201
3403,14580.495440079396
3404,14581.937608949029
3405,14584.76078698984
3406,14606.505111102608
3407,14607.014513612243
3408,14607.014513612252
3409,14607.014513612259
3410,14607.014513612266
3411,14607.566051211266
3412,14607.844838016757
3413,14616.884118013304
3414,14616.884118013346
3415,14617.620641912492
3416,14618.021514887032
3417,14630.212605652066
3418,14633.462133923076
3419,14638.759350120779
3420,14638.7837149036
3421,14640.088110612005
3422,14652.778239130263
3423,14653.725117093898
3424,14665.21320041559
3425,14666.189540420408
3426,14669.919124950733
3427,14670.980219843344
3428,14673.059174223617
3429,14676.456775021745
3430,14681.977541356819
3431,14692.955785324202
3432,14693.143302943285
3433,14695.840953222038
3434,14695.840953222047
3435,14705.710557623128
3436,14705.710557623141
3437,14705.710557623148
3438,14705.710557623157
3439,14715.203190897215
3440,14717.773906070826
3441,14717.799326304466
3442,14725.449766425314
3443,14725.449766425318
3444,14735.319370826413
3445,14735.319370826419
3446,14748.027867676805
3447,14751.980110117574
3448,14762.759991054245
3449,14767.308733416336
3450,14775.413075376162
3451,14777.403843487495
3452,14780.201414115794
3453,14780.363786397469
3454,14780.623511363578
3455,14784.109219223415
3456,14787.025099293687
3457,14790.553743457363
3458,14799.639785079846
3459,14800.293341804807
3460,14804.760406895773
3461,14807.303893951344
3462,14820.773730999092
3463,14821.729841116363
3464,14830.938563210071
3465,14832.367530604539
3466,14868.16970154063
3467,14870.34338524391
3468,14872.831689992061
3469,14872.945894167158
3470,14874.162198291884
3471,14875.19000585108
3472,14876.150959947767
3473,14883.363436842727
3474,14883.363436842734
3475,14883.363436842745
3476,14883.363436842757
3477,14884.926378962207
3478,14898.041983848265
3479,14899.592903549095
3480,14932.711458848193
3481,14932.711458848198
3482,14932.71145884822
3483,14932.711458848225
3484,14937.27988926262
3485,14942.581063249281
3486,14942.581063249288
3487,14945.560924472005
3488,14951.207465760584
3489,14951.301395469534
3490,14956.719453745087
3491,14956.76981994921
3492,14966.899937952225
3493,14967.542402122745
3494,14972.189876452541
3495,14972.18987645255
3496,14972.189876452567
3497,14972.189876452567
3498,14986.24709581233
3499,14987.964282819299
3500,15011.668294056919
3501,15011.668294056921
3502,15014.672848518901
3503,15015.659452738642
3504,15018.641383468839
3505,15019.126141149656
3506,15021.537898458
3507,15021.537898458007
3508,15022.462038542601
3509,15027.366032533811
3510,15031.104420112808
3511,15031.682724988437
3512,15039.899645357296
3513,15040.595817701551
3514,15051.146711661244
3515,15051.146711661258
3516,15051.146711661264
3517,15051.146711661277
3518,15051.14671166128
3519,15051.146711661286
3520,15061.021829447118
3521,15062.954333754702
3522,15078.808899515314
3523,15079.09050606619
3524,15099.245925225237
3525,15099.912360727558
3526,15100.49473366673
3527,15100.494733666732
3528,15100.494733666743
3529,15100.494733666745
3530,15105.447612635311
3531,15106.050771318787
3532,15107.860020381275
3533,15109.164763340852
3534,15113.820894893717
3535,15118.076880298153
3536,15120.076244215519
3537,15126.171251312871
3538,15143.198299830956
3539,15145.715120051258
3540,15147.202523537606
3541,15152.893754132167
3542,15153.673297641222
3543,15158.183140923345
3544,15159.555219810809
3545,15167.121534863891
3546,15167.204710944121
3547,15169.581964474335
3548,15169.581964474341
3549,15169.581964474344
3550,15169.58196447435
3551,15179.451568875433
3552,15179.451568875435
3553,15181.176866449983
3554,15206.984764699602
3555,15207.665421062013
3556,15211.020233046749
3557,15215.21411266301
3558,15216.682653816002
3559,15238.669195281962
3560,15238.669195281978
3561,15254.100757492855
3562,15257.926050699183
3563,15258.256604094118
3564,15258.408404084144
3565,15258.408404084164
3566,15270.976910295962
3567,15271.256998508174
3568,15283.787674509187
3569,15285.094284604625
3570,15288.017217287414
3571,15288.017217287415
3572,15290.796601114418
3573,15296.305229992531
3574,15298.124182230544
3575,15300.894003090598
3576,15312.675862367381
3577,15317.62603049069
3578,15317.626030490701
3579,15319.181608304176
3580,15321.232671907639
3581,15321.395759978823
3582,15322.48706119911
3583,15327.495634891779
3584,15327.495634891815
3585,15328.318725937799
3586,15328.694477687939
3587,15328.716744452877
3588,15354.637895602884
3589,15354.851973476101
3590,15357.104448095042
3591,15357.104448095071
3592,15364.50182098466
3593,15365.455836502682
3594,15366.974052496149
3595,15366.974052496185
3596,15376.326798756687
3597,15377.240835432311
3598,15408.121711952524
3599,15408.296549939379
3600,15412.285918149151
3601,15413.545638902984
3602,15416.541575843561
3603,15420.483123249012
3604,15429.740778659532
3605,15430.88122716456
3606,15436.900423689041
3607,15437.117871599177
3608,15445.930887704812
3609,15445.930887704837
3610,15445.930887704864
3611,15445.930887704899
3612,15449.072575183298
3613,15449.257514019271
3614,15470.954311840223
3615,15471.250344108965
3616,15475.539700908113
3617,15478.582412496147
3618,15483.644989522089
3619,15486.808643669177
3620,15488.03256123933
3621,15488.460325183656
3622,15491.553754142538
3623,15495.278909710281
3624,15495.278909710301
3625,15495.278909710316
3626,15495.278909710327
3627,15518.397586881803
3628,15518.695586979864
3629,15524.887722913549
3630,15524.887722913569
3631,15549.086644203937
3632,15549.114947693379
3633,15552.318434401868
3634,15552.90185920156
3635,15554.198535728839
3636,15554.226920215522
3637,15554.496536116829
3638,15554.496536116829
3639,15558.975759251398
3640,15565.144346822812
3641,15576.10011477807
3642,15581.041829284275
3643,15600.427933201381
3644,15601.665220357832
3645,15624.501963376277
3646,15624.686683771673
3647,15639.390680368606
3648,15640.030306731536
3649,15642.494223379512
3650,15642.85570077493
3651,15643.322975726624
3652,15643.322975726642
3653,15643.32297572666
3654,15643.322975726669
3655,15650.090562214968
3656,15650.178283108819
3657,15653.192580127699
3658,15653.192580127712
3659,15653.19258012773
3660,15653.192580127734
3661,15664.810265458265
3662,15672.931788929889
3663,15672.931788929893
3664,15676.279086007462
3665,15677.367119005916
3666,15678.955715181384
3667,15688.559555471051
3668,15695.698351249619
3669,15701.150339969468
3670,15719.488324645887
3671,15720.519252563414
3672,15725.433455179351
3673,15732.149415336433
3674,15732.149415336438
3675,15747.83834203428
3676,15749.578371289843
3677,15751.776101777305
3678,15753.067372994543
3679,15761.758228539706
3680,15761.758228539729
3681,15762.544479924702
3682,15767.444661106014
3683,15770.167275089751
3684,15791.367041742966
3685,15791.367041742973
3686,15794.80542747344
3687,15795.416024393875
3688,15798.360866338795
3689,15801.236646144032
3690,15801.236646144069
3691,15801.967901745989
3692,15808.568240124991
3693,15811.106250545101
3694,15811.106250545152
3695,15819.184219506385
3696,15820.427955525318
3697,15823.769116914042
3698,15824.059966613035
3699,15830.845459347325
3700,15830.845459347382
3701,15833.807925476916
3702,15834.5526220548
3703,15842.052375535193
3704,15842.162611461463
3705,15848.361769427662
3706,15850.740692574469
3707,15852.67979753701
3708,15856.98958191889
3709,15864.807756194885
3710,15866.433361379632
3711,15875.187576571367
3712,15877.140447533475
3713,15877.162486778047
3714,15880.193481352782
3715,15880.193481352799
3716,15881.295797568293
3717,15889.492798756286
3718,15893.289958723171
3719,15912.334539659159
3720,15915.205912964198
3721,15917.265789228091
3722,15918.87550629522
3723,15919.67189895712
3724,15919.671898957133
3725,15923.303367779419
3726,15923.740864426845
3727,15949.280712160398
3728,15949.280712160406
3729,15963.547050426332
3730,15965.652573118747
3731,15969.01992096259
3732,15969.01992096259
3733,15976.043855938387
3734,15978.130882713489
3735,15988.759129764776
3736,15988.759129764781
3737,15989.636403663781
3738,15992.071759852488
3739,15998.628734165819
3740,15998.628734165855
3741,16000.054744722693
3742,16000.132452213687
3743,16006.492358163727
3744,16008.693770219868
3745,16022.090852797613
3746,16023.369662728757
3747,16029.127512083694
3748,16029.362750727805
3749,16036.04964296439
3750,16038.10715177018
3751,16038.107151770197
3752,16038.107151770215
3753,16038.10715177022
3754,16038.107151770231
3755,16038.107151770231
3756,16038.10715177024
3757,16038.107151770257
3758,16043.384226381759
3759,16056.919717610268
3760,16058.714348152445
3761,16077.585569374549
3762,16077.585569374573
3763,16094.286877625746
3764,16095.679022382141
3765,16096.947571695369
3766,16097.008680146333
3767,16107.059128445801
3768,16108.150945722273
3769,16109.892476535118
3770,16115.933148841947
3771,16124.121574648436
3772,16125.571482220214
3773,16146.672800182187
3774,16146.672800182199
3775,16156.542404583277
3776,16156.542404583281
3777,16173.080852978792
3778,16173.482240432391
3779,16185.598107970833
3780,16185.62122961432
3781,16186.151217786533
3782,16186.151217786533
3783,16186.151217786555
3784,16186.151217786564
3785,16197.758397225212
3786,16197.981553571133
3787,16198.233818624698
3788,16199.336873809281
3789,16205.192858755236
3790,16205.890426588709
3791,16205.890426588716
3792,16207.922589995993
3793,16220.87004580434
3794,16220.951545511722
3795,16225.437035254974
3796,16229.989738278586
3797,16230.062394783294
3798,16234.82135455199
3799,16236.520515120837
3800,16241.121251461833
3801,16260.455490324943
3802,16269.709114623758
3803,16270.153756965459
3804,16274.977657396345
3805,16274.977657396355
3806,16274.977657396361
3807,16274.977657396372
3808,16276.065881193759
3809,16276.176773305413
3810,16282.874791860861
3811,16300.455203915195
3812,16305.094826959785
3813,16309.065155851329
3814,16311.226191758427
3815,16323.967877554713
3816,16330.979446142428
3817,16331.010430449533
3818,16339.88323961553
3819,16342.876998949772
3820,16352.817195030922
3821,16353.412068059828
3822,16353.934492605063
3823,16353.934492605076
3824,16357.657475252376
3825,16358.110764431924
3826,16363.804097006141
3827,16363.804097006177
3828,16367.838494074924
3829,16381.855544700835
3830,16382.771607574869
3831,16393.455319986504
3832,16393.877219574875
3833,16400.060386682639
3834,16408.28156613035
3835,16414.954704998057
3836,16416.386548306789
3837,16421.434987428944
3838,16422.837360959056
3839,16423.021723412665
3840,16423.021723412698
3841,16431.301066562944
3842,16431.545976614965
3843,16432.891327813737
3844,16432.891327813784
3845,16432.891327813792
3846,16432.891327813792
3847,16436.272277595937
3848,16442.76093221486
3849,16442.760932214882
3850,16445.177953819399
3851,16472.369745418135
3852,16472.369745418138
3853,16476.978101148587
3854,16481.954653996345
3855,16500.102515702456
3856,16501.218733935126
3857,16512.68234851538
3858,16518.654196586482
3859,16522.654610812271
3860,16523.791446864714
3861,16532.079996828401
3862,16533.258142227867
3863,16535.202583893053
3864,16537.953000450882
3865,16539.821663617287
3866,16540.152875726519
3867,16557.866593261682
3868,16558.76942373611
3869,16569.748915265518
3870,16570.515444839228
3871,16590.804998231226
3872,16590.80499823123
3873,16597.262535865699
3874,16598.176292019438
3875,16598.98726026799
3876,16600.674602632298
3877,16600.674602632302
3878,16600.674602632316
3879,16603.927224629089
3880,16605.529303378979
3881,16608.897629344334
3882,16618.740072332621
3883,16619.755870148067
3884,16620.413811434479
3885,16620.413811434504
3886,16627.615106491634
3887,16628.611913682907
3888,16630.283415835565
3889,16630.283415835573
3890,16630.283415835591
3891,16630.283415835594
3892,16646.04720810787
3893,16646.693360183435
3894,16652.419519533327
3895,16655.090377702709
3896,16670.923592289644
3897,16671.10655989722
3898,16676.461096970801
3899,16679.631437840988
3900,16679.631437840999
3901,16679.63143784101
3902,16679.631437841032
3903,16679.631437841035
3904,16679.631437841042
3905,16683.393207299207
3906,16694.455921785589
3907,16697.051403474165
3908,16709.24025104427
3909,16709.240251044295
3910,16715.864529013266
3911,16716.245444316974
3912,16720.575088569523
3913,16721.443680795957
3914,16734.796214055088
3915,16736.107698090829
3916,16738.849064247512
3917,16738.849064247541
3918,16748.718668648642
3919,16748.718668648664
3920,16763.814137586509
3921,16765.900029560118
3922,16778.089187382171
3923,16778.199235319913
3924,16778.32748185188
3925,16778.327481851895
3926,16778.327481851906
3927,16778.327481851924
3928,16778.327481851928
3929,16778.327481851935
3930,16785.510611788108
3931,16786.500046430552
3932,16793.994812121906
3933,16795.175745160839
3934,16796.792645809583
3935,16808.639053815528
3936,16813.676971286957
3937,16813.849411783165
3938,16824.857359822425
3939,16827.154802918671
3940,16831.297741708444
3941,16837.54510825847
3942,16837.545108258477
3943,16851.698943205931
3944,16864.793855038526
3945,16864.799607233184
3946,16865.766063251751
3947,16867.153921461711
3948,16867.153921461715
3949,16870.351605073069
3950,16888.871846926013
3951,16889.275758734584
3952,16891.664361428848
3953,16893.459347113105
3954,16897.04083475142
3955,16898.12569579664
3956,16901.6397080346
3957,16916.501943467159
3958,16916.50194346717
3959,16928.215988710024
3960,16934.424209671095
3961,16938.688437105429
3962,16946.110756670401
3963,16946.110756670423
3964,16946.110756670445
3965,16946.110756670452
3966,16946.893426284278
3967,16946.955275732602
3968,16967.386206499286
3969,16976.861055354955
3970,16980.119388642583
3971,16980.768228304969
3972,16985.589174274774
3973,16985.589174274774
3974,16989.053730617201
3975,16991.522908134291
3976,17007.222212059143
3977,17007.251202617357
3978,17008.437748147655
3979,17016.695474708067
3980,17018.67760000793
3981,17019.143991029465
3982,17036.829340453536
3983,17037.044143767831
3984,17039.808841392227
3985,17039.900520536063
3986,17048.605434162841
3987,17054.018550029868
3988,17062.928309369006
3989,17066.205951639531
3990,17074.415613884576
3991,17074.41561388459
3992,17074.415613884597
3993,17074.415613884601
3994,17082.230539351534
3995,17083.593945768145
3996,17084.323171730583
3997,17084.942991197822
3998,17093.076760973174
3999,17093.574644909593
4000,17094.154822686767
4001,17094.154822686785
4002,17104.024427087847
4003,17104.024427087865
4004,17107.258467820742
4005,17107.294083729415
4006,17109.824525322161
4007,17112.692777755226
4008,17115.478273602512
4009,17118.893890964406
4010,17137.104909638692
4011,17137.710225278723
4012,17143.502844692208
4013,17143.502844692219
4014,17153.978083871152
4015,17154.785057851015
4016,17165.446077872803
4017,17166.384131162547
4018,17170.987700807633
4019,17179.784105251798
4020,17182.981262296558
4021,17182.981262296569
4022,17186.343863325979
4023,17186.598580930786
4024,17212.590075499837
4025,17212.590075499851
4026,17213.67665950218
4027,17214.246870525389
4028,17222.459679900916
4029,17222.459679900923
4030,17222.45967990093
4031,17222.459679900938
4032,17232.32928430201
4033,17232.329284302035
4034,17239.33266031741
4035,17239.52664002138
4036,17246.892600019386
4037,17255.7144751331
4038,17268.045128735543
4039,17268.507385502122
4040,17278.095470484139
4041,17278.302197762696
4042,17296.953012618222
4043,17298.781104320027
4044,17301.416515109639
4045,17301.416515109668
4046,17302.971738945878
4047,17303.038747114679
4048,17311.286119510714
4049,17311.286119510729
4050,17332.677023526812
4051,17334.812094465789
4052,17335.565852505071
4053,17337.701068404134
4054,17349.681713009253
4055,17350.685287638767
4056,17356.675540177115
4057,17360.741455522773
4058,17377.168465130515
4059,17387.599312430852
4060,17390.242954719444
4061,17390.242954719452
4062,17391.319664518916
4063,17392.488332035362
4064,17392.521519708127
4065,17397.15669260408
4066,17411.216070415718
4067,17416.867611086825
4068,17417.019231478946
4069,17419.851767922682
4070,17419.851767922712
4071,17419.851767922723
4072,17419.851767922723
4073,17428.914225891294
4074,17435.42406909445
4075,17436.487769558582
4076,17436.622017697911
4077,17443.317490950652
4078,17447.732867112045
4079,17449.460581125964
4080,17449.460581125979
4081,17449.46058112599
4082,17449.460581125997
4083,17449.525842736071
4084,17459.330185527051
4085,17459.330185527066
4086,17459.330185527073
4087,17459.330185527087
4088,17459.383822258202
4089,17459.535532092617
4090,17473.966303085199
4091,17477.647370100214
4092,17478.405129253912
4093,17487.612920397423
4094,17487.924433686985
4095,17492.935985764921
4096,17496.905384685448
4097,17498.808603131416
4098,17498.808603131441
4099,17501.856180584018
4100,17506.154937040039
4101,17523.239120356953
4102,17538.287020735777
4103,17538.287020735781
4104,17538.809665592573
4105,17539.56434357668
4106,17541.931642180545
4107,17550.141199528651
4108,17561.215332008433
4109,17562.992704463963
4110,17567.895833939034
4111,17567.895833939052
4112,17567.895833939063
4113,17567.895833939085
4114,17570.808780798325
4115,17572.863983003674
4116,17577.765438340135
4117,17577.765438340153
4118,17577.765438340157
4119,17577.765438340157
4120,17590.819125081067
4121,17592.010425747139
4122,17595.198544013321
4123,17601.594611342069
4124,17607.096290363115
4125,17607.259883305785
4126,17626.191243027599
4127,17626.406008965121
4128,17634.282846261325
4129,17638.276286210428
4130,17638.595785871228
4131,17638.633194034668
4132,17643.768141765264
4133,17644.523835217438
4134,17649.272355582478
4135,17656.380123838895
4136,17656.722273548847
4137,17656.722273548872
4138,17675.156931885129
4139,17676.30577780744
4140,17687.499535367253
4141,17689.078308845936
4142,17691.552217172342
4143,17695.694472440606
4144,17706.227862499269
4145,17707.338775100467
4146,17714.700558103617
4147,17715.671992617343
4148,17725.809504356483
4149,17725.809504356515
4150,17752.366442933613
4151,17759.552085545169
4152,17765.287921960826
4153,17765.28792196084
4154,17765.287921960851
4155,17775.15752636192
4156,17775.157526361942
4157,17783.066194209459
4158,17785.02713076301
4159,17785.027130763014
4160,17785.027130763017
4161,17785.027130763032
4162,17786.056080583938
4163,17789.854263788875
4164,17790.650573698178
4165,17814.635943966277
4166,17814.635943966299
4167,17820.919284482155
4168,17821.784412529341
4169,17823.602905386389
4170,17825.686067242677
4171,17825.926215765914
4172,17827.324512530769
4173,17835.220261946986
4174,17836.499399250148
4175,17839.923458099445
4176,17840.931331157961
4177,17844.244757169559
4178,17844.244757169563
4179,17844.416023061389
4180,17844.750919894192
4181,17863.983965971725
4182,17863.983965971733
4183,17863.983965971747
4184,17863.983965971755
4185,17866.372526428393
4186,17866.382881266596
4187,17869.96262451887
4188,17871.956190364981
4189,17893.592779175004
4190,17893.592779175004
4191,17908.854005742389
4192,17909.166946729234
4193,17914.749441509019
4194,17914.824665717046
4195,17916.190688299226
4196,17917.169422271807
4197,17921.94525299759
4198,17924.905326997392
4199,17934.959118466417
4200,17939.361551966984
4201,17942.940801180455
4202,17942.940801180463
4203,17958.125860062421
4204,17958.436466244952
4205,17967.62501280892
4206,17979.673295869612
4207,17982.562686532667
4208,17982.958886968609
4209,17999.210161826722
4210,17999.27274241273
4211,18001.265362938684
4212,18008.45969759121
4213,18009.270200947238
4214,18012.028031988062
4215,18012.028031988069
4216,18012.02803198808
4217,18012.028031988091
4218,18012.028031988095
4219,18012.028031988106
4220,18014.517970075303
4221,18018.419077914587
4222,18032.244130952502
4223,18038.961117128099
4224,18039.099677697981
4225,18041.636845191348
4226,18041.636845191359
4227,18063.283624498657
4228,18066.941314044168
4229,18066.975382182412
4230,18069.374209069774
4231,18073.78025795073
4232,18081.115262795705
4233,18081.115262795716
4234,18091.438460157849
4235,18094.135145712851
4236,18112.135989425813
4237,18118.082990549265
4238,18118.199142954203
4239,18124.193064157185
4240,18126.1654613807
4241,18136.356446775822
4242,18137.866680035953
4243,18155.688666288832
4244,18166.553267829808
4245,18172.218119737998
4246,18175.847896155738
4247,18180.979533694037
4248,18181.177703598616
4249,18185.206595333682
4250,18193.239440654881
4251,18195.914608814575
4252,18197.250469555445
4253,18199.550515608775
4254,18199.550515608789
4255,18201.859689586883
4256,18202.260537548977
4257,18209.420120009854
4258,18209.420120009858
4259,18209.420120009865
4260,18209.420120009876
4261,18218.069417898751
4262,18220.172447946414
4263,18231.82175582218
4264,18233.738187987583
4265,18248.769402583905
4266,18251.974475688276
4267,18255.912237323188
4268,18256.048357146843
4269,18258.768142015273
4270,18258.768142015299
4271,18258.768142015317
4272,18258.768142015328
4273,18258.768142015328
4274,18258.768142015339
4275,18261.126342394662
4276,18261.576915228768
4277,18272.90296583925
4278,18273.151591936938
4279,18283.12903305599
4280,18286.910139632786
4281,18288.376955218551
4282,18288.376955218588
4283,18288.376955218588
4284,18288.376955218591
4285,18290.023963722695
4286,18290.142206816508
4287,18312.962374078408
4288,18315.218070642808
4289,18317.98576842184
4290,18317.985768421859
4291,18327.728147200509
4292,18327.757263461517
4293,18337.724977224025
4294,18337.724977224032
4295,18343.345867429984
4296,18348.313477632215
4297,18359.583589678503
4298,18359.753075096512
4299,18366.519169736497
4300,18367.333790427296
4301,18367.333790427299
4302,18368.711512339327
4303,18374.677969411863
4304,18375.050658532411
4305,18389.77932936354
4306,18390.077928723833
4307,18396.942603630556
4308,18396.942603630559
4309,18400.095803212538
4310,18401.92509746346
4311,18406.812208031646
4312,18406.812208031653
4313,18406.812208031661
4314,18406.812208031672
4315,18413.607610416897
4316,18415.834351696882
4317,18425.957405308589
4318,18431.530465279819
4319,18435.315801446974
4320,18435.460563007578
4321,18442.56004413544
4322,18444.2868927364
4323,18469.547582526957
4324,18470.092809741749
4325,18475.899438839264
4326,18475.899438839271
4327,18482.513709290386
4328,18482.873749697992
4329,18485.769043240369
4330,18485.769043240383
4331,18495.638647641455
4332,18495.638647641466
4333,18503.676808774115
4334,18504.132632314722
4335,18508.89498051555
4336,18508.985302591918
4337,18518.556884152691
4338,18519.59825400529
4339,18525.247460844734
4340,18525.247460844737
4341,18550.980755829172
4342,18552.822193681601
4343,18567.994196577598
4344,18574.595482850164
4345,18574.595482850178
4346,18578.522113084549
4347,18581.364104086708
4348,18581.970438369684
4349,18597.511416947265
4350,18598.176063241299
4351,18602.315146305587
4352,18604.204296053413
4353,18604.204296053416
4354,18604.204296053424
4355,18604.204296053427
4356,18604.204296053438
4357,18604.204296053449
4358,18604.204296053464
4359,18604.204296053464
4360,18608.213903441385
4361,18610.889771927883
4362,18617.453596463725
4363,18618.798238012387
4364,18631.876619352712
4365,18631.89587843472
4366,18632.222080995238
4367,18643.682713657796
4368,18643.682713657818
4369,18651.89724020131
4370,18653.255000468878
4371,18663.298404613979
4372,18666.31139595139
4373,18668.138279123017
4374,18679.486856864187
4375,18681.016105841329
4376,18686.106839337383
4377,18686.112795229998
4378,18712.159374434759
4379,18714.559534841697
4380,18714.660368609333
4381,18718.651459090204
4382,18722.112603625432
4383,18725.994920122343
4384,18726.057818476882
4385,18729.006157498705
4386,18729.024120913884
4387,18732.509153267587
4388,18732.509153267605
4389,18732.50915326762
4390,18732.50915326766
4391,18759.033083316797
4392,18762.117966470836
4393,18762.117966470883
4394,18762.50817084606
4395,18762.642884860779
4396,18770.114524061828
4397,18770.467565652114
4398,18771.130851680027
4399,18787.614174310998
4400,18791.247278927094
4401,18791.348472113725
4402,18795.735319209045
4403,18805.735746345807
4404,18807.895173246139
4405,18811.465988476302
4406,18811.46598847632
4407,18813.682639382117
4408,18815.162716387349
4409,18822.510412403793
4410,18826.212385997773
4411,18831.205197278498
4412,18831.205197278505
4413,18833.965560400859
4414,18836.340553152546
4415,18838.077950982064
4416,18838.569056616878
4417,18848.829977975631
4418,18849.498335595952
4419,18880.553219283946
4420,18880.553219283953
4421,18885.52824254298
4422,18887.923732467691
4423,18900.883540227664
4424,18901.398143656676
4425,18915.481459621715
4426,18915.781651937246
4427,18933.023017069714
4428,18935.811549023842
4429,18945.328109489023
4430,18947.040830284259
4431,18954.583369596934
4432,18959.510054492614
4433,18959.51005449265
4434,18959.510054492654
4435,18959.510054492668
4436,18960.465917373764
4437,18964.748781713122
4438,18965.128456417035
4439,18969.379658893726
4440,18970.803201824448
4441,18970.807779081188
4442,18986.09784550867
4443,18986.217837885848
4444,18989.118867695906
4445,18989.118867695914
4446,18989.118867695932
4447,18989.118867695939
4448,18993.392255897983
4449,18993.415198729017
4450,19019.84923964311
4451,19022.164304139013
4452,19028.550210364047
4453,19028.597285300279
4454,19028.597285300282
4455,19031.600529587915
4456,19031.623103897942
4457,19033.228240199795
4458,19047.661394607534
4459,19048.336494102445
4460,19048.336494102452
4461,19048.33649410247
4462,19048.336494102496
4463,19048.759939842545
4464,19077.945307305705
4465,19077.945307305741
4466,19096.485474405479
4467,19097.105408179574
4468,19112.625625067147
4469,19113.002677588553
4470,19113.699955310418
4471,19117.42372491007
4472,19117.423724910073
4473,19117.423724910095
4474,19117.423724910117
4475,19119.381662137959
4476,19124.795881422651
4477,19125.005505946909
4478,19139.676383301488
4479,19140.2243304535
4480,19147.032538113308
4481,19147.032538113337
4482,19147.032538113352
4483,19147.032538113366
4484,19156.781942342132
4485,19157.635011235212
4486,19162.968099988349
4487,19162.973443645016
4488,19169.565133167893
4489,19169.791733786082
4490,19178.02296974714
4491,19179.383286574764
4492,19182.221696973269
4493,19183.498719854164
4494,19183.572461334832
4495,19190.05992318461
4496,19196.380560118789
4497,19196.380560118792
4498,19196.380560118796
4499,19196.380560118818
4500,19211.116339983488
4501,19211.778724753309
4502,19211.791193507106
4503,19218.610817164674
4504,19219.041333134526
4505,19235.858977723161
4506,19235.858977723165
4507,19236.22597670259
4508,19238.518691560923
4509,19239.102837223429
4510,19246.500418611282
4511,19250.22513778678
4512,19262.357327116773
4513,19263.449109715268
4514,19265.467790926425
4515,19265.467790926454
4516,19273.440917222328
4517,19283.985213091448
4518,19285.206999728616
4519,19285.206999728616
4520,19286.813318791115
4521,19290.489268845147
4522,19294.779228305149
4523,19321.710451271552
4524,19321.855425084494
4525,19322.02135918822
4526,19325.593828124642
4527,19327.165302353995
4528,19344.424626135144
4529,19344.424626135169
4530,19345.073534874642
4531,19346.098161797476
4532,19352.445043619944
4533,19354.294230536194
4534,19354.294230536223
4535,19354.294230536241
4536,19354.294230536278
4537,19354.294391336894
4538,19364.163834937324
4539,19364.163834937324
4540,19369.659017026246
4541,19383.658205943877
4542,19388.086225955281
4543,19388.733722701429
4544,19399.140051228176
4545,19401.856132407378
4546,19401.93337435522
4547,19406.677377752774
4548,19411.232555158247
4549,19413.028753060626
4550,19433.959230052104
4551,19443.120670146018
4552,19443.120670146036
4553,19443.12067014604
4554,19443.120670146043
4555,19444.082150368624
4556,19451.547454450498
4557,19452.361634783581
4558,19453.169461836907
4559,19455.579071065895
4560,19462.859878948173
4561,19462.859878948188
4562,19462.859878948209
4563,19462.859878948246
4564,19469.817872648277
4565,19469.976133118809
4566,19472.729483349296
4567,19472.729483349325
4568,19487.078151406855
4569,19489.326360579878
4570,19498.226987934584
4571,19499.958984525929
4572,19530.934860364297
4573,19534.006442377864
4574,19535.578283022198
4575,19538.542836507888
4576,19550.187526875041
4577,19550.700227558798
4578,19554.154550907242
4579,19554.188919655717
4580,19554.25261309234
4581,19554.74318602667
4582,19566.297703058211
4583,19567.240033742306
4584,19568.50947791939
4585,19571.685968270696
4586,19583.384399288567
4587,19583.586673110112
4588,19585.868548004844
4589,19588.782969585656
4590,19591.164736162344
4591,19591.164736162373
4592,19591.16473616238
4593,19591.164736162413
4594,19618.340964023377
4595,19620.174517272921
4596,19630.290542211322
4597,19630.320347451052
4598,19630.643153766679
4599,19630.643153766723
4600,19630.643153766741
4601,19630.643153766749
4602,19637.586190940623
4603,19642.545780777033
4604,19645.146944497468
4605,19648.109027398579
4606,19670.121571371099
4607,19670.121571371124
4608,19679.991175772182
4609,19679.991175772182
4610,19680.579753791484
4611,19680.877467242844
4612,19697.18983219453
4613,19699.005590314006
4614,19703.274024300808
4615,19703.829990880284
4616,19709.599988975442
4617,19709.599988975457
4618,19721.191235649407
4619,19728.981924097443
4620,19729.171935390663
4621,19730.560902949495
4622,19739.208802178677
4623,19739.208802178717
4624,19739.208802178731
4625,19739.208802178764
4626,19749.366986670146
4627,19749.422724751952
4628,19757.004723721104
4629,19759.428654625386
4630,19778.555207040277
4631,19778.609063743035
4632,19785.812216757571
4633,19786.302693964415
4634,19788.556824184121
4635,19788.55682418415
4636,19788.556824184165
4637,19788.556824184172
4638,19798.369322637212
4639,19805.093529965525
4640,19805.915313767167
4641,19809.708603630959
4642,19822.027034564395
4643,19824.553248342061
4644,19826.532593803717
4645,19826.548304401225
4646,19828.03524178853
4647,19828.035241788533
4648,19832.01512367629
4649,19843.031229984677
4650,19844.496990099688
4651,19854.472070136733
4652,19863.97696717233
4653,19867.191983593344
4654,19878.455616791667
4655,19878.636304490185
4656,19895.209342587157
4657,19895.600388079016
4658,19896.531457428369
4659,19906.992076997216
4660,19906.992076997274
4661,19916.861681398314
4662,19916.861681398354
4663,19933.188352641115
4664,19934.652195259205
4665,19936.600890200458
4666,19936.600890200494
4667,19936.600890200509
4668,19936.600890200549
4669,19940.78684889117
4670,19942.903949579551
4671,19944.761887268283
4672,19968.871093617105
4673,19971.990457381238
4674,19985.94891220592
4675,19985.948912205957
4676,19985.973777936568
4677,19986.102882378931
4678,19987.975105778973
4679,19993.849276136669
4680,19994.018155590638
4681,19995.818516607022
4682,19995.818516607036
4683,20000.581952084907
4684,20004.365787033319
4685,20007.029719145485
4686,20011.681214064854
4687,20012.029034987303
4688,20012.85209536858
4689,20015.282526884737
4690,20023.627788839185
4691,20025.427329810289
4692,20025.427329810314
4693,20026.286591131218
4694,20028.253399550911
4695,20031.535570939199
4696,20049.906742980114
4697,20051.139961840618
4698,20055.829534682005
4699,20057.391635799017
4700,20062.548141811982
4701,20063.725897135435
4702,20070.093587475232
4703,20072.559281997874
4704,20074.775351815762
4705,20074.775351815799
4706,20094.514560617936
4707,20094.51456061795
4708,20101.546519363412
4709,20104.272667415113
4710,20108.79800870371
4711,20108.834486589352
4712,20115.729324280335
4713,20115.882878574765
4714,20120.018932198655
4715,20120.344810533581
4716,20140.760600363315
4717,20143.008971765445
4718,20143.862582623366
4719,20143.862582623377
4720,20143.86258262338
4721,20143.86258262342
4722,20153.732187024449
4723,20153.732187024456
4724,20157.661151824639
4725,20160.104116986957
4726,20161.884652685087
4727,20164.956312375576
4728,20183.341000227727
4729,20183.341000227731
4730,20183.341000227749
4731,20183.341000227763
4732,20184.782382942161
4733,20188.948287601099
4734,20190.466409731933
4735,20191.154076059778
4736,20194.780520340631
4737,20199.01166277385
4738,20206.112607723397
4739,20206.383163403345
4740,20212.636526597427
4741,20212.949813430994
4742,20213.312592171329
4743,20232.689022233153
4744,20232.689022233171
4745,20232.689022233189
4746,20232.689022233189
4747,20232.6890222332
4748,20232.689022233219
4749,20257.719407045777
4750,20262.297835436439
4751,20262.297835436464
4752,20265.944470240822
4753,20283.959344736824
4754,20284.070774402287
4755,20291.906648639731
4756,20291.906648639735
4757,20293.333247683895
4758,20294.538132712692
4759,20301.776253040756
4760,20301.776253040818
4761,20307.855544661696
4762,20310.274776350925
4763,20327.091988771259
4764,20329.192598389334
4765,20337.266110173736
4766,20337.519918054539
4767,20341.254670645169
4768,20341.254670645212
4769,20345.937649251355
4770,20347.261579488873
4771,20350.279573848704
4772,20354.563419308
4773,20368.148882763697
4774,20368.424405695416
4775,20378.672366092851
4776,20378.996105666058
4777,20390.602692650598
4778,20390.602692650617
4779,20410.222450670677
4780,20410.683656911548
4781,20420.211505853888
4782,20420.211505853913
4783,20421.249892351654
4784,20422.197603225599
4785,20428.301253754027
4786,20436.044777205272
4787,20437.156603204632
4788,20439.581653072724
4789,20442.4830709901
4790,20442.495095813258
4791,20445.340019006086
4792,20447.300924592382
4793,20460.737904298254
4794,20460.963023738179
4795,20465.137094034442
4796,20469.559527859325
4797,20469.559527859339
4798,20469.559527859354
4799,20469.559527859357
4800,20471.697999960961
4801,20471.992118418886
4802,20494.893615617606
4803,20513.436629162872
4804,20513.689411271094
4805,20519.38551356419
4806,20521.409761333183
4807,20525.017790764301
4808,20528.777154265856
4809,20528.777154265867
4810,20528.777154265877
4811,20528.777154265892
4812,20538.646758666931
4813,20538.646758666964
4814,20544.643062749004
4815,20544.68730259738
4816,20553.451084116146
4817,20554.843192914555
4818,20555.145037529073
4819,20557.05452354698
4820,20562.505692953084
4821,20563.699089654754
4822,20568.255571870232
4823,20568.255571870232
4824,20571.553601831805
4825,20576.461067473563
4826,20580.617595997446
4827,20590.511947621504
4828,20590.572865200556
4829,20605.05946021709
4830,20607.733989474556
4831,20607.733989474567
4832,20614.685887000993
4833,20617.603593875654
4834,20617.603593875676
4835,20623.35879020553
4836,20624.088148522565
4837,20630.205205684586
4838,20640.144560785582
4839,20656.36743570269
4840,20656.918326146457
4841,20661.614138103821
4842,20665.249331259809
4843,20670.340489950744
4844,20670.812530574982
4845,20676.797789352666
4846,20677.603144978675
4847,20685.521801359624
4848,20686.00972800158
4849,20696.560429084402
4850,20696.56042908442
4851,20697.853148127982
4852,20704.341100123751
4853,20705.721873678143
4854,20706.430033485409
4855,20706.430033485474
4856,20706.937710526727
4857,20741.478287692866
4858,20741.898832172952
4859,20746.340394483719
4860,20748.090937509369
4861,20751.768758026374
4862,20752.723874491716
4863,20775.517264293074
4864,20775.517264293088
4865,20775.517264293099
4866,20775.517264293107
4867,20776.150441204518
4868,20779.479565854781
4869,20782.178065258944
4870,20782.735751040233
4871,20785.386868694179
4872,20785.38686869419
4873,20788.697226615415
4874,20793.035422742501
4875,20812.856342697381
4876,20815.266193086289
4877,20817.917441799818
4878,20825.01096831778
4879,20854.474099501815
4880,20854.474099501847
4881,20859.552872806667
4882,20859.845475571521
4883,20870.915335558311
4884,20871.085551178992
4885,20886.318763498461
4886,20886.813659785767
4887,20889.638692482979
4888,20893.952517106136
4889,20893.952517106154
4890,20893.95251710618
4891,20893.952517106205
4892,20894.93240130883
4893,20896.327622913963
4894,20896.336374537645
4895,20908.110743502053
4896,20911.432495974976
4897,20921.999885356854
4898,20922.662349446811
4899,20923.561330309443
4900,20923.561330309451
4901,20923.561330309458
4902,20923.561330309483
4903,20932.597550013586
4904,20934.724038123597
4905,20943.30053911162
4906,20943.300539111635
4907,20946.922637241514
4908,20947.046447395001
4909,20955.161903203345
4910,20956.14129290733
4911,20958.018367087116
4912,20958.050869367813
4913,20968.472229146148
4914,20972.909352314851
4915,20972.909352314862
4916,20972.909352314877
4917,20972.909352314888
4918,20972.909352314891
4919,20972.909352314909
4920,20972.909352314917
4921,20972.909352314964
4922,20973.598967717233
4923,20976.14300634569
4924,20976.272171053315
4925,20986.58246191392
4926,20987.564563323314
4927,21009.752680476107
4928,21010.249935406096
4929,21012.387769919224
4930,21012.387769919267
4931,21029.082022796581
4932,21030.234674637373
4933,21041.996583122494
4934,21041.996583122513
4935,21041.996583122535
4936,21041.996583122556
4937,21048.600686839047
4938,21048.790377340323
4939,21068.211507191718
4940,21074.216217357724
4941,21074.236088021735
4942,21076.160538111773
4943,21080.682121954687
4944,21086.519042655262
4945,21089.131123071591
4946,21090.233803469477
4947,21091.344605127939
4948,21091.344605127968
4949,21099.027048258526
4950,21099.133428576777
4951,21101.214209529036
4952,21101.214209529098
4953,21102.360145497758
4954,21130.823022732326
4955,21130.823022732326
4956,21133.063828838774
4957,21148.408251440171
4958,21148.566180148409
4959,21155.091470652107
4960,21156.121867977541
4961,21159.350255730697
4962,21163.384753582624
4963,21167.924583167391
4964,21177.980524191677
4965,21180.171044737734
4966,21180.171044737748
4967,21180.17104473777
4968,21180.171044737799
4969,21180.238325969916
4970,21189.547789353193
4971,21192.462902454223
4972,21199.783719604704
4973,21200.919898760174
4974,21211.354981544431
4975,21224.580558988608
4976,21225.029626745127
4977,21234.268455403359
4978,21235.547301181559
4979,21239.388671144305
4980,21239.388671144312
4981,21239.922758084653
4982,21244.872275583781
4983,21249.258275545384
4984,21249.258275545406
4985,21266.258004098578
4986,21277.513913851395
4987,21279.339374684638
4988,21283.353881261475
4989,21297.136639630957
4990,21298.927839441963
4991,21301.824439131204
4992,21302.234851244459
4993,21306.401507689756
4994,21308.733034088753
4995,21311.301689603024
4996,21314.473118780839
4997,21328.215110754099
4998,21328.215110754136
4999,21337.567536741688
5000,21346.991628328509
5001,21350.396301609457
5002,21350.419353139576
5003,21355.413018736759
5004,21355.76917753891
5005,21357.82392395737
5006,21357.823923957392
5007,21367.693528358413
5008,21367.693528358435
5009,21367.69352835845
5010,21367.693528358464
5011,21379.435013687569
5012,21379.475758222568
5013,21388.30987707173
5014,21388.815665853454
5015,21393.23959241663
5016,21394.101737521909
5017,21400.324543502182
5018,21405.854372501384
5019,21406.602963410089
5020,21407.171945962797
5021,21407.171945962826
5022,21408.368958907304
5023,21426.157829071442
5024,21426.679270102773
5025,21439.336746486075
5026,21439.84739495855
5027,21443.221162393766
5028,21444.54747407226
5029,21446.65036356714
5030,21446.650363567158
5031,21446.650363567165
5032,21446.650363567183
5033,21453.103444338631
5034,21453.302644751326
5035,21459.41606902437
5036,21463.893038841161
5037,21476.259176770411
5038,21476.259176770425
5039,21482.7446544294
5040,21483.091388914923
5041,21495.998385572613
5042,21497.091328567556
5043,21497.203998810292
5044,21515.737594374794
5045,21515.737594374819
5046,21515.737594374823
5047,21515.737594374823
5048,21528.185079150891
5049,21528.627001560348
5050,21537.323725133745
5051,21541.24703650676
5052,21541.251998773609
5053,21544.716767279882
5054,21562.419624949191
5055,21564.150574778898
5056,21566.276510266918
5057,21566.790251462007
5058,21574.955220781321
5059,21574.955220781365
5060,21575.647734163951
5061,21575.868900902846
5062,21593.317940524299
5063,21594.758656721493
5064,21600.014553517485
5065,21601.887564837234
5066,21621.902467838754
5067,21627.373653578856
5068,21630.646532785315
5069,21630.888729780527
5070,21634.172847187845
5071,21634.172847187867
5072,21640.365353421781
5073,21640.579110817398
5074,21653.912055990051
5075,21653.912055990084
5076,21673.651264792217
5077,21673.651264792235
5078,21683.520869193275
5079,21683.520869193304
5080,21683.52086919334
5081,21683.52086919334
5082,21688.762732880743
5083,21689.396346506699
5084,21709.602761443246
5085,21709.708612369712
5086,21714.568928048524
5087,21718.019372580864
5088,21719.044074408986
5089,21730.710321017857
5090,21731.510211448811
5091,21733.553398749875
5092,21750.048345145497
5093,21762.477704402023
5094,21762.47770440203
5095,21763.999331461866
5096,21767.05664332263
5097,21768.384333448368
5098,21768.608322098389
5099,21775.030919519952
5100,21776.023447212679
5101,21782.597748941338
5102,21786.871595861743
5103,21790.720470324806
5104,21805.922308312707
5105,21806.101881208549
5106,21810.962019570823
5107,21811.82572640742
5108,21811.825726407431
5109,21811.825726407456
5110,21811.825726407464
5111,21811.825726407471
5112,21811.825726407475
5113,21811.825726407504
5114,21811.825726407518
5115,21814.214114981143
5116,21815.848312559148
5117,21823.984979486861
5118,21825.500589062303
5119,21829.6233967029
5120,21835.059170444209
5121,21836.978529894273
5122,21837.005040276086
5123,21841.434539610727
5124,21841.434539610804
5125,21858.130667762853
5126,21858.398736073257
5127,21861.385043463866
5128,21866.409136084923
5129,21868.048614007304
5130,21871.043352814017
5131,21871.043352814024
5132,21875.529453896361
5133,21875.534596082558
5134,21882.141538236076
5135,21889.895185705864
5136,21890.782561616204
5137,21890.782561616252
5138,21915.496404280209
5139,21920.391374819443
5140,21920.391374819501
5141,21925.764510264718
5142,21926.235467123854
5143,21935.620424954534
5144,21942.452955232242
5145,21947.057149539152
5146,21953.082872605555
5147,21956.00379134445
5148,21956.403437889672
5149,21959.869792423804
5150,21959.869792423822
5151,21959.869792423837
5152,21959.869792423851
5153,21959.86979242388
5154,21959.869792423891
5155,21962.543843521591
5156,21975.853753843123
5157,21975.965054778175
5158,21986.184031976249
5159,21987.408243428006
5160,21989.478605627068
5161,21989.478605627097
5162,21990.698429111068
5163,21998.865870033227
5164,22004.011537369501
5165,22004.395517703557
5166,22013.857787799963
5167,22014.263600947186
5168,22025.198996715644
5169,22025.422789751115
5170,22033.662373405929
5171,22034.733301214179
5172,22045.537590712833
5173,22048.189308205365
5174,22048.696232033606
5175,22048.696232033624
5176,22069.368210826589
5177,22069.908196140863
5178,22078.305045236873
5179,22078.305045236917
5180,22083.328751290512
5181,22083.564563209464
5182,22100.460675221337
5183,22101.573066027708
5184,22109.748313364787
5185,22112.279191448612
5186,22115.740268244521
5187,22117.872330443461
5188,22135.408333571588
5189,22135.846515358207
5190,22143.161956392025
5191,22144.309027677496
5192,22157.261880445556
5193,22157.261880445585
5194,22157.2618804456
5195,22157.261880445658
5196,22178.14395560947
5197,22178.340191471791
5198,22186.870693648845
5199,22186.870693648896
5200,22187.010895545154
5201,22190.59970462686
5202,22196.740298049925
5203,22196.740298049932
5204,22196.740298049946
5205,22196.740298049965
5206,22198.957168939072
5207,22199.926796485761
5208,22205.034419269425
5209,22206.609902451
5210,22206.609902451019
5211,22206.609902451048
5212,22206.609902451102
5213,22207.505880468772
5214,22223.60654779393
5215,22224.221865457013
5216,22228.411791909009
5217,22229.992095670517
5218,22245.460749947324
5219,22249.002261449768
5220,22272.251704275641
5221,22275.697133258658
5222,22275.697133258669
5223,22275.697133258691
5224,22275.697133258709
5225,22278.088236641594
5226,22278.105575027021
5227,22278.966991203175
5228,22285.566737659767
5229,22285.566737659778
5230,22305.305946461882
5231,22305.305946461925
5232,22305.305946461947
5233,22305.305946461947
5234,22306.980567532162
5235,22307.019728228741
5236,22312.235563187918
5237,22312.921112009724
5238,22325.026800233503
5239,22325.58724559694
5240,22350.030530561613
5241,22350.128669637994
5242,22350.324070628194
5243,22351.094364914115
5244,22356.278376349193
5245,22357.878974490082
5246,22367.207751845304
5247,22370.845465528047
5248,22376.198123918639
5249,22377.418412018818
5250,22379.449186989823
5251,22391.984914134322
5252,22394.132386071764
5253,22394.132386071822
5254,22398.595195494734
5255,22399.064064464208
5256,22408.856501338607
5257,22413.317689202857
5258,22416.919611184127
5259,22420.033789853467
5260,22420.12662737786
5261,22424.562070839995
5262,22424.62901761357
5263,22433.61080367606
5264,22433.610803676082
5265,22438.643259715798
5266,22438.674250568558
5267,22441.510602201284
5268,22463.219616879374
5269,22463.219616879396
5270,22468.05298747441
5271,22475.165789427625
5272,22486.911542536975
5273,22490.379247023549
5274,22490.479505598098
5275,22497.493270875093
5276,22497.551294138761
5277,22509.801136289803
5278,22511.589594824058
5279,22512.567638884808
5280,22512.567638884833
5281,22516.683935811372
5282,22519.013750417733
5283,22526.449469763935
5284,22549.582396559694
5285,22549.734846495892
5286,22552.046056489144
5287,22552.046056489198
5288,22552.046056489202
5289,22552.046056489227
5290,22575.849791330191
5291,22593.793768001226
5292,22598.844515897377
5293,22599.968205488793
5294,22601.394078494584
5295,22601.394078494595
5296,22601.394078494613
5297,22601.39407849465
5298,22605.115949578445
5299,22607.722384044027
5300,22614.04006501062
5301,22614.967594438414
5302,22616.013516006489
5303,22617.402108185273
5304,22617.689494556889
5305,22618.232817795066
5306,22625.898391189963
5307,22628.997251408535
5308,22631.002891697903
5309,22631.002891697921
5310,22650.458394102934
5311,22660.019261485792
5312,22665.315308847537
5313,22666.816669947159
5314,22670.481309302228
5315,22670.481309302282
5316,22678.339300715965
5317,22680.328369818075
5318,22685.824899424235
5319,22686.139122004064
5320,22701.415103974021
5321,22704.635676628219
5322,22709.860371239291
5323,22710.321975034942
5324,22730.168326720588
5325,22733.987928895687
5326,22737.489873620514
5327,22738.345276388827
5328,22748.768355844866
5329,22749.34963495893
5330,22749.438144510903
5331,22749.438144510921
5332,22749.438144510961
5333,22749.438144510983
5334,22754.959874451455
5335,22755.653062052719
5336,22759.307748912048
5337,22759.307748912077
5338,22769.869424964672
5339,22770.020552723294
5340,22772.280981593627
5341,22774.292541110903
5342,22774.804860749995
5343,22776.524466157338
5344,22779.04695771421
5345,22779.046957714243
5346,22788.916562115312
5347,22788.916562115348
5348,22810.922090008728
5349,22811.419058599957
5350,22813.989278628851
5351,22815.878108124183
5352,22818.52537531859
5353,22818.525375318612
5354,22818.525375318633
5355,22828.394979719698
5356,22828.394979719735
5357,22838.26458412077
5358,22838.264584120789
5359,22838.2645841208
5360,22838.264584120803
5361,22838.458561285785
5362,22839.985571077887
5363,22853.931331955333
5364,22857.339371239792
5365,22858.608099125504
5366,22858.935378390332
5367,22863.022385614364
5368,22864.538636009394
5369,22878.68371415422
5370,22880.066812183548
5371,22883.825488919621
5372,22885.014117274022
5373,22897.482210527294
5374,22897.482210527312
5375,22897.48221052732
5376,22897.482210527338
5377,22909.531950212866
5378,22910.032282102104
5379,22919.329907040319
5380,22919.546130047183
5381,22933.222748614651
5382,22939.495190259382
5383,22949.038913888635
5384,22949.189094966485
5385,22963.78239933851
5386,22964.337550845852
5387,22986.308650137064
5388,22986.308650137067
5389,22986.308650137122
5390,22986.308650137154
5391,22994.512891233928
5392,22996.178254538128
5393,22996.178254538194
5394,22996.178254538198
5395,22996.178254538238
5396,23000.934750096956
5397,23015.72527438523
5398,23016.266414773047
5399,23022.637775999909
5400,23022.733266172381
5401,23025.787067741465
5402,23025.787067741479
5403,23030.881499065763
5404,23033.039886466788
5405,23034.098362759712
5406,23034.113845856471
5407,23037.220015551338
5408,23038.091342401942
5409,23046.965015369889
5410,23055.395880944736
5411,23055.395880944758
5412,23058.884686417474
5413,23059.727766582997
5414,23061.144470993288
5415,23070.93513644116
5416,23071.631709306501
5417,23080.430787580011
5418,23094.874298549094
5419,23094.874298549097
5420,23094.874298549112
5421,23094.87429854913
5422,23104.74390295018
5423,23104.743902950202
5424,23107.093472451863
5425,23107.408221230096
5426,23112.079991043574
5427,23121.264228769847
5428,23121.546900286892
5429,23132.638928531156
5430,23134.352716153448
5431,23134.352716153462
5432,23140.600754839739
5433,23149.680129062366
5434,23159.490573024243
5435,23161.612795000241
5436,23167.721800299572
5437,23168.380831429939
5438,23183.700738158892
5439,23183.700738158899
5440,23190.914241421
5441,23219.792580654354
5442,23219.889148469018
5443,23223.179155763242
5444,23223.179155763257
5445,23223.179155763268
5446,23223.179155763282
5447,23225.526486382689
5448,23225.567897218458
5449,23236.19490412487
5450,23243.790220133553
5451,23244.898384198234
5452,23248.46737823918
5453,23248.52293545557
5454,23250.689152715975
5455,23250.791281703758
5456,23254.468394142728
5457,23254.469277809971
5458,23257.564537971015
5459,23257.743097442999
5460,23262.6575733676
5461,23262.657573367625
5462,23270.952393767071
5463,23273.50955939991
5464,23277.319932293656
5465,23287.677008349376
5466,23293.051000274198
5467,23296.947528273529
5468,23298.3704434147
5469,23310.739458011471
5470,23311.307590190561
5471,23312.005595373044
5472,23312.005595373088
5473,23312.582894291063
5474,23312.593839857716
5475,23320.563489395317
5476,23329.455099490817
5477,23333.228736538676
5478,23333.534759453276
5479,23351.49982880865
5480,23352.266498926849
5481,23366.193064908548
5482,23371.219078257494
5483,23371.22322177959
5484,23371.223221779608
5485,23372.715954647421
5486,23372.719290040572
5487,23378.337195772128
5488,23381.213812295257
5489,23395.756070081425
5490,23398.693010156367
5491,23410.701639383955
5492,23410.701639383984
5493,23433.823140040822
5494,23434.227908360048
5495,23443.448261052104
5496,23447.089649791411
5497,23454.52933355411
5498,23457.763023721029
5499,23458.680897538343
5500,23458.697672167771
5501,23460.049661389385
5502,23460.049661389403
5503,23469.919265790453
5504,23469.919265790497
5505,23469.919265790497
5506,23469.919265790511
5507,23482.219961659153
5508,23482.306394280033
5509,23489.385342729867
5510,23493.720017608826
5511,23496.667345732065
5512,23499.528078993695
5513,23499.528078993782
5514,23500.080031940983
5515,23519.405059830427
5516,23521.852910979585
5517,23527.576589314769
5518,23529.136892196981
5519,23529.136892197024
5520,23529.671889390731
5521,23538.126392349317
5522,23539.006496598038
5523,23539.006496598086
5524,23539.006496598104
5525,23539.006496598118
5526,23540.110164387181
5527,23548.876100999169
5528,23548.876100999198
5529,23561.400960736402
5530,23561.530646187279
5531,23570.435540012033
5532,23571.07286543291
5533,23578.484914202472
5534,23578.484914202476
5535,23602.269431676279
5536,23608.906565226174
5537,23609.55116025497
5538,23611.853029136404
5539,23617.963331806812
5540,23617.963331806841
5541,23631.557828946927
5542,23631.671180622005
5543,23637.4327207877
5544,23637.579388276285
5545,23666.026225631937
5546,23666.161266470022
5547,23676.269379203844
5548,23676.292147036049
5549,23685.169396301229
5550,23685.254991310332
5551,23696.296515724651
5552,23700.405256769955
5553,23701.792574372161
5554,23702.689813458772
5555,23706.112798420621
5556,23706.130618225983
5557,23706.789771416552
5558,23706.789771416654
5559,23712.948620523661
5560,23716.072604429075
5561,23726.466832319795
5562,23726.528980218758
5563,23726.528980218794
5564,23729.653398043436
5565,23729.675312148938
5566,23736.398584619874
5567,23736.398584619925
5568,23736.398584619939
5569,23736.398584619943
5570,23736.398584619943
5571,23736.398584619972
5572,23736.398584620019
5573,23736.398584620067
5574,23739.560030479475
5575,23743.443408758121
5576,23745.035882221451
5577,23759.96693830689
5578,23767.028696470104
5579,23767.184078416631
5580,23785.746606625282
5581,23785.746606625351
5582,23785.746606625355
5583,23785.74660662538
5584,23789.029857791775
5585,23806.731801834703
5586,23806.786888282641
5587,23809.615256338588
5588,23809.619069623412
5589,23816.480587675233
5590,23816.863353290079
5591,23823.66926467371
5592,23830.796145400498
5593,23834.218366213987
5594,23834.241072594508
5595,23839.70249677683
5596,23853.034972454727
5597,23853.412163472763
5598,23854.83383743294
5599,23854.833837433001
5600,23864.492507700095
5601,23871.667332550682
5602,23877.25838394836
5603,23884.442650636214
5604,23884.442650636262
5605,23894.312255037326
5606,23894.312255037374
5607,23895.998389888755
5608,23896.022997804161
5609,23902.458616215601
5610,23903.15445947515
5611,23912.254926203572
5612,23912.544324104121
5613,23926.129569484612
5614,23927.418682260683
5615,23927.436470451892
5616,23930.877745201571
5617,23933.278392376422
5618,23933.790672641659
5619,23933.79067264168
5620,23933.790672641706
5621,23933.790672641757
5622,23933.790672641782
5623,23933.790672641786
5624,23943.660277042789
5625,23943.660277042811
5626,23946.293223296925
5627,23946.5376428075
5628,23954.378318929579
5629,23969.590908900027
5630,23969.901170106878
5631,23985.372422739234
5632,23985.475515629121
5633,23989.210690458596
5634,23990.454661908636
5635,24000.503220963856
5636,24006.59689882422
5637,24008.341910321604
5638,24014.166432049846
5639,24021.385255995359
5640,24022.617112251479
5641,24022.617112251519
5642,24022.864351508913
5643,24049.765221573747
5644,24052.225925454753
5645,24052.225925454812
5646,24057.187414400039
5647,24057.545947347026
5648,24058.087966270756
5649,24068.575318798063
5650,24073.655095149938
5651,24081.834738657992
5652,24081.834738658006
5653,24081.83473865805
5654,24081.834738658068
5655,24091.704343059126
5656,24091.704343059188
5657,24107.447006434348
5658,24107.629942032105
5659,24116.544530918294
5660,24116.777047545267
5661,24124.904318432797
5662,24125.858687781209
5663,24131.869014765784
5664,24132.189304839263
5665,24138.043753221737
5666,24139.870054802908
5667,24160.213967536376
5668,24160.791573866678
5669,24160.791573866769
5670,24162.66986781211
5671,24180.530782668855
5672,24180.530782668884
5673,24180.530782668891
5674,24184.704903796435
5675,24186.471430997888
5676,24192.690630243829
5677,24192.725888463734
5678,24193.538918793834
5679,24194.24795975173
5680,24197.976001147792
5681,24200.269991471076
5682,24200.269991471119
5683,24207.127757076498
5684,24208.210361559493
5685,24209.146228270794
5686,24220.981891236966
5687,24221.109411913818
5688,24228.936434845251
5689,24229.826752455803
5690,24256.59326754076
5691,24256.936821543273
5692,24259.487617877621
5693,24259.487617877676
5694,24267.936543714983
5695,24268.2709815366
5696,24274.344058505503
5697,24274.362431960973
5698,24283.650556857494
5699,24290.479465169308
5700,24293.596637502207
5701,24293.691522350717
5702,24322.509173443825
5703,24326.717649798364
5704,24328.574848685068
5705,24328.574848685159
5706,24328.574848685203
5707,24328.574848685239
5708,24328.57484868529
5709,24328.574848685308
5710,24328.574848685352
5711,24328.57484868537
5712,24335.102281057112
5713,24337.266580825682
5714,24338.444453086318
5715,24338.444453086358
5716,24339.247850323602
5717,24339.349258792547
5718,24358.183661888452
5719,24358.183661888503
5720,24366.035305879632
5721,24367.316939241933
5722,24375.524853742623
5723,24382.715939955415
5724,24390.038696058513
5725,24390.071471619452
5726,24392.057407254844
5727,24392.921503459023
5728,24407.53168389398
5729,24407.53168389402
5730,24415.528412228203
5731,24417.40128829507
5732,24417.401288295096
5733,24418.289483154447
5734,24418.916840652131
5735,24429.199477470713
5736,24438.897415395448
5737,24438.999605885005
5738,24447.010101498254
5739,24447.010101498341
5740,24447.853631112273
5741,24448.044167153337
5742,24448.156960270211
5743,24479.760580027334
5744,24487.078272481795
5745,24487.623296916583
5746,24489.2295913862
5747,24489.246082796632
5748,24491.560440934674
5749,24496.358123503745
5750,24496.358123503767
5751,24496.358123503771
5752,24496.358123503818
5753,24497.510079931799
5754,24522.033870239233
5755,24528.713535003146
5756,24529.040796172954
5757,24543.83494685014
5758,24544.155211828904
5759,24552.177019230792
5760,24552.324278920754
5761,24554.425368899596
5762,24555.463866066591
5763,24562.042806196736
5764,24570.323205640656
5765,24571.470142454469
5766,24587.280845643585
5767,24587.562605138526
5768,24604.910040526924
5769,24604.923771915765
5770,24604.923771915772
5771,24612.7830527595
5772,24613.492069730524
5773,24636.427916950022
5774,24636.527033472343
5775,24644.368390699165
5776,24644.60089100364
5777,24646.275498516137
5778,24654.271793921202
5779,24654.271793921205
5780,24655.368561541225
5781,24659.931266246014
5782,24660.180780695682
5783,24661.796976503669
5784,24668.463214821793
5785,24674.011002723339
5786,24674.011002723357
5787,24674.011002723382
5788,24674.011002723404
5789,24675.300004424706
5790,24682.513332267914
5791,24682.519322252669
5792,24683.880607124447
5793,24683.880607124454
5794,24683.880607124469
5795,24683.880607124487
5796,24696.879626628321
5797,24704.400631819153
5798,24705.622633608706
5799,24705.90059134064
5800,24713.489420327733
5801,24713.489420327744
5802,24733.297068323944
5803,24740.524713655544
5804,24742.903754008097
5805,24742.938154503074
5806,24753.62870010177
5807,24756.256526494471
5808,24757.728145310994
5809,24758.122715762631
5810,24762.837442333101
5811,24762.837442333184
5812,24762.837442333195
5813,24762.837442333224
5814,24768.341009020456
5815,24770.159390242825
5816,24774.59593572632
5817,24774.679900908788
5818,24782.481654035568
5819,24782.668333697919
5820,24792.44625553647
5821,24792.446255536488
5822,24792.791088148006
5823,24793.01813097364
5824,24811.09164761001
5825,24813.074708522869
5826,24816.509556296547
5827,24819.497993742985
5828,24826.460639030109
5829,24826.663528103149
5830,24831.924673140798
5831,24831.924673140817
5832,24831.924673140838
5833,24831.924673140871
5834,24836.325189819097
5835,24842.971959894912
5836,24850.074591164299
5837,24851.766057827524
5838,24879.364499677351
5839,24879.712728177143
5840,24881.272695146235
5841,24881.272695146297
5842,24882.218896691305
5843,24885.356886439691
5844,24891.142299547224
5845,24891.142299547348
5846,24891.142299547351
5847,24891.142299547406
5848,24894.047911635789
5849,24894.05557857599
5850,24895.778681040869
5851,24899.465755516841
5852,24912.622188266701
5853,24914.23799974682
5854,24920.751112750539
5855,24920.751112750619
5856,24920.751112750637
5857,24920.751112750673
5858,24920.751112750684
5859,24920.751112750706
5860,24956.737153402053
5861,24956.967491533909
5862,24960.22953035498
5863,24960.229530354998
5864,24971.375957290948
5865,24977.163917077651
5866,24988.049426188656
5867,24989.380211718078
5868,24991.927580621348
5869,24992.284861511544
5870,24999.707947959316
5871,24999.707947959319
5872,24999.70794795933
5873,24999.707947959341
5874,25013.161295509726
5875,25014.967537365545
5876,25016.023504700232
5877,25016.811566891749
5878,25029.316761162569
5879,25029.316761162609
5880,25030.66597665034
5881,25030.994856213969
5882,25046.193429571271
5883,25047.246806711013
5884,25072.139342094277
5885,25073.251311224165
5886,25078.493654375427
5887,25079.954629002008
5888,25091.059313060228
5889,25091.211435158268
5890,25114.627794258718
5891,25118.143200772367
5892,25118.1432007724
5893,25118.143200772418
5894,25118.143200772451
5895,25118.355017796217
5896,25119.977099792053
5897,25127.559471643326
5898,25147.124754980545
5899,25147.752013975671
5900,25147.752013975693
5901,25155.339869667438
5902,25156.330855332493
5903,25157.621618376768
5904,25157.621618376797
5905,25160.721605177285
5906,25168.496131272597
5907,25174.214986703948
5908,25175.378797221027
5909,25177.86600287633
5910,25179.690596232209
5911,25179.759620958361
5912,25180.808159336717
5913,25181.863850249487
5914,25191.735887646624
5915,25196.720704598996
5916,25206.969640382216
5917,25206.96964038226
5918,25208.307509465074
5919,25208.30946170762
5920,25215.300358001725
5921,25215.462859920925
5922,25222.787298738476
5923,25234.425776793461
5924,25234.821736408518
5925,25236.578453585447
5926,25236.578453585498
5927,25238.219416871223
5928,25240.156765311713
5929,25249.025372161901
5930,25249.39810297835
5931,25256.493248208968
5932,25260.45824604165
5933,25260.965598163493
5934,25266.187266788776
5935,25266.187266788802
5936,25276.056871189823
5937,25276.056871189867
5938,25276.056871189885
5939,25276.056871189943
5940,25289.776545253299
5941,25290.052555939397
5942,25305.174183842195
5943,25305.461163082346
5944,25305.665684393101
5945,25305.66568439312
5946,25313.864509800038
5947,25325.306691398247
5948,25325.442694785848
5949,25337.149544469557
5950,25346.551235662319
5951,25349.899226441845
5952,25357.292569421894
5953,25358.399436637639
5954,25364.652215954888
5955,25364.883310799574
5956,25364.883310799592
5957,25364.883310799662
5958,25364.883310799683
5959,25369.240658760933
5960,25388.823423453567
5961,25389.158797829543
5962,25395.992187500036
5963,25396.482244017407
5964,25396.795024138381
5965,25405.793211536824
5966,25415.683431701142
5967,25418.082489363438
5968,25425.205232752967
5969,25426.898774361624
5970,25430.619931332305
5971,25431.73151238259
5972,25439.11675550196
5973,25439.349751789461
5974,25443.840146008326
5975,25443.840146008355
5976,25452.004522252988
5977,25457.202941503812
5978,25461.178981198984
5979,25464.148625696696
5980,25473.448959211571
5981,25473.448959211633
5982,25473.448959211644
5983,25473.448959211652
5984,25485.919561766554
5985,25486.883671132087
5986,25504.722672289401
5987,25505.527356847611
5988,25515.068909796861
5989,25516.452224386052
5990,25517.063834412995
5991,25517.415929876941
5992,25519.510480630965
5993,25520.901938269359
5994,25557.959005908688
5995,25561.313863292471
5996,25562.426057222827
5997,25562.431989278255
5998,25575.527168769397
5999,25578.377119298962
6000,25582.01460762362
6001,25591.884212024706
6002,25591.884212024746
6003,25593.346756430645
6004,25600.675157561633
6005,25601.753816425757
6006,25601.753816425768
6007,25612.09675834472
6008,25612.666089124243
6009,25631.362629629035
6010,25631.362629629079
6011,25644.083075087547
6012,25644.638952976638
6013,25654.168664841181
6014,25656.914694355619
6015,25660.971442832237
6016,25660.97144283224
6017,25660.97144283227
6018,25660.971442832295
6019,25660.97144283231
6020,25660.971442832379
6021,25670.8410472334
6022,25670.841047233444
6023,25673.756566895612
6024,25676.744326018274
6025,25678.836975119615
6026,25679.032175398512
6027,25680.710651634468
6028,25680.710651634541
6029,25692.737221425203
6030,25693.171631232311
6031,25699.538064659966
6032,25700.254563292252
6033,25700.969794868095
6034,25702.216304695376
6035,25704.877297540679
6036,25707.127565088347
6037,25710.31946483771
6038,25710.319464837747
6039,25710.319464837787
6040,25710.319464837823
6041,25731.609122127506
6042,25733.302286309372
6043,25737.999782141775
6044,25738.017896804453
6045,25749.797882442148
6046,25749.797882442163
6047,25753.238955359469
6048,25753.371402071294
6049,25755.073205628756
6050,25755.359073290449
6051,25759.667486843111
6052,25759.667486843231
6053,25759.667486843278
6054,25759.667486843293
6055,25772.847897739681
6056,25779.406695645419
6057,25779.406695645452
6058,25780.295869771329
6059,25783.217370218321
6060,25783.831758214674
6061,25805.368521763743
6062,25805.641900306735
6063,25815.682447216648
6064,25815.770677764311
6065,25823.547417405553
6066,25828.754717650841
6067,25828.754717650889
6068,25833.241259656079
6069,25834.16045437213
6070,25838.008851811082
6071,25853.710660468067
6072,25860.259939739077
6073,25860.951524148193
6074,25866.16581870829
6075,25866.503612377484
6076,25868.233135255199
6077,25868.233135255225
6078,25879.04835112836
6079,25880.951200059058
6080,25883.737068404171
6081,25884.72835898686
6082,25887.446481397827
6083,25887.653071592045
6084,25889.156621169597
6085,25897.841948458481
6086,25897.841948458488
6087,25917.34002962524
6088,25917.581157260618
6089,25917.581157260662
6090,25917.581157260727
6091,25917.581157260778
6092,25921.643404689556
6093,25928.39666527211
6094,25937.320366062813
6095,25937.320366062861
6096,25944.244048480232
6097,25944.499993167839
6098,25953.811758586482
6099,25955.325990293029
6100,25966.851630811183
6101,25979.895311101147
6102,25980.1377065058
6103,25986.668388068247
6104,25986.668388068276
6105,25995.4110303212
6106,25998.313800996923
6107,26000.672146677389
6108,26006.821988489748
6109,26017.07510493583
6110,26024.014891158153
6111,26024.416196824342
6112,26026.146805672604
6113,26026.146805672663
6114,26033.291612038698
6115,26034.766109692206
6116,26061.160187464135
6117,26064.933648911723
6118,26065.223808163915
6119,26075.494827678078
6120,26075.494827678158
6121,26076.528987210124
6122,26079.852677602434
6123,26089.649164759405
6124,26090.462523277631
6125,26095.234036480215
6126,26095.234036480277
6127,26105.103640881352
6128,26105.103640881374
6129,26108.034573365276
6130,26111.29398055538
6131,26115.425635287236
6132,26115.732857229439
6133,26122.271529852682
6134,26122.829822626722
6135,26130.123114189799
6136,26131.420540092404
6137,26133.978937205065
6138,26134.748414547033
6139,26139.051502125574
6140,26142.097940325617
6141,26153.226386579576
6142,26154.3166433814
6143,26154.451662886717
6144,26154.451662886746
6145,26154.451662886771
6146,26154.451662886793
6147,26154.451662886819
6148,26154.45166288699
6149,26166.287818349498
6150,26169.703512346699
6151,26186.300134967732
6152,26186.310931930933
6153,26208.862250264625
6154,26208.870928879147
6155,26213.66909629295
6156,26213.690000593848
6157,26216.666886933002
6158,26218.4456742988
6159,26223.53889369444
6160,26223.538893694455
6161,26225.510308194218
6162,26227.557260615595
6163,26230.266327108729
6164,26231.534224798681
6165,26233.924807204174
6166,26241.063493825259
6167,26266.060289151483
6168,26266.081545695532
6169,26274.84470925224
6170,26275.907015816389
6171,26292.626124502021
6172,26292.626124502047
6173,26302.495728903101
6174,26302.495728903108
6175,26302.49572890313
6176,26302.495728903134
6177,26302.495728903155
6178,26302.495728903163
6179,26302.495728903235
6180,26302.49572890329
6181,26304.248385333245
6182,26308.75515884965
6183,26330.943558041032
6184,26331.244923219292
6185,26335.921014529846
6186,26336.037062276519
6187,26341.336093964364
6188,26341.531224098748
6189,26341.974146507495
6190,26341.974146507513
6191,26341.974146507531
6192,26341.9741465076
6193,26352.139256772549
6194,26352.395521392158
6195,26361.875357719578
6196,26363.120474516676
6197,26380.592427155323
6198,26383.723592454855
6199,26384.419705682791
6200,26385.324505079941
6201,26394.323710425266
6202,26401.734884244346
6203,26407.987950231625
6204,26409.449838156379
6205,26420.93098171621
6206,26420.930981716218
6207,26425.205105427845
6208,26425.236020196939
6209,26428.154785090079
6210,26430.433522501702
6211,26441.575610468681
6212,26441.651446286927
6213,26470.279003721655
6214,26470.279003721687
6215,26479.75423802869
6216,26480.546078379197
6217,26486.868940363747
6218,26490.093602370904
6219,26501.136088811869
6220,26501.426978863074
6221,26521.779615206528
6222,26522.155262199412
6223,26539.36623452921
6224,26539.36623452924
6225,26542.365063153775
6226,26547.995496670683
6227,26549.235838930377
6228,26549.235838930406
6229,26549.235838930446
6230,26549.235838930483
6231,26553.771338695507
6232,26556.046281087692
6233,26562.078055811857
6234,26562.869505829414
6235,26568.975047732525
6236,26568.975047732551
6237,26570.563902717633
6238,26570.99011398408
6239,26575.54735182619
6240,26578.844652133612
6241,26578.844652133717
6242,26585.898811828065
6243,26595.960544636131
6244,26601.066201209705
6245,26601.661439979347
6246,26605.240184082584
6247,26608.453465336905
6248,26608.453465336934
6249,26610.34583769774
6250,26611.932799747094
6251,26627.551195408192
6252,26627.929046866389
6253,26648.451000097524
6254,26650.285176513666
6255,26650.489210576405
6256,26657.801487342338
6257,26657.801487342342
6258,26657.801487342404
6259,26657.801487342425
6260,26668.347321776619
6261,26669.306916295402
6262,26680.928093437593
6263,26687.410300545536
6264,26687.410300545664
6265,26695.20801065565
6266,26695.291716044732
6267,26697.279904946612
6268,26697.279904946725
6269,26697.279904946772
6270,26697.279904946812
6271,26712.070589827636
6272,26713.804657454952
6273,26713.809455962713
6274,26717.759474217568
6275,26717.927360870421
6276,26717.929069250047
6277,26726.888718149996
6278,26726.88871815001
6279,26733.843508637117
6280,26734.629627635983
6281,26739.289079443311
6282,26747.711439707782
6283,26748.149027615662
6284,26750.26799457828
6285,26752.341482089658
6286,26770.931111778053
6287,26775.181420613782
6288,26776.236740155429
6289,26776.236740155495
6290,26782.046600882528
6291,26784.991393416196
6292,26787.445230769656
6293,26795.924483544561
6294,26798.383191895766
6295,26801.67308384979
6296,26802.737432471444
6297,26807.099707960999
6298,26807.487698395256
6299,26818.34383791079
6300,26819.000578046223
6301,26827.169739659934
6302,26827.202373526245
6303,26828.851782728121
6304,26834.095355093759
6305,26839.944085191277
6306,26845.323970963058
6307,26845.323970963058
6308,26845.323970963069
6309,26845.323970963091
6310,26847.250877280527
6311,26848.249391073736
6312,26849.177688229083
6313,26865.063179765188
6314,26865.063179765217
6315,26885.071331453772
6316,26890.034326112611
6317,26890.276538938357
6318,26890.97212777572
6319,26894.671992968473
6320,26894.671992968488
6321,26894.671992968488
6322,26894.671992968502
6323,26894.671992968564
6324,26894.671992968611
6325,26895.370521172412
6326,26895.399247885474
6327,26913.670357540654
6328,26915.354225172759
6329,26934.150410572893
6330,26934.150410572911
6331,26943.940655770373
6332,26949.270052586333
6333,26951.477286743317
6334,26951.555830822595
6335,26982.398563240313
6336,26983.868356794519
6337,26986.712095547868
6338,26987.270182911208
6339,26996.667597801988
6340,26996.879461674846
6341,27006.238330857119
6342,27006.365797500301
6343,27021.86791665823
6344,27022.976850182691
6345,27022.976850182713
6346,27022.976850182738
6347,27025.940137196456
6348,27027.674510014338
6349,27030.094487487801
6350,27033.850801732136
6351,27034.057469547293
6352,27042.716058984704
6353,27042.716058984806
6354,27042.716058984905
6355,27042.716058984981
6356,27052.585663385973
6357,27052.585663386075
6358,27054.018377639746
6359,27059.806384737669
6360,27084.915337190134
6361,27089.764574182249
6362,27092.064080990229
6363,27092.064080990294
6364,27092.064080990298
6365,27092.064080990345
6366,27095.9279796302
6367,27096.280318278918
6368,27101.933685391359
6369,27101.933685391374
6370,27105.56281978996
6371,27106.119580076171
6372,27115.273843151092
6373,27116.061483136073
6374,27116.655627346474
6375,27120.757717652217
6376,27131.542498594616
6377,27131.542498594663
6378,27137.393478436748
6379,27137.886134664215
6380,27158.783213747771
6381,27160.259192780315
6382,27169.235783836382
6383,27171.020916198981
6384,27171.020916199064
6385,27171.494530663243
6386,27180.890520600136
6387,27180.890520600144
6388,27200.629729402212
6389,27200.629729402277
6390,27200.629729402313
6391,27200.629729402379
6392,27203.112965053468
6393,27211.158441028063
6394,27212.577163779413
6395,27212.676699909069
6396,27223.834391402837
6397,27223.835978091989
6398,27239.319499913432
6399,27239.364086628782
6400,27249.914269661396
6401,27250.129099664395
6402,27254.187403867272
6403,27255.739497950482
6404,27259.847355808797
6405,27259.847355808848
6406,27270.781542635803
6407,27275.246094557217
6408,27275.834164147724
6409,27284.267930565282
6410,27291.539067249309
6411,27291.740448905246
6412,27299.368355615003
6413,27299.591630295879
6414,27301.465293399364
6415,27303.635374646448
6416,27308.176812910006
6417,27319.064982215303
6418,27319.064982215354
6419,27320.133398252994
6420,27320.938036921842
6421,27325.611115556669
6422,27328.300118916504
6423,27337.787806582364
6424,27338.804191017425
6425,27338.804191017505
6426,27338.804191017523
6427,27338.804191017589
6428,27355.233899268867
6429,27355.636250520343
6430,27358.250007442079
6431,27360.600982513548
6432,27366.805755430123
6433,27369.551129154872
6434,27375.135335907187
6435,27405.667124403444
6436,27406.399071429729
6437,27407.891421825141
6438,27407.891421825188
6439,27410.364527072808
6440,27418.552055895521
6441,27421.923771776008
6442,27428.388514362792
6443,27436.003151219778
6444,27437.683989683719
6445,27447.463999497806
6446,27449.657649376484
6447,27449.666152854254
6448,27460.425121652333
6449,27461.248274355654
6450,27467.102187692584
6451,27481.822046754838
6452,27481.945457460402
6453,27486.848257033842
6454,27486.848257033871
6455,27486.848257033918
6456,27486.848257034031
6457,27494.708678084226
6458,27494.958262920387
6459,27514.942811119963
6460,27516.457070236946
6461,27516.457070237124
6462,27516.457070237146
6463,27516.457070237178
6464,27518.930531325605
6465,27519.229226953139
6466,27526.326674638211
6467,27526.326674638214
6468,27528.742238133498
6469,27530.167022615147
6470,27545.750570103126
6471,27545.905627792617
6472,27555.935487841478
6473,27555.93548784154
6474,27557.891126388386
6475,27559.003822295163
6476,27561.48882213073
6477,27562.279518739109
6478,27569.386016708253
6479,27574.553298537794
6480,27578.213753421674
6481,27578.319624842206
6482,27605.283509846911
6483,27605.283509846926
6484,27607.9956635833
6485,27611.477984205594
6486,27611.554456483791
6487,27620.663527112956
6488,27627.661052328171
6489,27629.816760587848
6490,27644.761927451265
6491,27644.761927451353
6492,27650.647936076573
6493,27651.893946131891
6494,27674.370740654631
6495,27674.370740654642
6496,27675.611886925573
6497,27676.358460938056
6498,27677.520872274745
6499,27679.501077139274
6500,27689.425642114562
6501,27693.184512163389
6502,27705.548026336139
6503,27709.100361957884
6504,27723.718762659846
6505,27723.718762660039
6506,27728.797264395183
6507,27729.148525045315
6508,27731.218911199157
6509,27731.226096286879
6510,27733.58836706098
6511,27733.588367061064
6512,27733.588367061133
6513,27733.588367061169
6514,27736.993890353489
6515,27737.64378149937
6516,27752.616274415814
6517,27752.668768234027
6518,27755.125020354084
6519,27756.373459757575
6520,27758.274087634811
6521,27760.334960905318
6522,27763.197180264302
6523,27763.197180264367
6524,27763.197180264397
6525,27763.197180264444
6526,27765.413268879009
6527,27765.421030691483
6528,27773.488625636113
6529,27773.904159516824
6530,27793.608987692933
6531,27794.087182103587
6532,27802.675597868732
6533,27802.675597868758
6534,27803.966625781897
6535,27805.849923244299
6536,27812.545202269808
6537,27812.545202269881
6538,27828.200607148869
6539,27828.988274143827
6540,27835.195792182665
6541,27843.712156466725
6542,27848.950945402681
6543,27851.823865476363
6544,27855.023078572212
6545,27855.699867104657
6546,27859.756635913302
6547,27861.24968503329
6548,27864.040381964653
6549,27864.085776622367
6550,27871.762828676325
6551,27871.762828676357
6552,27881.632433077197
6553,27881.632433077411
6554,27881.632433077411
6555,27881.632433077451
6556,27881.632433077484
6557,27881.63243307751
6558,27891.502037478574
6559,27891.5020374786
6560,27929.421838645732
6561,27929.55616599628
6562,27933.870129952629
6563,27937.792505949743
6564,27955.929340541588
6565,27958.28713470947
6566,27960.589268286032
6567,27960.589268286141
6568,27970.458872687195
6569,27970.458872687246
6570,27970.458872687257
6571,27970.458872687293
6572,27972.221443035043
6573,27972.234887109735
6574,27981.551129295847
6575,27983.757138054156
6576,27984.673917817167
6577,27990.198081489376
6578,27990.198081489529
6579,27990.932430393761
6580,27994.019931479346
6581,27994.235903406949
6582,28000.067685890506
6583,28000.067685890648
6584,28007.233145490591
6585,28007.261647599833
6586,28009.864876678428
6587,28019.658717890892
6588,28022.652261259485
6589,28024.980862133511
6590,28037.359977301385
6591,28037.531836599657
6592,28039.05050738572
6593,28039.431879405518
6594,28043.289573847156
6595,28048.701509428302
6596,28049.415707895929
6597,28049.415707895987
6598,28055.030574767839
6599,28071.6075720929
6600,28079.024521099211
6601,28079.024521099236
6602,28079.024521099298
6603,28079.024521099331
6604,28079.365157345936
6605,28079.793750002635
6606,28108.633334302525
6607,28108.633334302584
6608,28113.146223800293
6609,28115.638889697166
6610,28117.928033539451
6611,28136.380029395496
6612,28136.401698053414
6613,28141.002665483476
6614,28141.156800022374
6615,28144.569938154946
6616,28157.98135630793
6617,28157.981356307937
6618,28160.19720618206
6619,28160.890435823938
6620,28171.083355417191
6621,28179.221721222511
6622,28186.538068242575
6623,28187.58001972676
6624,28196.179819853416
6625,28196.436638153544
6626,28197.459773912331
6627,28197.459773912386
6628,28207.313123299169
6629,28207.329378313367
6630,28207.329378313425
6631,28225.727032444473
6632,28230.892414736554
6633,28236.938191516656
6634,28236.938191516725
6635,28240.793753302038
6636,28240.848406676021
6637,28253.818839838197
6638,28258.777170843299
6639,28258.797032146762
6640,28261.696160914558
6641,28261.719087911479
6642,28264.432698370329
6643,28271.835495310013
6644,28279.561817872207
6645,28279.613056611215
6646,28286.286213522053
6647,28286.286213522108
6648,28289.670894869294
6649,28290.607606061603
6650,28291.559136553584
6651,28291.7813001873
6652,28301.267282749985
6653,28314.259250788531
6654,28315.895038698174
6655,28315.99370372323
6656,28335.73322920435
6657,28337.066582340984
6658,28339.726397181148
6659,28340.122377738986
6660,28355.37344432966
6661,28355.373444329674
6662,28355.373444329718
6663,28355.373444329725
6664,28355.373444329762
6665,28355.373444329791
6666,28359.364830730352
6667,28359.564597205117
6668,28363.376452127304
6669,28364.155647441858
6670,28385.896033986686
6671,28385.971141244543
6672,28401.661848129344
6673,28401.728715983845
6674,28406.369311690349
6675,28414.114063174755
6676,28418.945260953351
6677,28420.296140232669
6678,28424.460675137318
6679,28424.460675137361
6680,28431.893391133075
6681,28432.205321903883
6682,28436.618069708158
6683,28437.334008749996
6684,28438.704887771957
6685,28442.070100910551
6686,28450.85199970238
6687,28451.288300627897
6688,28455.783061101767
6689,28457.400619990265
6690,28473.80869714278
6691,28473.808697142831
6692,28473.808697142849
6693,28473.808697142871
6694,28491.067428934664
6695,28491.341603058725
6696,28494.983204483495
6697,28499.483202921634
6698,28500.365294584855
6699,28501.577515013953
6700,28503.41751034608
6701,28523.15671914809
6702,28523.15671914813
6703,28523.15671914821
6704,28523.156719148246
6705,28523.156719148275
6706,28523.156719148341
6707,28524.729682540681
6708,28527.167734610088
6709,28535.351823609883
6710,28544.282040873022
6711,28577.994215490962
6712,28582.374345554799
6713,28582.374345554908
6714,28583.695729932817
6715,28587.390801949874
6716,28587.411266739455
6717,28591.149679843609
6718,28591.671549353581
6719,28592.243949955864
6720,28592.243949955886
6721,28605.326923037039
6722,28605.747304728699
6723,28621.852763158982
6724,28621.852763159084
6725,28621.852763159131
6726,28621.852763159168
6727,28621.85276315919
6728,28621.852763159346
6729,28642.798977275186
6730,28643.128861454439
6731,28652.057430935631
6732,28652.068955225543
6733,28663.278545288736
6734,28663.798199338602
6735,28672.04605621878
6736,28680.753523834992
6737,28681.070389565648
6738,28681.070389565724
6739,28682.008771616791
6740,28685.895045903755
6741,28707.562656101363
6742,28707.590350829472
6743,28710.67920276897
6744,28710.679202769039
6745,28717.077046469778
6746,28718.446177134658
6747,28724.133891281042
6748,28725.074433198974
6749,28750.478696879476
6750,28752.096871939229
6751,28753.617193986902
6752,28754.141988334108
6753,28758.07357807552
6754,28771.715104775241
6755,28773.119429844137
6756,28773.414789349299
6757,28783.327361135085
6758,28787.152162085611
6759,28787.339456815305
6760,28789.636037977602
6761,28789.636037977732
6762,28789.926682968591
6763,28797.870185163938
6764,28805.60515429491
6765,28805.63753992696
6766,28810.700987372671
6767,28811.079339552238
6768,28819.244851180818
6769,28819.244851180883
6770,28819.244851181014
6771,28819.244851181043
6772,28822.335336681099
6773,28827.291737822401
6774,28828.221361429361
6775,28843.842620916297
6776,28844.677673289832
6777,28857.372150599876
6778,28868.592873186302
6779,28868.592873186313
6780,28868.592873186382
6781,28868.592873186397
6782,28868.592873186433
6783,28868.592873186448
6784,28873.296308235993
6785,28874.767584633981
6786,28884.606920578204
6787,28884.803424121896
6788,28887.691052440357
6789,28888.474234154772
6790,28895.147155762988
6791,28897.203330411197
6792,28908.071290790707
6793,28908.071290790744
6794,28908.071290790747
6795,28908.071290790755
6796,28908.102049240824
6797,28909.822444622798
6798,28915.24638361956
6799,28915.378961856793
6800,28917.940895191809
6801,28917.940895191827
6802,28917.940895191863
6803,28917.940895191881
6804,28924.180840667028
6805,28937.680103993946
6806,28937.680103994036
6807,28946.143405206589
6808,28947.453654193887
6809,28950.943612787116
6810,28965.528103076515
6811,28967.364362311524
6812,28982.935199879597
6813,28982.951380550061
6814,28988.003593349407
6815,28988.312613283582
6816,28996.897730400469
6817,28996.897730400506
6818,28996.897730400564
6819,28996.897730400575
6820,29006.662284411905
6821,29014.609766170881
6822,29016.973154197269
6823,29020.369833903191
6824,29023.240301320533
6825,29026.506543603697
6826,29026.5065436037
6827,29026.506543603798
6828,29026.506543603839
6829,29031.950042511879
6830,29032.550383847702
6831,29034.906286922389
6832,29036.111263880863
6833,29051.79961477498
6834,29052.377141894587
6835,29054.063422684609
6836,29059.539279605164
6837,29072.111036957373
6838,29074.619206580504
6839,29086.385354696897
6840,29088.822507815185
6841,29093.141408711163
6842,29095.937906743799
6843,29106.582361519293
6844,29113.670317648743
6845,29121.250502372117
6846,29124.786110871562
6847,29135.072192015745
6848,29135.072192015792
6849,29144.941796416893
6850,29144.941796416922
6851,29148.874079666126
6852,29148.971441080012
6853,29151.692900522594
6854,29151.895754382625
6855,29160.251813997234
6856,29165.779592110004
6857,29166.894916679397
6858,29167.00021587795
6859,29179.54330022039
6860,29184.420214021233
6861,29184.42021402136
6862,29189.149176800074
6863,29193.320958702319
6864,29193.356002119806
6865,29214.029027224307
6866,29214.029027224351
6867,29214.029027224518
6868,29214.029027224544
6869,29230.331360222935
6870,29230.667329423519
6871,29233.768236026695
6872,29233.768236026801
6873,29239.443487339362
6874,29240.474080443695
6875,29245.888852259912
6876,29248.0984431135
6877,29258.748107379288
6878,29259.327063971796
6879,29263.377049229803
6880,29263.377049229857
6881,29263.377049229941
6882,29263.377049229966
6883,29277.747049838028
6884,29278.276866082255
6885,29302.855466834386
6886,29302.855466834386
6887,29318.287903496999
6888,29324.191002999694
6889,29324.387716383761
6890,29326.082054310435
6891,29328.281663640359
6892,29328.300867949805
6893,29335.773717290947
6894,29336.27811984744
6895,29336.373168185986
6896,29341.042870782829
6897,29355.111523961667
6898,29355.230180195314
6899,29368.061337991367
6900,29368.086129852119
6901,29381.81230204289
6902,29381.812302042978
6903,29381.812302043014
6904,29381.812302043068
6905,29386.50477312701
6906,29389.145609171064
6907,29391.68190644409
6908,29391.681906444137
6909,29399.772144438601
6910,29403.415031335968
6911,29403.940365054939
6912,29406.534240764813
6913,29411.421115246292
6914,29411.421115246321
6915,29411.421115246358
6916,29411.421115246416
6917,29425.574461374501
6918,29428.307525838325
6919,29429.320248776276
6920,29430.089892986169
6921,29442.287734596983
6922,29442.421889545745
6923,29444.481225817075
6924,29444.483260357523
6925,29450.899532850632
6926,29450.89953285069
6927,29453.562284338506
6928,29458.75741064571
6929,29468.632461626948
6930,29469.13726165234
6931,29470.638741652831
6932,29470.638741652856
6933,29488.172084807567
6934,29489.400755285584
6935,29500.247554856029
6936,29500.247554856105
6937,29503.834289770894
6938,29504.081728732683
6939,29516.341257456497
6940,29521.331095068239
6941,29525.727951401441
6942,29529.254522395837
6943,29532.121777755805
6944,29534.713576717269
6945,29536.078013027745
6946,29536.2019390854
6947,29539.725972460401
6948,29539.725972460448
6949,29539.725972460543
6950,29539.725972460601
6951,29555.529758211782
6952,29561.618547314683
6953,29561.640590765022
6954,29578.307349526956
6955,29579.204390064671
6956,29579.204390064835
6957,29617.175193490468
6958,29618.682807669189
6959,29618.68280766924
6960,29621.321063814925
6961,29622.742866741944
6962,29635.000046169389
6963,29636.838191994771
6964,29642.480926535234
6965,29642.87631610184
6966,29645.822244803287
6967,29649.750751908676
6968,29656.494738890087
6969,29658.161225273499
6970,29658.161225273558
6971,29658.161225273609
6972,29658.16122527367
6973,29661.030320760383
6974,29665.839566532824
6975,29667.772861757392
6976,29668.140726557172
6977,29673.370091897428
6978,29676.302414157191
6979,29685.78811708013
6980,29687.85231570086
6981,29695.352135074638
6982,29695.460192397219
6983,29716.432066307392
6984,29720.348604553405
6985,29724.160484522483
6986,29759.712866839793
6987,29765.439747836197
6988,29765.692214006223
6989,29766.726873685493
6990,29766.726873685566
6991,29766.72687368558
6992,29766.726873685722
6993,29773.463621733517
6994,29782.697097121141
6995,29783.466036538746
6996,29785.300004912144
6997,29788.330829611292
6998,29788.418952600234
6999,29804.634644235
7000,29805.52259141274
7001,29808.783570079646
7002,29809.33258324135
7003,29813.262205987823
7004,29826.905348423526
7005,29833.054848991786
7006,29833.965366337841
7007,29855.553313295302
7008,29855.553313295328
7009,29861.755199117855
7010,29861.92840636483
7011,29862.846808868031
7012,29863.012559130984
7013,29865.42291769636
7014,29865.422917696429
7015,29865.422917696433
7016,29865.422917696469
7017,29868.036321630065
7018,29871.967267822722
7019,29874.102839452393
7020,29874.452162325138
7021,29884.099762349444
7022,29884.214878357852
7023,29885.162126498595
7024,29885.162126498653
7025,29895.031730899609
7026,29895.031730899664
7027,29895.0317308997
7028,29895.031730899769
7029,29895.530661431498
7030,29897.695656758729
7031,29912.061000772926
7032,29914.197154625963
7033,29914.973994695127
7034,29920.311476074454
7035,29931.374905540455
7036,29932.309980122925
7037,29934.510148503967
7038,29934.510148504043
7039,29937.071015554593
7040,29937.788498444948
7041,29944.379752905097
7042,29944.379752905101
7043,29944.37975290517
7044,29944.379752905188
7045,29947.574515617402
7046,29947.704003421306
7047,29951.485168205378
7048,29952.338870611908
7049,29973.988566108328
7050,29973.988566108481
7051,29989.077672950869
7052,29989.163972115482
7053,29999.040048184932
7054,30001.300610442744
7055,30005.820009765488
7056,30008.084571118732
7057,30010.630247486115
7058,30013.466983712766
7059,30013.46698371286
7060,30016.999330367707
7061,30023.336588113765
7062,30023.336588113871
7063,30023.336588113914
7064,30043.075796916008
7065,30043.07579691603
7066,30054.911461977732
7067,30055.029820182321
7068,30057.459192741768
7069,30058.232290575095
7070,30071.641829037424
7071,30072.009596788601
7072,30076.519362758503
7073,30076.528601586531
7074,30092.423818921412
7075,30092.423818921488
7076,30093.132693842585
7077,30095.130317410923
7078,30102.293423322521
7079,30102.293423322597
7080,30102.293423322601
7081,30102.29342332263
7082,30102.293423322713
7083,30102.293423322866
7084,30103.195955259729
7085,30104.91829510919
7086,30117.29687552858
7087,30117.341679462475
7088,30126.681347228794
7089,30127.37202928097
7090,30128.747478891401
7091,30128.747496371918
7092,30146.632854882599
7093,30147.24669356475
7094,30165.429051142932
7095,30165.484010930941
7096,30179.111017461018
7097,30184.427193796513
7098,30191.34535733665
7099,30194.424438780647
7100,30199.463031649986
7101,30200.989467333417
7102,30200.989467333467
7103,30200.989467333482
7104,30200.98946733358
7105,30202.481423242811
7106,30210.85907173446
7107,30210.859071734551
7108,30232.076388592915
7109,30233.263667460447
7110,30242.646724807517
7111,30243.505382403906
7112,30250.337489338821
7113,30250.337489338883
7114,30250.337489338945
7115,30250.337489338959
7116,30265.022238386544
7117,30265.053470169594
7118,30284.300828095878
7119,30294.732531557434
7120,30296.701584123432
7121,30298.005682629497
7122,30298.727555336653
7123,30299.459383818579
7124,30318.498204962267
7125,30334.919395349301
7126,30335.634559190381
7127,30339.163928948677
7128,30339.163928948703
7129,30339.163928948798
7130,30339.163928948838
7131,30346.384294211814
7132,30348.351213904647
7133,30356.498104861232
7134,30357.582326810676
7135,30358.569995834754
7136,30358.903137750833
7137,30358.903137750924
7138,30368.772742151792
7139,30368.772742151963
7140,30368.772742151978
7141,30368.77274215205
7142,30373.458316095268
7143,30380.931104695326
7144,30385.973342161895
7145,30387.468422524773
7146,30388.047660278124
7147,30402.330666203365
7148,30402.779897632801
7149,30405.180959592475
7150,30407.214880309901
7151,30408.93019448921
7152,30409.126517493012
7153,30414.167668721453
7154,30414.921915232258
7155,30434.305093612984
7156,30435.745479792877
7157,30440.997142515273
7158,30441.027212933743
7159,30445.266888888076
7160,30447.729577360584
7161,30447.72957736062
7162,30447.729577360657
7163,30447.729577360737
7164,30460.760882247439
7165,30462.223924074424
7166,30477.338390563993
7167,30477.338390564
7168,30478.214912099946
7169,30481.025950239236
7170,30481.343542866372
7171,30487.207994964989
7172,30487.207994965054
7173,30489.096261055831
7174,30489.121019944927
7175,30501.255355938942
7176,30501.891989705517
7177,30516.816808168216
7178,30516.816808168278
7179,30527.511888083969
7180,30531.037998518543
7181,30540.111311363813
7182,30544.29771975286
7183,30544.770818606121
7184,30548.395768972616
7185,30551.891498005294
7186,30552.256222387154
7187,30555.353690369906
7188,30562.891313224423
7189,30567.885377735533
7190,30576.034434574747
7191,30576.034434574918
7192,30579.582934982056
7193,30580.509055833016
7194,30585.347699687725
7195,30588.439922675563
7196,30590.038558309276
7197,30596.34400126159
7198,30603.915818481586
7199,30604.042398274087
7200,30631.044129262362
7201,30635.252060981249
7202,30635.252060981373
7203,30635.587844104753
7204,30636.204794876961
7205,30645.086114901162
7206,30646.184505975303
7207,30646.200439745517
7208,30654.991269783459
7209,30654.991269783586
7210,30668.164395172924
7211,30668.388293337983
7212,30676.503229120397
7213,30676.880391096787
7214,30684.600082986806
7215,30684.600082986832
7216,30701.346757584197
7217,30701.493790604905
7218,30706.523416886743
7219,30710.962532863959
7220,30714.208896190063
7221,30714.208896190114
7222,30717.080595645941
7223,30717.30256296942
7224,30733.94810499228
7225,30733.948104992283
7226,30739.052475187978
7227,30743.769117264041
7228,30744.649690724291
7229,30747.386614009301
7230,30755.293029260534
7231,30755.805474281664
7232,30773.781779714926
7233,30773.996016285266
7234,30774.918602858175
7235,30775.809014157039
7236,30803.035335799847
7237,30803.035335799854
7238,30804.351669510463
7239,30805.170227510189
7240,30833.175440522293
7241,30835.009861430819
7242,30838.941747319022
7243,30839.658855737503
7244,30842.513753404011
7245,30842.513753404019
7246,30842.513753404153
7247,30842.513753404168
7248,30842.513753404197
7249,30842.513753404433
7250,30854.738435070591
7251,30854.842763867877
7252,30859.725448483827
7253,30865.400519314884
7254,30865.665754606394
7255,30869.44706559533
7256,30870.115326183142
7257,30873.916329535059
7258,30877.597056048075
7259,30877.782421861903
7260,30891.861775409554
7261,30891.861775409576
7262,30891.861775409576
7263,30891.861775409758
7264,30921.470588612854
7265,30921.470588612894
7266,30921.470588612978
7267,30921.470588612996
7268,30933.470842398503
7269,30935.596350985536
7270,30938.207411170268
7271,30940.400382544671
7272,30950.329805074496
7273,30950.753066715864
7274,30958.0296430505
7275,30958.194480720358
7276,30960.949006217244
7277,30960.949006217339
7278,30970.832926779061
7279,30972.205241576357
7280,30977.373193248681
7281,30977.38387247788
7282,30990.557819420337
7283,30990.557819420505
7284,30990.557819420555
7285,30990.557819420577
7286,30991.220022421148
7287,30992.445200231752
7288,30997.381591869256
7289,30998.134649616954
7290,31000.427423821562
7291,31000.427423821711
7292,31015.472171463116
7293,31015.499851964731
7294,31035.855797386645
7295,31036.199737035196
7296,31039.905841425898
7297,31039.905841425938
7298,31039.905841425978
7299,31039.905841426014
7300,31039.90584142604
7301,31039.905841426102
7302,31039.905841426174
7303,31039.905841426229
7304,31049.77544582701
7305,31049.775445827127
7306,31052.24202782099
7307,31052.994243949448
7308,31059.374081539601
7309,31061.814494828486
7310,31068.158014018336
7311,31075.602248537347
7312,31082.627486755548
7313,31082.714149531614
7314,31087.047904212708
7315,31087.486160570839
7316,31099.908975550054
7317,31100.613000294419
7318,31100.672395453857
7319,31108.993072233585
7320,31108.993072233603
7321,31121.733795636668
7322,31122.453337456151
7323,31125.431090065445
7324,31137.994294631924
7325,31139.608795617773
7326,31146.479237636129
7327,31146.501642551102
7328,31152.14834731412
7329,31153.188302059494
7330,31161.865378064278
7331,31166.080033947328
7332,31171.50187278424
7333,31172.423566804799
7334,31173.17852042742
7335,31174.496570865369
7336,31174.617757430457
7337,31184.253942057745
7338,31197.291479695872
7339,31197.819511843234
7340,31197.819511843336
7341,31197.819511843409
7342,31197.819511843529
7343,31208.913565964256
7344,31208.948049581613
7345,31215.643841719306
7346,31251.490411554307
7347,31251.619684748526
7348,31255.602132816937
7349,31255.843032251003
7350,31259.987004899122
7351,31265.754596868381
7352,31268.179437745701
7353,31276.776347052029
7354,31276.776347052306
7355,31286.645951453051
7356,31286.645951453193
7357,31286.645951453251
7358,31286.645951453254
7359,31295.437828258393
7360,31306.385160255479
7361,31306.385160255497
7362,31306.385160255526
7363,31306.385160255581
7364,31313.45337168502
7365,31314.516571187782
7366,31321.072939995775
7367,31323.591009874795
7368,31327.364462108704
7369,31337.469597866664
7370,31345.601640511755
7371,31345.863577859745
7372,31345.863577859804
7373,31345.938735141604
7374,31354.766634325486
7375,31354.833527771836
7376,31355.733182260654
7377,31355.733182260927
7378,31365.131585185034
7379,31377.051962011115
7380,31382.14118749788
7381,31382.244994745754
7382,31385.045697974121
7383,31385.144946868157
7384,31395.211599865146
7385,31395.211599865223
7386,31400.054282685691
7387,31400.918758866857
7388,31404.886808866329
7389,31407.063201235163
7390,31416.626253596172
7391,31416.627986075848
7392,31418.317635978048
7393,31424.433200848307
7394,31434.690017469551
7395,31434.690017469551
7396,31434.690017469551
7397,31434.690017469653
7398,31448.251297980591
7399,31448.314960712018
7400,31454.056923525528
7401,31458.49802584224
7402,31464.298830672695
7403,31464.298830672928
7404,31480.309213419227
7405,31485.918642204382
7406,31498.665481916782
7407,31499.109843807881
7408,31506.987873873397
7409,31507.419056969182
7410,31515.581289170164
7411,31516.398123484687
7412,31517.045171881266
7413,31517.912065128701
7414,31523.516457079339
7415,31523.516457079411
7416,31542.349797840285
7417,31544.029436396486
7418,31545.961166896184
7419,31545.971809090141
7420,31555.468270415342
7421,31555.496741705647
7422,31561.119441034167
7423,31569.283449955165
7424,31582.734083485931
7425,31582.734083485946
7426,31582.734083486055
7427,31586.854847578164
7428,31588.044221307271
7429,31594.071917486461
7430,31594.177338068861
7431,31597.303794113301
7432,31599.10932457928
7433,31602.473292287992
7434,31602.473292288207
7435,31602.690811931527
7436,31604.045204644215
7437,31614.602519446813
7438,31615.05104492441
7439,31622.212501090296
7440,31622.212501090344
7441,31632.082105491245
7442,31632.082105491445
7443,31632.082105491481
7444,31632.082105491481
7445,31643.555081833758
7446,31647.139449110586
7447,31652.141969380282
7448,31652.312668270053
7449,31661.69091869468
7450,31661.690918694727
7451,31666.579782968056
7452,31666.638997268754
7453,31671.560523095719
7454,31671.560523095912
7455,31676.878342144861
7456,31676.908320370239
7457,31685.668525416306
7458,31685.915209066727
7459,31701.831736084252
7460,31702.955136491782
7461,31731.231060926981
7462,31747.426639315294
7463,31750.517358304493
7464,31750.517358304573
7465,31750.579293102248
7466,31750.680834485083
7467,31757.826047071965
7468,31758.041025471612
7469,31760.386962705546
7470,31760.386962705583
7471,31765.786546903884
7472,31766.915218291808
7473,31789.995775908781
7474,31789.995775908865
7475,31794.734644560289
7476,31796.866687693127
7477,31810.464521609196
7478,31810.511422115298
7479,31834.467001767651
7480,31835.385066805051
7481,31838.398259365873
7482,31838.502291936838
7483,31839.343797914215
7484,31839.343797914291
7485,31848.051625106469
7486,31848.95273024348
7487,31850.682645703888
7488,31856.433906423481
7489,31861.593103198302
7490,31864.827677447029
7491,31868.952611117489
7492,31868.952611117518
7493,31871.451418678062
7494,31873.50975712296
7495,31873.981063198029
7496,31873.996653355731
7497,31885.11599333246
7498,31890.187741744292
7499,31890.376471071362
7500,31898.561424320807
7501,31898.561424320844
7502,31901.284016978745
7503,31904.372821756049
7504,31908.431028721712
7505,31908.431028721872
7506,31908.431028721923
7507,31908.431028722083
7508,31918.004596624934
7509,31936.375449822503
7510,31936.814637552634
7511,31938.039841925165
7512,31938.039841925191
7513,31938.690909216115
7514,31942.690650922268
7515,31952.2558931641
7516,31962.511337290081
7517,31964.501114542902
7518,31977.51825952953
7519,31977.518259529585
7520,31980.070499019421
7521,31980.298227215499
7522,31984.043914336642
7523,31985.089419619082
7524,31997.257468331722
7525,31997.257468331874
7526,32008.494008103022
7527,32031.107670695921
7528,32031.210573769444
7529,32041.934028384341
7530,32070.348580846792
7531,32070.498904380314
7532,32075.195985098348
7533,32075.907897061428
7534,32076.21430354011
7535,32076.214303540306
7536,32076.214303540328
7537,32076.21430354035
7538,32076.214303540397
7539,32076.214303540499
7540,32076.214303540517
7541,32076.214303540593
7542,32086.291793515866
7543,32086.517919219041
7544,32088.176907996989
7545,32092.474266732715
7546,32096.125687049775
7547,32096.137093433084
7548,32102.480633124018
7549,32103.048574229728
7550,32105.82311674357
7551,32105.823116743715
7552,32107.364931375159
7553,32112.029688532108
7554,32113.062842113992
7555,32118.305098661342
7556,32124.697077299763
7557,32125.563150151265
7558,32127.580310104306
7559,32132.912788314032
7560,32133.262760701942
7561,32138.741405914901
7562,32145.301534347818
7563,32145.301534347975
7564,32145.531647862987
7565,32145.618276070345
7566,32150.19582318639
7567,32155.171138749156
7568,32155.171138749156
7569,32157.92298415169
7570,32164.387141728224
7571,32171.050590739113
7572,32172.156436470897
7573,32197.363946514117
7574,32197.374724165093
7575,32202.813402820982
7576,32213.578511875927
7577,32215.158364183411
7578,32216.855674221268
7579,32224.258369556759
7580,32224.258369556788
7581,32224.258369556799
7582,32224.258369556886
7583,32226.088382545247
7584,32230.885004003845
7585,32237.007463072594
7586,32237.008590578655
7587,32247.319303556458
7588,32247.472066809059
7589,32267.401731921978
7590,32268.936769595311
7591,32271.632396585643
7592,32272.385665926675
7593,32278.671099802988
7594,32287.721907513525
7595,32293.34560036433
7596,32293.345600364424
7597,32297.176259686417
7598,32297.435364009671
7599,32313.084809166572
7600,32313.084809166587
7601,32314.219066140191
7602,32314.315923907376
7603,32338.326713905
7604,32342.693622369701
7605,32342.693622369756
7606,32342.693622369836
7607,32342.693622369901
7608,32344.386798522166
7609,32345.982559480057
7610,32346.238112857678
7611,32350.374082736111
7612,32350.442620056732
7613,32372.302435572914
7614,32372.302435573023
7615,32372.302435573049
7616,32372.30243557311
7617,32372.961603357544
7618,32373.188675312143
7619,32374.406132643591
7620,32374.757750719182
7621,32382.172039974019
7622,32382.172039974077
7623,32382.172039974179
7624,32382.172039974186
7625,32386.07021393385
7626,32386.370724481279
7627,32411.780853177464
7628,32411.780853177475
7629,32421.650457578391
7630,32421.650457578529
7631,32421.650457578595
7632,32421.650457578595
7633,32422.73950195434
7634,32426.884701467694
7635,32431.722614594568
7636,32440.078842351977
7637,32460.454627794908
7638,32460.636360904868
7639,32466.421202724101
7640,32467.086963408732
7641,32471.972495357433
7642,32479.110325594098
7643,32490.173337517936
7644,32491.143934698295
7645,32500.607292787012
7646,32500.607292787256
7647,32500.607292787263
7648,32500.607292787397
7649,32511.063515776543
7650,32511.403559889699
7651,32523.645460249183
7652,32524.019704486989
7653,32526.481135072609
7654,32531.471183329457
7655,32545.060606532901
7656,32546.670246572077
7657,32549.955314792653
7658,32549.955314792707
7659,32549.95531479274
7660,32549.955314792744
7661,32564.397494615379
7662,32568.655715643057
7663,32579.564127995942
7664,32579.564127996055
7665,32598.611481908563
7666,32599.459459344947
7667,32604.297624898467
7668,32604.332189746248
7669,32618.451878763044
7670,32618.454421016599
7671,32619.042545600249
7672,32619.042545600325
7673,32619.042545600369
7674,32619.042545600492
7675,32623.777717571076
7676,32629.406614825959
7677,32632.717718597312
7678,32635.374591267017
7679,32636.20502235799
7680,32638.217912518412
7681,32641.621104976603
7682,32641.622811460442
7683,32649.246869842307
7684,32660.982938851841
7685,32671.024811724623
7686,32671.051779192589
7687,32675.339710589462
7688,32677.276945496706
7689,32685.300876216956
7690,32691.004277740518
7691,32691.703468024807
7692,32697.999380809058
7693,32697.999380809091
7694,32705.381685121691
7695,32707.868985210142
7696,32707.868985210142
7697,32714.408124537222
7698,32714.637012069656
7699,32718.749214246873
7700,32718.866504655158
7701,32727.608194012042
7702,32727.608194012289
7703,32727.680751836859
7704,32728.674506900446
7705,32753.391892666252
7706,32755.59938826878
7707,32756.499572210305
7708,32757.56334624907
7709,32758.720089106511
7710,32775.693705338643
7711,32776.035575314767
7712,32776.956216017665
7713,32776.956216017723
7714,32792.935650835992
7715,32797.493187235203
7716,32797.702157358282
7717,32827.929765495959
7718,32828.702275694181
7719,32839.744310123344
7720,32841.590894415298
7721,32846.043446825373
7722,32846.043446825381
7723,32853.019730479362
7724,32855.913051226438
7725,32855.913051226475
7726,32860.62637726307
7727,32865.782655627387
7728,32865.782655627547
7729,32865.782655627612
7730,32865.782655627627
7731,32866.618164603489
7732,32867.426929426932
7733,32870.837119133845
7734,32872.824045095127
7735,32877.900209893174
7736,32878.023908530042
7737,32885.521864429764
7738,32885.521864429815
7739,32889.731471297695
7740,32890.247573433269
7741,32893.723513483135
7742,32903.157383046557
7743,32914.616625622912
7744,32914.631361709369
7745,32918.056618513103
7746,32927.163259071436
7747,32929.5781221098
7748,32929.604656001255
7749,32939.82732994973
7750,32939.996172104438
7751,32944.739490836233
7752,32944.739490836299
7753,32949.573366534169
7754,32949.691187575423
7755,32956.797507202435
7756,32963.918024960891
7757,32964.070233979677
7758,32968.523628704432
7759,32974.348304039471
7760,32974.348304039544
7761,32974.348304039602
7762,32974.348304039864
7763,32995.01975201544
7764,32995.075162878937
7765,33005.454022169884
7766,33011.225767845186
7767,33017.842197711681
7768,33020.250940702113
7769,33028.16244820258
7770,33030.411934610682
7771,33034.410397909487
7772,33035.604778349028
7773,33053.30513924815
7774,33053.305139248281
7775,33053.305139248361
7776,33053.30513924839
7777,33053.555987856787
7778,33066.192105929389
7779,33078.373125918122
7780,33080.525623278489
7781,33105.526651744971
7782,33105.96511770341
7783,33110.485612042721
7784,33110.492045122694
7785,33132.261974456982
7786,33132.26197445704
7787,33135.913626313624
7788,33136.157670762623
7789,33145.741729956862
7790,33147.053662704508
7791,33147.124895978792
7792,33149.109935455752
7793,33167.317000542535
7794,33171.164683462361
7795,33171.740392061365
7796,33171.740392061372
7797,33171.815876398388
7798,33179.268255949421
7799,33181.609996462365
7800,33181.609996462386
7801,33181.609996462394
7802,33183.086288855913
7803,33183.10869161944
7804,33194.032428040089
7805,33194.100340811943
7806,33201.349205264662
7807,33201.349205264698
7808,33211.21880966553
7809,33211.218809665697
7810,33228.996995074158
7811,33230.323435178325
7812,33240.936543276293
7813,33241.029780487472
7814,33255.362283486305
7815,33255.41101927188
7816,33260.566831671014
7817,33260.566831671182
7818,33260.566831671189
7819,33260.566831671218
7820,33262.078327627147
7821,33262.28505581231
7822,33291.466469841391
7823,33291.693520790257
7824,33315.419813702509
7825,33327.738392168452
7826,33328.702921125827
7827,33332.400998300545
7828,33338.370985945221
7829,33339.402198973272
7830,33351.431525848267
7831,33352.131051890603
7832,33359.262875681947
7833,33359.262875682034
7834,33359.262875682034
7835,33359.262875682121
7836,33362.540788567356
7837,33362.903147703822
7838,33371.818623467349
7839,33371.893855950155
7840,33382.164719206543
7841,33387.275617557541
7842,33408.61089768738
7843,33408.610897687431
7844,33408.610897687431
7845,33408.610897687533
7846,33418.480502088569
7847,33418.480502088591
7848,33429.087899033839
7849,33430.853594471278
7850,33438.529977260579
7851,33438.738618939096
7852,33449.510945739588
7853,33450.460095802729
7854,33454.713359540692
7855,33459.014240711156
7856,33462.126618061229
7857,33467.795594491508
7858,33468.420176652529
7859,33477.698128495096
7860,33477.698128495205
7861,33478.285019231793
7862,33487.567732896052
7863,33487.567732896146
7864,33487.56773289619
7865,33487.567732896219
7866,33491.141092899146
7867,33497.437337297299
7868,33497.437337297335
7869,33506.171296363187
7870,33506.721577631863
7871,33520.105445494999
7872,33542.659316155223
7873,33550.81262976084
7874,33551.712191496656
7875,33555.893545555453
7876,33556.654963703739
7877,33556.65496370379
7878,33556.654963703833
7879,33556.65496370387
7880,33559.14082586419
7881,33579.423246215738
7882,33579.514758107238
7883,33599.476663338784
7884,33599.528521671607
7885,33608.824463700133
7886,33615.683402223076
7887,33619.128225373577
7888,33629.769696847383
7889,33631.128586369727
7890,33642.859853261827
7891,33648.984173310426
7892,33650.299181891169
7893,33659.706406489167
7894,33660.656697560466
7895,33666.465092525141
7896,33666.980108472344
7897,33675.090216516823
7898,33675.090216516874
7899,33675.514388928321
7900,33678.838941522656
7901,33688.35102171058
7902,33690.404918885113
7903,33704.995769954796
7904,33706.35537723155
7905,33720.590584756836
7906,33730.289696581291
7907,33734.30784292343
7908,33734.307842923597
7909,33738.075761111846
7910,33739.137176500102
7911,33739.884947371327
7912,33767.106900858911
7913,33767.359238676705
7914,33781.13522632794
7915,33781.827016758769
7916,33803.395073730819
7917,33803.395073731052
7918,33803.395073731052
7919,33803.395073731081
7920,33803.395073731095
7921,33803.395073731168
7922,33806.524706936973
7923,33811.192811925641
7924,33813.775920620952
7925,33816.823226208558
7926,33817.095206060825
7927,33828.724348847907
7928,33840.907747336423
7929,33845.788163237041
7930,33880.102498556473
7931,33880.109455953891
7932,33881.79170445315
7933,33881.933286904197
7934,33882.351908939774
7935,33882.351908939789
7936,33887.144502643627
7937,33889.860037606988
7938,33892.221513340693
7939,33892.22151334081
7940,33892.221513340897
7941,33892.221513341035
7942,33916.972155383737
7943,33917.156348997363
7944,33921.370603770323
7945,33921.990090439234
7946,33931.93244905657
7947,33936.443560401669
7948,33947.778006900568
7949,33953.39056316499
7950,33958.61253112695
7951,33960.279345112911
7952,33971.178348549591
7953,33971.178348549714
7954,33979.678494564454
7955,33981.298562288641
7956,34000.787161752756
7957,34000.7871617528
7958,34000.787161752822
7959,34000.787161752829
7960,34000.787161752865
7961,34000.787161752982
7962,34023.577967859856
7963,34025.049387160274
7964,34038.192562199816
7965,34038.202326478808
7966,34038.412759336439
7967,34040.265579357205
7968,34040.265579357241
7969,34046.331666605249
7970,34046.620749731679
7971,34049.393803491745
7972,34055.280244917347
7973,34061.857751473821
7974,34093.642407718267
7975,34097.71934898242
7976,34119.222414565906
7977,34119.222414565935
7978,34124.78447551201
7979,34126.768753092831
7980,34144.403851465497
7981,34145.345551143473
7982,34145.499577200258
7983,34146.61923109262
7984,34148.831227769006
7985,34148.831227769144
7986,34148.831227769173
7987,34148.831227769428
7988,34150.176014626421
7989,34150.41814776379
7990,34158.70083217018
7991,34158.700832170325
7992,34159.907977819719
7993,34160.357712998521
7994,34208.048854175744
7995,34208.048854175846
7996,34229.78948847243
7997,34230.366964454217
7998,34234.222412805902
7999,34237.657667378968
8000,34237.657667379041
8001,34239.843889457676
8002,34248.422437085224
8003,34255.45504300933
8004,34274.212246421594
8005,34278.046309279278
8006,34278.129370561335
8007,34285.454255063712
8008,34287.005689384416
8009,34287.005689384612
8010,34299.141638126144
8011,34301.877166798877
8012,34303.055799390371
8013,34303.30150688599
8014,34311.15046729509
8015,34327.603750034876
8016,34330.701714028975
8017,34334.804186760797
8018,34362.167857562126
8019,34365.024723613147
8020,34377.077257233293
8021,34385.867470583456
8022,34390.840448885603
8023,34395.571337796166
8024,34395.571337796311
8025,34395.571337796413
8026,34395.57133779642
8027,34397.500157726783
8028,34403.507640498807
8029,34408.209315930828
8030,34418.825104296971
8031,34425.180150999513
8032,34425.180150999702
8033,34425.861906475577
8034,34436.238365913181
8035,34436.699183400138
8036,34444.919359801759
8037,34444.919359801861
8038,34446.231743706965
8039,34447.280897521254
8040,34451.557015802515
8041,34452.454446670752
8042,34464.658568604063
8043,34464.658568604144
8044,34471.210670601591
8045,34477.572655750992
8046,34492.98591676051
8047,34502.317313088322
8048,34508.508868627083
8049,34514.006590609351
8050,34514.006590609475
8051,34524.513340070269
8052,34539.831293129202
8053,34540.187792864301
8054,34549.905035536758
8055,34553.485008213815
8056,34553.485008213946
8057,34560.560632997112
8058,34569.127034726924
8059,34569.459776128737
8060,34587.694798041637
8061,34592.963425818052
8062,34592.963425818183
8063,34592.96342581819
8064,34592.963425818431
8065,34596.289245227032
8066,34628.242827214453
8067,34628.524677509697
8068,34632.441843422566
8069,34632.441843422617
8070,34634.357420554101
8071,34639.343237657624
8072,34641.58627857425
8073,34644.34625973698
8074,34654.33318562396
8075,34654.449054561599
8076,34662.437321488644
8077,34665.159446977734
8078,34687.672485736817
8079,34693.652945447597
8080,34698.045819260937
8081,34706.186601124245
8082,34708.981816642219
8083,34709.328014196923
8084,34722.617260858839
8085,34722.920787399467
8086,34755.394905319372
8087,34757.350315664989
8088,34767.095107478977
8089,34769.363928230079
8090,34776.55858573228
8091,34776.565855289031
8092,34780.485909438867
8093,34780.485909438961
8094,34782.654584132913
8095,34794.955636068109
8096,34819.964327043228
8097,34829.833931444366
8098,34829.833931444446
8099,34835.221877950724
8100,34839.70353584543
8101,34839.70353584543
8102,34840.946860191223
8103,34855.887997347862
8104,34855.914621432865
8105,34860.792768594103
8106,34861.649496311977
8107,34873.754694820091
8108,34874.620671062214
8109,34898.921162251863
8110,34898.921162252023
8111,34898.92116225206
8112,34898.921162252082
8113,34918.660371054182
8114,34918.660371054291
8115,34918.66037105432
8116,34918.660371054393
8117,34925.082961122331
8118,34925.575597030947
8119,34934.249472197713
8120,34940.355813306349
8121,34946.017746958656
8122,34948.269184257406
8123,34948.269184257406
8124,34952.827578181867
8125,34961.125971667643
8126,34966.191195849242
8127,34987.747601861789
8128,34987.747601861818
8129,34997.16846261375
8130,34997.617206262847
8131,34997.617206262905
8132,35002.07739702813
8133,35022.340531872389
8134,35023.657495704698
8135,35041.480306883604
8136,35044.986543367901
8137,35062.270762337932
8138,35062.979857020473
8139,35073.456520257656
8140,35076.574041471526
8141,35076.574041471555
8142,35076.770617163311
8143,35101.171068280841
8144,35106.182854674837
8145,35106.182854674902
8146,35106.852570857518
8147,35108.067483917046
8148,35114.874136513921
8149,35121.305140930504
8150,35125.960187772747
8151,35135.791667877966
8152,35135.791667878155
8153,35135.82009972931
8154,35155.530876680212
8155,35155.530876680248
8156,35161.655234304912
8157,35163.855518671109
8158,35167.634909896413
8159,35173.466723220132
8160,35186.424746850556
8161,35189.66667695497
8162,35189.704654332607
8163,35190.619629073597
8164,35191.709521281591
8165,35201.8303086202
8166,35213.936252987769
8167,35214.604623494582
8168,35254.086871201464
8169,35259.163732190253
8170,35259.212820826622
8171,35264.096525092173
8172,35264.096525092289
8173,35283.746765804564
8174,35290.939131585983
8175,35291.839258890497
8176,35303.574942696614
8177,35303.574942696687
8178,35310.333294370706
8179,35312.241113771459
8180,35313.444547097679
8181,35313.444547097817
8182,35322.418383583034
8183,35326.883199986209
8184,35361.41966513743
8185,35380.550169538474
8186,35387.762397768129
8187,35396.421905430427
8188,35396.792223107965
8189,35405.30844422448
8190,35417.770013486159
8191,35422.010195509632
8192,35422.010195509727
8193,35432.349084186564
8194,35432.743312285689
8195,35438.473315063027
8196,35445.286253650709
8197,35447.105018798589
8198,35448.031386626302
8199,35451.61900871298
8200,35451.619008713031
8201,35458.727607619243
8202,35458.974994408607
8203,35461.48861311403
8204,35461.488613114052
8205,35461.574125785279
8206,35479.765190273094
8207,35483.942213687631
8208,35484.844109091078
8209,35520.954329589709
8210,35520.956347285392
8211,35521.558347062644
8212,35522.580965750945
8213,35530.575843921586
8214,35530.575843921695
8215,35534.732519129226
8216,35534.957506314619
8217,35536.543103018332
8218,35537.639842684614
8219,35540.445448322731
8220,35540.445448322855
8221,35570.054261526042
8222,35570.054261526093
8223,35586.474699779697
8224,35593.933843343693
8225,35609.889674960548
8226,35609.972952234697
8227,35622.19524419833
8228,35622.642375564596
8229,35629.271887932533
8230,35629.271887932642
8231,35658.673495935043
8232,35658.880701135873
8233,35658.880701135895
8234,35663.909815479426
8235,35689.100023547959
8236,35696.111024552913
8237,35698.359118740125
8238,35698.359118740198
8239,35715.368061775887
8240,35715.740863772109
8241,35727.967931943414
8242,35727.96793194356
8243,35740.170223261848
8244,35745.364552804225
8245,35753.048642097907
8246,35755.078444222963
8247,35764.232129329248
8248,35764.360456154267
8249,35777.095161057761
8250,35777.185354511668
8251,35777.315953948877
8252,35777.315953948928
8253,35777.31595394903
8254,35777.31595394927
8255,35787.185558349956
8256,35787.185558350131
8257,35790.376610032006
8258,35793.021327025417
8259,35833.830412755902
8260,35837.775959056627
8261,35859.385614146689
8262,35859.965517605342
8263,35882.522200644526
8264,35888.662871598041
8265,35889.165018725253
8266,35895.751206762012
8267,35895.751206762019
8268,35899.481154460002
8269,35929.369593430209
8270,35931.475413047272
8271,35938.790721039448
8272,35950.362539745234
8273,35957.837225271673
8274,35959.066153168613
8275,35974.121228149947
8276,35974.708041970756
8277,35974.708041970807
8278,35986.72799322573
8279,35987.010609771947
8280,35991.158693849095
8281,35995.689214056772
8282,35997.157281446569
8283,36014.186459575059
8284,36014.186459575125
8285,36016.582664950416
8286,36019.417988755624
8287,36024.056063976015
8288,36024.056063976146
8289,36024.056063976255
8290,36024.056063976474
8291,36041.715746050359
8292,36053.664877179392
8293,36053.664877179421
8294,36059.116755112969
8295,36074.247030968167
8296,36078.037175784397
8297,36083.273690382688
8298,36083.273690382739
8299,36085.924374020324
8300,36090.081761876732
8301,36114.797988102975
8302,36115.794194978167
8303,36129.09148627246
8304,36135.350327683132
8305,36146.916510231211
8306,36147.286486987163
8307,36162.718102673432
8308,36172.100129992468
8309,36172.100129992512
8310,36172.100129992563
8311,36172.100129992694
8312,36190.780888900852
8313,36220.482051272804
8314,36221.070236433501
8315,36221.462562031353
8316,36231.693669026441
8317,36249.918363969948
8318,36250.111664557488
8319,36251.056965201227
8320,36251.056965201271
8321,36258.205556044319
8322,36263.764705862355
8323,36272.458249050243
8324,36273.264997826562
8325,36276.352155135755
8326,36276.646232031628
8327,36282.45483835481
8328,36283.059234070024
8329,36296.513353818198
8330,36299.160705126022
8331,36306.696489243623
8332,36313.960905592845
8333,36327.421949455485
8334,36332.200533927127
8335,36366.33072171887
8336,36375.765842437111
8337,36407.571262532882
8338,36408.697070724658
8339,36418.840240019534
8340,36418.840240019781
8341,36418.84024001981
8342,36418.840240019868
8343,36419.08283276602
8344,36419.669045327755
8345,36447.841726703053
8346,36452.326515442866
8347,36463.967512501484
8348,36476.302719578867
8349,36487.927470827308
8350,36487.927470827351
8351,36497.79707522846
8352,36515.425158805374
8353,36516.794287152654
8354,36517.536284030459
8355,36517.536284030641
8356,36517.536284030655
8357,36517.536284030743
8358,36527.001705452611
8359,36527.405888431625
8360,36527.405888431735
8361,36528.132848938258
8362,36541.802201902065
8363,36541.972432190858
8364,36556.616680635067
8365,36556.684943154789
8366,36572.021577464177
8367,36574.537354728316
8368,36576.753910437161
8369,36576.75391043727
8370,36587.858177575203
8371,36595.951309327393
8372,36606.362723640406
8373,36606.362723640457
8374,36624.875290167714
8375,36634.341909326176
8376,36635.971536843681
8377,36635.971536843688
8378,36650.920523095832
8379,36652.243891137718
8380,36675.449954447904
8381,36675.449954448086
8382,36676.150998805701
8383,36682.671629487035
8384,36716.005031601693
8385,36717.49376429632
8386,36739.86737264994
8387,36740.386441752766
8388,36758.533138710176
8389,36759.503796733887
8390,36764.276394057895
8391,36764.276394058019
8392,36785.508378283368
8393,36790.566107544517
8394,36790.774300760546
8395,36793.885207261097
8396,36793.88520726117
8397,36798.653211250879
8398,36804.019819080859
8399,36804.028769405086
8400,36813.624416063205
8401,36813.624416063314
8402,36817.723183527589
8403,36839.580520143842
8404,36841.324412832306
8405,36843.23322926656
8406,36843.233229266632
8407,36861.861243674059
8408,36876.53801257148
8409,36876.539706020027
8410,36884.487927700429
8411,36889.975927312458
8412,36890.189959953372
8413,36933.017086861604
8414,36933.989549876365
8415,36946.646640874293
8416,36959.449917244412
8417,36960.947304226778
8418,36968.059811210165
8419,36983.327243735264
8420,36991.277295282693
8421,36991.277295282976
8422,36995.681223370368
8423,37041.983464129364
8424,37047.8507274519
8425,37050.494921689438
8426,37050.494921689453
8427,37058.964074098782
8428,37061.893314184585
8429,37070.57816829106
8430,37076.32759543779
8431,37080.103734892691
8432,37080.103734892742
8433,37080.103734892888
8434,37080.103734892953
8435,37081.158103821937
8436,37089.946922241434
8437,37090.377365114262
8438,37095.571563446771
8439,37102.149057345669
8440,37103.960143417025
8441,37107.904656140767
8442,37118.248946393694
8443,37119.544460318793
8444,37119.582152497002
8445,37119.582152497045
8446,37148.426177941001
8447,37151.423488966255
8448,37155.177606069439
8449,37168.209631916419
8450,37188.193462423209
8451,37190.774649256826
8452,37208.408592106753
8453,37208.408592106818
8454,37208.408592106884
8455,37208.408592106884
8456,37223.698371951563
8457,37225.201142143233
8458,37260.889490237598
8459,37265.929519507474
8460,37287.365427315621
8461,37287.365427315708
8462,37287.659643784333
8463,37294.361213836368
8464,37307.545763041358
8465,37310.388345050313
8466,37325.58377549881
8467,37326.763283934575
8468,37355.192990412768
8469,37356.45265812306
8470,37356.452658123213
8471,37356.749496337274
8472,37368.23954613466
8473,37369.554716922001
8474,37377.273863003858
8475,37387.397953431217
8476,37395.931075727625
8477,37395.931075727749
8478,37405.297423928328
8479,37407.505531130933
8480,37421.319076021762
8481,37426.351610733502
8482,37435.409493331892
8483,37435.409493331987
8484,37465.018306535116
8485,37465.01830653529
8486,37474.887910936304
8487,37474.88791093637
8488,37475.48290515523
8489,37478.199884546942
8490,37501.755369915794
8491,37504.28260449542
8492,37535.22184123686
8493,37535.603792130489
8494,37566.398338751555
8495,37585.988205018002
8496,37593.323163748937
8497,37593.323163749221
8498,37593.323163749337
8499,37593.323163749737
8500,37597.570244797244
8501,37597.826810779297
8502,37601.919404382919
8503,37602.423858534821
8504,37622.389663378533
8505,37622.931976952583
8506,37622.931976952605
8507,37626.40831428513
8508,37642.864900778899
8509,37654.54016951051
8510,37662.410394556864
8511,37662.410394557017
8512,37667.67700447845
8513,37670.153032926224
8514,37680.006763048586
8515,37694.134911248104
8516,37696.701899483749
8517,37704.790869213983
8518,37726.442441345403
8519,37731.976542395787
8520,37751.236834166739
8521,37751.236834166783
8522,37751.236834166841
8523,37751.236834167335
8524,37752.07710142764
8525,37761.106438567913
8526,37761.106438567942
8527,37776.492000563689
8528,37776.583152937543
8529,37787.012317275497
8530,37815.145756996455
8531,37818.531755625911
8532,37824.793157162603
8533,37826.029964524059
8534,37830.193669375505
8535,37830.193669375542
8536,37862.003142099587
8537,37874.06136853787
8538,37874.46832525784
8539,37892.89029674932
8540,37898.088621675597
8541,37899.262818070783
8542,37931.256685868873
8543,37937.769180863237
8544,37939.122624527488
8545,37941.361884708422
8546,37948.628922188429
8547,37948.628922188553
8548,37956.228868471873
8549,37958.946631497151
8550,37968.717970127269
8551,37973.049103869438
8552,37981.243762132668
8553,37990.569247456748
8554,38005.604522412163
8555,38005.62316779128
8556,38014.161993834728
8557,38023.020297404706
8558,38069.614948340983
8559,38084.44532369214
8560,38096.672988204933
8561,38096.672988205071
8562,38102.745375377039
8563,38109.522330537868
8564,38125.79012502524
8565,38128.390163086304
8566,38146.021010210359
8567,38146.021010210425
8568,38149.475158335757
8569,38149.759595347932
8570,38155.890614611446
8571,38155.890614611468
8572,38156.994134635373
8573,38168.339004548514
8574,38177.860208617552
8575,38179.47161722176
8576,38185.499427814699
8577,38185.499427814779
8578,38211.817406904956
8579,38215.108241017959
8580,38216.898545479751
8581,38234.847449820074
8582,38234.847449820081
8583,38234.847449820198
8584,38234.847449820496
8585,38235.920187436299
8586,38236.267465276804
8587,38264.456263023509
8588,38264.456263023516
8589,38276.682901616121
8590,38276.998787516699
8591,38294.06507622674
8592,38294.065076226907
8593,38294.465121632136
8594,38298.997641644004
8595,38329.906980997199
8596,38341.745608549878
8597,38350.063108395232
8598,38358.570067030152
8599,38392.761120237672
8600,38392.76112023773
8601,38421.161033418699
8602,38421.161451004191
8603,38430.01569542144
8604,38432.50669536394
8605,38448.719808115115
8606,38448.734666961827
8607,38452.793286866705
8608,38455.161385335661
8609,38461.848351045213
8610,38461.848351045279
8611,38471.717955446278
8612,38471.7179554463
8613,38495.190343158538
8614,38495.289104172945
8615,38509.240780315631
8616,38522.230235979594
8617,38530.935581852791
8618,38530.9355818529
8619,38536.524005153209
8620,38549.353084773655
8621,38552.022755863843
8622,38558.756215801834
8623,38560.485287585099
8624,38583.008570576974
8625,38605.466431832043
8626,38624.881627178293
8627,38625.979487659955
8628,38663.640330667484
8629,38682.237599515327
8630,38683.110241971008
8631,38688.849252270258
8632,38688.849252270295
8633,38690.390739622992
8634,38700.016893716391
8635,38700.141500146048
8636,38708.588461072497
8637,38708.588461072519
8638,38720.674005215988
8639,38725.187258593411
8640,38738.197274275568
8641,38738.197274275648
8642,38738.197274275677
8643,38738.197274275743
8644,38764.429047361846
8645,38768.52910317816
8646,38777.675691880111
8647,38777.675691880118
8648,38783.681920960422
8649,38783.863219444873
8650,38792.543718835761
8651,38801.565535259921
8652,38804.255034753587
8653,38814.97228154452
8654,38825.554217620149
8655,38838.029273980203
8656,38838.272009066437
8657,38838.987076115336
8658,38839.937937839699
8659,38879.597536386653
8660,38886.24134029205
8661,38886.241340292261
8662,38896.512249411906
8663,38925.71975789647
8664,38925.719757896528
8665,38948.965890014377
8666,38952.633619392931
8667,38968.907011679141
8668,38968.99749727529
8669,38971.861287397704
8670,38972.657290137795
8671,38989.638110230597
8672,38998.040019884633
8673,39004.886755509309
8674,39004.888724252589
8675,39022.060281828948
8676,39025.359779491191
8677,39045.9221838468
8678,39048.495718599806
8679,39093.503032714791
8680,39093.503032714994
8681,39104.31858222303
8682,39106.386737123044
8683,39123.948222268205
8684,39132.981450319196
8685,39132.981450319327
8686,39132.981450319334
8687,39132.981450319356
8688,39138.090571724737
8689,39182.078957716061
8690,39182.329472324775
8691,39182.329472324811
8692,39187.430045233377
8693,39205.155432301377
8694,39207.024569701411
8695,39211.938285528013
8696,39211.938285528093
8697,39250.05646704774
8698,39251.081556561796
8699,39251.416703132425
8700,39251.416703132527
8701,39261.286307533388
8702,39261.286307533446
8703,39285.440417746722
8704,39287.9541565244
8705,39289.070822781468
8706,39297.880710843354
8707,39298.706353179565
8708,39314.430632259515
8709,39319.401355279973
8710,39319.658074728817
8711,39330.373538341002
8712,39330.373538341133
8713,39340.243142742154
8714,39340.243142742358
8715,39386.389611346756
8716,39397.497194468706
8717,39403.362366439724
8718,39405.475158656685
8719,39422.71840144333
8720,39430.039437733773
8721,39442.946723843721
8722,39455.116952770099
8723,39478.41760435747
8724,39478.417604357695
8725,39481.306077935114
8726,39482.167784885394
8727,39488.287208758593
8728,39488.287208758651
8729,39492.750113268703
8730,39525.30970202724
8731,39527.765626362794
8732,39527.765626362903
8733,39533.646813375482
8734,39533.731545673283
8735,39542.938159641257
8736,39542.953228174731
8737,39549.51823965439
8738,39552.334525871098
8739,39602.206172537772
8740,39630.632649621009
8741,39630.73196472814
8742,39634.563000405826
8743,39668.722171068395
8744,39669.695307736816
8745,39681.362353372948
8746,39685.679296780341
8747,39685.679296780349
8748,39691.723655499867
8749,39704.289062124815
8750,39704.388713363391
8751,39717.890694019079
8752,39720.005503580098
8753,39759.744470993763
8754,39762.751543285172
8755,39799.303495403015
8756,39804.11454959336
8757,39804.114549593556
8758,39811.473461107293
8759,39813.984153994461
8760,39813.984153994854
8761,39814.614602288784
8762,39823.850834022494
8763,39826.308287162217
8764,39832.53361948581
8765,39833.723362796663
8766,39833.723362797005
8767,39837.657903126754
8768,39839.933555668773
8769,39846.873170777151
8770,39848.207389346848
8771,39904.360517566551
8772,39909.614676929865
8773,39909.769469942134
8774,39914.640604797009
8775,39922.549802406422
8776,39922.549802406473
8777,39962.028220010761
8778,39962.028220010856
8779,39971.897824411906
8780,39975.751905462574
8781,39981.338902726231
8782,39991.637033214123
8783,39991.637033214174
8784,40007.800138485924
8785,40009.444978556021
8786,40050.854659620571
8787,40050.854659620687
8788,40057.923225762373
8789,40065.2415959883
8790,40079.885452411196
8791,40085.698442390174
8792,40086.201493792323
8793,40090.801761243594
8794,40130.217688529832
8795,40134.314483847418
8796,40149.550703631416
8797,40149.550703631481
8798,40161.563325995689
8799,40162.623749073166
8800,40189.02912123585
8801,40189.029121235944
8802,40195.045530306845
8803,40195.946142683002
8804,40198.898725636958
8805,40198.898725637016
8806,40261.998558289131
8807,40263.647056440335
8808,40272.217471240256
8809,40284.781226085724
8810,40285.535023576114
8811,40287.725165246789
8812,40287.72516524711
8813,40306.370641365436
8814,40308.444663569295
8815,40342.51938260108
8816,40349.703680675841
8817,40353.856378031378
8818,40366.682000455417
8819,40366.682000455476
8820,40366.981653821611
8821,40371.826448394881
8822,40374.26387757386
8823,40395.954025027757
8824,40398.405889737158
8825,40428.836255557428
8826,40434.064588028581
8827,40435.769231262973
8828,40435.769231263104
8829,40439.537400455396
8830,40465.378044466415
8831,40465.378044466474
8832,40465.947780477007
8833,40497.091431921719
8834,40499.763986899845
8835,40514.726066471834
8836,40514.726066472052
8837,40538.284523630246
8838,40543.334011488791
8839,40547.4968138685
8840,40563.489376903155
8841,40571.039523304244
8842,40581.934310635916
8843,40583.266553413458
8844,40600.884093703884
8845,40603.552506081367
8846,40603.552506081694
8847,40607.308991191981
8848,40647.784982882353
8849,40654.696536128155
8850,40654.990955474961
8851,40664.781107402312
8852,40682.509341290213
8853,40682.509341290344
8854,40712.266136677717
8855,40713.023208813931
8856,40714.99912304373
8857,40716.585465163174
8858,40721.441254859797
8859,40723.535324236997
8860,40749.934102533676
8861,40764.770286381921
8862,40790.781992900884
8863,40793.301411813656
8864,40862.284203656112
8865,40862.592709275472
8866,40870.031824910962
8867,40870.031824911057
8868,40870.031824911071
8869,40870.031824911181
8870,40877.035436966456
8871,40893.592850614157
8872,40905.016527909633
8873,40909.510242515396
8874,40909.51024251544
8875,40913.820469767677
8876,40939.119055718642
8877,40939.119055718686
8878,40946.092582544603
8879,40946.181928187798
8880,40948.988660119729
8881,40948.988660119925
8882,40969.279124206376
8883,40970.350917343581
8884,40988.467077724017
8885,40988.467077724184
8886,41009.721989583188
8887,41012.38320721528
8888,41043.97035999981
8889,41054.832118179111
8890,41057.554308531748
8891,41057.554308531944
8892,41076.124451345495
8893,41084.651288638073
8894,41106.902330537065
8895,41106.902330537196
8896,41137.596816040175
8897,41145.43117471553
8898,41169.689363378558
8899,41180.452617634888
8900,41197.707151210489
8901,41198.315109468975
8902,41205.591707175779
8903,41224.697943378938
8904,41228.630174222119
8905,41234.168291219452
8906,41235.207187751337
8907,41235.20718775157
8908,41246.621931125017
8909,41246.962955717179
8910,41264.816000954044
8911,41264.81600095459
8912,41264.81600095459
8913,41264.816000954641
8914,41273.898362794331
8915,41297.988036788607
8916,41321.942034139647
8917,41323.186793033485
8918,41358.169460920522
8919,41358.678538628883
8920,41384.712096539908
8921,41407.113864875668
8922,41420.01481375235
8923,41425.3743348711
8924,41462.208088976404
8925,41462.20808897652
8926,41465.475150488033
8927,41468.55231653295
8928,41471.688101457803
8929,41480.519486940895
8930,41502.960670470165
8931,41506.251371476959
8932,41517.426195797227
8933,41530.637686310176
8934,41548.861412473387
8935,41551.034528586213
8936,41551.034528586271
8937,41553.199983383922
8938,41570.773737388387
8939,41570.773737388445
8940,41580.024787551149
8941,41586.87195382455
8942,41598.72795996935
8943,41605.802892279324
8944,41609.471515292971
8945,41622.706589027126
8946,41646.611575239061
8947,41646.904863293799
8948,41692.363903693644
8949,41698.276399097442
8950,41699.078594602484
8951,41699.078594602492
8952,41699.078594602579
8953,41699.078594602957
8954,41753.701606847244
8955,41762.4132090286
8956,41768.165825410113
8957,41777.972943907516
8958,41779.070461796917
8959,41787.905034212221
8960,41787.905034212374
8961,41814.460886552006
8962,41818.891296664173
8963,41847.122660618894
8964,41847.122660618967
8965,41856.976257295195
8966,41859.332779411692
8967,41865.787517776917
8968,41878.395328688624
8969,41925.671633577374
8970,41930.650329032585
8971,41945.818704629797
8972,41945.818704629826
8973,41945.81870462995
8974,41945.818704630037
8975,41975.427517832963
8976,41975.427517833035
8977,41978.142038861937
8978,41980.064279834594
8979,42008.876679517307
8980,42011.112202021206
8981,42069.025527111684
8982,42076.883293310857
8983,42083.993166244989
8984,42083.993166245025
8985,42084.538015474325
8986,42097.124273204077
8987,42109.465004878257
8988,42119.630481763466
8989,42119.712830854398
8990,42133.770317097682
8991,42135.697814643318
8992,42148.108355095312
8993,42172.819605854645
8994,42172.819605854784
8995,42173.715553752154
8996,42213.856031809111
8997,42216.30019394034
8998,42228.660177983082
8999,42238.976323881696
9000,42261.646045464382
9001,42261.646045464637
9002,42267.235594170488
9003,42282.520385805372
9004,42291.25485866794
9005,42291.25485866797
9006,42308.78962970485
9007,42309.134681693096
9008,42335.302154876328
9009,42345.495615585751
9010,42360.342089475489
9011,42360.342089475525
9012,42374.784218019908
9013,42381.311307115
9014,42387.652333426471
9015,42405.055132826637
9016,42416.053089846981
9017,42455.851298913571
9018,42471.265393499183
9019,42473.87768535209
9020,42473.958234962331
9021,42478.77734228866
9022,42478.777342288704
9023,42494.688817705326
9024,42495.733127431529
9025,42514.002405991429
9026,42515.33446465592
9027,42534.230281751166
9028,42537.982530457921
9029,42591.356305642817
9030,42600.008000574984
9031,42646.56061710709
9032,42646.560617107127
9033,42650.020611495522
9034,42653.53172240196
9035,42676.491185244566
9036,42676.962183895223
9037,42682.845548708938
9038,42686.039034711466
9039,42686.039034711481
9040,42702.184409127854
9041,42725.517452315886
9042,42725.517452316002
9043,42735.387056716914
9044,42735.387056716936
9045,42763.263876971534
9046,42766.607551903973
9047,42777.294569068581
9048,42778.829673029264
9049,42804.474287524477
9050,42804.474287524579
9051,42814.343891925651
9052,42814.343891925666
9053,42835.783609471349
9054,42841.425895252301
9055,42877.462615883021
9056,42891.32826813095
9057,42913.625678725984
9058,42922.909540337656
9059,42922.909540337663
9060,42923.588485236833
9061,42992.172979992851
9062,42997.322863329733
9063,42997.60441155648
9064,43004.697091318849
9065,43016.282839309206
9066,43018.764854743771
9067,43029.247578509028
9068,43031.475188749529
9069,43031.47518874958
9070,43041.344793150522
9071,43041.344793150711
9072,43053.900520274998
9073,43080.823210755108
9074,43080.823210755167
9075,43094.127025465124
9076,43106.473693475084
9077,43126.298540246513
9078,43127.641802488164
9079,43133.958856931982
9080,43141.340940170958
9081,43199.416370799387
9082,43201.139402926172
9083,43214.897119156558
9084,43240.379282089445
9085,43271.269841737638
9086,43276.823052704953
9087,43278.215298776697
9088,43278.215298776864
9089,43300.179815054806
9090,43308.376695900719
9091,43327.904309686288
9092,43333.52277596973
9093,43345.924994250956
9094,43365.893511781513
9095,43367.041738386615
9096,43367.041738386746
9097,43378.809552753162
9098,43383.072270883677
9099,43406.437150945829
9100,43413.05482656508
9101,43428.339881560278
9102,43428.412898473151
9103,43434.102548092989
9104,43450.306613401961
9105,43475.607386798569
9106,43475.607386798649
9107,43515.085804402937
9108,43515.085804403017
9109,43519.499942126255
9110,43523.321635341912
9111,43567.396549370787
9112,43571.642512495491
9113,43584.772338601346
9114,43595.782254524005
9115,43603.912244012819
9116,43623.651452814782
9117,43623.651452814949
9118,43624.519107973145
9119,43626.963110318211
9120,43682.869079221455
9121,43682.869079221578
9122,43691.909526131691
9123,43702.362310106648
9124,43730.743257870425
9125,43738.996372079855
9126,43742.086705628062
9127,43742.086705628106
9128,43781.565123232351
9129,43781.565123232373
9130,43791.434727633423
9131,43791.434727633474
9132,43795.954533069736
9133,43796.15865330807
9134,43807.106597263286
9135,43807.985721247045
9136,43894.074223461263
9137,43915.12996531211
9138,43918.220249608385
9139,43919.739584847746
9140,43919.739584847768
9141,43931.190837036331
9142,43931.726406172726
9143,43934.358970041911
9144,43951.630770107127
9145,43986.692632817467
9146,44011.244967589402
9147,44024.065759492696
9148,44025.07781653235
9149,44061.790559339715
9150,44064.223077768722
9151,44086.52228355335
9152,44097.39246406727
9153,44097.392464067372
9154,44107.262068468357
9155,44107.262068468437
9156,44113.412764127846
9157,44113.434045259506
9158,44117.373608148759
9159,44156.610090473761
9160,44156.610090473936
9161,44168.744099611547
9162,44170.508942016168
9163,44211.310273300776
9164,44229.577149852972
9165,44231.891737012076
9166,44250.230958762666
9167,44264.37462390677
9168,44303.03413077171
9169,44303.660526821099
9170,44303.97136706709
9171,44314.523760891258
9172,44314.523760891389
9173,44321.646938907172
9174,44342.350216887862
9175,44346.819260770935
9176,44374.442694967089
9177,44377.730010500272
9178,44434.381635100086
9179,44446.759255251854
9180,44462.567826907398
9181,44462.567826907529
9182,44477.900236786038
9183,44482.345273204359
9184,44490.219107107841
9185,44490.319806140607
9186,44529.581362365963
9187,44541.524662116179
9188,44541.524662116281
9189,44544.771081484818
9190,44571.133475319431
9191,44571.133475319555
9192,44581.003079720598
9193,44581.003079720664
9194,44616.744323353079
9195,44619.237751223518
9196,44659.959914929306
9197,44659.959914929328
9198,44664.873604542976
9199,44666.767036536126
9200,44718.572659229663
9201,44735.974476834046
9202,44738.587533163241
9203,44749.354409201434
9204,44778.395167742347
9205,44778.395167742376
9206,44828.942783916013
9207,44829.218288277094
9208,44854.086021620758
9209,44854.089707881329
9210,44857.35200295104
9211,44857.3520029512
9212,44858.509507228599
9213,44867.221607352207
9214,44867.22160735236
9215,44867.521015326194
9216,44890.350127777267
9217,44913.391723626533
9218,44936.308838159901
9219,44936.308838160134
9220,44952.017005495327
9221,44953.198896964917
9222,44983.47474377969
9223,45000.017363096849
9224,45032.731804223782
9225,45033.949078713267
9226,45072.541163137197
9227,45097.77539723763
9228,45120.920828894399
9229,45129.043772540281
9230,45133.700926181664
9231,45133.700926181722
9232,45168.71025175065
9233,45175.589391400106
9234,45191.175946167466
9235,45193.553200728624
9236,45202.788156989271
9237,45202.788156989292
9238,45204.447238342196
9239,45209.101736129975
9240,45233.540463726808
9241,45241.217460856118
9242,45262.240147970071
9243,45264.58701034078
9244,45298.232830315217
9245,45317.390855424754
9246,45370.571431807752
9247,45370.571431807781
9248,45385.844778042272
9249,45387.576255937172
9250,45414.159529395954
9251,45414.595377656602
9252,45435.095867095253
9253,45456.809073482604
9254,45479.137080219807
9255,45481.971129011887
9256,45482.529542917859
9257,45498.876289021769
9258,45498.876289021937
9259,45557.777139023136
9260,45558.093915428493
9261,45558.093915428515
9262,45564.818843757341
9263,45575.932855976804
9264,45577.833124230448
9265,45577.833124230667
9266,45589.207932323188
9267,45646.920355038288
9268,45646.920355038288
9269,45656.78995943944
9270,45656.789959439484
9271,45668.693214441148
9272,45670.190244086625
9273,45755.068075368508
9274,45776.236422116774
9275,45788.228814116555
9276,45790.098411599429
9277,45794.96442105461
9278,45794.964421054647
9279,45799.835969375294
9280,45815.097605021394
9281,45832.934605475166
9282,45869.155232862555
9283,45893.625448269711
9284,45903.740603500533
9285,45905.40477077345
9286,45936.287705996307
9287,45938.8416110041
9288,45960.962601858773
9289,45962.747695873171
9290,45962.747695873237
9291,45972.617300274047
9292,45972.617300274258
9293,45991.029081772424
9294,46036.303525109593
9295,46038.712838000749
9296,46089.738234482007
9297,46113.846376908703
9298,46117.76212504963
9299,46136.270777543083
9300,46152.186831105915
9301,46164.97608244203
9302,46165.884783959234
9303,46189.748597097932
9304,46189.748597098223
9305,46191.16417106508
9306,46206.357636821922
9307,46215.760892027618
9308,46223.980967633084
9309,46261.081069013606
9310,46264.1209159071
9311,46317.875500334536
9312,46318.053454312365
9313,46318.053454312409
9314,46333.126162410503
9315,46346.442771315291
9316,46349.158863858807
9317,46416.061856945329
9318,46429.794604360264
9319,46436.488707125383
9320,46436.488707125434
9321,46446.358311526456
9322,46446.35831152655
9323,46475.967124729636
9324,46475.967124729708
9325,46497.793063223849
9326,46502.72277712966
9327,46542.491568697063
9328,46545.363778967047
9329,46554.923959938431
9330,46554.923959938467
9331,46608.937598888304
9332,46624.536739459138
9333,46667.405572695367
9334,46673.359212751508
9335,46673.359212751566
9336,46673.915100199709
9337,46739.142924062624
9338,46740.569754450196
9339,46742.446443559165
9340,46742.446443559224
9341,46755.809805887213
9342,46767.536967157583
9343,46791.352460247821
9344,46810.544998776248
9345,46831.272883168851
9346,46831.272883168989
9347,46840.733578958716
9348,46845.938405011948
9349,46877.452615187154
9350,46897.991496928589
9351,46919.870096137922
9352,46920.481154022935
9353,46974.052736904123
9354,46993.172674223082
9355,47018.801922326114
9356,47028.569469050046
9357,47028.664971190767
9358,47028.664971190796
9359,47076.74190292148
9360,47078.012993196098
9361,47078.01299319628
9362,47083.843765674421
9363,47101.546929118842
9364,47108.100440438116
9365,47124.176313236996
9366,47143.137563543838
9367,47156.872534322421
9368,47160.021256025393
9369,47203.820092575232
9370,47224.34460769884
9371,47265.535476816862
9372,47265.535476816993
9373,47291.61397875211
9374,47292.256314039259
9375,47311.807605672082
9376,47321.98165456362
9377,47366.169607624237
9378,47371.763397697192
9379,47393.840334031163
9380,47413.579542833279
9381,47413.579542833329
9382,47442.134350141736
9383,47444.781694607555
9384,47464.833885161097
9385,47472.797169239748
9386,47472.797169239835
9387,47486.51713035271
9388,47541.884400047376
9389,47541.884400047536
9390,47571.493213250615
9391,47571.493213250746
9392,47572.132933629742
9393,47572.931095799453
9394,47663.381793883455
9395,47690.078061072643
9396,47695.292346841619
9397,47695.659161981544
9398,47709.667674865945
9399,47709.667674865981
9400,47721.048951674726
9401,47736.314808131319
9402,47753.842169959935
9403,47791.113899349308
9404,47811.270812849238
9405,47830.072514836611
9406,47833.742645228209
9407,47857.711740882296
9408,47857.711740882391
9409,47878.804838252865
9410,47887.320554085512
9411,47887.320554085614
9412,47906.207327622382
9413,47945.38603172281
9414,47947.368432695279
9415,48011.09127772411
9416,48036.724777980475
9417,48045.507021592697
9418,48063.281222451471
9419,48079.68905125725
9420,48104.451850909521
9421,48104.451850909725
9422,48114.608615914956
9423,48116.620247923114
9424,48119.700163067799
9425,48134.335511261917
9426,48178.168207515933
9427,48182.268247834079
9428,48225.531937587082
9429,48246.065404975903
9430,48253.427912965744
9431,48259.057171534689
9432,48342.429062887852
9433,48355.448720688299
9434,48361.06156533787
9435,48361.06156533787
9436,48370.931169738884
9437,48370.931169738913
9438,48410.409587343274
9439,48410.4095873435
9440,48419.445161243631
9441,48426.48034636095
9442,48480.08705717088
9443,48486.359484165114
9444,48489.366422551895
9445,48489.366422551968
9446,48534.034759526628
9447,48553.146987050677
9448,48607.801675364797
9449,48607.801675365045
9450,48657.149697370514
9451,48657.14969737066
9452,48663.705640683627
9453,48664.221914831462
9454,48696.809939075458
9455,48707.967181703039
9456,48732.163325236128
9457,48747.687754473445
9458,48765.715345782504
9459,48765.715345782657
9460,48772.392164905446
9461,48776.849130689894
9462,48814.877393435469
9463,48839.696030194355
9464,48913.507765691305
9465,48925.652738013319
9466,48935.800717192105
9467,48952.156320171656
9468,48963.107433804224
9469,48963.107433804442
9470,49024.206844890381
9471,49024.967190715703
9472,49034.447602290747
9473,49040.247595990673
9474,49060.632991277482
9475,49075.649338943374
9476,49098.285173445031
9477,49099.883678499391
9478,49149.209668330528
9479,49171.05573709069
9480,49199.977939430377
9481,49199.977939430508
9482,49235.773941151965
9483,49236.070294334342
9484,49267.111890644519
9485,49289.882456077881
9486,49320.498734348563
9487,49320.808767216964
9488,49348.022005446801
9489,49367.761214248967
9490,49367.761214249098
9491,49410.658980373293
9492,49426.978840655516
9493,49426.978840655778
9494,49430.023442464408
9495,49476.326862660913
9496,49476.326862661081
9497,49518.616531736494
9498,49519.299238945256
9499,49525.674884666405
9500,49525.674884666769
9501,49618.873952998307
9502,49639.295061619865
9503,49663.849346281691
9504,49663.849346281815
9505,49681.669905214178
9506,49696.68327549252
9507,49713.634126140074
9508,49751.391902243602
9509,49764.210116580914
9510,49768.724308170575
9511,49779.512136550969
9512,49836.03494314594
9513,49841.502225501034
9514,49841.502225501288
9515,49850.646855349303
9516,49889.877612079559
9517,49893.770874173228
9518,49972.642009912546
9519,49997.07330322051
9520,50012.748828328207
9521,50029.795404801946
9522,50046.725787212352
9523,50058.633522325159
9524,50058.633522325283
9525,50085.267624032873
9526,50092.419088810617
9527,50097.723607833956
9528,50114.966504349832
9529,50158.129582053822
9530,50158.184159356279
9531,50208.582197398457
9532,50224.489361763342
9533,50308.805272359728
9534,50315.243236753457
9535,50315.243236753617
9536,50323.239187436353
9537,50344.852049956738
9538,50344.852049956797
9539,50384.330467561107
9540,50384.330467561325
9541,50392.430611009746
9542,50395.449865046139
9543,50463.287302769852
9544,50463.287302769939
9545,50498.064649320375
9546,50519.605056875713
9547,50581.72255558295
9548,50581.722555582986
9549,50621.975595566677
9550,50622.247115764294
9551,50677.22983889476
9552,50686.649320763689
9553,50710.784562389897
9554,50712.867732771083
9555,50739.636226000344
9556,50739.636226000395
9557,50740.917097520549
9558,50744.768088906319
9559,50793.831174132712
9560,50818.371483716073
9561,50894.604505414136
9562,50912.916332567467
9563,50937.028314022129
9564,50937.028314022406
9565,50958.415301489229
9566,50960.595143763887
9567,51011.333294159718
9568,51021.333177376298
9569,51044.754705672247
9570,51045.947646386703
9571,51078.813426998691
9572,51082.596822928026
9573,51134.634548682865
9574,51157.560840722792
9575,51173.898819648028
9576,51173.898819648297
9577,51225.234020823817
9578,51229.930428845146
9579,51286.263403623467
9580,51298.444554569585
9581,51341.682094466865
9582,51361.421303268944
9583,51361.42130326901
9584,51397.319220543992
9585,51417.370290794708
9586,51420.63892967553
9587,51420.638929675639
9588,51494.500018286577
9589,51495.343650570554
9590,51519.334973686426
9591,51519.334973686709
9592,51599.969286785796
9593,51622.313718765108
9594,51657.509435301748
9595,51657.509435301894
9596,51681.81748237383
9597,51696.92400033211
9598,51713.193378572956
9599,51751.69324595639
9600,51770.521607731898
9601,51810.083626645268
9602,51812.642806962453
9603,51835.162314521258
9604,51835.162314521476
9605,51855.867367351369
9606,51879.380473249665
9607,51975.265335370474
9608,51998.952512018928
9609,52019.49106325872
9610,52036.260137020254
9611,52052.293611345303
9612,52052.293611345442
9613,52053.294197650896
9614,52091.621396513576
9615,52110.013634263072
9616,52151.518202879211
9617,52154.262186981367
9618,52206.891648666824
9619,52229.003755510232
9620,52316.117549966038
9621,52330.690525839978
9622,52358.251347778889
9623,52358.251347779056
9624,52385.727259882195
9625,52391.938396644211
9626,52397.729765383294
9627,52397.729765383418
9628,52476.686600591871
9629,52476.686600592111
9630,52503.010999541897
9631,52526.429590634012
9632,52595.121853405166
9633,52595.121853405224
9634,52688.005488631869
9635,52696.159693637564
9636,52704.294488470048
9637,52710.619714510656
9638,52737.896555634958
9639,52753.035523822567
9640,52753.035523822575
9641,52757.957669268246
9642,52812.133318930428
9643,52836.082744962099
9644,52921.961347600365
9645,52945.385991077099
9646,52950.42761184441
9647,52950.42761184452
9648,53037.841743454301
9649,53046.896522678515
9650,53065.440539697483
9651,53068.655309646361
9652,53094.659652357193
9653,53106.547773402694
9654,53159.160998140069
9655,53184.096646737635
9656,53250.914314587942
9657,53255.080175135525
9658,53300.075043961835
9659,53317.005451923964
9660,53374.820601091196
9661,53394.559809893442
9662,53394.559809893464
9663,53425.983964612285
9664,53450.04136681724
9665,53453.777436299693
9666,53453.777436300057
9667,53552.473480310771
9668,53552.473480310924
9669,53600.787418726795
9670,53614.53110094033
9671,53690.647941925949
9672,53690.647941926007
9673,53721.38584239738
9674,53736.650544806202
9675,53752.280601175597
9676,53793.307155270639
9677,53814.182584556613
9678,53868.300821145625
9679,53868.300821145669
9680,53886.295528905597
9681,53907.75201229177
9682,54013.967715623439
9683,54031.97797563763
9684,54065.699425199971
9685,54081.867142909359
9686,54099.475200823501
9687,54137.969456074345
9688,54158.181432655329
9689,54192.837448528
9690,54193.939384230718
9691,54245.925081800859
9692,54271.094399091504
9693,54369.448231632829
9694,54393.919051509954
9695,54411.12906320551
9696,54411.129063205575
9697,54450.607480810009
9698,54450.607480810031
9699,54529.011452549261
9700,54529.564316018594
9701,54529.564316018732
9702,54542.859775837394
9703,54647.99956883175
9704,54647.999568831838
9705,54756.91054802695
9706,54766.90739793847
9707,54794.609453254103
9708,54805.913239249094
9709,54805.913239249167
9710,54811.810023375598
9711,54869.397089604463
9712,54888.377794006868
9713,54980.630738580767
9714,54997.49626982271
9715,55103.899848869194
9716,55113.880364581091
9717,55129.523458098804
9718,55132.061366946553
9719,55152.258637395993
9720,55169.683142977934
9721,55223.163625862384
9722,55249.731612609023
9723,55333.376176118312
9724,55358.131403362517
9725,55447.437525320041
9726,55467.17673412212
9727,55467.176734122208
9728,55476.341273462873
9729,55490.575587104788
9730,55526.394360528648
9731,55526.394360528669
9732,55625.090404539667
9733,55625.09040453974
9734,55763.264866154648
9735,55763.264866154772
9736,55800.176967234598
9737,55815.48638976206
9738,55828.558944570475
9739,55871.610655956341
9740,55887.750557465355
9741,55964.814039192584
9742,55979.80682558813
9743,56095.544647357608
9744,56105.211894146058
9745,56151.369888160836
9746,56167.067706324036
9747,56184.994602291532
9748,56224.74319411748
9749,56249.91035935322
9750,56317.658869581945
9751,56342.604741062598
9752,56443.261889505142
9753,56458.162848439795
9754,56503.485196236543
9755,56503.485196236637
9756,56542.963613840882
9757,56542.963613840882
9758,56621.920449049423
9759,56621.920449049787
9760,56740.355701862529
9761,56740.35570186266
9762,56855.783359695321
9763,56864.177864375743
9764,56893.096211496573
9765,56906.047274791883
9766,56967.673623945171
9767,56980.445498000663
9768,57080.168640523276
9769,57088.794012723345
9770,57209.604748624675
9771,57221.40105405631
9772,57247.754617396226
9773,57270.110890700504
9774,57322.173632713719
9775,57347.157952969836
9776,57429.94794758637
9777,57445.892521818751
9778,57559.532867153175
9779,57579.272075955261
9780,57579.272075955472
9781,57638.489702361789
9782,57638.489702361956
9783,57737.185746372772
9784,57737.185746372874
9785,57918.233030943054
9786,57933.929410267236
9787,57943.340299579671
9788,57989.626084585281
9789,57999.819885893536
9790,58083.08132830618
9791,58090.344791800395
9792,58276.501928179801
9793,58291.17017235719
9794,58309.277983082247
9795,58346.780256275633
9796,58371.408611447769
9797,58436.480412353034
9798,58454.038041078624
9799,58635.319746871712
9800,58635.319746871734
9801,58674.798164476066
9802,58674.798164476269
9803,58753.754999684839
9804,58753.754999685028
9805,58994.115451577447
9806,58999.651335338654
9807,59030.887089254953
9808,59038.081981361123
9809,59105.002122477803
9810,59110.629113498086
9811,59354.421221356526
9812,59366.549616007454
9813,59391.294794749891
9814,59414.595043965142
9815,59462.891806188905
9816,59482.933043193691
9817,59711.106626590466
9818,59730.845835392749
9819,59730.845835392895
9820,59790.063461799378
9821,59790.063461799386
9822,60074.894907366135
9823,60091.584643260336
9824,60095.282681035096
9825,60146.221261728686
9826,60149.842278347773
9827,60441.447067634421
9828,60455.451723678656
9829,60475.488973542575
9830,60509.163765474652
9831,60532.867664213998
9832,60806.632715111577
9833,60806.632715111671
9834,60846.11113271569
9835,60846.111132715909
9836,61171.327516205987
9837,61171.76363154842
9838,61206.932013054393
9839,61208.030460060792
9840,61538.881873689388
9841,61552.869381443074
9842,61575.178507922668
9843,61603.58747340284
9844,61902.158803632548
9845,61921.898012434685
9846,61921.898012434685
9847,62267.60109092381
9848,62285.272407446246
9849,62287.35128928897
9850,62646.582220191864
9851,62660.568837168816
9852,62693.586361349102
9853,63017.424100955293
9854,63017.424100955453
9855,63377.720104907021
9856,63387.870219779434
9857,63764.348151795137
9858,63800.272529743364
9859,64132.689398278628
9860,64496.100803840767
9861,64920.176892933167
