# Domain: H (FEM, eig)
# Hmax = 0.08, dofs = 4843, mesh nodes = 5255
# Computation time: 10.874 s
n,lambda_n
1,7.74679751377224
2,8.564578002696
3,13.9348402375437
4,13.9387413330104
5,14.3060653971359
6,17.7091050060675
7,19.7394558008089
8,24.7987940835799
9,26.3857732381039
10,26.4373172254529
11,33.0202293305462
12,37.1578410903975
13,37.2207069955079
14,39.1395723370865
15,40.6441147113976
16,42.2504047654628
17,45.2823640384527
18,46.3011772527882
19,47.4778103748965
20,49.3517787921687
21,49.3519357798328
22,51.9914642840268
23,54.9041152716137
24,58.7587974036073
25,62.6798063233026
26,62.8029896636947
27,63.1366779834826
28,65.4830306714153
29,67.4808959816058
30,72.067442205538
31,76.9569959562296
32,78.9723738992665
33,79.8442429953205
34,79.9311386115622
35,85.164632314206
36,85.915288255646
37,87.8079503299504
38,91.1596802697163
39,92.1531595382988
40,95.4322002359274
41,95.6567398143281
42,95.7919648812748
43,97.9185486550589
44,98.7244006994235
45,98.7276465829137
46,101.024208093086
47,105.95798940428
48,107.472882487957
49,108.171839109809
50,111.720093499939
51,112.527768744628
52,113.176879898451
53,118.852993249287
54,119.162504837628
55,121.138005990043
56,121.405044295236
57,122.632814090767
58,128.370261556116
59,128.370475499493
60,133.653510246512
61,139.530629812201
62,139.603436655054
63,139.608424062939
64,142.461012054753
65,142.530638416908
66,145.422427136854
67,146.075874983305
68,150.656065205354
69,154.984321600133
70,156.480626276075
71,156.649463702957
72,158.606663809053
73,164.374677399903
74,164.509377424948
75,164.765620262555
76,165.799332250812
77,166.907181208322
78,167.917082562375
79,167.938110051008
80,169.068104607997
81,172.040072704901
82,173.145377392103
83,174.572851524488
84,177.825770454079
85,180.702532436434
86,181.30279256856
87,181.9760099243
88,185.145640115559
89,190.716388985532
90,192.737922387261
91,194.942418264596
92,195.316858926417
93,195.343003183233
94,197.621012744993
95,197.630085527822
96,197.928124971297
97,198.299314011832
98,205.632218198498
99,211.922711397295
100,213.356619801126
101,214.052305332204
102,217.017285965864
103,221.666966565288
104,222.900275034761
105,223.914344697278
106,223.922941524682
107,224.807799156399
108,224.993156380418
109,225.300801319582
110,232.910951895707
111,234.664057890129
112,234.953180928637
113,244.494252869399
114,247.194018546329
115,247.195351090762
116,247.320764025294
117,251.666690840783
118,251.784898773516
119,252.750593705608
120,252.860382318655
121,254.321072389515
122,255.415678730633
123,256.233605672775
124,257.071113401946
125,257.151544034627
126,257.929170713318
127,260.899730992915
128,261.204438358344
129,263.39272963449
130,267.431468099342
131,268.607905594529
132,269.844898323112
133,277.016613803208
134,277.88258744151
135,277.995239318833
136,278.143713108504
137,283.457647185717
138,286.319390732597
139,286.891126042658
140,286.93235870444
141,290.18475099318
142,290.478721218387
143,290.540280868525
144,290.959076842884
145,295.405491478181
146,295.570910950658
147,302.797097561073
148,303.023971617368
149,306.296302630854
150,306.522113035865
151,307.651824597933
152,315.290979336283
153,316.762834600347
154,319.404992447012
155,319.545719035527
156,320.484808385813
157,323.902825258637
158,324.142259980369
159,326.365579480502
160,327.718909360875
161,328.311075483969
162,332.866718826751
163,336.666346784744
164,336.700562915483
165,339.701278094448
166,342.762877816576
167,347.160172014852
168,349.193991040937
169,350.786078217584
170,353.716147689173
171,355.221914500315
172,356.679950440079
173,357.301223953432
174,360.31362115298
175,362.140855978994
176,362.971106893897
177,364.688083431284
178,365.015602006061
179,366.186680156696
180,366.461994361275
181,366.691467050174
182,366.713946251297
183,370.066555113645
184,371.860813923278
185,374.234048625168
186,375.500917349727
187,375.642632030523
188,375.675558822556
189,383.029354080846
190,384.126055183921
191,386.746125877633
192,389.289229039017
193,391.156814588858
194,392.435592848058
195,392.938840345033
196,396.463189020558
197,396.63768498671
198,400.665889060287
199,406.260944724432
200,406.267441000758
201,406.570741310083
202,406.579048094814
203,407.13047331924
204,407.497398716973
205,407.559788944189
206,408.115550081151
207,414.563548319238
208,417.545656033634
209,418.673602633987
210,418.786914445614
211,424.791094092901
212,430.311170229391
213,432.138111737751
214,435.486813028538
215,435.851281437058
216,435.865140448406
217,437.930121401887
218,441.757337764668
219,444.483001527014
220,445.100220075683
221,446.581243024725
222,446.675278673085
223,449.356173504847
224,450.513489120238
225,450.668581826109
226,454.485299690884
227,458.36481401538
228,463.469952539613
229,465.23326253416
230,466.980534681799
231,467.588223314825
232,473.617792221613
233,474.325738082981
234,477.55358590604
235,479.512350997879
236,479.529197626117
237,482.817919818814
238,483.600980228231
239,484.006239513014
240,488.8339436873
241,489.890188740403
242,490.845424770414
243,493.322477579402
244,494.093778516255
245,495.514714971328
246,495.952507459105
247,496.559400543903
248,496.908278712252
249,497.167270760944
250,497.41447473389
251,498.149517985806
252,499.354314604329
253,503.433102854793
254,509.658902537651
255,511.378526922584
256,515.950450470514
257,516.63015902011
258,516.964290652772
259,517.147286333933
260,518.901554690099
261,522.012753911814
262,522.915907476507
263,526.791701854712
264,527.252366648265
265,527.875757478925
266,528.826845678415
267,529.317937447519
268,530.062811237805
269,533.743975967187
270,538.47536406553
271,538.776348321004
272,542.632131166651
273,544.075747509839
274,544.161283110607
275,546.29987215109
276,546.379211617124
277,547.138882803366
278,548.823839145931
279,557.216473044241
280,560.952705405276
281,562.033145968944
282,562.365963089033
283,565.029612801854
284,566.235454855775
285,568.873343500474
286,572.43899419307
287,573.647222639969
288,574.211663583634
289,574.470969732965
290,577.4174755034
291,577.771699709647
292,580.717572877796
293,581.820345869904
294,588.363185297224
295,591.698708016431
296,593.287345767851
297,594.515329890796
298,594.784352869461
299,597.708973673284
300,599.864868834352
301,602.304109034756
302,602.862663667864
303,603.853282083776
304,608.072791057562
305,608.112141068975
306,614.969004980136
307,618.627272200155
308,620.827844487407
309,621.623840972217
310,621.867143124537
311,622.502965354101
312,625.661665912155
313,628.058423281802
314,629.240620146105
315,629.888241485484
316,632.905875720106
317,636.764247555076
318,644.309201177712
319,644.630554793476
320,644.927216819091
321,645.751336511779
322,646.734636397768
323,647.436360496626
324,648.028004929686
325,648.586509888228
326,648.799940804075
327,648.840474469935
328,649.307570944974
329,649.918529794416
330,652.304130937463
331,656.367280068298
332,656.721534519752
333,662.353092043227
334,664.671675366255
335,666.646323006064
336,667.11227139095
337,670.054977764616
338,670.236458045514
339,674.0278341093
340,674.599133815281
341,676.535966266344
342,677.06304562236
343,678.691570151585
344,679.111617328988
345,679.631985036534
346,679.661737454756
347,687.150453952319
348,690.107023632523
349,690.994446552444
350,691.380953654177
351,696.067312191938
352,696.84662663585
353,697.304237737238
354,698.188178733976
355,702.753100661693
356,702.767652473253
357,703.021762842315
358,707.718031864388
359,709.092500917835
360,710.38550317282
361,715.118523792415
362,716.580598387009
363,718.936958292764
364,719.063351024789
365,720.398203923069
366,723.563259000423
367,729.861681862284
368,730.649537877649
369,732.8376041945
370,733.100784199906
371,733.166360868443
372,736.869878300818
373,740.62246421261
374,741.052092155841
375,745.104111683259
376,745.298223751814
377,745.563918547611
378,746.436759937497
379,751.44294341568
380,755.068983164245
381,756.904743481404
382,759.80376013008
383,760.570317517728
384,760.950008241321
385,761.3367814476
386,761.394504086267
387,768.665839079404
388,768.998617248991
389,777.87116061233
390,780.1186751681
391,781.274565102508
392,781.57461201206
393,786.271773579004
394,786.533742148249
395,786.782753895296
396,788.68562202225
397,790.516713734776
398,791.826723938951
399,793.073110397159
400,797.413391724094
401,800.847617317727
402,802.104043911288
403,802.779319177514
404,802.896721064935
405,808.607051554581
406,811.394152754961
407,813.664020494335
408,815.146095209843
409,817.752770959192
410,818.867647759977
411,821.056131821646
412,821.24262143188
413,821.973503809431
414,822.052617279748
415,824.529609784516
416,827.043493924567
417,827.310264144389
418,828.037971882131
419,828.771796619341
420,829.130165953768
421,830.661810828557
422,840.431678700418
423,841.447922919952
424,841.677781376032
425,843.76188000208
426,844.159520772191
427,844.492042106486
428,845.775125494563
429,847.765441465225
430,848.623319434609
431,853.087702663445
432,853.126959949866
433,854.477646658926
434,854.766182294364
435,854.795685443894
436,855.214305414278
437,855.39199221357
438,857.069163830116
439,866.762874994866
440,867.881578009987
441,869.54534095332
442,870.443913775608
443,872.61142178859
444,879.41059559713
445,881.999898831359
446,882.542311719953
447,884.061386787088
448,884.330159377818
449,887.311788721222
450,888.94559759916
451,890.163918243429
452,893.262922717077
453,895.987938300275
454,896.317827664772
455,898.289584370223
456,901.47241650446
457,901.51568242328
458,905.171199152381
459,906.920038643652
460,909.551291432586
461,911.232990600394
462,911.273384438424
463,913.291993973245
464,915.608430219602
465,916.169239362702
466,916.225190809246
467,918.352075507473
468,918.500417520558
469,925.213404453422
470,927.400563457543
471,932.731546000217
472,933.343450227816
473,937.884746256049
474,939.279959642629
475,944.031028529147
476,945.773870910817
477,950.177476281918
478,950.632174874196
479,950.914779985408
480,952.334326870974
481,955.893952294309
482,956.444457203823
483,958.428956956006
484,959.239772203782
485,959.632201172156
486,963.89137828187
487,966.554258403231
488,969.259142947284
489,970.204210316839
490,975.250818110049
491,976.435179111605
492,978.701533234915
493,978.9880934172
494,980.315205377111
495,981.342999717396
496,981.716417460446
497,982.284368662486
498,985.137116042901
499,991.088803452251
500,994.47378381308
501,1003.17215860645
502,1005.45139255455
503,1006.46564389351
504,1008.31219401166
505,1008.55897661035
506,1010.95584501585
507,1012.53288138971
508,1016.24321411221
509,1016.2705329712
510,1017.77106064692
511,1019.05679951488
512,1019.31794292536
513,1019.94469166927
514,1020.75400556287
515,1020.87030535125
516,1023.4529612329
517,1024.83963624517
518,1025.86087744498
519,1027.97166344699
520,1029.57448770612
521,1030.43352667519
522,1034.15071170568
523,1035.73891066148
524,1036.54596428628
525,1038.17770759023
526,1039.41896754824
527,1040.03327625893
528,1040.76695914619
529,1046.10122871002
530,1046.4912415573
531,1049.34152952067
532,1050.42775034869
533,1050.7798300338
534,1052.10344256984
535,1053.69482095243
536,1054.07136244044
537,1055.46754540615
538,1061.85233731211
539,1068.03325830334
540,1068.67933119841
541,1070.23617662099
542,1072.65188894811
543,1074.43905554452
544,1074.91243431367
545,1075.80136069826
546,1079.5792673725
547,1084.80081231086
548,1085.42542568438
549,1086.04641939313
550,1086.71441824141
551,1089.428989919
552,1089.77991828992
553,1092.82118773814
554,1092.96402001571
555,1096.94045236098
556,1098.82229082689
557,1102.29062288117
558,1103.14085713079
559,1105.18423943869
560,1106.4408358216
561,1108.44109188112
562,1109.97280414681
563,1110.36856545812
564,1111.05703002036
565,1119.85846237786
566,1120.21719657294
567,1121.17818257735
568,1121.4665488965
569,1122.29442217379
570,1125.81238555599
571,1126.46474893
572,1130.61633243603
573,1135.25486408
574,1135.51333148473
575,1136.37541356752
576,1137.30876270775
577,1143.19357780915
578,1149.37765845961
579,1150.11447432253
580,1150.69340852154
581,1151.03161391744
582,1159.15074952184
583,1159.84382652442
584,1161.41884369406
585,1162.77710976423
586,1163.84334603562
587,1165.50910865394
588,1168.92377957636
589,1170.62696809899
590,1174.01831656132
591,1174.06380177802
592,1174.77257627297
593,1175.37322438833
594,1180.81288155092
595,1183.48499385907
596,1183.7923416111
597,1191.84599855569
598,1192.49325021471
599,1193.78803290531
600,1195.04842180619
601,1195.71916841789
602,1195.89127589864
603,1196.61060445307
604,1200.5525055804
605,1201.41993563091
606,1202.80763203244
607,1204.72136697312
608,1206.05519853806
609,1214.24033800535
610,1214.74418527421
611,1215.87613300012
612,1223.7614346127
613,1224.54210684895
614,1231.08478436289
615,1234.62644187612
616,1235.01880348622
617,1235.57135722353
618,1240.47431058075
619,1241.58481167961
620,1242.49193560168
621,1242.57888624279
622,1243.58996133159
623,1246.75672807348
624,1249.13940083791
625,1249.24593580179
626,1249.60276297157
627,1249.85140251333
628,1250.85940727858
629,1252.01882210751
630,1252.41496864829
631,1252.90730548094
632,1253.68401555933
633,1257.50294984068
634,1257.79889745952
635,1262.11588005013
636,1266.51233795862
637,1267.95611050067
638,1268.1063255771
639,1269.3986330704
640,1271.95889010709
641,1272.34775302904
642,1274.15287895223
643,1274.20984132801
644,1274.67460997238
645,1276.29563399013
646,1277.62338720364
647,1277.86322768045
648,1280.406829254
649,1283.61584165277
650,1288.71911635447
651,1291.06725533493
652,1291.93947649263
653,1293.63270261428
654,1297.87776010166
655,1300.18134702331
656,1302.04565400984
657,1305.50011416475
658,1308.63211923797
659,1311.74382196106
660,1313.68168731687
661,1319.76496622328
662,1320.10808413172
663,1321.02832619046
664,1321.18396948046
665,1321.45642616675
666,1323.46176087872
667,1324.83578330865
668,1327.78289743149
669,1329.47096963197
670,1330.98371265767
671,1331.37149917523
672,1331.86231540108
673,1333.68009980755
674,1335.30336210144
675,1337.76831646827
676,1339.87887609178
677,1341.6007002806
678,1342.67552841096
679,1346.38854108959
680,1348.56799514535
681,1351.88424886899
682,1355.64447120796
683,1356.01397221311
684,1357.67730413833
685,1358.79582237938
686,1359.91516054031
687,1361.10670230476
688,1365.55355748726
689,1367.93742617911
690,1370.55199900944
691,1374.88216588478
692,1375.82704154565
693,1382.64571283084
694,1389.49100680188
695,1390.62191601916
696,1395.34044268959
697,1395.56109341239
698,1396.65261996992
699,1397.25233710661
700,1398.85732976381
701,1401.94182974986
702,1403.31248590157
703,1406.0132717179
704,1406.23362534861
705,1406.36137797238
706,1406.70587455327
707,1407.14988997828
708,1409.41989385144
709,1411.68583915986
710,1415.63857059401
711,1419.81926993596
712,1419.8736706667
713,1421.23348317274
714,1422.29340131395
715,1423.82242966873
716,1425.53613034145
717,1429.51736315526
718,1432.30917661225
719,1433.98746993441
720,1440.97719566449
721,1441.7095262316
722,1441.8359132266
723,1445.36776818606
724,1448.10009445823
725,1450.88800104031
726,1452.83796613186
727,1458.59920955091
728,1461.2393899564
729,1461.54713540972
730,1464.6126288456
731,1472.49204932343
732,1472.94873521151
733,1474.39503745363
734,1476.79115413667
735,1479.10918474789
736,1480.24693360149
737,1482.03841162206
738,1482.23352245253
739,1484.13383021369
740,1487.00743000237
741,1489.09491655613
742,1489.84808284948
743,1492.47841962237
744,1493.31991448029
745,1493.51051775639
746,1495.36577546417
747,1497.25114903708
748,1498.02412339054
749,1498.54186075822
750,1499.67617396438
751,1500.68399241835
752,1501.22246510767
753,1501.96642977662
754,1506.63453149575
755,1507.43055432238
756,1507.73373670058
757,1508.060740773
758,1512.00340654801
759,1513.11715428514
760,1516.79244202647
761,1518.29302978348
762,1520.62811684382
763,1523.00291422865
764,1525.46770411072
765,1528.79994915699
766,1529.63124726095
767,1530.5839468411
768,1533.10387795865
769,1534.34340007142
770,1535.43678638552
771,1542.48744178284
772,1543.9025028143
773,1544.85726567498
774,1545.41807910306
775,1546.53671338653
776,1547.04408971814
777,1552.74340158873
778,1553.41066238086
779,1557.61157992045
780,1560.789721295
781,1561.01081902978
782,1562.1303918258
783,1564.94104317799
784,1567.52695286966
785,1567.81363741889
786,1572.17267822464
787,1572.56304785869
788,1575.68569180732
789,1577.28284436469
790,1582.56699025864
791,1583.11819016784
792,1583.60342885195
793,1584.14473748177
794,1584.81874125064
795,1585.17527096815
796,1586.43436321549
797,1586.71568997444
798,1589.69639147723
799,1591.10583346563
800,1595.4422091139
801,1597.79302766567
802,1600.14452450872
803,1604.47711968161
804,1608.90803551257
805,1612.62997774824
806,1613.8100349
807,1614.37307627251
808,1614.9916822228
809,1616.88962791682
810,1618.23664145844
811,1618.29898357518
812,1622.89775250997
813,1624.30114940036
814,1625.30029964472
815,1626.88529939556
816,1633.95951033012
817,1637.80426968162
818,1638.01162761306
819,1638.25190327527
820,1639.02597746271
821,1642.36815369558
822,1643.08267779613
823,1656.50873609258
824,1659.13983031994
825,1661.4688131591
826,1661.72088649453
827,1665.38160439239
828,1666.05914644008
829,1667.70316098253
830,1669.85806435458
831,1670.45622164772
832,1671.79548688346
833,1672.18436583966
834,1674.29468219316
835,1674.60825950806
836,1675.87249772608
837,1677.28397545626
838,1677.97819520527
839,1682.49241125489
840,1688.01117800014
841,1693.64918863815
842,1693.96634134097
843,1700.39211479441
844,1701.60539586104
845,1703.37361931839
846,1705.45658205588
847,1706.14032641873
848,1707.50554881014
849,1707.94507623083
850,1708.52149496758
851,1708.86960310071
852,1714.05943358979
853,1717.96977254917
854,1721.78212779011
855,1722.76113172285
856,1724.00486591661
857,1730.17833740807
858,1732.88812254252
859,1736.48899802699
860,1737.11199797932
861,1737.62324160079
862,1741.61267911581
863,1743.68883713727
864,1748.1383319581
865,1749.09885723817
866,1750.64024430523
867,1760.49956288197
868,1760.89965004926
869,1762.98218981599
870,1763.26992601536
871,1764.03873084492
872,1764.77363592103
873,1767.62183341136
874,1769.50941436596
875,1770.06847906935
876,1773.38069085288
877,1774.78121000341
878,1776.43191227973
879,1779.68569702642
880,1782.41844226864
881,1784.00307034732
882,1784.57618055148
883,1784.87159574962
884,1785.56438551628
885,1786.07896308443
886,1786.68982095454
887,1787.67234367048
888,1788.68434224733
889,1791.13316877404
890,1791.47554063409
891,1793.6796693826
892,1797.06803688138
893,1797.36159522947
894,1798.48563759832
895,1798.707437712
896,1811.08676254902
897,1811.51319262937
898,1813.91970668557
899,1814.53953362918
900,1820.07434939938
901,1822.16350002899
902,1822.84172641123
903,1823.80034440718
904,1826.03334168606
905,1829.88485457922
906,1831.83810748552
907,1833.76007463908
908,1834.60349947706
909,1837.39141532274
910,1837.87035605687
911,1839.59503586212
912,1841.37848948462
913,1846.78133407538
914,1847.67524332991
915,1848.10173910382
916,1849.71128562456
917,1851.09718476736
918,1851.71481646993
919,1853.96022989444
920,1854.59202255173
921,1855.1773625557
922,1855.37759501584
923,1857.58615445703
924,1861.86869198221
925,1862.29752284593
926,1862.50016937403
927,1863.88740622512
928,1865.18594372934
929,1871.77588454738
930,1875.53395535604
931,1876.68717355398
932,1878.10157074012
933,1882.21328193885
934,1883.074277863
935,1884.42808499565
936,1886.13041970994
937,1887.83157308416
938,1888.02267950956
939,1891.55450975065
940,1891.75388788758
941,1892.62492493264
942,1893.36801728192
943,1893.7472799908
944,1904.42386654243
945,1905.84003746524
946,1908.74475055787
947,1909.6973587645
948,1914.87240756394
949,1917.6699026637
950,1919.65480904777
951,1920.32301494369
952,1921.49687707352
953,1927.24542203183
954,1930.17028572805
955,1932.89902475699
956,1934.20717440783
957,1935.77106046099
958,1937.18607160747
959,1937.94018542538
960,1939.54060180565
961,1940.34670377568
962,1941.37757779991
963,1944.17376071117
964,1946.32520361822
965,1946.61386882663
966,1948.01249913052
967,1948.48919674429
968,1949.26457074977
969,1949.57442141813
970,1950.6593859472
971,1953.13134147292
972,1956.88201769627
973,1966.0921031914
974,1966.6309198114
975,1968.42697304545
976,1969.47431295871
977,1970.62186886053
978,1972.54193657116
979,1973.25940832807
980,1973.63467118872
981,1975.94941530766
982,1977.79901346426
983,1985.5577011495
984,1987.7311257158
985,1989.1605647244
986,1989.98795521583
987,1991.52999164985
988,1992.52326130337
989,1994.86828302375
990,1996.71262939222
991,1998.85025735039
992,1999.43813639977
993,2000.56738508451
994,2002.22391531754
995,2003.21632107783
996,2003.52207012695
997,2004.26041865429
998,2005.47113110441
999,2006.32619988268
1000,2006.62539973287
1001,2009.67924617628
1002,2011.48030073673
1003,2017.1260458447
1004,2019.20293900711
1005,2020.58649870314
1006,2026.8870483736
1007,2027.44407596618
1008,2028.55487203928
1009,2031.86329103769
1010,2032.72122638122
1011,2035.29208573664
1012,2035.96883337355
1013,2038.45465502038
1014,2038.88481508053
1015,2041.84665380614
1016,2044.10115648829
1017,2044.83210348413
1018,2046.40899906812
1019,2046.5096191042
1020,2048.67477154851
1021,2050.16881895552
1022,2051.72114237377
1023,2051.7814034857
1024,2052.77435113189
1025,2053.29347206758
1026,2055.71375110172
1027,2058.57774807923
1028,2059.54920751123
1029,2061.19674698662
1030,2063.51879029297
1031,2071.68271747621
1032,2072.7098969577
1033,2074.10679345011
1034,2074.55269299246
1035,2074.96264097159
1036,2077.01119374922
1037,2085.15463659759
1038,2085.65179165857
1039,2088.88204822014
1040,2091.81613260356
1041,2093.41288823437
1042,2095.52046676
1043,2097.1953497402
1044,2097.36430930212
1045,2098.52168322763
1046,2102.48520881267
1047,2105.9796948239
1048,2108.25718678237
1049,2109.522778445
1050,2111.8336446089
1051,2114.08809434718
1052,2116.96437536245
1053,2118.76923495583
1054,2121.17415047993
1055,2122.27125347665
1056,2126.56394497608
1057,2128.68892630113
1058,2130.35896315363
1059,2131.56571656669
1060,2132.15687168824
1061,2133.04905461916
1062,2142.87957617614
1063,2143.46937603068
1064,2144.19227443389
1065,2146.01621431486
1066,2147.16772239588
1067,2151.22575510291
1068,2151.49134840137
1069,2155.36746739345
1070,2157.72290854206
1071,2161.84094653467
1072,2164.22931168362
1073,2164.56613827367
1074,2165.12160408018
1075,2170.64444337668
1076,2175.37706237777
1077,2177.41005175336
1078,2179.76400738202
1079,2185.13232548518
1080,2187.23652329221
1081,2187.7075511022
1082,2189.15227454041
1083,2191.16073917108
1084,2193.49189173275
1085,2197.73092727467
1086,2198.44106712604
1087,2199.89698160575
1088,2202.29583083374
1089,2205.24899551703
1090,2206.2821889061
1091,2207.61415854641
1092,2209.97022556809
1093,2214.32953416686
1094,2217.00468166198
1095,2218.16423113265
1096,2219.44531301798
1097,2225.30345884016
1098,2227.29275325953
1099,2227.9959475119
1100,2230.83627295154
1101,2231.8925012963
1102,2232.64635513059
1103,2242.59892365704
1104,2246.40476771054
1105,2247.41434086873
1106,2251.8462463856
1107,2253.40604185129
1108,2253.89197597781
1109,2261.58895480113
1110,2262.97678075411
1111,2266.86221887211
1112,2268.07050892813
1113,2268.40846161995
1114,2270.81661198061
1115,2272.40701190312
1116,2274.44467712965
1117,2280.11416316842
1118,2284.18125664637
1119,2286.81348747789
1120,2289.7184037658
1121,2290.04176887109
1122,2298.80200034397
1123,2299.73914194637
1124,2304.75218023254
1125,2311.96876867055
1126,2313.73944849818
1127,2316.44069790207
1128,2317.86007706934
1129,2318.86456544328
1130,2323.38791874345
1131,2325.59969279725
1132,2327.55901170719
1133,2329.66525097633
1134,2330.33338019702
1135,2333.13447213151
1136,2335.44595126206
1137,2338.1328379795
1138,2340.43672038952
1139,2344.16652091283
1140,2346.25423758418
1141,2349.91415418378
1142,2365.64695460364
1143,2366.59345054012
1144,2368.8922690001
1145,2372.08310361294
1146,2379.06001997557
1147,2385.74609771231
1148,2390.46813521222
1149,2392.70265938417
1150,2402.21510434104
1151,2404.92274772715
1152,2410.37444300547
1153,2411.76004233549
1154,2413.18847446766
1155,2416.7628280382
1156,2420.14572315851
1157,2421.44230259156
1158,2422.28499076414
1159,2424.33528125397
1160,2426.69976710846
1161,2427.6857523687
1162,2431.90456252142
1163,2436.54349904122
1164,2437.14940551549
1165,2439.60432188828
1166,2441.35105498897
1167,2443.31054561586
1168,2444.68666207211
1169,2446.87540699429
1170,2447.7941162126
1171,2449.41959345133
1172,2452.96846471478
1173,2453.30937624709
1174,2460.70065417791
1175,2463.21114663822
1176,2464.84206417364
1177,2466.95187054632
1178,2469.45040792077
1179,2474.53252226798
1180,2475.54457947178
1181,2477.22807000549
1182,2479.04391941928
1183,2481.23195921146
1184,2483.20648169086
1185,2485.35968081136
1186,2486.30618850878
1187,2487.89684326223
1188,2490.40017293303
1189,2492.81323634129
1190,2494.92454702
1191,2499.12745083135
1192,2503.31202136011
1193,2503.96527419148
1194,2508.21268412821
1195,2509.69555298502
1196,2512.46429963276
1197,2513.44024298771
1198,2514.42946799888
1199,2517.0415863754
1200,2523.70860623223
1201,2524.96051946031
1202,2525.95600006011
1203,2528.42609656029
1204,2528.93351634975
1205,2532.36420447635
1206,2533.00879418612
1207,2537.09474588422
1208,2537.2602332835
1209,2541.68557224317
1210,2544.69931630316
1211,2547.03060818074
1212,2552.08051907876
1213,2556.54217866344
1214,2561.01239818442
1215,2563.77874655215
1216,2566.65509492412
1217,2567.6826238371
1218,2570.22754043723
1219,2573.9095789337
1220,2576.32402805467
1221,2577.83088020731
1222,2578.81273914521
1223,2580.2128195602
1224,2583.78319180532
1225,2585.65411518125
1226,2588.77532217817
1227,2594.60313864724
1228,2598.58128237106
1229,2603.46391778728
1230,2603.87629417
1231,2609.31122563715
1232,2610.21569434005
1233,2610.72803796251
1234,2621.06257774256
1235,2622.23385844216
1236,2624.20049840696
1237,2629.55958729641
1238,2631.97395371182
1239,2636.47648609214
1240,2638.12106056974
1241,2640.31048321034
1242,2641.57175822165
1243,2641.92130831109
1244,2646.36558802308
1245,2648.02530391557
1246,2651.60342716386
1247,2653.65561746452
1248,2654.77612217957
1249,2656.60041854972
1250,2657.35073996925
1251,2658.80041795777
1252,2659.95860047871
1253,2665.17230734526
1254,2669.06017163617
1255,2672.16703629026
1256,2674.35980545532
1257,2678.96000078257
1258,2683.5221987093
1259,2685.07830040576
1260,2686.31255529694
1261,2689.58883220697
1262,2690.54255713612
1263,2691.06452761371
1264,2695.41667712069
1265,2697.37654059876
1266,2698.29416970145
1267,2700.93438101474
1268,2704.77610859306
1269,2705.25793670906
1270,2708.50916028016
1271,2709.04185900116
1272,2712.25479809016
1273,2713.12843936979
1274,2715.03046783123
1275,2718.44678122445
1276,2721.27660845412
1277,2724.15177313641
1278,2728.25725348064
1279,2732.61075400269
1280,2734.54408281512
1281,2738.45355002651
1282,2739.8953558742
1283,2742.35917638135
1284,2743.55373525172
1285,2745.4440911431
1286,2752.08624458177
1287,2755.10361180289
1288,2759.02142673319
1289,2761.13811210729
1290,2763.05868527738
1291,2764.78839777524
1292,2767.50038921204
1293,2769.38179347074
1294,2771.73175697353
1295,2774.20791160293
1296,2776.70508608527
1297,2779.49219119463
1298,2781.60395150854
1299,2784.51800773473
1300,2786.60598091559
1301,2791.0081259619
1302,2794.13922260834
1303,2801.32554496007
1304,2802.01539451441
1305,2807.50269123233
1306,2811.59222166738
1307,2812.42179922982
1308,2813.91860553684
1309,2822.0448102127
1310,2823.9929236819
1311,2824.30904269294
1312,2826.56627379579
1313,2827.83478208839
1314,2830.30216004213
1315,2833.75081427775
1316,2836.98616568125
1317,2837.65540280049
1318,2839.65297089536
1319,2840.44157566759
1320,2845.56870744404
1321,2847.78838602984
1322,2848.38624781304
1323,2849.68830188931
1324,2852.76266170855
1325,2856.93817120424
1326,2857.78755203486
1327,2858.74296706311
1328,2860.37601166415
1329,2861.65667802679
1330,2862.11564866402
1331,2862.3944151806
1332,2863.97865878846
1333,2872.80904789347
1334,2873.51837336933
1335,2877.65717980185
1336,2878.54083977676
1337,2880.8795339103
1338,2883.72880654669
1339,2888.38465625171
1340,2893.15614666374
1341,2895.47658392441
1342,2900.59829913603
1343,2901.78228224185
1344,2907.17143051731
1345,2907.77243146114
1346,2910.01743380038
1347,2911.43949608907
1348,2913.42402327981
1349,2917.67444628972
1350,2920.47302253705
1351,2921.14789205688
1352,2922.34593216492
1353,2925.61850066488
1354,2931.25744743229
1355,2932.49286557145
1356,2934.82329451599
1357,2936.3210251873
1358,2940.03319414023
1359,2941.02080196745
1360,2941.74535281049
1361,2943.23252716974
1362,2948.18546825056
1363,2948.87270011424
1364,2950.73541061357
1365,2953.50204373568
1366,2955.32556174573
1367,2963.48642434086
1368,2965.70585114671
1369,2966.72248157993
1370,2967.78598868483
1371,2968.39046001303
1372,2970.99086915385
1373,2972.06325575983
1374,2979.21509236888
1375,2980.47596817591
1376,2983.68160107146
1377,2984.57415614456
1378,2985.53675821411
1379,2991.58717279
1380,2994.31196533859
1381,2996.17580619588
1382,2997.43825718324
1383,2998.68966133994
1384,2999.9830230463
1385,3000.66988334581
1386,3001.93801511292
1387,3002.86057383526
1388,3005.49112165162
1389,3008.9962514592
1390,3010.32434490943
1391,3011.53721609356
1392,3014.72529562232
1393,3015.71095047552
1394,3021.02198930043
1395,3022.83681822307
1396,3025.96509438847
1397,3028.50301772466
1398,3029.4560185535
1399,3032.96451730602
1400,3036.72562403536
1401,3038.93847377506
1402,3042.27232508379
1403,3045.95345060825
1404,3046.37028029978
1405,3050.92870560469
1406,3051.29787171919
1407,3053.89597710243
1408,3055.49465001745
1409,3060.13735267451
1410,3061.40793245155
1411,3066.66345120788
1412,3067.60694760245
1413,3070.39337379091
1414,3072.53342090782
1415,3075.94162656575
1416,3077.77555012427
1417,3079.80257848791
1418,3081.99597646357
1419,3084.78063364747
1420,3086.84732650885
1421,3088.53130100034
1422,3090.82351288405
1423,3092.93654292531
1424,3101.08740761603
1425,3101.65617010016
1426,3103.90411250688
1427,3106.16081219749
1428,3108.73191327563
1429,3110.45834937104
1430,3111.90814594557
1431,3114.62687666754
1432,3115.84592988609
1433,3116.65800429522
1434,3118.72874191404
1435,3119.44870862146
1436,3121.76399725329
1437,3122.89467567432
1438,3124.50985638476
1439,3125.83389896768
1440,3126.68533175271
1441,3130.05819211069
1442,3139.89504353312
1443,3140.52462483657
1444,3144.4943210198
1445,3145.19887610872
1446,3148.9637974423
1447,3151.47858458432
1448,3153.87526346492
1449,3158.30155505721
1450,3159.61566210826
1451,3161.06303667331
1452,3169.23853891646
1453,3174.06698367635
1454,3176.91734045594
1455,3180.0573889608
1456,3184.59513002167
1457,3187.33021290961
1458,3190.74914587251
1459,3193.66547429752
1460,3195.71405638919
1461,3198.03976351508
1462,3202.14105609497
1463,3203.57397051427
1464,3204.58181004744
1465,3205.71558924706
1466,3207.04056316798
1467,3210.51369492365
1468,3213.42894361973
1469,3214.26790600842
1470,3215.43847301475
1471,3217.29662073898
1472,3224.21966440033
1473,3225.9150115525
1474,3228.69939284982
1475,3231.74269148662
1476,3235.75358446955
1477,3238.11141852138
1478,3239.79609088784
1479,3240.81781238996
1480,3248.42658977452
1481,3251.86679574003
1482,3254.91407618961
1483,3255.85546968076
1484,3257.38239247749
1485,3258.94952276013
1486,3259.81056088085
1487,3264.93771067126
1488,3268.21500133948
1489,3270.48120177177
1490,3274.82648148412
1491,3276.77553716553
1492,3278.8244266545
1493,3281.91265180184
1494,3282.47588871083
1495,3285.45557157954
1496,3286.96569691826
1497,3290.11374521029
1498,3293.29671360874
1499,3295.92354894486
1500,3296.73423203204
1501,3300.94282285469
1502,3304.61451705232
1503,3306.06580955959
1504,3309.80008553185
1505,3318.91585935748
1506,3322.18904996416
1507,3327.77889121149
1508,3328.72116047243
1509,3329.56132414347
1510,3334.43305658402
1511,3336.63215368163
1512,3339.48507571712
1513,3340.36966936804
1514,3341.85727984838
1515,3346.44651694891
1516,3351.05611098339
1517,3354.93458801811
1518,3357.82728345422
1519,3358.91902794094
1520,3364.47716355814
1521,3366.90077488897
1522,3368.28592063297
1523,3370.66924419499
1524,3373.33652045895
1525,3375.79652548613
1526,3377.31921667163
1527,3379.11973663765
1528,3382.06318484951
1529,3385.11055134241
1530,3386.59143324979
1531,3388.10947755267
1532,3388.69889588426
1533,3391.80622686353
1534,3393.03936455314
1535,3395.27878185268
1536,3397.83546454856
1537,3400.69488344597
1538,3403.54036671756
1539,3405.19291183368
1540,3407.06554345103
1541,3408.47090454914
1542,3413.42524464029
1543,3415.65917647371
1544,3420.27841912006
1545,3425.0141769365
1546,3426.73549392165
1547,3429.30042054685
1548,3431.60961098132
1549,3435.90032784168
1550,3437.54864393184
1551,3443.24571031566
1552,3446.86411508675
1553,3447.27275596459
1554,3447.4932489251
1555,3449.85613639159
1556,3452.43062242081
1557,3452.81013528418
1558,3456.42689539703
1559,3460.25430513356
1560,3461.43331311603
1561,3465.94567079889
1562,3468.58945533703
1563,3471.41863282358
1564,3476.2649875743
1565,3484.4843674981
1566,3486.73346803041
1567,3488.95010055665
1568,3489.92327921269
1569,3490.59108739476
1570,3491.99278071693
1571,3493.20834068724
1572,3496.27261003222
1573,3497.85613057769
1574,3500.01404376032
1575,3502.18225975931
1576,3502.87681738134
1577,3504.28094157114
1578,3505.15392494933
1579,3509.12140451551
1580,3511.13648653849
1581,3513.06434314045
1582,3516.70896057765
1583,3518.81610426808
1584,3523.67501155286
1585,3524.90829415434
1586,3525.47586275201
1587,3525.97826815957
1588,3526.98232610809
1589,3529.63423713928
1590,3529.81615254921
1591,3532.05698984188
1592,3535.47127215639
1593,3538.45716043141
1594,3542.63572661679
1595,3543.44153405975
1596,3548.50425748317
1597,3552.84007655702
1598,3553.25623341945
1599,3557.86198600286
1600,3559.78508401032
1601,3561.18856137859
1602,3565.03933812148
1603,3566.52685656367
1604,3570.56215364462
1605,3572.26325141449
1606,3580.60291444724
1607,3582.36950767491
1608,3584.88292877348
1609,3589.47770448562
1610,3590.59946908321
1611,3592.39504116863
1612,3593.42594717814
1613,3598.35903455209
1614,3603.10729413676
1615,3606.42791567879
1616,3608.10476809403
1617,3611.80007573255
1618,3614.02080216609
1619,3617.77984619861
1620,3618.973341506
1621,3621.9445617207
1622,3624.03179887815
1623,3628.48816429964
1624,3629.10117840542
1625,3631.48379080398
1626,3634.21184737988
1627,3635.02002469945
1628,3642.49844280844
1629,3647.04102324266
1630,3651.86837290349
1631,3654.13639649248
1632,3654.67141054706
1633,3655.78060359054
1634,3660.11457016496
1635,3662.44242098136
1636,3663.38440110018
1637,3665.55898574065
1638,3666.73618397377
1639,3668.14766585975
1640,3670.39388206449
1641,3671.89294026336
1642,3678.0225145694
1643,3678.90590315263
1644,3681.06456686114
1645,3685.12648609839
1646,3686.97267115425
1647,3690.50723128351
1648,3691.44522191379
1649,3697.38551997551
1650,3699.26542123066
1651,3707.04449728042
1652,3708.4002379774
1653,3712.4421339016
1654,3714.34416264576
1655,3720.67471223813
1656,3724.12041306935
1657,3725.69494844362
1658,3726.57182038499
1659,3727.83343036951
1660,3729.50153813665
1661,3732.27288146485
1662,3735.62929168508
1663,3738.87143504885
1664,3741.68264866337
1665,3748.17929216992
1666,3750.51905373415
1667,3753.57313598504
1668,3760.89982515502
1669,3766.88966928444
1670,3772.84497799109
1671,3774.24596560255
1672,3774.93427004063
1673,3776.62119131191
1674,3780.29109963585
1675,3785.26587401253
1676,3786.52787524143
1677,3788.24331056696
1678,3792.47581971867
1679,3795.10302387174
1680,3801.94560633282
1681,3803.3327028731
1682,3804.74879971907
1683,3805.79201485187
1684,3808.20568812986
1685,3809.50444142507
1686,3813.46608301381
1687,3814.08220752884
1688,3820.70626399063
1689,3821.265213468
1690,3828.07721115583
1691,3832.31663389075
1692,3834.21076997326
1693,3836.34157004798
1694,3838.25691862594
1695,3838.94443591253
1696,3840.21057745763
1697,3846.64798340312
1698,3849.10520300199
1699,3851.06813215642
1700,3852.09574664182
1701,3855.20021673497
1702,3857.78942722525
1703,3863.01283462856
1704,3868.78227548374
1705,3871.15375230132
1706,3875.34933167703
1707,3876.67090587906
1708,3878.2886779517
1709,3879.43050715223
1710,3882.75056850373
1711,3885.09895137806
1712,3885.40525634123
1713,3891.24863987163
1714,3896.6120714075
1715,3898.63397333897
1716,3903.01117102475
1717,3904.68408644175
1718,3907.14264051955
1719,3908.75694421027
1720,3911.03262711892
1721,3916.72633297398
1722,3918.04808104089
1723,3918.94407328457
1724,3926.50522678083
1725,3927.61035596115
1726,3930.16623641102
1727,3931.51302592721
1728,3933.34276117669
1729,3938.20008140335
1730,3938.41174141535
1731,3942.02614594026
1732,3948.21327500335
1733,3951.50753528884
1734,3952.43877762205
1735,3953.60498122687
1736,3956.65857237979
1737,3963.5696156878
1738,3968.96779690128
1739,3973.59481802348
1740,3975.60757798425
1741,3976.07468594675
1742,3979.33626829645
1743,3979.64707311091
1744,3981.48264097808
1745,3986.77592712111
1746,3988.63300716699
1747,3990.41733204108
1748,3993.93960700133
1749,3996.77394925009
1750,3999.8203392819
1751,4003.25293723819
1752,4005.79980822257
1753,4009.52114736227
1754,4013.03816011769
1755,4017.1104801243
1756,4019.38944693003
1757,4020.02862379503
1758,4022.51309829801
1759,4027.21235275313
1760,4028.33866933445
1761,4029.57850158337
1762,4032.44132663211
1763,4037.46392849689
1764,4037.91289258723
1765,4040.10697620781
1766,4040.44686729136
1767,4042.09425148703
1768,4042.74866823342
1769,4043.43326205831
1770,4047.30464566091
1771,4050.77824242918
1772,4051.95292238214
1773,4054.84793136051
1774,4058.50168403275
1775,4059.82075394039
1776,4061.56235585497
1777,4062.74901791155
1778,4063.48335067663
1779,4068.6368146485
1780,4074.47552050404
1781,4077.2181705365
1782,4079.68106695858
1783,4082.14359087824
1784,4083.41308904537
1785,4086.58964784881
1786,4089.53067725296
1787,4093.77664369082
1788,4100.74574706456
1789,4102.70638628426
1790,4110.68796223356
1791,4115.23337686733
1792,4116.77204690277
1793,4120.22145676307
1794,4125.02293458303
1795,4126.11486228729
1796,4128.00011210384
1797,4131.12953732675
1798,4133.50463115905
1799,4136.68309428369
1800,4137.83979409162
1801,4143.61722940155
1802,4145.35354424257
1803,4147.45844823786
1804,4149.24717409227
1805,4151.29542801765
1806,4155.47497812982
1807,4156.00282943614
1808,4159.97087147713
1809,4161.1589584311
1810,4166.7495668958
1811,4170.35375287819
1812,4174.40818317806
1813,4175.54653160158
1814,4179.96815898249
1815,4181.95637945821
1816,4184.28614233591
1817,4185.21907224161
1818,4190.77741754891
1819,4194.16697152546
1820,4197.43236627258
1821,4198.35078260234
1822,4198.93162582726
1823,4200.68546452877
1824,4202.08667881035
1825,4203.37017268184
1826,4211.84014084518
1827,4215.11584405848
1828,4218.91489826723
1829,4224.33697190356
1830,4229.17138425225
1831,4230.95550462093
1832,4236.11648141745
1833,4239.9987916833
1834,4245.44908534993
1835,4246.787949083
1836,4251.67546188197
1837,4252.12506814778
1838,4255.34608963185
1839,4256.38743027848
1840,4259.58891763542
1841,4264.4342875444
1842,4265.50914353945
1843,4267.94891049511
1844,4271.78564976112
1845,4273.98917671527
1846,4276.60397205507
1847,4281.15580112391
1848,4282.14354896368
1849,4287.67423927036
1850,4289.65438269329
1851,4293.14956183406
1852,4297.45741305877
1853,4298.39562313816
1854,4303.09517658025
1855,4304.28470719023
1856,4305.67601812619
1857,4312.27961865481
1858,4313.7836723203
1859,4314.24964845215
1860,4318.79982112872
1861,4324.52664079272
1862,4325.42293764721
1863,4330.32720342134
1864,4334.38944002935
1865,4337.94345886191
1866,4342.75077206599
1867,4347.25316031299
1868,4347.49326983471
1869,4349.99311034118
1870,4350.29923173034
1871,4351.28179577447
1872,4354.3658072795
1873,4359.18933560991
1874,4362.54362666063
1875,4365.47929362471
1876,4366.45111179763
1877,4370.8780704515
1878,4374.27156045978
1879,4379.04899087058
1880,4384.47323165246
1881,4387.41104516767
1882,4389.45086651266
1883,4390.04471100952
1884,4394.96220951871
1885,4398.25480544617
1886,4402.1545561193
1887,4405.94325732637
1888,4407.29478813957
1889,4410.43807546764
1890,4412.66567652243
1891,4415.90426280057
1892,4418.2113475086
1893,4419.81962652125
1894,4420.43740256249
1895,4426.10290267758
1896,4431.21087668312
1897,4435.17174233909
1898,4435.90138450936
1899,4441.56063515941
1900,4445.25678636829
1901,4446.30528190589
1902,4449.0859948248
1903,4452.73489665756
1904,4457.77970851683
1905,4460.14376500974
1906,4460.82327488869
1907,4463.25578205822
1908,4469.16303587602
1909,4470.40489050796
1910,4472.99712679569
1911,4476.93393661215
1912,4479.50401965267
1913,4484.71326656067
1914,4489.75951166532
1915,4491.59070004723
1916,4494.28194754034
1917,4496.30598706888
1918,4498.00354359589
1919,4500.65437905963
1920,4505.20182879568
1921,4512.1056945181
1922,4514.22183144647
1923,4515.61024467342
1924,4518.91870025598
1925,4519.37338244647
1926,4523.55653822367
1927,4525.75698219634
1928,4528.61746475321
1929,4531.90240856456
1930,4535.72824364762
1931,4544.28328216327
1932,4546.19712351491
1933,4549.49565838883
1934,4556.91718775753
1935,4560.3925734876
1936,4569.36773894004
1937,4571.67949556804
1938,4573.8093637455
1939,4574.08137820103
1940,4575.95142157689
1941,4581.08690085051
1942,4582.00400214528
1943,4585.90695739246
1944,4591.3424946833
1945,4592.55484940455
1946,4598.58853392066
1947,4600.94325132267
1948,4603.10612626865
1949,4607.35148625326
1950,4608.59993345049
1951,4615.00619457085
1952,4615.54785330313
1953,4617.33434891881
1954,4618.99883357341
1955,4622.44114855452
1956,4630.11914479333
1957,4633.96282639702
1958,4636.80749455249
1959,4637.4844765208
1960,4641.17779914074
1961,4644.62751027782
1962,4645.56685556452
1963,4650.7353181606
1964,4654.79300429854
1965,4659.07070809895
1966,4660.73793729374
1967,4667.89210354222
1968,4670.41053511972
1969,4671.42569665034
1970,4674.19680496268
1971,4678.26679942276
1972,4679.22907167191
1973,4682.58905859864
1974,4683.69555505061
1975,4684.27031980417
1976,4687.75795814537
1977,4690.25585876825
1978,4694.88485324526
1979,4695.42471794853
1980,4699.21837211697
1981,4704.37685638407
1982,4707.22751298339
1983,4709.07338482278
1984,4712.60197667943
1985,4714.94475415985
1986,4719.770474733
1987,4725.00075271824
1988,4726.65400623761
1989,4730.61289465555
1990,4731.66476401171
1991,4737.85627268479
1992,4743.65543260504
1993,4747.74791167206
1994,4748.95324063371
1995,4749.18083128306
1996,4752.36063750014
1997,4753.37626105889
1998,4755.56965551425
1999,4757.01969328854
2000,4759.32333782187
2001,4762.90979343478
2002,4768.08509106154
2003,4769.14502755817
2004,4770.3545022459
2005,4773.73033855653
2006,4775.16870295525
2007,4779.47780050447
2008,4782.48176395573
2009,4784.07846622853
2010,4788.68883409938
2011,4791.2998955372
2012,4794.75744861345
2013,4797.58421303803
2014,4798.65944750894
2015,4805.37968562551
2016,4810.84669651744
2017,4812.30628221354
2018,4814.9919054483
2019,4819.6815162834
2020,4820.64642696624
2021,4822.55000929478
2022,4823.07817184483
2023,4827.29738333331
2024,4828.3857473404
2025,4830.01469696671
2026,4836.74158121832
2027,4839.24055433712
2028,4842.60667870215
2029,4844.73004318967
2030,4846.00889436417
2031,4846.35395865997
2032,4849.16081969482
2033,4850.49698865006
2034,4852.82196251834
2035,4856.41951891133
2036,4861.80165108548
2037,4863.48682844548
2038,4865.50215275822
2039,4867.75457325813
2040,4869.19297239065
2041,4870.90600008762
2042,4876.98492971578
2043,4878.78210583692
2044,4880.33868227864
2045,4884.09155552896
2046,4890.83089322932
2047,4893.65647939208
2048,4900.61557010004
2049,4903.09267618968
2050,4906.99016068513
2051,4907.68628409379
2052,4910.02346274184
2053,4915.40734546412
2054,4921.16815003613
2055,4927.5959410301
2056,4931.26077687707
2057,4934.17368950869
2058,4938.83249137621
2059,4946.18583304816
2060,4947.04981200011
2061,4948.98538247824
2062,4949.66567948581
2063,4950.69468172352
2064,4959.08616670164
2065,4959.98999908441
2066,4968.00613529316
2067,4969.79617382472
2068,4975.15021168098
2069,4980.65817346531
2070,4982.55409045187
2071,4983.53076453377
2072,4985.3709546225
2073,4987.54496533035
2074,4990.17048167036
2075,4994.25127895398
2076,4999.20142361911
2077,5002.83573337598
2078,5004.29730863174
2079,5006.91212037355
2080,5008.30676448176
2081,5010.04440829878
2082,5012.83249587996
2083,5023.28533994838
2084,5024.23085108833
2085,5027.00351798259
2086,5028.56393168681
2087,5032.75258521481
2088,5034.88934282326
2089,5036.5598930497
2090,5045.4933530022
2091,5046.6155649063
2092,5050.29387499919
2093,5053.42956772833
2094,5055.58451969038
2095,5059.28096657694
2096,5061.95189058901
2097,5068.42323691142
2098,5069.13582588344
2099,5071.72256856829
2100,5073.44654728336
2101,5087.39717665678
2102,5089.18936270668
2103,5092.86876931583
2104,5096.82841626327
2105,5098.00559718486
2106,5100.73857330411
2107,5109.05234315848
2108,5109.78215694807
2109,5111.44189636758
2110,5115.6447653059
2111,5126.91816243487
2112,5128.45996884118
2113,5132.15425017484
2114,5136.20949133671
2115,5139.05005496297
2116,5144.76219549405
2117,5145.47590282527
2118,5148.45999929219
2119,5149.72622922091
2120,5153.83056199667
2121,5157.96440208343
2122,5161.94370401341
2123,5165.58185664601
2124,5169.02046804995
2125,5169.16180379993
2126,5177.38424738575
2127,5179.55980843967
2128,5180.42186946421
2129,5185.14517387515
2130,5190.08756396427
2131,5191.90919014692
2132,5198.15788164029
2133,5200.04372480858
2134,5201.21951498376
2135,5202.56664907911
2136,5205.10563660552
2137,5212.19908856836
2138,5215.54524966237
2139,5220.97886983003
2140,5221.93042023303
2141,5223.37646324967
2142,5226.23714751852
2143,5227.84109493769
2144,5232.5066604896
2145,5243.99893734781
2146,5245.33429691647
2147,5248.47760536647
2148,5256.48247111378
2149,5261.55368598956
2150,5265.68217895005
2151,5267.87528495649
2152,5273.01766867889
2153,5279.55137745795
2154,5280.69815561822
2155,5281.2213397424
2156,5289.22555068296
2157,5292.05487012665
2158,5293.20290785805
2159,5294.73490414266
2160,5296.69939277894
2161,5305.01057655594
2162,5306.64500908955
2163,5310.99526542397
2164,5314.15665909194
2165,5317.45431737048
2166,5317.83852698509
2167,5319.78215675632
2168,5324.01146980682
2169,5326.60676202854
2170,5328.22952457077
2171,5331.42608713445
2172,5337.21963395886
2173,5338.17034320168
2174,5340.70914309766
2175,5342.67756160729
2176,5347.44141932866
2177,5355.87376664386
2178,5356.91171238182
2179,5357.91262850159
2180,5363.51056989727
2181,5372.02256713294
2182,5373.87234227532
2183,5374.9109835998
2184,5378.04574382366
2185,5382.92043895837
2186,5384.78023994787
2187,5389.61277021341
2188,5393.07369304533
2189,5394.81636423543
2190,5397.78818731286
2191,5400.03887915972
2192,5404.52827508756
2193,5411.15533675303
2194,5412.30722194201
2195,5416.26459961793
2196,5418.35245442049
2197,5420.69889864609
2198,5422.28221115454
2199,5424.9708912915
2200,5427.27055279905
2201,5429.1571446918
2202,5430.1680137353
2203,5431.26208056846
2204,5433.11642124743
2205,5437.36665298928
2206,5437.94025758644
2207,5439.50008988997
2208,5443.0506289101
2209,5446.91455658217
2210,5453.32735713705
2211,5453.77237940556
2212,5456.16584704464
2213,5457.19953521878
2214,5461.42372544229
2215,5462.32529450995
2216,5463.70458884461
2217,5470.26595211954
2218,5475.13979938833
2219,5476.89191827827
2220,5481.08121631328
2221,5486.64455094863
2222,5487.83729402657
2223,5490.92322273891
2224,5495.88197055669
2225,5499.4911649584
2226,5500.93572906096
2227,5506.81738664637
2228,5507.27197469574
2229,5511.40529081251
2230,5513.58962424302
2231,5520.07648929385
2232,5522.63993809039
2233,5524.00123777671
2234,5524.59603564915
2235,5527.91789283568
2236,5529.89017071479
2237,5531.74476748835
2238,5535.73720940709
2239,5538.35729462778
2240,5539.28960372178
2241,5541.89178293486
2242,5544.72515242556
2243,5547.44826293148
2244,5549.87554250021
2245,5553.74347821144
2246,5558.32134429708
2247,5559.09615740256
2248,5562.18917799431
2249,5565.11578276274
2250,5571.11691970028
2251,5572.81206446353
2252,5574.75406350483
2253,5575.50750634718
2254,5578.44544615668
2255,5582.12350229755
2256,5585.92025715506
2257,5591.82235809751
2258,5593.32516860025
2259,5595.39679664546
2260,5602.18939020072
2261,5606.1670248071
2262,5610.70815712226
2263,5614.84447486762
2264,5620.5215124006
2265,5621.29017385635
2266,5624.31956575659
2267,5631.68379176131
2268,5636.53675759783
2269,5639.65462480623
2270,5641.05878724703
2271,5647.37515569968
2272,5649.23306466239
2273,5654.44406505523
2274,5657.06379195091
2275,5661.24673462172
2276,5662.3405441725
2277,5664.83043561565
2278,5668.39886952553
2279,5671.66176392308
2280,5672.55321132153
2281,5679.09223550086
2282,5683.18274869279
2283,5686.22181948148
2284,5689.46814545068
2285,5699.89349697249
2286,5702.60447853575
2287,5704.03870753613
2288,5707.96882557334
2289,5713.17519676471
2290,5714.83919301755
2291,5719.66610018837
2292,5722.28260784668
2293,5729.42044696847
2294,5731.17709268154
2295,5737.45851875168
2296,5738.22161388416
2297,5743.0886777905
2298,5745.23117136824
2299,5747.12409852674
2300,5749.87904945957
2301,5751.50226638033
2302,5757.21608957946
2303,5759.59374319141
2304,5768.39203994064
2305,5769.61035017235
2306,5774.86619837677
2307,5776.18953391862
2308,5782.75564481939
2309,5787.20133952815
2310,5790.98222105912
2311,5795.58794282119
2312,5799.44349005309
2313,5809.55659072371
2314,5815.89353075636
2315,5818.45049660722
2316,5820.54251639055
2317,5825.18968104433
2318,5830.88584456541
2319,5835.68495177245
2320,5838.43419950954
2321,5841.89431706039
2322,5843.54521368009
2323,5848.71028643576
2324,5851.01388287144
2325,5855.56226172807
2326,5857.80916742559
2327,5859.9501761056
2328,5862.44912911855
2329,5866.53736835453
2330,5868.07865496928
2331,5877.71652779702
2332,5882.58103553447
2333,5887.12353640357
2334,5891.77162206045
2335,5892.73995774141
2336,5895.87592872719
2337,5901.02120331756
2338,5901.87988180945
2339,5908.52119972265
2340,5912.11387220622
2341,5914.21771939159
2342,5917.14697578825
2343,5919.6916318202
2344,5925.50615113477
2345,5929.21951897624
2346,5935.78935652622
2347,5937.00909066997
2348,5937.67529422547
2349,5940.62980540334
2350,5942.3604101182
2351,5943.9257119181
2352,5945.44541229198
2353,5950.5450927824
2354,5955.15460876817
2355,5956.01406162179
2356,5964.03245627795
2357,5970.9568437546
2358,5972.78866246642
2359,5978.31638331287
2360,5981.73343614594
2361,5985.3072522229
2362,5988.40818069246
2363,5993.21856466363
2364,5996.81596798234
2365,6001.37562563687
2366,6004.13672170306
2367,6009.9505474909
2368,6011.80474234954
2369,6012.99215950355
2370,6014.0466130405
2371,6015.38971333931
2372,6027.1087719111
2373,6032.04389219961
2374,6033.5220727858
2375,6035.87700659955
2376,6040.86229953266
2377,6046.64583577629
2378,6049.18740882912
2379,6054.10529113443
2380,6058.96431050558
2381,6059.73955466028
2382,6063.07875347109
2383,6066.9947434171
2384,6070.0029911236
2385,6071.20266637294
2386,6077.5529503562
2387,6081.74631985916
2388,6085.41672234472
2389,6090.73855775113
2390,6094.07197900498
2391,6095.35307196354
2392,6099.47040273656
2393,6102.61416376055
2394,6103.8512586829
2395,6110.0069045965
2396,6117.1054734552
2397,6118.52205207019
2398,6120.69510538695
2399,6124.22303698746
2400,6127.82851516062
2401,6130.25291718632
2402,6133.56853921212
2403,6137.92385762616
2404,6141.09317935838
2405,6141.7255779021
2406,6144.66654040442
2407,6147.32575363603
2408,6153.51709785689
2409,6157.43990040173
2410,6164.4488898206
2411,6165.15164009284
2412,6167.03231010327
2413,6170.67790667387
2414,6172.14099647807
2415,6175.5283399232
2416,6180.69186837196
2417,6183.77699324311
2418,6184.49749043245
2419,6189.77112286536
2420,6196.11715077423
2421,6202.24454385291
2422,6205.19195044555
2423,6207.01656412787
2424,6207.67261414487
2425,6218.15602717903
2426,6219.12172687086
2427,6225.24317775916
2428,6228.25085040087
2429,6230.24578559126
2430,6233.480102049
2431,6234.58285309664
2432,6236.5546867137
2433,6237.89887395765
2434,6238.90408584798
2435,6242.2015586742
2436,6245.21807606692
2437,6246.49202922888
2438,6250.27676235223
2439,6250.53556913121
2440,6254.16695795089
2441,6255.24993989809
2442,6258.84419226557
2443,6259.34591098104
2444,6263.909467409
2445,6268.99006747325
2446,6270.65832537493
2447,6272.22394523988
2448,6273.4486291193
2449,6274.85455937982
2450,6276.61352581917
2451,6278.38712163749
2452,6278.80056556743
2453,6280.98486092496
2454,6283.06408738607
2455,6287.24218067133
2456,6289.04826172818
2457,6291.48073432351
2458,6294.08327842011
2459,6299.44199422878
2460,6301.2399738818
2461,6304.76754970884
2462,6305.61991106262
2463,6310.06941826073
2464,6313.29654294204
2465,6319.78653491239
2466,6324.74260971804
2467,6331.76573305917
2468,6333.57039799416
2469,6341.0021312752
2470,6342.68027692269
2471,6350.5948314622
2472,6354.80191933383
2473,6355.8314013186
2474,6361.90752867856
2475,6363.32549654343
2476,6364.54389941532
2477,6367.14743727694
2478,6371.37360477268
2479,6374.1988515758
2480,6376.57550186986
2481,6381.27496722326
2482,6383.52092163501
2483,6388.31828501177
2484,6390.55464167889
2485,6391.95087327704
2486,6398.63610672048
2487,6402.68368003024
2488,6405.2450236365
2489,6407.21846137006
2490,6420.38753699565
2491,6422.43330901653
2492,6428.4180061227
2493,6429.4297641507
2494,6436.10489007795
2495,6440.51726475157
2496,6442.25696928346
2497,6443.54456969256
2498,6446.2223189251
2499,6456.28335739135
2500,6458.34428821461
2501,6462.11743932871
2502,6464.53667820039
2503,6467.94823769308
2504,6469.99811541092
2505,6473.77787406483
2506,6475.59841750448
2507,6481.50277784256
2508,6483.10566655021
2509,6484.93302916383
2510,6488.9212393687
2511,6498.72420566029
2512,6499.22137590512
2513,6505.71301014054
2514,6510.38067338031
2515,6512.22857861183
2516,6513.58961392833
2517,6520.77624810517
2518,6521.52687638353
2519,6524.36680687026
2520,6527.98300463449
2521,6531.61103108997
2522,6532.59837333467
2523,6537.1748569306
2524,6541.39478491752
2525,6546.74808893121
2526,6548.18616596735
2527,6550.60442509863
2528,6557.74527714392
2529,6563.45767449847
2530,6564.39519109337
2531,6568.51135271557
2532,6571.48839955405
2533,6579.25823903241
2534,6581.67667701037
2535,6592.53547477531
2536,6596.82123597548
2537,6601.86138210908
2538,6605.23883374982
2539,6608.07206862975
2540,6612.9680721437
2541,6614.60471818897
2542,6619.39424399406
2543,6625.80941596577
2544,6630.72927093662
2545,6631.26131394453
2546,6633.52564947885
2547,6638.9676950703
2548,6641.36627344717
2549,6645.12981591741
2550,6648.37606064957
2551,6649.77062002939
2552,6655.2388876882
2553,6664.30413045404
2554,6665.07838482992
2555,6670.03705717375
2556,6672.54846383012
2557,6676.9963118049
2558,6680.48448627921
2559,6683.48995174122
2560,6688.39740521848
2561,6691.29840924679
2562,6696.39223319677
2563,6698.49994186721
2564,6700.82048799133
2565,6705.81344834528
2566,6707.47203249352
2567,6710.22947796557
2568,6713.01304874953
2569,6714.88859616714
2570,6715.66860401407
2571,6719.65797013078
2572,6720.71700569222
2573,6728.09282572399
2574,6729.35836308104
2575,6729.98792197473
2576,6733.69285784413
2577,6733.86659014903
2578,6737.76269560478
2579,6742.35787879496
2580,6744.88164698482
2581,6747.49969998569
2582,6749.83052498291
2583,6755.98443315027
2584,6757.5116498735
2585,6762.36850092319
2586,6770.09969915437
2587,6772.39984222031
2588,6780.3382787599
2589,6783.85763127586
2590,6790.48553922287
2591,6794.44268299125
2592,6800.9692196935
2593,6801.44906438277
2594,6806.29123302015
2595,6811.17556002624
2596,6814.77522517095
2597,6817.64023859577
2598,6823.46831058379
2599,6833.98607018294
2600,6836.37886130148
2601,6838.58552561684
2602,6839.87113225627
2603,6844.59422981981
2604,6847.84945040456
2605,6851.91207825814
2606,6860.69906179507
2607,6861.56988224724
2608,6864.6751119134
2609,6868.00428348621
2610,6869.98538613453
2611,6875.73393390255
2612,6886.57078197502
2613,6887.21427901671
2614,6889.56560573912
2615,6896.20265060123
2616,6899.77057214058
2617,6903.34693393936
2618,6905.97705552413
2619,6909.4576693694
2620,6910.73850902508
2621,6913.29287847621
2622,6915.01597045448
2623,6919.47472266601
2624,6921.72373202485
2625,6924.58674896167
2626,6927.70295902148
2627,6929.78135359824
2628,6934.07485805979
2629,6939.499510453
2630,6943.2655848615
2631,6951.16381876602
2632,6952.62144187216
2633,6956.61124207958
2634,6960.37387895294
2635,6962.94081573707
2636,6969.07076177934
2637,6972.71844911373
2638,6974.59587987933
2639,6978.27655943735
2640,6983.87346789451
2641,6988.73737148701
2642,6990.77449146145
2643,6994.59655640463
2644,6995.40583949973
2645,7000.02761417998
2646,7003.85504118815
2647,7005.71902846962
2648,7008.35295087399
2649,7012.39115169488
2650,7015.98607117746
2651,7018.22293683331
2652,7022.8796297512
2653,7029.85309670958
2654,7030.3844221376
2655,7033.32289702425
2656,7034.1910972038
2657,7036.27416263757
2658,7039.58709704509
2659,7048.13802830569
2660,7051.89971340544
2661,7052.66515267419
2662,7057.58950892297
2663,7058.74504814335
2664,7063.36608552564
2665,7067.62766080591
2666,7073.1283940518
2667,7074.16474838626
2668,7081.23214053619
2669,7084.37831398566
2670,7088.61127170456
2671,7093.52871090353
2672,7096.55559494355
2673,7098.61795399457
2674,7102.59356547104
2675,7105.58357588965
2676,7107.95040745067
2677,7110.26444604908
2678,7114.18281959142
2679,7118.23619973499
2680,7126.26241489079
2681,7130.34670857225
2682,7131.12840303676
2683,7132.75943852655
2684,7141.21849123995
2685,7146.33242302845
2686,7149.99359849014
2687,7151.5650303158
2688,7155.14414459649
2689,7157.46535305399
2690,7162.63758339512
2691,7165.51177688023
2692,7166.65146396134
2693,7171.35835275239
2694,7174.0263554394
2695,7179.45387750373
2696,7180.03911620189
2697,7184.6339942549
2698,7186.48491490903
2699,7193.91063914232
2700,7194.54045461121
2701,7197.8473173983
2702,7202.24090325926
2703,7204.21640854283
2704,7204.94021965857
2705,7206.39704744382
2706,7209.10987157071
2707,7211.17940937609
2708,7211.97138129831
2709,7212.83993847202
2710,7215.17196954887
2711,7215.28698270502
2712,7219.36708421509
2713,7223.27023453177
2714,7226.09389702295
2715,7233.38772804304
2716,7233.91275225357
2717,7236.32616841607
2718,7238.00074081861
2719,7243.62068241462
2720,7243.96963205941
2721,7249.73801361506
2722,7253.66348982938
2723,7255.16226795998
2724,7258.81854280614
2725,7261.16863376081
2726,7268.46595397504
2727,7273.04741415324
2728,7273.64045632203
2729,7277.04325308215
2730,7283.98445426471
2731,7291.81038671764
2732,7293.6584162258
2733,7294.91716792587
2734,7299.05168657013
2735,7300.78294741099
2736,7307.41336384369
2737,7313.1361425633
2738,7313.46046676791
2739,7317.62855416225
2740,7320.72412350519
2741,7322.30135771412
2742,7326.30100397258
2743,7328.15523345802
2744,7335.7769343702
2745,7339.8790165444
2746,7343.79856423768
2747,7349.95828273023
2748,7356.52671858451
2749,7359.04572445868
2750,7359.23341179404
2751,7362.4984413318
2752,7364.35925979693
2753,7378.05141532685
2754,7379.96564608488
2755,7384.66169960615
2756,7387.30017076915
2757,7390.95920422121
2758,7398.38273806051
2759,7401.50888672224
2760,7403.22338810854
2761,7405.66934232503
2762,7410.9697720952
2763,7412.9790784308
2764,7414.95971092648
2765,7418.55641151701
2766,7423.29660626452
2767,7426.75451906653
2768,7429.21032935897
2769,7431.00306214485
2770,7434.71551777904
2771,7439.91361290321
2772,7441.00312878293
2773,7444.83697161063
2774,7449.75190183467
2775,7454.78991711398
2776,7458.13583898978
2777,7464.10597671672
2778,7469.00025174625
2779,7476.142637321
2780,7478.23911244437
2781,7481.75398673449
2782,7487.70391498235
2783,7489.23617015845
2784,7493.36282616643
2785,7495.56264273902
2786,7502.14273627188
2787,7502.80112068173
2788,7504.80329052758
2789,7509.74668367568
2790,7512.31001839063
2791,7516.17082002881
2792,7519.54262378254
2793,7523.46180158398
2794,7531.38247119673
2795,7532.42286168279
2796,7537.44114597936
2797,7542.00210997452
2798,7544.94890561262
2799,7548.30202581654
2800,7551.49909677514
2801,7554.49446654964
2802,7557.89410970563
2803,7561.31974784614
2804,7567.93616089115
2805,7571.20150308556
2806,7575.20623301469
2807,7578.95777086298
2808,7580.89865870641
2809,7584.99909475005
2810,7586.91214559575
2811,7588.53056627573
2812,7591.88614726048
2813,7592.91862580412
2814,7601.68709127333
2815,7603.40921571012
2816,7610.77746201325
2817,7613.10788173052
2818,7616.83120456119
2819,7620.34257641004
2820,7625.2440645991
2821,7625.86485845322
2822,7631.82592894156
2823,7638.43788263343
2824,7641.76110646663
2825,7642.22340630738
2826,7648.45896323745
2827,7648.79884439325
2828,7652.43959806958
2829,7656.34657266626
2830,7661.57325013995
2831,7664.75431567609
2832,7669.94676863719
2833,7672.45665127846
2834,7678.66662586543
2835,7681.37637871502
2836,7683.36205943108
2837,7686.83562381639
2838,7692.11800652846
2839,7695.58224391162
2840,7700.38066303163
2841,7702.45281834232
2842,7705.55518199081
2843,7711.55779783954
2844,7714.18050892207
2845,7717.52252492684
2846,7723.15210872568
2847,7725.33730982375
2848,7728.09400728905
2849,7731.76958547296
2850,7735.82578911177
2851,7744.63157991383
2852,7747.84424302634
2853,7749.50496026097
2854,7751.38617008394
2855,7757.08154528253
2856,7759.88130481215
2857,7764.62363834221
2858,7769.97173120258
2859,7772.36116664286
2860,7776.01848430688
2861,7777.55473776127
2862,7783.09512165198
2863,7787.00531356141
2864,7789.4600890667
2865,7792.44946634799
2866,7798.08884813555
2867,7800.63420581054
2868,7801.87703637192
2869,7806.93889483209
2870,7810.48650575817
2871,7814.17954393621
2872,7815.97799345712
2873,7816.21639984963
2874,7822.28287663056
2875,7824.66949817003
2876,7829.46968486236
2877,7831.90998570605
2878,7833.4377750216
2879,7838.73434802293
2880,7846.27811192985
2881,7851.73115097138
2882,7852.74550053156
2883,7856.65151781245
2884,7860.29454072964
2885,7860.88219934771
2886,7862.80171347665
2887,7867.92548026376
2888,7873.72073148562
2889,7878.72721696203
2890,7880.33288514318
2891,7883.55920703764
2892,7884.57864523499
2893,7889.45189526924
2894,7892.38384124241
2895,7899.97712840375
2896,7904.04791274594
2897,7906.48212496169
2898,7908.08782868391
2899,7910.98055734242
2900,7915.14269695957
2901,7916.51704988976
2902,7923.27432336727
2903,7924.37782134412
2904,7927.07327932496
2905,7931.60468158717
2906,7933.62275581137
2907,7935.14086431271
2908,7940.52599724352
2909,7942.77734934931
2910,7943.80753010181
2911,7947.48023640867
2912,7951.09936767866
2913,7955.6237139737
2914,7960.43994826034
2915,7960.56547206145
2916,7963.38694311168
2917,7968.00617079444
2918,7968.62813171952
2919,7972.61439336511
2920,7975.57128781801
2921,7979.47962496688
2922,7981.82888553419
2923,7983.84859341149
2924,7989.46889089197
2925,7991.9446230221
2926,7992.72571458695
2927,7994.93067621749
2928,7999.19437859817
2929,8006.34615358761
2930,8008.4731906548
2931,8010.22960324037
2932,8017.72163325877
2933,8018.95508846565
2934,8025.66410097409
2935,8029.15341400204
2936,8033.26231832854
2937,8034.19392426891
2938,8035.65325334089
2939,8036.8221075066
2940,8042.15584913594
2941,8045.75149613098
2942,8049.21277644211
2943,8051.81612774285
2944,8056.19317277455
2945,8058.51928930896
2946,8061.59249165479
2947,8063.94589742299
2948,8068.57361847982
2949,8072.47227697752
2950,8076.9855911413
2951,8077.26434176664
2952,8080.2389800644
2953,8083.03881991839
2954,8084.93744184621
2955,8086.38206890036
2956,8088.4280342052
2957,8090.74434663295
2958,8095.08547823396
2959,8096.31089397381
2960,8100.93268293588
2961,8101.63705355621
2962,8105.55488281228
2963,8106.59555378361
2964,8110.14558017869
2965,8112.66078685214
2966,8116.54134636396
2967,8118.5102922397
2968,8120.79770152249
2969,8123.66203370275
2970,8125.12188246265
2971,8128.61317384689
2972,8130.11411447468
2973,8135.75278712719
2974,8137.02627399499
2975,8140.23447584494
2976,8141.31521855912
2977,8143.29246074456
2978,8147.62267606918
2979,8151.54925160682
2980,8154.21980488395
2981,8157.80536563588
2982,8159.29000436661
2983,8165.79404630891
2984,8166.75696185
2985,8169.14006565045
2986,8173.21868641521
2987,8176.59458390197
2988,8182.74923940813
2989,8184.42465032041
2990,8188.40749424216
2991,8191.48355595329
2992,8196.86264456165
2993,8198.89077362557
2994,8203.35279257121
2995,8207.41684819019
2996,8210.94435184347
2997,8212.98596498007
2998,8215.89450810646
2999,8221.26592478343
3000,8224.89159942618
3001,8225.67116304136
3002,8228.65673574484
3003,8232.01011025364
3004,8234.59693287969
3005,8237.98775936012
3006,8242.45777782324
3007,8246.58009729732
3008,8247.82360468832
3009,8254.42267741979
3010,8255.12107876575
3011,8260.13533936385
3012,8268.77451816423
3013,8270.67132140754
3014,8274.04148621648
3015,8275.56274153185
3016,8280.6522701524
3017,8289.03805448637
3018,8292.37204685692
3019,8294.81267576578
3020,8297.15363542185
3021,8301.23298513973
3022,8308.61228771202
3023,8310.38905503794
3024,8313.8102363935
3025,8317.1636676785
3026,8326.16411310302
3027,8327.12676414397
3028,8330.28721021512
3029,8330.90352917124
3030,8335.83942956174
3031,8339.26016090872
3032,8340.79574052525
3033,8343.40733824765
3034,8345.22941693012
3035,8346.26655925154
3036,8353.06736473123
3037,8357.37965906309
3038,8365.11583576158
3039,8368.06178855438
3040,8371.44256663892
3041,8373.76620391238
3042,8377.30065271352
3043,8379.21794145201
3044,8385.23290177191
3045,8390.81133584965
3046,8397.75420550773
3047,8399.53823582845
3048,8408.46552552723
3049,8412.75059737374
3050,8417.94193483024
3051,8422.10318652047
3052,8431.70950507306
3053,8434.40087077831
3054,8436.45308787002
3055,8438.99733464043
3056,8442.40842549427
3057,8447.36928915123
3058,8453.99759297098
3059,8456.66725531468
3060,8457.27119210118
3061,8462.47024659712
3062,8465.73148354582
3063,8467.49560123644
3064,8469.47682908253
3065,8478.5378455579
3066,8481.81160581521
3067,8484.22858172728
3068,8488.17224323171
3069,8491.60195904115
3070,8495.98121486848
3071,8501.00042593773
3072,8504.09418925448
3073,8506.81405571671
3074,8514.73584523767
3075,8516.22135322091
3076,8518.35268017298
3077,8522.50183824697
3078,8527.30525716377
3079,8534.7041678752
3080,8536.92488165417
3081,8540.47313730029
3082,8550.34639703771
3083,8553.42743056941
3084,8557.50274069655
3085,8561.64253496157
3086,8566.64389684583
3087,8567.71090039935
3088,8571.1788218659
3089,8579.54094903109
3090,8586.35760635221
3091,8589.11863192126
3092,8595.04208050871
3093,8596.96859007227
3094,8603.2496620415
3095,8609.30920508302
3096,8611.46277612225
3097,8623.62482373996
3098,8627.83905252565
3099,8630.31869834346
3100,8632.32466160055
3101,8636.10021713031
3102,8639.34420194891
3103,8641.71304931367
3104,8645.79765614655
3105,8650.57406523371
3106,8653.34173609796
3107,8655.77502040909
3108,8657.64406474972
3109,8664.56524745205
3110,8666.54711451375
3111,8672.65248413956
3112,8677.02743575646
3113,8680.48439163535
3114,8684.41618270687
3115,8689.60696877162
3116,8692.98760728859
3117,8695.54279831681
3118,8699.97275529428
3119,8702.54511655027
3120,8704.58430856334
3121,8706.7760312817
3122,8708.60179229646
3123,8715.58675678427
3124,8719.40337483673
3125,8720.44577603483
3126,8725.36366923569
3127,8729.07033009801
3128,8734.04478579364
3129,8736.00630496589
3130,8739.72681368142
3131,8743.61224950932
3132,8746.5639363504
3133,8753.53734476976
3134,8758.09551700603
3135,8761.80424312864
3136,8764.79087947246
3137,8766.4655719115
3138,8780.24355629615
3139,8781.94065369973
3140,8786.40005449574
3141,8791.67852492699
3142,8794.37742795461
3143,8797.08885178319
3144,8806.88701487301
3145,8810.91716355395
3146,8818.45143445607
3147,8828.48158021373
3148,8837.90265716868
3149,8839.28369504776
3150,8843.59720969478
3151,8845.74631617465
3152,8848.67765759142
3153,8856.95736602541
3154,8858.61184876399
3155,8861.61964843101
3156,8873.71377296448
3157,8879.97966586431
3158,8883.32327066616
3159,8886.23895674943
3160,8892.84165867447
3161,8894.78390633227
3162,8898.1287442155
3163,8902.41633656827
3164,8907.69048750882
3165,8911.92327389349
3166,8916.6241094423
3167,8919.75359275104
3168,8925.55565571377
3169,8926.79697891659
3170,8932.83830942745
3171,8938.08761379619
3172,8940.68193232877
3173,8943.67272596363
3174,8944.79821064508
3175,8948.00342275792
3176,8951.09651213446
3177,8957.18040138308
3178,8962.53854110527
3179,8967.09576381551
3180,8969.68548369491
3181,8976.10246373056
3182,8977.37013735503
3183,8983.31736348961
3184,8985.94340395682
3185,8996.72227803094
3186,8998.70412947369
3187,9009.18745466919
3188,9010.71788441709
3189,9015.51534772867
3190,9025.55327443192
3191,9027.05338288227
3192,9039.94957321413
3193,9041.00019562729
3194,9049.77057351329
3195,9052.02655150219
3196,9059.49991997665
3197,9067.57076340618
3198,9069.16332710659
3199,9073.22482388019
3200,9076.54617003264
3201,9078.1289248169
3202,9084.74239005525
3203,9089.21512945965
3204,9092.18328683452
3205,9097.09716553625
3206,9103.02994317843
3207,9107.45078275956
3208,9109.85632841408
3209,9116.37089420844
3210,9118.56088662194
3211,9125.14714822391
3212,9130.55306155569
3213,9135.69196784963
3214,9152.44123149136
3215,9156.93350966853
3216,9161.8594568283
3217,9166.65175522926
3218,9169.49513853725
3219,9176.46120565616
3220,9179.01567908919
3221,9179.9138946323
3222,9187.16469814504
3223,9187.83754781737
3224,9189.05938366879
3225,9192.92643318192
3226,9199.05661956995
3227,9201.0615255206
3228,9204.91622938612
3229,9208.50097515522
3230,9210.22511625385
3231,9211.74932839873
3232,9220.12913996337
3233,9224.55502549323
3234,9228.69641056136
3235,9232.35000058237
3236,9237.78818520673
3237,9244.09083380442
3238,9248.75293332045
3239,9253.44067632711
3240,9257.44293884641
3241,9266.18127931528
3242,9268.40897636023
3243,9275.11857612086
3244,9282.72746326315
3245,9288.82348797012
3246,9291.01260761041
3247,9294.71410818678
3248,9299.15229785992
3249,9307.12629154616
3250,9309.67370951692
3251,9312.5317182803
3252,9323.71885507231
3253,9330.62455417191
3254,9336.5129729017
3255,9337.36336890916
3256,9346.83240354342
3257,9358.05611015926
3258,9361.15181407128
3259,9369.96928306656
3260,9373.18864319911
3261,9380.48752484493
3262,9391.86856834514
3263,9393.71557104406
3264,9401.63401261971
3265,9408.87072559046
3266,9412.83373272639
3267,9417.30483666733
3268,9424.45024365877
3269,9431.27070850092
3270,9437.67599219448
3271,9442.00559198008
3272,9453.90087861417
3273,9456.84592650455
3274,9459.39099448
3275,9467.91027339197
3276,9475.92633398827
3277,9476.68240826533
3278,9480.66442932236
3279,9486.27635584716
3280,9487.8987872748
3281,9496.16111496801
3282,9501.11323047562
3283,9511.93818418403
3284,9515.23760279265
3285,9521.03439773448
3286,9533.55073111392
3287,9538.55805145219
3288,9542.37207703593
3289,9545.7562356063
3290,9552.46758107125
3291,9556.37018298919
3292,9557.95654567727
3293,9561.59474871529
3294,9566.36005792249
3295,9567.84611645028
3296,9575.3918487592
3297,9588.07964088811
3298,9589.84161024277
3299,9594.7668378417
3300,9600.18484826794
3301,9605.56395003374
3302,9607.46951268288
3303,9609.07986035695
3304,9612.7917365394
3305,9622.26088251348
3306,9625.18288108137
3307,9632.60306660538
3308,9643.35041719347
3309,9646.69223503352
3310,9652.85763185028
3311,9655.54039917546
3312,9660.49302171415
3313,9663.89128569005
3314,9669.18358522514
3315,9674.90704213277
3316,9687.74455446837
3317,9689.21960000239
3318,9692.65100597919
3319,9694.32100866986
3320,9704.57334560489
3321,9710.40173809597
3322,9711.85763584627
3323,9715.86804236286
3324,9719.10905863691
3325,9725.44440273316
3326,9732.92699406499
3327,9739.46328924933
3328,9746.39386382127
3329,9750.96378047902
3330,9756.12899033522
3331,9761.74345997052
3332,9764.80467106504
3333,9769.82365634013
3334,9771.15490415444
3335,9773.35741824685
3336,9779.30229813802
3337,9783.7293603299
3338,9787.99632768891
3339,9790.66501476102
3340,9790.87079873633
3341,9800.3894263303
3342,9803.4270214038
3343,9805.20456764705
3344,9810.36917355743
3345,9821.49760915414
3346,9824.23944956576
3347,9833.14594654301
3348,9834.8060089303
3349,9841.78127547019
3350,9845.25269507569
3351,9846.76969789001
3352,9851.87119343235
3353,9859.42740825206
3354,9868.27588829774
3355,9870.3144545225
3356,9876.59836154897
3357,9879.00411023236
3358,9889.22237461576
3359,9892.49677383928
3360,9895.15266393046
3361,9897.09761301251
3362,9900.25765466231
3363,9906.14607810378
3364,9907.33303526592
3365,9911.65495642816
3366,9917.87525634311
3367,9931.60227617339
3368,9932.31989963198
3369,9940.86391280704
3370,9943.86909571852
3371,9951.02618179084
3372,9958.37385613361
3373,9971.92020884326
3374,9981.5193794113
3375,9985.41883337932
3376,9995.18311311103
3377,9998.81917524892
3378,10001.801121528
3379,10007.1928413277
3380,10021.0605776761
3381,10026.7120192626
3382,10029.6515099171
3383,10032.7777979504
3384,10039.7734104464
3385,10045.0036224101
3386,10053.70462728
3387,10057.7489922187
3388,10062.5302404291
3389,10075.8539272219
3390,10078.5374910865
3391,10086.8271420186
3392,10093.5473669188
3393,10100.7986508734
3394,10105.7760850666
3395,10111.2116811189
3396,10112.5968342619
3397,10113.8206371349
3398,10123.4876444283
3399,10125.8103955889
3400,10133.4255046886
3401,10144.7090749007
3402,10149.28074698
3403,10162.1400750521
3404,10164.7321349217
3405,10170.1412942035
3406,10177.9270941201
3407,10182.4698825886
3408,10191.3242751346
3409,10195.4218495803
3410,10200.3904460249
3411,10213.5655443639
3412,10215.5549712983
3413,10222.8242449854
3414,10232.8392789283
3415,10239.377521295
3416,10244.5735699616
3417,10248.2225588036
3418,10252.8786290894
3419,10259.5733294334
3420,10264.9049628762
3421,10271.8215774822
3422,10280.2725824537
3423,10282.997306938
3424,10295.6200033638
3425,10303.5563039152
3426,10305.4723508356
3427,10316.7242536853
3428,10322.6182680791
3429,10323.7241547676
3430,10340.8482417765
3431,10343.6179062433
3432,10348.6504592544
3433,10358.3293716808
3434,10366.9132077434
3435,10370.7913397874
3436,10380.9543274194
3437,10401.740575504
3438,10406.1890172739
3439,10412.1928638804
3440,10415.1385483551
3441,10424.7594926509
3442,10431.9601874663
3443,10438.832506932
3444,10444.8488599325
3445,10461.2225573275
3446,10469.0902090676
3447,10470.2363620202
3448,10475.106146299
3449,10484.2542636125
3450,10494.4559063914
3451,10500.4118208595
3452,10506.340371399
3453,10511.8673554384
3454,10522.1747656927
3455,10530.3238584856
3456,10537.6449713896
3457,10548.0717326922
3458,10558.5626285822
3459,10577.0858536814
3460,10587.1955500429
3461,10592.0138733648
3462,10595.161383048
3463,10605.7479737709
3464,10609.2654804799
3465,10622.37343083
3466,10630.5841769366
3467,10650.4981606195
3468,10655.6739396876
3469,10673.313786435
3470,10676.7791942418
3471,10688.0246635815
3472,10702.7425194671
3473,10707.9837759057
3474,10710.2372767547
3475,10723.5960630002
3476,10730.0677130391
3477,10732.4533359148
3478,10738.1296351372
3479,10752.0320118196
3480,10758.0996284782
3481,10774.7745303022
3482,10783.1649635196
3483,10800.5096201548
3484,10804.3170085113
3485,10815.9696560972
3486,10819.1787823631
3487,10832.9114281721
3488,10843.8552929709
3489,10844.7390556836
3490,10850.985421855
3491,10861.7888437674
3492,10874.1951093459
3493,10884.1349910688
3494,10891.7508363684
3495,10895.1565582645
3496,10908.5456880935
3497,10925.4619857189
3498,10936.4843195458
3499,10943.0954876919
3500,10955.7231389273
3501,10961.8464900724
3502,10963.4507937475
3503,10974.4954100656
3504,10977.1951991473
3505,10985.608884278
3506,11009.3610352128
3507,11009.4489009354
3508,11018.4125656304
3509,11023.4532967489
3510,11031.9349159938
3511,11037.1201524759
3512,11044.2928656135
3513,11045.7095627414
3514,11056.9626168968
3515,11069.2528304533
3516,11073.5192083925
3517,11078.8969887177
3518,11086.0143823733
3519,11091.4602575817
3520,11100.5245603523
3521,11105.8538246864
3522,11118.9533293012
3523,11123.9309673131
3524,11133.3683973306
3525,11147.0181080538
3526,11153.0148824142
3527,11159.248768233
3528,11162.3205344034
3529,11172.0498562146
3530,11183.0285817438
3531,11190.7769129407
3532,11199.5639167428
3533,11204.9610646944
3534,11215.1625715163
3535,11219.5940612617
3536,11229.0244006409
3537,11233.1838403369
3538,11246.8916219097
3539,11251.8982019017
3540,11253.6396799719
3541,11264.0620339639
3542,11272.4655032761
3543,11279.9500211208
3544,11286.8255038883
3545,11292.5284512715
3546,11305.9139073365
3547,11321.2349312641
3548,11331.2894392031
3549,11336.2323948814
3550,11342.855718172
3551,11349.7040408265
3552,11356.0527963974
3553,11357.8385169336
3554,11364.9740804969
3555,11374.5714107901
3556,11386.8220607996
3557,11397.5379497971
3558,11405.1147810793
3559,11406.8393186519
3560,11424.335157222
3561,11429.7345206574
3562,11440.290354772
3563,11444.3820408453
3564,11445.3829048138
3565,11450.5508087999
3566,11457.0132855971
3567,11460.2273027489
3568,11462.9847805918
3569,11466.7884416973
3570,11477.9264472062
3571,11481.6164014632
3572,11486.2058145847
3573,11493.1667138185
3574,11497.7392542803
3575,11504.2895286212
3576,11506.5773017375
3577,11517.2194830709
3578,11521.7540652494
3579,11525.0911897329
3580,11529.2808183633
3581,11539.9181090134
3582,11546.6577895028
3583,11549.4192997141
3584,11556.737102616
3585,11558.0931298754
3586,11564.0401456672
3587,11572.2698639597
3588,11579.5382320799
3589,11586.6707449833
3590,11587.6286418498
3591,11588.5442769473
3592,11592.3074777616
3593,11593.6220015548
3594,11606.9528294581
3595,11621.5490793464
3596,11629.2840673924
3597,11636.3760209978
3598,11636.8925224522
3599,11642.9210936298
3600,11646.8416678979
3601,11653.0430275987
3602,11653.7055064472
3603,11656.350251903
3604,11661.1601288282
3605,11669.8124641183
3606,11670.6125257215
3607,11677.5992836149
3608,11679.6315874221
3609,11682.2631651024
3610,11684.2031164703
3611,11686.6691080608
3612,11688.4084349
3613,11695.1584342277
3614,11705.1417581774
3615,11711.1947666924
3616,11715.6140844164
3617,11716.647772277
3618,11718.7586444684
3619,11722.8053842379
3620,11730.6659716237
3621,11733.8249721728
3622,11739.2687493078
3623,11743.2138317358
3624,11747.092688657
3625,11747.8049748583
3626,11751.0707526568
3627,11759.0197880582
3628,11760.8037639626
3629,11767.2761960634
3630,11770.7921004777
3631,11779.0171974004
3632,11784.3824630306
3633,11788.4887495409
3634,11798.8358150162
3635,11801.8789132065
3636,11806.2157160641
3637,11806.8118245534
3638,11810.6641953269
3639,11814.6507858553
3640,11821.8432945574
3641,11832.6768234771
3642,11834.1232391716
3643,11837.2369219884
3644,11845.6117615882
3645,11854.3866680819
3646,11859.9479608881
3647,11862.6560431094
3648,11867.1961041408
3649,11878.8939591451
3650,11882.0117050011
3651,11883.1794303921
3652,11889.9865753739
3653,11893.4697244449
3654,11906.51560231
3655,11915.1313078563
3656,11918.9946840808
3657,11926.1888064807
3658,11931.7810751336
3659,11936.1622917573
3660,11936.6780408377
3661,11942.977661198
3662,11947.511919882
3663,11949.3919115529
3664,11960.6161444503
3665,11968.0579286537
3666,11971.1605702467
3667,11981.6858690834
3668,11987.8942970959
3669,11990.4734984198
3670,12004.1528370534
3671,12007.6872956275
3672,12012.6070529221
3673,12018.5452209962
3674,12021.1556772674
3675,12027.1456854054
3676,12030.4656674183
3677,12039.7964947106
3678,12050.6008769937
3679,12063.9323955386
3680,12072.9485964145
3681,12083.3765272852
3682,12084.1174703681
3683,12088.5714172322
3684,12107.5496456888
3685,12108.9459623567
3686,12117.1778387887
3687,12127.1832525013
3688,12135.5277485262
3689,12146.3465345212
3690,12147.2303045841
3691,12157.3510812976
3692,12167.8435220787
3693,12169.1253409099
3694,12178.4948771712
3695,12182.578818827
3696,12186.6345379298
3697,12189.4881918524
3698,12198.7760545773
3699,12205.930416399
3700,12207.7889933207
3701,12212.3681779476
3702,12215.5722499555
3703,12217.4180471354
3704,12222.9917512565
3705,12226.801162032
3706,12228.0239688554
3707,12228.7376417366
3708,12233.2339936267
3709,12237.6527987609
3710,12243.8937112541
3711,12246.3967375641
3712,12254.121831579
3713,12259.6561365785
3714,12265.5906708092
3715,12268.9347216622
3716,12270.9346642403
3717,12275.5771448729
3718,12281.6955208088
3719,12283.7694539617
3720,12284.9207580372
3721,12289.0408337993
3722,12292.6048849997
3723,12295.3151868886
3724,12299.9889655249
3725,12302.454989406
3726,12307.4131875302
3727,12309.2954763983
3728,12313.7802018952
3729,12321.0056407833
3730,12323.5640066502
3731,12327.0961561996
3732,12331.669968785
3733,12335.9634793907
3734,12336.9446992857
3735,12347.2679618143
3736,12349.6381077271
3737,12351.2217628161
3738,12357.3975656401
3739,12359.7730914739
3740,12367.7642785776
3741,12370.7893366051
3742,12375.908819399
3743,12382.9792033767
3744,12387.6777269613
3745,12390.1969779975
3746,12396.0984342538
3747,12401.7017042538
3748,12404.5695156535
3749,12409.0169163213
3750,12411.1417022835
3751,12416.867419385
3752,12421.5471857011
3753,12425.7188524151
3754,12427.475567
3755,12431.6217855555
3756,12435.1365549606
3757,12436.0866734036
3758,12440.2378704333
3759,12450.1516201563
3760,12453.3428110149
3761,12455.8239427885
3762,12462.2592133605
3763,12464.3627469565
3764,12468.1582191807
3765,12474.2383236557
3766,12481.6144163302
3767,12483.5097180796
3768,12489.064428206
3769,12491.5532868719
3770,12492.2512684941
3771,12498.4263559091
3772,12500.0905616879
3773,12504.8407660694
3774,12506.6033372637
3775,12510.2655418107
3776,12515.7665750955
3777,12520.9272886963
3778,12523.1552850375
3779,12526.4387054222
3780,12527.7840061849
3781,12539.761526615
3782,12541.5273090342
3783,12545.1216037319
3784,12548.2342460923
3785,12553.7401308334
3786,12559.2303485286
3787,12562.8131555426
3788,12571.8069034682
3789,12574.687469236
3790,12579.5746853471
3791,12588.224203065
3792,12590.4125009045
3793,12592.4936546706
3794,12596.3243994376
3795,12605.424906773
3796,12607.0110472982
3797,12611.2844099302
3798,12619.0472544633
3799,12620.4647681759
3800,12624.0573050382
3801,12628.2154595494
3802,12630.5785028561
3803,12631.6189519338
3804,12637.4065063815
3805,12638.4675081127
3806,12647.838208591
3807,12651.3520592631
3808,12654.5507654012
3809,12657.9204567158
3810,12659.9933347241
3811,12667.3957901976
3812,12674.2348329226
3813,12675.9543477518
3814,12676.0320625086
3815,12682.2800233042
3816,12683.0236014801
3817,12684.3877469593
3818,12689.9162204621
3819,12696.2560919237
3820,12699.3563576108
3821,12703.6862260502
3822,12710.0693061066
3823,12711.4603911158
3824,12712.9806969146
3825,12715.8395758785
3826,12718.2509608767
3827,12722.1959630464
3828,12725.2783621492
3829,12729.4002286731
3830,12731.1092448317
3831,12734.432248843
3832,12735.5225582166
3833,12740.2124486457
3834,12740.9955996596
3835,12749.5369115745
3836,12753.9901789109
3837,12756.0190958274
3838,12759.8599806462
3839,12763.7445697228
3840,12764.6848509662
3841,12764.7596313884
3842,12768.7934238533
3843,12772.8180633876
3844,12774.4016436237
3845,12778.179016419
3846,12780.1137043393
3847,12780.7413546839
3848,12783.6667399506
3849,12786.4319012797
3850,12789.8720833341
3851,12790.7536963121
3852,12792.5420986107
3853,12795.5843684954
3854,12796.1093304071
3855,12799.4415701029
3856,12800.4821963508
3857,12801.2651123122
3858,12805.2768954595
3859,12805.8847765299
3860,12808.9363419906
3861,12810.3860681569
3862,12812.9844856094
3863,12815.0256889634
3864,12816.2117218331
3865,12817.7810568217
3866,12820.6731188587
3867,12821.1421427441
3868,12825.3235905199
3869,12828.3456044537
3870,12831.2894450081
3871,12833.3226518029
3872,12837.8358482821
3873,12840.3904511512
3874,12842.0137433914
3875,12846.0595214098
3876,12847.1025700245
3877,12848.2707853003
3878,12850.1633847752
3879,12850.3397594319
3880,12855.9218878736
3881,12858.6710828853
3882,12861.7612108994
3883,12863.3240081957
3884,12864.6007549207
3885,12868.1604447281
3886,12869.450687653
3887,12871.9718415063
3888,12876.8539056991
3889,12879.7138248546
3890,12881.2461762389
3891,12882.9520216347
3892,12887.6758932594
3893,12888.1828474877
3894,12889.4518218525
3895,12894.0232990694
3896,12897.0614041521
3897,12898.7925709698
3898,12900.5820597164
3899,12904.5942493817
3900,12905.4679725785
3901,12909.1001289782
3902,12914.4792550537
3903,12916.2235145171
3904,12917.4810654895
3905,12920.495886696
3906,12926.0091408037
3907,12926.805729013
3908,12930.3504455414
3909,12932.88953265
3910,12935.9631656252
3911,12939.8920308047
3912,12943.4037420691
3913,12944.4992404379
3914,12947.9339473008
3915,12952.4497231861
3916,12958.1792520104
3917,12961.7193498301
3918,12963.0021264429
3919,12963.784334986
3920,12965.1939120973
3921,12967.867794118
3922,12971.620157405
3923,12972.7577955797
3924,12975.80880374
3925,12978.0138794162
3926,12981.1205431088
3927,12986.3641415047
3928,12987.584088153
3929,12990.2851692868
3930,12992.6467877142
3931,12994.4852967367
3932,13000.3220760214
3933,13001.9800460785
3934,13007.9567990922
3935,13009.3288702901
3936,13010.8425371512
3937,13012.643365639
3938,13014.2263712587
3939,13018.1332914541
3940,13021.7984333592
3941,13024.9843133851
3942,13025.9293645534
3943,13027.9297813561
3944,13034.591804975
3945,13038.5090320777
3946,13039.7609749154
3947,13042.322791859
3948,13043.9181016567
3949,13047.0930201916
3950,13051.1277280073
3951,13052.2784753166
3952,13055.8016877565
3953,13057.1687195742
3954,13062.3869723536
3955,13064.5961816882
3956,13070.1002456344
3957,13071.6352339847
3958,13073.334764975
3959,13075.6817432428
3960,13078.6958734233
3961,13082.1020737715
3962,13086.0122172739
3963,13090.5852710518
3964,13092.6517407242
3965,13095.1638026061
3966,13097.5680060227
3967,13098.9691389035
3968,13100.9002126516
3969,13102.5137130141
3970,13105.6239861832
3971,13110.847220273
3972,13113.5707524243
3973,13116.1881349133
3974,13121.8198987401
3975,13126.8373779954
3976,13128.2428015378
3977,13129.9136054558
3978,13139.7511439699
3979,13142.4138783727
3980,13146.8956470928
3981,13149.3109269716
3982,13152.297435539
3983,13156.9202757269
3984,13157.4337233065
3985,13163.1965894638
3986,13165.3481767579
3987,13167.6661427499
3988,13171.0024835594
3989,13173.8767862288
3990,13176.0928239485
3991,13177.1734614939
3992,13181.2499386518
3993,13183.948665175
3994,13188.9354280681
3995,13189.9293874731
3996,13193.194693437
3997,13195.1644408112
3998,13200.0504391089
3999,13201.9121853775
4000,13205.7059692956
4001,13207.3001834473
4002,13209.9820713807
4003,13210.5203153716
4004,13217.9457600179
4005,13220.8125133405
4006,13223.3361922204
4007,13226.7879042129
4008,13232.0069316961
4009,13234.0505992867
4010,13235.775226296
4011,13238.3207755584
4012,13240.9334283789
4013,13243.7642547336
4014,13245.4293041297
4015,13246.2904709183
4016,13250.8768816612
4017,13253.9044840712
4018,13258.0511967378
4019,13259.4621487849
4020,13262.0149297787
4021,13263.4233222109
4022,13264.9428227628
4023,13266.4221817308
4024,13270.1377410112
4025,13274.7330134747
4026,13277.8813719299
4027,13281.3886196479
4028,13282.5211991135
4029,13284.9408441932
4030,13285.9511429447
4031,13291.2236492796
4032,13294.199895639
4033,13295.5264625566
4034,13297.3514544369
4035,13299.1695033476
4036,13300.0012085057
4037,13302.9999058977
4038,13306.9638534368
4039,13310.4190369661
4040,13310.8308918951
4041,13312.8568267941
4042,13316.8266438802
4043,13320.435493498
4044,13327.2467540606
4045,13327.7626005749
4046,13331.2520588567
4047,13332.1674947516
4048,13334.106553659
4049,13336.9913288134
4050,13340.6736838553
4051,13342.6628422998
4052,13343.5305165788
4053,13346.8326768485
4054,13350.7728097134
4055,13353.7734633353
4056,13356.8246376527
4057,13359.9811890418
4058,13361.8659068579
4059,13362.914088683
4060,13363.9871518624
4061,13367.6007519126
4062,13371.4254465856
4063,13372.3656141481
4064,13375.98931098
4065,13379.4750089014
4066,13382.3121426294
4067,13382.8139573408
4068,13386.8220126774
4069,13391.996290522
4070,13394.5559592341
4071,13396.6983784252
4072,13402.7685023307
4073,13403.2539791963
4074,13408.2426291983
4075,13409.4074622389
4076,13411.8831901091
4077,13415.0405769158
4078,13418.0100069391
4079,13422.1094427994
4080,13424.0529898247
4081,13427.1648407861
4082,13431.1620882149
4083,13434.483612262
4084,13438.829097966
4085,13442.935676525
4086,13443.2722486703
4087,13445.5470395147
4088,13449.4718465723
4089,13456.1177760699
4090,13458.0495411511
4091,13462.2988688939
4092,13465.3369134091
4093,13470.2718554604
4094,13476.3476355322
4095,13478.7602892224
4096,13484.2206176573
4097,13485.0002348482
4098,13487.0396538275
4099,13490.6303757122
4100,13493.7600396912
4101,13495.3773817823
4102,13497.4395315563
4103,13499.1844199131
4104,13504.2510978589
4105,13506.0774177992
4106,13509.9535703651
4107,13511.2132844813
4108,13515.5082693738
4109,13520.6701166346
4110,13527.7458849098
4111,13529.1064348182
4112,13532.5189670344
4113,13534.066801151
4114,13540.7452227725
4115,13541.6702534998
4116,13543.2665834845
4117,13551.1327641939
4118,13555.177693097
4119,13557.6059849126
4120,13559.6040743126
4121,13562.8985514551
4122,13565.9781076037
4123,13569.2933787797
4124,13570.1431575287
4125,13572.4839427942
4126,13581.7205951428
4127,13582.3070094756
4128,13584.1085496762
4129,13586.3483349822
4130,13592.3139827629
4131,13594.1090338969
4132,13595.5667547016
4133,13601.7304345272
4134,13603.9176550533
4135,13608.764191185
4136,13614.1300755537
4137,13616.2090426779
4138,13618.907909804
4139,13623.2327580641
4140,13627.2652385261
4141,13629.7340121869
4142,13634.2103966182
4143,13635.4357509086
4144,13641.2998220011
4145,13642.7327834317
4146,13647.7387657589
4147,13651.0828410473
4148,13657.2951638228
4149,13659.8413562734
4150,13665.2890380385
4151,13667.3422408515
4152,13670.1539054108
4153,13680.6059684292
4154,13683.6821215258
4155,13687.1438789072
4156,13692.6053635447
4157,13694.3345007257
4158,13699.4987689587
4159,13702.3675036207
4160,13709.8716066706
4161,13711.1492172225
4162,13718.260027706
4163,13718.4963017337
4164,13725.404250165
4165,13726.0249907685
4166,13733.5615148705
4167,13735.2799940186
4168,13736.5158126012
4169,13739.7765891954
4170,13745.6399556722
4171,13752.7783937257
4172,13756.7029780356
4173,13758.3723605456
4174,13760.9286781798
4175,13765.2900786913
4176,13769.9050236697
4177,13772.2599939999
4178,13776.5936378824
4179,13781.1519442783
4180,13785.6611337834
4181,13793.1635339059
4182,13794.394458841
4183,13799.3134616749
4184,13804.2147758915
4185,13807.5790529426
4186,13810.9594570564
4187,13814.2013725095
4188,13817.1598385107
4189,13818.8960343119
4190,13824.8015535904
4191,13827.0424259631
4192,13831.3388027086
4193,13835.1228214212
4194,13844.7744428493
4195,13847.8565922352
4196,13851.6822792262
4197,13855.4021380457
4198,13856.0525134764
4199,13862.8528735843
4200,13868.3396978764
4201,13873.2541514354
4202,13874.63494311
4203,13879.9791955139
4204,13881.6363176807
4205,13887.1483280132
4206,13890.8066191661
4207,13893.020309474
4208,13895.1354892346
4209,13899.1643985438
4210,13903.359590143
4211,13909.9745674375
4212,13910.93289773
4213,13915.6640555244
4214,13919.3063597009
4215,13925.383298178
4216,13937.4254072324
4217,13941.5820986842
4218,13947.6246893995
4219,13954.7275218144
4220,13960.5183705427
4221,13962.5503517893
4222,13964.1165383914
4223,13967.7290559744
4224,13970.0948111234
4225,13972.0832431543
4226,13977.4136243473
4227,13981.2618849046
4228,13987.239300177
4229,13993.9509867654
4230,14001.7579029949
4231,14005.7082712749
4232,14008.959296163
4233,14017.6209190046
4234,14020.9015954645
4235,14027.9060482963
4236,14030.9804414589
4237,14032.1776892862
4238,14038.2772345676
4239,14042.6485495303
4240,14047.4980074939
4241,14049.6384763947
4242,14055.8016165802
4243,14060.2230157233
4244,14060.9048273396
4245,14070.8996634667
4246,14078.6463734766
4247,14082.6719877951
4248,14084.3212820221
4249,14086.8862279554
4250,14088.7384714552
4251,14095.7889359264
4252,14100.8141364997
4253,14104.368274836
4254,14110.9635890298
4255,14113.6450099622
4256,14122.0621249587
4257,14127.0050590475
4258,14132.7381558907
4259,14136.300024212
4260,14138.3263504808
4261,14142.5177794791
4262,14145.9418611369
4263,14149.7765866882
4264,14152.4983244068
4265,14155.3294095362
4266,14158.2868856517
4267,14167.3069043265
4268,14170.6239343618
4269,14172.2307735386
4270,14184.4027298902
4271,14189.8748462894
4272,14190.9256708705
4273,14193.1091494113
4274,14197.5011747543
4275,14200.3348408726
4276,14203.7402624515
4277,14209.1806506198
4278,14212.1177488137
4279,14215.9025855478
4280,14226.3089170021
4281,14233.058905179
4282,14239.6635526807
4283,14240.8865764557
4284,14243.8402882278
4285,14244.5426843917
4286,14251.8885063819
4287,14253.1142895058
4288,14259.2158514004
4289,14271.3177855697
4290,14275.0330436975
4291,14278.8866395571
4292,14282.2081368521
4293,14288.7933597727
4294,14296.981749645
4295,14301.1009122545
4296,14306.3643663752
4297,14309.80810123
4298,14313.0961168873
4299,14318.5483151902
4300,14319.3233123795
4301,14326.0799023358
4302,14331.3928044317
4303,14334.9587701272
4304,14337.4222457636
4305,14343.5896301662
4306,14350.8521507507
4307,14354.5701519893
4308,14358.7927548991
4309,14361.7907085892
4310,14369.1115835774
4311,14375.6974850945
4312,14381.2581026882
4313,14386.2130534643
4314,14390.2663712101
4315,14394.6545948742
4316,14398.9893748941
4317,14402.0200928683
4318,14405.2872665977
4319,14417.7794351714
4320,14423.7076858018
4321,14424.3346449611
4322,14430.1877748347
4323,14435.9202359113
4324,14440.3524912948
4325,14444.1941398096
4326,14446.9314149851
4327,14453.9277743379
4328,14460.3738612334
4329,14461.8371980213
4330,14463.094908691
4331,14468.109907018
4332,14474.3764058154
4333,14475.2533845461
4334,14483.8724855106
4335,14490.8592436637
4336,14499.7645224595
4337,14503.0057947068
4338,14507.5214508407
4339,14511.6581127391
4340,14513.9906164056
4341,14519.5660258191
4342,14525.764858769
4343,14529.7314177575
4344,14535.9046309639
4345,14538.1031251159
4346,14542.5990953754
4347,14546.9376555364
4348,14555.4654652931
4349,14564.813191699
4350,14571.4153615404
4351,14577.0023659739
4352,14580.9518372143
4353,14585.3637759559
4354,14592.5817897282
4355,14595.3396564419
4356,14598.3459042115
4357,14602.0492343088
4358,14603.4803744131
4359,14606.1696203153
4360,14612.7349394318
4361,14618.8946281565
4362,14622.6270600057
4363,14631.8999245578
4364,14633.2122938404
4365,14635.3760702183
4366,14644.7213057701
4367,14653.1507049137
4368,14659.3480240229
4369,14660.7447636011
4370,14665.5603547878
4371,14672.6180290965
4372,14675.5314782407
4373,14678.1533561619
4374,14684.7796072473
4375,14690.6906982461
4376,14694.6567612273
4377,14698.9583101157
4378,14704.7129682703
4379,14712.204343588
4380,14720.0448763213
4381,14723.6061789715
4382,14729.5963984027
4383,14732.2356295531
4384,14738.6331640667
4385,14743.4290910148
4386,14749.141398945
4387,14755.2831801219
4388,14758.4582951072
4389,14766.0586812244
4390,14770.9096317542
4391,14783.824235832
4392,14785.9036328807
4393,14792.7586898663
4394,14803.3716417286
4395,14807.2337073169
4396,14808.289480864
4397,14810.043725541
4398,14818.313562728
4399,14819.0852398346
4400,14826.6949392231
4401,14832.9478996023
4402,14842.8755244814
4403,14847.3021363498
4404,14850.5955039416
4405,14855.6531213718
4406,14857.6916492467
4407,14870.3932848854
4408,14872.1358280139
4409,14880.6126775193
4410,14888.4829818877
4411,14890.7211588696
4412,14896.370318438
4413,14901.1731828463
4414,14906.199679494
4415,14908.6270480933
4416,14913.6087498696
4417,14922.8291765826
4418,14928.6280435931
4419,14933.2529210253
4420,14939.1610327211
4421,14940.324469659
4422,14952.514423445
4423,14960.5068693215
4424,14964.0735701341
4425,14984.3182035213
4426,14998.9608954588
4427,15005.4307634627
4428,15011.2852791945
4429,15015.1923279177
4430,15027.1069694608
4431,15034.6299502483
4432,15039.1146097312
4433,15049.1172967427
4434,15057.1409225939
4435,15063.0887718821
4436,15066.6465055721
4437,15078.4072714415
4438,15083.4171142528
4439,15088.6508574027
4440,15101.0780389432
4441,15104.9546315879
4442,15112.422959719
4443,15116.645241686
4444,15118.8021628161
4445,15125.7364078734
4446,15130.8478463885
4447,15133.9424717985
4448,15143.2117202592
4449,15148.0320032796
4450,15155.0566680261
4451,15157.3333021604
4452,15177.9060276309
4453,15186.8110286889
4454,15197.7065024196
4455,15201.1787152062
4456,15207.5828116386
4457,15209.8258726609
4458,15218.286357164
4459,15220.4325853569
4460,15227.3308272888
4461,15229.7716581647
4462,15240.9932821907
4463,15247.8323376337
4464,15252.0068533431
4465,15262.2754898605
4466,15267.6732575683
4467,15269.7887228343
4468,15274.6823439714
4469,15284.1336123943
4470,15290.3933321667
4471,15298.0340945965
4472,15305.0135511071
4473,15308.3912691134
4474,15313.8875268257
4475,15317.8802094598
4476,15330.4561957619
4477,15342.4808976368
4478,15348.939765992
4479,15353.2940354991
4480,15353.8514966561
4481,15368.4204290816
4482,15373.9354133626
4483,15379.3707114563
4484,15381.0493097807
4485,15391.8976419138
4486,15397.6374991007
4487,15403.8237854985
4488,15415.3220996293
4489,15417.2718195627
4490,15419.3659600611
4491,15428.3035752974
4492,15436.3581542492
4493,15442.1154875758
4494,15455.3132208372
4495,15461.5997903776
4496,15469.2583616468
4497,15472.6578461601
4498,15474.4554679832
4499,15481.6637959565
4500,15488.9749858415
4501,15492.1389030604
4502,15505.9162177795
4503,15514.21950269
4504,15515.4002285588
4505,15518.8035123931
4506,15524.0693702422
4507,15533.0482134571
4508,15541.6961642478
4509,15547.4754982
4510,15554.9336695355
4511,15564.9929002309
4512,15566.9562504846
4513,15572.7734530601
4514,15578.6361897972
4515,15589.8277198647
4516,15593.8893318077
4517,15598.1491805534
4518,15603.9483506548
4519,15612.7578978779
4520,15624.1309916709
4521,15624.6921340117
4522,15630.3435955807
4523,15645.2486188406
4524,15653.0724911645
4525,15658.2045543064
4526,15662.2470329297
4527,15674.3050494476
4528,15680.9277963391
4529,15684.2516282027
4530,15702.0681967677
4531,15705.4094290904
4532,15714.7169713288
4533,15722.4046596438
4534,15725.4993580642
4535,15751.6711685025
4536,15754.9669672285
4537,15759.5711724283
4538,15766.2774570913
4539,15784.848422223
4540,15789.5200822709
4541,15793.0166021478
4542,15797.9341158623
4543,15803.3701231089
4544,15811.821601313
4545,15817.1413256054
4546,15826.5792777149
4547,15830.6947946537
4548,15832.3820449819
4549,15835.7778605741
4550,15845.8245467187
4551,15847.6149405488
4552,15858.0318998484
4553,15863.4605266168
4554,15870.2065936709
4555,15873.7998022737
4556,15885.3396044117
4557,15893.6299944256
4558,15898.7870895677
4559,15905.499156183
4560,15914.0429315031
4561,15920.9329108049
4562,15924.8548539222
4563,15941.6421118227
4564,15949.907597128
4565,15957.1697248964
4566,15960.1121628867
4567,15976.0032998025
4568,15980.4464796846
4569,15991.5127194794
4570,15998.6913663524
4571,15999.8778750494
4572,16007.2067499912
4573,16015.7044455926
4574,16028.5223014448
4575,16030.7661243272
4576,16040.2425987508
4577,16043.9638839746
4578,16048.9376206487
4579,16057.1952181885
4580,16061.1895348066
4581,16069.8541990114
4582,16072.4160946208
4583,16080.8279406339
4584,16101.7242510771
4585,16110.0023538074
4586,16118.6367164368
4587,16128.3491459788
4588,16134.9734802773
4589,16140.4264252692
4590,16144.6136468325
4591,16149.1705172116
4592,16155.4417732017
4593,16159.0043877079
4594,16168.6190283722
4595,16182.1887151051
4596,16188.5312375615
4597,16195.6435546581
4598,16200.0816064514
4599,16204.1635058928
4600,16212.3627854447
4601,16228.8536007802
4602,16237.7489265608
4603,16244.9367114672
4604,16255.1463137111
4605,16267.3377890127
4606,16277.0004346137
4607,16281.8205189737
4608,16285.2966572259
4609,16294.3862133552
4610,16307.929682814
4611,16316.3727163742
4612,16330.1983783049
4613,16333.8598295104
4614,16338.2820226321
4615,16351.1573461272
4616,16355.7899040932
4617,16361.6461640407
4618,16364.8631390207
4619,16381.5671316213
4620,16395.4535572407
4621,16401.9689306744
4622,16407.9281582702
4623,16417.7615333407
4624,16424.2067627987
4625,16435.8108515334
4626,16442.948556244
4627,16453.2643233469
4628,16464.7817042138
4629,16473.9247959412
4630,16478.8148554199
4631,16495.2542598371
4632,16503.8247541978
4633,16518.3219530965
4634,16524.5819174083
4635,16533.6055253833
4636,16536.3793782057
4637,16542.9131713616
4638,16553.2542079763
4639,16561.5921180584
4640,16565.9580878545
4641,16571.6879442415
4642,16584.3144472546
4643,16593.8213203998
4644,16598.253413413
4645,16600.425177751
4646,16623.3598608505
4647,16637.2218252413
4648,16639.0510274647
4649,16668.2848804632
4650,16681.5445428465
4651,16682.7097877464
4652,16694.8110288776
4653,16704.2669995226
4654,16710.2299945817
4655,16721.1651611404
4656,16736.217855322
4657,16742.422727695
4658,16751.8565090714
4659,16754.9465069654
4660,16760.8619758854
4661,16763.0807105224
4662,16769.3197410974
4663,16777.2427506716
4664,16787.8477316376
4665,16789.836096005
4666,16795.1274221925
4667,16805.9661675301
4668,16814.9993578081
4669,16822.4774590452
4670,16827.6743623999
4671,16840.0126113481
4672,16852.0287269241
4673,16867.0133406414
4674,16867.4568632066
4675,16880.8829521798
4676,16885.044774556
4677,16888.7554867671
4678,16898.3708199163
4679,16906.4422636245
4680,16921.2638651213
4681,16929.9150544964
4682,16939.8699598724
4683,16943.4323158475
4684,16951.2357479067
4685,16978.5790224511
4686,16985.3079970405
4687,16991.7569086959
4688,17003.0641271202
4689,17015.4572556065
4690,17022.0858966491
4691,17028.2174224189
4692,17035.029285866
4693,17063.6757739028
4694,17079.0385306995
4695,17083.6487189462
4696,17092.8377761818
4697,17104.0657975608
4698,17112.1973748395
4699,17132.5110390907
4700,17135.4795804142
4701,17147.8762452023
4702,17157.0909274404
4703,17167.3234617566
4704,17170.4872658189
4705,17177.5547058269
4706,17184.810351887
4707,17202.3515493405
4708,17208.4628964694
4709,17214.0657905711
4710,17254.5702796565
4711,17262.2742223789
4712,17282.7559053619
4713,17295.3614556527
4714,17302.4742949548
4715,17319.3376163909
4716,17322.7888220936
4717,17349.2085359175
4718,17352.9503228533
4719,17361.1081942596
4720,17370.6847940438
4721,17376.5575651976
4722,17379.7748031587
4723,17385.5231974331
4724,17402.4661959386
4725,17414.67349213
4726,17417.0035111889
4727,17422.8918187668
4728,17436.8692365478
4729,17444.5750383376
4730,17471.9201054063
4731,17476.6926936526
4732,17484.5444657969
4733,17502.3329466675
4734,17514.3984323269
4735,17530.8611664535
4736,17550.9801200487
4737,17551.4705741841
4738,17558.6419121746
4739,17562.6136697729
4740,17574.9826280564
4741,17578.9216081373
4742,17585.2067393215
4743,17590.6255764266
4744,17602.4122060116
4745,17605.4456295449
4746,17620.9043120498
4747,17634.1619915914
4748,17659.6568312092
4749,17665.3635704613
4750,17698.4845390553
4751,17700.8709248666
4752,17702.1721794956
4753,17714.28773583
4754,17720.2316563771
4755,17741.8492228114
4756,17769.8243905282
4757,17793.3680365695
4758,17803.9991540417
4759,17821.710722104
4760,17838.5847339354
4761,17848.799214814
4762,17863.5646256617
4763,17876.9121454315
4764,17887.4629670456
4765,17911.1240580351
4766,17917.3572357653
4767,17922.7405215453
4768,17923.2445087233
4769,17958.4611846372
4770,17972.8755117276
4771,17996.1774511782
4772,17999.3749741729
4773,18005.2813879884
4774,18005.701026043
4775,18023.4928585909
4776,18028.5485481037
4777,18032.6786645723
4778,18063.0701682426
4779,18076.2653440054
4780,18083.8857965766
4781,18116.9733699594
4782,18123.1579646603
4783,18152.3365604018
4784,18160.9027655307
4785,18163.7552360742
4786,18215.8667381
4787,18218.5444116468
4788,18219.8424983395
4789,18222.2338953164
4790,18234.8609606316
4791,18248.2794403724
4792,18254.6479056784
4793,18259.3047867427
4794,18260.6319863328
4795,18283.6673137897
4796,18294.0828126373
4797,18315.6337613951
4798,18329.6863264085
4799,18350.0478502043
4800,18397.5751599086
4801,18400.9014723885
4802,18413.7775655106
4803,18431.712175779
4804,18454.3083813304
4805,18465.8457432669
4806,18472.2569798701
4807,18485.9070478797
4808,18489.8441505567
4809,18552.8092696425
4810,18573.6642365652
4811,18596.5730317888
4812,18619.0234106685
4813,18622.9175628958
4814,18629.3533400265
4815,18649.7496858748
4816,18675.2812777225
4817,18704.4973094195
4818,18705.2288785279
4819,18751.1561525536
4820,18830.4863166222
4821,18873.7985049689
4822,18909.4287889131
4823,18975.6450402101
4824,19046.2407817534
4825,19064.2539009839
4826,19069.9785218413
4827,19091.674883381
4828,19096.3627892577
4829,19100.2060748669
4830,19128.646290151
4831,19172.3272736292
4832,19351.7830373091
4833,19436.1848738162
4834,19471.421189377
4835,19533.0702360827
4836,19534.4744066373
4837,19545.6959972203
4838,19566.9544159764
4839,19597.1602900386
4840,19620.9594504442
4841,19702.6791502144
4842,19725.2381630512
4843,19900.7074047464
