# Domain: isosceles_triangle (FEM, paper eigenvalues-head run, dense eig full spectrum)
# Resolution Hmax = 0.06, dofs = 6075
# Computation time: 21.7892 s
n,lambda_n
1,5.00000128658
2,10.0000101823
3,13.0000224423
4,17.0000494832
5,20.000081109
6,25.0001592191
7,26.0001782831
8,29.0002454134
9,34.000395473
10,37.0005085329
11,40.0006421152
12,41.000700456
13,45.0009104131
14,50.0012584459
15,52.0014079404
16,53.0014871981
17,58.0019431549
18,61.0023035804
19,65.0027373613
20,65.0027523012
21,68.0031511736
22,73.0038705483
23,74.004044151
24,80.0050870135
25,82.0054999181
26,85.0060945611
27,85.0062202135
28,89.0070103374
29,90.0072365801
30,97.0090156355
31,100.009895695
32,101.010236469
33,104.011193892
34,106.011740228
35,109.012818903
36,113.01451354
37,116.015400189
38,117.015821052
39,122.018073919
40,125.019144073
41,125.019403155
42,130.021706211
43,130.021770388
44,136.024777984
45,137.025366556
46,145.03019558
47,145.030532687
48,146.030799827
49,148.032058339
50,149.03247854
51,153.035292995
52,157.03792479
53,160.040248222
54,164.043398684
55,169.047501133
56,170.047936553
57,170.04841364
58,173.050784925
59,178.055141447
60,180.057180588
61,181.05879814
62,185.061406356
63,185.062058414
64,193.069645824
65,194.071237723
66,197.074718205
67,200.07797773
68,202.08058143
69,205.083744179
70,205.083953836
71,208.08746808
72,212.092860875
73,218.101040954
74,221.104881794
75,221.106788179
76,225.110653007
77,226.112731828
78,229.117351296
79,232.121219587
80,233.122215969
81,234.124868771
82,241.13581438
83,244.140499179
84,245.142658064
85,250.150039936
86,250.15216252
87,257.164690791
88,260.16938952
89,260.170667742
90,261.171801182
91,265.179722968
92,265.182506609
93,269.187418998
94,272.194421181
95,274.19747141
96,277.203629637
97,281.213852501
98,289.23183146
99,290.234507139
100,290.235888539
101,292.238146586
102,293.242403813
103,296.247894211
104,298.254598799
105,305.270737811
106,305.271630949
107,306.274716493
108,313.298242088
109,314.296393098
110,317.304305964
111,320.311777943
112,325.323575876
113,325.329350412
114,325.330850185
115,328.338669812
116,333.353080427
117,337.365939579
118,338.365695364
119,340.373841665
120,340.376219638
121,346.392858861
122,349.406297851
123,353.417927728
124,356.430432244
125,360.442962811
126,362.453406779
127,365.463943801
128,365.469398136
129,369.475841303
130,370.478854342
131,370.481872152
132,373.488672458
133,377.504584715
134,377.508702626
135,386.545243877
136,388.549140539
137,389.556694751
138,394.578270536
139,397.590860319
140,400.601921242
141,401.611911098
142,404.625280462
143,405.625543907
144,409.646128015
145,410.646841917
146,410.650495993
147,416.67850355
148,421.713874154
149,424.713601521
150,425.71353917
151,425.72227804
152,425.723299399
153,433.755621659
154,436.776959749
155,442.806054813
156,442.817939594
157,445.825715874
158,445.830993078
159,449.844737991
160,450.856464265
161,452.869339721
162,457.894361624
163,458.896023006
164,461.914017705
165,464.92852568
166,466.949799388
167,468.959512189
168,478.011335177
169,482.030777436
170,482.058381052
171,483.039322109
172,486.066829733
173,486.071887555
174,489.091391442
175,491.08972461
176,494.111844323
177,494.123211419
178,501.156748619
179,501.167186159
180,506.191767128
181,506.200558749
182,510.231612183
183,515.262347214
184,521.296573579
185,521.309856255
186,522.31318295
187,523.315639886
188,531.383278259
189,531.38748852
190,534.393564076
191,534.405673048
192,539.444864781
193,542.459884189
194,545.485088515
195,546.496940007
196,546.524963697
197,549.51189068
198,550.528796453
199,555.575976501
200,558.591277565
201,563.629018634
202,566.650656753
203,566.670674111
204,570.699180802
205,578.777438118
206,579.767308402
207,581.796088256
208,581.803383251
209,585.825026767
210,586.839080463
211,586.843154887
212,587.839015116
213,593.902512231
214,594.905684691
215,597.94336862
216,602.989562309
217,607.027729117
218,612.068104841
219,612.072126212
220,614.097481967
221,615.142061362
222,619.140090502
223,627.211850986
224,627.228228448
225,628.259191058
226,630.254413275
227,631.260005156
228,631.295343142
229,636.342481639
230,639.355707409
231,642.380661896
232,643.407996143
233,652.493812493
234,652.508129106
235,652.510836569
236,655.530229369
237,658.568119762
238,659.574309489
239,663.628925974
240,668.691586552
241,675.756691272
242,676.774469714
243,678.791047484
244,679.833255875
245,682.8459852
246,682.866835541
247,687.922372649
248,687.967210052
249,691.950045742
250,691.970194008
251,695.005210882
252,700.033436933
253,700.067817619
254,701.065962311
255,704.13025742
256,709.17549607
257,712.232365124
258,715.262619099
259,723.360753851
260,727.431274712
261,728.412484945
262,728.424197175
263,728.453567208
264,733.488415352
265,733.528964494
266,736.561967026
267,741.625165536
268,743.631985467
269,743.654379766
270,748.708300371
271,748.721706517
272,749.740794523
273,757.836961953
274,757.870904344
275,760.897103336
276,765.016499195
277,768.996216677
278,769.043177898
279,773.087281719
280,776.112357037
281,777.108728686
282,780.180893785
283,782.211251922
284,789.330377527
285,789.355140159
286,792.399673643
287,797.434642295
288,797.476110847
289,798.473556238
290,801.507200661
291,804.594664442
292,805.575717225
293,806.620864052
294,812.704174048
295,813.74950826
296,814.739135127
297,822.906299021
298,824.899110518
299,824.928032494
300,825.910675892
301,834.068952278
302,837.108697464
303,838.126637484
304,846.363534416
305,847.337672582
306,850.330179976
307,850.381877447
308,850.399056596
309,853.408870716
310,855.406956085
311,855.426859856
312,855.513631908
313,858.489676311
314,862.592235153
315,870.722281891
316,870.760630381
317,871.791969997
318,877.881124066
319,878.847305936
320,882.983519833
321,887.053366735
322,890.095902104
323,890.102237547
324,896.167045488
325,896.211000251
326,904.374028597
327,906.428264453
328,907.435488
329,907.476886585
330,910.535203788
331,911.500843886
332,911.51775882
333,915.618918795
334,920.680584284
335,922.771155357
336,928.90845394
337,931.926910658
338,931.992166904
339,932.05975297
340,935.024172918
341,936.035294505
342,939.063529857
343,943.201807256
344,944.17645805
345,948.281190374
346,956.451414963
347,956.498051167
348,960.551056817
349,961.589579089
350,969.766884936
351,969.855322902
352,971.811055712
353,972.839505853
354,972.892405459
355,977.964346849
356,978.019033084
357,984.103872645
358,985.155065839
359,988.179615554
360,989.236562888
361,993.29795415
362,993.365817956
363,994.375426845
364,994.401934223
365,1005.64712329
366,1008.62382123
367,1008.70988505
368,1017.91081789
369,1018.9181484
370,1018.9470963
371,1022.21769842
372,1026.1610754
373,1027.12435463
374,1030.19381327
375,1034.24497171
376,1034.37631678
377,1034.41482353
378,1037.46284292
379,1042.58243
380,1046.5590484
381,1046.72371618
382,1049.68743157
383,1049.77371278
384,1051.76321478
385,1053.83799187
386,1059.01392216
387,1063.11680113
388,1070.24835525
389,1070.31570543
390,1071.31647746
391,1076.41241698
392,1076.45782016
393,1079.54136064
394,1083.58022933
395,1083.67426316
396,1086.73556634
397,1092.9581845
398,1099.04044995
399,1101.03987822
400,1101.1630569
401,1104.2542579
402,1107.3274134
403,1108.38057266
404,1109.36503107
405,1116.49115304
406,1116.60034541
407,1116.63012899
408,1116.7549867
409,1119.68195374
410,1120.66362662
411,1125.87716135
412,1128.86548643
413,1136.16770804
414,1137.16654484
415,1137.20625481
416,1141.30314535
417,1142.32735017
418,1142.36527087
419,1150.55958687
420,1157.80484932
421,1157.86866288
422,1166.02869378
423,1167.10730075
424,1169.12343622
425,1170.22810093
426,1170.27544785
427,1173.24761086
428,1173.34399739
429,1178.41139048
430,1178.52256865
431,1181.54972987
432,1183.616883
433,1183.65408209
434,1185.7257065
435,1195.0678249
436,1198.0417341
437,1200.15825296
438,1203.25031202
439,1203.2646649
440,1206.39548395
441,1207.44324711
442,1215.95905316
443,1216.69343626
444,1219.82601585
445,1219.94085971
446,1224.94294254
447,1228.14842114
448,1232.17250147
449,1235.30988262
450,1235.36239095
451,1239.50581551
452,1240.58662962
453,1241.70374428
454,1244.80949849
455,1248.837688
456,1250.01340187
457,1252.98191969
458,1257.12074392
459,1257.29050909
460,1265.39013553
461,1266.39015777
462,1266.57114184
463,1268.62559418
464,1272.63419089
465,1274.66328772
466,1274.84385572
467,1277.88824253
468,1277.94920976
469,1285.26126059
470,1291.36523624
471,1294.5280447
472,1297.550372
473,1299.69544425
474,1302.75012005
475,1302.85294566
476,1306.95470992
477,1315.47420074
478,1318.23172337
479,1318.47565887
480,1318.66103226
481,1319.85681817
482,1323.7001907
483,1323.77330517
484,1324.72077987
485,1330.98096942
486,1331.85940996
487,1331.95546223
488,1332.87459186
489,1340.37365109
490,1341.35364563
491,1344.25022118
492,1344.51515921
493,1344.59457235
494,1351.85521799
495,1361.19404662
496,1365.18629599
497,1365.30027634
498,1366.24936302
499,1368.35572972
500,1372.52694488
501,1374.74177412
502,1380.81382427
503,1380.94004207
504,1382.01381106
505,1390.30111895
506,1391.33624966
507,1391.50205814
508,1394.52893824
509,1398.76173256
510,1399.70207925
511,1399.71958033
512,1402.88757025
513,1405.85862809
514,1406.98108683
515,1407.14919196
516,1416.42125573
517,1416.55189431
518,1418.62866832
519,1424.70237302
520,1427.8643534
521,1428.29469597
522,1432.13300865
523,1435.35086415
524,1436.27843371
525,1440.32960572
526,1440.52913399
527,1441.3582416
528,1444.81879598
529,1447.91069346
530,1453.14714603
531,1457.19531146
532,1464.61673306
533,1469.79480777
534,1469.88644076
535,1469.98962462
536,1473.04112437
537,1474.98222544
538,1475.1361746
539,1475.22306874
540,1478.3047351
541,1485.51537814
542,1485.67847574
543,1490.78718841
544,1490.91220244
545,1491.81074519
546,1494.91588756
547,1495.23213945
548,1502.51626871
549,1506.53372284
550,1506.67728361
551,1507.60178076
552,1516.10017796
553,1516.96638782
554,1516.9902396
555,1519.2268878
556,1520.21920115
557,1535.84858598
558,1535.99062348
559,1541.22474548
560,1541.68012861
561,1542.35642225
562,1545.29037701
563,1545.61423225
564,1549.86195551
565,1550.88555239
566,1553.82975213
567,1553.96356999
568,1554.13134544
569,1559.22417773
570,1559.50685996
571,1566.70942636
572,1566.84123241
573,1567.53946099
574,1573.87746522
575,1576.45852548
576,1579.20283557
577,1582.42348144
578,1583.49147963
579,1586.41563161
580,1587.8287731
581,1596.06806042
582,1596.29903867
583,1601.27320473
584,1601.4532512
585,1604.57997314
586,1607.63500248
587,1617.07702512
588,1617.16518906
589,1618.22256856
590,1618.42235984
591,1620.48589735
592,1626.68752763
593,1629.93159494
594,1632.99717331
595,1634.21980416
596,1635.35349654
597,1637.28365954
598,1642.52579598
599,1646.91547652
600,1649.94516619
601,1652.05909544
602,1654.3131384
603,1655.42867399
604,1659.23818645
605,1659.28853986
606,1659.81202555
607,1660.14077459
608,1663.68344776
609,1671.21083507
610,1672.13945122
611,1675.34044642
612,1675.6036769
613,1677.70325431
614,1684.85093628
615,1684.96522254
616,1693.49029232
617,1694.46941551
618,1700.8786552
619,1701.98636958
620,1702.14809385
621,1702.99048323
622,1706.31394984
623,1718.93950021
624,1720.25608147
625,1722.3162322
626,1723.30457167
627,1723.50906501
628,1728.48589977
629,1728.69896088
630,1728.8760099
631,1731.71994809
632,1734.83657336
633,1735.99512666
634,1739.01301759
635,1739.14906755
636,1739.46094527
637,1745.60675375
638,1748.6488032
639,1753.94258184
640,1757.16802116
641,1757.60500425
642,1761.4000933
643,1771.0325248
644,1771.09666018
645,1773.18184445
646,1774.37621802
647,1778.24122207
648,1783.5924302
649,1785.95800548
650,1787.07430935
651,1787.43095844
652,1788.30537238
653,1796.06892274
654,1796.68263601
655,1805.41280897
656,1808.56904715
657,1808.94277209
658,1811.62677896
659,1812.12464656
660,1812.56385985
661,1812.91097546
662,1817.27252604
663,1821.63735677
664,1824.3921549
665,1825.07389392
666,1825.76890877
667,1825.91785895
668,1834.41568577
669,1841.68151421
670,1846.05287876
671,1847.11896603
672,1848.05196934
673,1848.3433174
674,1851.28138608
675,1854.49447082
676,1856.48712122
677,1856.92759021
678,1859.79538983
679,1865.63366769
680,1872.47701292
681,1872.81168944
682,1872.99582333
683,1875.85039711
684,1880.29080348
685,1893.09937207
686,1893.90917239
687,1894.48321184
688,1899.47125801
689,1899.6588446
690,1900.24176383
691,1902.75785371
692,1903.16337345
693,1905.90866097
694,1908.40342648
695,1912.27111792
696,1914.73605893
697,1915.78557187
698,1916.14217695
699,1923.26539909
700,1924.31474994
701,1925.923367
702,1928.94935748
703,1934.17857896
704,1937.04398047
705,1937.39090712
706,1937.64791258
707,1937.79701059
708,1941.6330892
709,1950.95048707
710,1951.75826947
711,1954.95551617
712,1959.87074144
713,1961.99884128
714,1967.1125786
715,1975.43523296
716,1976.54587034
717,1978.96024955
718,1979.65736793
719,1983.4877145
720,1985.52311369
721,1986.01394839
722,1989.03360497
723,1993.11438189
724,1993.78901484
725,1996.87240489
726,1997.21202794
727,2001.80823957
728,2002.2972408
729,2006.03133164
730,2009.60667074
731,2011.62223612
732,2018.28807183
733,2019.32344845
734,2019.80383843
735,2020.49216564
736,2028.85524198
737,2029.10403044
738,2031.33005239
739,2031.78683335
740,2031.93716339
741,2045.14277265
742,2046.1560467
743,2049.66891558
744,2049.88731078
745,2053.97456298
746,2055.16622452
747,2057.89237102
748,2061.41561813
749,2061.86530945
750,2066.84313884
751,2067.43718637
752,2071.42452428
753,2080.27609838
754,2081.12616381
755,2082.8877354
756,2083.59579155
757,2088.93989887
758,2090.02702073
759,2093.36799938
760,2098.84221489
761,2100.81742536
762,2105.60227434
763,2106.07657204
764,2107.18656372
765,2110.36757683
766,2110.66493421
767,2115.50595292
768,2116.25312788
769,2116.58493009
770,2119.55493032
771,2122.70436463
772,2123.57979767
773,2128.37672123
774,2133.50550953
775,2136.6366946
776,2141.48379606
777,2142.60986873
778,2148.55254934
779,2148.91227962
780,2150.07378116
781,2152.89351537
782,2157.72605559
783,2158.36580247
784,2166.71981694
785,2167.89898038
786,2175.78266506
787,2176.39420205
788,2176.81983457
789,2186.04935878
790,2189.21497546
791,2189.71625689
792,2192.11338136
793,2192.90623584
794,2194.30309616
795,2197.45699097
796,2197.78216186
797,2197.84057075
798,2198.46965403
799,2201.98213145
800,2204.77807418
801,2206.09102261
802,2211.19133342
803,2212.14145192
804,2215.63500378
805,2220.55447727
806,2221.01878481
807,2227.69884904
808,2228.9516274
809,2237.20427458
810,2239.97455783
811,2240.64165436
812,2241.30643233
813,2246.58563688
814,2250.22642553
815,2251.27594637
816,2253.65740863
817,2257.63592517
818,2258.09461644
819,2264.12705795
820,2270.72293723
821,2273.4849817
822,2275.47819175
823,2275.93195827
824,2277.00557465
825,2285.01229133
826,2289.89595782
827,2291.22918938
828,2291.24852214
829,2291.31614668
830,2294.62396068
831,2297.53665199
832,2300.24178009
833,2302.5106182
834,2306.64772412
835,2307.30020513
836,2308.78347344
837,2310.62813926
838,2317.90803172
839,2320.55921616
840,2329.23029968
841,2330.4204335
842,2332.03393683
843,2333.37920002
844,2334.05066778
845,2334.79127911
846,2335.97692649
847,2342.61880727
848,2343.41704514
849,2343.70096104
850,2346.63542575
851,2346.87348804
852,2355.92731387
853,2360.00468009
854,2363.33049073
855,2368.86449742
856,2373.4985652
857,2375.03653555
858,2378.53243531
859,2379.95199675
860,2382.78188628
861,2386.9005639
862,2395.41079007
863,2395.81547471
864,2396.20942672
865,2399.08410118
866,2400.71421625
867,2403.85636188
868,2405.10609589
869,2405.24020272
870,2405.9207401
871,2411.84814578
872,2412.53207399
873,2421.53360769
874,2422.39701332
875,2423.24484232
876,2424.04069686
877,2426.50597621
878,2429.70161595
879,2434.27944173
880,2434.40001228
881,2435.47824446
882,2437.26575173
883,2444.62317549
884,2449.0528673
885,2449.63478025
886,2453.56831305
887,2458.08349342
888,2465.21463313
889,2469.53060404
890,2475.84592746
891,2476.54547889
892,2477.63361088
893,2480.09587921
894,2482.63265736
895,2483.55669981
896,2484.89385281
897,2486.59523802
898,2488.91961318
899,2492.74690382
900,2502.03540965
901,2504.3673207
902,2505.48397242
903,2505.58320773
904,2506.91145053
905,2507.46326162
906,2511.42351276
907,2511.88512943
908,2520.0643728
909,2523.52404211
910,2524.25241876
911,2528.26708185
912,2528.89044131
913,2529.1578326
914,2531.48923099
915,2538.93649467
916,2541.32725314
917,2545.43919252
918,2546.24617496
919,2546.30070374
920,2554.60780735
921,2556.16249472
922,2558.54601143
923,2564.86297711
924,2572.18757868
925,2572.90955999
926,2573.5252411
927,2574.39687469
928,2575.66452344
929,2576.59881987
930,2583.24561313
931,2583.58106143
932,2588.83432428
933,2591.04266808
934,2593.11062883
935,2604.16960071
936,2610.89643094
937,2612.40072927
938,2612.85674962
939,2613.05457549
940,2615.85257032
941,2618.74007835
942,2623.35492646
943,2624.41054482
944,2625.72103449
945,2630.74412324
946,2631.4527253
947,2636.80961602
948,2637.52782118
949,2638.06681715
950,2638.88856269
951,2640.38513368
952,2642.89623618
953,2646.6485458
954,2649.17405235
955,2651.63949983
956,2652.96699148
957,2662.43487368
958,2662.97120049
959,2666.24328353
960,2668.59189459
961,2671.97790216
962,2676.71363202
963,2680.02893235
964,2680.12876724
965,2682.20105503
966,2685.35065764
967,2689.70445009
968,2691.94553943
969,2700.37501425
970,2703.51538852
971,2705.38212917
972,2717.04920826
973,2717.46844391
974,2721.71346474
975,2723.60346911
976,2725.01910753
977,2725.55404616
978,2726.42919402
979,2727.51324907
980,2729.45843973
981,2731.43827452
982,2733.90210177
983,2734.9884969
984,2735.97136598
985,2738.7689168
986,2742.77846898
987,2748.36389033
988,2750.65185213
989,2753.64410629
990,2755.55447249
991,2757.33684887
992,2762.49777897
993,2765.73347751
994,2771.79133345
995,2774.92241693
996,2775.46241175
997,2780.67113304
998,2781.42212864
999,2782.90828882
1000,2789.62843316
1001,2795.93924865
1002,2797.78771354
1003,2798.22388397
1004,2799.49824268
1005,2802.0313446
1006,2803.48626865
1007,2804.03631127
1008,2810.69332956
1009,2817.52291356
1010,2825.37992713
1011,2826.78656837
1012,2828.60115073
1013,2829.06481294
1014,2829.73541309
1015,2834.88335236
1016,2838.48328928
1017,2839.51885373
1018,2842.13782022
1019,2844.19516113
1020,2845.90874006
1021,2848.81825796
1022,2855.25598312
1023,2859.32742903
1024,2859.89533004
1025,2862.07555127
1026,2865.44919245
1027,2867.12583716
1028,2869.32794509
1029,2872.74341861
1030,2879.92757299
1031,2883.02672844
1032,2883.4453788
1033,2884.75998552
1034,2886.69185975
1035,2889.43172727
1036,2890.39511805
1037,2894.43332497
1038,2897.68411526
1039,2898.77620188
1040,2901.71971569
1041,2904.24277689
1042,2906.30292306
1043,2914.81126638
1044,2916.39367734
1045,2917.82358868
1046,2926.38117496
1047,2933.77832076
1048,2935.84369829
1049,2936.22107994
1050,2936.72634285
1051,2940.52840898
1052,2941.05438701
1053,2948.79593433
1054,2953.68719754
1055,2956.31013367
1056,2961.90189703
1057,2963.89972484
1058,2964.3255715
1059,2968.43157859
1060,2969.07683475
1061,2972.94127393
1062,2973.60365469
1063,2978.29138223
1064,2979.35420356
1065,2979.89898965
1066,2980.77165656
1067,2983.50166206
1068,2987.93187911
1069,2990.67093249
1070,2991.90787517
1071,2992.5390266
1072,2994.72897251
1073,3000.08452879
1074,3002.18997759
1075,3005.9102477
1076,3007.2968186
1077,3013.06178167
1078,3016.77093617
1079,3016.89944442
1080,3020.17276326
1081,3026.00171461
1082,3033.72250568
1083,3036.80344048
1084,3037.67630528
1085,3042.5383569
1086,3047.34141525
1087,3050.61515727
1088,3051.3240859
1089,3051.82317314
1090,3054.95199704
1091,3056.34327288
1092,3062.38130535
1093,3064.8218901
1094,3066.76613733
1095,3068.4604346
1096,3073.76326741
1097,3077.25542479
1098,3078.99175157
1099,3088.69027921
1100,3089.48973147
1101,3091.13189624
1102,3092.97674732
1103,3093.96201828
1104,3097.77681499
1105,3098.84541134
1106,3099.90137145
1107,3104.15952323
1108,3104.78118461
1109,3105.84720197
1110,3110.72914593
1111,3111.23324413
1112,3113.77030659
1113,3122.34320355
1114,3126.39128829
1115,3130.25285182
1116,3131.43450997
1117,3133.17565725
1118,3136.78118053
1119,3138.20603844
1120,3139.45381633
1121,3141.49784445
1122,3149.50815804
1123,3151.68375735
1124,3153.22202261
1125,3154.22639898
1126,3158.60518715
1127,3162.11790983
1128,3164.10910624
1129,3165.04274806
1130,3170.20448602
1131,3172.03305939
1132,3175.68496636
1133,3177.57743752
1134,3183.89003725
1135,3187.49883299
1136,3195.12401432
1137,3197.18974155
1138,3203.1337162
1139,3203.73925159
1140,3207.52656672
1141,3209.49079722
1142,3211.63559061
1143,3212.69626504
1144,3216.43900429
1145,3217.95562908
1146,3219.00317625
1147,3220.65314848
1148,3227.02384894
1149,3228.31192832
1150,3230.39881473
1151,3232.47887335
1152,3233.16492015
1153,3234.77850252
1154,3236.57103252
1155,3245.82462913
1156,3248.57293027
1157,3250.64778163
1158,3253.41791787
1159,3259.02878444
1160,3259.90092769
1161,3262.54840988
1162,3263.86144658
1163,3266.25353179
1164,3270.85397837
1165,3274.60623197
1166,3275.98445386
1167,3277.49491577
1168,3280.88173657
1169,3283.81623867
1170,3290.06624581
1171,3297.25209482
1172,3298.36510007
1173,3300.94579692
1174,3305.90365659
1175,3307.17600596
1176,3311.37294193
1177,3314.70991162
1178,3319.1040159
1179,3319.92497015
1180,3325.11282632
1181,3329.67339905
1182,3331.75884228
1183,3332.17626604
1184,3333.32610253
1185,3335.97820069
1186,3337.65236476
1187,3340.71169662
1188,3341.84893564
1189,3343.60521254
1190,3346.98407139
1191,3348.46707587
1192,3350.30850883
1193,3354.41985818
1194,3363.33344545
1195,3364.3408049
1196,3367.57249043
1197,3369.62594143
1198,3371.74433873
1199,3374.28467688
1200,3376.32383505
1201,3379.28626726
1202,3382.00520979
1203,3385.34505708
1204,3390.60298911
1205,3390.74553859
1206,3394.05925783
1207,3395.95988723
1208,3399.83221777
1209,3403.68931597
1210,3408.48941576
1211,3409.65984654
1212,3412.29620242
1213,3420.11244375
1214,3422.3508294
1215,3423.48861604
1216,3429.93328717
1217,3432.61498178
1218,3435.13181303
1219,3437.47204235
1220,3441.59429953
1221,3442.76781702
1222,3447.93797731
1223,3448.59973204
1224,3450.23327782
1225,3455.6631175
1226,3457.31940401
1227,3458.46098209
1228,3460.70763803
1229,3465.54728656
1230,3468.25612983
1231,3470.22968702
1232,3472.47755781
1233,3473.32078128
1234,3475.06320744
1235,3485.05076131
1236,3488.34456876
1237,3488.77119019
1238,3490.15274226
1239,3492.2024714
1240,3493.07860949
1241,3496.82598769
1242,3499.76830725
1243,3502.52282011
1244,3503.36481612
1245,3504.76668476
1246,3508.17302403
1247,3510.43888778
1248,3514.98446573
1249,3517.1166218
1250,3520.4276192
1251,3523.55962775
1252,3528.02857822
1253,3529.80899858
1254,3532.56156255
1255,3534.05440678
1256,3543.17349498
1257,3543.91949223
1258,3545.57362513
1259,3549.32455605
1260,3553.33782568
1261,3555.00270355
1262,3557.902658
1263,3558.57654393
1264,3561.86889893
1265,3563.34843105
1266,3565.1672804
1267,3567.76826733
1268,3570.18845266
1269,3573.17851127
1270,3577.59691849
1271,3577.74694485
1272,3580.62678292
1273,3582.07456764
1274,3583.93743858
1275,3587.80029582
1276,3590.59300179
1277,3591.37522686
1278,3593.7924343
1279,3595.85885863
1280,3599.85577043
1281,3600.78816077
1282,3604.90948876
1283,3607.39210566
1284,3611.06242648
1285,3611.98731528
1286,3614.07522381
1287,3615.44612527
1288,3617.41188537
1289,3620.50602198
1290,3624.46367351
1291,3629.98616402
1292,3631.11320119
1293,3633.13325042
1294,3634.61591391
1295,3637.28532082
1296,3642.48175155
1297,3642.77515569
1298,3646.27233011
1299,3646.89843893
1300,3648.35973787
1301,3649.77644669
1302,3652.49374035
1303,3653.736912
1304,3654.66645881
1305,3656.89987521
1306,3663.96598644
1307,3666.37236531
1308,3668.4086138
1309,3669.36016514
1310,3670.87937737
1311,3671.29176371
1312,3678.69032712
1313,3680.32465361
1314,3686.04615927
1315,3689.78599215
1316,3692.9888551
1317,3693.73010864
1318,3694.38845665
1319,3701.47305858
1320,3705.36725532
1321,3706.16676517
1322,3707.82463728
1323,3708.79576312
1324,3715.04486803
1325,3715.571473
1326,3718.55023682
1327,3722.23169373
1328,3725.83925069
1329,3728.16619193
1330,3730.61954672
1331,3734.89653549
1332,3735.70714103
1333,3740.76495866
1334,3744.71006418
1335,3745.47175985
1336,3753.04604173
1337,3753.8397267
1338,3759.08462294
1339,3759.56259196
1340,3759.90781431
1341,3768.67851256
1342,3771.4346529
1343,3774.02980774
1344,3780.99303268
1345,3781.14088882
1346,3785.24370622
1347,3792.36514806
1348,3793.58062234
1349,3796.34507732
1350,3796.8101626
1351,3799.44884296
1352,3800.05315718
1353,3803.3947156
1354,3805.34849271
1355,3807.5507566
1356,3808.76442511
1357,3815.15698324
1358,3816.8406847
1359,3824.80913062
1360,3825.24382149
1361,3826.87491985
1362,3835.55256577
1363,3837.38696237
1364,3839.38109922
1365,3842.37442376
1366,3847.65977236
1367,3848.02705763
1368,3851.87780931
1369,3853.57451563
1370,3860.8313872
1371,3864.01899737
1372,3872.53912843
1373,3876.27767199
1374,3877.65339286
1375,3879.81562518
1376,3884.87866242
1377,3886.91222238
1378,3893.85922523
1379,3896.56997285
1380,3900.01236706
1381,3901.18746537
1382,3904.69601336
1383,3912.81028962
1384,3915.9969464
1385,3918.58450979
1386,3922.37645247
1387,3923.7410257
1388,3930.78002218
1389,3931.37263105
1390,3937.1895657
1391,3944.51009733
1392,3947.02719691
1393,3949.04513754
1394,3959.47412466
1395,3960.2829319
1396,3962.42346001
1397,3971.84382555
1398,3974.555986
1399,3980.38484759
1400,3983.64057118
1401,3987.2809962
1402,3987.65141367
1403,3992.10922682
1404,3994.95833238
1405,3999.73000189
1406,4005.33439232
1407,4005.93369939
1408,4011.20496572
1409,4013.11619666
1410,4017.2983299
1411,4021.89242685
1412,4023.55571447
1413,4030.2118657
1414,4032.4152926
1415,4037.58768142
1416,4043.00140987
1417,4050.72841623
1418,4056.5414885
1419,4059.47200874
1420,4061.32178094
1421,4074.89711669
1422,4075.50946287
1423,4079.36917692
1424,4081.75006957
1425,4087.47989572
1426,4088.36092956
1427,4094.45483517
1428,4105.12768805
1429,4106.69572342
1430,4110.55537475
1431,4116.68982192
1432,4120.19224015
1433,4123.85167026
1434,4131.2589235
1435,4133.63936011
1436,4137.91515369
1437,4152.22357774
1438,4153.41753688
1439,4164.51316139
1440,4168.36190763
1441,4176.80055904
1442,4184.16350946
1443,4191.42830579
1444,4197.89120818
1445,4202.12575958
1446,4204.10281383
1447,4210.38325832
1448,4213.76889087
1449,4214.85011499
1450,4221.5685696
1451,4224.0703863
1452,4227.12080649
1453,4231.30417422
1454,4236.93023437
1455,4242.86460293
1456,4247.46986982
1457,4251.00258965
1458,4252.28373618
1459,4253.01468021
1460,4257.96557625
1461,4269.89340228
1462,4272.85656928
1463,4278.04841801
1464,4283.16865181
1465,4287.95371486
1466,4288.6043854
1467,4294.53652306
1468,4296.57845083
1469,4304.93397351
1470,4308.29197917
1471,4315.71687507
1472,4318.03885921
1473,4331.62854131
1474,4338.05021575
1475,4342.91647344
1476,4352.78825636
1477,4355.16855142
1478,4361.93723089
1479,4366.28035689
1480,4367.38747826
1481,4377.34821131
1482,4379.05059206
1483,4381.25622125
1484,4384.2319264
1485,4388.46589913
1486,4389.25840075
1487,4392.97716304
1488,4396.45299484
1489,4400.47115432
1490,4405.63410011
1491,4408.08100072
1492,4409.83973479
1493,4411.49658977
1494,4415.60466827
1495,4420.9634791
1496,4421.89952339
1497,4425.40898669
1498,4431.77970093
1499,4439.02041267
1500,4441.33410407
1501,4444.41180975
1502,4451.47513898
1503,4451.66117992
1504,4453.78804937
1505,4457.41119201
1506,4459.0821124
1507,4466.85239031
1508,4470.92786964
1509,4477.04135137
1510,4479.41863581
1511,4481.58182522
1512,4484.95939872
1513,4485.72534746
1514,4492.12845467
1515,4494.35617073
1516,4497.4890968
1517,4500.16562918
1518,4509.24609426
1519,4511.94162579
1520,4513.88259549
1521,4516.20937573
1522,4518.90408253
1523,4525.55514278
1524,4530.75754381
1525,4534.73789429
1526,4535.65532674
1527,4540.09433136
1528,4545.50185696
1529,4547.69512706
1530,4550.90386665
1531,4555.84391259
1532,4560.83620771
1533,4562.92439971
1534,4566.61717757
1535,4570.51878012
1536,4573.33027342
1537,4577.28234357
1538,4578.7825002
1539,4583.18788576
1540,4584.4614071
1541,4585.57148635
1542,4586.7249081
1543,4596.41327991
1544,4600.29624072
1545,4605.11056155
1546,4606.88294985
1547,4611.04837358
1548,4614.86866305
1549,4615.77128584
1550,4621.33653175
1551,4624.43506491
1552,4625.42277754
1553,4628.7561976
1554,4630.74529018
1555,4637.59203454
1556,4641.72004325
1557,4646.79614177
1558,4649.91368819
1559,4654.91273498
1560,4657.45821994
1561,4658.02958817
1562,4663.27505135
1563,4666.7202837
1564,4668.10844765
1565,4671.3401843
1566,4675.275904
1567,4678.33023096
1568,4684.15024159
1569,4686.48962593
1570,4688.2080047
1571,4692.13939955
1572,4694.39235938
1573,4695.65336056
1574,4697.48959761
1575,4699.40247999
1576,4713.00745714
1577,4716.19967586
1578,4718.73696685
1579,4726.32413002
1580,4727.16900133
1581,4727.68746439
1582,4730.43940473
1583,4734.96217363
1584,4738.90039324
1585,4740.19351995
1586,4741.30349591
1587,4744.24203975
1588,4748.99460502
1589,4756.7564383
1590,4759.59777198
1591,4765.90933926
1592,4769.51499232
1593,4770.08940148
1594,4772.39444584
1595,4774.08292336
1596,4776.44209461
1597,4779.05161787
1598,4780.99218018
1599,4782.42996786
1600,4783.83364279
1601,4789.37488066
1602,4796.47883453
1603,4801.29854539
1604,4804.50406385
1605,4805.92136129
1606,4810.67749772
1607,4813.60985077
1608,4815.08829651
1609,4817.8184965
1610,4822.94411241
1611,4829.46330753
1612,4832.89636602
1613,4835.29998106
1614,4837.06669662
1615,4843.79211051
1616,4847.9783768
1617,4850.74100601
1618,4854.06167798
1619,4858.14625721
1620,4859.81007362
1621,4863.92414306
1622,4867.61254756
1623,4869.66022053
1624,4870.67881934
1625,4876.11370172
1626,4879.23463137
1627,4881.46822293
1628,4887.41104145
1629,4890.29375313
1630,4891.89671263
1631,4894.58252119
1632,4898.50543608
1633,4900.02769487
1634,4900.32718529
1635,4903.57298096
1636,4905.1976242
1637,4911.48218777
1638,4917.05143545
1639,4922.7297075
1640,4927.49128809
1641,4929.27750791
1642,4931.94223467
1643,4934.41299164
1644,4936.14817481
1645,4937.18603164
1646,4942.63482387
1647,4947.99533102
1648,4954.90551414
1649,4958.45581592
1650,4960.37989453
1651,4965.37190973
1652,4973.77529546
1653,4974.52423653
1654,4979.43794362
1655,4982.5318654
1656,4983.44858104
1657,4985.07677405
1658,4986.65018532
1659,4990.60289541
1660,4994.31613456
1661,4999.09296847
1662,5004.28134369
1663,5007.37301959
1664,5010.22585167
1665,5011.52078909
1666,5016.11028806
1667,5019.11908061
1668,5020.84896766
1669,5023.49058085
1670,5024.28190072
1671,5027.56836553
1672,5032.81353813
1673,5036.03622979
1674,5038.70195944
1675,5046.52475121
1676,5048.3379188
1677,5056.18827449
1678,5056.60497915
1679,5059.78564178
1680,5060.68778611
1681,5065.06291016
1682,5067.29185967
1683,5068.79026934
1684,5074.61305509
1685,5082.83904944
1686,5086.01705415
1687,5088.76828323
1688,5090.26328084
1689,5093.49360833
1690,5098.86685178
1691,5100.82307236
1692,5102.06842703
1693,5107.86067287
1694,5109.8419806
1695,5116.96130978
1696,5117.63413781
1697,5119.35824004
1698,5122.92549627
1699,5131.3189722
1700,5137.39366595
1701,5140.17941755
1702,5141.63044556
1703,5145.75388935
1704,5150.72095905
1705,5151.71011027
1706,5153.4788841
1707,5154.91540729
1708,5157.54066553
1709,5159.72290323
1710,5164.67410287
1711,5169.84774858
1712,5175.79008199
1713,5183.21107361
1714,5187.28820033
1715,5187.74137268
1716,5193.91488454
1717,5196.7125442
1718,5197.63325784
1719,5200.18683682
1720,5201.00789648
1721,5206.25993279
1722,5207.7550188
1723,5213.61256032
1724,5214.50334641
1725,5219.38038649
1726,5223.39827893
1727,5226.63432385
1728,5228.32805165
1729,5229.64221399
1730,5232.33253339
1731,5236.68984358
1732,5238.14292917
1733,5245.08854291
1734,5246.04867286
1735,5250.60361373
1736,5251.1021386
1737,5259.11305442
1738,5261.91968386
1739,5264.12072359
1740,5270.7867133
1741,5272.14403545
1742,5274.15919848
1743,5280.9712791
1744,5284.59032488
1745,5293.02450421
1746,5295.93187788
1747,5298.06905394
1748,5302.05354915
1749,5307.76692342
1750,5313.79922199
1751,5317.87830932
1752,5319.72322914
1753,5324.55661261
1754,5327.05388136
1755,5327.54493457
1756,5333.90299069
1757,5334.81829102
1758,5337.05659041
1759,5338.93142232
1760,5343.47913235
1761,5344.7752984
1762,5347.30282333
1763,5352.48720375
1764,5356.01738598
1765,5363.92056241
1766,5366.86652296
1767,5368.01941531
1768,5370.19308145
1769,5373.29045764
1770,5377.88693286
1771,5380.46809409
1772,5384.02893411
1773,5387.44971668
1774,5390.26740689
1775,5390.78601078
1776,5398.04900356
1777,5400.06572924
1778,5406.0862084
1779,5407.00852854
1780,5408.66389872
1781,5415.1295855
1782,5418.3818089
1783,5418.77192146
1784,5420.2648167
1785,5424.14440448
1786,5428.2689002
1787,5435.63599224
1788,5439.93777736
1789,5446.4519329
1790,5448.09509505
1791,5451.60405003
1792,5453.42016156
1793,5458.00813626
1794,5461.16861723
1795,5465.03965897
1796,5472.38031984
1797,5477.28091734
1798,5481.98908404
1799,5484.86597228
1800,5486.00834559
1801,5490.59769314
1802,5495.8481617
1803,5498.22846283
1804,5500.42884002
1805,5501.16970722
1806,5511.16829452
1807,5513.12859773
1808,5516.67780537
1809,5517.35011571
1810,5518.6289459
1811,5520.7146633
1812,5529.26355527
1813,5532.41265308
1814,5533.73338843
1815,5536.02539737
1816,5540.95632172
1817,5546.92360956
1818,5549.96591571
1819,5557.46066141
1820,5558.53001429
1821,5558.73441973
1822,5561.69656274
1823,5564.89026005
1824,5569.44620956
1825,5572.25170589
1826,5577.95867409
1827,5579.44468475
1828,5584.07898592
1829,5586.74789147
1830,5589.37236782
1831,5594.95012031
1832,5598.50150136
1833,5600.1228941
1834,5606.19121396
1835,5606.99529935
1836,5609.81978067
1837,5613.08382436
1838,5614.26210902
1839,5621.22230382
1840,5624.42856725
1841,5629.31085044
1842,5635.68404335
1843,5637.24619437
1844,5642.35977105
1845,5646.32805928
1846,5649.90728651
1847,5652.1630359
1848,5654.85625689
1849,5661.33556082
1850,5662.6376115
1851,5668.03519373
1852,5669.45314276
1853,5672.1058483
1854,5677.2296338
1855,5685.40189482
1856,5690.23998975
1857,5691.4525998
1858,5697.22664186
1859,5701.08035099
1860,5702.10768664
1861,5706.18305695
1862,5706.95246222
1863,5709.86040126
1864,5714.53038149
1865,5719.86937029
1866,5727.4070328
1867,5730.84750319
1868,5732.33778408
1869,5738.20202241
1870,5741.18087346
1871,5747.73660645
1872,5750.11331977
1873,5752.16961678
1874,5755.89317991
1875,5760.59120035
1876,5763.08552265
1877,5765.01060887
1878,5765.89007202
1879,5768.40665728
1880,5771.16060643
1881,5776.69479171
1882,5777.22346637
1883,5781.2085234
1884,5783.80466182
1885,5785.98668784
1886,5787.56868236
1887,5791.10112561
1888,5794.96063743
1889,5806.56641025
1890,5815.18327758
1891,5816.21474317
1892,5818.44703664
1893,5820.62912472
1894,5826.74780576
1895,5828.61435036
1896,5833.28737881
1897,5835.52797855
1898,5838.05656984
1899,5842.74675006
1900,5847.95855407
1901,5850.18364813
1902,5856.13264702
1903,5857.25455235
1904,5862.79725298
1905,5870.53013917
1906,5871.87111119
1907,5878.25696096
1908,5882.63335199
1909,5886.19457576
1910,5887.14418793
1911,5889.78196678
1912,5896.31781748
1913,5899.46605301
1914,5900.91091948
1915,5904.18645584
1916,5906.70047112
1917,5910.75810114
1918,5921.64411184
1919,5927.99811249
1920,5929.4655003
1921,5935.12328341
1922,5936.82912886
1923,5939.05695414
1924,5940.2175392
1925,5945.24236011
1926,5946.62713493
1927,5954.21788877
1928,5956.02310127
1929,5957.51446264
1930,5961.18224994
1931,5962.93699882
1932,5965.32372621
1933,5966.97741173
1934,5971.58994731
1935,5977.28049827
1936,5982.06114489
1937,5988.68238412
1938,5990.19343704
1939,5994.66574001
1940,5998.62673282
1941,5999.55533227
1942,6003.32873764
1943,6004.11097939
1944,6013.63073014
1945,6018.64043097
1946,6020.13380546
1947,6024.4698131
1948,6027.17794808
1949,6031.30845563
1950,6034.00347839
1951,6037.46440871
1952,6039.37424618
1953,6047.51348479
1954,6050.68876722
1955,6051.90694834
1956,6058.82558025
1957,6061.394624
1958,6066.1496168
1959,6067.04877349
1960,6070.67473146
1961,6078.79441543
1962,6084.89339385
1963,6090.22245862
1964,6091.89849738
1965,6095.72167315
1966,6104.60793001
1967,6106.42329034
1968,6111.14902423
1969,6112.95027126
1970,6116.20655725
1971,6123.211429
1972,6124.96193711
1973,6127.51807044
1974,6130.91902091
1975,6133.82215921
1976,6136.40693741
1977,6140.21214254
1978,6140.95885397
1979,6145.78186243
1980,6149.53656609
1981,6151.17888695
1982,6155.53287312
1983,6158.41549863
1984,6160.10759663
1985,6171.79586869
1986,6173.74642004
1987,6176.3256081
1988,6178.10823752
1989,6179.41849202
1990,6184.69581665
1991,6191.98157278
1992,6195.17601336
1993,6199.66901705
1994,6203.09471193
1995,6205.4332701
1996,6213.12538258
1997,6216.68677865
1998,6220.7583492
1999,6222.59660467
2000,6227.51489655
2001,6233.25814414
2002,6235.47150975
2003,6236.35733634
2004,6238.53600947
2005,6243.60579418
2006,6246.98786075
2007,6249.1738695
2008,6255.85060624
2009,6260.24087173
2010,6263.58370519
2011,6264.72763452
2012,6268.39427168
2013,6276.03148881
2014,6277.18375466
2015,6279.97496251
2016,6289.71764777
2017,6291.58058075
2018,6294.40065561
2019,6298.76081389
2020,6303.43662683
2021,6307.25679645
2022,6308.75541974
2023,6318.02692188
2024,6324.17227373
2025,6324.92442902
2026,6331.13726045
2027,6341.27917825
2028,6344.1041605
2029,6347.88851852
2030,6348.41172896
2031,6351.25064792
2032,6351.9556384
2033,6356.88234235
2034,6362.08444123
2035,6363.07143475
2036,6365.93800338
2037,6372.78231897
2038,6375.28172737
2039,6382.04782983
2040,6384.13905354
2041,6386.69000089
2042,6389.43852007
2043,6390.02394811
2044,6390.89577219
2045,6395.65527405
2046,6405.1423414
2047,6411.74663687
2048,6413.30268611
2049,6417.35782135
2050,6418.30132792
2051,6424.82226726
2052,6426.79678686
2053,6429.26828949
2054,6430.80281171
2055,6434.75672914
2056,6439.56234204
2057,6440.91361878
2058,6443.14078723
2059,6448.6498165
2060,6452.69737835
2061,6461.02893819
2062,6464.26422915
2063,6470.29088917
2064,6472.01040961
2065,6479.6050831
2066,6485.03671058
2067,6490.07990145
2068,6494.1532489
2069,6500.69414309
2070,6507.11634259
2071,6509.37896359
2072,6510.57062938
2073,6511.15018361
2074,6517.93984648
2075,6520.46597071
2076,6526.42551607
2077,6529.35505733
2078,6533.29480539
2079,6540.27359409
2080,6544.98560504
2081,6546.16756402
2082,6548.88251301
2083,6553.01425653
2084,6558.02061817
2085,6558.67471611
2086,6564.1154142
2087,6565.49588536
2088,6568.2875871
2089,6571.50301313
2090,6572.79093319
2091,6575.35902844
2092,6580.00573353
2093,6584.70966839
2094,6591.31009524
2095,6599.61452376
2096,6600.63187889
2097,6605.53960948
2098,6614.54455402
2099,6619.7643884
2100,6621.82985089
2101,6624.44553604
2102,6628.49152214
2103,6634.67606572
2104,6636.03253342
2105,6638.72889029
2106,6641.69646155
2107,6642.52174573
2108,6648.37264155
2109,6649.58780089
2110,6656.89478472
2111,6657.71381086
2112,6661.43987462
2113,6664.15538504
2114,6668.77590368
2115,6671.05913231
2116,6673.10368924
2117,6680.29029907
2118,6683.34594903
2119,6687.42180991
2120,6698.23495093
2121,6700.32669841
2122,6707.60520576
2123,6710.61162731
2124,6712.11150722
2125,6715.28734157
2126,6716.92610666
2127,6722.22245482
2128,6725.39145109
2129,6731.08026883
2130,6734.40161445
2131,6742.4029837
2132,6746.23344428
2133,6747.18748076
2134,6754.71299974
2135,6761.3333245
2136,6767.08154316
2137,6774.68431443
2138,6775.38527918
2139,6779.32117558
2140,6786.76726368
2141,6788.80961233
2142,6791.03497943
2143,6794.69534433
2144,6798.66667978
2145,6800.92938777
2146,6807.10222217
2147,6809.79835356
2148,6812.14975085
2149,6817.00238728
2150,6823.18362032
2151,6827.12216141
2152,6829.56374129
2153,6832.16503693
2154,6835.53065809
2155,6840.57549855
2156,6844.04468081
2157,6844.38565868
2158,6847.91570663
2159,6850.5724043
2160,6856.10199663
2161,6860.3815842
2162,6862.4454296
2163,6863.63884059
2164,6870.75092693
2165,6873.50672636
2166,6877.90131841
2167,6887.19454199
2168,6888.92159253
2169,6890.50853279
2170,6894.00730095
2171,6897.55813823
2172,6902.20229609
2173,6905.94190501
2174,6910.42101109
2175,6918.98173685
2176,6923.45448764
2177,6930.04339191
2178,6932.18569521
2179,6933.43471465
2180,6936.73424345
2181,6941.7823045
2182,6944.43450642
2183,6951.24251449
2184,6951.92447102
2185,6963.01547475
2186,6965.78248169
2187,6969.58110179
2188,6973.24952505
2189,6977.96493937
2190,6978.81835305
2191,6984.22476903
2192,6990.86891937
2193,6993.52096009
2194,7002.34797272
2195,7008.02356062
2196,7009.30764047
2197,7012.89271078
2198,7014.94688082
2199,7019.94656348
2200,7025.57045975
2201,7026.19082725
2202,7031.64800618
2203,7038.31592473
2204,7040.33772587
2205,7048.9581841
2206,7052.59745523
2207,7055.24633544
2208,7057.16180934
2209,7060.37354699
2210,7063.28746973
2211,7070.8944161
2212,7072.27364638
2213,7074.71620246
2214,7077.64409069
2215,7079.24391341
2216,7080.70389474
2217,7090.01029338
2218,7090.77466405
2219,7097.99523436
2220,7101.16209758
2221,7104.64584329
2222,7105.96661229
2223,7112.25586266
2224,7116.06328953
2225,7121.32120441
2226,7122.12757531
2227,7126.48180849
2228,7131.86382751
2229,7137.3262841
2230,7139.54498716
2231,7141.49353198
2232,7145.57034617
2233,7151.73227365
2234,7156.79189107
2235,7159.00847518
2236,7163.4292931
2237,7172.73596013
2238,7175.66240702
2239,7179.82688148
2240,7186.16152938
2241,7198.63279044
2242,7200.64704656
2243,7210.08180236
2244,7214.20788277
2245,7215.86749416
2246,7222.009646
2247,7226.0501401
2248,7228.10357743
2249,7232.72609029
2250,7234.4138563
2251,7235.44032234
2252,7239.32069394
2253,7244.5878152
2254,7249.19149637
2255,7253.13582132
2256,7256.69878046
2257,7260.08784013
2258,7260.76185275
2259,7263.13415925
2260,7266.12478536
2261,7272.06688932
2262,7277.03039675
2263,7281.96639693
2264,7289.54741915
2265,7291.16913303
2266,7293.23627508
2267,7295.98859627
2268,7308.79017045
2269,7310.91576393
2270,7312.93730159
2271,7313.70540468
2272,7316.33771159
2273,7321.36140101
2274,7323.83590592
2275,7326.55623099
2276,7333.41581183
2277,7337.98826425
2278,7341.23050322
2279,7346.14882218
2280,7352.06887011
2281,7355.98754079
2282,7358.54158461
2283,7359.56744234
2284,7367.25377314
2285,7367.95495425
2286,7379.78979458
2287,7383.32852614
2288,7389.62355073
2289,7391.3264004
2290,7393.50948068
2291,7398.50830873
2292,7401.56115984
2293,7408.92319427
2294,7410.97681459
2295,7411.99012294
2296,7418.88084875
2297,7424.38322783
2298,7426.24724272
2299,7433.5671141
2300,7437.50996079
2301,7444.23355894
2302,7448.32572935
2303,7453.53134584
2304,7455.50340024
2305,7460.95485954
2306,7464.80357603
2307,7470.06800529
2308,7472.02536851
2309,7476.67249941
2310,7484.57480653
2311,7488.33614008
2312,7491.97272217
2313,7500.27660314
2314,7502.56645588
2315,7504.95631702
2316,7507.51448914
2317,7513.15625511
2318,7518.29260736
2319,7521.68671663
2320,7526.13057803
2321,7528.43942327
2322,7532.01302444
2323,7535.35284849
2324,7542.76583887
2325,7543.13003017
2326,7548.86413533
2327,7551.11852228
2328,7555.60439262
2329,7558.87944422
2330,7561.42026245
2331,7562.49187152
2332,7567.47953501
2333,7575.51366909
2334,7578.51350588
2335,7583.86650549
2336,7587.2755558
2337,7591.03394876
2338,7594.22882516
2339,7599.20687568
2340,7602.12269917
2341,7604.98330582
2342,7607.87807136
2343,7612.93025945
2344,7616.71167348
2345,7628.75317466
2346,7630.32918535
2347,7638.06584023
2348,7644.08155968
2349,7644.60234782
2350,7648.04957602
2351,7650.94703156
2352,7655.83352411
2353,7660.71529471
2354,7662.65028288
2355,7668.18626296
2356,7674.01350469
2357,7684.12971995
2358,7685.51218543
2359,7687.50135735
2360,7698.15944207
2361,7699.52899791
2362,7703.40095318
2363,7710.46279613
2364,7716.58047212
2365,7727.6077653
2366,7731.56291835
2367,7735.6258804
2368,7737.60357527
2369,7740.25535688
2370,7741.5378071
2371,7749.992512
2372,7754.11929076
2373,7756.97508375
2374,7761.23075404
2375,7763.51790667
2376,7765.16781995
2377,7770.23821898
2378,7772.44303338
2379,7776.95082885
2380,7781.75588975
2381,7781.94669254
2382,7783.40007874
2383,7787.66396482
2384,7790.19067596
2385,7803.45377174
2386,7804.78356975
2387,7809.78655573
2388,7812.72885225
2389,7814.77233698
2390,7816.07331577
2391,7824.31588055
2392,7828.95558133
2393,7835.08085337
2394,7836.53333563
2395,7838.80679245
2396,7847.5744908
2397,7852.7159502
2398,7852.93023219
2399,7859.63500342
2400,7860.88053884
2401,7869.40827931
2402,7874.50520875
2403,7879.9481399
2404,7882.18476494
2405,7885.62385646
2406,7888.36087374
2407,7895.60394383
2408,7903.30236893
2409,7905.11364036
2410,7909.4449511
2411,7913.76909857
2412,7922.03758658
2413,7923.60439378
2414,7930.55877163
2415,7931.26606472
2416,7937.91497108
2417,7945.64359842
2418,7947.81748782
2419,7952.62826557
2420,7956.46487467
2421,7958.13337209
2422,7963.67846865
2423,7966.28070297
2424,7970.62703937
2425,7974.34041523
2426,7988.8478266
2427,7997.47771719
2428,7998.85469057
2429,7999.71104369
2430,8003.81097571
2431,8009.03389217
2432,8011.49130146
2433,8016.59579398
2434,8018.34376927
2435,8021.34787244
2436,8022.57447861
2437,8029.9935406
2438,8030.40616775
2439,8034.40291881
2440,8038.64814389
2441,8045.29170244
2442,8051.70096828
2443,8059.14637867
2444,8062.79070251
2445,8065.53397674
2446,8070.20866479
2447,8073.12864573
2448,8074.98550169
2449,8081.17039694
2450,8088.95276042
2451,8091.74545129
2452,8094.31245082
2453,8096.88727495
2454,8098.00578267
2455,8109.25017623
2456,8114.5674933
2457,8115.26830462
2458,8118.57521983
2459,8121.04511524
2460,8124.40246703
2461,8129.10041737
2462,8132.50912647
2463,8134.06637314
2464,8140.79521014
2465,8152.43761674
2466,8155.29480091
2467,8162.51753818
2468,8165.86576206
2469,8168.27325621
2470,8170.28450398
2471,8174.47226734
2472,8179.77554323
2473,8192.10609815
2474,8194.2304123
2475,8199.23719355
2476,8207.55211731
2477,8212.74388078
2478,8216.63858556
2479,8224.71540914
2480,8228.62690866
2481,8232.88882192
2482,8239.6469054
2483,8245.3831622
2484,8250.19903711
2485,8253.00805964
2486,8257.10799509
2487,8259.52444762
2488,8261.64491738
2489,8263.6610126
2490,8265.86448975
2491,8269.26993078
2492,8272.47603484
2493,8274.35150854
2494,8279.25018423
2495,8286.27661465
2496,8290.01730652
2497,8295.39177321
2498,8301.82852516
2499,8306.60574187
2500,8307.56154424
2501,8311.69048028
2502,8318.95476465
2503,8321.68402049
2504,8327.01989987
2505,8331.83682314
2506,8334.03869945
2507,8335.96387077
2508,8340.76778658
2509,8345.44781842
2510,8353.84800086
2511,8359.94287506
2512,8365.07765908
2513,8367.80823984
2514,8370.35986573
2515,8374.10229198
2516,8376.62386902
2517,8378.27233099
2518,8380.40692082
2519,8389.05643377
2520,8393.17229947
2521,8396.17315849
2522,8401.74693762
2523,8410.02868827
2524,8419.05586089
2525,8422.90501181
2526,8427.69931287
2527,8431.95716472
2528,8436.34143472
2529,8443.98286177
2530,8451.63975224
2531,8456.39638597
2532,8459.79714476
2533,8461.66938226
2534,8467.96306961
2535,8470.49621827
2536,8472.01992319
2537,8476.92108599
2538,8482.86882676
2539,8488.0375943
2540,8492.78756461
2541,8499.38844028
2542,8502.83326146
2543,8503.78788393
2544,8512.23125527
2545,8517.47349801
2546,8519.61233031
2547,8525.71674184
2548,8528.10759645
2549,8533.88926601
2550,8536.20045401
2551,8537.31276754
2552,8539.74976275
2553,8541.49322529
2554,8546.69405124
2555,8549.02900661
2556,8556.11256543
2557,8556.55927627
2558,8571.46520572
2559,8578.14385181
2560,8581.25199986
2561,8587.13430567
2562,8593.38488083
2563,8596.92780826
2564,8601.20262185
2565,8606.75309747
2566,8612.26979511
2567,8613.95608526
2568,8621.78137746
2569,8623.27017464
2570,8634.78912235
2571,8637.19917924
2572,8639.40513462
2573,8644.78472003
2574,8648.8268876
2575,8652.80964892
2576,8659.28842611
2577,8663.52445423
2578,8664.11590012
2579,8667.15867125
2580,8671.6543495
2581,8673.78568673
2582,8678.22174589
2583,8679.64917908
2584,8687.64931356
2585,8689.65407267
2586,8693.29013333
2587,8698.55478156
2588,8706.03652924
2589,8706.44587407
2590,8709.60451534
2591,8713.79152434
2592,8719.06349426
2593,8723.57135942
2594,8736.60258611
2595,8738.64201995
2596,8745.64098592
2597,8748.16059944
2598,8753.61184241
2599,8759.22682002
2600,8766.58970399
2601,8769.60907549
2602,8772.03472458
2603,8780.82333009
2604,8782.68019346
2605,8789.56118815
2606,8794.79765263
2607,8801.25909716
2608,8807.31532086
2609,8813.16953264
2610,8814.41398204
2611,8822.38189938
2612,8824.59005395
2613,8828.9373222
2614,8832.75772487
2615,8835.40595156
2616,8844.84394808
2617,8847.30906531
2618,8850.03239018
2619,8855.20614429
2620,8860.40135452
2621,8862.27240864
2622,8866.93411509
2623,8869.89383843
2624,8871.77934884
2625,8874.45797767
2626,8881.93389861
2627,8883.97474501
2628,8889.27739457
2629,8898.15688637
2630,8903.19390298
2631,8911.54023294
2632,8914.57687164
2633,8920.45863934
2634,8921.41461969
2635,8925.65793721
2636,8929.92178936
2637,8934.69637275
2638,8938.36055399
2639,8944.35481131
2640,8946.62908168
2641,8956.541842
2642,8962.74020864
2643,8963.06381614
2644,8966.83183883
2645,8970.40130134
2646,8976.88478281
2647,8985.08832331
2648,8992.14198609
2649,8998.42607895
2650,9001.96265065
2651,9002.90056464
2652,9004.76332092
2653,9012.83979128
2654,9015.96297938
2655,9018.84124202
2656,9020.70960874
2657,9023.64413743
2658,9028.26403109
2659,9031.32175174
2660,9033.87443701
2661,9037.05904807
2662,9042.13927097
2663,9047.27762436
2664,9062.94869113
2665,9070.50647395
2666,9073.5243041
2667,9075.4807761
2668,9079.70694028
2669,9081.44616603
2670,9083.36371923
2671,9087.61720698
2672,9093.08724877
2673,9098.00082295
2674,9100.77511718
2675,9107.72641995
2676,9109.08659059
2677,9114.02683854
2678,9115.03970552
2679,9122.23371934
2680,9127.00834829
2681,9137.51928076
2682,9144.45650545
2683,9150.09063377
2684,9151.78480041
2685,9162.3827533
2686,9166.68695973
2687,9167.55285844
2688,9169.15846285
2689,9172.23979459
2690,9179.37096719
2691,9182.84390778
2692,9188.12697182
2693,9190.10673061
2694,9202.10795126
2695,9205.64240271
2696,9206.71675335
2697,9212.51132074
2698,9216.43096472
2699,9222.08768445
2700,9224.86826867
2701,9227.66551805
2702,9229.67997893
2703,9237.76909941
2704,9243.11336071
2705,9244.83358415
2706,9247.03595343
2707,9255.88518496
2708,9261.36306747
2709,9271.26722957
2710,9278.41812211
2711,9283.14709302
2712,9287.71767197
2713,9291.47662776
2714,9292.79549803
2715,9300.25688174
2716,9306.58744759
2717,9314.22834935
2718,9319.59208345
2719,9326.58872834
2720,9329.40663956
2721,9332.43451952
2722,9338.0327096
2723,9343.2716847
2724,9349.16035591
2725,9352.84255253
2726,9353.34607971
2727,9357.71869443
2728,9367.61092598
2729,9370.84777391
2730,9373.25772369
2731,9381.70428267
2732,9385.49880591
2733,9389.64752065
2734,9390.71697069
2735,9405.27150077
2736,9409.92874653
2737,9414.32736049
2738,9416.04959691
2739,9419.78793044
2740,9422.8672689
2741,9427.28218985
2742,9430.03324882
2743,9433.10833804
2744,9439.9243026
2745,9445.96269045
2746,9447.72103171
2747,9453.13109101
2748,9455.43746966
2749,9460.32437878
2750,9464.5495876
2751,9469.16766619
2752,9474.31705358
2753,9482.67203528
2754,9489.83057367
2755,9495.49204697
2756,9497.46052031
2757,9501.29780153
2758,9505.07288335
2759,9509.85362129
2760,9515.56850803
2761,9520.37310439
2762,9522.03127628
2763,9534.22331968
2764,9536.37984512
2765,9543.60095631
2766,9547.41027805
2767,9552.19966325
2768,9558.38320591
2769,9560.91592855
2770,9567.59352174
2771,9570.54067815
2772,9571.95817921
2773,9575.42599829
2774,9579.06343793
2775,9588.98665522
2776,9590.47139608
2777,9593.26789736
2778,9604.94403865
2779,9607.69799957
2780,9616.99166218
2781,9623.28451762
2782,9629.91774584
2783,9633.72192074
2784,9634.6220248
2785,9637.47733863
2786,9643.22651215
2787,9647.83178152
2788,9651.3533077
2789,9661.4556747
2790,9665.24119954
2791,9666.09092718
2792,9672.41906488
2793,9675.5578727
2794,9677.57404526
2795,9688.5648268
2796,9693.57865593
2797,9694.152408
2798,9702.19084438
2799,9706.58089136
2800,9711.10973894
2801,9715.45464125
2802,9718.84910543
2803,9722.65985253
2804,9725.27004291
2805,9735.54479953
2806,9739.18436443
2807,9743.88338427
2808,9747.86342473
2809,9749.02819675
2810,9755.04205376
2811,9766.957755
2812,9769.60616178
2813,9770.19335897
2814,9774.8821218
2815,9783.11100098
2816,9787.84975255
2817,9793.37749609
2818,9796.19076204
2819,9806.1321632
2820,9808.90163426
2821,9811.18051232
2822,9812.53757104
2823,9818.29107167
2824,9831.5289886
2825,9834.98274964
2826,9838.59791234
2827,9843.72244573
2828,9846.85606828
2829,9848.60186013
2830,9853.35251481
2831,9855.52642744
2832,9866.88058185
2833,9868.35070963
2834,9876.14298765
2835,9881.47049545
2836,9890.79718162
2837,9895.3488696
2838,9900.15078349
2839,9902.51975959
2840,9914.05962543
2841,9918.31138871
2842,9924.66547282
2843,9927.00242888
2844,9928.97591514
2845,9930.40837618
2846,9936.70511704
2847,9944.61609747
2848,9948.53555272
2849,9949.29975725
2850,9950.73488257
2851,9960.05866692
2852,9964.40406678
2853,9970.60860883
2854,9971.42922866
2855,9974.62122741
2856,9981.50288467
2857,9991.21280964
2858,9995.53805453
2859,9997.70246095
2860,10000.7765354
2861,10005.3764524
2862,10012.3248252
2863,10018.3867366
2864,10022.6650646
2865,10032.2212591
2866,10033.0444131
2867,10037.6008528
2868,10047.8278245
2869,10050.0287334
2870,10053.9001924
2871,10055.5272166
2872,10061.7335518
2873,10065.8058581
2874,10067.2596523
2875,10069.9158688
2876,10082.3469315
2877,10089.6424761
2878,10092.7469252
2879,10095.0675919
2880,10100.0406065
2881,10104.7518695
2882,10119.2632039
2883,10122.5696203
2884,10125.1399814
2885,10133.5910219
2886,10136.2779854
2887,10137.5790149
2888,10142.8415768
2889,10145.546063
2890,10147.2484796
2891,10152.9629753
2892,10156.8089466
2893,10165.6962538
2894,10169.8860218
2895,10172.0796342
2896,10178.864303
2897,10181.3481899
2898,10185.7771032
2899,10189.175478
2900,10193.3258185
2901,10203.4324508
2902,10205.4255444
2903,10212.4362714
2904,10221.6720765
2905,10225.3782034
2906,10229.0199726
2907,10238.4037376
2908,10243.6527229
2909,10244.3675545
2910,10250.4468314
2911,10256.8494119
2912,10260.5333168
2913,10266.4968879
2914,10269.3043676
2915,10272.9313212
2916,10277.0507195
2917,10280.9871991
2918,10287.2149047
2919,10288.7143701
2920,10290.7053975
2921,10297.377383
2922,10300.8862665
2923,10303.6600724
2924,10310.7686227
2925,10313.361182
2926,10314.3861639
2927,10324.5412596
2928,10326.8690606
2929,10331.1069469
2930,10337.4254032
2931,10349.0546148
2932,10355.564064
2933,10359.8881017
2934,10366.5817184
2935,10369.6899152
2936,10378.1541601
2937,10388.7971598
2938,10392.8525889
2939,10394.5538981
2940,10397.2376568
2941,10407.8012814
2942,10408.2824544
2943,10411.2355068
2944,10415.5711614
2945,10419.7742029
2946,10423.2293405
2947,10425.0964905
2948,10430.1990156
2949,10437.618345
2950,10441.274462
2951,10450.9435817
2952,10454.9801493
2953,10457.8520189
2954,10462.6667416
2955,10465.7159497
2956,10470.4301251
2957,10476.2802755
2958,10480.1978315
2959,10487.0481385
2960,10488.6037523
2961,10493.5628103
2962,10498.936264
2963,10502.0129479
2964,10506.9671852
2965,10516.5758176
2966,10525.3396255
2967,10528.0729741
2968,10530.863886
2969,10537.5506651
2970,10541.6046816
2971,10542.9665647
2972,10552.8244618
2973,10561.523021
2974,10566.0253085
2975,10568.5082167
2976,10577.6015408
2977,10579.5224967
2978,10581.8958982
2979,10593.169295
2980,10602.7242471
2981,10609.1336405
2982,10610.5016778
2983,10616.0769966
2984,10623.5445322
2985,10625.8010256
2986,10626.902721
2987,10634.892065
2988,10639.6464075
2989,10642.5494283
2990,10647.5380464
2991,10650.6561636
2992,10656.0791483
2993,10664.1737133
2994,10665.7330316
2995,10671.6823149
2996,10677.0034378
2997,10681.4955628
2998,10683.8063015
2999,10689.1486764
3000,10692.6931641
3001,10695.2917438
3002,10700.3023956
3003,10701.4506127
3004,10711.7889179
3005,10718.3122997
3006,10721.1579933
3007,10727.6948632
3008,10737.435358
3009,10741.1543652
3010,10743.034497
3011,10745.6128905
3012,10748.6472453
3013,10758.1098722
3014,10769.855425
3015,10772.7160051
3016,10776.8518901
3017,10781.9057688
3018,10784.0438554
3019,10790.5612393
3020,10796.6055597
3021,10798.955867
3022,10808.6144512
3023,10815.4339112
3024,10817.28908
3025,10827.1881209
3026,10829.1528893
3027,10837.4730805
3028,10842.5000616
3029,10845.2683914
3030,10847.8869789
3031,10855.4894034
3032,10858.1017118
3033,10864.9592087
3034,10865.7621007
3035,10871.5392106
3036,10876.0527675
3037,10877.7131178
3038,10885.1399617
3039,10889.790953
3040,10893.9492519
3041,10899.7793847
3042,10903.9935963
3043,10917.7248168
3044,10918.9809554
3045,10920.9253074
3046,10925.7498395
3047,10931.2514156
3048,10940.2177678
3049,10941.5657776
3050,10947.1705209
3051,10947.8800698
3052,10956.8087572
3053,10965.839784
3054,10971.1998548
3055,10974.8395083
3056,10977.9659088
3057,10981.1667407
3058,10985.9421982
3059,10988.3839596
3060,10998.9758042
3061,11001.8577772
3062,11011.8289324
3063,11016.2096113
3064,11017.9170401
3065,11025.0526437
3066,11027.8352584
3067,11032.2337311
3068,11033.1472193
3069,11047.7331619
3070,11056.8593379
3071,11062.7959935
3072,11067.2095789
3073,11068.4558058
3074,11071.1488045
3075,11080.571379
3076,11085.6438392
3077,11088.2761422
3078,11096.9477452
3079,11100.5732907
3080,11104.5270723
3081,11110.3103482
3082,11115.5865522
3083,11118.20842
3084,11123.0011422
3085,11131.9395187
3086,11132.5616185
3087,11137.0307015
3088,11143.6334131
3089,11147.0086552
3090,11151.6256411
3091,11160.9829322
3092,11169.5668193
3093,11171.2430416
3094,11176.6950975
3095,11177.9882785
3096,11181.6834518
3097,11186.105003
3098,11188.119532
3099,11195.3890929
3100,11203.1584194
3101,11204.2435136
3102,11212.1562268
3103,11216.084685
3104,11219.4717741
3105,11229.0612815
3106,11235.2175005
3107,11242.0129805
3108,11243.9196632
3109,11249.7164773
3110,11252.7355961
3111,11261.5585947
3112,11264.7330616
3113,11273.5284192
3114,11276.3750361
3115,11280.1742053
3116,11282.8102586
3117,11287.0491095
3118,11294.7888372
3119,11299.1826088
3120,11301.216882
3121,11305.3427999
3122,11312.2894959
3123,11319.6124238
3124,11329.6806985
3125,11334.8343647
3126,11337.0334842
3127,11343.7033154
3128,11348.730578
3129,11356.394447
3130,11359.4302126
3131,11362.9813391
3132,11367.030365
3133,11371.9289067
3134,11377.2506804
3135,11381.0819549
3136,11387.0549093
3137,11395.0347661
3138,11398.431814
3139,11400.7482372
3140,11404.8687841
3141,11411.5983441
3142,11416.7108172
3143,11420.2366076
3144,11425.7890581
3145,11431.8023462
3146,11435.6615027
3147,11438.8068836
3148,11444.1249806
3149,11447.7690439
3150,11449.5438023
3151,11455.4408988
3152,11463.0001403
3153,11472.900539
3154,11474.7235453
3155,11477.0924083
3156,11484.6270722
3157,11486.439597
3158,11492.3248786
3159,11498.6124062
3160,11505.6526552
3161,11508.1198025
3162,11510.9981512
3163,11514.6140936
3164,11521.6354292
3165,11525.1949484
3166,11530.5584053
3167,11532.5709015
3168,11538.5734404
3169,11546.7911067
3170,11549.7462416
3171,11557.2969296
3172,11559.776184
3173,11563.975542
3174,11568.3177567
3175,11572.6133612
3176,11577.1173712
3177,11583.6940851
3178,11587.5445326
3179,11589.8689242
3180,11594.6183096
3181,11600.2860013
3182,11608.2433467
3183,11611.7664048
3184,11620.7183908
3185,11624.5295474
3186,11631.2761841
3187,11635.8804577
3188,11647.0160209
3189,11649.768258
3190,11652.640562
3191,11659.0105808
3192,11661.5450257
3193,11668.5136559
3194,11675.1329481
3195,11678.619468
3196,11687.6998737
3197,11689.9593594
3198,11691.8131174
3199,11702.7498863
3200,11711.2732956
3201,11715.4942205
3202,11723.4906457
3203,11727.5852518
3204,11734.9800401
3205,11738.9054417
3206,11742.3772906
3207,11750.0005687
3208,11754.8183739
3209,11761.3776573
3210,11763.6522892
3211,11772.5058839
3212,11775.1872119
3213,11781.4614545
3214,11785.6970688
3215,11788.9689797
3216,11795.6761083
3217,11796.5874834
3218,11803.5945955
3219,11808.1062074
3220,11809.9443955
3221,11814.5424425
3222,11818.5827151
3223,11822.4436725
3224,11826.9093123
3225,11830.600756
3226,11834.297222
3227,11837.8020836
3228,11840.9751646
3229,11847.1885147
3230,11856.3064476
3231,11860.2498281
3232,11865.9172029
3233,11872.3675421
3234,11875.6263658
3235,11881.2459254
3236,11884.0772493
3237,11889.2986168
3238,11894.7359435
3239,11898.8780391
3240,11903.5759062
3241,11912.4697484
3242,11916.7741326
3243,11927.5717927
3244,11929.4523292
3245,11936.4984307
3246,11940.3102065
3247,11944.5414769
3248,11947.3999211
3249,11957.9456574
3250,11962.8667138
3251,11966.3335395
3252,11969.7115423
3253,11973.8882756
3254,11978.9617504
3255,11988.541328
3256,11989.491016
3257,11998.9666043
3258,12005.8710585
3259,12007.1634041
3260,12015.4577526
3261,12022.088319
3262,12027.6973684
3263,12030.2060137
3264,12032.4920426
3265,12040.442874
3266,12048.2716949
3267,12052.9168915
3268,12059.5600685
3269,12063.014977
3270,12063.3817824
3271,12073.7658967
3272,12078.6631902
3273,12086.2552392
3274,12088.423654
3275,12094.4847404
3276,12098.2755866
3277,12100.4706942
3278,12107.7808672
3279,12113.8996252
3280,12116.2900659
3281,12119.6128183
3282,12128.61794
3283,12132.5315957
3284,12137.1474473
3285,12141.5169885
3286,12145.854424
3287,12148.166181
3288,12153.4653473
3289,12162.1485591
3290,12165.2107168
3291,12171.9569517
3292,12174.1208674
3293,12177.5316111
3294,12183.5327905
3295,12188.2300781
3296,12192.5332849
3297,12197.97208
3298,12201.1308766
3299,12203.0603365
3300,12208.4696039
3301,12212.7023115
3302,12219.5334172
3303,12222.5556351
3304,12228.5990478
3305,12232.1100409
3306,12235.3974515
3307,12238.2095462
3308,12244.7220404
3309,12247.8557666
3310,12258.8046599
3311,12267.6520854
3312,12271.0422379
3313,12277.0264789
3314,12282.362069
3315,12285.453896
3316,12291.1002737
3317,12294.1492303
3318,12299.104361
3319,12305.9954318
3320,12312.9100705
3321,12318.043803
3322,12322.9372556
3323,12324.5827766
3324,12334.8883997
3325,12340.2925753
3326,12344.000255
3327,12349.7945588
3328,12356.4994316
3329,12364.6726573
3330,12368.384671
3331,12380.8985437
3332,12386.2045185
3333,12389.5450362
3334,12393.3226204
3335,12396.6828122
3336,12405.962225
3337,12409.6802419
3338,12416.380966
3339,12423.9228381
3340,12425.838667
3341,12430.5064515
3342,12435.3331795
3343,12440.0835121
3344,12444.0884304
3345,12450.0770097
3346,12451.2042138
3347,12463.2617027
3348,12465.2047437
3349,12470.7501924
3350,12472.6614827
3351,12475.940737
3352,12477.6259425
3353,12481.4921332
3354,12488.3294684
3355,12493.6715633
3356,12496.7218523
3357,12501.7168851
3358,12506.2703933
3359,12509.8333556
3360,12515.338569
3361,12521.452901
3362,12523.1620071
3363,12529.4804203
3364,12535.0274669
3365,12540.2054197
3366,12548.8611635
3367,12556.1749737
3368,12561.4598913
3369,12568.1301387
3370,12572.3904918
3371,12574.397143
3372,12579.2409645
3373,12582.2526583
3374,12583.2522026
3375,12596.0897322
3376,12599.4394971
3377,12603.7734158
3378,12611.4607656
3379,12613.528186
3380,12621.3517841
3381,12627.2225408
3382,12636.2210707
3383,12642.030189
3384,12646.4085793
3385,12652.6817844
3386,12654.4370547
3387,12660.5805742
3388,12665.4339074
3389,12670.7105469
3390,12677.3049954
3391,12681.2249526
3392,12687.9755188
3393,12694.0474938
3394,12700.4591039
3395,12706.8652331
3396,12712.0334345
3397,12713.1677725
3398,12719.7455875
3399,12721.7122035
3400,12728.8587669
3401,12733.2778897
3402,12738.4380695
3403,12744.9132206
3404,12747.1304082
3405,12751.3621949
3406,12760.5807109
3407,12766.1669377
3408,12770.2665741
3409,12773.3869282
3410,12779.0786171
3411,12784.6778707
3412,12789.9105139
3413,12797.0421351
3414,12798.8526127
3415,12800.5011604
3416,12811.7543938
3417,12813.9702745
3418,12818.596359
3419,12824.8207715
3420,12828.2797607
3421,12840.7163655
3422,12844.9647744
3423,12849.1848474
3424,12851.1379775
3425,12859.1386272
3426,12865.598861
3427,12870.6924805
3428,12872.9692701
3429,12875.5099581
3430,12883.4777397
3431,12884.5771101
3432,12890.2753826
3433,12897.6539736
3434,12904.1936542
3435,12907.4259352
3436,12911.1867174
3437,12912.9950921
3438,12915.3833129
3439,12919.5650729
3440,12927.6597077
3441,12930.4667908
3442,12931.875192
3443,12939.4609889
3444,12944.2343395
3445,12945.6347722
3446,12949.4576033
3447,12953.3859598
3448,12956.7525606
3449,12960.7670219
3450,12969.1885798
3451,12973.2477384
3452,12979.2929963
3453,12982.5564996
3454,12988.8920409
3455,12991.3349262
3456,12997.5695239
3457,12999.8283897
3458,13009.126789
3459,13013.7811389
3460,13019.6290506
3461,13024.2518153
3462,13026.5117176
3463,13028.6616943
3464,13038.2934318
3465,13050.3550071
3466,13052.2442007
3467,13055.2856698
3468,13057.5979697
3469,13062.5529571
3470,13065.1290741
3471,13069.6717585
3472,13075.1617162
3473,13077.0361209
3474,13084.568653
3475,13089.9524986
3476,13100.769971
3477,13105.1484207
3478,13116.4021531
3479,13123.0013876
3480,13126.7931097
3481,13129.8045545
3482,13137.0082436
3483,13141.3438667
3484,13145.2974423
3485,13149.2487417
3486,13155.1965739
3487,13156.494858
3488,13161.3257387
3489,13170.3429676
3490,13173.8246209
3491,13178.5564407
3492,13179.9153188
3493,13184.3626325
3494,13187.1644438
3495,13195.9760295
3496,13203.0578163
3497,13207.5018185
3498,13213.1039294
3499,13220.6083198
3500,13226.4121993
3501,13228.874091
3502,13235.6454033
3503,13240.375574
3504,13242.705769
3505,13248.4982125
3506,13255.4007593
3507,13257.5932688
3508,13259.1015011
3509,13269.3894677
3510,13273.1556065
3511,13278.9700806
3512,13280.5358747
3513,13288.3706245
3514,13296.3664456
3515,13298.2454258
3516,13306.6113
3517,13308.9715397
3518,13316.6072651
3519,13317.0883034
3520,13319.2856407
3521,13320.6457547
3522,13328.4981694
3523,13338.4655325
3524,13340.248122
3525,13346.5187703
3526,13349.5471628
3527,13355.8747669
3528,13358.2276288
3529,13366.3020877
3530,13368.0553522
3531,13379.0950144
3532,13380.4268064
3533,13382.6164263
3534,13388.4398712
3535,13396.2850335
3536,13400.2786223
3537,13405.1232475
3538,13411.6261579
3539,13413.7917844
3540,13420.7641807
3541,13424.3562842
3542,13431.0047988
3543,13431.4963048
3544,13445.0367203
3545,13447.2580874
3546,13450.5540807
3547,13457.0245397
3548,13458.018731
3549,13465.12029
3550,13469.5123354
3551,13474.5385657
3552,13475.7841272
3553,13485.0335306
3554,13489.9332442
3555,13492.2173476
3556,13499.7703889
3557,13502.4805671
3558,13510.5342455
3559,13511.6499113
3560,13520.1492868
3561,13521.414603
3562,13524.6353366
3563,13530.9812414
3564,13533.9316998
3565,13548.1089158
3566,13551.2712608
3567,13557.0653572
3568,13561.0697011
3569,13562.4395885
3570,13564.0879251
3571,13572.650873
3572,13573.8632834
3573,13575.0847405
3574,13581.0377749
3575,13589.4907059
3576,13597.1424005
3577,13599.3680756
3578,13602.2341215
3579,13609.09479
3580,13614.4547146
3581,13617.494084
3582,13626.66603
3583,13631.8542818
3584,13635.3408459
3585,13640.7549942
3586,13643.5693159
3587,13652.1280755
3588,13655.3220448
3589,13661.1994013
3590,13662.8340343
3591,13669.2782267
3592,13674.381212
3593,13677.1662566
3594,13680.3027009
3595,13685.7207845
3596,13691.7482219
3597,13694.6603702
3598,13698.8135589
3599,13703.9772976
3600,13709.9511607
3601,13712.5158625
3602,13719.4935359
3603,13722.5194289
3604,13728.9079805
3605,13732.5825097
3606,13734.7508327
3607,13741.0260658
3608,13749.0241899
3609,13753.5430561
3610,13756.0892538
3611,13763.1981553
3612,13766.5010776
3613,13774.5684543
3614,13776.2820435
3615,13787.6159336
3616,13792.5987723
3617,13796.165522
3618,13796.8166023
3619,13802.1463019
3620,13804.804653
3621,13807.1785326
3622,13811.9160737
3623,13812.677264
3624,13820.4413509
3625,13828.5114993
3626,13832.5691087
3627,13838.8539968
3628,13847.4852874
3629,13848.8773029
3630,13856.0212151
3631,13859.2775312
3632,13863.5854169
3633,13870.3229907
3634,13872.440208
3635,13874.4128351
3636,13878.6238776
3637,13882.1891101
3638,13886.2062884
3639,13893.5639778
3640,13898.3053107
3641,13900.627411
3642,13903.3910664
3643,13909.0878187
3644,13909.8777791
3645,13917.3433314
3646,13927.6479841
3647,13930.1506169
3648,13934.9023493
3649,13938.2176551
3650,13940.3033596
3651,13950.1340191
3652,13954.4974381
3653,13954.9594481
3654,13963.0214981
3655,13974.1970484
3656,13975.8046829
3657,13984.1235198
3658,13986.1838691
3659,13992.1390248
3660,13995.675143
3661,13998.081655
3662,14002.1642071
3663,14004.5688226
3664,14014.3085308
3665,14019.0267449
3666,14021.7866695
3667,14025.4876111
3668,14029.049189
3669,14034.1991959
3670,14038.9289514
3671,14042.9484774
3672,14047.3035012
3673,14050.1699135
3674,14058.0846572
3675,14062.6005425
3676,14065.528037
3677,14075.4805628
3678,14077.5520985
3679,14079.9604928
3680,14083.4825589
3681,14090.120741
3682,14093.9561507
3683,14097.956914
3684,14099.0792496
3685,14103.2363819
3686,14106.3659958
3687,14110.0944806
3688,14113.198232
3689,14117.2773793
3690,14122.7546122
3691,14126.1595198
3692,14130.9771518
3693,14132.2127627
3694,14137.732397
3695,14140.3943613
3696,14145.1377719
3697,14150.6437167
3698,14152.8516685
3699,14157.9510401
3700,14159.0956407
3701,14161.3862568
3702,14164.4940355
3703,14167.0312082
3704,14171.6907351
3705,14178.1786508
3706,14181.5657317
3707,14184.1206215
3708,14190.0671501
3709,14193.8784861
3710,14197.6978066
3711,14200.9487803
3712,14206.978045
3713,14209.1916336
3714,14216.7764091
3715,14217.8920344
3716,14221.7114652
3717,14231.6651691
3718,14233.0600401
3719,14234.8484189
3720,14242.4762639
3721,14246.6346873
3722,14250.941718
3723,14253.9705822
3724,14260.9146122
3725,14264.5199546
3726,14273.3786114
3727,14278.5073648
3728,14279.6522218
3729,14280.811321
3730,14283.2220863
3731,14287.9171216
3732,14297.4056873
3733,14300.2367122
3734,14302.9456127
3735,14308.8314758
3736,14313.4349857
3737,14315.9891823
3738,14321.3037367
3739,14330.0674634
3740,14332.8352831
3741,14336.7607579
3742,14343.3073564
3743,14344.5884202
3744,14349.1420471
3745,14354.1698558
3746,14359.9094283
3747,14362.7927564
3748,14369.9456619
3749,14375.2196465
3750,14380.7834136
3751,14382.6724546
3752,14389.3396247
3753,14395.4817195
3754,14396.4029069
3755,14401.2598005
3756,14403.2104766
3757,14413.4262089
3758,14417.1763581
3759,14420.1387958
3760,14423.325335
3761,14429.6410902
3762,14434.4731488
3763,14437.3929255
3764,14440.7229351
3765,14444.1756199
3766,14445.7737869
3767,14459.4062168
3768,14462.8590116
3769,14464.819948
3770,14467.4692468
3771,14473.8050263
3772,14474.9314151
3773,14481.8706921
3774,14487.0961265
3775,14490.8900556
3776,14494.0521081
3777,14500.2257127
3778,14505.0899714
3779,14508.2770449
3780,14513.1387249
3781,14516.2503115
3782,14516.5714632
3783,14518.2542375
3784,14525.2786211
3785,14531.1530112
3786,14535.2215556
3787,14535.8033719
3788,14539.8296278
3789,14544.9057882
3790,14549.3488713
3791,14551.5526558
3792,14556.4681325
3793,14556.964344
3794,14562.6929331
3795,14565.9542778
3796,14569.7497078
3797,14572.0398308
3798,14578.0639677
3799,14581.4183517
3800,14584.6594694
3801,14593.7339544
3802,14594.6136472
3803,14600.6669063
3804,14602.5861195
3805,14613.0038348
3806,14621.7558324
3807,14624.2435812
3808,14628.4568072
3809,14634.4328527
3810,14637.3699716
3811,14641.9743289
3812,14646.0503763
3813,14653.6705849
3814,14657.6465861
3815,14664.6062527
3816,14671.0356597
3817,14674.0100177
3818,14677.8830804
3819,14688.2633525
3820,14690.3448852
3821,14698.1993587
3822,14700.751108
3823,14711.0198407
3824,14711.9428553
3825,14717.1972835
3826,14726.6369985
3827,14735.1124781
3828,14740.1579497
3829,14748.5670054
3830,14751.3628461
3831,14758.6470963
3832,14770.2829197
3833,14778.0321495
3834,14782.1291488
3835,14787.5041178
3836,14792.8417513
3837,14797.6083919
3838,14811.5641871
3839,14812.9373298
3840,14822.4196612
3841,14823.1990345
3842,14828.5261785
3843,14834.4672473
3844,14840.9247501
3845,14842.6619483
3846,14851.7509931
3847,14853.3168813
3848,14866.5591131
3849,14869.7165487
3850,14878.7704453
3851,14880.8455414
3852,14882.6044753
3853,14886.6108203
3854,14894.5096016
3855,14897.5684833
3856,14906.0589985
3857,14910.4981896
3858,14910.9460275
3859,14913.6950437
3860,14919.1254041
3861,14924.7948578
3862,14928.6901082
3863,14932.2621201
3864,14936.5851393
3865,14939.5375437
3866,14946.0917905
3867,14949.6532617
3868,14954.4629148
3869,14956.3452275
3870,14966.7477212
3871,14969.5806076
3872,14982.3200259
3873,14986.8511433
3874,14992.8666941
3875,15001.3102468
3876,15009.4327025
3877,15012.4710658
3878,15016.1734252
3879,15030.4645747
3880,15033.1277902
3881,15036.5299742
3882,15040.1423188
3883,15053.2953065
3884,15060.3205551
3885,15062.4132769
3886,15071.9112729
3887,15078.8411778
3888,15086.1850802
3889,15092.7301573
3890,15099.998342
3891,15103.720109
3892,15104.4478742
3893,15115.0952032
3894,15117.7992747
3895,15128.8769986
3896,15133.77688
3897,15138.4263939
3898,15144.8540954
3899,15153.5406918
3900,15158.1655768
3901,15167.8873829
3902,15176.5733958
3903,15189.3883547
3904,15193.3168201
3905,15197.094127
3906,15199.3236232
3907,15202.9501497
3908,15210.7331104
3909,15212.272315
3910,15220.1191313
3911,15224.9277317
3912,15231.405842
3913,15236.4681562
3914,15238.597789
3915,15244.0412438
3916,15252.742217
3917,15258.5548367
3918,15265.2925874
3919,15272.3481626
3920,15276.320825
3921,15281.1151909
3922,15286.4721854
3923,15296.4525819
3924,15303.0128348
3925,15305.1031259
3926,15310.0159659
3927,15312.1244616
3928,15319.1880021
3929,15328.2158492
3930,15329.2049263
3931,15338.0492704
3932,15347.6113383
3933,15355.0320519
3934,15359.1472727
3935,15364.2018253
3936,15367.9973368
3937,15378.4007372
3938,15382.5022656
3939,15391.5453831
3940,15401.3355643
3941,15405.2328016
3942,15416.4126187
3943,15420.0677333
3944,15428.0434877
3945,15432.7085763
3946,15442.5966781
3947,15444.524651
3948,15453.0926171
3949,15458.3363795
3950,15470.0114107
3951,15481.5783078
3952,15486.774365
3953,15491.539612
3954,15502.0367945
3955,15505.4228357
3956,15508.622184
3957,15510.3438208
3958,15518.7889242
3959,15531.3655529
3960,15532.8778212
3961,15537.367471
3962,15544.2809889
3963,15551.663922
3964,15564.9080653
3965,15569.2996777
3966,15576.9708738
3967,15579.3915888
3968,15587.0794029
3969,15593.151629
3970,15596.8418026
3971,15611.7378809
3972,15613.3041391
3973,15621.5706255
3974,15629.0640452
3975,15631.800067
3976,15640.1939337
3977,15646.1179458
3978,15648.0059027
3979,15651.5342297
3980,15668.4436327
3981,15669.8446917
3982,15673.8945768
3983,15675.3721022
3984,15693.0722471
3985,15694.739937
3986,15701.4399247
3987,15705.1962431
3988,15708.092046
3989,15723.2758975
3990,15731.0764998
3991,15735.1190264
3992,15738.8008329
3993,15743.2130044
3994,15753.6074829
3995,15755.4838397
3996,15759.6510029
3997,15767.2622709
3998,15778.3181459
3999,15788.6785092
4000,15801.4320895
4001,15805.3447342
4002,15811.1309144
4003,15814.5780187
4004,15826.068366
4005,15833.6070262
4006,15839.8669103
4007,15846.7937605
4008,15850.7670881
4009,15854.3108784
4010,15860.4047634
4011,15863.1062684
4012,15871.2749267
4013,15885.2822643
4014,15888.4591095
4015,15893.6515932
4016,15901.4621237
4017,15911.209513
4018,15914.2582257
4019,15927.8233382
4020,15933.8134779
4021,15938.4216586
4022,15943.0811485
4023,15957.2917898
4024,15960.913443
4025,15969.6942616
4026,15974.3127267
4027,15976.4879513
4028,15984.0840311
4029,15996.8850984
4030,16005.6171714
4031,16018.7369048
4032,16021.3946687
4033,16029.9015142
4034,16031.6536749
4035,16040.8425964
4036,16050.3764405
4037,16053.7052505
4038,16061.2365375
4039,16063.1599104
4040,16068.9265086
4041,16074.9719754
4042,16077.1752581
4043,16089.4369648
4044,16099.1571572
4045,16103.1826166
4046,16110.4342603
4047,16119.9142854
4048,16122.4700619
4049,16138.0633719
4050,16143.9794909
4051,16147.6218343
4052,16162.3846096
4053,16172.7976995
4054,16177.0357128
4055,16182.9406562
4056,16188.7611743
4057,16194.2046193
4058,16204.816236
4059,16214.3794658
4060,16217.2396316
4061,16222.8332905
4062,16234.1363652
4063,16236.2623548
4064,16241.7303738
4065,16246.0627015
4066,16247.5931051
4067,16256.8824739
4068,16261.4867316
4069,16269.2616949
4070,16276.705617
4071,16287.3234038
4072,16303.285313
4073,16311.4650159
4074,16321.6524704
4075,16327.0125889
4076,16329.7757094
4077,16338.7912583
4078,16346.1275752
4079,16347.0000212
4080,16357.3606993
4081,16370.6070892
4082,16377.3062127
4083,16386.3787221
4084,16394.1031446
4085,16404.7831161
4086,16409.9406729
4087,16416.9802026
4088,16424.5141305
4089,16429.7353369
4090,16438.4642072
4091,16442.7187238
4092,16453.3586176
4093,16455.3179298
4094,16469.4489031
4095,16477.3886362
4096,16489.6898467
4097,16494.7888019
4098,16505.9053116
4099,16514.7751439
4100,16528.5027533
4101,16535.0729283
4102,16542.0493304
4103,16551.1511291
4104,16555.4615719
4105,16562.1006938
4106,16573.2556185
4107,16576.4272909
4108,16587.0941393
4109,16589.6111367
4110,16604.0805175
4111,16609.9533996
4112,16613.79069
4113,16618.0114752
4114,16630.7604661
4115,16632.7021914
4116,16651.5142618
4117,16656.4784757
4118,16662.3991952
4119,16668.9449766
4120,16671.7491179
4121,16683.124142
4122,16696.3548043
4123,16700.1403415
4124,16704.4805127
4125,16715.004981
4126,16720.0761818
4127,16726.5061722
4128,16735.5116695
4129,16739.5488977
4130,16751.4375595
4131,16760.4399648
4132,16764.2155677
4133,16772.1400306
4134,16781.49688
4135,16789.8951079
4136,16794.0646011
4137,16802.5240816
4138,16809.4778297
4139,16816.3234969
4140,16821.6518764
4141,16831.1629717
4142,16844.1539987
4143,16848.7401109
4144,16863.5765469
4145,16870.5011992
4146,16872.6075598
4147,16880.6560528
4148,16888.2021804
4149,16897.998982
4150,16909.2414913
4151,16921.9636825
4152,16925.1726948
4153,16938.1297692
4154,16949.2390642
4155,16956.8365596
4156,16968.0241864
4157,16972.5623889
4158,16979.141494
4159,16981.6890408
4160,16991.3260993
4161,16994.9154193
4162,17005.9247434
4163,17013.9958914
4164,17020.8326336
4165,17027.1647118
4166,17040.289178
4167,17049.7226955
4168,17065.6929047
4169,17070.9552823
4170,17075.2569648
4171,17090.400576
4172,17094.2278631
4173,17110.8853336
4174,17114.2742501
4175,17123.8023493
4176,17131.6076942
4177,17142.4851087
4178,17151.6078515
4179,17162.93744
4180,17169.6803919
4181,17180.5418501
4182,17188.1267585
4183,17198.4694544
4184,17200.1379618
4185,17207.3726063
4186,17213.6904803
4187,17223.1621723
4188,17245.6859381
4189,17252.4933409
4190,17257.9279161
4191,17267.3406028
4192,17271.1999145
4193,17280.175657
4194,17289.158556
4195,17294.9524244
4196,17304.6281136
4197,17316.3486245
4198,17321.5925251
4199,17322.9394848
4200,17345.0540094
4201,17351.1407775
4202,17356.8996496
4203,17367.606906
4204,17372.2660675
4205,17386.6617153
4206,17391.6021249
4207,17402.1134083
4208,17405.6285512
4209,17422.8599107
4210,17426.1557786
4211,17449.8769703
4212,17458.7859403
4213,17464.696645
4214,17469.691639
4215,17475.4024464
4216,17490.6426161
4217,17495.3166326
4218,17507.4754703
4219,17513.4174962
4220,17524.2882586
4221,17535.04716
4222,17548.145496
4223,17556.3401086
4224,17564.819269
4225,17578.8555897
4226,17593.1466611
4227,17599.4230203
4228,17606.6609518
4229,17616.2973392
4230,17626.1062939
4231,17634.1494849
4232,17642.5081859
4233,17649.2589685
4234,17656.0613978
4235,17659.8532105
4236,17674.4429767
4237,17683.4747616
4238,17686.3567483
4239,17702.5657925
4240,17708.3776126
4241,17717.063635
4242,17721.8247428
4243,17740.5126235
4244,17760.3579812
4245,17768.7561119
4246,17776.0641147
4247,17776.6914549
4248,17788.3994974
4249,17802.1150908
4250,17807.1946971
4251,17821.6469932
4252,17829.5961825
4253,17836.5453012
4254,17838.4367279
4255,17856.7271812
4256,17866.1436794
4257,17877.4959292
4258,17890.3028947
4259,17902.6668079
4260,17920.864276
4261,17925.1762832
4262,17946.686466
4263,17947.5139257
4264,17951.7387559
4265,17956.5493746
4266,17975.9932448
4267,17980.8499736
4268,18000.1174016
4269,18006.4976195
4270,18014.3973051
4271,18016.593789
4272,18018.1765707
4273,18041.0750608
4274,18050.9843917
4275,18053.1669094
4276,18071.2051412
4277,18072.9235241
4278,18077.377756
4279,18081.9085471
4280,18106.0064547
4281,18110.4258839
4282,18123.0631007
4283,18129.3658362
4284,18139.7903019
4285,18144.0891596
4286,18144.836436
4287,18166.5493733
4288,18176.8167955
4289,18186.701156
4290,18196.0699306
4291,18200.6664702
4292,18213.7847457
4293,18217.1275322
4294,18227.5251955
4295,18240.1143924
4296,18245.3572998
4297,18253.5764836
4298,18268.1490262
4299,18272.1833581
4300,18284.6358859
4301,18289.2242281
4302,18292.3784679
4303,18307.2052158
4304,18312.0995978
4305,18318.5402553
4306,18342.6500126
4307,18363.5231997
4308,18369.7629162
4309,18381.3402415
4310,18395.0688614
4311,18403.001534
4312,18412.2354423
4313,18417.0772253
4314,18421.2822589
4315,18436.7156716
4316,18443.8847706
4317,18461.0855395
4318,18473.3454483
4319,18489.2397599
4320,18496.005464
4321,18502.486592
4322,18509.2979369
4323,18518.0781942
4324,18521.9876002
4325,18545.6955829
4326,18559.5684458
4327,18565.9249036
4328,18570.3388938
4329,18574.6310746
4330,18587.3944991
4331,18600.7271462
4332,18604.0553216
4333,18625.9333437
4334,18642.8241865
4335,18645.595712
4336,18659.6320051
4337,18664.1561108
4338,18674.9092909
4339,18692.2907535
4340,18694.3521486
4341,18704.537874
4342,18709.5173071
4343,18732.0464214
4344,18749.8639493
4345,18758.6384358
4346,18762.0377245
4347,18777.3737052
4348,18788.1722693
4349,18789.6930538
4350,18803.082232
4351,18818.6878882
4352,18824.8162947
4353,18839.6772536
4354,18848.8315931
4355,18854.7669768
4356,18884.3701576
4357,18889.1578299
4358,18908.3739383
4359,18917.9843117
4360,18925.4947556
4361,18939.5762624
4362,18952.0119889
4363,18966.3891414
4364,18968.8972268
4365,18977.3825899
4366,18998.2882595
4367,19000.9469677
4368,19015.8438267
4369,19027.6691309
4370,19029.0392019
4371,19045.0527193
4372,19067.5016482
4373,19072.1896512
4374,19083.6117384
4375,19109.6557597
4376,19116.3120777
4377,19122.2136446
4378,19143.8074176
4379,19148.13272
4380,19164.0884042
4381,19170.3426147
4382,19182.3820009
4383,19190.0709474
4384,19206.1268677
4385,19215.204804
4386,19231.26329
4387,19238.3814337
4388,19255.2082
4389,19261.8216037
4390,19276.545649
4391,19291.3720649
4392,19303.3537121
4393,19323.7389394
4394,19329.7937803
4395,19337.5273288
4396,19357.1592484
4397,19359.7325847
4398,19360.2264947
4399,19372.8647995
4400,19384.8159666
4401,19399.1617383
4402,19400.204647
4403,19410.2955959
4404,19419.4231217
4405,19432.6195781
4406,19441.0379394
4407,19451.5843299
4408,19470.3979885
4409,19475.9597844
4410,19488.9782339
4411,19499.2422381
4412,19509.4489244
4413,19510.7554601
4414,19516.8387233
4415,19528.2300513
4416,19530.3663514
4417,19540.7153599
4418,19548.0383618
4419,19562.5676769
4420,19573.233523
4421,19580.5357763
4422,19582.6985825
4423,19593.3422857
4424,19618.3528679
4425,19630.9177716
4426,19646.2270107
4427,19647.815232
4428,19654.5714821
4429,19669.3253385
4430,19680.3795027
4431,19704.5208848
4432,19705.4780749
4433,19725.0566706
4434,19735.7899299
4435,19742.6108485
4436,19746.3058084
4437,19756.0229258
4438,19774.1962069
4439,19790.007704
4440,19794.7881935
4441,19810.3294341
4442,19815.6657313
4443,19829.07364
4444,19836.0239867
4445,19845.3081129
4446,19847.9594719
4447,19859.6822393
4448,19871.2997602
4449,19891.2576037
4450,19899.659159
4451,19913.2242197
4452,19930.8525186
4453,19939.6780426
4454,19956.1672314
4455,19962.2073806
4456,19973.7989153
4457,19983.0713271
4458,19985.4970099
4459,19996.9642387
4460,20001.1130356
4461,20007.0295649
4462,20015.164458
4463,20032.7449855
4464,20040.1754641
4465,20055.6560545
4466,20065.1478968
4467,20080.7775484
4468,20087.3628562
4469,20108.9361069
4470,20121.7208946
4471,20125.034111
4472,20147.3310135
4473,20159.9173408
4474,20174.9130786
4475,20181.8212622
4476,20189.7893496
4477,20210.4388072
4478,20215.3014457
4479,20225.2999136
4480,20234.6049974
4481,20241.5189751
4482,20262.7195872
4483,20280.5083914
4484,20301.4231258
4485,20321.9053605
4486,20334.7134806
4487,20341.3783758
4488,20366.7637039
4489,20372.1343106
4490,20379.2556304
4491,20382.3761121
4492,20396.6273642
4493,20406.5400087
4494,20413.3612208
4495,20421.4470644
4496,20438.4602894
4497,20448.8305345
4498,20469.3295382
4499,20471.3662776
4500,20484.1918019
4501,20485.2293301
4502,20490.3923797
4503,20513.9577889
4504,20525.784055
4505,20528.8989922
4506,20540.0968522
4507,20549.248194
4508,20566.9824336
4509,20580.5962948
4510,20594.4963344
4511,20597.9976056
4512,20620.5148334
4513,20626.701643
4514,20639.9655695
4515,20653.6730883
4516,20659.0705156
4517,20682.4901597
4518,20706.4636061
4519,20711.7159876
4520,20727.9921807
4521,20730.3954193
4522,20758.7554948
4523,20763.430821
4524,20776.9364707
4525,20784.3561505
4526,20796.5065051
4527,20799.094877
4528,20810.0553902
4529,20837.1980883
4530,20838.8957736
4531,20850.3463969
4532,20861.1105714
4533,20868.4769278
4534,20877.4741686
4535,20880.4948492
4536,20905.9249533
4537,20915.6272155
4538,20918.319749
4539,20936.2199323
4540,20945.9037549
4541,20951.7982147
4542,20960.2358536
4543,20971.4761245
4544,20980.0612094
4545,20992.8942287
4546,20996.9621691
4547,21005.8290167
4548,21014.4604746
4549,21028.3049513
4550,21032.341255
4551,21039.7775873
4552,21065.1044777
4553,21072.605673
4554,21092.1583329
4555,21097.4119163
4556,21106.5537775
4557,21117.6631671
4558,21120.2969432
4559,21146.2568686
4560,21150.8401618
4561,21171.5637837
4562,21181.5521609
4563,21186.9009431
4564,21194.8357999
4565,21201.9388614
4566,21209.7086304
4567,21228.1822958
4568,21233.8587087
4569,21242.9020648
4570,21252.2253377
4571,21264.5123737
4572,21269.4932111
4573,21288.3617203
4574,21295.222799
4575,21302.0644732
4576,21307.3073388
4577,21320.367895
4578,21324.4813442
4579,21332.0658685
4580,21344.8865632
4581,21364.0059021
4582,21368.8324606
4583,21382.2169711
4584,21397.5205967
4585,21406.5344757
4586,21407.8697734
4587,21423.7094947
4588,21431.671397
4589,21441.7645221
4590,21444.4097317
4591,21452.4682405
4592,21453.4374501
4593,21457.588699
4594,21469.8146745
4595,21483.344346
4596,21496.5283766
4597,21501.9308325
4598,21508.6008538
4599,21514.8382108
4600,21516.6531995
4601,21524.0154168
4602,21530.1506416
4603,21540.4626411
4604,21548.926504
4605,21555.6188372
4606,21563.1564563
4607,21571.1910427
4608,21576.4525349
4609,21591.6909405
4610,21596.2731571
4611,21601.1522273
4612,21613.8727013
4613,21620.5594398
4614,21621.4826285
4615,21625.8496851
4616,21636.5396909
4617,21642.5429119
4618,21644.8316664
4619,21654.4853911
4620,21659.2604117
4621,21672.4677613
4622,21676.7150178
4623,21679.9357324
4624,21684.551563
4625,21693.6077913
4626,21700.7500389
4627,21702.2675616
4628,21708.166951
4629,21714.9038232
4630,21720.401582
4631,21725.4659706
4632,21734.0118806
4633,21740.6869968
4634,21741.961776
4635,21750.2401285
4636,21754.7114684
4637,21760.3991656
4638,21764.2973152
4639,21773.7653229
4640,21777.1042043
4641,21781.2964213
4642,21784.7438098
4643,21791.429401
4644,21800.266942
4645,21801.8181901
4646,21803.6867205
4647,21808.0698514
4648,21812.9101553
4649,21821.5230811
4650,21828.9843668
4651,21831.2924348
4652,21835.2843414
4653,21839.7172338
4654,21847.6811151
4655,21852.515954
4656,21856.7853963
4657,21859.2772712
4658,21862.2047121
4659,21867.1139396
4660,21870.5780194
4661,21873.0851713
4662,21875.7959934
4663,21885.4120345
4664,21888.3720941
4665,21891.8193811
4666,21894.5589219
4667,21900.810588
4668,21902.0302862
4669,21904.6096029
4670,21908.9394875
4671,21913.4116764
4672,21918.7819853
4673,21922.003781
4674,21925.2804364
4675,21927.9159894
4676,21929.3333756
4677,21935.1745971
4678,21938.7448093
4679,21940.4785316
4680,21950.0475854
4681,21952.7189039
4682,21953.1928938
4683,21959.1640353
4684,21962.1157469
4685,21964.6597959
4686,21967.5884679
4687,21971.1626365
4688,21973.2611496
4689,21974.3246522
4690,21976.3615656
4691,21979.9798311
4692,21983.0916329
4693,21985.7477747
4694,21986.1976335
4695,21990.1930653
4696,21993.3596149
4697,21996.3793544
4698,21999.9288501
4699,22003.3716219
4700,22005.9004876
4701,22008.2397005
4702,22010.3152915
4703,22013.5518843
4704,22017.4004026
4705,22020.632841
4706,22022.7808904
4707,22026.0928114
4708,22028.0094676
4709,22030.5903504
4710,22032.4545994
4711,22035.0617642
4712,22035.8713787
4713,22039.5642323
4714,22041.3084276
4715,22044.2094479
4716,22050.8826211
4717,22054.4226602
4718,22057.4621033
4719,22060.7558263
4720,22062.0507973
4721,22065.3789513
4722,22067.5271419
4723,22070.5172121
4724,22074.1420286
4725,22075.3567715
4726,22079.1888023
4727,22080.8474289
4728,22082.9925428
4729,22086.9117816
4730,22088.1409942
4731,22092.2803672
4732,22093.0635439
4733,22097.3808916
4734,22097.8170765
4735,22103.5243522
4736,22104.4214448
4737,22107.4701862
4738,22108.5141512
4739,22110.9924183
4740,22112.9732543
4741,22114.7803212
4742,22115.8245333
4743,22117.5061934
4744,22120.825122
4745,22123.905317
4746,22126.306652
4747,22127.5919411
4748,22128.7835082
4749,22131.7876632
4750,22134.2450437
4751,22138.0569811
4752,22138.4672863
4753,22140.0097845
4754,22143.290661
4755,22147.9280922
4756,22148.6500938
4757,22151.4332499
4758,22153.120495
4759,22153.8432871
4760,22157.3200239
4761,22160.5412344
4762,22164.5008303
4763,22165.5747343
4764,22169.6985932
4765,22170.6226786
4766,22171.6213347
4767,22173.5020118
4768,22177.4311308
4769,22179.631714
4770,22180.3915668
4771,22182.2846773
4772,22184.2366152
4773,22187.7012662
4774,22193.7563087
4775,22196.2973161
4776,22198.3506582
4777,22199.1961785
4778,22201.0886926
4779,22202.254878
4780,22206.5314047
4781,22209.4682914
4782,22210.3505816
4783,22213.1968261
4784,22213.9229959
4785,22217.3079007
4786,22219.5859304
4787,22222.2255222
4788,22224.4716288
4789,22227.04674
4790,22231.0302198
4791,22232.8011254
4792,22233.8436122
4793,22234.5836219
4794,22238.2646947
4795,22240.0020872
4796,22241.5088981
4797,22242.9829556
4798,22245.3351848
4799,22249.4180468
4800,22250.5172845
4801,22252.8357911
4802,22253.0045793
4803,22255.0282693
4804,22257.339149
4805,22259.8551162
4806,22263.0471663
4807,22265.180243
4808,22267.4713906
4809,22269.7273709
4810,22270.5653248
4811,22275.4679431
4812,22276.2765929
4813,22277.6665075
4814,22279.5920559
4815,22282.0690887
4816,22284.7900958
4817,22286.7978824
4818,22290.9782892
4819,22292.2257812
4820,22293.6820298
4821,22295.3957773
4822,22298.6750451
4823,22299.019454
4824,22302.3389563
4825,22303.1805726
4826,22305.3465345
4827,22308.3675423
4828,22309.1741746
4829,22312.263414
4830,22312.6695627
4831,22316.6858718
4832,22318.9479397
4833,22319.7847345
4834,22320.7046387
4835,22325.7988412
4836,22326.8542263
4837,22327.9061697
4838,22331.699577
4839,22333.0884098
4840,22334.6013852
4841,22335.6757007
4842,22339.8370611
4843,22340.7308031
4844,22342.496718
4845,22344.1737689
4846,22345.2377607
4847,22349.6381281
4848,22351.4375379
4849,22352.1921699
4850,22355.2131966
4851,22357.1699442
4852,22359.9469948
4853,22363.6899819
4854,22364.6930095
4855,22368.2516328
4856,22370.047073
4857,22371.0468178
4858,22374.2108738
4859,22376.6224751
4860,22378.5984317
4861,22381.1012168
4862,22382.3308437
4863,22385.7804808
4864,22390.9064093
4865,22393.8171385
4866,22395.6810132
4867,22398.3119176
4868,22401.4620007
4869,22405.8186433
4870,22408.1874074
4871,22408.6505154
4872,22411.8677046
4873,22417.1855144
4874,22418.726638
4875,22419.837698
4876,22422.5172077
4877,22426.376212
4878,22429.9979967
4879,22431.5326718
4880,22433.3144507
4881,22438.3437844
4882,22440.3758898
4883,22444.4509372
4884,22448.8484027
4885,22451.8465341
4886,22454.1518102
4887,22455.4803256
4888,22457.7205554
4889,22462.0628501
4890,22466.1208201
4891,22469.2434863
4892,22472.6794696
4893,22473.1945841
4894,22474.2015447
4895,22477.7939863
4896,22479.8947871
4897,22485.9331902
4898,22489.3485542
4899,22492.6433255
4900,22495.5173232
4901,22495.9545847
4902,22504.2069227
4903,22508.8391062
4904,22512.7101728
4905,22515.3310748
4906,22517.3601449
4907,22520.2013071
4908,22523.6705539
4909,22525.915144
4910,22528.8075796
4911,22532.427925
4912,22535.5864042
4913,22537.0561812
4914,22540.0484264
4915,22542.1107519
4916,22543.981016
4917,22549.5010145
4918,22550.0674274
4919,22552.6666133
4920,22554.9895171
4921,22558.0299505
4922,22561.8872404
4923,22567.6794671
4924,22569.7060517
4925,22572.4854234
4926,22576.5491442
4927,22580.4595211
4928,22584.1969011
4929,22588.9019838
4930,22591.7673263
4931,22594.1403572
4932,22595.6830376
4933,22601.4268224
4934,22605.1799751
4935,22609.8855891
4936,22610.3680244
4937,22613.1693583
4938,22615.8698283
4939,22620.2504445
4940,22622.6737582
4941,22623.9357414
4942,22625.0351208
4943,22629.2763796
4944,22634.9070975
4945,22640.8182191
4946,22645.6315338
4947,22647.3944707
4948,22650.8845343
4949,22656.4039014
4950,22659.6015444
4951,22667.1277229
4952,22668.7671948
4953,22672.6406968
4954,22675.8703227
4955,22684.0875856
4956,22684.6360742
4957,22685.2855883
4958,22689.1432115
4959,22689.7907707
4960,22694.2879581
4961,22697.1027175
4962,22702.4253251
4963,22705.6246107
4964,22707.1485611
4965,22714.4362699
4966,22718.0798635
4967,22719.2687948
4968,22725.2958932
4969,22728.3445967
4970,22730.1023623
4971,22733.9286092
4972,22736.7996492
4973,22739.3256565
4974,22741.404399
4975,22745.5115417
4976,22748.3340156
4977,22753.5585018
4978,22761.138424
4979,22762.0502338
4980,22766.5859233
4981,22769.6249665
4982,22771.8780923
4983,22775.9937862
4984,22783.680865
4985,22786.3006337
4986,22786.8622142
4987,22790.36094
4988,22793.626082
4989,22797.3521297
4990,22799.7005644
4991,22806.084845
4992,22807.8269783
4993,22813.8612243
4994,22817.7972034
4995,22819.5353832
4996,22823.6617597
4997,22829.1771505
4998,22830.9453202
4999,22841.7158597
5000,22843.0177632
5001,22846.4056106
5002,22848.8859334
5003,22852.3933198
5004,22859.1987798
5005,22863.255734
5006,22867.7627
5007,22872.3450402
5008,22876.1981813
5009,22879.1509622
5010,22886.8515138
5011,22890.7974309
5012,22891.5643879
5013,22896.2517981
5014,22900.4591374
5015,22902.7821089
5016,22907.8955362
5017,22914.5040896
5018,22919.1677972
5019,22922.4444477
5020,22929.086095
5021,22936.36866
5022,22939.4768198
5023,22941.788599
5024,22944.5912241
5025,22950.1974663
5026,22955.1307456
5027,22956.4629273
5028,22961.9148209
5029,22964.7924929
5030,22968.1036982
5031,22971.0727241
5032,22975.5485601
5033,22979.4955745
5034,22985.125447
5035,22989.3229974
5036,22991.2824035
5037,22993.3989865
5038,22997.8011977
5039,23004.312394
5040,23005.6049655
5041,23014.9483582
5042,23019.1191334
5043,23023.1540576
5044,23024.4801127
5045,23032.5216305
5046,23033.6012376
5047,23038.1238995
5048,23043.1183785
5049,23046.8386037
5050,23049.86343
5051,23052.488978
5052,23056.6666261
5053,23060.9971708
5054,23065.7468539
5055,23068.8022339
5056,23071.2924923
5057,23076.8423051
5058,23080.6947767
5059,23089.9217229
5060,23094.7795767
5061,23098.0887176
5062,23102.0288578
5063,23113.563502
5064,23118.306095
5065,23118.9612782
5066,23122.3960221
5067,23124.8423204
5068,23132.6907063
5069,23133.7066438
5070,23137.8019558
5071,23138.9152052
5072,23141.2183698
5073,23145.4789905
5074,23152.151077
5075,23156.7804214
5076,23163.1784116
5077,23164.8417632
5078,23167.7523175
5079,23170.5205861
5080,23179.1021741
5081,23182.3951938
5082,23183.9694764
5083,23189.781369
5084,23192.0151502
5085,23197.3533991
5086,23200.7210433
5087,23205.513543
5088,23208.0460344
5089,23215.6724701
5090,23220.5714858
5091,23226.6926094
5092,23231.688116
5093,23237.7586461
5094,23244.9424397
5095,23247.2272418
5096,23249.0284803
5097,23256.0379344
5098,23257.7286208
5099,23269.1538592
5100,23271.9870637
5101,23275.0966688
5102,23279.7388539
5103,23283.5620133
5104,23286.7536012
5105,23292.1022619
5106,23300.0249119
5107,23303.3166765
5108,23308.8155177
5109,23311.8305819
5110,23317.58738
5111,23318.521939
5112,23325.9262655
5113,23328.7811578
5114,23335.3716105
5115,23342.5241984
5116,23349.4902259
5117,23352.6795915
5118,23355.3488289
5119,23358.6552693
5120,23362.9740915
5121,23371.3001925
5122,23378.2230493
5123,23384.0645755
5124,23387.1302072
5125,23389.2268492
5126,23399.3120991
5127,23401.6334565
5128,23404.6495801
5129,23409.3016725
5130,23415.2333378
5131,23418.6270667
5132,23420.2742436
5133,23426.9143884
5134,23429.0173722
5135,23434.6790858
5136,23436.3813205
5137,23439.1843037
5138,23443.3478432
5139,23449.9638299
5140,23456.9979986
5141,23461.2204433
5142,23467.0735918
5143,23471.3064989
5144,23474.304438
5145,23481.3338569
5146,23482.8037989
5147,23487.5038096
5148,23494.7923351
5149,23503.9961045
5150,23506.5936523
5151,23512.7514783
5152,23513.4227551
5153,23521.8439588
5154,23529.6610813
5155,23534.9753786
5156,23540.29896
5157,23550.7330748
5158,23554.2786203
5159,23558.7037929
5160,23562.1770106
5161,23566.0716963
5162,23573.3473869
5163,23575.4063628
5164,23580.167789
5165,23583.2133367
5166,23587.4177222
5167,23594.7630089
5168,23597.0343787
5169,23599.1592997
5170,23611.6984114
5171,23618.1590374
5172,23627.0577502
5173,23629.8877203
5174,23634.9004798
5175,23642.0587764
5176,23647.1227914
5177,23652.0694806
5178,23653.2002274
5179,23661.8734515
5180,23663.4646752
5181,23670.7459461
5182,23679.3364907
5183,23680.6572771
5184,23685.4152263
5185,23687.6908765
5186,23695.5281388
5187,23698.9582121
5188,23699.7079034
5189,23703.6165373
5190,23708.5487225
5191,23713.851275
5192,23721.9032188
5193,23722.8122486
5194,23734.9218647
5195,23737.5686594
5196,23746.2363281
5197,23748.1312169
5198,23754.4741587
5199,23760.8332357
5200,23770.3557334
5201,23772.9108966
5202,23776.8728397
5203,23784.9887042
5204,23790.4677195
5205,23801.2172525
5206,23803.4324842
5207,23807.0893331
5208,23813.2766682
5209,23816.2245989
5210,23822.7006138
5211,23826.9471981
5212,23837.8864678
5213,23838.9916939
5214,23840.9039225
5215,23849.9748482
5216,23854.3586634
5217,23860.0175111
5218,23873.6328308
5219,23876.0112987
5220,23881.0553369
5221,23884.9469757
5222,23889.6184502
5223,23897.2392775
5224,23904.3099554
5225,23909.0584179
5226,23913.1735359
5227,23916.5746868
5228,23921.1248622
5229,23927.4160642
5230,23934.8331727
5231,23937.279979
5232,23946.1282173
5233,23952.5860786
5234,23960.3503363
5235,23962.4756801
5236,23965.790373
5237,23973.6876307
5238,23977.4358665
5239,23984.5591473
5240,23989.858908
5241,24001.7644209
5242,24007.8871385
5243,24012.127636
5244,24014.1800324
5245,24016.4564797
5246,24019.1441103
5247,24032.2195327
5248,24037.675514
5249,24041.827718
5250,24051.1580838
5251,24054.4543108
5252,24059.7374481
5253,24066.9465187
5254,24073.5306529
5255,24077.517183
5256,24084.7694419
5257,24095.7211564
5258,24102.4438915
5259,24108.0648778
5260,24112.4930111
5261,24118.6638246
5262,24119.3473187
5263,24124.1827854
5264,24132.0896695
5265,24140.2553108
5266,24142.0109203
5267,24147.1374857
5268,24158.0175883
5269,24160.6181809
5270,24168.0602624
5271,24175.8262934
5272,24178.9033899
5273,24184.2884382
5274,24195.2084175
5275,24196.7624722
5276,24206.4915156
5277,24212.1229832
5278,24215.679858
5279,24226.045901
5280,24231.3462776
5281,24235.3445378
5282,24241.4988118
5283,24249.897965
5284,24251.8673406
5285,24256.5492357
5286,24257.3982279
5287,24263.0240853
5288,24268.2891297
5289,24273.2115758
5290,24283.6522803
5291,24292.7810649
5292,24294.6919802
5293,24302.8768684
5294,24305.2372048
5295,24309.6018805
5296,24311.5419437
5297,24315.7748192
5298,24324.3461944
5299,24329.1809405
5300,24335.9061282
5301,24349.8868323
5302,24354.6567832
5303,24355.6801248
5304,24371.2622548
5305,24376.4861423
5306,24378.9122009
5307,24384.6438095
5308,24393.0751874
5309,24395.4632654
5310,24400.3293748
5311,24411.1391623
5312,24417.3508994
5313,24423.7171452
5314,24430.4590848
5315,24434.8450012
5316,24445.6115201
5317,24450.0444165
5318,24457.1713151
5319,24465.7195057
5320,24474.2758397
5321,24479.2944498
5322,24486.6582901
5323,24497.6461966
5324,24504.4293285
5325,24508.1675666
5326,24510.7944205
5327,24517.7559073
5328,24524.1110754
5329,24530.1749105
5330,24540.972822
5331,24544.4240885
5332,24547.9737598
5333,24555.039434
5334,24560.8108048
5335,24566.1468756
5336,24571.7972476
5337,24574.91747
5338,24585.8864774
5339,24588.354325
5340,24601.8558948
5341,24609.7721895
5342,24613.628084
5343,24619.2802562
5344,24622.0222527
5345,24630.7135692
5346,24637.250237
5347,24643.6490512
5348,24647.3739813
5349,24656.7957654
5350,24663.1368442
5351,24669.7373154
5352,24676.8993111
5353,24682.4628994
5354,24685.2430056
5355,24694.5364808
5356,24697.8473049
5357,24706.1669144
5358,24710.1195491
5359,24714.3768976
5360,24717.8177801
5361,24721.9779633
5362,24732.2404155
5363,24737.6683326
5364,24742.4877855
5365,24756.7679797
5366,24765.8379301
5367,24770.574013
5368,24778.3832217
5369,24787.284604
5370,24788.7115237
5371,24793.7346471
5372,24804.9213494
5373,24812.8267507
5374,24821.5187046
5375,24826.0469091
5376,24835.7809848
5377,24837.6164206
5378,24846.9498316
5379,24851.9706416
5380,24861.8666928
5381,24864.1500208
5382,24870.0626552
5383,24877.293043
5384,24882.6812793
5385,24890.9769207
5386,24894.9674531
5387,24907.0281303
5388,24907.3910472
5389,24910.0277284
5390,24920.3648036
5391,24924.0893106
5392,24935.0349844
5393,24941.0844536
5394,24948.109015
5395,24959.1608423
5396,24960.9938877
5397,24965.6827106
5398,24971.7049314
5399,24976.1494898
5400,24982.7734212
5401,24987.7727414
5402,25001.724719
5403,25011.156801
5404,25013.8180121
5405,25022.4339462
5406,25035.9266593
5407,25041.6181014
5408,25045.4495644
5409,25047.7190811
5410,25060.6039231
5411,25061.6958564
5412,25068.5913279
5413,25083.3444061
5414,25087.6830093
5415,25089.0870922
5416,25098.6863424
5417,25107.8381306
5418,25115.6924317
5419,25128.6585008
5420,25131.5659345
5421,25143.1258709
5422,25148.9182195
5423,25153.00041
5424,25170.7070131
5425,25171.8715233
5426,25175.7418848
5427,25184.8267965
5428,25192.6677279
5429,25201.0774888
5430,25208.3416122
5431,25211.12392
5432,25220.2457317
5433,25224.9419206
5434,25225.2984318
5435,25234.1084049
5436,25249.862845
5437,25258.5010371
5438,25262.3610516
5439,25275.0577188
5440,25283.9039623
5441,25290.2880823
5442,25295.3300513
5443,25309.3242752
5444,25314.1344462
5445,25320.5024076
5446,25338.5249955
5447,25341.8674862
5448,25350.112875
5449,25362.0939202
5450,25368.1420337
5451,25374.8922542
5452,25385.3655687
5453,25390.8338293
5454,25400.8453624
5455,25405.4856752
5456,25407.0165509
5457,25411.2886199
5458,25417.5439102
5459,25434.1475459
5460,25444.1176053
5461,25449.2570829
5462,25454.5995185
5463,25464.2003708
5464,25472.7507905
5465,25477.2697129
5466,25481.8083788
5467,25502.9938764
5468,25509.2780334
5469,25515.455763
5470,25523.8676942
5471,25535.4773268
5472,25541.0431076
5473,25544.4770192
5474,25549.7457786
5475,25566.3893949
5476,25567.916312
5477,25578.6348521
5478,25585.4428142
5479,25591.411637
5480,25601.0236859
5481,25609.2982928
5482,25619.0833852
5483,25627.0309822
5484,25635.4286493
5485,25637.7374808
5486,25645.859725
5487,25651.4206289
5488,25668.0660783
5489,25680.8543811
5490,25682.2816592
5491,25687.3994108
5492,25703.7344852
5493,25707.9317033
5494,25717.9064283
5495,25722.7900549
5496,25733.9706751
5497,25737.7926313
5498,25747.2026759
5499,25756.4188997
5500,25757.6625328
5501,25770.0442957
5502,25781.5112673
5503,25784.6128729
5504,25796.7331266
5505,25804.7419947
5506,25810.0438582
5507,25814.9469882
5508,25830.7748169
5509,25834.7548817
5510,25841.8685948
5511,25849.4288752
5512,25856.2424678
5513,25861.2834761
5514,25868.1479196
5515,25875.7612841
5516,25898.2315033
5517,25900.9396801
5518,25904.6435078
5519,25910.031863
5520,25913.4187866
5521,25923.8725492
5522,25932.4228223
5523,25940.8175105
5524,25943.9829673
5525,25948.678794
5526,25957.701612
5527,25963.913398
5528,25974.006955
5529,25977.0589933
5530,25989.0449753
5531,26000.1323154
5532,26001.9648677
5533,26008.334107
5534,26033.744096
5535,26035.7926142
5536,26042.4081952
5537,26051.0919387
5538,26064.9241001
5539,26068.8457812
5540,26078.6719113
5541,26081.0938589
5542,26095.0384456
5543,26107.9426715
5544,26118.4482184
5545,26121.2997897
5546,26128.6397783
5547,26140.5619404
5548,26154.4609158
5549,26156.6232051
5550,26164.3897325
5551,26169.2019439
5552,26182.0573657
5553,26193.525605
5554,26203.2876497
5555,26209.0417363
5556,26213.7807395
5557,26221.5698039
5558,26226.8879952
5559,26236.8862712
5560,26250.2099786
5561,26254.1736218
5562,26260.3844962
5563,26267.9845351
5564,26285.1653989
5565,26289.9464565
5566,26298.3947566
5567,26314.1989924
5568,26316.941982
5569,26318.969477
5570,26339.8883769
5571,26343.6461832
5572,26347.8653436
5573,26359.6917383
5574,26371.6241728
5575,26373.6420857
5576,26386.9717043
5577,26394.4648731
5578,26406.2050585
5579,26414.0399509
5580,26420.3555098
5581,26428.6934768
5582,26436.5951987
5583,26446.4436825
5584,26451.1581451
5585,26465.8174491
5586,26471.4493975
5587,26490.8709291
5588,26500.8553082
5589,26510.0828297
5590,26522.7983873
5591,26528.8277226
5592,26536.884792
5593,26558.683001
5594,26566.1118377
5595,26572.8276181
5596,26576.2241588
5597,26587.016248
5598,26592.7134821
5599,26595.5773887
5600,26598.2551995
5601,26614.177364
5602,26622.7547163
5603,26637.9626726
5604,26643.1923514
5605,26652.5939066
5606,26661.1024353
5607,26669.4525469
5608,26676.2207812
5609,26684.6559185
5610,26694.5655516
5611,26701.4910723
5612,26709.4915848
5613,26712.3302996
5614,26724.5717646
5615,26736.4970879
5616,26759.3952211
5617,26769.1363496
5618,26771.737054
5619,26787.7981143
5620,26793.7206197
5621,26805.9031196
5622,26813.7268542
5623,26828.1978974
5624,26836.7965003
5625,26847.0132299
5626,26852.3278729
5627,26855.5429858
5628,26872.6909209
5629,26878.9201686
5630,26885.207766
5631,26897.5912973
5632,26908.6438175
5633,26913.4950196
5634,26914.5607672
5635,26932.5234557
5636,26942.3379025
5637,26945.4826649
5638,26957.0170387
5639,26966.6303408
5640,26969.4921761
5641,26984.1309216
5642,27008.670463
5643,27018.2622431
5644,27020.5376123
5645,27037.6668968
5646,27039.2202724
5647,27045.1505496
5648,27063.1814493
5649,27065.8216083
5650,27071.9313978
5651,27089.9514835
5652,27096.3442156
5653,27100.9939269
5654,27107.7013243
5655,27112.3832915
5656,27119.8790437
5657,27136.6583459
5658,27149.2565088
5659,27157.2300484
5660,27161.9043976
5661,27172.3515906
5662,27178.2966981
5663,27198.6888804
5664,27214.7050538
5665,27227.2796253
5666,27231.3551251
5667,27242.3432624
5668,27257.0640288
5669,27267.6123492
5670,27270.4813316
5671,27276.4081209
5672,27280.8610107
5673,27291.5880306
5674,27299.5395094
5675,27303.2540862
5676,27317.7318981
5677,27328.981022
5678,27335.3246233
5679,27343.5114316
5680,27364.5376953
5681,27371.9081645
5682,27381.4742865
5683,27384.2755092
5684,27390.5894766
5685,27402.2070662
5686,27417.7661456
5687,27425.1981233
5688,27439.0874931
5689,27444.9934279
5690,27459.7628725
5691,27479.2815606
5692,27486.2567632
5693,27500.6163135
5694,27503.7495459
5695,27516.2588681
5696,27520.6112673
5697,27531.8693064
5698,27546.3171879
5699,27557.259951
5700,27569.8013361
5701,27574.745695
5702,27591.6162743
5703,27594.376332
5704,27618.5498242
5705,27623.6898298
5706,27639.2080049
5707,27644.8654145
5708,27661.0266588
5709,27668.6070696
5710,27675.0708503
5711,27690.4694192
5712,27701.1253673
5713,27718.7276386
5714,27729.2399026
5715,27738.4334778
5716,27754.5269303
5717,27766.2390407
5718,27775.5650882
5719,27779.9777516
5720,27791.5488383
5721,27803.913374
5722,27811.2993739
5723,27818.2454539
5724,27842.8452947
5725,27860.2691058
5726,27866.9712808
5727,27873.6254514
5728,27881.77542
5729,27901.4370048
5730,27909.728084
5731,27916.3271507
5732,27926.9578897
5733,27936.6612797
5734,27947.8098283
5735,27951.3938353
5736,27967.5027925
5737,27979.9524987
5738,27999.1771549
5739,28008.9742991
5740,28026.2367711
5741,28033.235816
5742,28041.4393481
5743,28048.9392724
5744,28070.134004
5745,28079.5909841
5746,28090.1342569
5747,28106.7491901
5748,28113.6539126
5749,28134.1257555
5750,28138.9419043
5751,28160.4189136
5752,28173.6918021
5753,28185.0750114
5754,28199.7444221
5755,28202.8536763
5756,28222.0149433
5757,28228.8002506
5758,28244.1360184
5759,28256.1563893
5760,28261.0966075
5761,28281.5770353
5762,28289.2845087
5763,28299.049021
5764,28309.7450102
5765,28322.2281258
5766,28334.839115
5767,28338.1075518
5768,28341.9100311
5769,28376.3666124
5770,28387.2787872
5771,28392.8759834
5772,28409.1222333
5773,28411.8926173
5774,28427.9317955
5775,28439.3857522
5776,28448.5292922
5777,28461.6662767
5778,28469.5690192
5779,28485.7772804
5780,28500.106232
5781,28505.4339164
5782,28518.5437399
5783,28526.215381
5784,28543.5176835
5785,28561.9138267
5786,28571.1682249
5787,28574.2171924
5788,28588.7439837
5789,28614.499649
5790,28616.3391473
5791,28628.5034037
5792,28636.6119727
5793,28660.633315
5794,28669.2759787
5795,28670.8798477
5796,28689.1032152
5797,28696.1414741
5798,28701.5038128
5799,28732.8360097
5800,28746.5621294
5801,28763.3242418
5802,28777.0666738
5803,28783.8898943
5804,28799.9210135
5805,28811.7607196
5806,28824.9245195
5807,28841.3492489
5808,28860.9881055
5809,28866.5809485
5810,28868.850297
5811,28869.5395993
5812,28877.4784238
5813,28890.4706147
5814,28898.9157489
5815,28916.7734801
5816,28933.5271622
5817,28947.2483832
5818,28954.8268343
5819,28968.8319773
5820,28983.1206134
5821,29003.0452011
5822,29011.0394069
5823,29020.4942041
5824,29035.1232157
5825,29046.4665061
5826,29047.4832805
5827,29070.8030538
5828,29093.614949
5829,29104.9505601
5830,29109.8290386
5831,29124.2138106
5832,29131.9510368
5833,29144.8663107
5834,29159.8523937
5835,29162.1358546
5836,29172.4695065
5837,29185.6976569
5838,29198.0392302
5839,29227.5377345
5840,29236.4243338
5841,29240.5635755
5842,29260.3713884
5843,29287.8681415
5844,29292.6756942
5845,29301.9804663
5846,29314.4512954
5847,29327.3699195
5848,29334.8141464
5849,29346.0596013
5850,29348.3636781
5851,29373.5209644
5852,29392.5668465
5853,29399.8845466
5854,29413.2220388
5855,29449.0728533
5856,29460.7502652
5857,29477.0279275
5858,29491.5318118
5859,29496.9388902
5860,29510.6465056
5861,29537.6454377
5862,29540.6688406
5863,29563.908081
5864,29571.3712684
5865,29588.833911
5866,29597.1445528
5867,29607.1426912
5868,29630.8154788
5869,29642.5022613
5870,29652.2646375
5871,29660.7261598
5872,29679.6765127
5873,29700.3242661
5874,29714.3959531
5875,29741.316333
5876,29763.5980015
5877,29771.538537
5878,29781.6992725
5879,29799.6837582
5880,29808.4896458
5881,29834.0919838
5882,29856.4544123
5883,29860.5562099
5884,29862.2934843
5885,29871.7043289
5886,29884.1460467
5887,29893.2150212
5888,29915.8350687
5889,29923.9319137
5890,29931.4341942
5891,29945.5475021
5892,29966.1337392
5893,29980.1077428
5894,29992.4604002
5895,30011.4732417
5896,30021.5243935
5897,30037.3129618
5898,30044.4547789
5899,30061.2519989
5900,30071.39775
5901,30079.9120496
5902,30094.3402679
5903,30111.9655944
5904,30122.5218309
5905,30136.1320175
5906,30142.810439
5907,30146.7489336
5908,30152.0549255
5909,30206.6340695
5910,30218.3794266
5911,30225.4957367
5912,30248.4705408
5913,30268.082996
5914,30280.449636
5915,30293.8365713
5916,30301.941071
5917,30312.4116699
5918,30338.466558
5919,30347.7889901
5920,30385.5233834
5921,30416.7870319
5922,30425.822235
5923,30439.8538363
5924,30454.3162795
5925,30466.5692593
5926,30488.9190571
5927,30503.7019532
5928,30522.9206266
5929,30546.217348
5930,30553.8596732
5931,30571.981195
5932,30597.0204969
5933,30612.4728407
5934,30620.5579787
5935,30641.2322107
5936,30654.9877176
5937,30663.8125466
5938,30691.0167514
5939,30698.2818667
5940,30733.7291451
5941,30759.3036276
5942,30762.6121798
5943,30773.0177681
5944,30789.4588639
5945,30803.4001312
5946,30812.5300636
5947,30829.3098116
5948,30847.0752945
5949,30875.1396888
5950,30884.8000893
5951,30891.3616946
5952,30903.6506788
5953,30909.8149042
5954,30919.9136174
5955,30940.4231755
5956,30946.608065
5957,30979.0323282
5958,30990.8424699
5959,31003.7987777
5960,31012.2171813
5961,31052.2745586
5962,31059.6429542
5963,31064.3002193
5964,31084.3279915
5965,31106.7313383
5966,31122.00956
5967,31163.4936716
5968,31183.6938139
5969,31204.404772
5970,31217.3409131
5971,31252.8320302
5972,31255.4751484
5973,31270.8354419
5974,31281.4826408
5975,31303.6093095
5976,31313.8789258
5977,31331.2969361
5978,31355.2327225
5979,31362.2166056
5980,31375.4370376
5981,31400.453829
5982,31411.8424502
5983,31421.5323681
5984,31450.0883996
5985,31472.1977529
5986,31478.0523654
5987,31501.9427266
5988,31522.0514043
5989,31535.6729032
5990,31550.9792854
5991,31576.4504372
5992,31592.870786
5993,31605.3489602
5994,31609.0742977
5995,31650.4968882
5996,31670.1894788
5997,31682.0243983
5998,31702.4858416
5999,31742.396033
6000,31753.2036955
6001,31784.30259
6002,31787.7366034
6003,31805.7749035
6004,31840.5154367
6005,31853.4049467
6006,31873.0839225
6007,31879.0543781
6008,31909.910239
6009,31914.748506
6010,31948.9783317
6011,31958.4559046
6012,31969.3086488
6013,31994.9457599
6014,32024.3486936
6015,32041.0601796
6016,32078.712928
6017,32088.7490077
6018,32100.0481344
6019,32129.5812335
6020,32147.2556894
6021,32160.3953777
6022,32215.4587934
6023,32248.7152759
6024,32267.0309931
6025,32302.612569
6026,32332.4192579
6027,32353.2987147
6028,32382.7564226
6029,32400.8974865
6030,32436.6919405
6031,32441.5517702
6032,32461.2465492
6033,32477.3240386
6034,32495.9126391
6035,32505.0083754
6036,32572.2192529
6037,32589.8868604
6038,32614.1689733
6039,32626.3243089
6040,32656.1915225
6041,32690.7574151
6042,32699.9455977
6043,32716.9714224
6044,32722.7422196
6045,32780.3752484
6046,32791.9876794
6047,32834.4435188
6048,32851.8705579
6049,32877.7044547
6050,32967.5579938
6051,32982.5632957
6052,32991.5955002
6053,33057.9252016
6054,33067.4178697
6055,33104.0485459
6056,33159.3161079
6057,33211.6793122
6058,33260.7467935
6059,33521.6250718
6060,33594.1814105
6061,33716.2278601
6062,33967.0966159
6063,33986.0150196
6064,33994.0166104
6065,34008.8986171
6066,34026.8402366
6067,34057.4697674
6068,34267.6760644
6069,34631.2625473
6070,34724.8800967
6071,35013.0517247
6072,36869.4493456
6073,37109.4310673
6074,47057.976922
6075,47436.3704089
